SAMPLE_ID,protein_z_RPPA,mutations,protein_level_z_CPTAC,mRNA_RSEM,mRNA_Diploid,log2,Altered,STAG2,variants,mRNA_Normal,protein_level_CPTAC,protein_z_CPTAC,CNA,protein_RPPA,mRNA_all
TCGA-02-0001-01,,NP,,,,0.076,0,0,NP,,,,0,,
TCGA-02-0003-01,,WT,,,,-0.071,0,0,,,,,0,,
TCGA-02-0006-01,,NP,,,,-0.052,0,0,NP,,,,0,,
TCGA-02-0007-01,,NP,,,,-0.184,0,0,NP,,,,-1,,
TCGA-02-0009-01,,NP,,,,-0.058,0,0,NP,,,,0,,
TCGA-02-0010-01,,NP,,,,-0.094,0,0,NP,,,,0,,
TCGA-02-0011-01,,NP,,,,-0.199,0,0,NP,,,,-1,,
TCGA-02-0014-01,,NP,,,,-0.041,0,0,NP,,,,0,,
TCGA-02-0015-01,,NP,,,,-0.042,0,0,NP,,,,0,,
TCGA-02-0016-01,,NP,,,,-0.097,0,0,NP,,,,0,,
TCGA-02-0021-01,,NP,,,,-0.037,0,0,NP,,,,0,,
TCGA-02-0023-01,,NP,,,,-0.005,0,0,NP,,,,0,,
TCGA-02-0024-01,,NP,,,,-0.103,0,0,NP,,,,-1,,
TCGA-02-0025-01,,NP,,,,0.027,0,0,NP,,,,0,,
TCGA-02-0026-01,,NP,,,,-0.13,0,0,NP,,,,-1,,
TCGA-02-0027-01,,NP,,,,-0.06,0,0,NP,,,,0,,
TCGA-02-0028-01,,NP,,,,0.0,0,0,NP,,,,0,,
TCGA-02-0033-01,,WT,,,,-0.032,0,0,,,,,0,,
TCGA-02-0034-01,,NP,,,,-0.091,0,0,NP,,,,0,,
TCGA-02-0037-01,,NP,,,,0.022,0,0,NP,,,,0,,
TCGA-02-0038-01,,NP,,,,-0.055,0,0,NP,,,,0,,
TCGA-02-0039-01,,NP,,,,-0.147,0,0,NP,,,,-1,,
TCGA-02-0043-01,,NP,,,,-0.009,0,0,NP,,,,0,,
TCGA-02-0046-01,,NP,,,,-0.016,0,0,NP,,,,0,,
TCGA-02-0047-01,,WT,,2366.39,-0.0793,-0.014,0,0,,,,,0,,0.0032
TCGA-02-0048-01,,NP,,,,-0.134,0,0,NP,,,,-1,,
TCGA-02-0051-01,,NP,,,,0.106,0,0,NP,,,,1,,
TCGA-02-0052-01,,NP,,,,-0.047,0,0,NP,,,,0,,
TCGA-02-0054-01,,NP,,,,0.028,0,0,NP,,,,0,,
TCGA-02-0055-01,,WT,,1852.84,-0.6923,-0.011,0,0,,,,,0,,-0.7028
TCGA-02-0057-01,,NP,,,,-0.006,0,0,NP,,,,0,,
TCGA-02-0058-01,,NP,,,,0.324,0,0,NP,,,,1,,
TCGA-02-0059-01,,NP,,,,-0.011,0,0,NP,,,,0,,
TCGA-02-0060-01,,NP,,,,-0.046,0,0,NP,,,,0,,
TCGA-02-0064-01,,NP,,,,-0.05,0,0,NP,,,,0,,
TCGA-02-0068-01,,NP,,,,-0.104,0,0,NP,,,,-1,,
TCGA-02-0069-01,,NP,,,,0.067,0,0,NP,,,,0,,
TCGA-02-0070-01,,NP,,,,-0.013,0,0,NP,,,,0,,
TCGA-02-0071-01,,NP,,,,-0.023,0,0,NP,,,,0,,
TCGA-02-0074-01,,NP,,,,-0.05,0,0,NP,,,,0,,
TCGA-02-0075-01,,NP,,,,-0.008,0,0,NP,,,,0,,
TCGA-02-0079-01,,NP,,,,-0.101,0,0,NP,,,,-1,,
TCGA-02-0080-01,,NP,,,,0.021,0,0,NP,,,,0,,
TCGA-02-0083-01,,NP,,,,-0.098,0,0,NP,,,,0,,
TCGA-02-0084-01,,NP,,,,-0.061,0,0,NP,,,,0,,
TCGA-02-0085-01,,NP,,,,-0.018,0,0,NP,,,,0,,
TCGA-02-0086-01,,NP,,,,-0.078,0,0,NP,,,,0,,
TCGA-02-0087-01,,NP,,,,0.085,0,0,NP,,,,0,,
TCGA-02-0089-01,,NP,,,,-0.027,0,0,NP,,,,0,,
TCGA-02-0099-01,,NP,,,,-0.137,0,0,NP,,,,-1,,
TCGA-02-0102-01,,NP,,,,-0.007,0,0,NP,,,,0,,
TCGA-02-0104-01,,NP,,,,-0.034,0,0,NP,,,,0,,
TCGA-02-0106-01,,NP,,,,-0.006,0,0,NP,,,,0,,
TCGA-02-0107-01,,NP,,,,-0.018,0,0,NP,,,,0,,
TCGA-02-0111-01,,NP,,,,-0.026,0,0,NP,,,,0,,
TCGA-02-0113-01,,NP,,,,0.08,0,0,NP,,,,0,,
TCGA-02-0114-01,,NP,,,,-0.075,0,0,NP,,,,0,,
TCGA-02-0115-01,,NP,,,,-0.096,0,0,NP,,,,0,,
TCGA-02-0116-01,,NP,,,,-0.064,0,0,NP,,,,0,,
TCGA-02-0258-01,,NP,,,,-0.086,0,0,NP,,,,0,,
TCGA-02-0260-01,,NP,,,,-0.036,0,0,NP,,,,0,,
TCGA-02-0266-01,,NP,,,,0.196,0,0,NP,,,,1,,
TCGA-02-0269-01,,NP,,,,0.009,0,0,NP,,,,0,,
TCGA-02-0271-01,,NP,,,,0.116,0,0,NP,,,,1,,
TCGA-02-0281-01,,NP,,,,-0.072,0,0,NP,,,,0,,
TCGA-02-0285-01,,NP,,,,0.001,0,0,NP,,,,0,,
TCGA-02-0289-01,,NP,,,,-0.046,0,0,NP,,,,0,,
TCGA-02-0290-01,,NP,,,,-0.063,0,0,NP,,,,0,,
TCGA-02-0317-01,,NP,,,,-0.059,0,0,NP,,,,0,,
TCGA-02-0321-01,,NP,,,,-0.044,0,0,NP,,,,0,,
TCGA-02-0324-01,,NP,,,,-0.049,0,0,NP,,,,0,,
TCGA-02-0325-01,,NP,,,,-0.054,0,0,NP,,,,0,,
TCGA-02-0326-01,,NP,,,,0.014,0,0,NP,,,,0,,
TCGA-02-0330-01,,NP,,,,-0.115,0,0,NP,,,,-1,,
TCGA-02-0332-01,,NP,,,,-0.008,0,0,NP,,,,0,,
TCGA-02-0333-01,,NP,,,,-0.844,0,0,NP,,,,-1,,
TCGA-02-0337-01,,NP,,,,-0.052,0,0,NP,,,,0,,
TCGA-02-0338-01,,NP,,,,0.022,0,0,NP,,,,0,,
TCGA-02-0339-01,,NP,,,,-0.139,0,0,NP,,,,-1,,
TCGA-02-0422-01,,NP,,,,-0.083,0,0,NP,,,,0,,
TCGA-02-0430-01,,NP,,,,-0.068,0,0,NP,,,,0,,
TCGA-02-0432-01,,NP,,,,0.056,0,0,NP,,,,0,,
TCGA-02-0440-01,,NP,,,,-0.1,0,0,NP,,,,0,,
TCGA-02-0446-01,,NP,,,,-0.07,0,0,NP,,,,0,,
TCGA-02-0451-01,,NP,,,,-0.006,0,0,NP,,,,0,,
TCGA-02-0456-01,,NP,,,,-0.01,0,0,NP,,,,0,,
TCGA-02-2466-01,,WT,,,,-0.152,0,0,,,,,-1,,
TCGA-02-2470-01,,WT,,,,-0.006,0,0,,,,,0,,
TCGA-02-2483-01,,WT,,2136.99,-0.3531,0.049,0,0,,,,,0,,-0.2911
TCGA-02-2485-01,,WT,,3106.67,0.8043,-0.035,0,0,,,,,0,,0.7886
TCGA-02-2486-01,,WT,,1813.41,-0.7393,-0.088,0,0,,,,,0,,-0.7648
TCGA-04-1331-01,,WT,,,,-0.348,0,0,,,,,-1,,
TCGA-04-1332-01,,NP,,,,-0.237,0,0,NP,,,,-1,,
TCGA-04-1335-01,,WT,,,,0.071,0,0,,,,,0,,
TCGA-04-1336-01,,WT,,,,-0.332,0,0,,,,,-1,,
TCGA-04-1337-01,,WT,,,,0.062,0,0,,,,,0,,
TCGA-04-1338-01,,WT,,,,-0.082,0,0,,,,,0,,
TCGA-04-1341-01,,WT,,,,-0.589,0,0,,,,,-1,,
TCGA-04-1342-01,,WT,,,,0.136,0,0,,,,,1,,
TCGA-04-1343-01,,WT,,,,-0.26,0,0,,,,,-1,,
TCGA-04-1346-01,,WT,,,,0.356,0,0,,,,,1,,
TCGA-04-1347-01,,WT,,,,-0.48,0,0,,,,,-1,,
TCGA-04-1348-01,,WT,,2225.9632,-0.0151,-0.156,0,0,,,,,-1,,-0.0192
TCGA-04-1349-01,,WT,,,,-0.013,0,0,,,,,0,,
TCGA-04-1350-01,,WT,,,,-0.093,0,0,,,,,0,,
TCGA-04-1351-01,,NP,,,,0.353,0,0,NP,,,,1,,
TCGA-04-1353-01,,WT,,,,-0.06,0,0,,,,,0,,
TCGA-04-1356-01,,WT,,,,0.08,0,0,,,,,0,,
TCGA-04-1357-01,,WT,,3179.8574,1.2502,0.016,0,0,,,,,0,,0.8725
TCGA-04-1360-01,,WT,,,,-0.007,0,0,,,,,0,,
TCGA-04-1361-01,,WT,,,,-0.109,0,0,,,,,-1,,
TCGA-04-1362-01,,WT,,3045.0789,1.0714,0.469,0,0,,,,,1,,0.7642
TCGA-04-1364-01,,WT,,2920.4246,0.9061,1.96,0,0,,,,,1,,0.6597
TCGA-04-1365-01,,WT,,2604.6108,0.4872,-0.193,0,0,,,,,-1,,0.3735
TCGA-04-1367-01,,WT,,,,-0.416,0,0,,,,,-1,,
TCGA-04-1369-01,,WT,,,,,0,0,,,,,NP,,
TCGA-04-1371-01,,NP,,,,-0.095,0,0,NP,,,,0,,
TCGA-04-1514-01,,WT,,4394.3531,2.8612,-0.162,0,0,,,,,-1,,1.6814
TCGA-04-1516-01,,WT,,,,-0.052,0,0,,,,,0,,
TCGA-04-1517-01,,WT,,,,-0.145,0,0,,,,,-1,,
TCGA-04-1519-01,,WT,,3417.2322,1.5651,-0.597,0,0,,,,,-1,,1.0525
TCGA-04-1525-01,,NP,,,,0.309,0,0,NP,,,,1,,
TCGA-04-1530-01,,WT,,,,0.451,0,0,,,,,1,,
TCGA-04-1536-01,,WT,,,,-0.256,0,0,,,,,-1,,
TCGA-04-1542-01,,WT,,,,-0.058,0,0,,,,,0,,
TCGA-04-1638-01,,WT,,,,-0.301,0,0,,,,,-1,,
TCGA-04-1644-01,,WT,,,,-0.197,0,0,,,,,-1,,
TCGA-04-1646-01,,WT,,,,-0.123,0,0,,,,,-1,,
TCGA-04-1648-01,,WT,,,,-0.271,0,0,,,,,-1,,
TCGA-04-1649-01,,WT,,,,-0.098,0,0,,,,,0,,
TCGA-04-1651-01,,WT,,,,-0.296,0,0,,,,,-1,,
TCGA-04-1652-01,,WT,,,,0.214,0,0,,,,,1,,
TCGA-04-1654-01,,NP,,,,0.402,0,0,NP,,,,1,,
TCGA-04-1655-01,,WT,,,,0.637,0,0,,,,,1,,
TCGA-05-4244-01,,WT,,2963.61,1.2204,0.443,0,0,,1.7682,,,1,,0.9433
TCGA-05-4249-01,,WT,,2421.76,0.3375,-0.038,0,0,,0.4158,,,0,,0.2969
TCGA-05-4250-01,,WT,,2912.05,1.1364,0.029,0,0,,1.6506,,,0,,0.8871
TCGA-05-4382-01,,WT,,1113.96,-1.7935,-0.423,0,0,,-4.7841,,,-1,,-2.1884
TCGA-05-4384-01,,WT,,1976.18,-0.3885,0.022,0,0,,-0.9459,,,0,,-0.3539
TCGA-05-4389-01,,WT,,2140.27,-0.1212,0.013,0,0,,-0.4117,,,0,,-0.0986
TCGA-05-4390-01,,WT,,1626.06,-0.959,0.103,0,0,,-2.2517,,,1,,-0.978
TCGA-05-4395-01,,WT,,1340.59,-1.4242,0.067,0,0,,-3.5443,,,0,,-1.5958
TCGA-05-4396-01,,L997F,,3417.74,1.9604,-0.134,1,1,,2.7231,,,-1,,1.3997
TCGA-05-4397-01,,WT,,4498.95,3.7221,0.216,0,0,,4.5643,,,1,,2.2797
TCGA-05-4398-01,,WT,,1284.47,-1.5156,0.0,0,0,,-3.8307,,,0,,-1.7326
TCGA-05-4402-01,,WT,,2382.05,0.2728,-0.033,0,0,,0.3051,,,0,,0.244
TCGA-05-4403-01,,WT,,1901.58,-0.5101,0.027,0,0,,-1.2036,,,0,,-0.477
TCGA-05-4405-01,,WT,,2222.47,0.0128,0.325,0,0,,-0.1593,,,1,,0.0221
TCGA-05-4410-01,,WT,,1888.38,-0.5316,0.214,0,0,,-1.2502,,,1,,-0.4993
TCGA-05-4415-01,,WT,,2604.0,0.6344,-0.007,0,0,,0.9018,,,0,,0.5292
TCGA-05-4417-01,,WT,,2321.04,0.1734,0.07,0,0,,0.1313,,,0,,0.161
TCGA-05-4418-01,,WT,,1748.9,-0.7589,0.014,0,0,,-1.7641,,,0,,-0.7449
TCGA-05-4420-01,,WT,,2135.42,-0.1291,0.026,0,0,,-0.4269,,,0,,-0.1058
TCGA-05-4422-01,,WT,,2068.49,-0.2381,0.009,0,0,,-0.6402,,,0,,-0.2078
TCGA-05-4424-01,,WT,,2802.67,0.9582,-0.108,0,0,,1.3942,,,-1,,0.7646
TCGA-05-4425-01,,WT,,1782.32,-0.7044,-0.079,0,0,,-1.6373,,,0,,-0.6843
TCGA-05-4426-01,,WT,,3753.98,2.5082,0.361,0,0,,3.3517,,,1,,1.7001
TCGA-05-4427-01,,WT,,2261.35,0.0761,-0.051,0,0,,-0.0432,,,0,,0.0776
TCGA-05-4430-01,,WT,,1709.73,-0.8227,0.062,0,0,,-1.9158,,,0,,-0.8174
TCGA-05-4432-01,,WT,,2402.37,0.3059,0.004,0,0,,0.362,,,0,,0.2712
TCGA-05-4433-01,,WT,,2490.08,0.4488,-0.084,0,0,,0.6021,,,0,,0.386
TCGA-05-4434-01,,WT,,3266.56,1.714,1.01,1,1,,2.4201,,,2,,1.2549
TCGA-05-5423-01,,WT,,2796.34,0.9478,0.121,0,0,,1.3791,,,1,,0.7573
TCGA-05-5425-01,,WT,,1881.22,-0.5433,0.05,0,0,,-1.2757,,,0,,-0.5115
TCGA-05-5428-01,,WT,,2521.91,0.5007,1.1,0,0,,0.6872,,,1,,0.4267
TCGA-05-5429-01,,WT,,2004.64,-0.3422,0.001,0,0,,-0.8501,,,0,,-0.3081
TCGA-05-5715-01,,WT,,1790.36,-0.6913,-0.179,0,0,,-1.6072,,,-1,,-0.6699
TCGA-06-0119-01,,WT,,,,-0.009,0,0,,,,,0,,
TCGA-06-0121-01,,NP,,,,-0.001,0,0,NP,,,,0,,
TCGA-06-0122-01,,WT,,,,-0.072,0,0,,,,,0,,
TCGA-06-0124-01,,WT,,,,-0.048,0,0,,,,,0,,
TCGA-06-0125-01,,WT,,2389.08,-0.0522,-0.028,0,0,,,,,0,,0.0307
TCGA-06-0125-02,,WT,,3200.0,0.9157,,0,0,,,,,NP,,0.874
TCGA-06-0126-01,,WT,,,,-0.005,0,0,,,,,0,,
TCGA-06-0127-01,,NP,,,,-0.014,0,0,NP,,,,0,,
TCGA-06-0128-01,,WT,,,,-0.075,0,0,,,,,0,,
TCGA-06-0129-01,,WT,,3270.43,0.9997,-0.103,0,0,,,,,-1,,0.9369
TCGA-06-0130-01,,WT,,1891.7,-0.6459,-0.007,0,0,,,,,0,,-0.6429
TCGA-06-0132-01,,WT,,1921.59,-0.6102,-0.013,0,0,,,,,0,,-0.5976
TCGA-06-0133-01,,NP,,,,0.077,0,0,NP,,,,0,,
TCGA-06-0137-01,,WT,,,,-0.044,0,0,,,,,0,,
TCGA-06-0138-01,,WT,,2070.49,-0.4325,-0.043,0,0,,,,,0,,-0.3823
TCGA-06-0139-01,,WT,,,,-0.017,0,0,,,,,0,,
TCGA-06-0140-01,,WT,,,,-0.045,0,0,,,,,0,,
TCGA-06-0141-01,,WT,,1475.36,-1.1428,-0.026,0,0,,,,,0,,-1.36
TCGA-06-0142-01,,WT,,,,0.014,0,0,,,,,0,,
TCGA-06-0143-01,,NP,,,,-0.041,0,0,NP,,,,0,,
TCGA-06-0145-01,,WT,,,,-0.035,0,0,,,,,0,,
TCGA-06-0146-01,,NP,,,,-0.051,0,0,NP,,,,0,,
TCGA-06-0147-01,,NP,,,,0.014,0,0,NP,,,,0,,
TCGA-06-0148-01,,NP,,,,-0.011,0,0,NP,,,,0,,
TCGA-06-0149-01,,NP,,,,-0.011,0,0,NP,,,,0,,
TCGA-06-0150-01,,NP,,,,-0.058,0,0,NP,,,,0,,
TCGA-06-0151-01,,WT,,,,0.147,0,0,,,,,1,,
TCGA-06-0152-01,,WT,,,,-0.103,0,0,,,,,-1,,
TCGA-06-0154-01,,WT,,,,-0.094,0,0,,,,,0,,
TCGA-06-0155-01,,WT,,,,-0.001,0,0,,,,,0,,
TCGA-06-0157-01,,WT,,2734.02,0.3595,0.015,0,0,,,,,0,,0.4199
TCGA-06-0158-01,,WT,,3067.27,0.7573,0.039,0,0,,,,,0,,0.7518
TCGA-06-0159-01,,NP,,,,-0.048,0,0,NP,,,,0,,
TCGA-06-0160-01,,NP,,,,-0.02,0,0,NP,,,,0,,
TCGA-06-0162-01,,NP,,,,-0.557,0,0,NP,,,,-1,,
TCGA-06-0164-01,,NP,,,,-0.036,0,0,NP,,,,0,,
TCGA-06-0165-01,,WT,,,,-0.063,0,0,,,,,0,,
TCGA-06-0166-01,,WT,,,,-0.085,0,0,,,,,0,,
TCGA-06-0167-01,,WT,,,,,0,0,,,,,NP,,
TCGA-06-0168-01,,WT,,2048.17,-0.4591,-0.022,0,0,,,,,0,,-0.4136
TCGA-06-0169-01,,WT,,,,-0.01,0,0,,,,,0,,
TCGA-06-0171-01,,WT,,,,-0.149,0,0,,,,,-1,,
TCGA-06-0171-02,,WT,,2368.84,-0.0764,,0,0,,,,,NP,,0.0061
TCGA-06-0173-01,,WT,,,,-0.002,0,0,,,,,0,,
TCGA-06-0174-01,,WT,,2975.79,0.6481,-0.096,0,0,,,,,0,,0.6644
TCGA-06-0175-01,,NP,,,,-0.03,0,0,NP,,,,0,,
TCGA-06-0176-01,,NP,,,,0.015,0,0,NP,,,,0,,
TCGA-06-0177-01,,NP,,,,0.011,0,0,NP,,,,0,,
TCGA-06-0178-01,,WT,,1519.12,-1.0906,-0.065,0,0,,,,,0,,-1.2757
TCGA-06-0179-01,,NP,,,,0.006,0,0,NP,,,,0,,
TCGA-06-0182-01,,NP,,,,0.024,0,0,NP,,,,0,,
TCGA-06-0184-01,,WT,,1950.47,-0.5757,-0.108,0,0,,,,,-1,,-0.5546
TCGA-06-0185-01,,WT,,,,-0.108,0,0,,,,,-1,,
TCGA-06-0187-01,,WT,,2424.35,-0.0101,-0.1,0,0,,,,,0,,0.073
TCGA-06-0188-01,,WT,,,,-0.066,0,0,,,,,0,,
TCGA-06-0189-01,,WT,,,,-0.012,0,0,,,,,0,,
TCGA-06-0190-01,,WT,,1896.62,-0.64,-0.075,0,0,,,,,0,,-0.6354
TCGA-06-0190-02,,WT,,2531.62,0.1179,,0,0,,,,,NP,,0.1979
TCGA-06-0192-01,,WT,,,,-0.005,0,0,,,,,0,,
TCGA-06-0194-01,,NP,,,,-0.015,0,0,NP,,,,0,,
TCGA-06-0195-01,,WT,,,,0.028,0,0,,,,,0,,
TCGA-06-0197-01,,NP,,,,-0.017,0,0,NP,,,,0,,
TCGA-06-0201-01,,NP,,,,0.006,0,0,NP,,,,0,,
TCGA-06-0206-01,,NP,,,,0.027,0,0,NP,,,,0,,
TCGA-06-0208-01,,NP,,,,0.06,0,0,NP,,,,0,,
TCGA-06-0210-01,,WT,,2257.02,-0.2098,-0.043,0,0,,,,,0,,-0.1334
TCGA-06-0210-02,,WT,,2597.38,0.1964,,0,0,,,,,NP,,0.2719
TCGA-06-0211-01,,WT,,2270.21,-0.1941,-0.027,0,0,,,,,0,,-0.1166
TCGA-06-0211-02,,WT,,1966.38,-0.5568,,0,0,,,,,NP,,-0.5312
TCGA-06-0213-01,,WT,,,,0.01,0,0,,,,,0,,
TCGA-06-0214-01,,WT,,,,-0.143,0,0,,,,,-1,,
TCGA-06-0216-01,,WT,,,,-0.092,0,0,,,,,0,,
TCGA-06-0219-01,,WT,,1755.02,-0.809,-0.141,0,0,,,,,-1,,-0.8592
TCGA-06-0221-01,,WT,,,,0.184,0,0,,,,,1,,
TCGA-06-0221-02,,WT,,3199.0,0.9145,,0,0,,,,,NP,,0.8731
TCGA-06-0237-01,,WT,,,,0.0,0,0,,,,,0,,
TCGA-06-0238-01,,WT,,2189.73,-0.2902,-0.052,0,0,,,,,0,,-0.2207
TCGA-06-0240-01,,WT,,,,-0.059,0,0,,,,,0,,
TCGA-06-0241-01,,WT,,,,-0.073,0,0,,,,,0,,
TCGA-06-0394-01,,NP,,,,-0.032,0,0,NP,,,,0,,
TCGA-06-0397-01,,NP,,,,0.057,0,0,NP,,,,0,,
TCGA-06-0402-01,,NP,,,,-0.026,0,0,NP,,,,0,,
TCGA-06-0409-01,,NP,,,,0.04,0,0,NP,,,,0,,
TCGA-06-0410-01,,NP,,,,0.0,0,0,NP,,,,0,,
TCGA-06-0412-01,,NP,,,,-0.033,0,0,NP,,,,0,,
TCGA-06-0413-01,,NP,,,,0.097,0,0,NP,,,,0,,
TCGA-06-0414-01,,NP,,,,0.0,0,0,NP,,,,0,,
TCGA-06-0644-01,,WT,,1562.89,-1.0384,-0.021,0,0,,,,,0,,-1.1938
TCGA-06-0645-01,,WT,,1669.63,-0.911,0.033,0,0,,,,,0,,-1.0032
TCGA-06-0646-01,,WT,,2065.61,-0.4383,-0.092,0,0,,,,,0,,-0.3891
TCGA-06-0648-01,,WT,,,,-0.05,0,0,,,,,0,,
TCGA-06-0649-01,,WT,,2390.93,-0.05,-0.05,0,0,,,,,0,,0.0329
TCGA-06-0650-01,,WT,,,,0.0,0,0,,,,,0,,
TCGA-06-0686-01,,WT,,1470.59,-1.1485,0.012,0,0,,,,,0,,-1.3694
TCGA-06-0743-01,,WT,,1834.66,-0.714,0.124,0,0,,,,,1,,-0.7312
TCGA-06-0744-01,,WT,,1958.38,-0.5663,-0.048,0,0,,,,,0,,-0.5429
TCGA-06-0745-01,,WT,,1635.13,-0.9521,-0.085,0,0,,,,,0,,-1.0634
TCGA-06-0747-01,,WT,,2229.84,-0.2423,-0.035,0,0,,,,,0,,-0.1684
TCGA-06-0749-01,,M803Vfs*5,,709.329,-2.0572,-0.04,1,1,,,,,0,,-3.472
TCGA-06-0750-01,,WT,,1451.92,-1.1708,-0.091,0,0,,,,,0,,-1.4062
TCGA-06-0875-01,,WT,,,,-0.161,0,0,,,,,-1,,
TCGA-06-0876-01,,WT,,,,-0.023,0,0,,,,,0,,
TCGA-06-0877-01,,WT,,,,0.095,0,0,,,,,0,,
TCGA-06-0878-01,,WT,,2810.92,0.4513,-0.096,0,0,,,,,0,,0.4999
TCGA-06-0879-01,,WT,,,,0.016,0,0,,,,,0,,
TCGA-06-0881-01,,WT,,,,-0.006,0,0,,,,,0,,
TCGA-06-0882-01,,WT,,658.454,-2.1179,-1.16,1,1,,,,,-2,,-3.6866
TCGA-06-0939-01,,WT,,,,-0.046,0,0,,,,,0,,
TCGA-06-1084-01,,WT,,,,-0.01,0,0,,,,,0,,
TCGA-06-1086-01,,NP,,,,0.048,0,0,NP,,,,0,,
TCGA-06-1087-01,,WT,,,,-0.012,0,0,,,,,0,,
TCGA-06-1800-01,,WT,,,,-0.114,0,0,,,,,-1,,
TCGA-06-1801-01,,WT,,,,-0.083,0,0,,,,,0,,
TCGA-06-1802-01,,WT,,,,-0.123,0,0,,,,,-1,,
TCGA-06-1804-01,,WT,,2395.49,-0.0446,-0.089,0,0,,,,,0,,0.0384
TCGA-06-1805-01,,WT,,,,-0.062,0,0,,,,,0,,
TCGA-06-1806-01,,WT,,,,0.037,0,0,,,,,0,,
TCGA-06-2557-01,,WT,,2648.12,0.257,-0.005,0,0,,,,,0,,0.3277
TCGA-06-2558-01,,WT,,2502.53,0.0832,-0.105,0,0,,,,,-1,,0.1646
TCGA-06-2559-01,,WT,,3857.82,1.7008,-0.005,0,0,,,,,0,,1.4136
TCGA-06-2561-01,,E675D,,2433.8,0.0012,-0.082,1,1,,,,,0,,0.0842
TCGA-06-2562-01,,WT,,1834.3,-0.7144,-0.009,0,0,,,,,0,,-0.7318
TCGA-06-2563-01,,WT,,2637.88,0.2447,-0.018,0,0,,,,,0,,0.3166
TCGA-06-2564-01,,WT,,3013.71,0.6933,0.102,0,0,,,,,1,,0.7009
TCGA-06-2565-01,,WT,,3789.54,1.6193,-0.061,0,0,,,,,0,,1.362
TCGA-06-2566-01,,WT,,,,-0.051,0,0,,,,,0,,
TCGA-06-2567-01,,WT,,2947.19,0.6139,-0.083,0,0,,,,,0,,0.6365
TCGA-06-2569-01,,WT,,1835.52,-0.7129,0.612,0,0,,,,,1,,-0.7299
TCGA-06-2570-01,,WT,,2387.86,-0.0537,-0.482,0,0,,,,,-1,,0.0292
TCGA-06-5408-01,,WT,,2832.47,0.477,-0.133,0,0,,,,,-1,,0.522
TCGA-06-5410-01,,WT,,1551.52,-1.0519,-0.016,0,0,,,,,0,,-1.2148
TCGA-06-5411-01,,WT,,1308.93,-1.3415,-0.051,0,0,,,,,0,,-1.7053
TCGA-06-5412-01,,WT,,2046.63,-0.461,-0.029,0,0,,,,,0,,-0.4157
TCGA-06-5413-01,,WT,,2525.87,0.111,-0.099,0,0,,,,,0,,0.1914
TCGA-06-5414-01,,WT,,2771.68,0.4044,-0.021,0,0,,,,,0,,0.4593
TCGA-06-5415-01,,WT,,2640.7,0.2481,-0.034,0,0,,,,,0,,0.3196
TCGA-06-5416-01,,E6* L791M,,2471.33,0.0459,-0.133,1,1,,,,,-1,,0.1284
TCGA-06-5417-01,,WT,,5020.99,3.0892,,0,0,,,,,NP,,2.1741
TCGA-06-5418-01,,WT,,2549.43,0.1392,-0.131,0,0,,,,,-1,,0.2181
TCGA-06-5856-01,,WT,,2819.22,0.4612,-0.291,0,0,,,,,-1,,0.5084
TCGA-06-5858-01,,WT,,4555.61,2.5337,0.073,0,0,,,,,0,,1.8934
TCGA-06-5859-01,,WT,,2891.59,0.5476,-0.221,0,0,,,,,-1,,0.5816
TCGA-06-6388-01,,Y815*,,,,0.001,1,1,,,,,0,,
TCGA-06-6389-01,,WT,,,,-0.096,0,0,,,,,0,,
TCGA-06-6390-01,,WT,,,,-0.099,0,0,,,,,0,,
TCGA-06-6693-01,,WT,,,,-0.137,0,0,,,,,-1,,
TCGA-06-6694-01,,WT,,,,-0.097,0,0,,,,,0,,
TCGA-06-6695-01,,WT,,,,-0.002,0,0,,,,,0,,
TCGA-06-6697-01,,WT,,,,-0.008,0,0,,,,,0,,
TCGA-06-6698-01,,WT,,,,0.1,0,0,,,,,0,,
TCGA-06-6699-01,,WT,,,,-0.065,0,0,,,,,0,,
TCGA-06-6700-01,,WT,,,,-0.008,0,0,,,,,0,,
TCGA-06-6701-01,,WT,,,,-0.009,0,0,,,,,0,,
TCGA-06-A5U0-01,,WT,,,,-0.133,0,0,,,,,-1,,
TCGA-06-A5U1-01,,WT,,,,-0.156,0,0,,,,,-1,,
TCGA-06-A6S0-01,,WT,,,,-0.089,0,0,,,,,0,,
TCGA-06-A6S1-01,,D625Yfs*9,,,,-0.122,1,1,,,,,-1,,
TCGA-06-A7TK-01,,WT,,,,-0.077,0,0,,,,,0,,
TCGA-06-A7TL-01,,WT,,,,0.233,0,0,,,,,1,,
TCGA-08-0244-01,,NP,,,,-0.053,0,0,NP,,,,0,,
TCGA-08-0245-01,,NP,,,,-0.219,0,0,NP,,,,-1,,
TCGA-08-0246-01,,NP,,,,-0.041,0,0,NP,,,,0,,
TCGA-08-0344-01,,NP,,,,-0.079,0,0,NP,,,,0,,
TCGA-08-0345-01,,NP,,,,0.024,0,0,NP,,,,0,,
TCGA-08-0346-01,,NP,,,,-0.008,0,0,NP,,,,0,,
TCGA-08-0347-01,,NP,,,,-0.088,0,0,NP,,,,0,,
TCGA-08-0348-01,,NP,,,,-0.123,0,0,NP,,,,-1,,
TCGA-08-0349-01,,NP,,,,-0.035,0,0,NP,,,,0,,
TCGA-08-0350-01,,NP,,,,0.003,0,0,NP,,,,0,,
TCGA-08-0351-01,,NP,,,,-0.08,0,0,NP,,,,0,,
TCGA-08-0352-01,,NP,,,,0.025,0,0,NP,,,,0,,
TCGA-08-0353-01,,NP,,,,-0.09,0,0,NP,,,,0,,
TCGA-08-0354-01,,NP,,,,-0.085,0,0,NP,,,,0,,
TCGA-08-0355-01,,NP,,,,-0.552,0,0,NP,,,,-1,,
TCGA-08-0356-01,,NP,,,,-0.015,0,0,NP,,,,0,,
TCGA-08-0357-01,,NP,,,,-0.074,0,0,NP,,,,0,,
TCGA-08-0358-01,,NP,,,,-0.077,0,0,NP,,,,0,,
TCGA-08-0359-01,,NP,,,,-0.054,0,0,NP,,,,0,,
TCGA-08-0375-01,,NP,,,,-0.044,0,0,NP,,,,0,,
TCGA-08-0380-01,,NP,,,,0.019,0,0,NP,,,,0,,
TCGA-08-0386-01,,WT,,3309.19,1.046,0.0,0,0,,,,,0,,0.9709
TCGA-08-0389-01,,NP,,,,-0.105,0,0,NP,,,,-1,,
TCGA-08-0390-01,,NP,,,,-0.093,0,0,NP,,,,0,,
TCGA-08-0392-01,,NP,,,,-0.133,0,0,NP,,,,-1,,
TCGA-08-0509-01,,NP,,,,-0.026,0,0,NP,,,,0,,
TCGA-08-0510-01,,NP,,,,0.009,0,0,NP,,,,0,,
TCGA-08-0512-01,,NP,,,,-0.125,0,0,NP,,,,-1,,
TCGA-08-0514-01,,NP,,,,-0.045,0,0,NP,,,,0,,
TCGA-08-0516-01,,NP,,,,-0.033,0,0,NP,,,,0,,
TCGA-08-0517-01,,NP,,,,-0.157,0,0,NP,,,,-1,,
TCGA-08-0518-01,,NP,,,,0.015,0,0,NP,,,,0,,
TCGA-08-0520-01,,NP,,,,-0.15,0,0,NP,,,,-1,,
TCGA-08-0521-01,,NP,,,,0.0,0,0,NP,,,,0,,
TCGA-08-0524-01,,NP,,,,0.044,0,0,NP,,,,0,,
TCGA-08-0525-01,,NP,,,,-0.129,0,0,NP,,,,-1,,
TCGA-08-0529-01,,NP,,,,0.021,0,0,NP,,,,0,,
TCGA-08-0531-01,,NP,,,,0.034,0,0,NP,,,,0,,
TCGA-09-0364-01,,WT,,1492.484,-0.988,-0.015,0,0,,,,,0,,-1.0186
TCGA-09-0365-01,,WT,,,,0.104,0,0,,,,,1,,
TCGA-09-0366-01,,WT,,1861.6693,-0.4983,-0.171,0,0,,,,,-1,,-0.466
TCGA-09-0367-01,,WT,,2656.3899,0.5559,2.01,1,1,,,,,2,,0.4228
TCGA-09-0369-01,,WT,,955.5913,-1.7002,-0.107,0,0,,,,,-1,,-2.1329
TCGA-09-1659-01,,WT,,2884.9125,0.859,0.9,1,1,,,,,2,,0.6291
TCGA-09-1661-01,,NP,,,,-0.154,0,0,NP,,,,-1,,
TCGA-09-1662-01,,WT,,2156.3144,-0.1075,-0.141,0,0,,,,,-1,,-0.0987
TCGA-09-1664-01,,WT,0.643,,,-0.106,0,0,,,0.198,,-1,,
TCGA-09-1665-01,,WT,,,,-1.29,1,1,,,,,-2,,
TCGA-09-1666-01,,WT,,2513.9484,0.3669,0.198,0,0,,,,,1,,0.2849
TCGA-09-1667-01,,WT,,2534.0416,0.3936,0.01,0,0,,,,,0,,0.3049
TCGA-09-1668-01,,WT,,2625.3555,0.5147,-0.025,0,0,,,,,0,,0.3934
TCGA-09-1669-01,,WT,,2809.276,0.7586,0.146,0,0,,,,,1,,0.5627
TCGA-09-1670-01,,WT,,2797.8178,0.7434,-0.085,0,0,,,,,0,,0.5525
TCGA-09-1672-01,,WT,,,,0.049,0,0,,,,,0,,
TCGA-09-1673-01,,WT,,3602.3937,1.8107,-0.288,0,0,,,,,-1,,1.1845
TCGA-09-1674-01,,WT,,3422.2685,1.5718,0.209,0,0,,,,,1,,1.0562
TCGA-09-1675-01,,WT,,,,-0.334,0,0,,,,,-1,,
TCGA-09-2043-01,,WT,,,,1.01,0,0,,,,,1,,
TCGA-09-2044-01,,R271L,,2302.2511,0.0861,-0.326,1,1,,,,,-1,,0.065
TCGA-09-2045-01,,WT,,1570.5093,-0.8845,,0,0,,,,,NP,,-0.8912
TCGA-09-2049-01,,WT,,,,-0.366,0,0,,,,,-1,,
TCGA-09-2050-01,,WT,,,,-0.356,0,0,,,,,-1,,
TCGA-09-2051-01,,WT,,4769.3089,3.3586,0.876,0,0,,,,,1,,1.8862
TCGA-09-2053-01,,WT,,,,-0.176,0,0,,,,,-1,,
TCGA-09-2054-01,,WT,,2286.9977,0.0659,-0.099,0,0,,,,,0,,0.0484
TCGA-09-2055-01,,WT,,,,0.443,0,0,,,,,1,,
TCGA-10-0925-01,,NP,,,,-0.213,0,0,NP,,,,-1,,
TCGA-10-0926-01,,WT,,,,-0.135,0,0,,,,,-1,,
TCGA-10-0927-01,,WT,,,,0.608,0,0,,,,,1,,
TCGA-10-0928-01,,WT,,2819.214,0.7718,-0.88,0,0,,,,,-1,,0.5715
TCGA-10-0930-01,,WT,,,,-0.278,0,0,,,,,-1,,
TCGA-10-0931-01,,WT,,,,-0.15,0,0,,,,,-1,,
TCGA-10-0933-01,,WT,,,,0.382,0,0,,,,,1,,
TCGA-10-0934-01,,WT,,,,0.994,1,1,,,,,2,,
TCGA-10-0935-01,,WT,,,,0.055,0,0,,,,,0,,
TCGA-10-0936-01,,NP,,2513.328,0.3661,0.317,0,0,NP,,,,1,,0.2843
TCGA-10-0937-01,,WT,,,,-0.493,0,0,,,,,-1,,
TCGA-10-0938-01,,WT,,,,-1.05,0,0,,,,,-1,,
TCGA-12-0615-01,,WT,,,,-0.153,0,0,,,,,-1,,
TCGA-12-0616-01,,WT,,1792.16,-0.7647,-0.085,0,0,,,,,0,,-0.7988
TCGA-12-0618-01,,WT,,2451.3,0.022,-0.038,0,0,,,,,0,,0.1049
TCGA-12-0619-01,,WT,,3000.0,0.677,-0.068,0,0,,,,,0,,0.6878
TCGA-12-0620-01,,NP,,,,-0.078,0,0,NP,,,,0,,
TCGA-12-0654-01,,NP,,,,-0.061,0,0,NP,,,,0,,
TCGA-12-0656-01,,WT,,,,-0.04,0,0,,,,,0,,
TCGA-12-0657-01,,WT,,,,0.009,0,0,,,,,0,,
TCGA-12-0662-01,,WT,,,,-0.034,0,0,,,,,0,,
TCGA-12-0670-01,,WT,,,,-0.051,0,0,,,,,0,,
TCGA-12-0688-01,,WT,,,,-0.015,0,0,,,,,0,,
TCGA-12-0691-01,,WT,,,,-0.035,0,0,,,,,0,,
TCGA-12-0692-01,,T149Rfs*34,,,,-0.049,1,1,,,,,0,,
TCGA-12-0703-01,,NP,,,,-0.004,0,0,NP,,,,0,,
TCGA-12-0707-01,,WT,,,,-0.06,0,0,,,,,0,,
TCGA-12-0769-01,,NP,,,,-0.04,0,0,NP,,,,0,,
TCGA-12-0772-01,,NP,,,,-0.081,0,0,NP,,,,0,,
TCGA-12-0773-01,,WT,,,,0.084,0,0,,,,,0,,
TCGA-12-0775-01,,WT,,,,-0.07,0,0,,,,,0,,
TCGA-12-0776-01,,NP,,,,-0.07,0,0,NP,,,,0,,
TCGA-12-0778-01,,WT,,,,0.076,0,0,,,,,0,,
TCGA-12-0780-01,,NP,,,,-0.061,0,0,NP,,,,0,,
TCGA-12-0818-01,,WT,,,,0.096,0,0,,,,,0,,
TCGA-12-0819-01,,WT,,,,-0.039,0,0,,,,,0,,
TCGA-12-0820-01,,WT,,,,-0.032,0,0,,,,,0,,
TCGA-12-0821-01,,X154_splice,,1872.5,-0.6688,-0.274,1,1,,,,,-1,,-0.6723
TCGA-12-0822-01,,WT,,,,-0.006,0,0,,,,,0,,
TCGA-12-0826-01,,WT,,,,-0.047,0,0,,,,,0,,
TCGA-12-0827-01,,WT,,,,0.09,0,0,,,,,0,,
TCGA-12-0828-01,,WT,,,,-0.028,0,0,,,,,0,,
TCGA-12-0829-01,,WT,,,,0.002,0,0,,,,,0,,
TCGA-12-1088-01,,WT,,,,-0.06,0,0,,,,,0,,
TCGA-12-1089-01,,WT,,,,-0.047,0,0,,,,,0,,
TCGA-12-1090-01,,NP,,,,0.101,0,0,NP,,,,1,,
TCGA-12-1091-01,,NP,,,,-0.12,0,0,NP,,,,-1,,
TCGA-12-1092-01,,WT,,,,0.002,0,0,,,,,0,,
TCGA-12-1093-01,,WT,,,,-0.038,0,0,,,,,0,,
TCGA-12-1094-01,,NP,,,,-0.045,0,0,NP,,,,0,,
TCGA-12-1095-01,,NP,,,,-0.063,0,0,NP,,,,0,,
TCGA-12-1096-01,,NP,,,,0.0,0,0,NP,,,,0,,
TCGA-12-1097-01,,NP,,,,-0.102,0,0,NP,,,,-1,,
TCGA-12-1098-01,,NP,,,,-0.005,0,0,NP,,,,0,,
TCGA-12-1099-01,,NP,,,,0.056,0,0,NP,,,,0,,
TCGA-12-1597-01,,WT,,2120.35,-0.373,,0,0,,,,,NP,,-0.3136
TCGA-12-1598-01,,WT,,,,-0.1,0,0,,,,,0,,
TCGA-12-1599-01,,WT,,,,-0.032,0,0,,,,,0,,
TCGA-12-1600-01,,WT,,,,-0.072,0,0,,,,,0,,
TCGA-12-1602-01,,WT,,,,-0.027,0,0,,,,,0,,
TCGA-12-3644-01,,Q573H,,,,-0.103,1,1,,,,,-1,,
TCGA-12-3646-01,,G72S,,,,-0.143,1,1,,,,,-1,,
TCGA-12-3648-01,,WT,,,,-0.011,0,0,,,,,0,,
TCGA-12-3649-01,,WT,,,,-0.048,0,0,,,,,0,,
TCGA-12-3650-01,,WT,,2537.67,0.1251,-0.006,0,0,,,,,0,,0.2048
TCGA-12-3651-01,,WT,,,,-0.111,0,0,,,,,-1,,
TCGA-12-3652-01,,WT,,3658.1,1.4625,-0.137,0,0,,,,,-1,,1.2602
TCGA-12-3653-01,,WT,,3192.89,0.9072,0.0,0,0,,,,,0,,0.8676
TCGA-12-5295-01,,WT,,2747.59,0.3757,-0.11,0,0,,,,,-1,,0.4342
TCGA-12-5299-01,,WT,,2528.66,0.1144,-0.03,0,0,,,,,0,,0.1945
TCGA-12-5301-01,,WT,,,,-0.072,0,0,,,,,0,,
TCGA-13-0714-01,,WT,,,,-0.163,0,0,,,,,-1,,
TCGA-13-0717-01,,WT,,,,0.404,0,0,,,,,1,,
TCGA-13-0720-01,,NP,,,,0.52,0,0,NP,,,,1,,
TCGA-13-0723-01,,NP,,,,0.193,0,0,NP,,,,1,,
TCGA-13-0724-01,,WT,,,,0.0,0,0,,,,,0,,
TCGA-13-0725-01,,NP,,,,-0.242,0,0,NP,,,,-1,,
TCGA-13-0726-01,,WT,,,,-0.549,0,0,,,,,-1,,
TCGA-13-0727-01,,WT,,,,0.292,0,0,,,,,1,,
TCGA-13-0730-01,,WT,,1873.9755,-0.482,-0.046,0,0,,,,,0,,-0.4496
TCGA-13-0751-01,,WT,,,,-0.537,1,1,,,,,-2,,
TCGA-13-0755-01,,WT,,,,0.024,0,0,,,,,0,,
TCGA-13-0757-01,,WT,,,,0.188,0,0,,,,,1,,
TCGA-13-0758-01,,NP,,,,-0.231,0,0,NP,,,,-1,,
TCGA-13-0760-01,,WT,,,,-0.188,0,0,,,,,-1,,
TCGA-13-0761-01,,NP,,,,0.422,0,0,NP,,,,1,,
TCGA-13-0762-01,,WT,,,,0.004,0,0,,,,,0,,
TCGA-13-0764-01,,WT,,,,0.0,0,0,,,,,0,,
TCGA-13-0765-01,,WT,,,,,0,0,,,,,NP,,
TCGA-13-0766-01,,WT,,,,0.201,0,0,,,,,1,,
TCGA-13-0768-01,,WT,,,,-0.03,0,0,,,,,0,,
TCGA-13-0791-01,,WT,,,,-0.287,0,0,,,,,-1,,
TCGA-13-0792-01,,NP,,,,0.463,0,0,NP,,,,1,,
TCGA-13-0793-01,,NP,,,,-0.579,0,0,NP,,,,-1,,
TCGA-13-0794-01,,WT,,,,0.423,0,0,,,,,1,,
TCGA-13-0795-01,,WT,,,,0.277,0,0,,,,,1,,
TCGA-13-0797-01,,WT,,,,0.344,0,0,,,,,1,,
TCGA-13-0799-01,,WT,,2010.3982,-0.301,0.254,0,0,,,,,1,,-0.2739
TCGA-13-0800-01,,WT,,2121.0194,-0.1543,0.101,0,0,,,,,1,,-0.14
TCGA-13-0801-01,,WT,,1446.4651,-1.0491,-0.001,0,0,,,,,0,,-1.0969
TCGA-13-0802-01,,NP,,,,-0.008,0,0,NP,,,,0,,
TCGA-13-0803-01,,NP,,,,0.277,0,0,NP,,,,1,,
TCGA-13-0804-01,,WT,,,,0.317,0,0,,,,,1,,
TCGA-13-0805-01,,WT,,,,-0.23,0,0,,,,,-1,,
TCGA-13-0807-01,,WT,,,,-0.296,0,0,,,,,-1,,
TCGA-13-0883-01,,WT,,,,1.7,0,0,,,,,1,,
TCGA-13-0884-01,,WT,,,,-0.256,0,0,,,,,-1,,
TCGA-13-0885-01,,WT,,,,0.159,0,0,,,,,1,,
TCGA-13-0886-01,,WT,,,,-0.081,0,0,,,,,0,,
TCGA-13-0887-01,,WT,,,,-0.29,0,0,,,,,-1,,
TCGA-13-0888-01,,WT,,,,0.098,0,0,,,,,0,,
TCGA-13-0889-01,,WT,,,,-0.167,0,0,,,,,-1,,
TCGA-13-0890-01,,WT,,1045.3354,-1.5811,-0.286,0,0,,,,,-1,,-1.9086
TCGA-13-0891-01,,WT,,,,-0.385,0,0,,,,,-1,,
TCGA-13-0893-01,,WT,,3013.4138,1.0294,0.052,0,0,,,,,0,,0.7381
TCGA-13-0894-01,,WT,,,,,0,0,,,,,NP,,
TCGA-13-0897-01,,WT,,1623.3741,-0.8144,-0.381,0,0,,,,,-1,,-0.8084
TCGA-13-0899-01,,WT,,1773.9025,-0.6147,0.004,0,0,,,,,0,,-0.5868
TCGA-13-0900-01,,WT,,,,-0.256,0,0,,,,,-1,,
TCGA-13-0901-01,,WT,,,,-0.058,0,0,,,,,0,,
TCGA-13-0903-01,,WT,,,,-0.225,0,0,,,,,-1,,
TCGA-13-0904-01,,WT,,,,0.05,0,0,,,,,0,,
TCGA-13-0905-01,,WT,,,,-0.179,0,0,,,,,-1,,
TCGA-13-0906-01,,WT,,,,-0.202,0,0,,,,,-1,,
TCGA-13-0908-01,,NP,,,,0.793,0,0,NP,,,,1,,
TCGA-13-0910-01,,WT,,,,-0.237,0,0,,,,,-1,,
TCGA-13-0911-01,,WT,,,,-0.051,0,0,,,,,0,,
TCGA-13-0912-01,,WT,,,,-0.421,0,0,,,,,-1,,
TCGA-13-0913-01,,WT,,1792.8271,-0.5896,-1.09,0,0,,,,,-1,,-0.5602
TCGA-13-0916-01,,WT,,1958.371,-0.37,-0.658,0,0,,,,,-1,,-0.3395
TCGA-13-0919-01,,NP,,,,0.0,0,0,NP,,,,0,,
TCGA-13-0920-01,,WT,,2899.3697,0.8782,-0.234,0,0,,,,,-1,,0.6416
TCGA-13-0921-01,,WT,,,,0.918,0,0,,,,,1,,
TCGA-13-0923-01,,WT,,,,-0.469,0,0,,,,,-1,,
TCGA-13-0924-01,,WT,,1921.6283,-0.4188,-0.187,0,0,,,,,-1,,-0.3868
TCGA-13-1403-01,,WT,,2092.405,-0.1923,-0.047,0,0,,,,,0,,-0.1739
TCGA-13-1404-01,,WT,1.3462,,,0.56,0,0,,,0.3704,,1,,
TCGA-13-1405-01,,WT,,2008.2783,-0.3038,-0.345,0,0,,,,,-1,,-0.2765
TCGA-13-1407-01,,WT,,,,0.752,0,0,,,,,1,,
TCGA-13-1408-01,,WT,,,,-0.251,0,0,,,,,-1,,
TCGA-13-1409-01,,WT,0.5712,,,1.56,1,1,,,0.1804,,2,,
TCGA-13-1410-01,,WT,-0.211,1879.9941,-0.474,0.098,0,0,,,-0.0114,,0,,-0.4416
TCGA-13-1411-01,,WT,,1414.107,-1.092,0.0,0,0,,,,,0,,-1.1534
TCGA-13-1412-01,,WT,,,,0.272,0,0,,,,,1,,
TCGA-13-1477-01,,WT,,,,0.017,0,0,,,,,0,,
TCGA-13-1481-01,,WT,,1590.5818,-0.8579,-0.089,0,0,,,,,0,,-0.8595
TCGA-13-1482-01,,WT,-0.3509,,,-0.197,0,0,,,-0.0457,,-1,,
TCGA-13-1483-01,,WT,-0.6792,,,0.283,0,0,,,-0.1262,,1,,
TCGA-13-1484-01,,WT,,,,-0.836,1,1,,,,,-2,,
TCGA-13-1485-01,,NP,-0.9064,,,0.147,0,0,NP,,-0.1819,,1,,
TCGA-13-1487-01,,WT,-0.2021,,,-0.167,0,0,,,-0.0092,,-1,,
TCGA-13-1488-01,,WT,-0.6597,,,-0.422,0,0,,,-0.1214,,-1,,
TCGA-13-1489-01,,WT,0.3465,,,-0.148,0,0,,,0.1253,,-1,,
TCGA-13-1491-01,,WT,,,,-0.319,0,0,,,,,-1,,
TCGA-13-1492-01,,WT,2.3385,,,-0.264,0,0,,,0.6137,,-1,,
TCGA-13-1494-01,,WT,-0.4639,,,0.051,0,0,,,-0.0734,,0,,
TCGA-13-1495-01,,WT,,,,-0.355,0,0,,,,,-1,,
TCGA-13-1496-01,,WT,,,,0.219,0,0,,,,,1,,
TCGA-13-1497-01,,WT,0.816,1441.9356,-1.0551,-0.686,0,0,,,0.2404,,-1,,-1.1047
TCGA-13-1498-01,,WT,,3412.9199,1.5594,-0.141,0,0,,,,,-1,,1.0494
TCGA-13-1499-01,,WT,,,,-0.095,0,0,,,,,0,,
TCGA-13-1500-01,,WT,0.048,,,-0.161,0,0,,,0.0521,,-1,,
TCGA-13-1501-01,,WT,-0.2853,,,-0.022,0,0,,,-0.0296,,0,,
TCGA-13-1504-01,,WT,0.2813,,,0.22,0,0,,,0.1093,,1,,
TCGA-13-1505-01,,WT,,1619.6306,-0.8194,0.462,0,0,,,,,1,,-0.8142
TCGA-13-1506-01,,WT,,2897.5806,0.8758,0.074,0,0,,,,,0,,0.6401
TCGA-13-1507-01,,WT,-0.4806,1580.9747,-0.8706,-0.395,0,0,,,-0.0775,,-1,,-0.8746
TCGA-13-1509-01,,WT,,,,-0.218,0,0,,,,,-1,,
TCGA-13-1510-01,,WT,,,,-0.222,0,0,,,,,-1,,
TCGA-13-1511-01,,WT,-0.6193,2133.3256,-0.138,-0.076,0,0,,,-0.1115,,0,,-0.1255
TCGA-13-1512-01,,WT,,2293.6368,0.0747,-0.241,0,0,,,,,-1,,0.0556
TCGA-13-1817-01,,NP,,,,-0.025,0,0,NP,,,,0,,
TCGA-13-1819-01,,NP,,,,-0.051,0,0,NP,,,,0,,
TCGA-13-2057-01,,WT,,,,0.294,0,0,,,,,1,,
TCGA-13-2059-01,,WT,-2.1186,,,0.14,0,0,,,-0.4791,,1,,
TCGA-13-2060-01,,WT,-1.2555,2992.9793,1.0023,0.43,0,0,,,-0.2675,,1,,0.7211
TCGA-13-2061-01,,WT,-0.375,,,-0.052,0,0,,,-0.0516,,0,,
TCGA-13-2065-01,,WT,1.6688,,,0.31,0,0,,,0.4495,,1,,
TCGA-13-2066-01,,NP,1.5811,,,,0,0,NP,,0.428,,NP,,
TCGA-13-2071-01,,WT,,,,-0.295,0,0,,,,,-1,,
TCGA-13-A5FT-01,,WT,,2780.2583,0.7202,0.044,0,0,,,,,0,,0.5367
TCGA-13-A5FU-01,,WT,,,,0.0,0,0,,,,,0,,
TCGA-14-0736-01,,WT,,,,-0.219,0,0,,,,,-1,,
TCGA-14-0740-01,,WT,,,,-0.241,0,0,,,,,-1,,
TCGA-14-0781-01,,WT,,1690.13,-0.8865,0.001,0,0,,,,,0,,-0.9679
TCGA-14-0783-01,,NP,,,,-0.073,0,0,NP,,,,0,,
TCGA-14-0786-01,,WT,,,,-0.045,0,0,,,,,0,,
TCGA-14-0787-01,,WT,,1816.4,-0.7358,-0.11,0,0,,,,,-1,,-0.7601
TCGA-14-0789-01,,M148Nfs*3,,900.189,-1.8293,0.001,1,1,,,,,0,,-2.785
TCGA-14-0790-01,,WT,,3070.31,0.7609,-0.011,0,0,,,,,0,,0.7546
TCGA-14-0812-01,,WT,,,,-0.049,0,0,,,,,0,,
TCGA-14-0813-01,,R259*,,,,-0.044,1,1,,,,,0,,
TCGA-14-0817-01,,WT,,2445.92,0.0156,-0.046,0,0,,,,,0,,0.0985
TCGA-14-0862-01,,WT,,,,-0.199,0,0,,,,,-1,,
TCGA-14-0865-01,,WT,,,,-0.226,0,0,,,,,-1,,
TCGA-14-0866-01,,WT,,,,0.012,0,0,,,,,0,,
TCGA-14-0867-01,,WT,,,,-0.062,0,0,,,,,0,,
TCGA-14-0871-01,,WT,,2322.68,-0.1315,0.038,0,0,,,,,0,,-0.0506
TCGA-14-1034-01,,WT,,2951.56,0.6191,-0.072,0,0,,,,,0,,0.6408
TCGA-14-1034-02,,WT,,4636.12,2.6298,,0,0,,,,,NP,,1.944
TCGA-14-1037-01,,WT,,,,-0.046,0,0,,,,,0,,
TCGA-14-1043-01,,WT,,,,0.014,0,0,,,,,0,,
TCGA-14-1395-01,,WT,,,,-0.067,0,0,,,,,0,,
TCGA-14-1396-01,,WT,,,,-0.004,0,0,,,,,0,,
TCGA-14-1401-01,,NP,,,,-0.008,0,0,NP,,,,0,,
TCGA-14-1402-01,,NP,,,,-0.06,0,0,NP,,,,0,,
TCGA-14-1450-01,,WT,,,,-0.008,0,0,,,,,0,,
TCGA-14-1451-01,,WT,,,,-0.081,0,0,,,,,0,,
TCGA-14-1452-01,,NP,,,,0.037,0,0,NP,,,,0,,
TCGA-14-1453-01,,WT,,,,-0.411,0,0,,,,,-1,,
TCGA-14-1454-01,,NP,,,,-0.053,0,0,NP,,,,0,,
TCGA-14-1455-01,,WT,,,,0.219,0,0,,,,,1,,
TCGA-14-1456-01,,WT,,,,0.013,0,0,,,,,0,,
TCGA-14-1458-01,,WT,,,,-0.036,0,0,,,,,0,,
TCGA-14-1459-01,,NP,,,,-1.01,1,1,NP,,,,-2,,
TCGA-14-1794-01,,WT,,,,0.015,0,0,,,,,0,,
TCGA-14-1795-01,,WT,,,,0.007,0,0,,,,,0,,
TCGA-14-1821-01,,WT,,,,-0.187,0,0,,,,,-1,,
TCGA-14-1823-01,,WT,,4719.43,2.7293,0.118,0,0,,,,,1,,1.9954
TCGA-14-1825-01,,WT,,2225.75,-0.2472,0.021,0,0,,,,,0,,-0.1737
TCGA-14-1827-01,,WT,,,,0.047,0,0,,,,,0,,
TCGA-14-1829-01,,WT,,2934.89,0.5992,0.0,0,0,,,,,0,,0.6245
TCGA-14-2554-01,,T966K,,6454.19,4.7998,0.008,1,1,,,,,0,,2.8989
TCGA-14-2555-01,,NP,,,,-0.007,0,0,NP,,,,0,,
TCGA-14-3476-01,,WT,,,,,0,0,,,,,NP,,
TCGA-14-3477-01,,WT,,,,-0.161,0,0,,,,,-1,,
TCGA-14-4157-01,,WT,,,,-0.102,0,0,,,,,-1,,
TCGA-15-0742-01,,WT,,1957.37,-0.5675,-0.13,0,0,,,,,-1,,-0.5444
TCGA-15-1444-01,,NP,,3554.75,1.3391,-0.04,0,0,NP,,,,0,,1.1774
TCGA-15-1446-01,,WT,,,,-0.015,0,0,,,,,0,,
TCGA-15-1447-01,,NP,,,,-0.259,0,0,NP,,,,-1,,
TCGA-15-1449-01,,NP,,,,0.035,0,0,NP,,,,0,,
TCGA-16-0846-01,,WT,,1636.68,-0.9503,0.021,0,0,,,,,0,,-1.0607
TCGA-16-0848-01,,WT,,,,-0.04,0,0,,,,,0,,
TCGA-16-0849-01,,WT,,,,-0.052,0,0,,,,,0,,
TCGA-16-0850-01,,WT,,,,0.136,0,0,,,,,1,,
TCGA-16-0861-01,,WT,,,,-0.133,0,0,,,,,-1,,
TCGA-16-1045-01,,WT,,2266.67,-0.1983,-0.16,0,0,,,,,-1,,-0.1211
TCGA-16-1047-01,,NP,,,,-0.093,0,0,NP,,,,0,,
TCGA-16-1048-01,,WT,,,,-0.024,0,0,,,,,0,,
TCGA-16-1055-01,,NP,,,,-0.017,0,0,NP,,,,0,,
TCGA-16-1056-01,,NP,,,,-0.078,0,0,NP,,,,0,,
TCGA-16-1060-01,,NP,,,,-0.086,0,0,NP,,,,0,,
TCGA-16-1062-01,,NP,,,,-0.02,0,0,NP,,,,0,,
TCGA-16-1063-01,,NP,,,,-0.088,0,0,NP,,,,0,,
TCGA-16-1460-01,,WT,,,,-0.03,0,0,,,,,0,,
TCGA-17-Z000-01,,WT,,,,,0,0,NP,,,,NP,,
TCGA-17-Z001-01,,WT,,,,,0,0,NP,,,,NP,,
TCGA-17-Z002-01,,WT,,,,,0,0,NP,,,,NP,,
TCGA-17-Z003-01,,WT,,,,,0,0,NP,,,,NP,,
TCGA-17-Z004-01,,WT,,,,,0,0,NP,,,,NP,,
TCGA-17-Z005-01,,WT,,,,,0,0,NP,,,,NP,,
TCGA-17-Z007-01,,WT,,,,,0,0,NP,,,,NP,,
TCGA-17-Z009-01,,WT,,,,,0,0,NP,,,,NP,,
TCGA-17-Z010-01,,WT,,,,,0,0,NP,,,,NP,,
TCGA-17-Z011-01,,WT,,,,,0,0,NP,,,,NP,,
TCGA-17-Z013-01,,WT,,,,,0,0,NP,,,,NP,,
TCGA-17-Z014-01,,WT,,,,,0,0,NP,,,,NP,,
TCGA-17-Z015-01,,WT,,,,,0,0,NP,,,,NP,,
TCGA-17-Z016-01,,WT,,,,,0,0,NP,,,,NP,,
TCGA-17-Z017-01,,WT,,,,,0,0,NP,,,,NP,,
TCGA-17-Z018-01,,WT,,,,,0,0,NP,,,,NP,,
TCGA-17-Z019-01,,WT,,,,,0,0,NP,,,,NP,,
TCGA-17-Z020-01,,WT,,,,,0,0,NP,,,,NP,,
TCGA-17-Z021-01,,WT,,,,,0,0,NP,,,,NP,,
TCGA-17-Z022-01,,WT,,,,,0,0,NP,,,,NP,,
TCGA-17-Z023-01,,WT,,,,,0,0,NP,,,,NP,,
TCGA-17-Z025-01,,WT,,,,,0,0,NP,,,,NP,,
TCGA-17-Z026-01,,WT,,,,,0,0,NP,,,,NP,,
TCGA-17-Z027-01,,WT,,,,,0,0,NP,,,,NP,,
TCGA-17-Z028-01,,WT,,,,,0,0,NP,,,,NP,,
TCGA-17-Z030-01,,WT,,,,,0,0,NP,,,,NP,,
TCGA-17-Z031-01,,WT,,,,,0,0,NP,,,,NP,,
TCGA-17-Z032-01,,WT,,,,,0,0,NP,,,,NP,,
TCGA-17-Z033-01,,WT,,,,,0,0,NP,,,,NP,,
TCGA-17-Z036-01,,WT,,,,,0,0,NP,,,,NP,,
TCGA-17-Z037-01,,WT,,,,,0,0,NP,,,,NP,,
TCGA-17-Z041-01,,WT,,,,,0,0,NP,,,,NP,,
TCGA-17-Z042-01,,WT,,,,,0,0,NP,,,,NP,,
TCGA-17-Z043-01,,WT,,,,,0,0,NP,,,,NP,,
TCGA-17-Z044-01,,WT,,,,,0,0,NP,,,,NP,,
TCGA-17-Z045-01,,WT,,,,,0,0,NP,,,,NP,,
TCGA-17-Z047-01,,WT,,,,,0,0,NP,,,,NP,,
TCGA-17-Z048-01,,WT,,,,,0,0,NP,,,,NP,,
TCGA-17-Z049-01,,WT,,,,,0,0,NP,,,,NP,,
TCGA-17-Z050-01,,WT,,,,,0,0,NP,,,,NP,,
TCGA-17-Z051-01,,WT,,,,,0,0,NP,,,,NP,,
TCGA-17-Z052-01,,WT,,,,,0,0,NP,,,,NP,,
TCGA-17-Z053-01,,R1242*,,,,,1,1,NP,,,,NP,,
TCGA-17-Z054-01,,WT,,,,,0,0,NP,,,,NP,,
TCGA-17-Z055-01,,WT,,,,,0,0,NP,,,,NP,,
TCGA-17-Z056-01,,WT,,,,,0,0,NP,,,,NP,,
TCGA-17-Z057-01,,WT,,,,,0,0,NP,,,,NP,,
TCGA-17-Z058-01,,WT,,,,,0,0,NP,,,,NP,,
TCGA-17-Z059-01,,WT,,,,,0,0,NP,,,,NP,,
TCGA-17-Z060-01,,WT,,,,,0,0,NP,,,,NP,,
TCGA-17-Z061-01,,WT,,,,,0,0,NP,,,,NP,,
TCGA-17-Z062-01,,WT,,,,,0,0,NP,,,,NP,,
TCGA-18-3406-01,,WT,,3270.87,1.3231,-0.258,0,0,,1.7044,,,-1,,0.9517
TCGA-18-3407-01,,WT,,2608.94,0.3318,0.249,0,0,,0.6505,,,1,,0.2438
TCGA-18-3408-01,,WT,,5394.04,4.5025,0.327,0,0,,4.0362,,,1,,2.518
TCGA-18-3410-01,,WT,,3870.72,2.2213,0.023,0,0,,2.4893,,,0,,1.4789
TCGA-18-3411-01,,WT,,2380.77,-0.0099,0.014,0,0,,0.2239,,,0,,-0.0427
TCGA-18-3412-01,,WT,,2402.97,0.0234,-0.502,0,0,,0.2672,,,-1,,-0.0136
TCGA-18-3414-01,,WT,,2017.72,-0.5536,0.08,0,0,,-0.5471,,,0,,-0.5606
TCGA-18-3415-01,,WT,,2645.66,0.3868,0.284,0,0,,0.7156,,,1,,0.2876
TCGA-18-3416-01,,WT,,2069.26,-0.4764,-0.237,0,0,,-0.4296,,,-1,,-0.4817
TCGA-18-3417-01,,WT,,1821.63,-0.8472,0.275,0,0,,-1.0236,,,1,,-0.8807
TCGA-18-3419-01,,WT,,3088.2,1.0495,-0.028,0,0,,1.4365,,,0,,0.7718
TCGA-18-3421-01,,WT,,3184.81,1.1942,0.177,0,0,,1.5801,,,1,,0.8682
TCGA-18-4083-01,,WT,,3114.8,1.0893,-0.415,0,0,,1.4765,,,-1,,0.7986
TCGA-18-4086-01,,WT,,2455.24,0.1016,-0.144,0,0,,0.3675,,,-1,,0.0537
TCGA-18-4721-01,,WT,,2113.72,-0.4098,-0.075,0,0,,-0.3305,,,0,,-0.4151
TCGA-18-5592-01,,WT,,2621.13,0.3501,-0.207,0,0,,0.6722,,,-1,,0.2584
TCGA-19-0955-01,,NP,,,,0.042,0,0,NP,,,,0,,
TCGA-19-0957-01,,WT,,,,0.011,0,0,,,,,0,,
TCGA-19-0960-01,,NP,,,,-0.077,0,0,NP,,,,0,,
TCGA-19-0962-01,,NP,,,,-0.077,0,0,NP,,,,0,,
TCGA-19-0963-01,,NP,,,,-0.05,0,0,NP,,,,0,,
TCGA-19-0964-01,,NP,,,,-0.076,0,0,NP,,,,0,,
TCGA-19-1385-01,,WT,,,,-0.022,0,0,,,,,0,,
TCGA-19-1386-01,,WT,,,,-0.034,0,0,,,,,0,,
TCGA-19-1387-01,,WT,,,,-0.086,0,0,,,,,0,,
TCGA-19-1388-01,,WT,,,,0.107,0,0,,,,,1,,
TCGA-19-1389-01,,WT,,,,-0.04,0,0,,,,,0,,
TCGA-19-1390-01,,WT,,2955.53,0.6239,-0.137,0,0,,,,,-1,,0.6447
TCGA-19-1392-01,,NP,,,,-0.101,0,0,NP,,,,-1,,
TCGA-19-1786-01,,WT,,,,-0.233,0,0,,,,,-1,,
TCGA-19-1787-01,,WT,,4263.14,2.1846,0.393,0,0,,,,,1,,1.7019
TCGA-19-1789-01,,WT,,,,-0.053,0,0,,,,,0,,
TCGA-19-1790-01,,WT,,,,,0,0,,,,,NP,,
TCGA-19-1791-01,,E472fs,,,,-0.027,1,1,,,,,0,,
TCGA-19-2619-01,,WT,,2529.49,0.1154,-0.104,0,0,,,,,-1,,0.1955
TCGA-19-2620-01,,WT,,2608.97,0.2102,-0.077,0,0,,,,,0,,0.2848
TCGA-19-2621-01,,WT,,,,-0.166,0,0,,,,,-1,,
TCGA-19-2623-01,,WT,,,,-0.143,0,0,,,,,-1,,
TCGA-19-2624-01,,WT,,2549.36,0.1391,-0.027,0,0,,,,,0,,0.2181
TCGA-19-2625-01,,WT,,2051.22,-0.4555,-0.124,0,0,,,,,-1,,-0.4093
TCGA-19-2629-01,,WT,,2705.93,0.326,-0.125,0,0,,,,,-1,,0.3901
TCGA-19-2631-01,,WT,,,,-0.03,0,0,,,,,0,,
TCGA-19-4065-01,,WT,,2060.1,-0.4449,-0.006,0,0,,,,,0,,-0.3968
TCGA-19-4068-01,,WT,,,,,0,0,,,,,NP,,
TCGA-19-5947-01,,WT,,,,-0.345,0,0,,,,,-1,,
TCGA-19-5950-01,,WT,,,,-0.022,0,0,,,,,0,,
TCGA-19-5951-01,,WT,,,,-0.061,0,0,,,,,0,,
TCGA-19-5952-01,,WT,,,,-0.054,0,0,,,,,0,,
TCGA-19-5953-01,,WT,,,,-0.016,0,0,,,,,0,,
TCGA-19-5954-01,,WT,,,,-0.023,0,0,,,,,0,,
TCGA-19-5955-01,,R1045*,,,,-0.023,1,1,,,,,0,,
TCGA-19-5956-01,,WT,,,,-0.117,0,0,,,,,-1,,
TCGA-19-5958-01,,WT,,,,-0.007,0,0,,,,,0,,
TCGA-19-5959-01,,WT,,,,-0.058,0,0,,,,,0,,
TCGA-19-5960-01,,WT,,4422.74,2.3751,-0.218,0,0,,,,,-1,,1.808
TCGA-19-A60I-01,,WT,,,,-0.082,0,0,,,,,0,,
TCGA-19-A6J4-01,,WT,,,,-0.001,0,0,,,,,0,,
TCGA-19-A6J5-01,,WT,,,,-0.062,0,0,,,,,0,,
TCGA-20-0987-01,,X1235_splice,,,,0.819,1,1,,,,,2,,
TCGA-20-0990-01,,NP,,,,0.013,0,0,NP,,,,0,,
TCGA-20-0991-01,,WT,,,,0.114,0,0,,,,,1,,
TCGA-20-0996-01,,WT,,,,-0.002,0,0,,,,,0,,
TCGA-20-1682-01,,WT,,3745.8692,2.001,1.21,0,0,,,,,1,,1.2821
TCGA-20-1683-01,,WT,,5140.2523,3.8506,2.35,1,1,,,,,2,,2.0735
TCGA-20-1684-01,,WT,,2164.8666,-0.0961,-0.307,0,0,,,,,-1,,-0.0888
TCGA-20-1685-01,,WT,,3663.7901,1.8921,0.156,0,0,,,,,1,,1.2267
TCGA-20-1686-01,,WT,,,,0.532,0,0,,,,,1,,
TCGA-20-1687-01,,WT,,2396.5744,0.2112,1.01,0,0,,,,,1,,0.1654
TCGA-21-1071-01,,WT,,2512.69,0.1877,-0.049,0,0,,0.4753,,,0,,0.1261
TCGA-21-1072-01,,WT,,3778.19,2.0828,-0.107,0,0,,2.3765,,,-1,,1.4031
TCGA-21-1075-01,,WT,,3633.1,1.8655,-0.063,0,0,,2.1939,,,0,,1.2805
TCGA-21-1076-01,,WT,,2352.59,-0.0521,0.028,0,0,,0.1684,,,0,,-0.08
TCGA-21-1079-01,,WT,,2749.44,0.5422,0.078,0,0,,0.895,,,0,,0.408
TCGA-21-1080-01,,WT,,2512.46,0.1873,-0.165,0,0,,0.4749,,,-1,,0.1258
TCGA-21-1081-01,,WT,,926.584,-2.1875,0.236,0,0,,-4.1729,,,1,,-2.996
TCGA-21-1082-01,,WT,,2404.06,0.025,-0.11,0,0,,0.2693,,,-1,,-0.0122
TCGA-21-5782-01,,P1129S,,2017.98,-0.5532,-0.087,1,1,,-0.5465,,,0,,-0.5602
TCGA-21-5783-01,,WT,,3576.03,1.78,0.056,0,0,,2.1201,,,0,,1.231
TCGA-21-5784-01,,WT,,1307.09,-1.6177,0.049,0,0,,-2.5702,,,0,,-1.9195
TCGA-21-5786-01,,WT,,3078.61,1.0351,-0.041,0,0,,1.422,,,0,,0.762
TCGA-21-5787-01,,WT,,1550.8,-1.2528,0.0,0,0,,-1.7736,,,0,,-1.3844
TCGA-22-0940-01,,WT,,2115.93,-0.4065,-0.105,0,0,,-0.3257,,,-1,,-0.4119
TCGA-22-0944-01,,WT,,2401.65,0.0214,-0.087,0,0,,0.2646,,,0,,-0.0154
TCGA-22-1000-01,,WT,,1706.25,-1.02,-0.033,0,0,,-1.3285,,,0,,-1.0855
TCGA-22-1002-01,,WT,,2331.67,-0.0834,-0.001,0,0,,0.1268,,,0,,-0.1079
TCGA-22-1005-01,,WT,,1776.97,-0.9141,0.049,0,0,,-1.1392,,,0,,-0.9583
TCGA-22-1011-01,,WT,,2832.51,0.6666,-0.007,0,0,,1.0337,,,0,,0.5012
TCGA-22-1012-01,,WT,,1742.9,-0.9651,0.133,0,0,,-1.2295,,,1,,-1.0189
TCGA-22-1016-01,,WT,,1842.62,-0.8158,-0.015,0,0,,-0.9702,,,0,,-0.8448
TCGA-22-1017-01,,WT,,2579.28,0.2874,-0.034,0,0,,0.5972,,,0,,0.208
TCGA-22-4591-01,,WT,,3717.04,1.9912,0.848,0,0,,2.3004,,,1,,1.3521
TCGA-22-4593-01,,WT,,4354.46,2.9457,0.578,0,0,,3.0382,,,1,,1.8476
TCGA-22-4594-01,,WT,,2117.18,-0.4046,0.077,0,0,,-0.3229,,,0,,-0.41
TCGA-22-4595-01,,WT,,3017.78,0.944,0.169,0,0,,1.329,,,1,,0.6996
TCGA-22-4596-01,,WT,,1783.62,-0.9041,0.008,0,0,,-1.1218,,,0,,-0.9467
TCGA-22-4599-01,,WT,,3615.25,1.8388,0.022,0,0,,2.171,,,0,,1.2651
TCGA-22-4601-01,,WT,,2129.47,-0.3862,-0.058,0,0,,-0.2959,,,0,,-0.3919
TCGA-22-4604-01,,WT,,2303.68,-0.1253,0.071,0,0,,0.0705,,,0,,-0.1457
TCGA-22-4605-01,,WT,,2337.69,-0.0744,0.0,0,0,,0.1388,,,0,,-0.0999
TCGA-22-4607-01,,WT,,2181.89,-0.3077,-0.132,0,0,,-0.1826,,,-1,,-0.3158
TCGA-22-4609-01,,WT,,2472.36,0.1273,-0.052,0,0,,0.3999,,,0,,0.0755
TCGA-22-4613-01,,WT,,2542.48,0.2323,-0.105,0,0,,0.5302,,,-1,,0.163
TCGA-22-5471-01,,WT,,2451.6,0.0962,-0.109,0,0,,0.3606,,,-1,,0.0491
TCGA-22-5472-01,,WT,,2570.73,0.2746,-0.092,0,0,,0.5817,,,0,,0.1976
TCGA-22-5473-01,,P572S,,3128.07,1.1092,0.815,1,1,,1.4963,,,1,,0.8119
TCGA-22-5474-01,,WT,,2226.9,-0.2403,-0.031,0,0,,-0.0874,,,0,,-0.2519
TCGA-22-5477-01,,WT,,7297.63,7.3532,0.443,0,0,,5.4452,,,1,,3.4644
TCGA-22-5478-01,,WT,,1900.5,-0.7291,-0.063,0,0,,-0.8261,,,0,,-0.748
TCGA-22-5479-01,,WT,,2640.33,0.3788,-0.006,0,0,,0.7062,,,0,,0.2813
TCGA-22-5480-01,,WT,,5482.67,4.6353,0.374,0,0,,4.1122,,,1,,2.569
TCGA-22-5481-01,,WT,,1272.98,-1.6688,0.3,0,0,,-2.6934,,,1,,-2.0023
TCGA-22-5482-01,,WT,,1956.92,-0.6446,0.022,0,0,,-0.6897,,,0,,-0.6564
TCGA-22-5483-01,,WT,,3798.64,2.1134,0.575,0,0,,2.4016,,,1,,1.4201
TCGA-22-5485-01,,WT,,2091.34,-0.4433,-0.117,0,0,,-0.3801,,,-1,,-0.4485
TCGA-22-5489-01,,WT,,2396.83,0.0142,0.024,0,0,,0.2553,,,0,,-0.0217
TCGA-22-5491-01,,WT,,2179.82,-0.3108,-0.367,0,0,,-0.187,,,-1,,-0.3187
TCGA-22-5492-01,,WT,,2655.31,0.4012,-0.075,0,0,,0.7326,,,0,,0.299
TCGA-22-A5C4-01,,WT,,4577.88,3.2803,0.322,0,0,,3.2714,,,1,,2.0043
TCGA-23-1021-01,,WT,,,,-0.106,0,0,,,,,-1,,
TCGA-23-1022-01,,WT,,,,-0.673,0,0,,,,,-1,,
TCGA-23-1023-01,,NP,,1851.3797,-0.512,0.031,0,0,NP,,,,0,,-0.4799
TCGA-23-1024-01,,WT,,,,0.06,0,0,,,,,0,,
TCGA-23-1026-01,,WT,,1363.538,-1.1591,-0.056,0,0,,,,,0,,-1.2444
TCGA-23-1027-01,,WT,,1452.1631,-1.0415,0.472,0,0,,,,,1,,-1.087
TCGA-23-1028-01,,WT,,,,0.575,0,0,,,,,1,,
TCGA-23-1029-01,,WT,,2840.2173,0.7997,-0.136,0,0,,,,,-1,,0.5901
TCGA-23-1030-01,,WT,,,,-0.107,0,0,,,,,-1,,
TCGA-23-1031-01,,NP,,,,0.244,0,0,NP,,,,1,,
TCGA-23-1032-01,,WT,,,,-0.338,0,0,,,,,-1,,
TCGA-23-1109-01,,WT,,2470.1322,0.3088,0.484,0,0,,,,,1,,0.241
TCGA-23-1110-01,,WT,,,,-0.329,0,0,,,,,-1,,
TCGA-23-1111-01,,WT,,2063.2734,-0.2309,0.191,0,0,,,,,1,,-0.209
TCGA-23-1113-01,,WT,,,,-0.378,0,0,,,,,-1,,
TCGA-23-1114-01,,WT,,1633.7568,-0.8006,-0.545,0,0,,,,,-1,,-0.7925
TCGA-23-1116-01,,WT,,,,-0.356,0,0,,,,,-1,,
TCGA-23-1117-01,,WT,,,,-0.061,0,0,,,,,0,,
TCGA-23-1118-01,,WT,,,,-0.177,0,0,,,,,-1,,
TCGA-23-1119-01,,WT,,,,0.026,0,0,,,,,0,,
TCGA-23-1120-01,,WT,,2327.97,0.1202,0.185,0,0,,,,,1,,0.0928
TCGA-23-1121-01,,WT,1.9543,,,0.777,0,0,,,0.5195,,1,,
TCGA-23-1122-01,,WT,-0.645,2224.5051,-0.017,-0.254,0,0,,,-0.1178,,-1,,-0.0209
TCGA-23-1123-01,,WT,,1670.5306,-0.7519,-0.297,0,0,,,,,-1,,-0.7369
TCGA-23-1124-01,,WT,,,,-0.171,0,0,,,,,-1,,
TCGA-23-1809-01,,WT,,423.8382,-2.4055,-0.157,0,0,,,,,-1,,-4.1631
TCGA-23-2072-01,,WT,,,,-0.031,0,0,,,,,0,,
TCGA-23-2077-01,,WT,,2385.261,0.1962,0.284,0,0,,,,,1,,0.1536
TCGA-23-2078-01,,WT,,2111.371,-0.1671,-0.069,0,0,,,,,0,,-0.1514
TCGA-23-2079-01,,WT,,,,0.755,0,0,,,,,1,,
TCGA-23-2081-01,,WT,,4713.2072,3.2841,0.361,0,0,,,,,1,,1.8566
TCGA-23-2084-01,,WT,,2463.2863,0.2997,-0.355,0,0,,,,,-1,,0.234
TCGA-23-2641-01,,WT,,,,-0.261,0,0,,,,,-1,,
TCGA-23-2643-01,,WT,,,,-0.041,0,0,,,,,0,,
TCGA-23-2645-01,,WT,,,,-0.012,0,0,,,,,0,,
TCGA-23-2647-01,,WT,,,,,0,0,,,,,NP,,
TCGA-23-2649-01,,WT,,,,,0,0,,,,,NP,,
TCGA-24-0966-01,,WT,,,,-0.166,0,0,,,,,-1,,
TCGA-24-0968-01,,WT,,,,-0.042,0,0,,,,,0,,
TCGA-24-0970-01,,WT,,,,-0.184,0,0,,,,,-1,,
TCGA-24-0975-01,,NP,,1709.9207,-0.6996,0.038,0,0,NP,,,,0,,-0.6786
TCGA-24-0979-01,,NP,,,,0.041,0,0,NP,,,,0,,
TCGA-24-0980-01,,WT,,,,0.645,0,0,,,,,1,,
TCGA-24-0982-01,,WT,,,,-0.048,0,0,,,,,0,,
TCGA-24-1103-01,,WT,0.7332,1841.8139,-0.5247,-0.232,0,0,,,0.2201,,-1,,-0.4929
TCGA-24-1104-01,,WT,,,,0.152,0,0,,,,,1,,
TCGA-24-1105-01,,WT,,,,-0.221,0,0,,,,,-1,,
TCGA-24-1413-01,,WT,,2781.9025,0.7223,-0.318,0,0,,,,,-1,,0.5382
TCGA-24-1416-01,,WT,-0.074,1708.1006,-0.702,-0.199,0,0,,,0.0222,,-1,,-0.6813
TCGA-24-1417-01,,WT,,2291.4031,0.0717,-0.107,0,0,,,,,-1,,0.0532
TCGA-24-1418-01,,WT,,1622.7847,-0.8152,-0.042,0,0,,,,,0,,-0.8094
TCGA-24-1419-01,,WT,,2317.0703,0.1058,0.215,0,0,,,,,1,,0.081
TCGA-24-1422-01,,WT,-2.2576,,,0.04,0,0,,,-0.5132,,0,,
TCGA-24-1423-01,,WT,,2537.0199,0.3975,-0.58,0,0,,,,,-1,,0.3078
TCGA-24-1424-01,,WT,,2183.3362,-0.0716,0.08,0,0,,,,,0,,-0.0676
TCGA-24-1425-01,,WT,,1961.8147,-0.3655,-0.355,0,0,,,,,-1,,-0.3351
TCGA-24-1426-01,,WT,,,,-0.289,0,0,,,,,-1,,
TCGA-24-1427-01,,WT,,3086.8993,1.1269,0.471,0,0,,,,,1,,0.7983
TCGA-24-1428-01,,WT,,1937.647,-0.3975,-0.257,0,0,,,,,-1,,-0.366
TCGA-24-1430-01,,WT,-1.0337,3091.5632,1.1331,-0.229,0,0,,,-0.2131,,-1,,0.8021
TCGA-24-1431-01,,WT,0.4925,,,-0.223,0,0,,,0.1611,,-1,,
TCGA-24-1434-01,,WT,,2616.3689,0.5028,-0.003,0,0,,,,,0,,0.3848
TCGA-24-1435-01,,WT,-1.5223,1823.0031,-0.5496,-0.239,0,0,,,-0.3329,,-1,,-0.5185
TCGA-24-1436-01,,WT,-1.2657,1831.545,-0.5383,0.03,0,0,,,-0.27,,0,,-0.5068
TCGA-24-1463-01,,WT,,2844.2194,0.805,-0.246,0,0,,,,,-1,,0.5936
TCGA-24-1464-01,,WT,0.3428,,,-0.12,0,0,,,0.1244,,-1,,
TCGA-24-1466-01,,WT,,,,-0.414,0,0,,,,,-1,,
TCGA-24-1467-01,,WT,,2486.7611,0.3308,-0.047,0,0,,,,,0,,0.2578
TCGA-24-1469-01,,WT,,3015.1201,1.0317,-0.155,0,0,,,,,-1,,0.7395
TCGA-24-1470-01,,WT,,,,-0.431,0,0,,,,,-1,,
TCGA-24-1471-01,,WT,,,,-0.022,0,0,,,,,0,,
TCGA-24-1474-01,,WT,-0.5911,2231.1338,-0.0082,0.504,0,0,,,-0.1046,,1,,-0.0134
TCGA-24-1544-01,,WT,-3.8071,46.1407,-2.9065,-0.819,0,0,,,-0.8931,,-1,,-9.6625
TCGA-24-1545-01,,WT,,2987.395,0.9949,-0.058,0,0,,,,,0,,0.7164
TCGA-24-1546-01,,WT,,1538.1202,-0.9275,-0.186,0,0,,,,,-1,,-0.9433
TCGA-24-1548-01,,WT,-0.2559,3478.1426,1.6459,-0.205,0,0,,,-0.0224,,-1,,1.0967
TCGA-24-1549-01,,WT,,2678.7271,0.5855,-0.517,0,0,,,,,-1,,0.4437
TCGA-24-1550-01,,WT,,2362.024,0.1654,-0.183,0,0,,,,,-1,,0.1291
TCGA-24-1551-01,,WT,,1875.6301,-0.4798,-0.054,0,0,,,,,0,,-0.4474
TCGA-24-1552-01,,WT,,1788.9905,-0.5947,-0.172,0,0,,,,,-1,,-0.5656
TCGA-24-1553-01,,WT,-0.3322,2354.4128,0.1553,0.096,0,0,,,-0.0411,,0,,0.121
TCGA-24-1555-01,,WT,0.4619,2924.5404,0.9115,0.478,0,0,,,0.1536,,1,,0.6632
TCGA-24-1556-01,,WT,,2336.8532,0.132,0.191,0,0,,,,,1,,0.1023
TCGA-24-1557-01,,WT,1.0815,2271.0514,0.0447,0.093,0,0,,,0.3055,,0,,0.0309
TCGA-24-1558-01,,WT,-0.7139,2910.9106,0.8935,-0.073,0,0,,,-0.1347,,0,,0.6515
TCGA-24-1560-01,,WT,,1710.5412,-0.6988,-0.116,0,0,,,,,-1,,-0.6777
TCGA-24-1562-01,,WT,-0.3746,2068.8164,-0.2235,-0.2,0,0,,,-0.0515,,-1,,-0.2023
TCGA-24-1563-01,,WT,,2814.1468,0.7651,0.242,0,0,,,,,1,,0.567
TCGA-24-1564-01,,WT,,2748.1381,0.6776,0.145,0,0,,,,,1,,0.5077
TCGA-24-1565-01,,WT,-0.3725,,,-0.006,0,0,,,-0.051,,0,,
TCGA-24-1567-01,,WT,,4053.9684,2.4097,-0.226,0,0,,,,,-1,,1.4798
TCGA-24-1603-01,,WT,,2863.0095,0.8299,-0.252,0,0,,,,,-1,,0.61
TCGA-24-1604-01,,WT,,3513.0033,1.6921,-0.232,0,0,,,,,-1,,1.1216
TCGA-24-1614-01,,NP,,,,-0.109,0,0,NP,,,,-1,,
TCGA-24-1616-01,,WT,,1964.5862,-0.3618,0.067,0,0,,,,,0,,-0.3315
TCGA-24-1842-01,,WT,,2408.0429,0.2264,0.005,0,0,,,,,0,,0.1773
TCGA-24-1843-01,,WT,,1698.3281,-0.715,-0.367,0,0,,,,,-1,,-0.6956
TCGA-24-1844-01,,WT,,2203.326,-0.0451,-0.672,0,0,,,,,-1,,-0.0448
TCGA-24-1845-01,,WT,,,,0.417,0,0,,,,,1,,
TCGA-24-1846-01,,WT,,2716.2144,0.6352,0.166,0,0,,,,,1,,0.4784
TCGA-24-1847-01,,WT,,3671.5978,1.9025,0.555,0,0,,,,,1,,1.2321
TCGA-24-1849-01,,WT,,1646.911,-0.7832,-0.084,0,0,,,,,0,,-0.7725
TCGA-24-1850-01,,WT,,1179.7312,-1.4029,-0.018,0,0,,,,,0,,-1.6063
TCGA-24-1852-01,,NP,,,,-0.126,0,0,NP,,,,-1,,
TCGA-24-1920-01,,NP,0.0088,,,0.669,0,0,NP,,0.0425,,1,,
TCGA-24-1923-01,,NP,,,,-0.007,0,0,NP,,,,0,,
TCGA-24-1924-01,,WT,,2592.346,0.4709,0.165,0,0,,,,,1,,0.3617
TCGA-24-1927-01,,WT,0.8567,,,-0.922,0,0,,,0.2504,,-1,,
TCGA-24-1928-01,,WT,,2298.3111,0.0809,0.087,0,0,,,,,0,,0.0607
TCGA-24-1930-01,,WT,,1755.9499,-0.6385,-0.295,0,0,,,,,-1,,-0.6122
TCGA-24-2019-01,,WT,,2754.4567,0.6859,-0.031,0,0,,,,,0,,0.5134
TCGA-24-2020-01,,WT,,2399.4286,0.215,0.524,0,0,,,,,1,,0.1684
TCGA-24-2023-01,,WT,,2943.4547,0.9366,1.22,1,1,,,,,2,,0.6793
TCGA-24-2024-01,,WT,-0.1792,2198.3208,-0.0518,-0.271,0,0,,,-0.0036,,-1,,-0.0505
TCGA-24-2026-01,,WT,,2171.7643,-0.087,-0.049,0,0,,,,,0,,-0.0809
TCGA-24-2027-01,,WT,,2322.3857,0.1128,-0.284,0,0,,,,,-1,,0.0868
TCGA-24-2029-01,,NP,,,,-0.17,0,0,NP,,,,-1,,
TCGA-24-2030-01,,WT,-0.8587,,,-0.15,0,0,,,-0.1702,,-1,,
TCGA-24-2033-01,,WT,-0.2747,2239.4276,0.0028,1.17,0,0,,,-0.027,,1,,-0.0042
TCGA-24-2035-01,,WT,,2734.653,0.6597,-0.245,0,0,,,,,-1,,0.4954
TCGA-24-2038-01,,WT,,2277.5561,0.0533,0.163,0,0,,,,,1,,0.038
TCGA-24-2254-01,,WT,,2746.7834,0.6758,-0.271,0,0,,,,,-1,,0.5064
TCGA-24-2260-01,,WT,,,,3.66,1,1,,,,,2,,
TCGA-24-2261-01,,WT,2.1333,3677.3683,1.9101,0.215,0,0,,,0.5634,,1,,1.236
TCGA-24-2262-01,,WT,,2911.2312,0.8939,0.575,0,0,,,,,1,,0.6518
TCGA-24-2267-01,,E721V,,1825.1851,-0.5467,0.492,1,1,,,,,1,,-0.5155
TCGA-24-2271-01,,WT,,1503.694,-0.9732,-0.144,0,0,,,,,-1,,-0.9999
TCGA-24-2280-01,,WT,,,,0.077,0,0,,,,,0,,
TCGA-24-2281-01,,WT,,1951.4734,-0.3792,0.158,0,0,,,,,1,,-0.3483
TCGA-24-2288-01,,WT,,2770.0203,0.7066,0.279,0,0,,,,,1,,0.5275
TCGA-24-2289-01,,WT,0.2074,2871.6342,0.8414,0.297,0,0,,,0.0912,,1,,0.6176
TCGA-24-2290-01,,WT,0.8657,2939.5457,0.9314,-0.47,0,0,,,0.2526,,-1,,0.676
TCGA-24-2293-01,,WT,,2234.5465,-0.0037,-0.043,0,0,,,,,0,,-0.0096
TCGA-24-2295-01,,WT,,,,0.054,0,0,,,,,0,,
TCGA-24-2297-01,,WT,,2018.0715,-0.2909,-0.206,0,0,,,,,-1,,-0.2644
TCGA-24-2298-01,,WT,1.2344,1777.0462,-0.6106,-0.162,0,0,,,0.343,,-1,,-0.5823
TCGA-25-1312-01,,WT,-0.5997,1505.4003,-0.9709,0.064,0,0,,,-0.1067,,0,,-0.997
TCGA-25-1313-01,,WT,-0.2029,2691.6228,0.6026,-0.024,0,0,,,-0.0094,,0,,0.4557
TCGA-25-1314-01,,WT,,1437.4888,-1.061,-0.358,0,0,,,,,-1,,-1.1124
TCGA-25-1315-01,,WT,,2251.4752,0.0187,-0.598,0,0,,,,,-1,,0.0092
TCGA-25-1316-01,,WT,,4875.3695,3.4992,-0.228,0,0,,,,,-1,,1.9412
TCGA-25-1317-01,,NP,,1713.3954,-0.695,-0.031,0,0,NP,,,,0,,-0.6735
TCGA-25-1318-01,,WT,-0.125,2113.7288,-0.164,-0.125,0,0,,,0.0097,,-1,,-0.1486
TCGA-25-1319-01,,WT,,2964.7268,0.9648,0.591,0,0,,,,,1,,0.6973
TCGA-25-1320-01,,WT,,3132.3184,1.1872,0.43,0,0,,,,,1,,0.8348
TCGA-25-1321-01,,WT,,2571.1153,0.4427,0.0,0,0,,,,,0,,0.3412
TCGA-25-1322-01,,WT,0.5513,2150.9679,-0.1146,-0.201,0,0,,,0.1755,,-1,,-0.1049
TCGA-25-1323-01,,WT,-0.3579,1822.8893,-0.5498,0.025,0,0,,,-0.0474,,0,,-0.5187
TCGA-25-1324-01,,WT,,1377.4057,-1.1407,,0,0,,,,,NP,,-1.2192
TCGA-25-1326-01,,WT,,3185.9898,1.2583,,0,0,,,,,NP,,0.8773
TCGA-25-1328-01,,WT,,2260.193,0.0303,,0,0,,,,,NP,,0.0189
TCGA-25-1329-01,,WT,0.7401,3148.0889,1.2081,0.427,0,0,,,0.2218,,1,,0.8474
TCGA-25-1623-01,,WT,-1.7026,1730.5206,-0.6723,0.052,0,0,,,-0.3771,,0,,-0.6487
TCGA-25-1625-01,,NP,,3173.239,1.2414,0.715,0,0,NP,,,,1,,0.8673
TCGA-25-1626-01,,WT,,1948.6812,-0.3829,0.045,0,0,,,,,0,,-0.3519
TCGA-25-1627-01,,WT,,2378.5391,0.1873,0.053,0,0,,,,,0,,0.1465
TCGA-25-1628-01,,WT,-1.5153,2075.3935,-0.2148,0.084,0,0,,,-0.3312,,0,,-0.1944
TCGA-25-1630-01,,WT,,1996.9338,-0.3189,-0.111,0,0,,,,,-1,,-0.2907
TCGA-25-1631-01,,WT,0.2633,2178.5585,-0.078,-0.205,0,0,,,0.1049,,-1,,-0.0731
TCGA-25-1632-01,,WT,,3075.3583,1.1116,0.4,0,0,,,,,1,,0.789
TCGA-25-1633-01,,WT,,1696.4149,-0.7175,-0.417,0,0,,,,,-1,,-0.6984
TCGA-25-1634-01,,WT,,1291.2521,-1.2549,-0.069,0,0,,,,,0,,-1.3806
TCGA-25-1635-01,,WT,,2579.1402,0.4534,-0.104,0,0,,,,,-1,,0.349
TCGA-25-1870-01,,WT,,4293.8044,2.7278,0.323,0,0,,,,,1,,1.6235
TCGA-25-1871-01,,WT,,2301.5686,0.0852,0.432,0,0,,,,,1,,0.0643
TCGA-25-1877-01,,WT,,,,0.176,0,0,,,,,1,,
TCGA-25-1878-01,,NP,,,,-0.164,0,0,NP,,,,-1,,
TCGA-25-2042-01,,WT,,2784.0535,0.7252,0.365,0,0,,,,,1,,0.5401
TCGA-25-2391-01,,WT,,2422.9861,0.2463,-0.2,0,0,,,,,-1,,0.1928
TCGA-25-2392-01,,WT,,2660.6195,0.5615,0.081,0,0,,,,,0,,0.4267
TCGA-25-2393-01,,WT,,3413.6541,1.5603,-0.017,0,0,,,,,0,,1.0499
TCGA-25-2396-01,,WT,0.1047,2934.9128,0.9253,0.139,0,0,,,0.066,,1,,0.6721
TCGA-25-2397-01,,WT,-0.0927,1538.3271,-0.9272,0.431,0,0,,,0.0176,,1,,-0.943
TCGA-25-2398-01,,WT,,1964.0898,-0.3625,0.235,0,0,,,,,1,,-0.3322
TCGA-25-2399-01,,WT,-0.656,2125.1456,-0.1488,-0.129,0,0,,,-0.1205,,-1,,-0.1351
TCGA-25-2400-01,,WT,,2652.6153,0.5508,0.372,0,0,,,,,1,,0.4192
TCGA-25-2401-01,,WT,,1409.4017,-1.0982,-0.051,0,0,,,,,0,,-1.1618
TCGA-25-2404-01,,WT,-0.1613,2317.7011,0.1066,-0.024,0,0,,,0.0008,,0,,0.0817
TCGA-25-2408-01,,WT,,,,-0.051,0,0,,,,,0,,
TCGA-25-2409-01,,WT,-0.1445,1862.8068,-0.4968,,0,0,,,0.0049,,NP,,-0.4645
TCGA-26-1438-01,,NP,,,,-0.021,0,0,NP,,,,0,,
TCGA-26-1439-01,,WT,,,,-0.18,0,0,,,,,-1,,
TCGA-26-1440-01,,NP,,,,0.137,0,0,NP,,,,1,,
TCGA-26-1442-01,,WT,,2576.3,0.1712,-0.012,0,0,,,,,0,,0.2484
TCGA-26-1443-01,,NP,,,,-0.046,0,0,NP,,,,0,,
TCGA-26-1799-01,,WT,,,,0.146,0,0,,,,,1,,
TCGA-26-5132-01,,WT,,2785.91,0.4214,-0.044,0,0,,,,,0,,0.4741
TCGA-26-5133-01,,WT,,2797.59,0.4354,-0.218,0,0,,,,,-1,,0.4862
TCGA-26-5134-01,,WT,,2172.13,-0.3112,-0.107,0,0,,,,,-1,,-0.244
TCGA-26-5135-01,,WT,,1803.8,-0.7508,-0.021,0,0,,,,,0,,-0.7802
TCGA-26-5136-01,,WT,,2960.78,0.6301,-0.084,0,0,,,,,0,,0.6498
TCGA-26-5139-01,,WT,,1395.19,-1.2385,-0.034,0,0,,,,,0,,-1.5212
TCGA-26-6173-01,,WT,,,,-0.008,0,0,,,,,0,,
TCGA-26-6174-01,,WT,,,,0.013,0,0,,,,,0,,
TCGA-26-A7UX-01,,WT,,,,-0.082,0,0,,,,,0,,
TCGA-27-1830-01,,WT,,2676.56,0.2909,-0.088,0,0,,,,,0,,0.3586
TCGA-27-1831-01,,WT,,5066.23,3.1432,0.031,0,0,,,,,0,,2.2
TCGA-27-1832-01,,WT,,2436.49,0.0044,-0.055,0,0,,,,,0,,0.0874
TCGA-27-1833-01,,WT,,,,-0.063,0,0,,,,,0,,
TCGA-27-1834-01,,WT,,3240.44,0.9639,-0.088,0,0,,,,,0,,0.9103
TCGA-27-1835-01,,WT,,2231.75,-0.24,-0.055,0,0,,,,,0,,-0.1659
TCGA-27-1836-01,,WT,,,,-0.076,0,0,,,,,0,,
TCGA-27-1837-01,,WT,,2113.98,-0.3806,-0.061,0,0,,,,,0,,-0.3223
TCGA-27-1838-01,,WT,,,,0.027,0,0,,,,,0,,
TCGA-27-2518-01,,WT,,,,-0.019,0,0,,,,,0,,
TCGA-27-2519-01,,WT,,2178.69,-0.3033,-0.061,0,0,,,,,0,,-0.2353
TCGA-27-2521-01,,WT,,2348.28,-0.1009,0.0,0,0,,,,,0,,-0.019
TCGA-27-2523-01,,WT,,3168.93,0.8786,-0.018,0,0,,,,,0,,0.8459
TCGA-27-2524-01,,WT,,1733.79,-0.8344,-0.157,0,0,,,,,-1,,-0.8944
TCGA-27-2526-01,,WT,,2830.34,0.4745,0.009,0,0,,,,,0,,0.5198
TCGA-27-2527-01,,WT,,,,-0.022,0,0,,,,,0,,
TCGA-27-2528-01,,WT,,3068.54,0.7588,-0.01,0,0,,,,,0,,0.753
TCGA-28-1746-01,,WT,,,,0.0,0,0,,,,,0,,
TCGA-28-1747-01,,WT,,2536.22,0.1234,-0.063,0,0,,,,,0,,0.2032
TCGA-28-1749-01,,WT,,,,0.009,0,0,,,,,0,,
TCGA-28-1750-01,,WT,,,,-0.132,0,0,,,,,-1,,
TCGA-28-1751-01,,WT,,,,0.0,0,0,,,,,0,,
TCGA-28-1752-01,,WT,,,,-0.024,0,0,,,,,0,,
TCGA-28-1753-01,,WT,,2063.24,-0.4411,-0.03,0,0,,,,,0,,-0.3924
TCGA-28-1755-01,,WT,,,,0.022,0,0,,,,,0,,
TCGA-28-1756-01,,NP,,,,-0.056,0,0,NP,,,,0,,
TCGA-28-1757-01,,WT,,,,-0.027,0,0,,,,,0,,
TCGA-28-2499-01,,WT,,2616.51,0.2192,,0,0,,,,,NP,,0.2931
TCGA-28-2501-01,,WT,,,,-0.032,0,0,,,,,0,,
TCGA-28-2502-01,,WT,,,,-0.041,0,0,,,,,0,,
TCGA-28-2506-01,,WT,,,,0.026,0,0,,,,,0,,
TCGA-28-2509-01,,WT,,3393.79,1.147,-0.002,0,0,,,,,0,,1.0437
TCGA-28-2510-01,,WT,,1515.26,-1.0952,0.004,0,0,,,,,0,,-1.283
TCGA-28-2513-01,,WT,,1996.72,-0.5205,-0.009,0,0,,,,,0,,-0.487
TCGA-28-2514-01,,WT,,3527.33,1.3064,-0.165,0,0,,,,,-1,,1.1551
TCGA-28-5204-01,,WT,,2807.39,0.4471,-0.126,0,0,,,,,-1,,0.4963
TCGA-28-5207-01,,WT,,3099.77,0.796,-0.01,0,0,,,,,0,,0.7822
TCGA-28-5208-01,,WT,,3395.59,1.1491,-0.064,0,0,,,,,0,,1.0452
TCGA-28-5209-01,,WT,,2910.06,0.5696,-0.703,0,0,,,,,-1,,0.5999
TCGA-28-5211-01,,X1018_splice,,,,-0.007,1,1,,,,,0,,
TCGA-28-5213-01,,WT,,2106.27,-0.3898,-0.079,0,0,,,,,0,,-0.3329
TCGA-28-5214-01,,WT,,,,-0.01,0,0,,,,,0,,
TCGA-28-5215-01,,WT,,2570.24,0.164,-0.046,0,0,,,,,0,,0.2416
TCGA-28-5216-01,,WT,,2532.79,0.1193,-0.001,0,0,,,,,0,,0.1992
TCGA-28-5218-01,,WT,,2718.87,0.3414,0.265,0,0,,,,,1,,0.4038
TCGA-28-5219-01,,WT,,,,-0.018,0,0,,,,,0,,
TCGA-28-5220-01,,WT,,3277.3,1.0079,-0.201,0,0,,,,,-1,,0.9429
TCGA-28-6450-01,,WT,,,,0.015,0,0,,,,,0,,
TCGA-29-1688-01,,WT,0.3004,1596.952,-0.8495,-0.162,0,0,,,0.114,,-1,,-0.8495
TCGA-29-1690-01,,NP,-0.4631,2318.2492,0.1073,0.03,0,0,NP,,-0.0732,,0,,0.0823
TCGA-29-1691-01,,WT,,3813.8634,2.0912,0.366,0,0,,,,,1,,1.3271
TCGA-29-1692-01,,NP,,,,0.0,0,0,NP,,,,0,,
TCGA-29-1693-01,,WT,-0.2029,1838.9391,-0.5285,0.049,0,0,,,-0.0094,,0,,-0.4968
TCGA-29-1694-01,,WT,,2239.9033,0.0034,-0.202,0,0,,,,,-1,,-0.0036
TCGA-29-1695-01,,WT,,1504.2524,-0.9724,0.0,0,0,,,,,0,,-0.999
TCGA-29-1696-01,,WT,1.411,2768.314,0.7043,0.402,0,0,,,0.3863,,1,,0.5259
TCGA-29-1697-01,,WT,0.92,2473.8034,0.3137,-0.328,0,0,,,0.2659,,-1,,0.2447
TCGA-29-1698-01,,WT,-2.1961,793.8085,-1.9148,-0.076,0,0,,,-0.4981,,0,,-2.5963
TCGA-29-1699-01,,WT,,2764.7566,0.6996,0.244,0,0,,,,,1,,0.5227
TCGA-29-1701-01,,WT,,2219.293,-0.0239,0.0,0,0,,,,,0,,-0.0267
TCGA-29-1702-01,,WT,0.4705,2339.4075,0.1354,0.621,0,0,,,0.1557,,1,,0.105
TCGA-29-1703-01,,WT,,2316.0672,0.1044,-0.586,0,0,,,,,-1,,0.08
TCGA-29-1704-01,,NP,,,,0.427,0,0,NP,,,,1,,
TCGA-29-1705-01,,WT,1.4738,4352.5018,2.8057,1.35,0,0,,,0.4017,,1,,1.6575
TCGA-29-1707-01,,WT,,,,-0.138,0,0,,,,,-1,,
TCGA-29-1710-01,,WT,-0.7559,2810.3205,0.76,0.292,0,0,,,-0.145,,1,,0.5636
TCGA-29-1711-01,,WT,-0.4109,1748.8144,-0.648,-0.172,0,0,,,-0.0604,,-1,,-0.6224
TCGA-29-1761-01,,WT,,2047.2754,-0.2521,-0.227,0,0,,,,,-1,,-0.2285
TCGA-29-1762-01,,WT,0.3135,2233.016,-0.0057,-0.349,0,0,,,0.1172,,-1,,-0.0113
TCGA-29-1763-01,,WT,0.3498,1920.9561,-0.4197,-0.136,0,0,,,0.1261,,-1,,-0.3877
TCGA-29-1764-01,,WT,,,,0.18,0,0,,,,,1,,
TCGA-29-1766-01,,WT,-1.2735,,,-0.358,0,0,,,-0.2719,,-1,,
TCGA-29-1768-01,,WT,-2.6561,,,-0.377,0,0,,,-0.6109,,-1,,
TCGA-29-1769-01,,WT,1.0558,,,-0.176,0,0,,,0.2992,,-1,,
TCGA-29-1770-01,,WT,-1.2825,1893.7688,-0.4557,-0.062,0,0,,,-0.2741,,0,,-0.4233
TCGA-29-1771-01,,WT,-0.4488,,,-0.085,0,0,,,-0.0697,,0,,
TCGA-29-1774-01,,WT,,,,0.049,0,0,,,,,0,,
TCGA-29-1775-01,,WT,,,,-0.32,0,0,,,,,-1,,
TCGA-29-1776-01,,WT,,2540.5567,0.4022,-0.697,0,0,,,,,-1,,0.3113
TCGA-29-1777-01,,WT,,,,-0.118,0,0,,,,,-1,,
TCGA-29-1778-01,,WT,,2219.0242,-0.0243,0.572,0,0,,,,,1,,-0.027
TCGA-29-1781-01,,WT,,1773.6543,-0.6151,-0.338,0,0,,,,,-1,,-0.5871
TCGA-29-1783-01,,WT,,1485.638,-0.9971,-0.001,0,0,,,,,0,,-1.0301
TCGA-29-1784-01,,WT,,1942.5488,-0.391,0.36,0,0,,,,,1,,-0.3597
TCGA-29-1785-01,,WT,0.3159,2323.7094,0.1146,-0.121,0,0,,,0.1178,,-1,,0.0882
TCGA-29-2425-01,,WT,,1677.1387,-0.7431,0.0,0,0,,,,,0,,-0.727
TCGA-29-2427-01,,WT,-0.1299,2256.6356,0.0256,-0.17,0,0,,,0.0085,,-1,,0.015
TCGA-29-2428-01,,WT,,1539.4439,-0.9257,0.005,0,0,,,,,0,,-0.9411
TCGA-29-2429-01,,WT,,,,0.057,0,0,,,,,0,,
TCGA-29-2431-01,,WT,0.5252,,,-0.173,0,0,,,0.1691,,-1,,
TCGA-29-2432-01,,WT,,,,0.89,0,0,,,,,1,,
TCGA-29-2434-01,,WT,,,,0.023,0,0,,,,,0,,
TCGA-29-2436-01,,WT,,,,-0.011,0,0,,,,,0,,
TCGA-29-A5NZ-01,,WT,,5336.4582,4.1109,0.802,0,0,,,,,1,,2.1672
TCGA-2A-A8VL-01,,WT,,1897.53,-0.7528,-0.016,0,0,,-1.8368,,,0,,-0.7383
TCGA-2A-A8VO-01,,WT,,1807.11,-0.8776,-0.015,0,0,,-2.1056,,,0,,-0.9047
TCGA-2A-A8VT-01,,WT,,3612.87,1.6164,-0.115,0,0,,1.7091,,,-1,,1.4567
TCGA-2A-A8VV-01,,WT,,2497.24,0.0755,-0.003,0,0,,-0.3246,,,0,,0.1978
TCGA-2A-A8VX-01,,WT,,2154.43,-0.3979,-0.028,0,0,,-1.1377,,,0,,-0.3055
TCGA-2A-A8W1-01,,WT,,3016.41,0.7926,-0.038,0,0,,0.7155,,,0,,0.8416
TCGA-2A-A8W3-01,,WT,,2702.51,0.359,0.0,0,0,,0.1104,,,0,,0.4671
TCGA-2A-AAYF-01,,WT,,2118.85,-0.4471,-0.031,0,0,,-1.2294,,,0,,-0.3623
TCGA-2A-AAYO-01,,WT,,1750.39,-0.956,-0.019,0,0,,-2.2811,,,0,,-1.0134
TCGA-2A-AAYU-01,,WT,,2511.64,0.0954,-0.036,0,0,,-0.293,,,0,,0.2174
TCGA-2E-A9G8-01,,WT,,1472.41,-0.7918,-0.158,0,0,,-2.8984,,,-1,,-0.6807
TCGA-2F-A9KO-01,,WT,,4078.13,2.6498,0.017,0,0,,2.0556,,,0,,1.3887
TCGA-2F-A9KP-01,,WT,,2397.42,0.6663,-0.07,0,0,,0.433,,,0,,0.5928
TCGA-2F-A9KQ-01,,WT,,2963.38,1.3342,-0.136,0,0,,1.0803,,,-1,,0.9103
TCGA-2F-A9KR-01,,X699_splice,,755.033,-1.2719,-0.189,1,1,,-3.0944,,,-1,,-1.1373
TCGA-2F-A9KT-01,,WT,,2022.05,0.2234,-0.128,0,0,,-0.087,,,-1,,0.3378
TCGA-2F-A9KW-01,,WT,,1832.65,-0.0001,0.317,1,1,,-0.3874,,,2,,0.1905
TCGA-2G-AAEW-01,,WT,,1689.61,-0.8801,-0.083,0,0,,,,,0,,-1.0806
TCGA-2G-AAEX-01,,WT,,2852.81,0.3781,0.041,0,0,,,,,0,,0.3847
TCGA-2G-AAF1-01,,WT,,2138.33,-0.3947,0.031,0,0,,,,,0,,-0.4217
TCGA-2G-AAF4-01,,WT,,2405.73,-0.1055,-0.081,0,0,,,,,0,,-0.0921
TCGA-2G-AAF6-01,,WT,,3560.26,1.1433,0.05,0,0,,,,,0,,1.0046
TCGA-2G-AAF8-01,,WT,,2798.98,0.3199,0.041,0,0,,,,,0,,0.3315
TCGA-2G-AAFG-01,,WT,,2025.96,-0.5163,-0.402,0,0,,,,,-1,,-0.5728
TCGA-2G-AAFH-01,,WT,,2819.75,0.3423,0.011,0,0,,,,,0,,0.3521
TCGA-2G-AAFI-01,,WT,,3319.15,0.8825,0.261,0,0,,,,,1,,0.8084
TCGA-2G-AAFJ-01,,WT,,2187.66,-0.3414,-0.101,0,0,,,,,-1,,-0.3579
TCGA-2G-AAFL-01,,WT,,1467.0,-1.1208,0.019,0,0,,,,,0,,-1.4757
TCGA-2G-AAFM-01,,WT,,1963.1,-0.5842,0.079,0,0,,,,,0,,-0.6609
TCGA-2G-AAFN-01,,WT,,1966.05,-0.5811,-0.054,0,0,,,,,0,,-0.6567
TCGA-2G-AAFO-01,,WT,,1742.32,-0.823,0.024,0,0,,,,,0,,-0.9946
TCGA-2G-AAFV-01,,WT,,3549.27,1.1314,0.224,0,0,,,,,1,,0.9959
TCGA-2G-AAFY-01,,WT,,2900.1,0.4292,-0.015,0,0,,,,,0,,0.4307
TCGA-2G-AAFZ-01,,WT,,3046.8,0.5879,0.267,0,0,,,,,1,,0.5688
TCGA-2G-AAG0-01,,WT,,3022.67,0.5618,-0.054,0,0,,,,,0,,0.5466
TCGA-2G-AAG3-01,,WT,,2660.26,0.1698,0.165,0,0,,,,,1,,0.1892
TCGA-2G-AAG5-01,,WT,,2140.01,-0.3929,0.401,0,0,,,,,1,,-0.4195
TCGA-2G-AAG6-01,,WT,,2539.54,0.0392,-0.094,0,0,,,,,0,,0.0593
TCGA-2G-AAG7-01,,WT,,6004.18,3.7867,-0.11,0,0,,,,,-1,,2.4669
TCGA-2G-AAG8-01,,WT,,1974.99,-0.5714,0.036,0,0,,,,,0,,-0.644
TCGA-2G-AAG9-01,,WT,,2792.92,0.3133,-0.091,0,0,,,,,0,,0.3254
TCGA-2G-AAGA-01,,WT,,3019.9,0.5588,-0.001,0,0,,,,,0,,0.544
TCGA-2G-AAGC-01,,WT,,3595.25,1.1811,-0.035,0,0,,,,,0,,1.0319
TCGA-2G-AAGE-01,,WT,,3846.6,1.453,-0.014,0,0,,,,,0,,1.221
TCGA-2G-AAGF-01,,WT,,1455.47,-1.1333,-0.042,0,0,,,,,0,,-1.4978
TCGA-2G-AAGG-01,,WT,,3223.37,0.7789,0.0,0,0,,,,,0,,0.7264
TCGA-2G-AAGI-01,,WT,,4196.47,1.8314,0.159,0,0,,,,,1,,1.4646
TCGA-2G-AAGJ-01,,WT,,2759.75,0.2774,-0.027,0,0,,,,,0,,0.292
TCGA-2G-AAGK-01,,WT,,3124.75,0.6722,-0.403,0,0,,,,,-1,,0.6395
TCGA-2G-AAGM-01,,WT,,4286.42,1.9287,0.144,0,0,,,,,1,,1.5239
TCGA-2G-AAGN-01,,WT,,2512.85,0.0104,-0.046,0,0,,,,,0,,0.0298
TCGA-2G-AAGO-01,,WT,,4044.42,1.667,0.389,0,0,,,,,1,,1.3613
TCGA-2G-AAGP-01,,WT,,4712.53,2.3896,0.0,0,0,,,,,0,,1.7891
TCGA-2G-AAGS-01,,WT,,5125.58,2.8364,-0.071,0,0,,,,,0,,2.0242
TCGA-2G-AAGT-01,,WT,,2953.8,0.4873,0.23,0,0,,,,,1,,0.4821
TCGA-2G-AAGV-01,,WT,,2630.11,0.1372,-0.142,0,0,,,,,-1,,0.1574
TCGA-2G-AAGW-01,,WT,,3442.06,1.0154,0.248,0,0,,,,,1,,0.9101
TCGA-2G-AAGX-01,,WT,,2481.74,-0.0233,-0.077,0,0,,,,,0,,-0.0051
TCGA-2G-AAGY-01,,WT,,3361.6,0.9284,-0.334,0,0,,,,,-1,,0.8439
TCGA-2G-AAGZ-01,,WT,,1883.01,-0.6709,0.005,0,0,,,,,0,,-0.7774
TCGA-2G-AAH0-01,,WT,,2622.92,0.1294,0.054,0,0,,,,,0,,0.1497
TCGA-2G-AAH2-01,,WT,,3136.81,0.6853,0.0,0,0,,,,,0,,0.6503
TCGA-2G-AAH3-01,,WT,,2412.36,-0.0983,-0.112,0,0,,,,,-1,,-0.0844
TCGA-2G-AAH4-01,,WT,,2540.38,0.0402,-0.103,0,0,,,,,-1,,0.0602
TCGA-2G-AAH8-01,,WT,,2465.47,-0.0409,-0.05,0,0,,,,,0,,-0.0235
TCGA-2G-AAHA-01,,WT,,1394.53,-1.1992,0.156,0,0,,,,,1,,-1.6174
TCGA-2G-AAHC-01,,WT,,2011.85,-0.5315,0.0,0,0,,,,,0,,-0.5923
TCGA-2G-AAHG-01,,WT,,2059.12,-0.4804,-0.156,0,0,,,,,-1,,-0.5273
TCGA-2G-AAHL-01,,WT,,1265.39,-1.3389,-0.072,0,0,,,,,0,,-1.8892
TCGA-2G-AAHN-01,,WT,,920.585,-1.7119,0.087,0,0,,,,,0,,-2.7787
TCGA-2G-AAHP-01,,WT,,2211.29,-0.3158,-0.165,0,0,,,,,-1,,-0.3279
TCGA-2G-AAHT-01,,WT,,1067.24,-1.5532,-0.452,0,0,,,,,-1,,-2.3654
TCGA-2G-AAKD-01,,WT,,2762.64,0.2806,-0.096,0,0,,,,,0,,0.2949
TCGA-2G-AAKG-01,,WT,,2833.5,0.3572,-0.09,0,0,,,,,0,,0.3657
TCGA-2G-AAKH-01,,WT,,4141.31,1.7718,-0.027,0,0,,,,,0,,1.4276
TCGA-2G-AAKL-01,,WT,,3515.61,1.095,0.13,0,0,,,,,1,,0.9692
TCGA-2G-AAKM-01,,WT,,2464.19,-0.0423,-0.066,0,0,,,,,0,,-0.0249
TCGA-2G-AAKO-01,,WT,,2073.06,-0.4653,0.069,0,0,,,,,0,,-0.5085
TCGA-2G-AAL5-01,,WT,,2798.16,0.319,-0.183,0,0,,,,,-1,,0.3306
TCGA-2G-AAL7-01,,WT,,2888.11,0.4163,0.025,0,0,,,,,0,,0.4192
TCGA-2G-AALF-01,,WT,,1160.87,-1.452,0.07,0,0,,,,,0,,-2.1303
TCGA-2G-AALG-01,,WT,,1259.08,-1.3457,0.009,0,0,,,,,0,,-1.9032
TCGA-2G-AALN-01,,WT,,2531.99,0.0311,-0.162,0,0,,,,,-1,,0.051
TCGA-2G-AALO-01,,WT,,3074.1,0.6174,0.277,0,0,,,,,1,,0.5938
TCGA-2G-AALP-01,,WT,,3471.58,1.0474,-0.406,0,0,,,,,-1,,0.934
TCGA-2G-AALQ-01,,WT,,1786.14,-0.7757,-0.232,0,0,,,,,-1,,-0.9252
TCGA-2G-AALR-01,,D321Y,,3040.8,0.5814,0.22,1,1,,,,,1,,0.5633
TCGA-2G-AALS-01,,WT,,2777.31,0.2964,0.323,0,0,,,,,1,,0.3097
TCGA-2G-AALT-01,,WT,,1155.82,-1.4574,-0.067,0,0,,,,,0,,-2.1425
TCGA-2G-AALW-01,,WT,,2845.4,0.3701,-0.056,0,0,,,,,0,,0.3775
TCGA-2G-AALX-01,,WT,,3091.49,0.6362,0.316,0,0,,,,,1,,0.6095
TCGA-2G-AALY-01,,WT,,2539.22,0.0389,-0.306,0,0,,,,,-1,,0.059
TCGA-2G-AALZ-01,,WT,,1087.42,-1.5314,-0.066,0,0,,,,,0,,-2.313
TCGA-2G-AAM2-01,,WT,,5664.46,3.4192,-0.182,0,0,,,,,-1,,2.3039
TCGA-2G-AAM3-01,,WT,,1903.5,-0.6487,-0.171,0,0,,,,,-1,,-0.7472
TCGA-2G-AAM4-01,,WT,,3570.23,1.1541,0.288,0,0,,,,,1,,1.0124
TCGA-2H-A9GF-01,,WT,,4970.0754,1.0306,-0.174,0,0,,3.2101,,,-1,,0.8085
TCGA-2H-A9GH-01,,WT,,3709.8194,0.0454,-0.051,0,0,,1.6587,,,0,,-0.003
TCGA-2H-A9GI-01,,WT,,3929.2623,0.2169,0.188,0,0,,1.9636,,,1,,0.1564
TCGA-2H-A9GJ-01,,WT,,4978.0589,1.0369,1.29,1,1,,3.2186,,,2,,0.8129
TCGA-2H-A9GK-01,,WT,,2562.3045,-0.8517,0.0,0,0,,-0.3043,,,0,,-1.0298
TCGA-2H-A9GL-01,,WT,,5302.7455,1.2907,-0.098,0,0,,3.5538,,,0,,0.9883
TCGA-2H-A9GM-01,,WT,,3128.1818,-0.4093,0.032,0,0,,0.7541,,,0,,-0.4762
TCGA-2H-A9GN-01,,WT,,3870.9165,0.1713,0.032,0,0,,1.8842,,,0,,0.1149
TCGA-2H-A9GO-01,,WT,,5209.5081,1.2178,0.06,0,0,,3.4597,,,0,,0.939
TCGA-2H-A9GQ-01,,WT,,4549.4937,0.7018,-0.143,0,0,,2.741,,,-1,,0.5631
TCGA-2H-A9GR-01,,WT,,2921.8827,-0.5706,0.091,0,0,,0.3923,,,0,,-0.6655
TCGA-2J-AAB1-01,,WT,,1501.46,-0.7441,-0.025,0,0,,,,,0,,-0.7119
TCGA-2J-AAB4-01,,WT,,2000.42,0.1799,0.318,1,1,,,,,2,,0.262
TCGA-2J-AAB6-01,,WT,,1380.12,-0.9688,-0.07,0,0,,,,,0,,-0.9979
TCGA-2J-AAB8-01,,WT,,1194.83,-1.3119,-0.1,0,0,,,,,0,,-1.4871
TCGA-2J-AAB9-01,,WT,,1654.88,-0.46,-0.001,0,0,,,,,0,,-0.3816
TCGA-2J-AABA-01,,WT,,1870.67,-0.0604,-0.06,0,0,,,,,0,,0.0344
TCGA-2J-AABE-01,,WT,,1572.38,-0.6128,-0.024,0,0,,,,,0,,-0.5552
TCGA-2J-AABF-01,,WT,,2111.46,0.3855,0.093,0,0,,,,,0,,0.4454
TCGA-2J-AABH-01,,WT,,1267.42,-1.1775,-0.068,0,0,,,,,0,,-1.287
TCGA-2J-AABI-01,,WT,,1935.41,0.0595,-0.226,0,0,,,,,-1,,0.1499
TCGA-2J-AABK-01,,WT,,1931.64,0.0525,-0.015,0,0,,,,,0,,0.1433
TCGA-2J-AABO-01,,WT,,1318.91,-1.0822,-0.05,0,0,,,,,0,,-1.1518
TCGA-2J-AABP-01,,WT,,1366.65,-0.9938,0.024,0,0,,,,,0,,-1.0311
TCGA-2J-AABR-01,,WT,,1840.45,-0.1164,-0.014,0,0,,,,,0,,-0.0209
TCGA-2J-AABT-01,,WT,,1653.32,-0.4629,-0.005,0,0,,,,,0,,-0.3848
TCGA-2J-AABU-01,,WT,,1708.52,-0.3607,-0.126,0,0,,,,,-1,,-0.2734
TCGA-2J-AABV-01,,WT,,765.354,-2.1072,0.009,0,0,,,,,0,,-2.9983
TCGA-2K-A9WE-01,,WT,,1211.25,-0.5663,0.073,0,0,,-4.5607,,,0,,-0.3259
TCGA-2L-AAQA-01,,WT,,1625.18,-0.515,-0.103,0,0,,,,,-1,,-0.4431
TCGA-2L-AAQE-01,,WT,,1660.33,-0.4499,-0.174,0,0,,,,,-1,,-0.3705
TCGA-2L-AAQI-01,,WT,,2095.97,0.3568,-0.086,0,0,,,,,0,,0.4204
TCGA-2L-AAQJ-01,,WT,,1822.77,-0.1491,-0.05,0,0,,,,,0,,-0.0537
TCGA-2L-AAQL-01,,WT,,1153.32,-1.3888,0.0,0,0,,,,,0,,-1.6071
TCGA-2L-AAQM-01,,WT,,1985.76,0.1527,0.427,0,0,,,,,1,,0.2371
TCGA-2V-A95S-01,,WT,,2265.52,1.6584,0.783,0,0,,1.82,,,1,,1.0805
TCGA-2W-A8YY-01,,X297_splice A222V,,1761.09,-0.6416,-0.021,1,1,,,,,0,,-0.5523
TCGA-2X-A9D5-01,,WT,,1894.93,-0.658,-0.094,0,0,,,,,0,,-0.7598
TCGA-2X-A9D6-01,,WT,,1842.5,-0.7147,0.092,0,0,,,,,0,,-0.8383
TCGA-2Y-A9GS-01,,WT,,2039.43,1.2146,-0.135,0,0,,1.3953,,,-1,,0.8432
TCGA-2Y-A9GT-01,,WT,,2176.19,1.4831,0.365,0,0,,1.6575,,,1,,0.9897
TCGA-2Y-A9GU-01,,WT,,1088.55,-0.6521,0.08,0,0,,-1.1404,,,0,,-0.5739
TCGA-2Y-A9GV-01,,WT,,1228.43,-0.3775,-0.036,0,0,,-0.6523,,,0,,-0.3011
TCGA-2Y-A9GW-01,,WT,,1809.2,0.7626,0.706,0,0,,0.9114,,,1,,0.5728
TCGA-2Y-A9GX-01,,WT,,1594.55,0.3412,-0.003,0,0,,0.4013,,,0,,0.2877
TCGA-2Y-A9GY-01,,WT,,1296.73,-0.2434,-0.031,0,0,,-0.4337,,,0,,-0.179
TCGA-2Y-A9GZ-01,,WT,,1845.05,0.833,0.142,0,0,,0.9907,,,1,,0.6171
TCGA-2Y-A9H0-01,,WT,,2421.65,1.9649,-0.019,0,0,,2.0892,,,0,,1.231
TCGA-2Y-A9H1-01,,WT,,612.894,-1.5859,0.118,0,0,,-3.4591,,,1,,-1.8698
TCGA-2Y-A9H2-01,,WT,,1738.52,0.6239,0.117,0,0,,0.7504,,,1,,0.4828
TCGA-2Y-A9H3-01,,WT,,620.347,-1.5712,-0.043,0,0,,-3.4103,,,0,,-1.8425
TCGA-2Y-A9H4-01,,WT,,2025.44,1.1871,0.49,0,0,,1.3675,,,1,,0.8276
TCGA-2Y-A9H5-01,,WT,,1384.52,-0.0711,-0.069,0,0,,-0.1692,,,0,,-0.0311
TCGA-2Y-A9H6-01,,WT,,1129.57,-0.5716,-0.05,0,0,,-0.9911,,,0,,-0.4905
TCGA-2Y-A9H7-01,,WT,,1174.39,-0.4836,-0.08,0,0,,-0.8339,,,0,,-0.4026
TCGA-2Y-A9H8-01,,WT,,1201.95,-0.4295,-0.011,0,0,,-0.7403,,,0,,-0.3503
TCGA-2Y-A9H9-01,,WT,,1176.71,-0.479,-0.007,0,0,,-0.826,,,0,,-0.3982
TCGA-2Y-A9HA-01,,WT,,1474.61,0.1058,-0.026,0,0,,0.0854,,,0,,0.1112
TCGA-2Y-A9HB-01,,X577_splice,,1832.51,0.8084,0.068,1,1,,0.9631,,,0,,0.6017
TCGA-2Z-A9J1-01,,WT,,959.485,-0.9819,0.138,0,0,,-6.3028,,,1,,-0.8436
TCGA-2Z-A9J2-01,,WT,,1180.7,-0.6168,0.476,0,0,,-4.7517,,,1,,-0.3827
TCGA-2Z-A9J3-01,,WT,,1151.65,-0.6647,0.189,0,0,,-4.938,,,1,,-0.438
TCGA-2Z-A9J5-01,,WT,,761.569,-1.3086,0.153,0,0,,-8.0296,,,1,,-1.3567
TCGA-2Z-A9J6-01,,WT,,1003.0,-0.9101,0.144,0,0,,-5.9712,,,1,,-0.7451
TCGA-2Z-A9J7-01,,WT,,908.731,-1.0657,0.091,0,0,,-6.7091,,,0,,-0.9643
TCGA-2Z-A9J8-01,,WT,,1770.62,0.3569,-0.128,0,0,,-1.7214,,,-1,,0.5178
TCGA-2Z-A9J9-01,,NP,,2524.31,1.601,0.006,0,0,NP,0.9313,,,0,,1.306
TCGA-2Z-A9JD-01,,WT,,1610.48,0.0926,0.055,0,0,,-2.4304,,,0,,0.3071
TCGA-2Z-A9JE-01,,WT,,1310.54,-0.4024,0.081,0,0,,-3.9716,,,0,,-0.1509
TCGA-2Z-A9JG-01,,WT,,1449.17,-0.1736,-0.198,0,0,,-3.2197,,,-1,,0.0726
TCGA-2Z-A9JI-01,,WT,,1870.61,0.522,-0.178,0,0,,-1.3105,,,-1,,0.6399
TCGA-2Z-A9JJ-01,,WT,,1818.9,0.4366,-0.039,0,0,,-1.5202,,,0,,0.5776
TCGA-2Z-A9JK-01,,WT,,1528.65,-0.0424,-0.015,0,0,,-2.8204,,,0,,0.1912
TCGA-2Z-A9JL-01,,WT,,1568.42,0.0232,0.059,0,0,,-2.6283,,,0,,0.2483
TCGA-2Z-A9JM-01,,WT,,1216.97,-0.5569,0.094,0,0,,-4.5255,,,0,,-0.3155
TCGA-2Z-A9JN-01,,WT,,1643.84,0.1477,0.002,0,0,,-2.277,,,0,,0.3527
TCGA-2Z-A9JO-01,,WT,,1267.8,-0.473,-0.003,0,0,,-4.2195,,,0,,-0.2245
TCGA-2Z-A9JP-01,,WT,,860.152,-1.1458,0.078,0,0,,-7.1198,,,0,,-1.0863
TCGA-2Z-A9JQ-01,,WT,,967.525,-0.9686,0.109,0,0,,-6.2404,,,1,,-0.8251
TCGA-2Z-A9JR-01,,WT,,1093.23,-0.7611,0.141,0,0,,-5.3272,,,1,,-0.5537
TCGA-2Z-A9JS-01,,WT,,1380.75,-0.2866,0.095,0,0,,-3.5813,,,0,,-0.0349
TCGA-2Z-A9JT-01,,WT,,729.136,-1.3621,0.077,0,0,,-8.3548,,,0,,-1.4533
TCGA-30-1714-01,,WT,,,,-0.108,0,0,,,,,-1,,
TCGA-30-1718-01,,WT,,3029.5463,1.0508,0.225,0,0,,,,,1,,0.7514
TCGA-30-1853-01,,WT,,,,-0.154,0,0,,,,,-1,,
TCGA-30-1855-01,,WT,,1649.6825,-0.7795,-0.336,0,0,,,,,-1,,-0.7683
TCGA-30-1856-01,,WT,,,,-0.042,0,0,,,,,0,,
TCGA-30-1857-01,,WT,,1888.7636,-0.4624,-0.285,0,0,,,,,-1,,-0.4299
TCGA-30-1859-01,,NP,,,,-0.075,0,0,NP,,,,0,,
TCGA-30-1860-01,,WT,,1581.44,-0.87,-0.79,0,0,,,,,-1,,-0.8739
TCGA-30-1861-01,,WT,,3449.3214,1.6076,0.049,0,0,,,,,0,,1.0759
TCGA-30-1862-01,,WT,,1661.2647,-0.7641,0.256,0,0,,,,,1,,-0.7508
TCGA-30-1866-01,,WT,,,,-0.16,0,0,,,,,-1,,
TCGA-30-1867-01,,NP,,,,0.122,0,0,NP,,,,1,,
TCGA-30-1880-01,,NP,,,,-0.276,0,0,NP,,,,-1,,
TCGA-30-1887-01,,NP,-0.3489,,,0.333,0,0,NP,,-0.0452,,1,,
TCGA-30-1891-01,,WT,0.4909,2106.6346,-0.1734,0.152,0,0,,,0.1607,,1,,-0.157
TCGA-30-1892-01,,NP,,,,0.04,0,0,NP,,,,0,,
TCGA-31-1944-01,,WT,,2348.0632,0.1469,-0.299,0,0,,,,,-1,,0.1143
TCGA-31-1946-01,,WT,,1705.8669,-0.705,0.647,0,0,,,,,1,,-0.6845
TCGA-31-1950-01,,WT,,2643.9492,0.5393,0.052,0,0,,,,,0,,0.411
TCGA-31-1951-01,,WT,,2113.3979,-0.1644,0.221,0,0,,,,,1,,-0.149
TCGA-31-1953-01,,WT,,2233.5537,-0.005,-0.18,0,0,,,,,-1,,-0.0107
TCGA-31-1955-01,,NP,,,,0.447,0,0,NP,,,,1,,
TCGA-31-1956-01,,WT,,2011.5151,-0.2995,0.681,0,0,,,,,1,,-0.2725
TCGA-31-1959-01,,WT,,2189.6651,-0.0632,-0.008,0,0,,,,,0,,-0.0603
TCGA-32-1970-01,,WT,,2774.24,0.4075,-0.03,0,0,,,,,0,,0.462
TCGA-32-1973-01,,NP,,,,-0.805,0,0,NP,,,,-1,,
TCGA-32-1976-01,,WT,,,,-0.052,0,0,,,,,0,,
TCGA-32-1977-01,,WT,,,,-0.198,0,0,,,,,-1,,
TCGA-32-1978-01,,NP,,,,-0.086,0,0,NP,,,,0,,
TCGA-32-1979-01,,WT,,,,0.013,0,0,,,,,0,,
TCGA-32-1980-01,,WT,,1078.6,-1.6164,-0.006,0,0,,,,,0,,-2.2636
TCGA-32-1982-01,,WT,,1804.82,-0.7496,-0.008,0,0,,,,,0,,-0.7785
TCGA-32-1986-01,,WT,,,,0.009,0,0,,,,,0,,
TCGA-32-1987-01,,NP,,,,-0.041,0,0,NP,,,,0,,
TCGA-32-1991-01,,WT,,,,-0.027,0,0,,,,,0,,
TCGA-32-2491-01,,WT,,,,-1.17,1,1,,,,,-2,,
TCGA-32-2494-01,,WT,,,,-0.121,0,0,,,,,-1,,
TCGA-32-2495-01,,WT,,,,0.056,0,0,,,,,0,,
TCGA-32-2615-01,,WT,,1815.55,-0.7368,-0.201,0,0,,,,,-1,,-0.7614
TCGA-32-2616-01,,WT,,2116.32,-0.3778,0.002,0,0,,,,,0,,-0.3191
TCGA-32-2632-01,,WT,,2508.43,0.0902,0.111,0,0,,,,,1,,0.1714
TCGA-32-2634-01,,WT,,2771.16,0.4038,-0.217,0,0,,,,,-1,,0.4588
TCGA-32-2638-01,,WT,,2383.25,-0.0592,-0.016,0,0,,,,,0,,0.0236
TCGA-32-4208-01,,WT,,,,-0.114,0,0,,,,,-1,,
TCGA-32-4209-01,,WT,,,,,0,0,,,,,NP,,
TCGA-32-4210-01,,WT,,,,0.328,0,0,,,,,1,,
TCGA-32-4211-01,,WT,,,,-0.024,0,0,,,,,0,,
TCGA-32-4213-01,,WT,,2577.62,0.1728,-0.1,0,0,,,,,0,,0.2499
TCGA-32-4719-01,,WT,,,,-0.174,0,0,,,,,-1,,
TCGA-32-5222-01,,WT,,3528.41,1.3077,0.097,0,0,,,,,0,,1.156
TCGA-33-4532-01,,WT,,3459.87,1.6061,0.131,0,0,,1.9662,,,1,,1.1276
TCGA-33-4533-01,,WT,,3365.05,1.4641,-0.146,0,0,,1.8367,,,-1,,1.0406
TCGA-33-4538-01,,WT,,3873.9,2.2261,-0.032,0,0,,2.4931,,,0,,1.4815
TCGA-33-4547-01,,WT,,2689.21,0.452,-0.091,0,0,,0.7917,,,0,,0.3387
TCGA-33-4566-01,,WT,,3450.4,1.5919,0.436,0,0,,1.9534,,,1,,1.119
TCGA-33-4582-01,,WT,,2798.33,0.6154,-0.214,0,0,,0.9771,,,-1,,0.4632
TCGA-33-4583-01,,WT,,2911.87,0.7854,0.011,0,0,,1.1625,,,0,,0.5877
TCGA-33-4586-01,,WT,,2820.87,0.6492,0.039,0,0,,1.0145,,,0,,0.4883
TCGA-33-4587-01,,WT,,3290.99,1.3532,-0.479,0,0,,1.733,,,-1,,0.9709
TCGA-33-4589-01,,WT,,2818.18,0.6451,0.006,0,0,,1.0101,,,0,,0.4853
TCGA-33-6738-01,,WT,,1856.36,-0.7952,-0.017,0,0,,-0.9356,,,0,,-0.8215
TCGA-33-A4WN-01,,WT,,2009.2,-0.5663,-0.283,0,0,,-0.5669,,,-1,,-0.5739
TCGA-33-A5GW-01,,WT,,2032.29,-0.5317,-0.236,0,0,,-0.5136,,,-1,,-0.5381
TCGA-33-AAS8-01,,WT,,1613.24,-1.1593,-0.259,0,0,,-1.5897,,,-1,,-1.2609
TCGA-33-AASB-01,,WT,,1798.98,-0.8811,-0.043,0,0,,-1.0819,,,0,,-0.9198
TCGA-33-AASD-01,,WT,,2576.68,0.2835,-0.154,0,0,,0.5925,,,-1,,0.2049
TCGA-33-AASI-01,,WT,,2087.42,-0.4492,-0.17,0,0,,-0.3889,,,-1,,-0.4543
TCGA-33-AASJ-01,,WT,,2590.75,0.3046,0.513,0,0,,0.6179,,,1,,0.2219
TCGA-33-AASL-01,,WT,,1802.63,-0.8757,-0.112,0,0,,-1.0724,,,-1,,-0.9135
TCGA-34-2596-01,,WT,,3034.03,0.9684,0.141,0,0,,1.354,,,1,,0.7164
TCGA-34-2600-01,,WT,,1814.06,-0.8585,-0.216,0,0,,-1.043,,,-1,,-0.8937
TCGA-34-2604-01,,WT,,,,-0.015,0,0,,,,,0,,
TCGA-34-2605-01,,WT,,,,0.74,0,0,,,,,1,,
TCGA-34-2608-01,,WT,,2323.71,-0.0953,0.0,0,0,,0.1109,,,0,,-0.1186
TCGA-34-2609-01,,WT,,,,0.703,0,0,,,,,1,,
TCGA-34-5231-01,,H832R,,3817.29,2.1413,-0.004,1,1,,2.4245,,,0,,1.4354
TCGA-34-5232-01,,WT,,2272.71,-0.1717,-0.025,0,0,,0.0075,,,0,,-0.1881
TCGA-34-5234-01,,WT,,2260.94,-0.1893,0.003,0,0,,-0.0167,,,0,,-0.2044
TCGA-34-5236-01,,WT,,1597.87,-1.1823,0.054,0,0,,-1.6343,,,0,,-1.2909
TCGA-34-5239-01,,WT,,2365.9,-0.0321,0.053,0,0,,0.1947,,,0,,-0.0623
TCGA-34-5240-01,,WT,,3523.43,1.7013,0.266,0,0,,2.0511,,,1,,1.1846
TCGA-34-5241-01,,WT,,2762.94,0.5624,0.009,0,0,,0.9178,,,0,,0.4234
TCGA-34-5927-01,,V620L,,4270.55,2.8201,0.102,1,1,,2.9475,,,1,,1.7867
TCGA-34-5928-01,,WT,,2357.49,-0.0447,0.126,0,0,,0.1781,,,1,,-0.0735
TCGA-34-5929-01,,WT,,2676.1,0.4324,-0.189,0,0,,0.7689,,,-1,,0.3234
TCGA-34-7107-01,,WT,,5452.83,4.5906,0.637,0,0,,4.0867,,,1,,2.5519
TCGA-34-8454-01,,X372_splice K372N,,1927.33,-0.6889,0.109,1,1,,-0.7607,,,1,,-0.7041
TCGA-34-8455-01,,WT,,2621.76,0.351,-0.001,0,0,,0.6733,,,0,,0.2592
TCGA-34-8456-01,,WT,,3751.23,2.0424,0.146,0,0,,2.3431,,,1,,1.3807
TCGA-34-A5IX-01,,WT,,2682.43,0.4419,0.055,0,0,,0.78,,,0,,0.3308
TCGA-35-3615-01,,WT,,1739.12,-0.7748,0.043,0,0,,-1.8016,,,0,,-0.7629
TCGA-35-4122-01,,WT,,1728.64,-0.7919,0.099,0,0,,-1.8421,,,0,,-0.7822
TCGA-35-4123-01,,WT,,1672.57,-0.8832,0.165,0,0,,-2.0629,,,1,,-0.8878
TCGA-35-5375-01,,WT,,5637.07,5.5766,0.599,0,0,,6.075,,,1,,3.0018
TCGA-36-1568-01,,WT,,3943.1921,2.2627,0.618,0,0,,,,,1,,1.4105
TCGA-36-1569-01,,WT,-0.1641,3877.8452,2.1761,0.383,0,0,,,0.0001,,1,,1.3687
TCGA-36-1570-01,,WT,0.4322,2628.5924,0.519,-0.109,0,0,,,0.1463,,-1,,0.3964
TCGA-36-1571-01,,WT,0.0537,2300.1932,0.0834,-0.03,0,0,,,0.0535,,0,,0.0628
TCGA-36-1574-01,,WT,,2500.908,0.3496,-0.206,0,0,,,,,-1,,0.2719
TCGA-36-1575-01,,WT,,3510.7488,1.6891,0.339,0,0,,,,,1,,1.12
TCGA-36-1576-01,,WT,,1918.5983,-0.4228,0.015,0,0,,,,,0,,-0.3907
TCGA-36-1577-01,,WT,-0.125,1862.5897,-0.4971,-0.109,0,0,,,0.0097,,-1,,-0.4648
TCGA-36-1578-01,,WT,1.0023,7463.7621,6.9326,1.06,0,0,,,0.2861,,1,,3.0062
TCGA-36-1580-01,,NP,-0.4867,1964.9274,-0.3613,0.045,0,0,NP,,-0.079,,0,,-0.3311
TCGA-36-1581-01,,WT,,2881.3654,0.8543,0.274,0,0,,,,,1,,0.626
TCGA-36-2529-01,,NP,,,,0.433,0,0,NP,,,,1,,
TCGA-36-2530-01,,WT,1.4836,,,-0.157,0,0,,,0.4041,,-1,,
TCGA-36-2532-01,,WT,1.3959,,,-0.129,0,0,,,0.3826,,-1,,
TCGA-36-2533-01,,WT,,,,-0.055,0,0,,,,,0,,
TCGA-36-2534-01,,WT,0.8653,,,-0.145,0,0,,,0.2525,,-1,,
TCGA-36-2537-01,,WT,0.5733,,,-0.129,0,0,,,0.1809,,-1,,
TCGA-36-2538-01,,WT,,,,0.329,0,0,,,,,1,,
TCGA-36-2540-01,,WT,,,,-0.076,0,0,,,,,0,,
TCGA-36-2542-01,,WT,-0.198,,,-0.089,0,0,,,-0.0082,,0,,
TCGA-36-2543-01,,WT,,,,0.122,0,0,,,,,1,,
TCGA-36-2544-01,,WT,0.0863,,,-0.062,0,0,,,0.0615,,0,,
TCGA-36-2545-01,,WT,0.796,,,0.625,0,0,,,0.2355,,1,,
TCGA-36-2547-01,,WT,0.6577,,,-0.098,0,0,,,0.2016,,0,,
TCGA-36-2548-01,,WT,,,,0.051,0,0,,,,,0,,
TCGA-36-2549-01,,NP,-0.6552,,,-0.062,0,0,NP,,-0.1203,,0,,
TCGA-36-2551-01,,WT,,,,0.011,0,0,,,,,0,,
TCGA-36-2552-01,,WT,,,,0.028,0,0,,,,,0,,
TCGA-37-3783-01,,WT,,2243.45,-0.2155,0.071,0,0,,-0.0529,,,0,,-0.2287
TCGA-37-3789-01,,WT,,2240.02,-0.2207,-0.055,0,0,,-0.0601,,,0,,-0.2335
TCGA-37-3792-01,,WT,,591.258,-2.6897,-0.865,1,1,,-6.2647,,,-2,,-4.4011
TCGA-37-4129-01,,WT,,2444.8,0.086,-0.069,0,0,,0.3476,,,0,,0.0404
TCGA-37-4130-01,,WT,,4496.68,3.1587,0.056,0,0,,3.188,,,0,,1.9482
TCGA-37-4132-01,,WT,,3163.17,1.1618,-0.024,0,0,,1.5483,,,0,,0.8469
TCGA-37-4133-01,,WT,,2654.71,0.4003,0.164,0,0,,0.7315,,,1,,0.2983
TCGA-37-4135-01,,WT,,2787.25,0.5988,-0.184,0,0,,0.9586,,,-1,,0.4508
TCGA-37-4141-01,,WT,,3676.91,1.9311,-0.128,0,0,,2.2498,,,-1,,1.3181
TCGA-37-5819-01,,WT,,2955.77,0.8512,0.151,0,0,,1.2322,,,1,,0.6346
TCGA-37-A5EL-01,,WT,,1690.56,-1.0435,-0.19,0,0,,-1.3715,,,-1,,-1.1144
TCGA-37-A5EN-01,,WT,,2202.86,-0.2763,0.171,0,0,,-0.138,,,1,,-0.2858
TCGA-38-4625-01,,WT,,2809.91,0.9699,-0.039,0,0,,1.4115,,,0,,0.7728
TCGA-38-4626-01,,WT,,1872.52,-0.5574,0.01,0,0,,-1.3067,,,0,,-0.5263
TCGA-38-4627-01,,WT,,2822.33,0.9902,-0.006,0,0,,1.441,,,0,,0.7869
TCGA-38-4628-01,,WT,,1561.0,-1.065,-0.311,0,0,,-2.5252,,,-1,,-1.1087
TCGA-38-4631-01,,R1034*,,2242.05,0.0447,-0.141,1,1,,-0.1006,,,-1,,0.0501
TCGA-38-4632-01,,WT,,1376.41,-1.3658,0.055,0,0,,-3.3678,,,0,,-1.5114
TCGA-38-6178-01,,WT,,2294.07,0.1294,-0.015,0,0,,0.053,,,0,,0.1236
TCGA-38-7271-01,,WT,,2639.33,0.692,0.118,0,0,,0.992,,,1,,0.5723
TCGA-38-A44F-01,,WT,,1568.49,-1.0528,-0.009,0,0,,-2.4931,,,0,,-1.0934
TCGA-39-5011-01,,WT,,2763.44,0.5632,0.262,0,0,,0.9186,,,1,,0.4239
TCGA-39-5016-01,,WT,,2933.57,0.8179,0.007,0,0,,1.1971,,,0,,0.611
TCGA-39-5019-01,,WT,,2039.14,-0.5215,0.127,0,0,,-0.4979,,,1,,-0.5276
TCGA-39-5021-01,,WT,,2729.22,0.5119,0.103,0,0,,0.8606,,,1,,0.3849
TCGA-39-5022-01,,WT,,2334.94,-0.0785,0.008,0,0,,0.1334,,,0,,-0.1035
TCGA-39-5024-01,,WT,,1814.8,-0.8574,0.022,0,0,,-1.0411,,,0,,-0.8924
TCGA-39-5027-01,,WT,,2825.85,0.6566,-0.143,0,0,,1.0227,,,-1,,0.4938
TCGA-39-5028-01,,E1176*,,3411.18,1.5332,0.172,1,1,,1.9002,,,1,,1.0832
TCGA-39-5029-01,,WT,,2461.54,0.1111,-0.003,0,0,,0.3794,,,0,,0.0617
TCGA-39-5030-01,,WT,,2302.64,-0.1269,-0.044,0,0,,0.0684,,,0,,-0.1472
TCGA-39-5031-01,,WT,,1854.17,-0.7985,0.03,0,0,,-0.9411,,,0,,-0.8252
TCGA-39-5034-01,,WT,,2710.43,0.4838,-0.063,0,0,,0.8284,,,0,,0.3633
TCGA-39-5035-01,,WT,,2525.89,0.2074,0.094,0,0,,0.4997,,,0,,0.1425
TCGA-39-5036-01,,WT,,2939.63,0.827,-0.074,0,0,,1.2067,,,0,,0.6174
TCGA-39-5037-01,,WT,,3816.85,2.1407,0.319,0,0,,2.4239,,,1,,1.435
TCGA-39-5039-01,,WT,,2077.85,-0.4635,0.0,0,0,,-0.4103,,,0,,-0.4687
TCGA-39-5040-01,,WT,,1838.3,-0.8222,0.0,0,0,,-0.9811,,,0,,-0.8521
TCGA-3A-A9I5-01,,WT,,977.791,-1.7139,-0.017,0,0,,,,,0,,-2.1673
TCGA-3A-A9I7-01,,WT,,1890.96,-0.0228,-0.018,0,0,,,,,0,,0.071
TCGA-3A-A9I9-01,,WT,,1370.54,-0.9865,-0.111,0,0,,,,,-1,,-1.0215
TCGA-3A-A9IB-01,,WT,,1750.68,-0.2826,-0.042,0,0,,,,,0,,-0.1906
TCGA-3A-A9IC-01,,WT,,1240.0,-1.2283,-0.089,0,0,,,,,0,,-1.3612
TCGA-3A-A9IH-01,,WT,,1564.22,-0.6279,-0.186,0,0,,,,,-1,,-0.5729
TCGA-3A-A9IJ-01,,WT,,1398.59,-0.9346,-0.006,0,0,,,,,0,,-0.9527
TCGA-3A-A9IL-01,,WT,,2196.25,0.5425,-0.146,0,0,,,,,-1,,0.5791
TCGA-3A-A9IN-01,,WT,,1822.75,-0.1491,0.317,0,0,,,,,1,,-0.0537
TCGA-3A-A9IO-01,,WT,,1958.88,0.103,0.178,0,0,,,,,1,,0.1908
TCGA-3A-A9IR-01,,WT,,2674.62,1.4284,-0.054,0,0,,,,,0,,1.2481
TCGA-3A-A9IS-01,,WT,,2609.72,1.3082,-0.1,0,0,,,,,0,,1.1647
TCGA-3A-A9IU-01,,WT,,2065.47,0.3003,-0.082,0,0,,,,,0,,0.3707
TCGA-3A-A9IV-01,,WT,,3267.57,2.5264,0.475,0,0,,,,,1,,1.9279
TCGA-3A-A9IX-01,,WT,,2402.04,0.9236,0.01,0,0,,,,,0,,0.8831
TCGA-3A-A9IZ-01,,WT,,1662.45,-0.446,-0.053,0,0,,,,,0,,-0.3662
TCGA-3A-A9J0-01,,WT,,1002.9,-1.6674,0.083,0,0,,,,,0,,-2.0813
TCGA-3B-A9HI-01,,WT,,1126.48,-1.0746,-0.595,0,0,,,,,-1,,-1.3047
TCGA-3B-A9HJ-01,,WT,,2016.36,-0.1933,0.006,0,0,,,,,0,,-0.053
TCGA-3B-A9HL-01,,WT,,1463.89,-0.7405,-0.498,0,0,,,,,-1,,-0.7415
TCGA-3B-A9HO-01,,WT,,1307.27,-0.8956,0.242,0,0,,,,,1,,-0.9848
TCGA-3B-A9HP-01,,WT,,1707.75,-0.499,-0.017,0,0,,,,,0,,-0.4102
TCGA-3B-A9HQ-01,,WT,,2228.66,0.0169,-0.098,0,0,,,,,0,,0.1623
TCGA-3B-A9HR-01,,WT,,4977.08,2.7387,0.072,0,0,,,,,0,,1.8903
TCGA-3B-A9HS-01,,WT,,1507.88,-0.6969,-0.563,0,0,,,,,-1,,-0.6778
TCGA-3B-A9HT-01,,WT,,2604.88,0.3895,0.042,0,0,,,,,0,,0.4977
TCGA-3B-A9HU-01,,WT,,2438.8,0.225,-0.428,0,0,,,,,-1,,0.356
TCGA-3B-A9HV-01,,WT,,5811.04,3.5646,0.283,0,0,,,,,1,,2.2235
TCGA-3B-A9HX-01,,WT,,2694.05,0.4778,-0.174,0,0,,,,,-1,,0.5701
TCGA-3B-A9HY-01,,WT,,3807.41,1.5804,-0.184,0,0,,,,,-1,,1.3141
TCGA-3B-A9HZ-01,,WT,,1789.2,-0.4183,-0.329,0,0,,,,,-1,,-0.31
TCGA-3B-A9I0-01,,WT,,2050.77,-0.1593,-0.14,0,0,,,,,-1,,-0.0166
TCGA-3B-A9I1-01,,WT,,4996.25,2.7577,0.013,0,0,,,,,0,,1.8986
TCGA-3B-A9I3-01,,WT,,1730.0,-0.4769,-0.157,0,0,,,,,-1,,-0.3824
TCGA-3C-AAAU-01,,WT,,3683.71,1.159,-0.395,0,0,,0.3844,,,-1,,1.0
TCGA-3C-AALI-01,,WT,,1128.33,-1.6294,-0.469,0,0,,-3.9041,,,-1,,-2.0021
TCGA-3C-AALJ-01,,WT,,1320.04,-1.4202,-0.063,0,0,,-3.3355,,,0,,-1.6041
TCGA-3C-AALK-01,,WT,,1591.23,-1.1243,0.008,0,0,,-2.6584,,,0,,-1.13
TCGA-3E-AAAY-01,,WT,,1567.53,-0.6218,0.007,0,0,,,,,0,,-0.5657
TCGA-3E-AAAZ-01,,WT,,1479.06,-0.7856,-0.069,0,0,,,,,0,,-0.7629
TCGA-3G-AB0O-01,,WT,,4241.67,0.636,0.003,0,0,,,,,0,,0.6768
TCGA-3G-AB0Q-01,,WT,,2274.68,-1.0182,-0.002,0,0,,,,,0,,-0.9143
TCGA-3G-AB0T-01,,WT,,3833.51,0.2928,0.277,0,0,,,,,1,,0.4184
TCGA-3G-AB14-01,,WT,,2121.16,-1.1473,-0.047,0,0,,,,,0,,-1.0927
TCGA-3G-AB19-01,,WT,,4364.77,0.7396,-0.004,0,0,,,,,0,,0.7499
TCGA-3H-AB3K-01,,WT,,1517.68,-0.2057,-0.087,0,0,,,,,0,,-0.2578
TCGA-3H-AB3L-01,,WT,,1227.71,-0.8371,-0.165,0,0,,,,,-1,,-0.9041
TCGA-3H-AB3M-01,,WT,,1859.52,0.5385,-0.15,0,0,,,,,-1,,0.3614
TCGA-3H-AB3O-01,,WT,,1275.85,-0.7323,-0.008,0,0,,,,,0,,-0.7869
TCGA-3H-AB3S-01,,WT,,1384.41,-0.4959,-0.05,0,0,,,,,0,,-0.538
TCGA-3H-AB3T-01,,WT,,1702.05,0.1957,-0.096,0,0,,,,,0,,0.0917
TCGA-3H-AB3U-01,,WT,,1975.63,0.7913,0.28,0,0,,,,,1,,0.546
TCGA-3H-AB3X-01,,WT,,3888.84,4.9569,0.466,0,0,,,,,1,,2.6109
TCGA-3K-AAZ8-01,,WT,,880.62,-1.0603,0.016,0,0,,-1.9963,,,0,,-1.0522
TCGA-3L-AA1B-01,,WT,,3092.84,0.68,0.326,0,0,,2.1273,,,1,,0.631
TCGA-3M-AB46-01,,WT,,3128.9161,0.5163,-0.168,0,0,,1.235,,,-1,,0.4379
TCGA-3M-AB47-01,,WT,,4330.7333,1.9987,0.321,0,0,,2.2706,,,1,,1.39
TCGA-3N-A9WB-06,,WT,,1632.47,-0.5752,0.108,0,0,,,,,1,,-0.1531
TCGA-3N-A9WC-06,,WT,,1642.48,-0.5645,-0.021,0,0,,,,,0,,-0.1435
TCGA-3N-A9WD-06,,WT,,1811.35,-0.3841,-0.041,0,0,,,,,0,,0.0102
TCGA-3P-A9WA-01,,WT,,3163.7767,1.2289,-0.316,0,0,,,,,-1,,0.8598
TCGA-3Q-A9WF-01,,WT,,3963.14,0.4018,0.027,0,0,,,,,0,,0.5033
TCGA-3R-A8YX-01,,WT,,2496.03,0.2817,0.18,0,0,,,,,1,,0.4059
TCGA-3S-A8YW-01,,WT,,1061.61,-2.0384,-0.122,0,0,,,,,-1,,-2.8596
TCGA-3S-AAYX-01,,WT,,4143.29,0.5533,0.0,0,0,,,,,0,,0.6169
TCGA-3T-AA9L-01,,WT,,3774.04,0.2428,0.0,0,0,,,,,0,,0.3785
TCGA-3U-A98D-01,,WT,,1759.52,0.3208,-0.129,0,0,,,,,-1,,0.1929
TCGA-3U-A98E-01,,WT,,1957.34,0.7515,0.002,0,0,,,,,0,,0.5177
TCGA-3U-A98F-01,,WT,,4189.77,5.6121,-0.29,0,0,,,,,-1,,2.8382
TCGA-3U-A98G-01,,WT,,1238.59,-0.8134,0.002,0,0,,,,,0,,-0.8772
TCGA-3U-A98H-01,,WT,,1768.66,0.3407,0.005,0,0,,,,,0,,0.2087
TCGA-3U-A98I-01,,WT,,1820.44,0.4535,-0.11,0,0,,,,,-1,,0.2966
TCGA-3U-A98J-01,,WT,,1418.89,-0.4208,-0.039,0,0,,,,,0,,-0.463
TCGA-3X-AAV9-01,,WT,,1704.41,-0.353,0.004,0,0,,1.4667,,,0,,0.0496
TCGA-3X-AAVA-01,,WT,,1872.5,-0.1237,-0.123,0,0,,2.269,,,-1,,0.3061
TCGA-3X-AAVB-01,,WT,,2095.05,0.1799,0.013,0,0,,3.227,,,0,,0.6125
TCGA-3X-AAVC-01,,WT,,2994.96,1.4075,0.019,0,0,,6.2758,,,0,,1.5874
TCGA-3X-AAVE-01,,WT,,1856.64,-0.1454,-0.013,0,0,,2.1964,,,0,,0.2829
TCGA-3Z-A93Z-01,,WT,,1620.93,-1.0429,0.032,0,0,,-4.2098,,,0,,-1.0265
TCGA-41-2571-01,,WT,,903.232,-1.8257,-0.045,0,0,,,,,0,,-2.7753
TCGA-41-2572-01,,WT,,2277.81,-0.185,-0.096,0,0,,,,,0,,-0.1069
TCGA-41-2573-01,,WT,,,,0.002,0,0,,,,,0,,
TCGA-41-2575-01,,WT,,,,-0.12,0,0,,,,,-1,,
TCGA-41-3392-01,,WT,,,,-0.176,0,0,,,,,-1,,
TCGA-41-3393-01,,WT,,,,-0.001,0,0,,,,,0,,
TCGA-41-3915-01,,WT,,2587.62,0.1848,-0.031,0,0,,,,,0,,0.2611
TCGA-41-4097-01,,X274_splice,,1909.44,-0.6247,-0.044,1,1,,,,,0,,-0.6159
TCGA-41-5651-01,,WT,,2342.83,-0.1074,-0.071,0,0,,,,,0,,-0.0257
TCGA-41-6646-01,,WT,,,,-0.025,0,0,,,,,0,,
TCGA-42-2582-01,,WT,,,,0.877,0,0,,,,,1,,
TCGA-42-2587-01,,WT,,,,-0.09,0,0,,,,,0,,
TCGA-42-2588-01,,WT,,,,0.035,0,0,,,,,0,,
TCGA-42-2589-01,,WT,,,,-0.359,0,0,,,,,-1,,
TCGA-42-2590-01,,WT,,,,-0.07,0,0,,,,,0,,
TCGA-42-2591-01,,WT,,,,-0.113,0,0,,,,,-1,,
TCGA-42-2593-01,,WT,,,,0.059,0,0,,,,,0,,
TCGA-43-2576-01,,WT,,1344.67,-1.5615,-0.124,0,0,,-2.4381,,,-1,,-1.8308
TCGA-43-2578-01,,WT,,2458.74,0.1069,-0.016,0,0,,0.3741,,,0,,0.0582
TCGA-43-2581-01,,WT,,1841.97,-0.8167,-0.07,0,0,,-0.9718,,,0,,-0.8459
TCGA-43-3394-01,,WT,,2624.77,0.3555,-0.027,0,0,,0.6787,,,0,,0.2627
TCGA-43-3920-01,,WT,,2905.73,0.7763,0.173,0,0,,1.1526,,,1,,0.5811
TCGA-43-5668-01,,WT,,2606.71,0.3285,0.094,0,0,,0.6465,,,0,,0.2411
TCGA-43-5670-01,,WT,,2898.89,0.766,0.498,0,0,,1.1417,,,1,,0.5737
TCGA-43-6143-01,,WT,,3643.82,1.8816,0.084,0,0,,2.2077,,,0,,1.2898
TCGA-43-6647-01,,M809I,,1441.92,-1.4158,0.014,1,1,,-2.1128,,,0,,-1.6123
TCGA-43-6770-01,,WT,,4413.9,3.0348,0.062,0,0,,3.1014,,,0,,1.8901
TCGA-43-6771-01,,WT,,2353.8,-0.0503,0.0,0,0,,0.1708,,,0,,-0.0784
TCGA-43-6773-01,,WT,,1370.04,-1.5235,0.007,0,0,,-2.3511,,,0,,-1.7723
TCGA-43-7656-01,,WT,,2962.42,0.8611,-0.252,0,0,,1.2427,,,-1,,0.6416
TCGA-43-7657-01,,WT,,1271.58,-1.6709,0.03,0,0,,-2.6985,,,0,,-2.0057
TCGA-43-7658-01,,A568Cfs*20,,991.598,-2.0902,-0.078,1,1,,-3.857,,,0,,-2.7839
TCGA-43-8115-01,,WT,,2423.64,0.0543,-0.002,0,0,,0.3071,,,0,,0.0132
TCGA-43-8116-01,,WT,,2851.87,0.6956,-0.114,0,0,,1.0654,,,-1,,0.5225
TCGA-43-8118-01,,WT,,2263.84,-0.185,0.132,0,0,,-0.0108,,,1,,-0.2004
TCGA-43-A474-01,,WT,,2936.46,0.8223,0.024,0,0,,1.2017,,,0,,0.614
TCGA-43-A475-01,,WT,,2851.72,0.6954,0.116,0,0,,1.0652,,,1,,0.5224
TCGA-43-A56U-01,,WT,,1539.53,-1.2696,-0.003,0,0,,-1.8076,,,0,,-1.4073
TCGA-43-A56V-01,,WT,,2078.62,-0.4624,-0.023,0,0,,-0.4086,,,0,,-0.4676
TCGA-44-2655-01,,WT,,2426.26,0.3448,-0.147,0,0,,0.4283,,,-1,,0.3029
TCGA-44-2656-01,,E6D,,2470.4,0.4167,-0.061,1,1,,0.549,,,0,,0.3606
TCGA-44-2657-01,,WT,,2046.31,-0.2743,0.084,0,0,,-0.7124,,,0,,-0.2423
TCGA-44-2659-01,,WT,,3118.67,1.473,0.448,0,0,,2.1098,,,1,,1.1066
TCGA-44-2662-01,,WT,,1746.66,-0.7625,0.003,0,0,,-1.7727,,,0,,-0.749
TCGA-44-2665-01,,WT,,1869.07,-0.5631,0.023,0,0,,-1.3191,,,0,,-0.5322
TCGA-44-2666-01,,WT,,2388.07,0.2826,-0.04,0,0,,0.322,,,0,,0.2521
TCGA-44-2668-01,,WT,,2229.96,0.025,0.008,0,0,,-0.1368,,,0,,0.0328
TCGA-44-3396-01,,WT,,1563.44,-1.0611,0.013,0,0,,-2.5147,,,0,,-1.1037
TCGA-44-3398-01,,WT,,2047.97,-0.2716,0.003,0,0,,-0.7069,,,0,,-0.2397
TCGA-44-3917-01,,WT,,,,-0.029,0,0,,,,,0,,
TCGA-44-3918-01,,WT,,2323.42,0.1773,0.069,0,0,,0.1382,,,0,,0.1643
TCGA-44-3919-01,,WT,,2090.73,-0.2019,-0.043,0,0,,-0.5685,,,0,,-0.1735
TCGA-44-4112-01,,WT,,2175.1,-0.0644,0.021,0,0,,-0.3036,,,0,,-0.0469
TCGA-44-5643-01,,WT,,3105.92,1.4523,-0.204,0,0,,2.0823,,,-1,,1.0935
TCGA-44-5644-01,,WT,,2556.28,0.5567,-0.031,0,0,,0.7779,,,0,,0.47
TCGA-44-5645-01,,WT,,3712.56,2.4407,0.193,0,0,,3.2774,,,1,,1.6646
TCGA-44-6144-01,,WT,,,,0.009,0,0,NP,,,,0,,
TCGA-44-6145-01,,WT,,2209.1,-0.009,-0.018,0,0,,-0.1997,,,0,,0.0028
TCGA-44-6146-01,,WT,,2685.47,0.7672,-0.125,0,0,,1.1081,,,-1,,0.6278
TCGA-44-6148-01,,WT,,2653.81,0.7156,0.025,0,0,,1.0287,,,0,,0.5899
TCGA-44-6774-01,,WT,,1742.57,-0.7692,0.015,0,0,,-1.7884,,,0,,-0.7565
TCGA-44-6775-01,,WT,,2241.29,0.0434,0.035,0,0,,-0.1028,,,0,,0.0491
TCGA-44-6776-01,,WT,,1504.31,-1.1574,-0.06,0,0,,-2.7729,,,0,,-1.2271
TCGA-44-6777-01,,WT,,3286.69,1.7468,0.035,0,0,,2.4612,,,0,,1.2746
TCGA-44-6778-01,,WT,,3206.85,1.6167,0.15,0,0,,2.2965,,,1,,1.1958
TCGA-44-6779-01,,WT,,2870.69,1.069,-0.022,0,0,,1.5548,,,0,,0.8413
TCGA-44-7659-01,,WT,,2132.29,-0.1342,0.037,0,0,,-0.4367,,,0,,-0.1105
TCGA-44-7660-01,,V417L,,2436.76,0.3619,0.073,1,1,,0.4572,,,0,,0.3167
TCGA-44-7661-01,,WT,,1933.48,-0.4581,0.018,0,0,,-1.0922,,,0,,-0.4238
TCGA-44-7662-01,,WT,,1670.44,-0.8867,0.517,0,0,,-2.0714,,,1,,-0.8918
TCGA-44-7667-01,,WT,,2604.24,0.6348,0.028,0,0,,0.9024,,,0,,0.5295
TCGA-44-7669-01,,WT,,3499.89,2.0942,0.102,0,0,,2.8822,,,1,,1.4758
TCGA-44-7670-01,,V465F V783F,,2664.19,0.7325,0.066,1,1,,1.0548,,,0,,0.6024
TCGA-44-7671-01,,WT,,1367.47,-1.3804,0.047,0,0,,-3.4114,,,0,,-1.5323
TCGA-44-7672-01,,WT,,2082.0,-0.2161,0.055,0,0,,-0.5966,,,0,,-0.1869
TCGA-44-8117-01,,Y739C,,2823.82,0.9926,0.139,1,1,,1.4446,,,1,,0.7886
TCGA-44-8119-01,,WT,,2935.75,1.175,0.063,0,0,,1.7049,,,0,,0.9131
TCGA-44-8120-01,,WT,,2219.19,0.0074,-0.125,0,0,,-0.1692,,,-1,,0.0173
TCGA-44-A479-01,,WT,,2470.49,0.4169,0.024,0,0,,0.5493,,,0,,0.3607
TCGA-44-A47A-01,,WT,,1730.3,-0.7892,0.149,0,0,,-1.8357,,,1,,-0.7791
TCGA-44-A47B-01,,WT,,2463.5,0.4055,0.056,0,0,,0.5303,,,0,,0.3517
TCGA-44-A47F-01,,WT,,,,0.0,0,0,NP,,,,0,,
TCGA-44-A47G-01,,WT,,1456.27,-1.2357,0.0,0,0,,-2.9902,,,0,,-1.3309
TCGA-44-A4SS-01,,WT,,1907.44,-0.5005,0.031,0,0,,-1.183,,,0,,-0.4672
TCGA-44-A4SU-01,,WT,,3065.15,1.3858,0.16,0,0,,1.9938,,,1,,1.0512
TCGA-46-3765-01,,WT,,2673.18,0.428,-0.035,0,0,,0.7639,,,0,,0.32
TCGA-46-3766-01,,WT,,2931.19,0.8144,0.041,0,0,,1.1933,,,0,,0.6084
TCGA-46-3767-01,,WT,,2536.29,0.223,0.026,0,0,,0.5189,,,0,,0.1554
TCGA-46-3768-01,,WT,,2455.52,0.1021,-0.012,0,0,,0.368,,,0,,0.0541
TCGA-46-3769-01,,WT,,3432.15,1.5646,0.443,0,0,,1.9287,,,1,,1.1024
TCGA-46-6025-01,,WT,,2248.15,-0.2085,0.433,0,0,,-0.0432,,,1,,-0.2221
TCGA-46-6026-01,,WT,,3123.65,1.1026,0.019,0,0,,1.4897,,,0,,0.8075
TCGA-49-4486-01,,WT,,2444.47,0.3745,0.06,0,0,,0.4783,,,0,,0.3268
TCGA-49-4487-01,,WT,,2337.83,0.2007,0.057,0,0,,0.1796,,,0,,0.184
TCGA-49-4488-01,,WT,,1550.54,-1.0821,-0.001,0,0,,-2.5702,,,0,,-1.1302
TCGA-49-4490-01,,WT,,1576.34,-1.04,-0.048,0,0,,-2.4597,,,0,,-1.0774
TCGA-49-4494-01,,WT,,1701.71,-0.8358,0.018,0,0,,-1.9472,,,0,,-0.8325
TCGA-49-4501-01,,WT,,2460.77,0.4011,-0.036,0,0,,0.5228,,,0,,0.3481
TCGA-49-4505-01,,WT,,2046.31,-0.2743,-0.028,0,0,,-0.7124,,,0,,-0.2423
TCGA-49-4506-01,,WT,,1378.97,-1.3616,0.013,0,0,,-3.3554,,,0,,-1.5055
TCGA-49-4507-01,,WT,,1545.14,-1.0909,-0.296,0,0,,-2.5935,,,-1,,-1.1414
TCGA-49-4510-01,,WT,,2498.08,0.4618,-0.062,0,0,,0.6236,,,0,,0.3963
TCGA-49-4512-01,,WT,,1928.52,-0.4662,0.122,0,0,,-1.1094,,,1,,-0.432
TCGA-49-4514-01,,WT,,1625.85,-0.9594,-0.255,0,0,,-2.2526,,,-1,,-0.9784
TCGA-49-6742-01,,WT,,2605.52,0.6369,-0.008,0,0,,0.9057,,,0,,0.5311
TCGA-49-6743-01,,WT,,3513.84,2.1169,-0.014,0,0,,2.9089,,,0,,1.4885
TCGA-49-6744-01,,WT,,2639.51,0.6923,0.114,0,0,,0.9925,,,1,,0.5726
TCGA-49-6745-01,,WT,,2346.93,0.2156,-0.005,0,0,,0.2056,,,0,,0.1965
TCGA-49-6761-01,,WT,,1947.57,-0.4352,0.126,0,0,,-1.0436,,,1,,-0.4006
TCGA-49-6767-01,,L858P,,4453.25,3.6476,0.138,1,1,,4.4959,,,1,,2.247
TCGA-49-AAQV-01,,WT,,3111.68,1.4617,0.001,0,0,,2.0947,,,0,,1.0994
TCGA-49-AAR0-01,,WT,,1417.95,-1.2981,-0.013,0,0,,-3.1687,,,0,,-1.4163
TCGA-49-AAR2-01,,WT,,1377.84,-1.3635,-0.105,0,0,,-3.3608,,,-1,,-1.5081
TCGA-49-AAR3-01,,WT,,2473.0,0.421,0.268,0,0,,0.5561,,,1,,0.364
TCGA-49-AAR4-01,,WT,,1187.26,-1.674,0.024,0,0,,-4.3575,,,0,,-1.9845
TCGA-49-AAR9-01,,WT,,1836.62,-0.6159,-0.415,0,0,,-1.4364,,,-1,,-0.5883
TCGA-49-AARE-01,,WT,,1535.28,-1.1069,-0.092,0,0,,-2.6364,,,0,,-1.1619
TCGA-49-AARN-01,,WT,,1832.84,-0.6221,-0.004,0,0,,-1.4502,,,0,,-0.5949
TCGA-49-AARO-01,,V183L,,1460.36,-1.229,0.105,1,1,,-2.9714,,,1,,-1.322
TCGA-49-AARQ-01,,WT,,1482.58,-1.1928,0.394,0,0,,-2.8703,,,1,,-1.2736
TCGA-49-AARR-01,,WT,,1508.36,-1.1508,0.01,0,0,,-2.7549,,,0,,-1.2185
TCGA-4A-A93W-01,,WT,,1617.16,0.1037,0.07,0,0,,-2.3994,,,0,,0.3163
TCGA-4A-A93X-01,,Q822*,,171.841,-2.2819,-0.155,1,1,,-19.1374,,,-1,,-4.6574
TCGA-4A-A93Y-01,,WT,,1272.79,-0.4648,-0.005,0,0,,-4.1902,,,0,,-0.2158
TCGA-4B-A93V-01,,WT,,1421.17,-1.2929,0.27,0,0,,-3.1535,,,1,,-1.409
TCGA-4C-A93U-01,,WT,,2606.76,-0.1975,0.005,0,0,,-0.7496,,,0,,-0.0594
TCGA-4E-A92E-01,,WT,,2180.78,0.1434,0.028,0,0,,-1.0876,,,0,,0.3075
TCGA-4G-AAZO-01,,WT,,1699.31,-0.36,-0.182,0,0,,1.4411,,,-1,,0.0414
TCGA-4G-AAZT-01,,WT,,956.403,-1.3735,0.042,0,0,,-3.4609,,,0,,-1.5261
TCGA-4H-AAAK-01,,WT,,1869.79,-0.8203,-0.02,0,0,,-2.0737,,,0,,-0.7207
TCGA-4J-AA1J-01,,WT,,2307.99,0.0235,-0.26,0,0,,,,,-1,,0.1474
TCGA-4K-AA1G-01,,WT,,1742.72,-0.8226,0.0,0,0,,,,,0,,-0.994
TCGA-4K-AA1H-01,,WT,,2526.21,0.0248,-0.007,0,0,,,,,0,,0.0446
TCGA-4K-AA1I-01,,WT,,2175.46,-0.3546,0.0,0,0,,,,,0,,-0.3736
TCGA-4K-AAAL-01,,WT,,1903.11,-0.6491,0.064,0,0,,,,,0,,-0.7477
TCGA-4L-AA1F-01,,WT,,2039.84,-0.5562,-0.134,0,0,,-1.4386,,,-1,,-0.4918
TCGA-4N-A93T-01,,WT,,1509.43,-0.9625,-0.186,0,0,,-2.2429,,,-1,,-1.1606
TCGA-4P-AA8J-01,,WT,,928.054,-1.5956,-0.019,0,0,,-2.973,,,0,,-2.0859
TCGA-4R-AA8I-01,,WT,,1811.13,0.7664,-0.098,0,0,,0.9157,,,0,,0.5752
TCGA-4T-AA8H-01,,WT,,1872.42,-0.586,0.21,0,0,,-0.9302,,,1,,-0.6224
TCGA-4V-A9QI-01,,WT,,5677.63,1.8437,0.006,0,0,,,,,0,,1.4214
TCGA-4V-A9QJ-01,,WT,,3137.87,-0.2922,0.119,0,0,,,,,1,,-0.0929
TCGA-4V-A9QL-01,,WT,,2510.12,-0.8202,-0.004,0,0,,,,,0,,-0.6629
TCGA-4V-A9QM-01,,WT,,3234.76,-0.2108,0.003,0,0,,,,,0,,-0.0152
TCGA-4V-A9QN-01,,WT,,1869.02,-1.3593,-0.141,0,0,,,,,-1,,-1.4158
TCGA-4V-A9QQ-01,,Y297*,,,,0.002,1,1,,,,,0,,
TCGA-4V-A9QR-01,,WT,,4615.29,0.9503,0.27,0,0,,,,,1,,0.8924
TCGA-4V-A9QS-01,,WT,,3657.75,0.145,0.079,0,0,,,,,0,,0.2986
TCGA-4V-A9QT-01,,WT,,4401.49,0.7705,0.004,0,0,,,,,0,,0.7712
TCGA-4V-A9QU-01,,WT,,4775.3,1.0848,0.003,0,0,,,,,0,,0.9794
TCGA-4V-A9QW-01,,WT,,2096.05,-1.1684,0.01,0,0,,,,,0,,-1.1231
TCGA-4V-A9QX-01,,WT,,4608.29,0.9444,-0.007,0,0,,,,,0,,0.8885
TCGA-4W-AA9R-01,,WT,,,,-0.198,0,0,,,,,-1,,
TCGA-4W-AA9S-01,,WT,,,,-0.098,0,0,,,,,0,,
TCGA-4W-AA9T-01,,WT,,,,-0.037,0,0,,,,,0,,
TCGA-4X-A9F9-01,,WT,,2842.14,-0.5409,0.008,0,0,,,,,0,,-0.3457
TCGA-4X-A9FA-01,,WT,,2163.05,-1.1121,0.003,0,0,,,,,0,,-1.0428
TCGA-4X-A9FB-01,,WT,,4938.58,1.2221,0.055,0,0,,,,,0,,1.0653
TCGA-4X-A9FC-01,,WT,,4813.96,1.1173,0.002,0,0,,,,,0,,1.0
TCGA-4X-A9FD-01,,WT,,4156.77,0.5646,-0.121,0,0,,,,,-1,,0.6252
TCGA-4Z-AA7M-01,,WT,,2633.44,0.9449,0.516,0,0,,0.7198,,,1,,0.7335
TCGA-4Z-AA7N-01,,WT,,1671.92,-0.1898,0.031,0,0,,-0.6677,,,0,,0.053
TCGA-4Z-AA7O-01,,WT,,2668.0,0.9857,-0.123,0,0,,0.7596,,,-1,,0.753
TCGA-4Z-AA7Q-01,,WT,,1642.38,-0.2247,-0.152,0,0,,-0.7221,,,-1,,0.0263
TCGA-4Z-AA7R-01,,I563M,,2889.19,1.2467,-0.066,1,1,,1.0029,,,0,,0.8723
TCGA-4Z-AA7S-01,,WT,,3242.13,1.6632,-0.096,0,0,,1.3549,,,0,,1.045
TCGA-4Z-AA7W-01,,WT,,1057.18,-0.9153,0.0,0,0,,-2.0671,,,0,,-0.6334
TCGA-4Z-AA7Y-01,,WT,,3199.17,1.6125,-0.028,0,0,,1.3142,,,0,,1.025
TCGA-4Z-AA80-01,,WT,,2542.37,0.8374,-0.279,0,0,,0.6123,,,-1,,0.6808
TCGA-4Z-AA81-01,,WT,,1668.32,-0.1941,0.126,0,0,,-0.6742,,,1,,0.0498
TCGA-4Z-AA82-01,,WT,,3542.24,2.0174,1.11,1,1,,1.6253,,,2,,1.1776
TCGA-4Z-AA83-01,,WT,,537.294,-1.5288,-0.053,0,0,,-4.1322,,,0,,-1.6463
TCGA-4Z-AA84-01,,R766K,,1974.22,0.1669,0.259,1,1,,-0.1601,,,1,,0.3019
TCGA-4Z-AA86-01,,WT,,1635.75,-0.2325,0.0,0,0,,-0.7344,,,0,,0.0202
TCGA-4Z-AA87-01,,WT,,1851.88,0.0225,0.133,0,0,,-0.3555,,,1,,0.2061
TCGA-4Z-AA89-01,,W1038*,,597.563,-1.4577,-0.016,1,1,,-3.8079,,,0,,-1.4873
TCGA-50-5044-01,,WT,,1452.41,-1.242,0.004,0,0,,-3.0079,,,0,,-1.3394
TCGA-50-5045-01,,WT,,2395.94,0.2954,0.062,0,0,,0.344,,,0,,0.2626
TCGA-50-5049-01,,WT,,2151.23,-0.1033,0.043,0,0,,-0.3775,,,0,,-0.0822
TCGA-50-5051-01,,WT,,1780.02,-0.7082,-0.014,0,0,,-1.646,,,0,,-0.6885
TCGA-50-5055-01,,WT,,2324.75,0.1794,0.005,0,0,,0.142,,,0,,0.1661
TCGA-50-5066-01,,WT,,2331.01,0.1896,0.154,0,0,,0.16,,,1,,0.1747
TCGA-50-5068-01,,WT,,3040.65,1.3459,0.003,0,0,,1.9401,,,0,,1.0255
TCGA-50-5072-01,,WT,,2240.18,0.0416,0.039,0,0,,-0.1062,,,0,,0.0475
TCGA-50-5930-01,,WT,,1953.56,-0.4254,0.038,0,0,,-1.023,,,0,,-0.3907
TCGA-50-5931-01,,WT,,2718.43,0.8209,-0.059,0,0,,1.1898,,,0,,0.6669
TCGA-50-5932-01,,WT,,2805.9,0.9634,-0.23,0,0,,1.4019,,,-1,,0.7682
TCGA-50-5933-01,,WT,,3077.9,1.4066,0.328,0,0,,2.0216,,,1,,1.0644
TCGA-50-5935-01,,WT,,3265.32,1.712,-0.025,0,0,,2.4176,,,0,,1.2537
TCGA-50-5936-01,,WT,,2433.48,0.3566,-0.173,0,0,,0.4482,,,-1,,0.3124
TCGA-50-5939-01,,WT,,2463.49,0.4055,-0.077,0,0,,0.5302,,,0,,0.3516
TCGA-50-5941-01,,WT,,3435.26,1.9889,0.244,0,0,,2.7574,,,1,,1.4161
TCGA-50-5942-01,,WT,,3718.23,2.45,-0.054,0,0,,3.2876,,,0,,1.6695
TCGA-50-5944-01,,WT,,2819.94,0.9863,0.057,0,0,,1.4353,,,0,,0.7842
TCGA-50-5946-01,,WT,,2328.08,0.1848,0.485,0,0,,0.1516,,,1,,0.1707
TCGA-50-6590-01,,WT,,1509.78,-1.1485,-0.129,0,0,,-2.7486,,,-1,,-1.2155
TCGA-50-6591-01,,WT,,2637.99,0.6898,0.18,0,0,,0.9886,,,1,,0.5707
TCGA-50-6592-01,,WT,,2610.39,0.6448,0.91,1,1,,0.9182,,,2,,0.537
TCGA-50-6593-01,,WT,,1836.43,-0.6163,0.115,0,0,,-1.437,,,1,,-0.5886
TCGA-50-6594-01,,WT,,1964.79,-0.4071,-0.019,0,0,,-0.9846,,,0,,-0.3724
TCGA-50-6595-01,,WT,,1943.41,-0.4419,0.0,0,0,,-1.0579,,,0,,-0.4074
TCGA-50-6597-01,,WT,,1720.08,-0.8058,-0.165,0,0,,-1.8753,,,-1,,-0.7981
TCGA-50-6673-01,,WT,,2518.23,0.4947,0.015,0,0,,0.6774,,,0,,0.422
TCGA-50-7109-01,,WT,,2877.07,1.0794,0.326,0,0,,1.5697,,,1,,0.8484
TCGA-50-8457-01,,WT,,3031.07,1.3303,0.021,0,0,,1.9189,,,0,,1.0154
TCGA-50-8459-01,,WT,,1848.58,-0.5965,-0.021,0,0,,-1.3929,,,0,,-0.5675
TCGA-50-8460-01,,WT,,1893.43,-0.5234,-0.029,0,0,,-1.2324,,,0,,-0.4908
TCGA-51-4079-01,,WT,,2717.66,0.4946,0.139,0,0,,0.8408,,,1,,0.3716
TCGA-51-4080-01,,WT,,3918.64,2.2931,-0.116,0,0,,2.5466,,,-1,,1.5174
TCGA-51-4081-01,,WT,,3743.56,2.0309,-0.028,0,0,,2.3336,,,0,,1.3743
TCGA-52-7622-01,,I616M,,2741.64,0.5305,-0.051,1,1,,0.8817,,,0,,0.3991
TCGA-52-7809-01,,WT,,3523.44,1.7013,0.004,0,0,,2.0511,,,0,,1.1846
TCGA-52-7810-01,,WT,,2013.88,-0.5593,-0.401,0,0,,-0.556,,,-1,,-0.5666
TCGA-52-7811-01,,WT,,1744.23,-0.9631,0.039,0,0,,-1.2259,,,0,,-1.0166
TCGA-52-7812-01,,WT,,2028.78,-0.537,-0.083,0,0,,-0.5217,,,0,,-0.5435
TCGA-53-7624-01,,I899V,,2913.48,1.1387,-0.044,1,1,,1.6539,,,0,,0.8887
TCGA-53-7626-01,,WT,,3150.98,1.5257,-0.099,0,0,,2.1788,,,0,,1.1396
TCGA-53-7813-01,,WT,,2437.82,0.3637,0.0,0,0,,0.4601,,,0,,0.3181
TCGA-53-A4EZ-01,,WT,,1830.24,-0.6263,0.012,0,0,,-1.4597,,,0,,-0.5994
TCGA-55-1592-01,,WT,,3136.55,1.5022,0.774,0,0,,2.1481,,,1,,1.1249
TCGA-55-1594-01,,WT,,2946.15,1.1919,0.031,0,0,,1.7286,,,0,,0.9244
TCGA-55-1595-01,,WT,,1581.55,-1.0316,-0.563,0,0,,-2.4376,,,-1,,-1.0668
TCGA-55-1596-01,,WT,,1891.06,-0.5272,-0.167,0,0,,-1.2407,,,-1,,-0.4948
TCGA-55-5899-01,,WT,,2400.34,0.3026,0.225,0,0,,0.3563,,,1,,0.2685
TCGA-55-6543-01,,WT,,2659.98,0.7257,0.335,0,0,,1.0442,,,1,,0.5973
TCGA-55-6642-01,,WT,,3264.09,1.71,0.121,0,0,,2.415,,,1,,1.2525
TCGA-55-6712-01,,WT,,2692.36,0.7784,0.101,0,0,,1.1253,,,1,,0.636
TCGA-55-6968-01,,WT,,2591.87,0.6147,-0.17,0,0,,0.8705,,,-1,,0.5143
TCGA-55-6969-01,,WT,,2663.01,0.7306,0.022,0,0,,1.0518,,,0,,0.6009
TCGA-55-6970-01,,WT,,2035.01,-0.2927,0.217,0,0,,-0.7494,,,1,,-0.26
TCGA-55-6971-01,,WT,,2595.35,0.6203,-0.098,0,0,,0.8795,,,0,,0.5185
TCGA-55-6972-01,,WT,,2323.06,0.1767,-0.011,0,0,,0.1372,,,0,,0.1638
TCGA-55-6975-01,,WT,,2505.45,0.4739,-0.053,0,0,,0.6434,,,0,,0.4057
TCGA-55-6978-01,,WT,,3116.21,1.469,0.004,0,0,,2.1045,,,0,,1.104
TCGA-55-6979-01,,WT,,1774.41,-0.7173,0.028,0,0,,-1.6671,,,0,,-0.6986
TCGA-55-6980-01,,WT,,2385.5,0.2784,0.018,0,0,,0.3148,,,0,,0.2487
TCGA-55-6981-01,,WT,,1407.89,-1.3145,0.006,0,0,,-3.2164,,,0,,-1.4391
TCGA-55-6982-01,,WT,,2621.8,0.6634,0.0,0,0,,0.9474,,,0,,0.551
TCGA-55-6983-01,,WT,,2610.99,0.6458,0.012,0,0,,0.9197,,,0,,0.5378
TCGA-55-6984-01,,WT,,1761.43,-0.7385,0.013,0,0,,-1.7163,,,0,,-0.7221
TCGA-55-6985-01,,WT,,2750.75,0.8736,0.154,0,0,,1.269,,,1,,0.7047
TCGA-55-6986-01,,WT,,2556.69,0.5573,-0.069,0,0,,0.779,,,0,,0.4705
TCGA-55-6987-01,,WT,,2581.57,0.5979,0.145,0,0,,0.8438,,,1,,0.5015
TCGA-55-7227-01,,WT,,2042.16,-0.281,,0,0,,-0.726,,,NP,,-0.2488
TCGA-55-7281-01,,WT,,2841.6,1.0216,0.168,0,0,,1.4866,,,1,,0.8087
TCGA-55-7283-01,,L221M,,2392.98,0.2906,-0.066,1,1,,0.3358,,,0,,0.2587
TCGA-55-7284-01,,WT,,3161.52,1.5429,0.079,0,0,,2.2012,,,0,,1.1503
TCGA-55-7570-01,,WT,,2765.58,0.8977,-0.124,0,0,,1.305,,,-1,,0.7219
TCGA-55-7573-01,,WT,,3059.25,1.3762,0.019,0,0,,1.9809,,,0,,1.045
TCGA-55-7574-01,,WT,,1961.5,-0.4125,0.003,0,0,,-0.9958,,,0,,-0.3777
TCGA-55-7576-01,,WT,,1833.88,-0.6204,-0.232,0,0,,-1.4464,,,-1,,-0.5931
TCGA-55-7724-01,,WT,,3112.22,1.4625,-0.01,0,0,,2.0959,,,0,,1.0999
TCGA-55-7725-01,,WT,,3546.22,2.1697,-0.009,0,0,,2.9703,,,0,,1.5179
TCGA-55-7726-01,,WT,,3355.81,1.8594,0.377,0,0,,2.6007,,,1,,1.3412
TCGA-55-7727-01,,WT,,3382.57,1.903,-0.054,0,0,,2.6539,,,0,,1.3666
TCGA-55-7728-01,,WT,,1242.08,-1.5847,-0.011,0,0,,-4.0553,,,0,,-1.84
TCGA-55-7815-01,,WT,,4268.54,3.3467,0.017,0,0,,4.2122,,,0,,2.1114
TCGA-55-7816-01,,WT,,2408.6,0.316,,0,0,,0.3793,,,NP,,0.2795
TCGA-55-7903-01,,WT,,2456.4,0.3939,-0.116,0,0,,0.5109,,,-1,,0.3424
TCGA-55-7907-01,,WT,,1486.32,-1.1867,-0.297,0,0,,-2.8534,,,-1,,-1.2656
TCGA-55-7910-01,,WT,,2315.74,0.1647,-0.316,0,0,,0.116,,,-1,,0.1537
TCGA-55-7911-01,,WT,,1960.62,-0.4139,0.012,0,0,,-0.9988,,,0,,-0.3792
TCGA-55-7913-01,,WT,,2617.69,0.6567,-0.122,1,1,STAG2-GRIA3 fusion,0.9369,,,-1,,0.546
TCGA-55-7914-01,,WT,,2405.3,0.3107,-0.08,0,0,,0.3701,,,0,,0.2751
TCGA-55-7994-01,,WT,,3809.78,2.5992,0.319,0,0,,3.4505,,,1,,1.7474
TCGA-55-7995-01,,WT,,2728.91,0.838,-0.221,0,0,,1.2156,,,-1,,0.6792
TCGA-55-8085-01,,WT,,1837.51,-0.6145,0.07,0,0,,-1.4331,,,0,,-0.5867
TCGA-55-8087-01,,WT,,2467.02,0.4112,-0.02,0,0,,0.5398,,,0,,0.3562
TCGA-55-8089-01,,WT,,2168.53,-0.0751,-0.006,0,0,,-0.3239,,,0,,-0.0566
TCGA-55-8090-01,,WT,,3937.13,2.8067,0.586,1,1,,3.6708,,,2,,1.8526
TCGA-55-8091-01,,WT,,2470.6,0.4171,0.022,0,0,,0.5495,,,0,,0.3609
TCGA-55-8092-01,,WT,,2043.7,-0.2785,0.121,0,0,,-0.7209,,,1,,-0.2463
TCGA-55-8094-01,,WT,,2272.09,0.0936,-0.234,0,0,,-0.0114,,,-1,,0.0927
TCGA-55-8096-01,,WT,,2320.16,0.1719,0.118,0,0,,0.1288,,,1,,0.1598
TCGA-55-8097-01,,WT,,1970.0,-0.3986,-0.021,0,0,,-0.9669,,,0,,-0.3639
TCGA-55-8203-01,,WT,,3671.62,2.374,0.27,0,0,,3.2031,,,1,,1.6291
TCGA-55-8204-01,,WT,,2478.0,0.4291,-0.047,0,0,,0.5696,,,0,,0.3704
TCGA-55-8205-01,,WT,,2332.33,0.1918,-0.064,0,0,,0.1638,,,0,,0.1765
TCGA-55-8206-01,,WT,,2929.12,1.1642,0.045,0,0,,1.6898,,,0,,0.9058
TCGA-55-8207-01,,WT,,2972.76,1.2353,-0.028,0,0,,1.7888,,,0,,0.9532
TCGA-55-8208-01,,WT,,1797.32,-0.68,0.03,0,0,,-1.5812,,,0,,-0.6575
TCGA-55-8299-01,,WT,,1501.51,-1.162,0.006,0,0,,-2.7853,,,0,,-1.233
TCGA-55-8301-01,,WT,,2155.7,-0.096,0.064,0,0,,-0.3636,,,0,,-0.0756
TCGA-55-8302-01,,WT,,1349.58,-1.4095,0.032,0,0,,-3.4996,,,0,,-1.5744
TCGA-55-8505-01,,WT,,1615.2,-0.9767,-0.024,0,0,,-2.2966,,,0,,-0.9995
TCGA-55-8506-01,,Q15H,,1314.75,-1.4663,-0.041,1,1,,-3.6747,,,0,,-1.6581
TCGA-55-8507-01,,WT,,1932.9,-0.4591,0.0,0,0,,-1.0942,,,0,,-0.4248
TCGA-55-8508-01,,WT,,1592.4,-1.0139,-0.027,0,0,,-2.3918,,,0,,-1.045
TCGA-55-8510-01,,WT,,1457.16,-1.2342,0.093,0,0,,-2.9861,,,0,,-1.329
TCGA-55-8511-01,,WT,,2113.21,-0.1653,0.032,0,0,,-0.4969,,,0,,-0.1393
TCGA-55-8512-01,,WT,,1865.31,-0.5692,-0.018,0,0,,-1.3326,,,0,,-0.5387
TCGA-55-8513-01,,WT,,1623.89,-0.9626,0.001,0,0,,-2.2607,,,0,,-0.9823
TCGA-55-8514-01,,WT,,1522.58,-1.1276,0.075,0,0,,-2.692,,,0,,-1.1884
TCGA-55-8614-01,,WT,,1845.04,-0.6022,-0.005,0,0,,-1.4057,,,0,,-0.5737
TCGA-55-8615-01,,WT,,1427.81,-1.2821,-0.097,0,0,,-3.1223,,,0,,-1.3941
TCGA-55-8616-01,,WT,,1611.34,-0.983,0.061,0,0,,-2.3126,,,0,,-1.0071
TCGA-55-8619-01,,WT,,2464.76,0.4076,-0.007,0,0,,0.5337,,,0,,0.3533
TCGA-55-8620-01,,WT,,2818.28,0.9836,0.048,0,0,,1.4314,,,0,,0.7823
TCGA-55-8621-01,,WT,,1859.92,-0.578,-0.002,0,0,,-1.3519,,,0,,-0.5479
TCGA-55-A48X-01,,WT,,1681.82,-0.8682,0.044,0,0,,-2.026,,,0,,-0.8701
TCGA-55-A48Y-01,,WT,,2375.53,0.2622,0.952,1,1,,0.2867,,,2,,0.2353
TCGA-55-A48Z-01,,WT,,3046.13,1.3548,0.368,0,0,,1.9521,,,1,,1.0312
TCGA-55-A490-01,,WT,,2290.32,0.1233,0.04,0,0,,0.0421,,,0,,0.1183
TCGA-55-A491-01,,WT,,959.767,-2.0447,-0.331,0,0,,-5.7814,,,-1,,-2.665
TCGA-55-A492-01,,WT,,1083.56,-1.843,-0.033,0,0,,-4.9694,,,0,,-2.2769
TCGA-55-A493-01,,WT,,2236.7,0.036,0.047,0,0,,-0.1166,,,0,,0.0425
TCGA-55-A494-01,,WT,,2449.65,0.3829,0.198,0,0,,0.4925,,,1,,0.3336
TCGA-55-A4DF-01,,WT,,2766.53,0.8993,-0.008,0,0,,1.3073,,,0,,0.723
TCGA-55-A4DG-01,,WT,,3359.18,1.8649,0.998,0,0,,2.6074,,,1,,1.3444
TCGA-55-A57B-01,,WT,,3026.45,1.3228,0.195,0,0,,1.9087,,,1,,1.0105
TCGA-56-1622-01,,WT,,3674.46,1.9274,0.021,0,0,,2.2467,,,0,,1.316
TCGA-56-5897-01,,WT,,2772.91,0.5774,-0.018,0,0,,0.9346,,,0,,0.4346
TCGA-56-5898-01,,WT,,2466.92,0.1191,-0.062,0,0,,0.3896,,,0,,0.0686
TCGA-56-6545-01,,X1235_splice G54C,,3198.17,1.2142,0.052,1,1,,1.5996,,,0,,0.8813
TCGA-56-6546-01,,WT,,2967.56,0.8688,0.038,0,0,,1.2508,,,0,,0.647
TCGA-56-7221-01,,WT,,3117.18,1.0929,-0.106,0,0,,1.4801,,,-1,,0.801
TCGA-56-7222-01,,WT,,3718.63,1.9936,-0.122,0,0,,2.3024,,,-1,,1.3534
TCGA-56-7223-01,,WT,,5805.47,5.1186,0.73,0,0,,4.3789,,,1,,2.7481
TCGA-56-7579-01,,WT,,2014.06,-0.559,-0.036,0,0,,-0.5556,,,0,,-0.5663
TCGA-56-7580-01,,WT,,3300.15,1.3669,-0.08,0,0,,1.7459,,,0,,0.9796
TCGA-56-7582-01,,WT,,3950.41,2.3407,0.004,0,0,,2.5843,,,0,,1.5427
TCGA-56-7730-01,,WT,,4785.37,3.591,0.33,0,0,,3.4781,,,1,,2.1431
TCGA-56-7731-01,,WT,,1888.37,-0.7473,0.01,0,0,,-0.8559,,,0,,-0.768
TCGA-56-7822-01,,WT,,2630.22,0.3637,-0.046,0,0,,0.6883,,,0,,0.2692
TCGA-56-7823-01,,WT,,2786.95,0.5984,-0.263,0,0,,0.9581,,,-1,,0.4504
TCGA-56-8082-01,,WT,,3914.84,2.2874,0.056,0,0,,2.5421,,,0,,1.5144
TCGA-56-8083-01,,WT,,3144.4,1.1337,-0.105,0,0,,1.5206,,,-1,,0.8282
TCGA-56-8201-01,,WT,,2556.42,0.2532,0.011,0,0,,0.5557,,,0,,0.1801
TCGA-56-8304-01,,WT,,1998.55,-0.5823,-0.044,0,0,,-0.5916,,,0,,-0.5905
TCGA-56-8305-01,,WT,,2253.89,-0.1999,-0.053,0,0,,-0.0313,,,0,,-0.2141
TCGA-56-8307-01,,WT,,3204.28,1.2233,-0.578,0,0,,1.6085,,,-1,,0.8873
TCGA-56-8308-01,,WT,,2261.19,-0.189,0.0,0,0,,-0.0162,,,0,,-0.204
TCGA-56-8309-01,,WT,,1994.86,-0.5878,-0.053,0,0,,-0.6002,,,0,,-0.5963
TCGA-56-8503-01,,WT,,1893.55,-0.7395,-0.002,0,0,,-0.8431,,,0,,-0.7594
TCGA-56-8504-01,,WT,,2761.89,0.5609,0.142,0,0,,0.916,,,1,,0.4222
TCGA-56-8622-01,,WT,,1608.91,-1.1658,-0.009,0,0,,-1.6022,,,0,,-1.2693
TCGA-56-8623-01,,NP,,1753.81,-0.9488,-0.001,0,0,NP,-1.2004,,,0,,-0.9994
TCGA-56-8624-01,,WT,,2368.85,-0.0277,0.178,0,0,,0.2006,,,1,,-0.0584
TCGA-56-8625-01,,WT,,2441.99,0.0818,-0.344,0,0,,0.3423,,,-1,,0.0368
TCGA-56-8626-01,,WT,,1877.69,-0.7632,-0.006,0,0,,-0.8823,,,0,,-0.7858
TCGA-56-8628-01,,WT,,2351.59,-0.0536,-0.044,0,0,,0.1665,,,0,,-0.0813
TCGA-56-8629-01,,WT,,1920.57,-0.699,0.127,0,0,,-0.7771,,,1,,-0.7151
TCGA-56-A49D-01,,WT,,2660.33,0.4088,0.0,0,0,,0.7414,,,0,,0.3049
TCGA-56-A4BW-01,,WT,,1947.86,-0.6582,-0.209,0,0,,-0.7114,,,-1,,-0.6709
TCGA-56-A4BX-01,,WT,,1736.5,-0.9747,0.027,0,0,,-1.2466,,,0,,-1.0305
TCGA-56-A4BY-01,,WT,,2347.46,-0.0598,-0.066,0,0,,0.1583,,,0,,-0.0868
TCGA-56-A4ZJ-01,,WT,,1540.9,-1.2676,-0.02,0,0,,-1.8035,,,0,,-1.4045
TCGA-56-A4ZK-01,,WT,,2507.65,0.1801,-0.068,0,0,,0.4659,,,0,,0.1198
TCGA-56-A5DR-01,,WT,,2030.2,-0.5349,0.512,0,0,,-0.5184,,,1,,-0.5413
TCGA-56-A5DS-01,,WT,,1893.95,-0.7389,0.014,0,0,,-0.8422,,,0,,-0.7588
TCGA-56-A62T-01,,WT,,2753.18,0.5478,0.101,0,0,,0.9013,,,1,,0.4123
TCGA-57-1582-01,,WT,,3448.9698,1.6072,-0.15,0,0,,,,,-1,,1.0756
TCGA-57-1583-01,,WT,,2847.9112,0.8099,0.071,0,0,,,,,0,,0.5968
TCGA-57-1584-01,,WT,,2295.4776,0.0771,0.137,0,0,,,,,1,,0.0576
TCGA-57-1585-01,,WT,,2117.3482,-0.1592,0.31,0,0,,,,,1,,-0.1443
TCGA-57-1586-01,,WT,,,,0.889,0,0,,,,,1,,
TCGA-57-1992-01,,WT,,,,-0.367,0,0,,,,,-1,,
TCGA-57-1993-01,,WT,,1381.9869,-1.1346,-0.48,0,0,,,,,-1,,-1.2109
TCGA-57-1994-01,,WT,,2618.5303,0.5056,0.315,0,0,,,,,1,,0.3869
TCGA-58-8386-01,,WT,,2602.07,0.3215,0.119,0,0,,0.6382,,,1,,0.2356
TCGA-58-8387-01,,WT,,2757.85,0.5548,-0.041,0,0,,0.9092,,,0,,0.4176
TCGA-58-8388-01,,WT,,2420.85,0.0501,-0.118,0,0,,0.3018,,,-1,,0.0096
TCGA-58-8390-01,,WT,,2982.31,0.8909,-0.218,0,0,,1.2739,,,-1,,0.6626
TCGA-58-8391-01,,WT,,2812.45,0.6366,0.258,0,0,,1.0006,,,1,,0.479
TCGA-58-8392-01,,WT,,2268.13,-0.1786,-0.198,0,0,,-0.0019,,,-1,,-0.1944
TCGA-58-8393-01,,WT,,2576.46,0.2832,0.048,0,0,,0.5921,,,0,,0.2046
TCGA-58-A46J-01,,WT,,1985.6,-0.6017,-0.011,0,0,,-0.6219,,,0,,-0.6109
TCGA-58-A46K-01,,WT,,2141.29,-0.3685,0.066,0,0,,-0.2701,,,0,,-0.3746
TCGA-58-A46L-01,,WT,,2628.67,0.3614,-0.059,0,0,,0.6856,,,0,,0.2674
TCGA-58-A46M-01,,WT,,2579.01,0.287,0.16,0,0,,0.5967,,,1,,0.2077
TCGA-58-A46N-01,,WT,,2457.61,0.1052,0.472,0,0,,0.372,,,1,,0.0567
TCGA-59-2348-01,,WT,-0.5137,1917.5228,-0.4242,-0.27,0,0,,,-0.0856,,-1,,-0.3921
TCGA-59-2349-01,,WT,,,,0.047,0,0,,,,,0,,
TCGA-59-2350-01,,WT,,1794.006,-0.5881,-0.278,0,0,,,,,-1,,-0.5586
TCGA-59-2351-01,,WT,0.0732,2462.9554,0.2993,0.015,0,0,,,0.0583,,0,,0.2337
TCGA-59-2352-01,,WT,0.5978,3270.4268,1.3703,0.723,0,0,,,0.1869,,1,,0.9427
TCGA-59-2354-01,,WT,,2104.4319,-0.1763,-0.21,0,0,,,,,-1,,-0.1596
TCGA-59-2355-01,,WT,,2352.1274,0.1523,-0.072,0,0,,,,,0,,0.1186
TCGA-59-2363-01,,WT,,2583.7524,0.4595,-0.293,0,0,,,,,-1,,0.3534
TCGA-59-2372-01,,WT,-0.2008,,,0.529,0,0,,,-0.0089,,1,,
TCGA-59-A5PD-01,,WT,,4186.6476,2.5857,0.096,0,0,,,,,0,,1.5603
TCGA-5B-A90C-01,,WT,,3441.1,1.8073,-0.034,0,0,,1.0156,,,0,,1.4552
TCGA-5C-A9VG-01,,WT,,1136.56,-0.5578,0.0,0,0,,-0.9662,,,0,,-0.4765
TCGA-5C-A9VH-01,,WT,,1068.32,-0.6918,-0.009,0,0,,-1.2162,,,0,,-0.6163
TCGA-5C-AAPD-01,,WT,,1379.2,-0.0815,-0.139,0,0,,-0.1847,,,-1,,-0.0398
TCGA-5G-A9ZZ-01,,WT,,3714.09,0.1924,-0.013,0,0,,,,,0,,0.3376
TCGA-5K-AAAP-01,,WT,,2230.11,-1.0557,0.005,0,0,,,,,0,,-0.9648
TCGA-5L-AAT0-01,,WT,,1750.4,-0.9506,-0.004,0,0,,-2.3129,,,0,,-0.8882
TCGA-5M-AAT4-01,,T1245Kfs*3,,3170.83,0.7609,0.004,1,1,,2.279,,,0,,0.6933
TCGA-5M-AAT5-01,,WT,,1824.63,-0.6355,-0.166,0,0,,-1.0877,,,-1,,-0.687
TCGA-5M-AAT6-01,,WT,,1665.53,-0.8006,0.028,0,0,,-1.6435,,,0,,-0.9148
TCGA-5M-AATA-01,,WT,,1802.39,-0.6586,-0.028,0,0,,-1.1624,,,0,,-0.7176
TCGA-5M-AATE-01,,WT,,2520.07,0.0859,0.057,0,0,,0.8795,,,0,,0.1195
TCGA-5N-A9KI-01,,WT,,1375.03,-0.5402,0.0,0,0,,-1.2646,,,0,,-0.2398
TCGA-5N-A9KM-01,,WT,,2164.08,0.391,-0.032,0,0,,0.1203,,,0,,0.4395
TCGA-5P-A9JU-01,,WT,,1993.11,0.7242,-0.09,0,0,,-0.8361,,,0,,0.7808
TCGA-5P-A9JV-01,,WT,,1641.06,0.1431,-0.015,0,0,,-2.2897,,,0,,0.3489
TCGA-5P-A9JW-01,,WT,,895.317,-1.0878,-0.003,0,0,,-6.8203,,,0,,-0.9973
TCGA-5P-A9JY-01,,WT,,1134.69,-0.6927,0.128,0,0,,-5.0489,,,1,,-0.471
TCGA-5P-A9JZ-01,,WT,,1005.94,-0.9052,0.041,0,0,,-5.9494,,,0,,-0.7386
TCGA-5P-A9K0-01,,WT,,1016.33,-0.8881,0.137,0,0,,-5.8725,,,1,,-0.7157
TCGA-5P-A9K2-01,,WT,,903.19,-1.0748,0.131,0,0,,-6.7548,,,1,,-0.9779
TCGA-5P-A9K3-01,,WT,,1600.34,0.0759,-0.151,0,0,,-2.4776,,,-1,,0.2931
TCGA-5P-A9K4-01,,NP,,2561.38,1.6621,0.764,0,0,NP,1.0403,,,1,,1.3384
TCGA-5P-A9K6-01,,WT,,1157.14,-0.6556,0.104,0,0,,-4.9024,,,1,,-0.4275
TCGA-5P-A9K8-01,,WT,,1914.52,0.5945,-0.173,0,0,,-1.137,,,-1,,0.6914
TCGA-5P-A9K9-01,,WT,,1455.96,-0.1624,0.0,0,0,,-3.1847,,,0,,0.083
TCGA-5P-A9KA-01,,WT,,2196.83,1.0604,0.073,0,0,,-0.1081,,,0,,0.9972
TCGA-5P-A9KC-01,,WT,,1470.37,-0.1386,0.042,0,0,,-3.1111,,,0,,0.1048
TCGA-5P-A9KE-01,,WT,,1078.0,-0.7863,0.063,0,0,,-5.4321,,,0,,-0.5849
TCGA-5P-A9KH-01,,WT,,3321.26,2.9164,-0.302,0,0,,2.9838,,,-1,,1.9159
TCGA-5R-AA1C-01,,WT,,2562.48,2.2414,0.836,0,0,,2.3176,,,1,,1.3586
TCGA-5R-AA1D-01,,WT,,1777.47,0.7003,-0.001,0,0,,0.8399,,,0,,0.5328
TCGA-5R-AAAM-01,,WT,,1275.49,-0.2851,-0.02,0,0,,-0.5004,,,0,,-0.2163
TCGA-5S-A9Q8-01,,WT,,1390.71,-0.8997,-0.001,0,0,,-3.1615,,,0,,-0.8243
TCGA-5T-A9QA-01,,WT,,966.527,-1.8059,-0.024,0,0,,-4.4649,,,0,,-2.3947
TCGA-5U-AB0D-01,,WT,,834.495,-2.2294,-0.678,0,0,,,,,-1,,-3.4738
TCGA-5U-AB0E-01,,WT,,2040.44,-1.2152,-0.042,0,0,,,,,0,,-1.1918
TCGA-5U-AB0F-01,,WT,,1374.25,-1.7754,0.0,0,0,,,,,0,,-2.2008
TCGA-5V-A9RR-01,,WT,,2396.59,-0.9156,-0.009,0,0,,,,,0,,-0.781
TCGA-5X-AA5U-01,,WT,,2401.1142,0.2172,0.148,0,0,,,,,1,,0.1701
TCGA-60-2695-01,,WT,,2335.36,-0.0779,0.285,0,0,,0.1342,,,1,,-0.103
TCGA-60-2697-01,,WT,,2515.37,0.1917,0.007,0,0,,0.4803,,,0,,0.1295
TCGA-60-2698-01,,WT,,2723.52,0.5034,0.067,0,0,,0.8508,,,0,,0.3784
TCGA-60-2703-01,,WT,,4039.26,2.4737,0.136,0,0,,2.6879,,,1,,1.6124
TCGA-60-2704-01,,WT,,2827.38,0.6589,0.037,0,0,,1.0252,,,0,,0.4955
TCGA-60-2706-01,,WT,,2932.06,0.8157,0.089,0,0,,1.1947,,,0,,0.6094
TCGA-60-2707-01,,WT,,2331.5,-0.0837,0.081,0,0,,0.1265,,,0,,-0.1082
TCGA-60-2708-01,,WT,,2755.33,0.551,0.104,0,0,,0.9049,,,1,,0.4147
TCGA-60-2709-01,,WT,,2247.11,-0.21,0.092,0,0,,-0.0453,,,0,,-0.2236
TCGA-60-2710-01,,WT,,2475.21,0.1315,0.097,0,0,,0.4052,,,0,,0.0791
TCGA-60-2711-01,,WT,,4263.37,2.8093,0.486,0,0,,2.9396,,,1,,1.7814
TCGA-60-2713-01,,WT,,2163.35,-0.3355,-0.165,0,0,,-0.2224,,,-1,,-0.3425
TCGA-60-2714-01,,WT,,1516.01,-1.3049,-0.055,0,0,,-1.8793,,,0,,-1.4555
TCGA-60-2716-01,,WT,,2877.65,0.7342,0.008,0,0,,1.1074,,,0,,0.5507
TCGA-60-2719-01,,WT,,1426.04,-1.4396,-0.482,0,0,,-2.1644,,,-1,,-1.6469
TCGA-60-2720-01,,WT,,1501.38,-1.3268,-0.007,0,0,,-1.9245,,,0,,-1.4858
TCGA-60-2721-01,,WT,,2582.43,0.2921,-0.133,0,0,,0.6029,,,-1,,0.2118
TCGA-60-2722-01,,WT,,2620.14,0.3486,0.0,0,0,,0.6705,,,0,,0.2572
TCGA-60-2723-01,,WT,,3092.46,1.0559,0.043,0,0,,1.4429,,,0,,0.7761
TCGA-60-2724-01,,WT,,1690.27,-1.0439,0.128,0,0,,-1.3723,,,1,,-1.1149
TCGA-60-2725-01,,WT,,2633.48,0.3686,0.008,0,0,,0.6941,,,0,,0.2731
TCGA-60-2726-01,,WT,,2093.37,-0.4403,-0.208,0,0,,-0.3756,,,-1,,-0.4454
TCGA-61-1721-01,,NP,,2543.5556,0.4062,0.001,0,0,NP,,,,0,,0.3142
TCGA-61-1722-01,,WT,,,,-0.089,0,0,,,,,0,,
TCGA-61-1724-01,,WT,-0.2237,4471.7269,2.9638,-0.079,0,0,,,-0.0145,,0,,1.7251
TCGA-61-1725-01,,WT,,1992.363,-0.325,-0.267,0,0,,,,,-1,,-0.2964
TCGA-61-1727-01,,WT,0.8082,,,0.538,0,0,,,0.2385,,1,,
TCGA-61-1728-01,,WT,,2514.6516,0.3678,0.049,0,0,,,,,0,,0.2856
TCGA-61-1730-01,,WT,,,,0.122,0,0,,,,,1,,
TCGA-61-1733-01,,WT,,2347.6289,0.1463,0.68,0,0,,,,,1,,0.1138
TCGA-61-1734-01,,NP,,,,-0.072,0,0,NP,,,,0,,
TCGA-61-1736-01,,WT,,2642.4808,0.5374,-0.228,0,0,,,,,-1,,0.4096
TCGA-61-1737-01,,WT,,1825.8366,-0.5458,-0.238,0,0,,,,,-1,,-0.5146
TCGA-61-1738-01,,WT,,2096.7276,-0.1865,-0.19,0,0,,,,,-1,,-0.1688
TCGA-61-1740-01,,WT,,1624.7288,-0.8126,-0.278,0,0,,,,,-1,,-0.8064
TCGA-61-1741-01,,WT,0.8767,1723.9228,-0.681,-0.199,0,0,,,0.2553,,-1,,-0.6582
TCGA-61-1743-01,,WT,,2156.2006,-0.1076,0.203,0,0,,,,,1,,-0.0989
TCGA-61-1895-01,,WT,,,,-0.024,0,0,,,,,0,,
TCGA-61-1899-01,,WT,,,,0.596,0,0,,,,,1,,
TCGA-61-1900-01,,WT,,2158.4757,-0.1046,-0.449,0,0,,,,,-1,,-0.0962
TCGA-61-1901-01,,WT,,,,-0.14,0,0,,,,,-1,,
TCGA-61-1903-01,,WT,,,,-0.151,0,0,,,,,-1,,
TCGA-61-1904-01,,WT,,,,0.004,0,0,,,,,0,,
TCGA-61-1906-01,,WT,,,,-0.006,0,0,,,,,0,,
TCGA-61-1907-01,,WT,0.8939,2589.2023,0.4667,0.0,0,0,,,0.2595,,0,,0.3587
TCGA-61-1910-01,,WT,1.5093,2390.3386,0.2029,-0.096,0,0,,,0.4104,,0,,0.1589
TCGA-61-1911-01,,WT,-1.683,,,0.127,0,0,,,-0.3723,,1,,
TCGA-61-1913-01,,WT,,,,-0.262,0,0,,,,,-1,,
TCGA-61-1914-01,,WT,-1.5353,1670.3548,-0.7521,0.065,0,0,,,-0.3361,,0,,-0.7371
TCGA-61-1915-01,,WT,0.6573,,,0.932,0,0,,,0.2015,,1,,
TCGA-61-1917-01,,WT,,4139.729,2.5234,0.623,0,0,,,,,1,,1.5322
TCGA-61-1918-01,,WT,0.1095,1943.707,-0.3895,0.177,0,0,,,0.0672,,1,,-0.3582
TCGA-61-1919-01,,WT,,1604.3771,-0.8396,-0.165,0,0,,,,,-1,,-0.8379
TCGA-61-1995-01,,WT,-0.1955,1600.6749,-0.8445,-0.471,0,0,,,-0.0076,,-1,,-0.8437
TCGA-61-1998-01,,WT,,2101.6811,-0.1799,-0.083,0,0,,,,,0,,-0.1629
TCGA-61-2000-01,,WT,,4931.9056,3.5742,-0.055,0,0,,,,,0,,1.97
TCGA-61-2002-01,,WT,,2203.3467,-0.0451,-0.274,0,0,,,,,-1,,-0.0448
TCGA-61-2003-01,,WT,,1734.8536,-0.6665,0.506,0,0,,,,,1,,-0.6424
TCGA-61-2008-01,,WT,1.245,2261.6718,0.0323,0.358,0,0,,,0.3456,,1,,0.0205
TCGA-61-2009-01,,WT,,1067.2797,-1.552,0.028,0,0,,,,,0,,-1.8567
TCGA-61-2012-01,,WT,,2913.7338,0.8972,0.167,0,0,,,,,1,,0.654
TCGA-61-2016-01,,WT,,2771.6853,0.7088,-0.274,0,0,,,,,-1,,0.529
TCGA-61-2017-01,,NP,,,,-0.013,0,0,NP,,,,0,,
TCGA-61-2018-01,,WT,,,,0.221,0,0,,,,,1,,
TCGA-61-2087-01,,WT,0.9885,,,0.123,0,0,,,0.2827,,1,,
TCGA-61-2088-01,,WT,1.7516,1384.6032,-1.1311,0.3,0,0,,,0.4698,,1,,-1.2061
TCGA-61-2092-01,,WT,,1179.3072,-1.4034,-0.037,0,0,,,,,0,,-1.6072
TCGA-61-2094-01,,X676_splice,-0.1596,2134.67,-0.1362,-0.388,1,1,,,0.0012,,-1,,-0.1239
TCGA-61-2095-01,,WT,,1996.8821,-0.319,-0.02,0,0,,,,,0,,-0.2908
TCGA-61-2096-01,,WT,,,,-0.303,0,0,,,,,-1,,
TCGA-61-2097-01,,NP,,2399.0563,0.2145,0.0,0,0,NP,,,,0,,0.168
TCGA-61-2098-01,,WT,,1119.5757,-1.4827,-0.399,0,0,,,,,-1,,-1.7371
TCGA-61-2101-01,,WT,,1284.1269,-1.2644,-0.115,0,0,,,,,-1,,-1.3944
TCGA-61-2102-01,,WT,,1185.3052,-1.3955,-0.022,0,0,,,,,0,,-1.5946
TCGA-61-2104-01,,WT,,1244.954,-1.3164,-0.436,0,0,,,,,-1,,-1.4719
TCGA-61-2109-01,,WT,,2557.6302,0.4249,0.147,0,0,,,,,1,,0.328
TCGA-61-2110-01,,WT,,2029.871,-0.2752,-0.236,0,0,,,,,-1,,-0.2498
TCGA-61-2111-01,,WT,,2391.7967,0.2049,0.119,0,0,,,,,1,,0.1604
TCGA-61-2113-01,,WT,,1858.5255,-0.5025,0.055,0,0,,,,,0,,-0.4703
TCGA-61-2610-02,,WT,,,,,0,0,,,,,NP,,
TCGA-61-2611-02,,WT,,,,,0,0,,,,,NP,,
TCGA-61-2612-01,,WT,,,,0.251,0,0,,,,,1,,
TCGA-61-2613-01,,WT,-1.1238,,,-0.134,0,0,,,-0.2352,,-1,,
TCGA-61-2614-01,,WT,,,,0.325,0,0,,,,,1,,
TCGA-62-8394-01,,WT,,2318.33,0.169,-0.134,0,0,,0.1235,,,-1,,0.1572
TCGA-62-8395-01,,WT,,1761.92,-0.7377,-0.073,0,0,,-1.7144,,,0,,-0.7212
TCGA-62-8397-01,,WT,,1778.1,-0.7113,-0.208,0,0,,-1.6532,,,-1,,-0.6919
TCGA-62-8398-01,,WT,,1922.42,-0.4761,0.014,0,0,,-1.1306,,,0,,-0.4422
TCGA-62-8399-01,,WT,,2003.03,-0.3448,0.395,0,0,,-0.8555,,,1,,-0.3107
TCGA-62-8402-01,,WT,,2717.08,0.8187,0.0,0,0,,1.1865,,,0,,0.6653
TCGA-62-A46O-01,,WT,,2750.28,0.8728,-0.278,0,0,,1.2678,,,-1,,0.7042
TCGA-62-A46P-01,,WT,,1129.32,-1.7684,0.023,0,0,,-4.6925,,,0,,-2.1445
TCGA-62-A46R-01,,WT,,2562.11,0.5662,0.0,0,0,,0.7931,,,0,,0.4773
TCGA-62-A46S-01,,WT,,1964.68,-0.4073,-0.011,0,0,,-0.985,,,0,,-0.3726
TCGA-62-A46U-01,,WT,,2087.96,-0.2064,-0.114,0,0,,-0.5774,,,-1,,-0.1778
TCGA-62-A46V-01,,WT,,1878.41,-0.5478,-0.062,0,0,,-1.2857,,,0,,-0.5163
TCGA-62-A46Y-01,,WT,,1903.76,-0.5065,0.0,0,0,,-1.1959,,,0,,-0.4734
TCGA-62-A470-01,,WT,,2383.0,0.2743,-0.034,0,0,,0.3078,,,0,,0.2453
TCGA-62-A471-01,,WT,,1869.05,-0.5631,-0.039,0,0,,-1.3191,,,0,,-0.5323
TCGA-62-A472-01,,WT,,2804.05,0.9604,-0.113,0,0,,1.3975,,,-1,,0.7661
TCGA-63-5128-01,,WT,,4444.44,3.0805,-0.035,0,0,,3.1335,,,0,,1.9117
TCGA-63-5131-01,,WT,,2911.64,0.7851,0.059,0,0,,1.1621,,,0,,0.5875
TCGA-63-6202-01,,WT,,1452.74,-1.3996,0.044,0,0,,-2.078,,,0,,-1.5889
TCGA-63-7020-01,,WT,,2636.38,0.3729,-0.003,0,0,,0.6993,,,0,,0.2766
TCGA-63-7021-01,,WT,,1660.19,-1.089,0.0,0,0,,-1.456,,,0,,-1.1711
TCGA-63-7022-01,,WT,,2007.65,-0.5686,-0.019,0,0,,-0.5705,,,0,,-0.5763
TCGA-63-7023-01,,WT,,3741.32,2.0276,-0.192,0,0,,2.3308,,,-1,,1.3724
TCGA-63-A5M9-01,,WT,,2492.23,0.157,1.49,0,0,,0.4372,,,1,,0.1005
TCGA-63-A5MB-01,,WT,,2470.94,0.1251,0.0,0,0,,0.3972,,,0,,0.0737
TCGA-63-A5MG-01,,WT,,2386.64,-0.0011,0.055,0,0,,0.2354,,,0,,-0.035
TCGA-63-A5MH-01,,WT,,1983.11,-0.6054,0.0,0,0,,-0.6278,,,0,,-0.6148
TCGA-63-A5MI-01,,WT,,3232.79,1.266,0.348,0,0,,1.6498,,,1,,0.915
TCGA-63-A5MJ-01,,WT,,2459.25,0.1076,-0.068,0,0,,0.3751,,,0,,0.0588
TCGA-63-A5ML-01,,WT,,2228.97,-0.2372,0.112,0,0,,-0.0831,,,1,,-0.2489
TCGA-63-A5MM-01,,WT,,506.111,-2.8172,-0.018,0,0,,-6.9884,,,0,,-4.8872
TCGA-63-A5MN-01,,WT,,1916.88,-0.7046,0.0,0,0,,-0.7861,,,0,,-0.7211
TCGA-63-A5MP-01,,WT,,4254.8,2.7965,0.583,0,0,,2.9303,,,1,,1.7751
TCGA-63-A5MR-01,,WT,,1353.17,-1.5487,-0.006,0,0,,-2.4088,,,0,,-1.8111
TCGA-63-A5MS-01,,WT,,2085.36,-0.4523,0.056,0,0,,-0.3935,,,0,,-0.4574
TCGA-63-A5MT-01,,WT,,3574.19,1.7773,0.258,0,0,,2.1177,,,1,,1.2294
TCGA-63-A5MU-01,,WT,,4405.21,3.0217,0.324,0,0,,3.0922,,,1,,1.8839
TCGA-63-A5MV-01,,WT,,1407.95,-1.4667,-0.545,0,0,,-2.2239,,,-1,,-1.6869
TCGA-63-A5MW-01,,WT,,1666.59,-1.0794,-0.438,0,0,,-1.4381,,,-1,,-1.1591
TCGA-63-A5MY-01,,WT,,2232.58,-0.2318,-0.16,0,0,,-0.0756,,,-1,,-0.2439
TCGA-64-1676-01,,WT,,6398.6,6.8174,0.777,0,0,,6.9239,,,1,,3.4075
TCGA-64-1677-01,,WT,,2407.0,0.3134,0.0,0,0,,0.3749,,,0,,0.2774
TCGA-64-1678-01,,WT,,3424.96,1.9721,-0.005,0,0,,2.7373,,,0,,1.4065
TCGA-64-1679-01,,WT,,2577.19,0.5908,-0.031,0,0,,0.8324,,,0,,0.4961
TCGA-64-1680-01,,WT,,2698.8,0.7889,0.153,0,0,,1.1413,,,1,,0.6437
TCGA-64-1681-01,,WT,,3415.56,1.9568,0.05,0,0,,2.7189,,,0,,1.3977
TCGA-64-5774-01,,WT,,3195.13,1.5976,-0.129,0,0,,2.272,,,-1,,1.1841
TCGA-64-5775-01,,WT,,3552.29,2.1796,0.098,0,0,,2.9818,,,0,,1.5233
TCGA-64-5778-01,,WT,,2050.35,-0.2677,-0.173,0,0,,-0.6992,,,-1,,-0.236
TCGA-64-5779-01,,WT,,3231.59,1.657,0.0,0,0,,2.348,,,0,,1.2204
TCGA-64-5781-01,,WT,,1143.41,-1.7455,0.0,0,0,,-4.6095,,,0,,-2.1049
TCGA-64-5815-01,,WT,,3202.67,1.6099,0.391,0,0,,2.2878,,,1,,1.1917
TCGA-66-2727-01,,WT,,2691.84,0.456,-0.153,0,0,,0.7963,,,-1,,0.3417
TCGA-66-2734-01,,WT,,2522.46,0.2023,-0.017,0,0,,0.4934,,,0,,0.1383
TCGA-66-2737-01,,NP,,2330.19,-0.0856,-0.007,0,0,NP,0.1239,,,0,,-0.1099
TCGA-66-2742-01,,WT,,2732.56,0.5169,0.052,0,0,,0.8663,,,0,,0.3887
TCGA-66-2744-01,,WT,,2190.52,-0.2948,0.027,0,0,,-0.1642,,,0,,-0.3034
TCGA-66-2753-01,,WT,,4639.86,3.3731,0.55,0,0,,3.3341,,,1,,2.0464
TCGA-66-2754-01,,WT,,3124.03,1.1032,-0.057,0,0,,1.4903,,,0,,0.8079
TCGA-66-2755-01,,WT,,2281.75,-0.1582,-0.032,0,0,,0.026,,,0,,-0.1757
TCGA-66-2756-01,,WT,,2309.78,-0.1162,0.272,0,0,,0.0829,,,1,,-0.1375
TCGA-66-2757-01,,WT,,2563.74,0.2641,-0.188,0,0,,0.569,,,-1,,0.1891
TCGA-66-2758-01,,WT,,2671.27,0.4251,0.099,0,0,,0.7605,,,0,,0.3177
TCGA-66-2759-01,,WT,,2613.63,0.3388,-0.02,0,0,,0.6589,,,0,,0.2494
TCGA-66-2763-01,,WT,,3569.44,1.7702,-0.326,0,0,,2.1115,,,-1,,1.2252
TCGA-66-2765-01,,WT,,1695.4,-1.0362,-0.029,0,0,,-1.3582,,,0,,-1.1054
TCGA-66-2766-01,,WT,,2423.14,0.0536,0.351,0,0,,0.3062,,,1,,0.0125
TCGA-66-2767-01,,WT,,2116.2,-0.4061,0.053,0,0,,-0.3251,,,0,,-0.4115
TCGA-66-2768-01,,WT,,2477.92,0.1356,-0.068,0,0,,0.4103,,,0,,0.0825
TCGA-66-2769-01,,WT,,1976.16,-0.6158,0.116,0,0,,-0.6441,,,1,,-0.6258
TCGA-66-2770-01,,WT,,2181.2,-0.3087,0.039,0,0,,-0.1841,,,0,,-0.3168
TCGA-66-2771-01,,WT,,2209.21,-0.2668,-0.004,0,0,,-0.1246,,,0,,-0.2768
TCGA-66-2773-01,,WT,,2620.96,0.3498,0.395,0,0,,0.6719,,,1,,0.2582
TCGA-66-2777-01,,WT,,1953.87,-0.6492,0.055,0,0,,-0.697,,,0,,-0.6613
TCGA-66-2778-01,,WT,,1920.17,-0.6996,-0.065,0,0,,-0.7781,,,0,,-0.7158
TCGA-66-2780-01,,WT,,2364.93,-0.0336,-0.113,0,0,,0.1928,,,-1,,-0.0636
TCGA-66-2781-01,,WT,,2491.92,0.1566,0.247,0,0,,0.4366,,,1,,0.1001
TCGA-66-2782-01,,WT,,2538.64,0.2265,0.38,0,0,,0.5232,,,1,,0.1583
TCGA-66-2783-01,,WT,,2458.07,0.1059,-0.03,0,0,,0.3729,,,0,,0.0573
TCGA-66-2785-01,,WT,,1856.62,-0.7948,-0.004,0,0,,-0.9349,,,0,,-0.8211
TCGA-66-2786-01,,WT,,1556.14,-1.2448,-0.151,0,0,,-1.7576,,,-1,,-1.3737
TCGA-66-2787-01,,WT,,3137.89,1.1239,-0.026,0,0,,1.5109,,,0,,0.8218
TCGA-66-2788-01,,WT,,2648.55,0.3911,0.007,0,0,,0.7207,,,0,,0.291
TCGA-66-2789-01,,WT,,2529.32,0.2126,-0.039,0,0,,0.506,,,0,,0.1468
TCGA-66-2790-01,,WT,,2892.59,0.7566,-0.369,0,0,,1.1315,,,-1,,0.5669
TCGA-66-2791-01,,WT,,2236.89,-0.2253,-0.04,0,0,,-0.0666,,,0,,-0.2378
TCGA-66-2792-01,,WT,,3273.42,1.3269,0.181,0,0,,1.708,,,1,,0.9541
TCGA-66-2793-01,,WT,,3364.34,1.463,0.261,0,0,,1.8357,,,1,,1.0399
TCGA-66-2794-01,,WT,,2183.71,-0.305,0.014,0,0,,-0.1787,,,0,,-0.3132
TCGA-66-2795-01,,WT,,2789.75,0.6026,-0.05,0,0,,0.9628,,,0,,0.4536
TCGA-66-2800-01,,WT,,2366.59,-0.0311,0.098,0,0,,0.1961,,,0,,-0.0614
TCGA-67-3770-01,,WT,,2157.89,-0.0925,-0.048,0,0,,-0.3568,,,0,,-0.0723
TCGA-67-3771-01,,WT,,1688.6,-0.8571,0.0,0,0,,-1.999,,,0,,-0.8572
TCGA-67-3772-01,,WT,,4992.51,4.5263,0.327,0,0,,5.2616,,,1,,2.613
TCGA-67-3773-01,,WT,,1867.42,-0.5658,-0.197,0,0,,-1.325,,,-1,,-0.5351
TCGA-67-3774-01,,WT,,1884.72,-0.5376,-0.067,0,0,,-1.2632,,,0,,-0.5056
TCGA-67-4679-01,,WT,,3811.22,2.6015,0.624,0,0,,3.4531,,,1,,1.7486
TCGA-67-6215-01,,WT,,1739.97,-0.7734,0.147,0,0,,-1.7984,,,1,,-0.7613
TCGA-67-6216-01,,WT,,2095.18,-0.1946,-0.046,0,0,,-0.5543,,,0,,-0.1667
TCGA-67-6217-01,,WT,,2653.51,0.7151,0.059,0,0,,1.0279,,,0,,0.5895
TCGA-68-7755-01,,WT,,2207.27,-0.2697,-0.355,0,0,,-0.1287,,,-1,,-0.2796
TCGA-68-7756-01,,T718Lfs*23,,659.398,-2.5877,0.237,1,1,,-5.757,,,1,,-4.06
TCGA-68-7757-01,,WT,,1827.92,-0.8378,-0.095,0,0,,-1.0075,,,0,,-0.8699
TCGA-68-8250-01,,WT,,2712.65,0.4871,-0.008,0,0,,0.8322,,,0,,0.3658
TCGA-68-8251-01,,WT,,3232.15,1.2651,-0.02,0,0,,1.6489,,,0,,0.9144
TCGA-68-A59I-01,,WT,,2432.18,0.0671,0.042,0,0,,0.3235,,,0,,0.0242
TCGA-68-A59J-01,,WT,,1993.51,-0.5898,-0.063,0,0,,-0.6034,,,0,,-0.5984
TCGA-69-7760-01,,WT,,3829.48,2.6313,0.033,0,0,,3.4851,,,0,,1.7639
TCGA-69-7761-01,,WT,,3173.77,1.5628,-0.012,0,0,,2.2271,,,0,,1.1626
TCGA-69-7763-01,,WT,,1781.59,-0.7056,0.0,0,0,,-1.6401,,,0,,-0.6857
TCGA-69-7764-01,,WT,,2897.88,1.1133,0.896,0,0,,1.618,,,1,,0.8715
TCGA-69-7765-01,,WT,,2888.26,1.0976,0.02,0,0,,1.5957,,,0,,0.8609
TCGA-69-7973-01,,WT,,2639.46,0.6922,-0.258,0,0,,0.9923,,,-1,,0.5725
TCGA-69-7974-01,,WT,,2023.01,-0.3122,0.002,0,0,,-0.7891,,,0,,-0.2789
TCGA-69-7978-01,,WT,,2391.73,0.2886,-0.002,0,0,,0.3323,,,0,,0.257
TCGA-69-7979-01,,WT,,1220.06,-1.6206,0.537,1,1,STAG2-C16orf45 fusion,-4.1751,,,1,,-1.8973
TCGA-69-7980-01,,WT,,2167.96,-0.0761,-0.078,0,0,,-0.3256,,,0,,-0.0574
TCGA-69-8253-01,,WT,,1129.99,-1.7673,0.028,0,0,,-4.6885,,,0,,-2.1426
TCGA-69-8254-01,,WT,,2233.65,0.031,-0.018,0,0,,-0.1257,,,0,,0.0381
TCGA-69-8255-01,,WT,,1581.41,-1.0318,-0.377,0,0,,-2.4382,,,-1,,-1.0671
TCGA-69-8453-01,,WT,,1700.78,-0.8373,-0.065,0,0,,-1.9509,,,0,,-0.8342
TCGA-69-A59K-01,,X975_splice,,2774.29,0.9119,-0.014,1,1,,1.326,,,0,,0.732
TCGA-6A-AB49-01,,WT,,2135.84,-0.3767,-0.087,0,0,,-0.282,,,0,,-0.3825
TCGA-6D-AA2E-01,,WT,,1466.27,-1.2149,0.003,0,0,,-4.8743,,,0,,-1.2929
TCGA-70-6722-01,,WT,,2128.22,-0.3881,0.056,0,0,,-0.2987,,,0,,-0.3937
TCGA-70-6723-01,,WT,,4516.06,3.1877,0.236,0,0,,3.208,,,1,,1.9617
TCGA-71-6725-01,,WT,,2059.68,-0.2525,0.421,0,0,,-0.6687,,,1,,-0.2214
TCGA-71-8520-01,,WT,,2070.15,-0.2354,,0,0,,-0.6348,,,NP,,-0.2052
TCGA-72-4231-01,,NP,,,,0.043,0,0,NP,,,,0,,
TCGA-72-4232-01,,NP,,,,-0.082,0,0,NP,,,,0,,
TCGA-72-4233-01,,NP,,,,-0.158,0,0,NP,,,,-1,,
TCGA-72-4234-01,,NP,,,,0.512,0,0,NP,,,,1,,
TCGA-72-4235-01,,NP,,,,-0.086,0,0,NP,,,,0,,
TCGA-72-4236-01,,NP,,,,-0.216,0,0,NP,,,,-1,,
TCGA-72-4237-01,,NP,,,,-0.13,0,0,NP,,,,-1,,
TCGA-72-4238-01,,NP,,,,-0.21,0,0,NP,,,,-1,,
TCGA-72-4240-01,,NP,,,,-0.186,0,0,NP,,,,-1,,
TCGA-72-4241-01,,NP,,,,-0.1,0,0,NP,,,,0,,
TCGA-73-4658-01,,WT,,1769.85,-0.7247,0.03,0,0,,-1.6843,,,0,,-0.7068
TCGA-73-4659-01,,WT,,1552.32,-1.0792,-0.048,0,0,,-2.5625,,,0,,-1.1265
TCGA-73-4662-01,,WT,,2950.71,1.1994,-0.049,0,0,,1.739,,,0,,0.9293
TCGA-73-4666-01,,WT,,2793.69,0.9435,0.357,0,0,,1.3727,,,1,,0.7543
TCGA-73-4668-01,,WT,,2728.91,0.838,0.073,0,0,,1.2156,,,0,,0.6792
TCGA-73-4670-01,,WT,,2424.49,0.3419,0.338,0,0,,0.4234,,,1,,0.3006
TCGA-73-4675-01,,WT,,1565.99,-1.0569,0.0,0,0,,-2.5038,,,0,,-1.0985
TCGA-73-4676-01,,WT,,2373.61,0.259,0.236,0,0,,0.2813,,,1,,0.2327
TCGA-73-4677-01,,WT,,1669.97,-0.8875,0.111,0,0,,-2.0733,,,1,,-0.8927
TCGA-73-7498-01,,E1176G,,2258.11,0.0708,-0.033,1,1,,-0.0528,,,0,,0.073
TCGA-73-7499-01,,WT,,2420.41,0.3353,-0.13,0,0,,0.4121,,,-1,,0.2952
TCGA-73-A9RS-01,,WT,,1404.93,-1.3193,-0.301,0,0,,-3.2305,,,-1,,-1.4458
TCGA-74-6573-01,,WT,,,,-0.103,0,0,,,,,-1,,
TCGA-74-6575-01,,WT,,,,0.025,0,0,,,,,0,,
TCGA-74-6577-01,,Y636*,,,,0.029,1,1,,,,,0,,
TCGA-74-6578-01,,WT,,,,-0.013,0,0,,,,,0,,
TCGA-74-6581-01,,WT,,,,0.065,0,0,,,,,0,,
TCGA-74-6584-01,,WT,,,,0.003,0,0,,,,,0,,
TCGA-75-5122-01,,WT,,1886.19,-0.5352,0.026,0,0,,-1.258,,,0,,-0.5031
TCGA-75-5125-01,,WT,,3292.27,1.7559,0.263,0,0,,2.4726,,,1,,1.28
TCGA-75-5126-01,,WT,,2453.82,0.3897,0.047,0,0,,0.5039,,,0,,0.339
TCGA-75-5146-01,,WT,,2367.12,0.2485,0.027,0,0,,0.263,,,0,,0.2239
TCGA-75-5147-01,,WT,,2849.31,1.0341,0.03,0,0,,1.5047,,,0,,0.8174
TCGA-75-6203-01,,WT,,2309.49,0.1546,0.05,0,0,,0.0979,,,0,,0.145
TCGA-75-6205-01,,WT,,2472.03,0.4194,0.001,0,0,,0.5534,,,0,,0.3627
TCGA-75-6206-01,,WT,,1451.86,-1.2429,0.144,0,0,,-3.0105,,,1,,-1.3406
TCGA-75-6207-01,,WT,,3801.76,2.5861,0.324,0,0,,3.4364,,,1,,1.7406
TCGA-75-6211-01,,WT,,2953.98,1.2047,0.013,0,0,,1.7464,,,0,,0.9329
TCGA-75-6212-01,,WT,,3083.49,1.4157,-0.067,0,0,,2.0338,,,0,,1.0702
TCGA-75-6214-01,,WT,,1647.86,-0.9235,0.344,0,0,,-2.1626,,,1,,-0.9354
TCGA-75-7025-01,,WT,,3206.51,1.6162,0.101,0,0,,2.2958,,,1,,1.1955
TCGA-75-7027-01,,WT,,2378.4,0.2668,-0.025,0,0,,0.2948,,,0,,0.2391
TCGA-75-7030-01,,WT,,1990.62,-0.365,0.014,0,0,,-0.8971,,,0,,-0.3306
TCGA-75-7031-01,,WT,,2016.13,-0.3234,0.464,0,0,,-0.8119,,,1,,-0.2898
TCGA-76-4925-01,,WT,,3153.88,0.8606,-0.106,0,0,,,,,-1,,0.8321
TCGA-76-4926-01,,WT,,673.729,-2.0996,0.078,1,1,STAG2-PAK3 fusion,,,,0,,-3.6205
TCGA-76-4927-01,,WT,,1876.31,-0.6643,,0,0,,,,,NP,,-0.6664
TCGA-76-4928-01,,WT,,1971.52,-0.5506,-0.055,0,0,,,,,0,,-0.5236
TCGA-76-4929-01,,WT,,2326.07,-0.1274,-0.215,0,0,,,,,-1,,-0.0464
TCGA-76-4931-01,,WT,,2435.29,0.0029,-0.131,0,0,,,,,-1,,0.086
TCGA-76-4932-01,,WT,,2626.37,0.231,,0,0,,,,,NP,,0.3039
TCGA-76-4934-01,,WT,,,,-0.152,0,0,,,,,-1,,
TCGA-76-4935-01,,WT,,,,-0.115,0,0,,,,,-1,,
TCGA-76-6191-01,,WT,,,,-0.096,0,0,,,,,0,,
TCGA-76-6192-01,,WT,,,,-0.007,0,0,,,,,0,,
TCGA-76-6193-01,,WT,,,,-0.077,0,0,,,,,0,,
TCGA-76-6280-01,,WT,,,,-0.01,0,0,,,,,0,,
TCGA-76-6282-01,,WT,,,,-0.075,0,0,,,,,0,,
TCGA-76-6283-01,,WT,,,,-0.038,0,0,,,,,0,,
TCGA-76-6285-01,,WT,,,,-0.25,0,0,,,,,-1,,
TCGA-76-6286-01,,WT,,,,-0.168,0,0,,,,,-1,,
TCGA-76-6656-01,,WT,,,,-0.009,0,0,,,,,0,,
TCGA-76-6657-01,,WT,,,,-0.018,0,0,,,,,0,,
TCGA-76-6660-01,,WT,,,,-0.064,0,0,,,,,0,,
TCGA-76-6661-01,,WT,,,,-0.021,0,0,,,,,0,,
TCGA-76-6662-01,,WT,,,,0.009,0,0,,,,,0,,
TCGA-76-6663-01,,WT,,,,-0.003,0,0,,,,,0,,
TCGA-76-6664-01,,WT,,,,-0.002,0,0,,,,,0,,
TCGA-77-6842-01,,WT,,3376.07,1.4806,0.284,0,0,,1.8519,,,1,,1.0508
TCGA-77-6843-01,,WT,,2177.1,-0.3149,-0.096,0,0,,-0.1928,,,0,,-0.3227
TCGA-77-6844-01,,WT,,2388.47,0.0016,-0.094,0,0,,0.239,,,0,,-0.0326
TCGA-77-6845-01,,WT,,2520.74,0.1997,0.431,0,0,,0.4902,,,1,,0.1361
TCGA-77-7138-01,,WT,,4076.97,2.5302,0.475,0,0,,2.7312,,,1,,1.6414
TCGA-77-7139-01,,WT,,3148.45,1.1397,-0.053,0,0,,1.5266,,,0,,0.8323
TCGA-77-7140-01,,WT,,3382.66,1.4905,1.54,0,0,,1.861,,,1,,1.0569
TCGA-77-7141-01,,WT,,3989.87,2.3998,0.267,0,0,,2.6306,,,1,,1.5738
TCGA-77-7142-01,,WT,,4380.11,2.9842,-0.225,0,0,,3.0656,,,-1,,1.866
TCGA-77-7335-01,,WT,,2202.96,-0.2762,-0.153,0,0,,-0.1378,,,-1,,-0.2857
TCGA-77-7337-01,,WT,,3330.89,1.4129,-0.017,0,0,,1.7891,,,0,,1.0086
TCGA-77-7338-01,,WT,,2471.2,0.1255,0.119,0,0,,0.3977,,,1,,0.074
TCGA-77-7463-01,,WT,,3292.45,1.3554,0.0,0,0,,1.735,,,0,,0.9723
TCGA-77-7465-01,,WT,,3287.19,1.3475,0.0,0,0,,1.7276,,,0,,0.9673
TCGA-77-8007-01,,WT,,1639.54,-1.1199,0.059,0,0,,-1.5143,,,0,,-1.2103
TCGA-77-8008-01,,WT,,1866.91,-0.7794,-0.011,0,0,,-0.9092,,,0,,-0.8038
TCGA-77-8009-01,,WT,,2686.79,0.4484,0.156,0,0,,0.7875,,,1,,0.3359
TCGA-77-8128-01,,WT,,2297.31,-0.1349,-0.025,0,0,,0.0576,,,0,,-0.1544
TCGA-77-8130-01,,WT,,1273.14,-1.6686,0.008,0,0,,-2.6928,,,0,,-2.0019
TCGA-77-8131-01,,WT,,1554.71,-1.2469,-0.015,0,0,,-1.7619,,,0,,-1.3766
TCGA-77-8133-01,,WT,,2521.74,0.2012,0.049,0,0,,0.492,,,0,,0.1374
TCGA-77-8136-01,,WT,,2151.71,-0.3529,-0.115,0,0,,-0.2475,,,-1,,-0.3594
TCGA-77-8138-01,,WT,,2231.97,-0.2327,-0.048,0,0,,-0.0768,,,0,,-0.2447
TCGA-77-8139-01,,WT,,3405.96,1.5254,-0.015,0,0,,1.893,,,0,,1.0784
TCGA-77-8140-01,,WT,,1971.11,-0.6234,-0.106,0,0,,-0.6561,,,-1,,-0.6338
TCGA-77-8143-01,,WT,,2281.44,-0.1586,0.016,0,0,,0.0253,,,0,,-0.1761
TCGA-77-8144-01,,WT,,1740.06,-0.9694,-0.252,0,0,,-1.2371,,,-1,,-1.024
TCGA-77-8145-01,,WT,,1942.62,-0.666,0.011,0,0,,-0.7239,,,0,,-0.6794
TCGA-77-8148-01,,WT,,2535.41,0.2217,0.0,0,0,,0.5172,,,0,,0.1543
TCGA-77-8150-01,,WT,,2170.67,-0.3245,0.0,0,0,,-0.2066,,,0,,-0.3319
TCGA-77-8153-01,,WT,,1801.55,-0.8773,-0.7,0,0,,-1.0752,,,-1,,-0.9153
TCGA-77-8154-01,,WT,,2301.17,-0.1291,-0.11,0,0,,0.0655,,,-1,,-0.1492
TCGA-77-8156-01,,WT,,2068.92,-0.4769,0.135,0,0,,-0.4304,,,1,,-0.4822
TCGA-77-A5FZ-01,,WT,,1979.1,-0.6114,0.003,0,0,,-0.6372,,,0,,-0.6211
TCGA-77-A5G1-01,,WT,,2058.79,-0.492,0.028,0,0,,-0.4532,,,0,,-0.4976
TCGA-77-A5G3-01,,WT,,4182.17,2.6877,0.165,0,0,,2.85,,,1,,1.7212
TCGA-77-A5G6-01,,WT,,4674.45,3.4249,0.021,0,0,,3.3687,,,0,,2.0696
TCGA-77-A5G7-01,,WT,,2299.87,-0.131,0.023,0,0,,0.0628,,,0,,-0.1509
TCGA-77-A5G8-01,,WT,,2078.06,-0.4632,0.058,0,0,,-0.4098,,,0,,-0.4684
TCGA-77-A5GB-01,,WT,,1663.59,-1.0839,0.029,0,0,,-1.4465,,,0,,-1.1647
TCGA-77-A5GF-01,,WT,,2305.79,-0.1222,0.465,0,0,,0.0748,,,1,,-0.1429
TCGA-77-A5GH-01,,WT,,2598.01,0.3154,-0.015,0,0,,0.6309,,,0,,0.2307
TCGA-78-7143-01,,WT,,2597.89,0.6245,0.021,0,0,,0.886,,,0,,0.5217
TCGA-78-7145-01,,WT,,2992.23,1.267,0.059,0,0,,1.8326,,,0,,0.9741
TCGA-78-7146-01,,WT,,4202.99,3.2399,0.13,0,0,,4.1085,,,1,,2.0618
TCGA-78-7147-01,,WT,,2107.26,-0.175,-0.014,0,0,,-0.5158,,,0,,-0.1483
TCGA-78-7148-01,,WT,,2814.15,0.9769,-0.022,0,0,,1.4216,,,0,,0.7776
TCGA-78-7149-01,,WT,,1339.4,-1.4261,0.118,0,0,,-3.5503,,,1,,-1.5986
TCGA-78-7150-01,,WT,,2507.17,0.4767,-0.073,0,0,,0.648,,,0,,0.4079
TCGA-78-7152-01,,WT,,1991.64,-0.3634,-0.021,0,0,,-0.8937,,,0,,-0.3289
TCGA-78-7153-01,,WT,,2436.61,0.3617,-0.006,0,0,,0.4568,,,0,,0.3165
TCGA-78-7154-01,,WT,,4448.28,3.6395,0.331,0,0,,4.4884,,,1,,2.2434
TCGA-78-7155-01,,WT,,3771.41,2.5366,0.173,0,0,,3.3827,,,1,,1.715
TCGA-78-7156-01,,E1201* K664Nfs*28 X1156_splice,,677.861,-2.504,-0.034,1,1,,-8.1085,,,0,,-3.7772
TCGA-78-7158-01,,WT,,3009.96,1.2959,0.0,0,0,,1.8721,,,0,,0.993
TCGA-78-7159-01,,WT,,2365.84,0.2464,0.051,0,0,,0.2594,,,0,,0.2222
TCGA-78-7160-01,,WT,,2393.06,0.2907,0.049,0,0,,0.336,,,0,,0.2588
TCGA-78-7161-01,,WT,,3155.1,1.5324,0.047,0,0,,2.1876,,,0,,1.1437
TCGA-78-7162-01,,WT,,2445.3,0.3758,0.034,0,0,,0.4806,,,0,,0.3279
TCGA-78-7163-01,,WT,,3033.13,1.3337,0.22,0,0,,1.9235,,,1,,1.0175
TCGA-78-7166-01,,WT,,1484.17,-1.1902,-0.124,0,0,,-2.8631,,,-1,,-1.2702
TCGA-78-7167-01,,WT,,1778.31,-0.711,-0.046,0,0,,-1.6524,,,0,,-0.6916
TCGA-78-7220-01,,WT,,2337.41,0.2001,-0.138,0,0,,0.1784,,,-1,,0.1835
TCGA-78-7535-01,,WT,,1610.6,-0.9842,0.189,0,0,,-2.3157,,,1,,-1.0086
TCGA-78-7536-01,,WT,,2667.8,0.7384,-0.456,0,0,,1.0639,,,-1,,0.6067
TCGA-78-7537-01,,WT,,2021.75,-0.3143,0.007,0,0,,-0.7932,,,0,,-0.2809
TCGA-78-7539-01,,L432V,,2032.99,-0.296,-0.206,1,1,,-0.7561,,,-1,,-0.2632
TCGA-78-7540-01,,WT,,1813.09,-0.6543,-0.035,0,0,,-1.5227,,,0,,-0.6296
TCGA-78-7542-01,,WT,,2873.6,1.0737,0.631,0,0,,1.5616,,,1,,0.8446
TCGA-78-7633-01,,WT,,2507.68,0.4775,0.09,0,0,,0.6493,,,0,,0.4085
TCGA-78-8640-01,,WT,,2508.53,0.4789,0.134,0,0,,0.6516,,,1,,0.4096
TCGA-78-8648-01,,WT,,1837.28,-0.6149,-0.007,0,0,,-1.4339,,,0,,-0.5871
TCGA-78-8655-01,,WT,,2933.5,1.1713,0.479,0,0,,1.6998,,,1,,0.9106
TCGA-78-8660-01,,WT,,1781.44,-0.7059,0.074,0,0,,-1.6406,,,0,,-0.6859
TCGA-78-8662-01,,WT,,1127.07,-1.7721,1.14,0,0,,-4.7058,,,1,,-2.1509
TCGA-79-5596-01,,WT,,2203.27,-0.2757,-0.116,0,0,,-0.1372,,,-1,,-0.2852
TCGA-80-5607-01,,WT,,2484.95,0.4405,0.0,0,0,,0.5883,,,0,,0.3794
TCGA-80-5608-01,,WT,,2145.94,-0.1119,0.026,0,0,,-0.394,,,0,,-0.0901
TCGA-80-5611-01,,WT,,3037.35,1.3405,-0.033,0,0,,1.9328,,,0,,1.022
TCGA-81-5910-01,,R110*,,,,-0.083,1,1,,,,,0,,
TCGA-81-5911-01,,WT,,,,-0.053,0,0,,,,,0,,
TCGA-83-5908-01,,WT,,2467.52,0.4121,-0.046,0,0,,0.5412,,,0,,0.3569
TCGA-85-6175-01,,WT,,3102.25,1.0705,0.13,0,0,,1.4577,,,1,,0.786
TCGA-85-6560-01,,WT,,5155.35,4.1451,0.061,0,0,,3.8252,,,0,,2.3763
TCGA-85-6561-01,,WT,,2844.69,0.6848,0.125,0,0,,1.0537,,,1,,0.5146
TCGA-85-6798-01,,WT,,1081.46,-1.9556,-0.082,0,0,,-3.453,,,0,,-2.5125
TCGA-85-7696-01,,WT,,2520.24,0.199,0.017,0,0,,0.4893,,,0,,0.1355
TCGA-85-7697-01,,WT,,2498.75,0.1668,-0.051,0,0,,0.4494,,,0,,0.1087
TCGA-85-7698-01,,WT,,2922.08,0.8007,-0.009,0,0,,1.1788,,,0,,0.5987
TCGA-85-7699-01,,WT,,3056.57,1.0021,-0.13,0,0,,1.3885,,,-1,,0.7396
TCGA-85-7710-01,,WT,,2931.03,0.8141,-0.881,1,1,,1.1931,,,-2,,0.6083
TCGA-85-7843-01,,WT,,3605.8,1.8246,0.066,0,0,,2.1588,,,0,,1.2569
TCGA-85-7844-01,,WT,,2709.99,0.4831,0.0,0,0,,0.8276,,,0,,0.3628
TCGA-85-7950-01,,WT,,3771.54,2.0728,-0.038,0,0,,2.3683,,,0,,1.3976
TCGA-85-8048-01,,WT,,1981.81,-0.6073,-0.003,0,0,,-0.6308,,,0,,-0.6168
TCGA-85-8049-01,,WT,,1853.35,-0.7997,0.008,0,0,,-0.9431,,,0,,-0.8266
TCGA-85-8052-01,,WT,,2433.29,0.0688,0.014,0,0,,0.3256,,,0,,0.0256
TCGA-85-8070-01,,WT,,2554.53,0.2503,0.127,0,0,,0.5523,,,1,,0.1778
TCGA-85-8071-01,,WT,,3106.4,1.0768,-0.127,0,0,,1.4639,,,-1,,0.7902
TCGA-85-8072-01,,WT,,1858.66,-0.7917,-0.14,0,0,,-0.9298,,,-1,,-0.8177
TCGA-85-8276-01,,WT,,1933.08,-0.6803,0.077,0,0,,-0.7469,,,0,,-0.6948
TCGA-85-8277-01,,WT,,2194.0,-0.2896,0.0,0,0,,-0.1568,,,0,,-0.2984
TCGA-85-8287-01,,WT,,2889.35,0.7517,-0.009,0,0,,1.1263,,,0,,0.5634
TCGA-85-8288-01,,WT,,2727.73,0.5097,-0.169,0,0,,0.858,,,-1,,0.3832
TCGA-85-8350-01,,WT,,1806.12,-0.8704,0.192,0,0,,-1.0634,,,1,,-0.9074
TCGA-85-8351-01,,WT,,3243.03,1.2814,0.117,0,0,,1.6645,,,1,,0.9249
TCGA-85-8352-01,,WT,,3722.51,1.9994,0.461,0,0,,2.3073,,,1,,1.3567
TCGA-85-8353-01,,WT,,2340.25,-0.0706,-0.04,0,0,,0.1439,,,0,,-0.0964
TCGA-85-8354-01,,WT,,2860.18,0.708,0.515,0,0,,1.079,,,1,,0.5316
TCGA-85-8355-01,,WT,,2835.51,0.6711,0.082,0,0,,1.0386,,,0,,0.5045
TCGA-85-8479-01,,WT,,1708.45,-1.0167,-0.439,0,0,,-1.3225,,,-1,,-1.0814
TCGA-85-8481-01,,WT,,1606.99,-1.1686,0.001,0,0,,-1.6078,,,0,,-1.2731
TCGA-85-8580-01,,WT,,3084.6,1.0441,0.053,0,0,,1.4311,,,0,,0.7681
TCGA-85-8582-01,,WT,,2207.62,-0.2692,0.05,0,0,,-0.128,,,0,,-0.2791
TCGA-85-8584-01,,WT,,1852.6,-0.8008,0.055,0,0,,-0.945,,,0,,-0.8279
TCGA-85-8664-01,,WT,,2349.99,-0.056,0.034,0,0,,0.1633,,,0,,-0.0834
TCGA-85-8666-01,,WT,,2784.98,0.5954,0.012,0,0,,0.9548,,,0,,0.4482
TCGA-85-A4CL-01,,WT,,1577.5,-1.2128,-0.034,0,0,,-1.6941,,,0,,-1.331
TCGA-85-A4CN-01,,WT,,1794.59,-0.8877,0.0,0,0,,-1.0933,,,0,,-0.9275
TCGA-85-A4JB-01,,WT,,3025.42,0.9555,0.052,0,0,,1.3408,,,0,,0.7075
TCGA-85-A4JC-01,,WT,,1351.97,-1.5505,0.02,0,0,,-2.4129,,,0,,-1.8139
TCGA-85-A4PA-01,,WT,,2398.64,0.0169,0.004,0,0,,0.2588,,,0,,-0.0193
TCGA-85-A4QQ-01,,WT,,2000.9,-0.5787,0.0,0,0,,-0.5862,,,0,,-0.5868
TCGA-85-A4QR-01,,WT,,3430.96,1.5628,1.03,1,1,,1.9271,,,2,,1.1013
TCGA-85-A50M-01,,WT,,2216.19,-0.2563,0.316,0,0,,-0.1099,,,1,,-0.2669
TCGA-85-A50Z-01,,WT,,1853.61,-0.7993,-0.063,0,0,,-0.9425,,,0,,-0.8262
TCGA-85-A510-01,,WT,,3075.18,1.03,0.092,0,0,,1.4168,,,0,,0.7586
TCGA-85-A511-01,,WT,,2047.54,-0.5089,0.023,0,0,,-0.4788,,,0,,-0.5147
TCGA-85-A512-01,,WT,,2075.24,-0.4674,-0.311,0,0,,-0.4162,,,-1,,-0.4726
TCGA-85-A513-01,,WT,,873.548,-2.267,0.019,0,0,,-4.4474,,,0,,-3.1804
TCGA-85-A53L-01,,WT,,2323.05,-0.0963,-0.016,0,0,,0.1096,,,0,,-0.1195
TCGA-85-A5B5-01,,WT,,2324.7,-0.0938,0.0,0,0,,0.1129,,,0,,-0.1173
TCGA-86-6562-01,,WT,,2151.95,-0.1021,0.107,0,0,,-0.3753,,,1,,-0.0811
TCGA-86-6851-01,,WT,,2392.48,0.2898,0.003,0,0,,0.3344,,,0,,0.258
TCGA-86-7701-01,,WT,,3555.32,2.1845,-0.004,0,0,,2.9875,,,0,,1.5261
TCGA-86-7711-01,,WT,,2053.56,-0.2625,-0.048,0,0,,-0.6887,,,0,,-0.2309
TCGA-86-7713-01,,WT,,2589.31,0.6105,-0.03,0,0,,0.8639,,,0,,0.5111
TCGA-86-7714-01,,WT,,3441.73,1.9994,-0.051,0,0,,2.77,,,0,,1.4221
TCGA-86-7953-01,,WT,,3496.86,2.0893,-0.019,0,0,,2.8764,,,0,,1.473
TCGA-86-7954-01,,WT,,2766.42,0.8991,-0.117,0,0,,1.307,,,-1,,0.7229
TCGA-86-7955-01,,WT,,3234.58,1.6619,-0.13,0,0,,2.3542,,,-1,,1.2234
TCGA-86-8054-01,,WT,,3704.94,2.4283,0.297,0,0,,3.2636,,,1,,1.658
TCGA-86-8055-01,,WT,,3482.64,2.0661,0.341,0,0,,2.8491,,,1,,1.4599
TCGA-86-8056-01,,WT,,2646.46,0.7036,-0.055,0,0,,1.0101,,,0,,0.581
TCGA-86-8073-01,,WT,,1938.48,-0.45,-0.012,0,0,,-1.0749,,,0,,-0.4155
TCGA-86-8074-01,,WT,,2683.35,0.7637,0.0,0,0,,1.1028,,,0,,0.6253
TCGA-86-8075-01,,WT,,2476.5,0.4267,0.144,0,0,,0.5655,,,1,,0.3685
TCGA-86-8076-01,,WT,,2322.74,0.1761,0.025,0,0,,0.1362,,,0,,0.1633
TCGA-86-8278-01,,WT,,2511.96,0.4845,-0.077,0,0,,0.6607,,,0,,0.414
TCGA-86-8279-01,,WT,,2857.78,1.0479,0.08,0,0,,1.5246,,,0,,0.8269
TCGA-86-8280-01,,WT,,2445.66,0.3764,0.114,0,0,,0.4816,,,1,,0.3284
TCGA-86-8281-01,,WT,,3147.63,1.5202,0.641,0,0,,2.1717,,,1,,1.1362
TCGA-86-8358-01,,WT,,3726.7,2.4638,0.961,0,0,,3.3028,,,1,,1.6768
TCGA-86-8359-01,,WT,,2312.27,0.1591,0.32,0,0,,0.106,,,1,,0.1489
TCGA-86-8585-01,,WT,,1731.42,-0.7874,0.082,0,0,,-1.8313,,,0,,-0.7771
TCGA-86-8668-01,,WT,,2241.07,0.0431,-0.029,0,0,,-0.1035,,,0,,0.0487
TCGA-86-8669-01,,WT,,2480.15,0.4326,0.0,0,0,,0.5754,,,0,,0.3732
TCGA-86-8671-01,,WT,,2030.03,-0.3008,-0.006,0,0,,-0.7659,,,0,,-0.2678
TCGA-86-8672-01,,WT,,1004.85,-1.9712,0.0,0,0,,-5.4742,,,0,,-2.5181
TCGA-86-8673-01,,WT,,957.773,-2.0479,0.323,0,0,,-5.7953,,,1,,-2.6717
TCGA-86-8674-01,,WT,,1370.99,-1.3746,0.04,0,0,,-3.3942,,,0,,-1.524
TCGA-86-A456-01,,WT,,1898.57,-0.515,0.002,0,0,,-1.2142,,,0,,-0.4821
TCGA-86-A4D0-01,,WT,,2238.25,0.0385,0.053,0,0,,-0.1119,,,0,,0.0447
TCGA-86-A4JF-01,,WT,,2345.79,0.2137,-0.054,0,0,,0.2024,,,0,,0.1949
TCGA-86-A4P7-01,,WT,,1993.36,-0.3605,0.108,0,0,,-0.8879,,,1,,-0.3262
TCGA-86-A4P8-01,,WT,,2230.17,0.0253,-0.001,0,0,,-0.1361,,,0,,0.0331
TCGA-87-5896-01,,WT,,,,-0.048,0,0,,,,,0,,
TCGA-90-6837-01,,WT,,3190.02,1.202,0.0,0,0,,1.5877,,,0,,0.8733
TCGA-90-7766-01,,WT,,2782.89,0.5923,-0.154,0,0,,0.9513,,,-1,,0.4459
TCGA-90-7767-01,,WT,,4624.14,3.3496,-0.023,0,0,,3.3183,,,0,,2.0358
TCGA-90-7769-01,,WT,,2371.74,-0.0234,1.05,0,0,,0.2062,,,1,,-0.0546
TCGA-90-7964-01,,WT,,2229.05,-0.2371,-0.063,0,0,,-0.0829,,,0,,-0.2488
TCGA-90-A4ED-01,,WT,,2093.04,-0.4408,-0.057,0,0,,-0.3764,,,0,,-0.4459
TCGA-90-A4EE-01,,WT,,2224.79,-0.2435,0.0,0,0,,-0.0919,,,0,,-0.2548
TCGA-90-A59Q-01,,WT,,1848.26,-0.8073,0.0,0,0,,-0.9559,,,0,,-0.8352
TCGA-91-6828-01,,WT,,2752.53,0.8765,0.043,0,0,,1.2733,,,0,,0.7068
TCGA-91-6829-01,,R541K,,2291.17,0.1247,0.03,1,1,,0.0446,,,0,,0.1195
TCGA-91-6830-01,,WT,,1507.28,-1.1526,-0.002,0,0,,-2.7597,,,0,,-1.2208
TCGA-91-6831-01,,WT,,3016.01,1.3058,0.007,0,0,,1.8856,,,0,,0.9994
TCGA-91-6835-01,,WT,,3295.26,1.7608,0.027,0,0,,2.4787,,,0,,1.2829
TCGA-91-6836-01,,WT,,2988.97,1.2617,0.068,0,0,,1.8253,,,0,,0.9706
TCGA-91-6840-01,,WT,,3300.81,1.7698,0.0,0,0,,2.49,,,0,,1.2883
TCGA-91-6847-01,,WT,,2559.97,0.5627,-0.074,0,0,,0.7875,,,0,,0.4746
TCGA-91-6848-01,,WT,,2049.3,-0.2694,0.1,0,0,,-0.7026,,,0,,-0.2376
TCGA-91-6849-01,,WT,,1561.74,-1.0638,-0.048,0,0,,-2.522,,,0,,-1.1072
TCGA-91-7771-01,,WT,,3568.0,2.2052,0.094,0,0,,3.0113,,,0,,1.5375
TCGA-91-8496-01,,WT,,5626.85,5.5599,0.561,0,0,,6.0629,,,1,,2.9959
TCGA-91-8497-01,,WT,,1840.15,-0.6102,-0.017,0,0,,-1.4235,,,0,,-0.5821
TCGA-91-8499-01,,WT,,4018.31,2.9389,0.137,0,0,,3.8075,,,1,,1.918
TCGA-91-A4BC-01,,WT,,1634.46,-0.9453,0.034,0,0,,-2.2172,,,0,,-0.9615
TCGA-91-A4BD-01,,WT,,1224.72,-1.613,-0.018,0,0,,-4.1496,,,0,,-1.8851
TCGA-92-7340-01,,WT,,2295.74,-0.1372,-0.005,0,0,,0.0544,,,0,,-0.1565
TCGA-92-7341-01,,WT,,2298.96,-0.1324,-0.089,0,0,,0.061,,,0,,-0.1522
TCGA-92-8063-01,,WT,,1914.18,-0.7086,-0.243,0,0,,-0.7926,,,-1,,-0.7255
TCGA-92-8064-01,,WT,,2678.87,0.4365,-0.065,0,0,,0.7738,,,0,,0.3266
TCGA-92-8065-01,,WT,,2160.31,-0.34,-0.115,0,0,,-0.2289,,,-1,,-0.3469
TCGA-93-7347-01,,WT,,1826.73,-0.6321,-0.015,0,0,,-1.4725,,,0,,-0.6056
TCGA-93-7348-01,,WT,,1867.75,-0.5652,-0.022,0,0,,-1.3238,,,0,,-0.5345
TCGA-93-8067-01,,WT,,2364.45,0.2441,0.024,0,0,,0.2554,,,0,,0.2203
TCGA-93-A4JN-01,,WT,,1710.72,-0.8211,0.151,0,0,,-1.9119,,,1,,-0.8156
TCGA-93-A4JO-01,,WT,,1561.19,-1.0647,0.225,0,0,,-2.5244,,,1,,-1.1083
TCGA-93-A4JP-01,,WT,,2329.54,0.1872,0.026,0,0,,0.1558,,,0,,0.1727
TCGA-93-A4JQ-01,,WT,,1755.88,-0.7475,0.035,0,0,,-1.7374,,,0,,-0.7322
TCGA-94-7033-01,,WT,,1238.4,-1.7206,-0.064,0,0,,-2.8217,,,0,,-2.0884
TCGA-94-7557-01,,WT,,2142.4,-0.3668,-0.197,0,0,,-0.2677,,,-1,,-0.3729
TCGA-94-7943-01,,WT,,2295.06,-0.1382,0.029,0,0,,0.0531,,,0,,-0.1575
TCGA-94-8035-01,,WT,,2766.28,0.5674,-0.118,0,0,,0.9234,,,-1,,0.4271
TCGA-94-8490-01,,S22Ffs*3,,2216.49,-0.2559,-0.112,1,1,,-0.1093,,,-1,,-0.2665
TCGA-94-8491-01,,WT,,2280.69,-0.1598,-0.106,0,0,,0.0238,,,-1,,-0.1771
TCGA-94-A4VJ-01,,WT,,1010.93,-2.0612,-0.42,0,0,,-3.7671,,,-1,,-2.7235
TCGA-94-A5I4-01,,WT,,1765.91,-0.9306,0.278,0,0,,-1.1683,,,1,,-0.9779
TCGA-94-A5I6-01,,WT,,3058.0,1.0043,0.285,0,0,,1.3907,,,1,,0.741
TCGA-95-7039-01,,WT,,1465.0,-1.2215,-0.205,0,0,,-2.9502,,,-1,,-1.3118
TCGA-95-7043-01,,WT,,2120.32,-0.1537,0.613,0,0,,-0.4744,,,1,,-0.1285
TCGA-95-7562-01,,WT,,2767.5,0.9008,0.065,0,0,,1.3096,,,0,,0.7241
TCGA-95-7567-01,,WT,,1528.83,-1.1175,-0.129,0,0,,-2.6646,,,-1,,-1.1753
TCGA-95-7944-01,,WT,,1020.5,-1.9457,0.065,0,0,,-5.3707,,,0,,-2.4687
TCGA-95-7947-01,,WT,,2096.37,-0.1927,-0.03,0,0,,-0.5505,,,0,,-0.1649
TCGA-95-7948-01,,WT,,2256.25,0.0678,-0.749,0,0,,-0.0583,,,-1,,0.0704
TCGA-95-8039-01,,WT,,2852.02,1.0386,0.323,0,0,,1.5111,,,1,,0.8204
TCGA-95-8494-01,,WT,,2498.41,0.4624,0.878,0,0,,0.6245,,,1,,0.3967
TCGA-95-A4VK-01,,WT,,1676.92,-0.8762,-0.006,0,0,,-2.0455,,,0,,-0.8794
TCGA-95-A4VN-01,,WT,,1858.27,-0.5807,0.0,0,0,,-1.3579,,,0,,-0.5508
TCGA-95-A4VP-01,,WT,,1395.36,-1.3349,0.0,0,0,,-3.2762,,,0,,-1.4677
TCGA-96-7544-01,,WT,,3558.67,1.754,-0.128,0,0,,2.0975,,,-1,,1.2157
TCGA-96-7545-01,,WT,,3309.96,1.3816,0.0,0,0,,1.7598,,,0,,0.9889
TCGA-96-8169-01,,WT,,1847.27,-0.8088,-0.076,0,0,,-0.9584,,,0,,-0.8369
TCGA-96-8170-01,,A746Cfs*2,,1747.82,-0.9577,-0.02,1,1,,-1.2163,,,0,,-1.0101
TCGA-96-A4JL-01,,WT,,2250.73,-0.2046,0.006,0,0,,-0.0378,,,0,,-0.2185
TCGA-97-7546-01,,WT,,3804.28,2.5902,0.0,0,0,,3.4408,,,0,,1.7428
TCGA-97-7547-01,,WT,,1862.79,-0.5733,0.09,0,0,,-1.3416,,,0,,-0.543
TCGA-97-7552-01,,WT,,2990.17,1.2637,-0.017,0,0,,1.8279,,,0,,0.9719
TCGA-97-7553-01,,WT,,2428.33,0.3482,0.099,0,0,,0.434,,,0,,0.3056
TCGA-97-7554-01,,WT,,2244.62,0.0489,-0.156,0,0,,-0.0929,,,-1,,0.0538
TCGA-97-7937-01,,WT,,2948.57,1.1959,0.504,0,0,,1.7341,,,1,,0.927
TCGA-97-7938-01,,WT,,2611.48,0.6466,0.006,0,0,,0.921,,,0,,0.5384
TCGA-97-7941-01,,WT,,2153.61,-0.0994,-0.012,0,0,,-0.3701,,,0,,-0.0787
TCGA-97-8171-01,,WT,,2316.81,0.1665,0.062,0,0,,0.1191,,,0,,0.1551
TCGA-97-8172-01,,WT,,3346.92,1.845,0.282,0,0,,2.5829,,,1,,1.3327
TCGA-97-8174-01,,WT,,1841.9,-0.6073,-0.508,0,0,,-1.4171,,,-1,,-0.5791
TCGA-97-8175-01,,WT,,1670.26,-0.887,-0.014,0,0,,-2.0722,,,0,,-0.8922
TCGA-97-8176-01,,WT,,1626.88,-0.9577,0.0,0,0,,-2.2484,,,0,,-0.9764
TCGA-97-8177-01,,WT,,2127.75,-0.1416,0.025,0,0,,-0.451,,,0,,-0.1173
TCGA-97-8179-01,,WT,,2275.51,0.0992,0.44,0,0,,-0.0014,,,1,,0.0976
TCGA-97-8547-01,,WT,,1430.94,-1.277,0.035,0,0,,-3.1077,,,0,,-1.3871
TCGA-97-8552-01,,WT,,1894.51,-0.5216,0.074,0,0,,-1.2285,,,0,,-0.489
TCGA-97-A4LX-01,,WT,,3056.06,1.371,0.043,0,0,,1.9739,,,0,,1.0416
TCGA-97-A4M0-01,,WT,,2515.05,0.4895,-0.126,0,0,,0.669,,,-1,,0.4179
TCGA-97-A4M1-01,,WT,,1883.02,-0.5403,0.0,0,0,,-1.2693,,,0,,-0.5084
TCGA-97-A4M2-01,,WT,,1608.66,-0.9874,0.011,0,0,,-2.3238,,,0,,-1.0124
TCGA-97-A4M3-01,,WT,,1817.4,-0.6473,-0.016,0,0,,-1.5068,,,0,,-0.622
TCGA-97-A4M5-01,,WT,,1672.53,-0.8833,-0.015,0,0,,-2.0631,,,0,,-0.8878
TCGA-97-A4M6-01,,WT,,2878.81,1.0822,0.217,0,0,,1.5737,,,1,,0.8504
TCGA-97-A4M7-01,,WT,,2408.68,0.3162,0.281,0,0,,0.3796,,,1,,0.2796
TCGA-98-7454-01,,WT,,2824.36,0.6544,-0.065,0,0,,1.0203,,,0,,0.4922
TCGA-98-8020-01,,WT,,1563.52,-1.2337,-0.015,0,0,,-1.7356,,,0,,-1.3589
TCGA-98-8021-01,,WT,,2419.06,0.0475,0.004,0,0,,0.2983,,,0,,0.0073
TCGA-98-8022-01,,WT,,1363.03,-1.534,-0.137,0,0,,-2.375,,,-1,,-1.7884
TCGA-98-8023-01,,WT,,2205.18,-0.2728,-0.05,0,0,,-0.1331,,,0,,-0.2825
TCGA-98-A538-01,,WT,,1587.49,-1.1978,-0.305,0,0,,-1.6647,,,-1,,-1.3113
TCGA-98-A539-01,,WT,,2246.79,-0.2105,-0.073,0,0,,-0.046,,,0,,-0.224
TCGA-98-A53A-01,,WT,,3634.22,1.8672,-0.184,0,0,,2.1954,,,-1,,1.2815
TCGA-98-A53B-01,,WT,,2060.74,-0.4891,0.256,0,0,,-0.4488,,,1,,-0.4946
TCGA-98-A53C-01,,WT,,2052.08,-0.5021,0.0,0,0,,-0.4685,,,0,,-0.5078
TCGA-98-A53D-01,,NP,,1477.59,-1.3624,-0.004,0,0,NP,-1.9989,,,0,,-1.5358
TCGA-98-A53H-01,,WT,,2042.51,-0.5164,0.002,0,0,,-0.4902,,,0,,-0.5224
TCGA-98-A53I-01,,WT,,2044.52,-0.5134,0.037,0,0,,-0.4857,,,0,,-0.5193
TCGA-98-A53J-01,,WT,,1641.09,-1.1176,0.044,0,0,,-1.5099,,,0,,-1.2073
TCGA-99-7458-01,,R440G,,3552.1,2.1793,-0.027,1,1,,2.9814,,,0,,1.5232
TCGA-99-8025-01,,WT,,1748.08,-0.7602,0.081,0,0,,-1.7672,,,0,,-0.7464
TCGA-99-8028-01,,WT,,1447.02,-1.2508,-0.009,0,0,,-3.0328,,,0,,-1.3513
TCGA-99-8032-01,,WT,,1766.3,-0.7305,-0.076,0,0,,-1.6978,,,0,,-0.7132
TCGA-99-8033-01,,WT,,1125.78,-1.7742,0.005,0,0,,-4.7135,,,0,,-2.1546
TCGA-99-AA5R-01,,WT,,1934.31,-0.4568,0.019,0,0,,-1.0893,,,0,,-0.4224
TCGA-A1-A0SB-01,,WT,,3403.54,0.8533,0.0,0,0,,0.0976,,,0,,0.7993
TCGA-A1-A0SD-01,,WT,,3223.89,0.6573,-0.06,0,0,,-0.099,,,0,,0.6617
TCGA-A1-A0SE-01,,WT,,3140.77,0.5666,-0.008,0,0,,-0.1937,,,0,,0.5954
TCGA-A1-A0SF-01,,WT,,2489.88,-0.1437,0.065,0,0,,-1.0356,,,0,,0.006
TCGA-A1-A0SG-01,,WT,,2140.22,-0.5252,0.009,0,0,,-1.5841,,,0,,-0.378
TCGA-A1-A0SH-01,,WT,,3291.55,0.7311,0.346,0,0,,-0.0237,,,1,,0.7144
TCGA-A1-A0SI-01,,WT,,2668.63,0.0514,-0.01,0,0,,-0.7843,,,0,,0.182
TCGA-A1-A0SJ-01,,WT,,3330.96,0.7741,0.112,0,0,,0.0194,,,1,,0.7446
TCGA-A1-A0SK-01,,WT,,7154.11,4.9459,-0.125,0,0,,2.791,,,-1,,2.6848
TCGA-A1-A0SM-01,,WT,,2279.99,-0.3727,0.008,0,0,,-1.3548,,,0,,-0.2175
TCGA-A1-A0SN-01,,WT,,3111.61,0.5347,-0.039,0,0,,-0.2275,,,0,,0.5717
TCGA-A1-A0SO-01,,WT,,2129.3,-0.5371,-0.901,0,0,,-1.6027,,,-1,,-0.391
TCGA-A1-A0SP-01,,WT,,2635.53,0.0153,-0.019,0,0,,-0.8295,,,0,,0.1503
TCGA-A1-A0SQ-01,,WT,,2659.81,0.0417,-0.017,0,0,,-0.7963,,,0,,0.1736
TCGA-A2-A04N-01,,WT,,2290.81,-0.3609,0.045,0,0,,-1.3376,,,0,,-0.2054
TCGA-A2-A04P-01,,WT,,1883.82,-0.805,-0.088,0,0,,-2.0466,,,0,,-0.7018
TCGA-A2-A04Q-01,,WT,,2324.33,-0.3243,0.034,0,0,,-1.285,,,0,,-0.1686
TCGA-A2-A04R-01,,WT,,2453.32,-0.1836,-0.123,0,0,,-1.0892,,,-1,,-0.0315
TCGA-A2-A04T-01,,WT,,3148.05,0.5745,0.411,0,0,,-0.1853,,,1,,0.6012
TCGA-A2-A04U-01,,WT,,1315.5,-1.4252,0.616,0,0,,-3.348,,,1,,-1.6128
TCGA-A2-A04V-01,,WT,,2897.13,0.3007,-0.041,0,0,,-0.4864,,,0,,0.3904
TCGA-A2-A04W-01,,WT,,1422.13,-1.3088,0.003,0,0,,-3.0656,,,0,,-1.4151
TCGA-A2-A04X-01,,WT,,1751.1,-0.9498,-0.067,0,0,,-2.3114,,,0,,-0.8871
TCGA-A2-A04Y-01,,WT,,2496.15,-0.1368,0.031,0,0,,-1.0265,,,0,,0.0124
TCGA-A2-A0CK-01,,WT,,1834.34,-0.859,-0.02,0,0,,-2.1431,,,0,,-0.7693
TCGA-A2-A0CL-01,,WT,,3617.87,1.0872,-0.062,0,0,,0.319,,,0,,0.9543
TCGA-A2-A0CM-01,,WT,,4099.23,1.6124,0.292,0,0,,0.7719,0.3113,1.3567,1,,1.2713
TCGA-A2-A0CO-01,,WT,,1885.74,-0.8029,-0.037,0,0,,-2.0429,,,0,,-0.6992
TCGA-A2-A0CP-01,,WT,,1837.13,-0.856,0.009,0,0,,-2.1376,,,0,,-0.7655
TCGA-A2-A0CQ-01,,WT,,1859.04,-0.832,-0.032,0,0,,-2.0946,,,0,,-0.7354
TCGA-A2-A0CR-01,,WT,,1200.76,-1.5504,-0.026,0,0,,-3.6787,,,0,,-1.8443
TCGA-A2-A0CS-01,,WT,,1803.41,-0.8927,-0.135,0,0,,-2.2047,,,-1,,-0.8125
TCGA-A2-A0CT-01,,WT,,4478.26,2.026,-0.126,0,0,,1.0925,,,-1,,1.4958
TCGA-A2-A0CU-01,,WT,,2901.11,0.3051,-0.044,0,0,,-0.4815,,,0,,0.3939
TCGA-A2-A0CV-01,,WT,,2815.13,0.2112,0.0,0,0,,-0.5905,,,0,,0.3176
TCGA-A2-A0CW-01,,WT,,1128.32,-1.6294,-0.117,0,0,,-3.9041,,,-1,,-2.0021
TCGA-A2-A0CX-01,,WT,,2159.62,-0.5041,0.107,0,0,,-1.5514,,,1,,-0.3551
TCGA-A2-A0CZ-01,,WT,,1978.1,-0.7021,,0,0,,-1.8696,,,NP,,-0.5779
TCGA-A2-A0D0-01,,WT,,3872.32,1.3648,1.44,0,0,,0.5654,0.2859,1.2737,1,,1.1268
TCGA-A2-A0D1-01,,WT,,2168.81,-0.494,-0.162,0,0,,-1.536,-0.4468,-1.121,-1,,-0.3443
TCGA-A2-A0D2-01,,WT,,2297.17,-0.354,0.717,0,0,,-1.3276,0.1301,0.7645,1,,-0.1984
TCGA-A2-A0D3-01,,WT,,2908.59,0.3132,0.06,0,0,,-0.4721,,,0,,0.4005
TCGA-A2-A0D4-01,,WT,,2237.01,-0.4196,-0.149,0,0,,-1.4238,,,-1,,-0.2658
TCGA-A2-A0EM-01,,WT,,3105.11,0.5277,0.029,0,0,,-0.2351,,,0,,0.5664
TCGA-A2-A0EN-01,,WT,,1911.45,-0.7749,-0.013,0,0,,-1.9939,,,0,,-0.6648
TCGA-A2-A0EO-01,,WT,,2922.53,0.3284,-0.103,0,0,,-0.4548,,,-1,,0.4126
TCGA-A2-A0EP-01,,WT,,1704.98,-1.0002,-0.003,0,0,,-2.4082,,,0,,-0.9549
TCGA-A2-A0EQ-01,,H698R,,3137.82,0.5633,0.104,1,1,,-0.1971,0.0984,0.6609,1,,0.593
TCGA-A2-A0ER-01,,WT,,4202.12,1.7247,-0.029,0,0,,0.8617,,,0,,1.3342
TCGA-A2-A0ES-01,,WT,,3408.19,0.8584,-0.008,0,0,,0.1025,,,0,,0.8027
TCGA-A2-A0ET-01,,WT,,4700.98,2.2691,-0.038,0,0,,1.2685,,,0,,1.619
TCGA-A2-A0EU-01,,WT,,3664.19,1.1377,0.088,0,0,,0.3651,,,0,,0.9866
TCGA-A2-A0EV-01,,WT,,3057.54,0.4757,0.069,0,0,,-0.2911,-0.7492,-2.1093,0,,0.5272
TCGA-A2-A0EW-01,,WT,,3365.57,0.8119,-0.029,0,0,,0.0569,,,0,,0.7708
TCGA-A2-A0EX-01,,WT,,2688.7,0.0733,0.034,0,0,,-0.7571,0.0259,0.424,0,,0.201
TCGA-A2-A0EY-01,,WT,,2057.81,-0.6151,0.102,0,0,,-1.7264,-0.1632,-0.1941,1,,-0.4776
TCGA-A2-A0ST-01,,WT,,3903.75,1.3991,0.049,0,0,,0.5947,,,0,,1.1473
TCGA-A2-A0SU-01,,WT,,3375.38,0.8226,-0.032,0,0,,0.0675,,,0,,0.7782
TCGA-A2-A0SV-01,,WT,,1528.07,-1.1932,-0.332,0,0,,-2.8052,,,-1,,-1.2328
TCGA-A2-A0SW-01,,WT,,2741.6,0.131,0.404,0,0,,-0.6865,-0.2034,-0.3255,1,,0.2504
TCGA-A2-A0SX-01,,G540*,,1143.22,-1.6131,-0.037,1,1,,-3.8566,-0.4238,-1.0458,0,,-1.9689
TCGA-A2-A0SY-01,,WT,,3151.57,0.5784,0.008,0,0,,-0.1813,,,0,,0.6041
TCGA-A2-A0T0-01,,WT,,3645.41,1.1172,0.321,0,0,,0.3465,,,1,,0.9735
TCGA-A2-A0T1-01,,WT,,1237.47,-1.5103,-0.048,0,0,,-3.5696,-0.315,-0.6902,0,,-1.7679
TCGA-A2-A0T2-01,,WT,,1681.68,-1.0256,0.519,0,0,,-2.458,-0.1182,-0.047,1,,-0.9898
TCGA-A2-A0T3-01,,WT,,2407.38,-0.2337,0.181,0,0,,-1.1577,-0.2585,-0.5055,1,,-0.0795
TCGA-A2-A0T4-01,,WT,,2635.92,0.0157,-0.095,0,0,,-0.829,,,0,,0.1507
TCGA-A2-A0T5-01,,WT,,2767.21,0.1589,0.072,0,0,,-0.6528,,,0,,0.274
TCGA-A2-A0T6-01,,WT,,3171.1,0.5997,0.008,0,0,,-0.1589,0.0671,0.5586,0,,0.6198
TCGA-A2-A0T7-01,,WT,,2737.05,0.126,0.0,0,0,,-0.6925,-0.5977,-1.6141,0,,0.2462
TCGA-A2-A0YC-01,,WT,,3283.6,0.7224,-0.008,0,0,,-0.0325,-0.0023,0.3318,0,,0.7082
TCGA-A2-A0YD-01,,WT,,2666.56,0.0491,0.042,0,0,,-0.7871,-0.3984,-0.9628,0,,0.18
TCGA-A2-A0YE-01,,WT,,3272.5,0.7103,-0.011,0,0,,-0.0448,,,0,,0.6996
TCGA-A2-A0YF-01,,WT,,3908.08,1.4038,-0.055,0,0,,0.5987,0.2059,1.0123,0,,1.1501
TCGA-A2-A0YG-01,,WT,,2757.01,0.1478,0.297,0,0,,-0.6661,-0.1891,-0.2787,1,,0.2646
TCGA-A2-A0YH-01,,WT,,2794.86,0.1891,0.03,0,0,,-0.6167,,,0,,0.2992
TCGA-A2-A0YI-01,,WT,,3129.99,0.5548,-0.004,0,0,,-0.2062,-0.5849,-1.5723,0,,0.5866
TCGA-A2-A0YJ-01,,WT,,2401.95,-0.2396,0.113,0,0,,-1.1659,,,1,,-0.0852
TCGA-A2-A0YK-01,,WT,,3629.47,1.0998,-0.027,0,0,,0.3306,,,0,,0.9624
TCGA-A2-A0YL-01,,WT,,3637.38,1.1085,-0.017,0,0,,0.3385,-0.1616,-0.1888,0,,0.9679
TCGA-A2-A0YM-01,,WT,,3906.51,1.4021,0.365,0,0,,0.5973,-0.491,-1.2654,1,,1.1491
TCGA-A2-A0YT-01,,WT,,2927.11,0.3334,-0.079,0,0,,-0.4491,,,0,,0.4166
TCGA-A2-A1FV-01,,WT,,6219.58,3.9261,0.013,0,0,,2.2834,,,0,,2.3295
TCGA-A2-A1FW-01,,WT,,4807.66,2.3855,0.022,0,0,,1.3498,,,0,,1.6759
TCGA-A2-A1FX-01,,WT,,3173.24,0.602,-0.086,0,0,,-0.1564,,,0,,0.6215
TCGA-A2-A1FZ-01,,WT,,3158.46,0.5859,0.049,0,0,,-0.1733,,,0,,0.6096
TCGA-A2-A1G0-01,,WT,,3244.58,0.6798,0.169,0,0,,-0.0758,,,1,,0.6779
TCGA-A2-A1G1-01,,WT,,4973.68,2.5666,0.0,0,0,,1.4729,,,0,,1.7621
TCGA-A2-A1G4-01,,WT,,4371.63,1.9097,0.029,0,0,,1.0051,,,0,,1.4346
TCGA-A2-A1G6-01,,WT,,3454.64,0.9091,0.0,0,0,,0.1516,,,0,,0.8371
TCGA-A2-A259-01,,WT,,2663.22,0.0455,0.033,0,0,,-0.7916,,,0,,0.1768
TCGA-A2-A25A-01,,WT,,3233.47,0.6677,-0.02,0,0,,-0.0883,,,0,,0.6692
TCGA-A2-A25B-01,,WT,,2363.58,-0.2815,-0.422,1,1,STAG2-XIAP Fusion,-1.2243,,,-1,,-0.1261
TCGA-A2-A25C-01,,WT,,3740.19,1.2206,-0.079,0,0,,0.4395,,,0,,1.0387
TCGA-A2-A25D-01,,WT,,2000.76,-0.6774,0.015,0,0,,-1.8283,,,0,,-0.549
TCGA-A2-A25E-01,,WT,,3172.96,0.6017,-0.493,0,0,,-0.1567,,,-1,,0.6212
TCGA-A2-A25F-01,,WT,,3980.17,1.4825,0.001,0,0,,0.665,,,0,,1.1965
TCGA-A2-A3KC-01,,WT,,2582.28,-0.0429,0.004,0,0,,-0.9035,,,0,,0.0985
TCGA-A2-A3KD-01,,WT,,2938.08,0.3454,0.03,0,0,,-0.4356,,,0,,0.4261
TCGA-A2-A3XS-01,,WT,,1983.26,-0.6965,0.0,0,0,,-1.8602,,,0,,-0.5713
TCGA-A2-A3XT-01,,WT,,1733.75,-0.9688,-0.106,0,0,,-2.3475,,,-1,,-0.9124
TCGA-A2-A3XU-01,,WT,,811.371,-1.9753,0.013,0,0,,-5.0987,,,0,,-2.8384
TCGA-A2-A3XV-01,,X699_splice,,141.505,-2.7062,-0.014,1,1,,-11.4108,,,0,,-7.2572
TCGA-A2-A3XW-01,,WT,,783.487,-2.0057,-0.011,0,0,,-5.2254,,,0,,-2.9271
TCGA-A2-A3XX-01,,WT,,1870.62,-0.8194,-0.091,0,0,,-2.0721,,,0,,-0.7196
TCGA-A2-A3XY-01,,WT,,1107.06,-1.6526,-0.116,0,0,,-3.9731,,,-1,,-2.0504
TCGA-A2-A3XZ-01,,WT,,1086.15,-1.6754,0.052,0,0,,-4.0422,,,0,,-2.0987
TCGA-A2-A3Y0-01,,WT,,782.467,-2.0068,-0.127,0,0,,-5.2301,,,-1,,-2.9304
TCGA-A2-A4RW-01,,WT,,2196.73,-0.4636,-0.067,0,0,,-1.4896,,,0,,-0.3119
TCGA-A2-A4RX-01,,NP,,3131.7,0.5567,-0.081,0,0,NP,-0.2042,,,0,,0.588
TCGA-A2-A4RY-01,,WT,,2246.06,-0.4097,-0.007,0,0,,-1.4091,,,0,,-0.2555
TCGA-A2-A4S0-01,,NP,,2611.19,-0.0113,0.002,0,0,NP,-0.8631,,,0,,0.1267
TCGA-A2-A4S1-01,,WT,,1166.51,-1.5877,-0.043,0,0,,-3.7835,,,0,,-1.9177
TCGA-A2-A4S2-01,,WT,,1529.98,-1.1911,0.107,0,0,,-2.8007,,,1,,-1.2296
TCGA-A2-A4S3-01,,WT,,1399.14,-1.3339,-0.144,0,0,,-3.1246,,,-1,,-1.4564
TCGA-A3-3306-01,,WT,,2455.49,-0.1146,-0.177,0,0,,-1.4571,,,-1,,0.077
TCGA-A3-3307-01,,WT,,2369.27,-0.2105,0.01,0,0,,-1.694,,,0,,-0.018
TCGA-A3-3308-01,,WT,,2261.27,-0.3306,0.014,0,0,,-2.0033,,,0,,-0.1419
TCGA-A3-3311-01,,WT,,2772.72,0.2383,-0.104,0,0,,-0.6517,,,-1,,0.3999
TCGA-A3-3313-01,,WT,,2481.9,-0.0852,-0.048,0,0,,-1.3862,,,0,,0.1054
TCGA-A3-3316-01,,WT,,2353.74,-0.2277,-0.024,0,0,,-1.7376,,,0,,-0.0354
TCGA-A3-3317-01,,L995*,,1233.04,-1.4743,-0.098,1,1,,-6.0223,,,0,,-1.7531
TCGA-A3-3319-01,,WT,,2140.22,-0.4653,-0.124,0,0,,-2.3679,,,-1,,-0.2881
TCGA-A3-3320-01,,WT,,3385.3,0.9197,-0.064,0,0,,0.6715,,,0,,0.9304
TCGA-A3-3322-01,,WT,,2651.93,0.1039,-0.049,0,0,,-0.947,,,0,,0.2815
TCGA-A3-3323-01,,WT,,3093.98,0.5956,-0.013,0,0,,0.075,,,0,,0.6912
TCGA-A3-3324-01,,NP,,2710.94,0.1696,-0.031,0,0,NP,-0.8011,,,0,,0.34
TCGA-A3-3325-01,,WT,,2434.68,-0.1377,0.069,0,0,,-1.5135,,,0,,0.0544
TCGA-A3-3326-01,,WT,,2632.2,0.082,0.006,0,0,,-0.9965,,,0,,0.2617
TCGA-A3-3331-01,,WT,,3097.44,0.5995,-0.026,0,0,,0.0824,,,0,,0.6942
TCGA-A3-3335-01,,WT,,2066.64,-0.5471,-0.069,0,0,,-2.5998,,,0,,-0.3811
TCGA-A3-3343-01,,NP,,2776.86,0.2429,0.011,0,0,NP,-0.6418,,,0,,0.4038
TCGA-A3-3346-01,,WT,,1528.0,-1.1462,-0.344,0,0,,-4.6011,,,-1,,-1.1834
TCGA-A3-3347-01,,WT,,2161.11,-0.442,-0.022,0,0,,-2.3036,,,0,,-0.2623
TCGA-A3-3349-01,,WT,,2651.29,0.1032,-0.019,0,0,,-0.9486,,,0,,0.2809
TCGA-A3-3351-01,,NP,,3297.91,0.8225,-0.089,0,0,NP,0.4982,,,0,,0.8608
TCGA-A3-3352-01,,NP,,3167.81,0.6778,-0.077,0,0,NP,0.2313,,,0,,0.7539
TCGA-A3-3357-01,,WT,,2174.84,-0.4267,-0.018,0,0,,-2.2616,,,0,,-0.2455
TCGA-A3-3358-01,,WT,,2078.56,-0.5338,0.026,0,0,,-2.5617,,,0,,-0.3658
TCGA-A3-3359-01,,NP,,2418.67,-0.1555,-0.003,0,0,NP,-1.5572,,,0,,0.0369
TCGA-A3-3362-01,,WT,,2323.32,-0.2616,0.0,0,0,,-1.8238,,,0,,-0.07
TCGA-A3-3363-01,,WT,,1776.28,-0.8701,-0.018,0,0,,-3.6033,,,0,,-0.7834
TCGA-A3-3365-01,,WT,,2930.76,0.4141,-0.042,0,0,,-0.2843,,,0,,0.5472
TCGA-A3-3367-01,,WT,,3862.61,1.4506,-0.063,0,0,,1.5459,,,0,,1.2809
TCGA-A3-3370-01,,WT,,2743.59,0.2059,-0.022,0,0,,-0.7217,,,0,,0.3718
TCGA-A3-3372-01,,NP,,3709.73,1.2805,0.082,0,0,NP,1.2782,,,0,,1.1736
TCGA-A3-3373-01,,WT,,2680.07,0.1352,-0.08,0,0,,-0.877,,,0,,0.3096
TCGA-A3-3374-01,,WT,,1072.75,-1.6526,-0.01,0,0,,-6.9449,,,0,,-2.123
TCGA-A3-3376-01,,WT,,3391.47,0.9265,0.005,0,0,,0.6836,,,0,,0.9352
TCGA-A3-3378-01,,WT,,2222.6,-0.3736,-0.05,0,0,,-2.1176,,,0,,-0.1878
TCGA-A3-3380-01,,WT,,2707.31,0.1655,-0.093,0,0,,-0.81,,,0,,0.3364
TCGA-A3-3382-01,,WT,,2488.39,-0.078,-0.325,0,0,,-1.3689,,,-1,,0.1124
TCGA-A3-3383-01,,WT,,2300.54,-0.2869,0.417,1,1,,-1.8892,,,2,,-0.0962
TCGA-A3-3385-01,,WT,,3264.73,0.7856,0.068,0,0,,0.4311,,,0,,0.834
TCGA-A3-3387-01,,WT,,2618.49,0.0667,0.026,0,0,,-1.0311,,,0,,0.2478
TCGA-A3-A6NI-01,,WT,,1676.29,-0.9813,-0.02,0,0,,-3.9872,,,0,,-0.9373
TCGA-A3-A6NJ-01,,WT,,2116.05,-0.4921,0.006,0,0,,-2.4432,,,0,,-0.3183
TCGA-A3-A6NL-01,,WT,,2361.06,-0.2196,0.015,0,0,,-1.717,,,0,,-0.0272
TCGA-A3-A6NN-01,,WT,,2632.08,0.0819,-0.069,0,0,,-0.9968,,,0,,0.2616
TCGA-A3-A8CQ-01,,WT,,2298.08,-0.2897,0.014,0,0,,-1.8962,,,0,,-0.099
TCGA-A3-A8OU-01,,WT,,1581.88,-1.0863,-0.035,0,0,,-4.3714,,,0,,-1.0913
TCGA-A3-A8OV-01,,WT,,1783.37,-0.8622,-0.028,0,0,,-3.5769,,,0,,-0.7728
TCGA-A3-A8OW-01,,WT,,2337.36,-0.246,-0.005,0,0,,-1.7839,,,0,,-0.054
TCGA-A3-A8OX-01,,WT,,1629.58,-1.0332,0.007,0,0,,-4.1745,,,0,,-1.0124
TCGA-A4-7286-01,,WT,,1141.54,-0.6814,-0.124,0,0,,-5.0039,,,-1,,-0.4576
TCGA-A4-7287-01,,S653*,,601.622,-1.5726,-0.145,1,1,,-9.7912,,,-1,,-1.8802
TCGA-A4-7288-01,,WT,,2240.44,1.1324,0.041,0,0,,0.0389,,,0,,1.0408
TCGA-A4-7583-01,,WT,,1694.27,0.2309,-0.102,0,0,,-2.051,,,-1,,0.4198
TCGA-A4-7584-01,,WT,,1629.68,0.1243,0.082,0,0,,-2.3417,,,0,,0.3334
TCGA-A4-7585-01,,WT,,2234.32,1.1223,0.02,0,0,,0.0184,,,0,,1.0348
TCGA-A4-7732-01,,WT,,1526.99,-0.0452,0.142,0,0,,-2.8285,,,1,,0.1888
TCGA-A4-7734-01,,WT,,2389.53,1.3785,0.063,0,0,,0.5208,,,0,,1.184
TCGA-A4-7828-01,,WT,,1845.45,0.4805,-0.001,0,0,,-1.4118,,,0,,0.6098
TCGA-A4-7915-01,,WT,,3051.52,2.4712,-0.024,0,0,,2.3502,,,0,,1.7276
TCGA-A4-7996-01,,WT,,1801.54,0.408,0.065,0,0,,-1.5919,,,0,,0.5563
TCGA-A4-7997-01,,WT,,2208.29,1.0794,0.103,0,0,,-0.0692,,,1,,1.0087
TCGA-A4-8098-01,,I910Tfs*20,,396.245,-1.9116,0.0,1,1,,-12.9098,,,0,,-2.8069
TCGA-A4-8310-01,,WT,,1161.57,-0.6483,0.091,0,0,,-4.8739,,,0,,-0.419
TCGA-A4-8311-01,,WT,,1262.6,-0.4816,0.171,0,0,,-4.2503,,,1,,-0.2337
TCGA-A4-8312-01,,WT,,1730.55,0.2908,0.007,0,0,,-1.8926,,,0,,0.4669
TCGA-A4-8515-01,,WT,,1915.03,0.5953,0.094,0,0,,-1.135,,,0,,0.692
TCGA-A4-8516-01,,NP,,1246.78,-0.5077,0.175,0,0,NP,-4.3445,,,1,,-0.2617
TCGA-A4-8517-01,,WT,,1377.05,-0.2927,0.131,0,0,,-3.6014,,,1,,-0.0409
TCGA-A4-8518-01,,NP,,1097.88,-0.7535,0.096,0,0,NP,-5.2955,,,0,,-0.5443
TCGA-A4-8630-01,,WT,,1609.07,0.0903,0.178,0,0,,-2.4369,,,1,,0.3052
TCGA-A4-A48D-01,,WT,,901.974,-1.0768,0.096,0,0,,-6.7649,,,0,,-0.9809
TCGA-A4-A4ZT-01,,WT,,1505.36,-0.0809,0.222,0,0,,-2.9352,,,1,,0.1571
TCGA-A4-A57E-01,,WT,,1272.85,-0.4647,-0.04,0,0,,-4.1898,,,0,,-0.2157
TCGA-A4-A5DU-01,,WT,,1139.59,-0.6846,0.303,0,0,,-5.0167,,,1,,-0.4614
TCGA-A4-A5XZ-01,,WT,,1407.08,-0.2431,0.18,0,0,,-3.4401,,,1,,0.0071
TCGA-A4-A5Y0-01,,WT,,582.141,-1.6047,-0.007,0,0,,-10.0371,,,0,,-1.9532
TCGA-A4-A5Y1-01,,WT,,3390.44,3.0306,-0.255,0,0,,3.1381,,,-1,,1.9618
TCGA-A4-A6HP-01,,WT,,839.687,-1.1796,0.114,0,0,,-7.2998,,,1,,-1.1398
TCGA-A4-A772-01,,WT,,1003.12,-0.9099,0.146,0,0,,-5.9703,,,1,,-0.7448
TCGA-A4-A7UZ-01,,WT,,1257.44,-0.4901,0.093,0,0,,-4.2809,,,0,,-0.2428
TCGA-A5-A0G1-01,,Q924* A300V K107N,,1662.887,-0.5403,-0.002,1,1,,-2.3376,,,0,,-0.3747
TCGA-A5-A0G2-01,,Q735H,,4116.1218,2.6984,-0.065,1,1,,1.8416,,,0,,1.906
TCGA-A5-A0G3-01,,WT,,1700.8724,-0.4902,,0,0,,-2.2335,,,NP,,-0.3179
TCGA-A5-A0G5-01,,WT,,1250.3019,-1.085,0.056,0,0,,-3.6521,,,0,,-1.0921
TCGA-A5-A0G9-01,,WT,,1371.0318,-0.9256,0.059,0,0,,-3.2272,,,0,,-0.8602
TCGA-A5-A0GA-01,,WT,,1977.4707,-0.125,0.028,0,0,,-1.5388,,,0,,0.0612
TCGA-A5-A0GB-01,,WT,,2131.7927,0.0787,0.029,0,0,,-1.1923,,,0,,0.2503
TCGA-A5-A0GD-01,,NP,,1791.9769,-0.3699,-0.009,0,0,NP,-1.9929,,,0,,-0.1866
TCGA-A5-A0GE-01,,WT,,2047.7933,-0.0322,0.087,0,0,,-1.3777,,,0,,0.1492
TCGA-A5-A0GG-01,,NP,,1987.1047,-0.1123,-0.016,0,0,NP,-1.5164,,,0,,0.0735
TCGA-A5-A0GH-01,,WT,,2478.9638,0.5371,-0.011,0,0,,-0.4967,,,0,,0.63
TCGA-A5-A0GI-01,,WT,,1297.8718,-1.0222,0.03,0,0,,-3.48,,,0,,-0.9981
TCGA-A5-A0GJ-01,,WT,,1059.9071,-1.3364,-0.53,0,0,,-4.4135,,,-1,,-1.5076
TCGA-A5-A0GM-01,,WT,,2242.0727,0.2243,0.0,0,0,,-0.9598,,,0,,0.3772
TCGA-A5-A0GN-01,,WT,,1414.8777,-0.8678,-0.164,0,0,,-3.0821,,,-1,,-0.781
TCGA-A5-A0GP-01,,R146* R953*,,1500.2928,-0.755,-0.003,1,1,,-2.8119,,,0,,-0.6335
TCGA-A5-A0GQ-01,,WT,,1685.2474,-0.5108,0.0,0,0,,-2.276,,,0,,-0.3411
TCGA-A5-A0GR-01,,NP,,1650.8042,-0.5563,-0.094,0,0,NP,-2.3712,,,0,,-0.393
TCGA-A5-A0GU-01,,WT,,2339.6333,0.3531,0.088,0,0,,-0.7634,,,0,,0.4844
TCGA-A5-A0GV-01,,WT,,1831.3529,-0.3179,0.211,0,0,,-1.8927,,,1,,-0.1319
TCGA-A5-A0GW-01,,WT,,1798.947,-0.3607,0.029,0,0,,-1.975,,,0,,-0.1768
TCGA-A5-A0GX-01,,WT,,1031.7424,-1.3736,0.01,0,0,,-4.5376,,,0,,-1.5753
TCGA-A5-A0R6-01,,WT,,1496.9015,-0.7595,-0.129,0,0,,-2.8224,,,-1,,-0.6392
TCGA-A5-A0R7-01,,WT,,2043.2183,-0.0382,0.062,0,0,,-1.388,,,0,,0.1435
TCGA-A5-A0R8-01,,WT,,1410.5925,-0.8734,0.0,0,0,,-3.0961,,,0,,-0.7886
TCGA-A5-A0R9-01,,WT,,1495.5879,-0.7612,0.036,0,0,,-2.8264,,,0,,-0.6414
TCGA-A5-A0RA-01,,Q590*,,287.5049,-2.3561,-0.001,1,1,,-10.4202,,,0,,-4.7856
TCGA-A5-A0VO-01,,WT,,2497.0373,0.5609,,0,0,,-0.4632,,,NP,,0.6482
TCGA-A5-A0VP-01,,WT,,2310.1669,0.3142,-0.081,0,0,,-0.8218,,,0,,0.4525
TCGA-A5-A0VQ-01,,WT,,1486.929,-0.7726,0.0,0,0,,-2.8532,,,0,,-0.6561
TCGA-A5-A1OF-01,,E565D,,1271.9057,-1.0565,-0.002,1,1,,-3.5732,,,0,,-1.049
TCGA-A5-A1OG-01,,WT,,2048.6423,-0.0311,-0.01,0,0,,-1.3758,,,0,,0.1502
TCGA-A5-A1OH-01,,WT,,1966.98,-0.1389,0.06,0,0,,-1.5633,,,0,,0.0479
TCGA-A5-A1OJ-01,,WT,,1817.8246,-0.3358,0.05,0,0,,-1.9269,,,0,,-0.1506
TCGA-A5-A1OK-01,,WT,,2387.5428,0.4164,0.046,0,0,,-0.6699,,,0,,0.5354
TCGA-A5-A2K2-01,,WT,,2679.47,0.8018,-0.126,0,0,,-0.138,,,-1,,0.8257
TCGA-A5-A2K3-01,,R667Q,,1971.32,-0.1331,0.021,1,1,,-1.5532,,,0,,0.0534
TCGA-A5-A2K4-01,,WT,,2243.8,0.2266,-0.088,0,0,,-0.9562,,,0,,0.3792
TCGA-A5-A2K5-01,,R1242Q T1122A,,588.629,-1.9586,-0.001,1,1,,-7.123,,,0,,-2.9862
TCGA-A5-A2K7-01,,WT,,1354.33,-0.9477,-0.01,0,0,,-3.2837,,,0,,-0.891
TCGA-A5-A3LO-01,,WT,,2933.1,1.1366,-0.067,0,0,,0.279,,,0,,1.0533
TCGA-A5-A3LP-01,,WT,,2509.79,0.5778,0.448,0,0,,-0.4397,,,1,,0.6611
TCGA-A5-A7WJ-01,,NP,,2021.0,-0.0676,0.061,0,0,NP,-1.4384,,,0,,0.116
TCGA-A5-A7WK-01,,WT,,1507.8,-0.7451,-0.181,0,0,,-2.7889,,,-1,,-0.621
TCGA-A5-AB3J-01,,WT,,2205.16,0.1756,0.065,0,0,,-1.0363,,,0,,0.3355
TCGA-A6-2671-01,,WT,,2036.6734,-0.4156,-0.039,0,0,,-0.418,,,0,,-0.4124
TCGA-A6-2672-01,,NP,,2089.7394,-0.3605,0.017,0,0,NP,-0.2613,,,0,,-0.3482
TCGA-A6-2674-01,,WT,,2035.6474,-0.4166,0.0,0,0,,-0.4211,,,0,,-0.4137
TCGA-A6-2675-01,,WT,,2621.17,0.1908,0.048,0,0,,1.1191,,,0,,0.2177
TCGA-A6-2676-01,,NP,,2421.5961,-0.0163,0.006,0,0,NP,0.6366,,,0,,0.0199
TCGA-A6-2677-01,,WT,,3585.7564,1.1914,0.007,0,0,,3.0284,,,0,,1.0004
TCGA-A6-2678-01,,WT,,3032.0343,0.617,-0.175,0,0,,2.0063,,,-1,,0.5814
TCGA-A6-2679-01,,NP,,514.4701,-1.9946,0.092,0,0,NP,-8.7955,,,0,,-3.8469
TCGA-A6-2680-01,,NP,,1975.5224,-0.479,-0.159,0,0,NP,-0.6037,,,-1,,-0.4886
TCGA-A6-2681-01,,WT,,2979.0985,0.562,0.247,0,0,,1.899,,,1,,0.5374
TCGA-A6-2682-01,,NP,,2759.49,0.3342,0.002,0,0,NP,1.4324,,,0,,0.3462
TCGA-A6-2683-01,,WT,,1168.0881,-1.3166,-0.078,0,0,,-3.8043,,,0,,-1.8007
TCGA-A6-2684-01,,WT,,3410.04,1.0091,-0.053,0,0,,2.7222,,,0,,0.8749
TCGA-A6-2685-01,,WT,,2354.87,-0.0855,0.036,0,0,,0.4664,,,0,,-0.0499
TCGA-A6-2686-01,,WT,,3709.41,1.3196,0.254,0,0,,3.235,,,1,,1.0851
TCGA-A6-3807-01,,WT,0.5614,2928.4604,0.5095,-0.002,0,0,,1.7946,22.4226,,0,,0.4946
TCGA-A6-3808-01,,WT,0.5538,2032.0266,-0.4204,,0,0,,-0.4319,22.3507,,NP,,-0.4181
TCGA-A6-3809-01,,WT,,2591.507,0.16,0.029,0,0,,1.0498,,,0,,0.1893
TCGA-A6-3810-01,,WT,-1.8105,3730.3129,1.3413,0.031,0,0,,3.2692,0.0,,0,,1.0992
TCGA-A6-4105-01,,WT,,2718.95,0.2922,-0.077,0,0,,1.3423,,,0,,0.3092
TCGA-A6-4107-01,,WT,,2225.847,-0.2193,0.007,0,0,,0.1231,,,0,,-0.1906
TCGA-A6-5656-01,,WT,,2920.91,0.5017,0.053,0,0,,1.7788,,,0,,0.4882
TCGA-A6-5657-01,,WT,,3111.89,0.6998,0.024,0,0,,2.1647,,,0,,0.6464
TCGA-A6-5659-01,,WT,,6457.56,4.1704,0.081,0,0,,6.6132,,,0,,2.4701
TCGA-A6-5660-01,,WT,,3477.23,1.0788,-0.006,0,0,,2.8411,,,0,,0.9237
TCGA-A6-5661-01,,WT,,2464.37,0.0281,0.002,0,0,,0.7433,,,0,,0.0637
TCGA-A6-5662-01,,R1016Efs*11,,467.965,-2.0429,-0.063,1,1,,-9.3718,,,0,,-4.0831
TCGA-A6-5664-01,,WT,,2077.76,-0.373,0.013,0,0,,-0.2963,,,0,,-0.3625
TCGA-A6-5665-01,,WT,,2508.24,0.0736,0.004,0,0,,0.8508,,,0,,0.1077
TCGA-A6-5666-01,,WT,,5472.24,3.1483,0.014,0,0,,5.6043,,,0,,2.0565
TCGA-A6-5667-01,,WT,,5174.77,2.8397,-0.003,0,0,,5.2637,,,0,,1.9168
TCGA-A6-6137-01,,WT,,3274.03,0.868,0.028,0,0,,2.4742,,,0,,0.7733
TCGA-A6-6138-01,,WT,,2213.32,-0.2323,-0.052,0,0,,0.0887,,,0,,-0.2047
TCGA-A6-6140-01,,NP,,3091.42,0.6786,0.003,0,0,NP,2.1245,,,0,,0.6299
TCGA-A6-6141-01,,NP,,1722.28,-0.7417,0.01,0,0,NP,-1.4394,,,0,,-0.8312
TCGA-A6-6142-01,,WT,,2172.05,-0.2751,0.097,0,0,,-0.0259,,,0,,-0.2517
TCGA-A6-6648-01,,WT,,4367.98,2.0028,-0.006,0,0,,4.2308,,,0,,1.4934
TCGA-A6-6649-01,,WT,,2226.26,-0.2189,0.07,0,0,,0.1242,,,0,,-0.1901
TCGA-A6-6650-01,,WT,,3503.15,1.1057,0.235,0,0,,2.8864,,,1,,0.9422
TCGA-A6-6651-01,,WT,,2667.78,0.2391,-0.052,0,0,,1.2265,,,0,,0.2618
TCGA-A6-6652-01,,WT,,1911.8,-0.5451,0.181,0,0,,-0.8035,,,1,,-0.5705
TCGA-A6-6653-01,,WT,,1985.11,-0.4691,-0.011,0,0,,-0.5742,,,0,,-0.4765
TCGA-A6-6654-01,,WT,,2592.8,0.1613,0.243,0,0,,1.0528,,,1,,0.1905
TCGA-A6-6780-01,,WT,,1419.67,-1.0556,0.014,0,0,,-2.6164,,,0,,-1.3137
TCGA-A6-6781-01,,X787_splice,,1582.5,-0.8867,-0.015,1,1,,-1.955,,,0,,-1.0425
TCGA-A6-6782-01,,WT,,2535.27,0.1016,-0.001,0,0,,0.9161,,,0,,0.1345
TCGA-A6-A565-01,,WT,,2009.98,-0.4433,0.012,0,0,,-0.4984,,,0,,-0.4454
TCGA-A6-A566-01,,WT,,1689.18,-0.776,0.039,0,0,,-1.5576,,,0,,-0.8796
TCGA-A6-A567-01,,WT,,2834.24,0.4118,-0.206,0,0,,1.5953,,,-1,,0.4129
TCGA-A6-A56B-01,,WT,,2649.23,0.2199,0.363,0,0,,1.184,,,1,,0.2443
TCGA-A6-A5ZU-01,,NP,,2428.62,-0.009,0.041,0,0,NP,0.6543,,,0,,0.0272
TCGA-A7-A0CD-01,,WT,,3500.58,0.9592,0.127,0,0,,0.1995,-0.4837,-1.2416,1,,0.8706
TCGA-A7-A0CE-01,,WT,,3704.72,1.1819,0.158,0,0,,0.405,-0.0125,0.2985,1,,1.0145
TCGA-A7-A0CG-01,,WT,,3594.19,1.0613,0.0,0,0,,0.2952,,,0,,0.9376
TCGA-A7-A0CH-01,,R1045*,,3104.8,0.5273,0.03,1,1,,-0.2355,,,0,,0.5661
TCGA-A7-A0CJ-01,,WT,,1668.46,-1.04,-0.618,0,0,,-2.4866,-0.0657,0.1246,-1,,-1.0098
TCGA-A7-A0D9-01,,WT,,3014.0,0.4282,0.06,0,0,,-0.3431,,,0,,0.4908
TCGA-A7-A0DA-01,,WT,,2029.79,-0.6457,-0.398,0,0,,-1.7761,,,-1,,-0.5124
TCGA-A7-A0DB-01,,WT,,2171.86,-0.4907,0.187,0,0,,-1.5309,,,1,,-0.3408
TCGA-A7-A0DC-01,,WT,,3693.0,1.1692,-0.025,0,0,,0.3935,,,0,,1.0064
TCGA-A7-A13D-01,,WT,,2195.19,-0.4652,0.073,0,0,,-1.4922,,,0,,-0.3136
TCGA-A7-A13E-01,,WT,,2017.29,-0.6594,0.016,0,0,,-1.7985,,,0,,-0.5281
TCGA-A7-A13F-01,,WT,,2344.58,-0.3022,0.0,0,0,,-1.2535,0.0617,0.541,0,,-0.1466
TCGA-A7-A13G-01,,WT,,2999.13,0.412,0.024,0,0,,-0.361,,,0,,0.4783
TCGA-A7-A13H-01,,NP,,1811.84,-0.8835,-0.004,0,0,NP,-2.1878,,,0,,-0.8006
TCGA-A7-A26E-01,,WT,,4407.49,1.9488,-0.091,0,0,,1.0347,,,0,,1.4553
TCGA-A7-A26F-01,,WT,,3186.64,0.6166,0.027,0,0,,-0.1411,,,0,,0.6322
TCGA-A7-A26G-01,,WT,,3657.35,1.1303,-0.095,0,0,,0.3583,,,0,,0.9818
TCGA-A7-A26H-01,,WT,,3417.75,0.8688,0.094,0,0,,0.1127,,,0,,0.8099
TCGA-A7-A26I-01,,WT,,3381.19,0.8289,-0.023,0,0,,0.0737,,,0,,0.7826
TCGA-A7-A26J-01,,WT,,3548.52,1.0115,0.115,0,0,,0.2488,,,1,,0.9052
TCGA-A7-A2KD-01,,WT,,3577.5,1.0431,0.193,0,0,,0.2783,,,1,,0.9258
TCGA-A7-A3IY-01,,NP,,2409.82,-0.231,-0.007,0,0,NP,-1.1541,,,0,,-0.0769
TCGA-A7-A3IZ-01,,WT,,4016.58,1.5222,-0.107,0,0,,0.698,,,-1,,1.2196
TCGA-A7-A3J0-01,,WT,,2737.41,0.1264,0.153,0,0,,-0.692,,,1,,0.2465
TCGA-A7-A3J1-01,,WT,,2468.28,-0.1672,-0.121,0,0,,-1.0672,,,-1,,-0.0161
TCGA-A7-A3RF-01,,WT,,1748.11,-0.9531,-0.003,0,0,,-2.3176,,,0,,-0.8915
TCGA-A7-A425-01,,WT,,1308.58,-1.4327,0.426,0,0,,-3.3671,,,1,,-1.6262
TCGA-A7-A426-01,,WT,,1486.69,-1.2383,-0.007,0,0,,-2.9047,,,0,,-1.3025
TCGA-A7-A4SA-01,,WT,,1615.23,-1.0981,-0.233,0,0,,-2.6041,,,-1,,-1.0921
TCGA-A7-A4SB-01,,WT,,2534.58,-0.0949,0.02,0,0,,-0.9711,,,0,,0.0512
TCGA-A7-A4SC-01,,WT,,1943.82,-0.7395,,0,0,,-1.933,,,NP,,-0.6222
TCGA-A7-A4SD-01,,WT,,2331.34,-0.3167,0.351,0,0,,-1.2741,,,1,,-0.1609
TCGA-A7-A4SE-01,,WT,,2162.1,-0.5013,0.062,0,0,,-1.5472,,,0,,-0.3522
TCGA-A7-A4SF-01,,WT,,2109.71,-0.5585,-0.222,0,0,,-1.6362,,,-1,,-0.4144
TCGA-A7-A56D-01,,WT,,545.394,-2.2655,-0.176,0,0,,-6.537,,,-1,,-3.8453
TCGA-A7-A5ZV-01,,WT,,2559.57,-0.0676,1.03,0,0,,-0.9355,,,1,,0.0761
TCGA-A7-A5ZW-01,,WT,,2700.17,0.0858,0.029,0,0,,-0.7417,,,0,,0.2118
TCGA-A7-A5ZX-01,,WT,,2314.88,-0.3346,0.009,0,0,,-1.2997,,,0,,-0.1789
TCGA-A7-A6VV-01,,WT,,2005.41,-0.6723,0.0,0,0,,-1.8199,,,0,,-0.5431
TCGA-A7-A6VW-01,,WT,,975.212,-1.7965,-0.173,0,0,,-4.4325,,,-1,,-2.372
TCGA-A7-A6VX-01,,WT,,2453.04,-0.1839,0.019,0,0,,-1.0896,,,0,,-0.0318
TCGA-A7-A6VY-01,,WT,,4277.41,1.8069,0.665,1,1,,0.9261,,,2,,1.3793
TCGA-A8-A06N-01,,WT,,4790.27,2.3665,0.085,0,0,,1.3367,0.4202,1.7126,0,,1.6667
TCGA-A8-A06O-01,,WT,,2361.86,-0.2834,0.0,0,0,,-1.2269,,,0,,-0.1279
TCGA-A8-A06P-01,,WT,,2176.47,-0.4857,0.004,0,0,,-1.5232,,,0,,-0.3354
TCGA-A8-A06Q-01,,WT,,3143.01,0.569,-0.049,0,0,,-0.1911,,,0,,0.5972
TCGA-A8-A06R-01,,WT,,2282.46,-0.37,-0.062,0,0,,-1.3509,,,0,,-0.2147
TCGA-A8-A06T-01,,WT,,3356.71,0.8022,-0.263,0,0,,0.0474,,,-1,,0.7641
TCGA-A8-A06U-01,,WT,,4755.74,2.3288,0.036,0,0,,1.3104,,,0,,1.6483
TCGA-A8-A06X-01,,WT,,2972.18,0.3826,0.01,0,0,,-0.3937,,,0,,0.4553
TCGA-A8-A06Y-01,,WT,,2888.08,0.2908,-0.107,0,0,,-0.4978,,,-1,,0.3825
TCGA-A8-A06Z-01,,WT,,2868.72,0.2697,-0.126,0,0,,-0.5222,0.0478,0.4955,-1,,0.3654
TCGA-A8-A075-01,,WT,,1572.25,-1.145,-0.136,0,0,,-2.7019,,,-1,,-1.1605
TCGA-A8-A076-01,,WT,,1608.55,-1.1054,-0.759,0,0,,-2.6192,-0.3219,-0.7128,-1,,-1.1026
TCGA-A8-A079-01,,WT,,2471.83,-0.1634,-0.039,0,0,,-1.062,0.1707,0.8972,0,,-0.0125
TCGA-A8-A07B-01,,WT,,1696.53,-1.0094,-0.389,0,0,,-2.4262,,,-1,,-0.9675
TCGA-A8-A07C-01,,WT,,3021.28,0.4362,,0,0,,-0.3343,,,NP,,0.4969
TCGA-A8-A07E-01,,WT,,2894.27,0.2976,-0.03,0,0,,-0.49,,,0,,0.3879
TCGA-A8-A07F-01,,WT,,3663.74,1.1372,-0.024,0,0,,0.3647,,,0,,0.9862
TCGA-A8-A07G-01,,WT,,2483.17,-0.151,-0.073,0,0,,-1.0454,,,0,,-0.0008
TCGA-A8-A07I-01,,WT,,2554.07,-0.0736,-0.043,0,0,,-0.9433,,,0,,0.0706
TCGA-A8-A07J-01,,WT,,2560.55,-0.0666,-0.046,0,0,,-0.9341,,,0,,0.077
TCGA-A8-A07L-01,,WT,,2708.02,0.0944,-0.474,0,0,,-0.7311,,,-1,,0.2191
TCGA-A8-A07O-01,,WT,,2686.3,0.0707,0.002,0,0,,-0.7603,,,0,,0.1987
TCGA-A8-A07P-01,,WT,,3012.44,0.4265,0.106,0,0,,-0.3449,,,1,,0.4895
TCGA-A8-A07R-01,,WT,,3112.85,0.5361,0.354,0,0,,-0.2261,,,1,,0.5727
TCGA-A8-A07S-01,,NP,,2400.47,-0.2412,-0.024,0,0,NP,-1.1681,,,0,,-0.0868
TCGA-A8-A07U-01,,WT,,2775.08,0.1675,-0.031,0,0,,-0.6425,,,0,,0.2812
TCGA-A8-A07W-01,,WT,,2604.59,-0.0185,0.16,0,0,,-0.8723,,,1,,0.1203
TCGA-A8-A07Z-01,,WT,,2142.12,-0.5232,0.262,0,0,,-1.5809,,,1,,-0.3757
TCGA-A8-A081-01,,N412Y,,4063.2,1.5731,-0.096,1,1,,0.7398,,,0,,1.2489
TCGA-A8-A082-01,,WT,,2229.2,-0.4281,-0.034,0,0,,-1.4365,,,0,,-0.2746
TCGA-A8-A083-01,,WT,,2437.92,-0.2004,0.042,0,0,,-1.112,,,0,,-0.0475
TCGA-A8-A085-01,,WT,,4383.51,1.9226,0.923,1,1,,1.0149,,,2,,1.4415
TCGA-A8-A086-01,,WT,,2670.21,0.0531,0.122,0,0,,-0.7821,,,1,,0.1835
TCGA-A8-A08A-01,,WT,,1880.35,-0.8088,0.008,0,0,,-2.0533,,,0,,-0.7065
TCGA-A8-A08B-01,,WT,,2325.09,-0.3235,-0.41,0,0,,-1.2838,,,-1,,-0.1678
TCGA-A8-A08C-01,,NP,,3429.06,0.8811,0.265,0,0,NP,0.1247,,,1,,0.8182
TCGA-A8-A08G-01,,WT,,2764.74,0.1562,0.039,0,0,,-0.656,-0.3599,-0.8369,0,,0.2717
TCGA-A8-A08H-01,,WT,,2579.35,-0.0461,0.0,0,0,,-0.9076,,,0,,0.0956
TCGA-A8-A08I-01,,WT,,4330.87,1.8652,-0.395,0,0,,0.9711,,,-1,,1.4108
TCGA-A8-A08J-01,,WT,,2436.46,-0.202,0.052,0,0,,-1.1142,,,0,,-0.049
TCGA-A8-A08L-01,,WT,,2353.74,-0.2922,-0.143,0,0,,-1.2394,,,-1,,-0.1367
TCGA-A8-A08O-01,,WT,,3634.7,1.1055,-0.247,0,0,,0.3358,,,-1,,0.9661
TCGA-A8-A08P-01,,WT,,2025.33,-0.6506,0.417,0,0,,-1.7841,,,1,,-0.518
TCGA-A8-A08R-01,,WT,,2704.41,0.0904,0.468,0,0,,-0.736,,,1,,0.2158
TCGA-A8-A08T-01,,WT,,3892.85,1.3872,0.132,0,0,,0.5846,,,1,,1.1402
TCGA-A8-A08X-01,,WT,,1846.12,-0.8461,0.012,0,0,,-2.1199,,,0,,-0.7531
TCGA-A8-A08Z-01,,WT,,2819.19,0.2157,0.0,0,0,,-0.5853,0.0443,0.4841,0,,0.3212
TCGA-A8-A090-01,,WT,,2828.96,0.2263,-0.172,0,0,,-0.5728,,,-1,,0.33
TCGA-A8-A091-01,,WT,,5373.81,3.0032,0.172,0,0,,1.7534,,,1,,1.9585
TCGA-A8-A092-01,,WT,,2937.83,0.3451,0.071,0,0,,-0.4359,,,0,,0.4258
TCGA-A8-A093-01,,WT,,3137.11,0.5626,0.201,0,0,,-0.1979,,,1,,0.5924
TCGA-A8-A094-01,,WT,,2763.27,0.1546,-0.467,0,0,,-0.6579,,,-1,,0.2704
TCGA-A8-A095-01,,WT,,3173.42,0.6022,0.107,0,0,,-0.1562,,,1,,0.6216
TCGA-A8-A096-01,,WT,,2815.47,0.2116,-0.005,0,0,,-0.5901,,,0,,0.3179
TCGA-A8-A097-01,,WT,,2528.38,-0.1017,-0.382,0,0,,-0.98,,,-1,,0.045
TCGA-A8-A099-01,,WT,,3285.33,0.7243,-0.111,0,0,,-0.0306,,,-1,,0.7096
TCGA-A8-A09A-01,,WT,,3256.0,0.6923,0.021,0,0,,-0.0631,,,0,,0.6868
TCGA-A8-A09B-01,,WT,,2507.08,-0.1249,0.0,0,0,,-1.0106,,,0,,0.0235
TCGA-A8-A09C-01,,WT,,2357.46,-0.2882,-0.046,0,0,,-1.2337,,,0,,-0.1327
TCGA-A8-A09D-01,,WT,,2617.88,-0.004,-0.032,0,0,,-0.8539,,,0,,0.1332
TCGA-A8-A09G-01,,WT,,2202.02,-0.4578,-0.108,0,0,,-1.4809,-0.5676,-1.5158,-1,,-0.3058
TCGA-A8-A09I-01,,WT,,2153.18,-0.5111,-0.065,0,0,,-1.5622,-0.2304,-0.4137,0,,-0.3627
TCGA-A8-A09M-01,,WT,,2472.84,-0.1623,0.083,0,0,,-1.0605,,,0,,-0.0114
TCGA-A8-A09N-01,,WT,,3614.23,1.0832,-0.141,0,0,,0.3153,,,-1,,0.9517
TCGA-A8-A09Q-01,,WT,,2976.12,0.3869,-0.166,0,0,,-0.3889,,,-1,,0.4587
TCGA-A8-A09R-01,,WT,,3031.02,0.4468,0.01,0,0,,-0.3227,,,0,,0.5051
TCGA-A8-A09T-01,,WT,,3084.12,0.5047,-0.099,0,0,,-0.2597,,,0,,0.5492
TCGA-A8-A09V-01,,WT,,4458.62,2.0046,0.017,0,0,,1.0765,,,0,,1.4846
TCGA-A8-A09W-01,,WT,,2553.31,-0.0745,0.264,0,0,,-0.9444,,,1,,0.0698
TCGA-A8-A09X-01,,WT,,2007.24,-0.6703,0.061,0,0,,-1.8166,,,0,,-0.5408
TCGA-A8-A09Z-01,,WT,,2212.71,-0.4461,-0.043,0,0,,-1.4634,,,0,,-0.2935
TCGA-A8-A0A1-01,,WT,,2706.83,0.0931,-0.002,0,0,,-0.7327,,,0,,0.218
TCGA-A8-A0A2-01,,WT,,3155.16,0.5823,-0.077,0,0,,-0.1771,,,0,,0.607
TCGA-A8-A0A4-01,,WT,,3494.58,0.9526,-0.078,0,0,,0.1933,,,0,,0.8663
TCGA-A8-A0A6-01,,WT,,3392.47,0.8412,-0.028,0,0,,0.0858,,,0,,0.791
TCGA-A8-A0A7-01,,WT,,2491.56,-0.1418,0.027,0,0,,-1.0331,,,0,,0.0077
TCGA-A8-A0A9-01,,WT,,2277.09,-0.3759,0.072,0,0,,-1.3594,,,0,,-0.2207
TCGA-A8-A0AB-01,,WT,,3683.54,1.1588,-0.101,0,0,,0.3842,,,-1,,0.9999
TCGA-A8-A0AD-01,,WT,,3017.86,0.4324,-0.125,0,0,,-0.3384,,,-1,,0.4941
TCGA-AA-3488-01,,NP,,1666.7632,-0.7993,-0.084,0,0,NP,-1.639,,,0,,-0.913
TCGA-AA-3489-01,,WT,,1932.85,-0.5233,0.007,0,0,,-0.7367,,,0,,-0.5431
TCGA-AA-3492-01,,WT,,2216.01,-0.2295,-0.01,0,0,,0.0961,,,0,,-0.2017
TCGA-AA-3494-01,,NP,,2638.345,0.2086,0.017,0,0,NP,1.1589,,,0,,0.234
TCGA-AA-3495-01,,NP,,1945.68,-0.51,0.094,0,0,NP,-0.6964,,,0,,-0.5266
TCGA-AA-3496-01,,WT,,2202.74,-0.2433,0.076,0,0,,0.0595,,,0,,-0.2167
TCGA-AA-3502-01,,WT,,2142.03,-0.3063,0.074,0,0,,-0.1107,,,0,,-0.2865
TCGA-AA-3506-01,,WT,,1734.58,-0.7289,0.11,0,0,,-1.3961,,,1,,-0.8134
TCGA-AA-3510-01,,R1012Q,,1755.8168,-0.7069,0.003,1,1,,-1.3219,,,0,,-0.783
TCGA-AA-3511-01,,WT,,1829.47,-0.6305,-0.075,0,0,,-1.0716,,,0,,-0.6804
TCGA-AA-3514-01,,WT,,789.7098,-1.7091,0.034,0,0,,-6.1878,,,0,,-2.7778
TCGA-AA-3517-01,,WT,,2158.6957,-0.289,-0.144,0,0,,-0.0635,,,-1,,-0.2671
TCGA-AA-3518-01,,NP,-1.8105,2059.9717,-0.3914,-0.01,0,0,NP,-0.3487,0.0,,0,,-0.384
TCGA-AA-3519-01,,WT,,2955.0791,0.5371,-0.108,0,0,,1.8497,,,-1,,0.5172
TCGA-AA-3520-01,,WT,,1858.634,-0.6003,-0.072,0,0,,-0.9753,,,0,,-0.6409
TCGA-AA-3521-01,,WT,,2603.8386,0.1728,0.184,0,0,,1.0787,,,1,,0.2012
TCGA-AA-3522-01,,WT,,3134.3987,0.7231,-0.114,0,0,,2.2086,,,-1,,0.6644
TCGA-AA-3524-01,,WT,,3004.0968,0.588,0.116,0,0,,1.9499,,,1,,0.5583
TCGA-AA-3525-01,,NP,0.4705,1986.1367,-0.468,0.016,0,0,NP,-0.5711,21.5632,,0,,-0.4752
TCGA-AA-3526-01,,WT,-1.8105,1730.65,-0.733,-0.004,0,0,,-1.4099,0.0,,0,,-0.8191
TCGA-AA-3527-01,,WT,,727.7434,-1.7734,0.03,0,0,,-6.6852,,,0,,-2.9817
TCGA-AA-3529-01,,WT,0.6024,2090.729,-0.3595,0.107,0,0,,-0.2584,22.81,,1,,-0.347
TCGA-AA-3530-01,,WT,,4421.6627,2.0585,-0.065,0,0,,4.3052,,,0,,1.5239
TCGA-AA-3531-01,,WT,-1.8105,2452.7975,0.0161,-0.069,0,0,,0.7146,0.0,,0,,0.0519
TCGA-AA-3532-01,,WT,,2259.9496,-0.184,0.089,0,0,,0.2157,,,0,,-0.1526
TCGA-AA-3534-01,,WT,0.5423,2910.6549,0.491,0.265,0,0,,1.7574,22.2421,,1,,0.4794
TCGA-AA-3538-01,,WT,,4116.4657,1.7419,0.006,0,0,,3.8694,,,0,,1.3452
TCGA-AA-3542-01,,NP,,880.7198,-1.6147,0.099,0,0,NP,-5.5237,,,0,,-2.5056
TCGA-AA-3543-01,,NP,,1734.942,-0.7286,0.039,0,0,NP,-1.3948,,,0,,-0.8129
TCGA-AA-3544-01,,WT,,1126.4574,-1.3598,0.08,0,0,,-4.0253,,,0,,-1.8913
TCGA-AA-3548-01,,WT,,1082.4883,-1.4054,-0.114,0,0,,-4.2678,,,-1,,-1.9907
TCGA-AA-3549-01,,WT,,3663.6835,1.2722,-0.083,0,0,,3.1594,,,0,,1.0541
TCGA-AA-3552-01,,NP,0.5172,1787.211,-0.6744,-0.04,0,0,NP,-1.214,22.0044,,0,,-0.7387
TCGA-AA-3553-01,,NP,,2875.9842,0.4551,0.096,0,0,NP,1.6844,,,0,,0.4495
TCGA-AA-3555-01,,NP,,2829.0203,0.4064,-0.002,0,0,NP,1.5841,,,0,,0.4083
TCGA-AA-3558-01,,WT,0.635,,,0.149,0,0,,,23.1187,,1,,
TCGA-AA-3560-01,,WT,,1947.494,-0.5081,-0.064,0,0,,-0.6908,,,0,,-0.5243
TCGA-AA-3561-01,,WT,-1.8105,1810.7746,-0.6499,0.002,0,0,,-1.1342,0.0,,0,,-0.706
TCGA-AA-3655-01,,WT,,2915.62,0.4962,-0.092,0,0,,1.7678,,,0,,0.4837
TCGA-AA-3660-01,,WT,,3540.58,1.1445,0.23,0,0,,2.9511,,,1,,0.9688
TCGA-AA-3663-01,,WT,,1506.59,-0.9655,0.063,0,0,,-2.2544,,,0,,-1.1653
TCGA-AA-3664-01,,WT,0.5333,4697.3955,2.3445,0.816,0,0,,4.6739,22.1571,,1,,1.675
TCGA-AA-3666-01,,WT,0.981,3234.1508,0.8266,-0.097,0,0,,2.3995,26.3888,,0,,0.7426
TCGA-AA-3667-01,,WT,,744.8486,-1.7556,0.089,0,0,,-6.5438,,,0,,-2.9237
TCGA-AA-3673-01,,WT,,2927.5656,0.5086,0.0,0,0,,1.7927,,,0,,0.4939
TCGA-AA-3675-01,,WT,,1642.0,-0.825,0.073,0,0,,-1.7302,,,0,,-0.9504
TCGA-AA-3678-01,,WT,,1973.5977,-0.481,-0.367,0,0,,-0.6097,,,-1,,-0.491
TCGA-AA-3679-01,,WT,,3062.3394,0.6484,1.03,0,0,,2.0669,,,1,,0.6063
TCGA-AA-3680-01,,WT,,2714.9271,0.288,0.0,0,0,,1.3333,,,0,,0.3055
TCGA-AA-3681-01,,WT,,3059.8222,0.6458,0.099,0,0,,2.0619,,,0,,0.6042
TCGA-AA-3684-01,,WT,-1.8105,935.9562,-1.5574,0.08,0,0,,-5.1534,0.0,,0,,-2.3538
TCGA-AA-3685-01,,WT,,2437.62,0.0003,-0.015,0,0,,0.6768,,,0,,0.0364
TCGA-AA-3688-01,,WT,,3849.9019,1.4654,-0.04,0,0,,3.4615,,,0,,1.178
TCGA-AA-3692-01,,WT,,2631.2958,0.2013,-0.091,0,0,,1.1426,,,0,,0.2274
TCGA-AA-3693-01,,WT,,2602.2155,0.1711,0.014,0,0,,1.0749,,,0,,0.1996
TCGA-AA-3695-01,,WT,0.6842,1689.7157,-0.7755,-0.096,0,0,,-1.5557,23.5838,,0,,-0.8788
TCGA-AA-3696-01,,WT,,3411.7024,1.0108,0.156,0,0,,2.7252,,,1,,0.8761
TCGA-AA-3710-01,,NP,0.4728,1754.9033,-0.7079,0.048,0,0,NP,-1.3251,21.5854,,0,,-0.7843
TCGA-AA-3712-01,,WT,,4072.52,1.6963,0.675,0,0,,3.804,,,1,,1.3184
TCGA-AA-3713-01,,WT,,2601.7,0.1706,0.039,0,0,,1.0737,,,0,,0.1991
TCGA-AA-3715-01,,WT,-1.8105,971.1115,-1.5209,0.043,0,0,,-4.9289,0.0,,0,,-2.2617
TCGA-AA-3811-01,,WT,,3702.5988,1.3126,0.235,0,0,,3.2238,,,1,,1.0805
TCGA-AA-3812-01,,WT,,1123.5085,-1.3628,0.14,0,0,,-4.0413,,,1,,-1.8978
TCGA-AA-3814-01,,WT,,3885.178,1.502,0.24,0,0,,3.5171,,,1,,1.2008
TCGA-AA-3818-01,,WT,0.585,3398.6162,0.9972,0.131,0,0,,2.7018,22.6461,,1,,0.8665
TCGA-AA-3819-01,,WT,,1788.2544,-0.6733,-0.056,0,0,,-1.2104,,,0,,-0.7373
TCGA-AA-3821-01,,F121Lfs*24,,1033.4711,-1.4562,-0.007,1,1,,-4.5499,,,0,,-2.1064
TCGA-AA-3831-01,,WT,,1786.2388,-0.6754,0.004,0,0,,-1.2173,,,0,,-0.7401
TCGA-AA-3833-01,,WT,,1570.1393,-0.8995,-0.003,0,0,,-2.0028,,,0,,-1.0621
TCGA-AA-3837-01,,WT,,2475.5357,0.0397,-0.13,0,0,,0.7708,,,-1,,0.0749
TCGA-AA-3841-01,,WT,,1935.8432,-0.5202,-0.097,0,0,,-0.7273,,,0,,-0.5392
TCGA-AA-3842-01,,WT,,3852.2349,1.4678,-0.02,0,0,,3.4652,,,0,,1.1795
TCGA-AA-3844-01,,WT,,3735.261,1.3464,0.162,0,0,,3.2773,,,1,,1.1025
TCGA-AA-3845-01,,WT,,3053.1053,0.6388,0.043,0,0,,2.0485,,,0,,0.5987
TCGA-AA-3846-01,,WT,,3480.6346,1.0823,0.059,0,0,,2.8471,,,0,,0.9261
TCGA-AA-3848-01,,WT,0.8888,1621.6051,-0.8461,-0.074,0,0,,-1.8063,25.5179,,0,,-0.9816
TCGA-AA-3850-01,,WT,,1594.4692,-0.8743,0.01,0,0,,-1.9091,,,0,,-1.0237
TCGA-AA-3851-01,,WT,,2830.568,0.408,0.001,0,0,,1.5874,,,0,,0.4097
TCGA-AA-3852-01,,WT,,1426.665,-1.0484,0.135,0,0,,-2.5864,,,1,,-1.3014
TCGA-AA-3854-01,,WT,,1613.8675,-0.8542,0.042,0,0,,-1.8354,,,0,,-0.9935
TCGA-AA-3855-01,,WT,,1868.4105,-0.5901,0.009,0,0,,-0.9433,,,0,,-0.6278
TCGA-AA-3856-01,,WT,,2883.9267,0.4633,0.033,0,0,,1.7012,,,0,,0.4563
TCGA-AA-3858-01,,WT,,1691.9734,-0.7731,0.027,0,0,,-1.5475,,,0,,-0.8755
TCGA-AA-3864-01,,WT,0.7174,2521.4661,0.0873,0.009,0,0,,0.8829,23.8976,,0,,0.1209
TCGA-AA-3866-01,,WT,,2794.7517,0.3708,0.0,0,0,,1.5098,,,0,,0.3779
TCGA-AA-3867-01,,WT,,3020.3011,0.6048,0.018,0,0,,1.9827,,,0,,0.5718
TCGA-AA-3869-01,,NP,,2889.5312,0.4691,0.115,0,0,NP,1.713,,,1,,0.4612
TCGA-AA-3870-01,,NP,,2326.767,-0.1146,-0.013,0,0,NP,0.3933,,,0,,-0.0799
TCGA-AA-3872-01,,NP,,2661.553,0.2326,0.199,0,0,NP,1.2123,,,1,,0.2559
TCGA-AA-3875-01,,WT,,2359.6717,-0.0805,-0.043,0,0,,0.4788,,,0,,-0.0448
TCGA-AA-3877-01,,WT,,2022.2834,-0.4305,0.025,0,0,,-0.4612,,,0,,-0.4301
TCGA-AA-3930-01,,NP,,2893.6937,0.4735,-0.052,0,0,NP,1.7218,,,0,,0.4648
TCGA-AA-3939-01,,NP,,3048.3254,0.6339,0.0,0,0,NP,2.039,,,0,,0.5948
TCGA-AA-3941-01,,NP,,3651.0958,1.2591,0.255,0,0,NP,3.1384,,,1,,1.0456
TCGA-AA-3947-01,,WT,,3686.6432,1.296,0.012,0,0,,3.1974,,,0,,1.0698
TCGA-AA-3949-01,,WT,,2034.3972,-0.4179,0.017,0,0,,-0.4248,,,0,,-0.4152
TCGA-AA-3950-01,,WT,,2591.4136,0.1599,0.04,0,0,,1.0496,,,0,,0.1892
TCGA-AA-3952-01,,WT,,1701.7515,-0.763,-0.18,0,0,,-1.5124,,,-1,,-0.8611
TCGA-AA-3955-01,,WT,,3869.7133,1.4859,0.066,0,0,,3.4928,,,0,,1.1908
TCGA-AA-3956-01,,WT,,3533.6208,1.1373,0.03,0,0,,2.9391,,,0,,0.9639
TCGA-AA-3966-01,,WT,,2011.8657,-0.4413,-0.378,0,0,,-0.4927,,,-1,,-0.443
TCGA-AA-3968-01,,WT,,4106.1956,1.7312,-0.123,0,0,,3.8542,,,-1,,1.339
TCGA-AA-3971-01,,WT,,3375.3492,0.9731,0.098,0,0,,2.6599,,,0,,0.8494
TCGA-AA-3973-01,,WT,,5215.1749,2.8816,-0.03,0,0,,5.3111,,,0,,1.9363
TCGA-AA-3975-01,,WT,,2784.6216,0.3603,0.042,0,0,,1.4877,,,0,,0.3688
TCGA-AA-3976-01,,WT,,3201.3426,0.7926,0.066,0,0,,2.3374,,,0,,0.7172
TCGA-AA-3977-01,,WT,,2624.9929,0.1947,-0.009,0,0,,1.128,,,0,,0.2214
TCGA-AA-3979-01,,WT,,2560.843,0.1282,-0.13,0,0,,0.9773,,,-1,,0.1596
TCGA-AA-3980-01,,WT,,3119.5982,0.7078,,0,0,,2.1798,,,NP,,0.6526
TCGA-AA-3982-01,,WT,,3607.0307,1.2134,0.097,0,0,,3.0644,,,0,,1.0152
TCGA-AA-3984-01,,V465F,,4402.7242,2.0388,0.07,1,1,,4.2791,,,0,,1.5132
TCGA-AA-3986-01,,WT,0.3028,2217.0683,-0.2284,0.051,0,0,,0.099,19.978,,0,,-0.2005
TCGA-AA-3989-01,,WT,0.5797,1571.9985,-0.8976,-0.113,0,0,,-1.9955,22.5954,,-1,,-1.0592
TCGA-AA-3994-01,,WT,,1283.107,-1.1973,0.082,0,0,,-3.2323,,,0,,-1.5662
TCGA-AA-A004-01,,WT,0.5823,674.0921,-1.829,0.432,0,0,,-7.1513,22.6198,,1,,-3.1728
TCGA-AA-A00A-01,,NP,0.7582,2266.103,-0.1776,-0.018,0,0,NP,0.2323,24.283,,0,,-0.1458
TCGA-AA-A00D-01,,NP,,3926.987,1.5453,0.216,0,0,NP,3.5823,,,1,,1.2275
TCGA-AA-A00E-01,,NP,-1.8105,413.6999,-2.0992,0.013,0,0,NP,-10.1213,0.0,,0,,-4.3904
TCGA-AA-A00F-01,,NP,0.8661,2311.1759,-0.1308,-0.016,0,0,NP,0.3523,25.303,,0,,-0.0966
TCGA-AA-A00J-01,,NP,0.345,2995.7147,0.5793,-0.02,0,0,NP,1.9329,20.3765,,0,,0.5513
TCGA-AA-A00K-01,,NP,0.4109,3111.3796,0.6993,0.053,0,0,NP,2.1637,20.9999,,0,,0.646
TCGA-AA-A00L-01,,NP,,3362.6733,0.9599,0.048,0,0,NP,2.637,,,0,,0.84
TCGA-AA-A00N-01,,WT,-1.8105,1799.8952,-0.6612,0.027,0,0,,-1.1709,0.0,,0,,-0.7211
TCGA-AA-A00O-01,,NP,0.5599,2437.872,0.0006,-0.087,0,0,NP,0.6774,22.4085,,0,,0.0367
TCGA-AA-A00Q-01,,NP,,2422.5212,-0.0153,-0.09,0,0,NP,0.639,,,0,,0.0209
TCGA-AA-A00R-01,,NP,0.7175,3289.2254,0.8838,0.395,0,0,NP,2.5024,23.8985,,1,,0.7848
TCGA-AA-A00U-01,,NP,0.6502,2188.8424,-0.2577,-0.044,0,0,NP,0.021,23.2624,,0,,-0.2325
TCGA-AA-A00W-01,,NP,,2129.5089,-0.3193,-0.083,0,0,NP,-0.1465,,,0,,-0.3011
TCGA-AA-A00Z-01,,WT,,3695.3236,1.305,-0.017,0,0,,3.2118,,,0,,1.0756
TCGA-AA-A010-01,,E134D,-1.8105,2652.8495,0.2236,-0.01,1,1,,1.1923,0.0,,0,,0.2477
TCGA-AA-A017-01,,WT,0.6897,3895.184,1.5123,0.014,0,0,,3.5327,23.635,,0,,1.2072
TCGA-AA-A01C-01,,WT,0.7584,1994.6004,-0.4592,-0.055,0,0,,-0.5452,24.2845,,0,,-0.4646
TCGA-AA-A01D-01,,NP,0.3935,2713.1436,0.2862,0.059,0,0,NP,1.3292,20.8354,,0,,0.3039
TCGA-AA-A01F-01,,NP,0.2815,2355.7208,-0.0846,-0.229,0,0,NP,0.4686,19.7765,,-1,,-0.049
TCGA-AA-A01G-01,,NP,,2378.8828,-0.0606,0.115,0,0,NP,0.5282,,,1,,-0.0245
TCGA-AA-A01I-01,,WT,0.4927,6055.9495,3.7538,0.095,0,0,,6.2219,21.7728,,0,,2.3097
TCGA-AA-A01K-01,,NP,0.5376,2087.5599,-0.3628,-0.168,0,0,NP,-0.2677,22.1972,,-1,,-0.3508
TCGA-AA-A01P-01,,WT,0.3769,1703.42,-0.7613,0.0,0,0,,-1.5065,20.678,,0,,-0.8587
TCGA-AA-A01Q-01,,NP,,1816.3436,-0.6441,0.021,0,0,NP,-1.1155,,,0,,-0.6984
TCGA-AA-A01R-01,,WT,0.5923,1064.9903,-1.4235,0.058,0,0,,-4.367,22.7144,,0,,-2.0314
TCGA-AA-A01S-01,,WT,0.2519,998.7301,-1.4923,0.078,0,0,,-4.7581,19.4964,,0,,-2.1917
TCGA-AA-A01T-01,,WT,-1.8105,1221.7641,-1.2609,0.193,0,0,,-3.5307,0.0,,1,,-1.6885
TCGA-AA-A01V-01,,WT,0.7003,1173.6893,-1.3108,0.004,0,0,,-3.7752,23.7356,,0,,-1.7887
TCGA-AA-A01X-01,,WT,0.4642,2602.34,0.1712,-0.08,0,0,,1.0752,21.504,,0,,0.1997
TCGA-AA-A01Z-01,,WT,-1.8105,3388.84,0.9871,-0.058,0,0,,2.6842,0.0,,0,,0.8594
TCGA-AA-A022-01,,WT,0.5561,1880.9417,-0.5771,0.086,0,0,,-0.9026,22.3721,,0,,-0.6111
TCGA-AA-A024-01,,WT,0.2945,1460.7366,-1.013,0.003,0,0,,-2.4427,19.8993,,0,,-1.2425
TCGA-AA-A029-01,,NP,-1.8105,1594.6836,-0.8741,0.184,0,0,NP,-1.9083,0.0,,1,,-1.0234
TCGA-AA-A02E-01,,WT,-1.8105,1827.1124,-0.633,-0.037,0,0,,-1.0795,0.0,,0,,-0.6836
TCGA-AA-A02F-01,,WT,,2887.322,0.4668,-0.255,0,0,,1.7084,,,-1,,0.4593
TCGA-AA-A02H-01,,WT,0.5962,3038.2889,0.6234,-0.038,0,0,,2.0189,22.7517,,0,,0.5866
TCGA-AA-A02J-01,,NP,0.4731,4035.159,1.6575,0.043,0,0,NP,3.7479,21.5878,,0,,1.2954
TCGA-AA-A02O-01,,WT,0.6769,1481.5534,-0.9914,0.137,0,0,,-2.3565,23.5144,,1,,-1.2071
TCGA-AA-A02R-01,,WT,0.3778,2266.8662,-0.1768,0.034,0,0,,0.2344,20.6869,,0,,-0.145
TCGA-AA-A02W-01,,WT,,5329.871,3.0006,-0.089,0,0,,5.4436,,,0,,1.9906
TCGA-AA-A02Y-01,,WT,0.5287,2220.08,-0.2253,0.141,0,0,,0.1073,22.1131,,1,,-0.1971
TCGA-AA-A03F-01,,WT,-1.8105,517.8016,-1.9912,0.008,0,0,,-8.7563,0.0,,0,,-3.8308
TCGA-AA-A03J-01,,WT,0.4062,1278.0597,-1.2025,0.026,0,0,,-3.2564,20.9558,,0,,-1.576
TCGA-AB-2802-03,,WT,,,,,0,0,,,,,NP,,
TCGA-AB-2803-03,,WT,,3406.0343,-0.3581,0.017,0,0,,,,,0,,-0.0984
TCGA-AB-2804-03,,WT,,,,-0.005,0,0,,,,,0,,
TCGA-AB-2805-03,,WT,,5700.414,1.5955,0.003,0,0,,,,,0,,1.0094
TCGA-AB-2806-03,,WT,,5886.1175,1.7537,0.01,0,0,,,,,0,,1.0784
TCGA-AB-2807-03,,WT,,4994.4199,0.9944,0.018,0,0,,,,,0,,0.725
TCGA-AB-2808-03,,WT,,5157.0662,1.1329,-0.004,0,0,,,,,0,,0.7939
TCGA-AB-2809-03,,WT,,,,0.0,0,0,,,,,0,,
TCGA-AB-2810-03,,WT,,1769.3972,-1.7517,0.0,0,0,,,,,0,,-1.507
TCGA-AB-2811-03,,WT,,2494.8001,-1.134,-0.005,0,0,,,,,0,,-0.7681
TCGA-AB-2812-03,,WT,,5159.1747,1.1347,0.015,0,0,,,,,0,,0.7948
TCGA-AB-2813-03,,WT,,5016.6797,1.0133,-0.155,0,0,,,,,-1,,0.7345
TCGA-AB-2814-03,,WT,,6039.3084,1.8841,0.003,0,0,,,,,0,,1.1336
TCGA-AB-2815-03,,WT,,4286.8443,0.3919,-0.012,0,0,,,,,0,,0.3963
TCGA-AB-2816-03,,WT,,2908.2523,-0.782,0.005,0,0,,,,,0,,-0.4383
TCGA-AB-2817-03,,WT,,3597.1642,-0.1954,-0.068,0,0,,,,,0,,0.019
TCGA-AB-2818-03,,WT,,4868.3258,0.887,0.014,0,0,,,,,0,,0.6699
TCGA-AB-2819-03,,WT,,4149.5902,0.275,0.003,0,0,,,,,0,,0.3263
TCGA-AB-2820-03,,WT,,3671.48,-0.1321,0.278,0,0,,,,,1,,0.063
TCGA-AB-2821-03,,WT,,4357.742,0.4523,0.028,0,0,,,,,0,,0.4316
TCGA-AB-2822-03,,WT,,6298.8368,2.1051,0.036,0,0,,,,,0,,1.2241
TCGA-AB-2823-03,,WT,,4433.3495,0.5166,0.029,0,0,,,,,0,,0.4686
TCGA-AB-2824-03,,WT,,3903.0874,0.0651,-0.002,0,0,,,,,0,,0.1946
TCGA-AB-2825-03,,WT,,3529.3383,-0.2531,0.0,0,0,,,,,0,,-0.0219
TCGA-AB-2826-03,,WT,,3566.6516,-0.2214,0.002,0,0,,,,,0,,0.0007
TCGA-AB-2827-03,,WT,,,,0.005,0,0,,,,,0,,
TCGA-AB-2828-03,,WT,,4496.4534,0.5704,-0.004,0,0,,,,,0,,0.499
TCGA-AB-2829-03,,WT,,,,-0.051,0,0,,,,,0,,
TCGA-AB-2830-03,,WT,,4116.1601,0.2465,0.026,0,0,,,,,0,,0.3089
TCGA-AB-2831-03,,WT,,,,-0.002,0,0,,,,,0,,
TCGA-AB-2832-03,,WT,,2015.9803,-1.5417,-0.003,0,0,,,,,0,,-1.2264
TCGA-AB-2833-03,,WT,,3595.3107,-0.197,,0,0,,,,,NP,,0.0179
TCGA-AB-2834-03,,WT,,4328.601,0.4274,-0.029,0,0,,,,,0,,0.4172
TCGA-AB-2835-03,,WT,,2906.2941,-0.7836,-0.007,0,0,,,,,0,,-0.4397
TCGA-AB-2836-03,,WT,,3477.3685,-0.2974,0.0,0,0,,,,,0,,-0.0539
TCGA-AB-2837-03,,WT,,3895.0898,0.0583,0.001,0,0,,,,,0,,0.1902
TCGA-AB-2838-03,,WT,,4978.5232,0.9808,-0.038,0,0,,,,,0,,0.7181
TCGA-AB-2839-03,,WT,,5467.212,1.397,0.003,0,0,,,,,0,,0.9195
TCGA-AB-2840-03,,WT,,2519.8338,-1.1127,-0.002,0,0,,,,,0,,-0.7466
TCGA-AB-2841-03,,WT,,2649.1731,-1.0026,0.004,0,0,,,,,0,,-0.639
TCGA-AB-2842-03,,WT,,6399.3211,2.1906,-0.006,0,0,,,,,0,,1.2582
TCGA-AB-2843-03,,WT,,3609.0486,-0.1853,,0,0,,,,,NP,,0.0261
TCGA-AB-2844-03,,WT,,3915.1425,0.0754,-0.003,0,0,,,,,0,,0.2012
TCGA-AB-2845-03,,WT,,3624.2579,-0.1723,0.001,0,0,,,,,0,,0.0351
TCGA-AB-2846-03,,WT,,4160.9385,0.2847,0.003,0,0,,,,,0,,0.3322
TCGA-AB-2847-03,,WT,,3376.3485,-0.3834,,0,0,,,,,NP,,-0.1173
TCGA-AB-2848-03,,WT,,3295.3681,-0.4524,-0.014,0,0,,,,,0,,-0.1695
TCGA-AB-2849-03,,WT,,6792.5221,2.5254,0.039,0,0,,,,,0,,1.3865
TCGA-AB-2850-03,,X1156_splice,,,,0.009,1,1,,,,,0,,
TCGA-AB-2851-03,,WT,,3293.358,-0.4541,0.003,0,0,,,,,0,,-0.1708
TCGA-AB-2853-03,,WT,,5811.9273,1.6905,0.002,0,0,,,,,0,,1.0511
TCGA-AB-2854-03,,WT,,3082.064,-0.634,-0.002,0,0,,,,,0,,-0.3134
TCGA-AB-2855-03,,WT,,3785.9006,-0.0347,0.036,0,0,,,,,0,,0.129
TCGA-AB-2856-03,,WT,,1559.3295,-1.9306,-0.002,0,0,,,,,0,,-1.7788
TCGA-AB-2857-03,,WT,,4992.6365,0.9929,-0.111,0,0,,,,,-1,,0.7242
TCGA-AB-2858-03,,WT,,4131.8368,0.2599,0.005,0,0,,,,,0,,0.3171
TCGA-AB-2859-03,,WT,,4364.5509,0.458,-0.002,0,0,,,,,0,,0.435
TCGA-AB-2860-03,,WT,,4077.7911,0.2139,-0.054,0,0,,,,,0,,0.2888
TCGA-AB-2861-03,,WT,,2494.8183,-1.134,0.041,0,0,,,,,0,,-0.7681
TCGA-AB-2862-03,,WT,,2496.9715,-1.1322,0.003,0,0,,,,,0,,-0.7662
TCGA-AB-2863-03,,WT,,5837.276,1.7121,0.06,0,0,,,,,0,,1.0604
TCGA-AB-2864-03,,WT,,,,0.049,0,0,,,,,0,,
TCGA-AB-2865-03,,WT,,3944.18,0.1001,0.027,0,0,,,,,0,,0.2171
TCGA-AB-2866-03,,WT,,2624.6186,-1.0235,0.001,0,0,,,,,0,,-0.659
TCGA-AB-2867-03,,WT,,5708.3956,1.6023,0.001,0,0,,,,,0,,1.0124
TCGA-AB-2868-03,,WT,,3819.9885,-0.0056,-0.016,0,0,,,,,0,,0.1483
TCGA-AB-2869-03,,WT,,3578.6189,-0.2112,0.006,0,0,,,,,0,,0.0079
TCGA-AB-2870-03,,WT,,3234.3247,-0.5043,-0.004,0,0,,,,,0,,-0.2097
TCGA-AB-2871-03,,X472_splice,,1735.808,-1.7803,-0.003,1,1,,,,,0,,-1.5482
TCGA-AB-2872-03,,WT,,2607.8402,-1.0378,-0.028,0,0,,,,,0,,-0.6728
TCGA-AB-2873-03,,WT,,3454.8437,-0.3166,0.006,0,0,,,,,0,,-0.0678
TCGA-AB-2874-03,,WT,,5456.7939,1.3881,-0.067,0,0,,,,,0,,0.9154
TCGA-AB-2875-03,,WT,,4362.8101,0.4566,-0.007,0,0,,,,,0,,0.4341
TCGA-AB-2876-03,,WT,,,,,0,0,,,,,NP,,
TCGA-AB-2877-03,,WT,,2741.3779,-0.9241,0.007,0,0,,,,,0,,-0.5654
TCGA-AB-2878-03,,WT,,,,-0.003,0,0,,,,,0,,
TCGA-AB-2879-03,,WT,,3275.3764,-0.4694,0.006,0,0,,,,,0,,-0.1826
TCGA-AB-2880-03,,WT,,3661.0968,-0.1409,-0.004,0,0,,,,,0,,0.0569
TCGA-AB-2881-03,,WT,,4289.8367,0.3944,0.005,0,0,,,,,0,,0.3978
TCGA-AB-2882-03,,WT,,4465.0658,0.5436,-0.037,0,0,,,,,0,,0.4839
TCGA-AB-2883-03,,WT,,,,0.238,0,0,,,,,1,,
TCGA-AB-2884-03,,WT,,3049.2132,-0.662,0.006,0,0,,,,,0,,-0.3365
TCGA-AB-2885-03,,WT,,5788.3396,1.6704,-0.169,0,0,,,,,-1,,1.0423
TCGA-AB-2886-03,,WT,,4255.077,0.3648,-0.019,0,0,,,,,0,,0.3803
TCGA-AB-2887-03,,WT,,4350.4796,0.4461,-0.027,0,0,,,,,0,,0.428
TCGA-AB-2888-03,,WT,,3812.4339,-0.0121,-0.014,0,0,,,,,0,,0.144
TCGA-AB-2889-03,,WT,,3994.8425,0.1432,-0.015,0,0,,,,,0,,0.2446
TCGA-AB-2890-03,,WT,,4062.0305,0.2005,0.008,0,0,,,,,0,,0.2804
TCGA-AB-2891-03,,WT,,4284.5137,0.3899,,0,0,,,,,NP,,0.3951
TCGA-AB-2892-03,,WT,,,,0.001,0,0,,,,,0,,
TCGA-AB-2893-03,,WT,,,,-0.004,0,0,,,,,0,,
TCGA-AB-2894-03,,WT,,,,-0.042,0,0,,,,,0,,
TCGA-AB-2895-03,,WT,,3674.3687,-0.1296,0.003,0,0,,,,,0,,0.0647
TCGA-AB-2896-03,,WT,,3468.3697,-0.305,0.011,0,0,,,,,0,,-0.0594
TCGA-AB-2897-03,,WT,,3081.8637,-0.6342,0.007,0,0,,,,,0,,-0.3136
TCGA-AB-2898-03,,WT,,3885.2582,0.0499,0.045,0,0,,,,,0,,0.1847
TCGA-AB-2899-03,,WT,,3649.1144,-0.1511,0.01,0,0,,,,,0,,0.0498
TCGA-AB-2900-03,,WT,,2872.4559,-0.8125,-0.007,0,0,,,,,0,,-0.4649
TCGA-AB-2901-03,,WT,,3983.5526,0.1336,0.089,0,0,,,,,0,,0.2385
TCGA-AB-2903-03,,WT,,3781.4782,-0.0384,0.003,0,0,,,,,0,,0.1265
TCGA-AB-2904-03,,WT,,4067.0119,0.2047,0.045,0,0,,,,,0,,0.2831
TCGA-AB-2905-03,,WT,,,,0.0,0,0,,,,,0,,
TCGA-AB-2906-03,,WT,,,,0.001,0,0,,,,,0,,
TCGA-AB-2907-03,,WT,,,,-0.003,0,0,,,,,0,,
TCGA-AB-2908-03,,WT,,3182.2852,-0.5486,-0.058,0,0,,,,,0,,-0.2446
TCGA-AB-2909-03,,WT,,3969.966,0.1221,-0.013,0,0,,,,,0,,0.2311
TCGA-AB-2910-03,,WT,,1594.8569,-1.9003,0.033,0,0,,,,,0,,-1.7303
TCGA-AB-2911-03,,WT,,2463.139,-1.161,0.008,0,0,,,,,0,,-0.7956
TCGA-AB-2912-03,,WT,,6251.622,2.0649,0.029,0,0,,,,,0,,1.208
TCGA-AB-2913-03,,X755_splice,,5157.4011,1.1332,0.037,1,1,,,,,0,,0.794
TCGA-AB-2914-03,,WT,,5457.1285,1.3884,0.0,0,0,,,,,0,,0.9156
TCGA-AB-2915-03,,WT,,3424.6626,-0.3423,-0.003,0,0,,,,,0,,-0.0867
TCGA-AB-2916-03,,WT,,4822.0058,0.8476,0.038,0,0,,,,,0,,0.6494
TCGA-AB-2917-03,,WT,,6220.1432,2.0381,0.0,0,0,,,,,0,,1.1971
TCGA-AB-2918-03,,WT,,2800.0918,-0.8741,,0,0,,,,,NP,,-0.5198
TCGA-AB-2919-03,,WT,,3265.844,-0.4775,0.012,0,0,,,,,0,,-0.1888
TCGA-AB-2920-03,,WT,,63.6761,-3.2041,-1.29,1,1,,,,,-2,,-8.6281
TCGA-AB-2921-03,,WT,,3042.0217,-0.6681,0.002,0,0,,,,,0,,-0.3416
TCGA-AB-2922-03,,WT,,,,-0.004,0,0,,,,,0,,
TCGA-AB-2923-03,,WT,,,,-0.004,0,0,,,,,0,,
TCGA-AB-2924-03,,WT,,4081.0303,0.2166,-0.005,0,0,,,,,0,,0.2905
TCGA-AB-2925-03,,WT,,2203.2302,-1.3823,-0.012,0,0,,,,,0,,-1.0354
TCGA-AB-2926-03,,WT,,,,0.04,0,0,,,,,0,,
TCGA-AB-2927-03,,WT,,2947.5588,-0.7485,0.003,0,0,,,,,0,,-0.4094
TCGA-AB-2928-03,,WT,,4640.3988,0.6929,-0.069,0,0,,,,,0,,0.5668
TCGA-AB-2929-03,,WT,,4545.8818,0.6125,-0.617,0,0,,,,,-1,,0.5225
TCGA-AB-2930-03,,WT,,3323.4341,-0.4285,0.005,0,0,,,,,0,,-0.1512
TCGA-AB-2931-03,,WT,,3169.7925,-0.5593,0.005,0,0,,,,,0,,-0.2531
TCGA-AB-2932-03,,WT,,2938.6434,-0.7561,-0.01,0,0,,,,,0,,-0.4159
TCGA-AB-2933-03,,WT,,3962.5145,0.1157,0.005,0,0,,,,,0,,0.2271
TCGA-AB-2934-03,,WT,,2712.0658,-0.949,-0.015,0,0,,,,,0,,-0.5885
TCGA-AB-2935-03,,WT,,2964.7877,-0.7338,-0.037,0,0,,,,,0,,-0.3969
TCGA-AB-2936-03,,WT,,5509.3526,1.4328,0.004,0,0,,,,,0,,0.9361
TCGA-AB-2937-03,,WT,,1463.7704,-2.0119,0.0,0,0,,,,,0,,-1.9147
TCGA-AB-2938-03,,WT,,5235.7257,1.1998,-0.015,0,0,,,,,0,,0.8265
TCGA-AB-2939-03,,WT,,4572.4695,0.6351,-0.131,0,0,,,,,-1,,0.5351
TCGA-AB-2940-03,,WT,,4209.0402,0.3256,-0.003,0,0,,,,,0,,0.3569
TCGA-AB-2941-03,,WT,,5150.4963,1.1273,-0.125,0,0,,,,,-1,,0.7912
TCGA-AB-2942-03,,WT,,3583.5984,-0.2069,0.002,0,0,,,,,0,,0.0109
TCGA-AB-2943-03,,WT,,4386.7175,0.4769,0.075,0,0,,,,,0,,0.4459
TCGA-AB-2944-03,,WT,,4738.8526,0.7768,-0.055,0,0,,,,,0,,0.612
TCGA-AB-2945-03,,WT,,,,0.011,0,0,,,,,0,,
TCGA-AB-2946-03,,WT,,4309.3146,0.411,-0.004,0,0,,,,,0,,0.4076
TCGA-AB-2947-03,,WT,,,,-0.01,0,0,,,,,0,,
TCGA-AB-2948-03,,WT,,4278.3291,0.3846,-0.004,0,0,,,,,0,,0.392
TCGA-AB-2949-03,,WT,,4251.4131,0.3617,-0.002,0,0,,,,,0,,0.3785
TCGA-AB-2950-03,,WT,,4559.7196,0.6242,0.001,0,0,,,,,0,,0.5291
TCGA-AB-2952-03,,WT,,2128.5262,-1.4459,-0.031,0,0,,,,,0,,-1.1096
TCGA-AB-2954-03,,WT,,3260.8684,-0.4817,0.0,0,0,,,,,0,,-0.1921
TCGA-AB-2955-03,,WT,,4882.2072,0.8988,-0.006,0,0,,,,,0,,0.6761
TCGA-AB-2956-03,,WT,,2896.4847,-0.792,-0.013,0,0,,,,,0,,-0.447
TCGA-AB-2957-03,,WT,,,,-0.003,0,0,,,,,0,,
TCGA-AB-2959-03,,WT,,6594.3437,2.3567,0.006,0,0,,,,,0,,1.3228
TCGA-AB-2963-03,,WT,,5488.9791,1.4155,-0.005,0,0,,,,,0,,0.9281
TCGA-AB-2964-03,,Q801*,,975.1182,-2.428,0.004,1,1,,,,,0,,-2.788
TCGA-AB-2965-03,,WT,,4256.6097,0.3661,-0.007,0,0,,,,,0,,0.3811
TCGA-AB-2966-03,,WT,,4960.7609,0.9657,0.003,0,0,,,,,0,,0.7104
TCGA-AB-2967-03,,WT,,3792.3752,-0.0292,-0.003,0,0,,,,,0,,0.1327
TCGA-AB-2968-03,,WT,,,,-0.004,0,0,,,,,0,,
TCGA-AB-2969-03,,WT,,1804.5451,-1.7218,-0.007,0,0,,,,,0,,-1.4647
TCGA-AB-2970-03,,WT,,4550.0776,0.616,0.001,0,0,,,,,0,,0.5245
TCGA-AB-2971-03,,WT,,3482.1586,-0.2933,0.0,0,0,,,,,0,,-0.0509
TCGA-AB-2972-03,,R614*,,1654.1353,-1.8499,0.003,1,1,,,,,0,,-1.6518
TCGA-AB-2973-03,,WT,,3503.2272,-0.2754,0.0,0,0,,,,,0,,-0.0379
TCGA-AB-2974-03,,WT,,,,0.0,0,0,,,,,0,,
TCGA-AB-2975-03,,WT,,725.0935,-2.6409,-0.003,0,0,,,,,0,,-3.4247
TCGA-AB-2976-03,,WT,,3058.4162,-0.6541,-0.006,0,0,,,,,0,,-0.33
TCGA-AB-2977-03,,WT,,1919.8627,-1.6236,0.004,0,0,,,,,0,,-1.3315
TCGA-AB-2978-03,,R1045*,,1203.9652,-2.2332,0.0,1,1,,,,,0,,-2.3349
TCGA-AB-2979-03,,WT,,2609.1898,-1.0366,,0,0,,,,,NP,,-0.6717
TCGA-AB-2980-03,,WT,,4510.0301,0.5819,-0.004,0,0,,,,,0,,0.5055
TCGA-AB-2981-03,,WT,,3323.0248,-0.4288,,0,0,,,,,NP,,-0.1515
TCGA-AB-2982-03,,WT,,3373.5298,-0.3858,0.002,0,0,,,,,0,,-0.1191
TCGA-AB-2983-03,,WT,,4419.4529,0.5048,-0.001,0,0,,,,,0,,0.4619
TCGA-AB-2984-03,,WT,,2910.1194,-0.7804,0.001,0,0,,,,,0,,-0.4369
TCGA-AB-2985-03,,WT,,2841.893,-0.8385,-0.007,0,0,,,,,0,,-0.4879
TCGA-AB-2986-03,,WT,,2756.0418,-0.9116,0.004,0,0,,,,,0,,-0.5539
TCGA-AB-2987-03,,WT,,3189.8006,-0.5422,0.007,0,0,,,,,0,,-0.2395
TCGA-AB-2988-03,,WT,,3814.1955,-0.0106,0.002,0,0,,,,,0,,0.145
TCGA-AB-2989-03,,WT,,,,-0.005,0,0,,,,,0,,
TCGA-AB-2990-03,,WT,,2855.066,-0.8273,-0.003,0,0,,,,,0,,-0.478
TCGA-AB-2991-03,,WT,,4134.259,0.262,0.006,0,0,,,,,0,,0.3184
TCGA-AB-2992-03,,WT,,4081.4204,0.217,0.001,0,0,,,,,0,,0.2907
TCGA-AB-2993-03,,WT,,4010.951,0.157,0.005,0,0,,,,,0,,0.2532
TCGA-AB-2994-03,,WT,,3102.9976,-0.6162,0.001,0,0,,,,,0,,-0.2989
TCGA-AB-2995-03,,WT,,4205.9473,0.323,-0.004,0,0,,,,,0,,0.3553
TCGA-AB-2996-03,,WT,,4571.9439,0.6346,-0.007,0,0,,,,,0,,0.5348
TCGA-AB-2997-03,,WT,,,,0.003,0,0,,,,,0,,
TCGA-AB-2998-03,,WT,,3663.595,-0.1388,0.003,0,0,,,,,0,,0.0584
TCGA-AB-2999-03,,WT,,4073.1456,0.2099,-0.003,0,0,,,,,0,,0.2863
TCGA-AB-3000-03,,WT,,4154.9423,0.2796,-0.011,0,0,,,,,0,,0.3291
TCGA-AB-3001-03,,WT,,5599.599,1.5097,0.003,0,0,,,,,0,,0.971
TCGA-AB-3002-03,,WT,,4397.0162,0.4857,0.002,0,0,,,,,0,,0.4509
TCGA-AB-3005-03,,WT,,2381.9488,-1.2301,-0.007,0,0,,,,,0,,-0.8677
TCGA-AB-3006-03,,WT,,4236.1224,0.3487,-1.29,1,1,,,,,-2,,0.3707
TCGA-AB-3007-03,,WT,,3526.8118,-0.2553,0.022,0,0,,,,,0,,-0.0235
TCGA-AB-3008-03,,WT,,4371.4775,0.4639,-0.002,0,0,,,,,0,,0.4384
TCGA-AB-3009-03,,WT,,4761.7958,0.7963,0.0,0,0,,,,,0,,0.6224
TCGA-AB-3011-03,,WT,,3206.059,-0.5284,0.003,0,0,,,,,0,,-0.2286
TCGA-AB-3012-03,,WT,,4977.9528,0.9804,-0.002,0,0,,,,,0,,0.7179
TCGA-AC-A23C-01,,WT,,3252.82,0.6888,0.024,0,0,,-0.0666,,,0,,0.6843
TCGA-AC-A23E-01,,WT,,2949.56,0.3579,0.027,0,0,,-0.4214,,,0,,0.436
TCGA-AC-A23G-01,,NP,,2066.13,-0.6061,0.064,0,0,NP,-1.7118,,,0,,-0.4674
TCGA-AC-A23H-01,,Q167*,,1643.98,-1.0667,-0.011,1,1,,-2.5402,,,0,,-1.0473
TCGA-AC-A2B8-01,,WT,,3057.19,0.4754,0.043,0,0,,-0.2915,,,0,,0.5269
TCGA-AC-A2BK-01,,WT,,3134.31,0.5595,-0.551,0,0,,-0.2012,,,-1,,0.5901
TCGA-AC-A2BM-01,,WT,,3257.89,0.6944,-0.183,0,0,,-0.061,,,-1,,0.6883
TCGA-AC-A2FB-01,,WT,,3370.45,0.8172,0.001,0,0,,0.0622,,,0,,0.7745
TCGA-AC-A2FE-01,,WT,,1834.61,-0.8587,0.011,0,0,,-2.1426,,,0,,-0.7689
TCGA-AC-A2FF-01,,WT,,3358.78,0.8045,-0.022,0,0,,0.0496,,,0,,0.7657
TCGA-AC-A2FG-01,,WT,,3260.95,0.6977,0.014,0,0,,-0.0576,,,0,,0.6907
TCGA-AC-A2FK-01,,WT,,4016.9,1.5226,0.002,0,0,,0.6983,,,0,,1.2198
TCGA-AC-A2FM-01,,WT,,2714.33,0.1012,0.023,0,0,,-0.7227,,,0,,0.225
TCGA-AC-A2FO-01,,WT,,2706.36,0.0925,0.003,0,0,,-0.7334,,,0,,0.2176
TCGA-AC-A2QH-01,,WT,,1431.16,-1.2989,-0.046,0,0,,-3.0426,,,0,,-1.399
TCGA-AC-A2QI-01,,NP,,2083.88,-0.5867,-0.033,0,0,NP,-1.6808,,,0,,-0.4457
TCGA-AC-A2QJ-01,,WT,,492.66,-2.323,0.028,0,0,,-6.9051,,,0,,-4.1029
TCGA-AC-A3BB-01,,NP,,1545.56,-1.1741,-0.059,0,0,NP,-2.7639,,,0,,-1.2039
TCGA-AC-A3EH-01,,WT,,1687.28,-1.0195,-0.075,0,0,,-2.446,,,0,,-0.9813
TCGA-AC-A3HN-01,,WT,,2060.98,-0.6117,0.008,0,0,,-1.7209,,,0,,-0.4737
TCGA-AC-A3OD-01,,WT,,3205.04,0.6367,-0.181,0,0,,-0.1203,,,-1,,0.6468
TCGA-AC-A3QP-01,,WT,,1211.69,-1.5384,0.005,0,0,,-3.6459,,,0,,-1.8213
TCGA-AC-A3QQ-01,,WT,,712.22,-2.0834,0.019,0,0,,-5.5708,,,0,,-3.1689
TCGA-AC-A3TM-01,,WT,,863.955,-1.9179,-0.004,0,0,,-4.8713,,,0,,-2.6792
TCGA-AC-A3TN-01,,WT,,1200.97,-1.5501,-0.009,0,0,,-3.6781,,,0,,-1.8439
TCGA-AC-A3W5-01,,WT,,1529.82,-1.1913,0.038,0,0,,-2.801,,,0,,-1.2299
TCGA-AC-A3W6-01,,NP,,1399.75,-1.3332,-0.021,0,0,NP,-3.123,,,0,,-1.4553
TCGA-AC-A3W7-01,,WT,,1816.0,-0.879,-0.035,0,0,,-2.1795,,,0,,-0.7948
TCGA-AC-A3YI-01,,WT,,1496.91,-1.2272,0.019,0,0,,-2.8798,,,0,,-1.2851
TCGA-AC-A3YJ-01,,WT,,2123.63,-0.5433,0.047,0,0,,-1.6123,,,0,,-0.3977
TCGA-AC-A4ZE-01,,WT,,2904.75,0.309,-0.117,0,0,,-0.4769,,,-1,,0.3971
TCGA-AC-A5EH-01,,WT,,1449.48,-1.279,-0.204,0,0,,-2.9965,,,-1,,-1.3668
TCGA-AC-A5EI-01,,WT,,,,0.217,0,0,,,,,1,,
TCGA-AC-A5XS-01,,WT,,1209.68,-1.5406,-0.021,0,0,,-3.6519,,,0,,-1.8255
TCGA-AC-A5XU-01,,WT,,3098.37,0.5203,0.0,0,0,,-0.243,,,0,,0.5609
TCGA-AC-A62V-01,,WT,,928.965,-1.8469,0.017,0,0,,-4.6085,,,0,,-2.4952
TCGA-AC-A62X-01,,WT,,2690.54,0.0753,0.151,0,0,,-0.7546,,,1,,0.2027
TCGA-AC-A62Y-01,,WT,,2414.5,-0.2259,0.037,0,0,,-1.147,,,0,,-0.072
TCGA-AC-A6IV-01,,WT,,2866.61,0.2674,0.005,0,0,,-0.5248,,,0,,0.3636
TCGA-AC-A6IW-01,,WT,,1232.37,-1.5159,0.032,0,0,,-3.5845,,,0,,-1.7784
TCGA-AC-A6IX-01,,WT,,1915.6,-0.7703,-0.042,0,0,,-1.986,,,0,,-0.6593
TCGA-AC-A6NO-01,,WT,,1729.54,-0.9734,0.099,0,0,,-2.3563,,,0,,-0.9186
TCGA-AC-A7VB-01,,WT,,2273.34,-0.38,-0.11,0,0,,-1.3654,,,-1,,-0.2249
TCGA-AC-A7VC-01,,WT,,1209.43,-1.5409,0.0,0,0,,-3.6526,,,0,,-1.826
TCGA-AC-A8OP-01,,WT,,2146.26,-0.5186,0.015,0,0,,-1.5739,,,0,,-0.3708
TCGA-AC-A8OQ-01,,WT,,1135.6,-1.6215,-0.173,0,0,,-3.8808,,,-1,,-1.9858
TCGA-AC-A8OR-01,,WT,,2161.56,-0.5019,-0.031,0,0,,-1.5481,,,0,,-0.3528
TCGA-AC-A8OS-01,,WT,,2076.38,-0.5949,-0.012,0,0,,-1.6939,,,0,,-0.4548
TCGA-AD-5900-01,,G59R,,1895.75,-0.5618,0.087,1,1,,-0.8548,,,0,,-0.5915
TCGA-AD-6548-01,,WT,,3094.68,0.6819,0.062,0,0,,2.1309,,,0,,0.6325
TCGA-AD-6888-01,,WT,,1916.45,-0.5403,0.14,0,0,,-0.7887,,,1,,-0.5644
TCGA-AD-6889-01,,WT,,1257.55,-1.2238,0.005,0,0,,-3.3549,,,0,,-1.6164
TCGA-AD-6890-01,,WT,,1761.82,-0.7007,-0.022,0,0,,-1.3011,,,0,,-0.7745
TCGA-AD-6895-01,,WT,,1425.34,-1.0497,0.017,0,0,,-2.5921,,,0,,-1.3037
TCGA-AD-6899-01,,WT,,2824.97,0.4022,0.007,0,0,,1.5753,,,0,,0.4048
TCGA-AD-6901-01,,WT,,2097.03,-0.353,0.0,0,0,,-0.2401,,,0,,-0.3395
TCGA-AD-6963-01,,WT,,2804.49,0.3809,0.033,0,0,,1.531,,,0,,0.3866
TCGA-AD-6964-01,,WT,,1795.26,-0.666,-0.005,0,0,,-1.1866,,,0,,-0.7275
TCGA-AD-6965-01,,WT,,6569.73,4.2868,0.563,0,0,,6.7182,,,1,,2.5131
TCGA-AD-A5EJ-01,,D409Y,,1638.4,-0.8287,-0.023,1,1,,-1.7435,,,0,,-0.9558
TCGA-AD-A5EK-01,,WT,,3592.34,1.1982,0.192,0,0,,3.0395,,,1,,1.005
TCGA-AF-2687-01,,WT,,2613.45,-0.0947,-0.033,0,0,,1.1012,,,0,,0.2104
TCGA-AF-2689-01,,WT,,,,0.046,0,0,,,,,0,,
TCGA-AF-2690-01,,WT,,2974.43,0.2642,-0.005,0,0,,1.8895,,,0,,0.5335
TCGA-AF-2691-01,,WT,0.396,2794.2627,0.085,-0.041,0,0,,1.5087,20.8594,,0,,0.3775
TCGA-AF-2692-01,,WT,0.6376,3828.8909,1.1138,0.128,0,0,,3.4281,23.1431,,1,,1.1643
TCGA-AF-2693-01,,WT,,4139.35,1.4225,0.392,0,0,,3.9032,,,1,,1.3591
TCGA-AF-3400-01,,WT,-1.8105,2019.747,-0.6851,0.0,0,0,,-0.4688,0.0,,0,,-0.4333
TCGA-AF-3911-01,,WT,,2946.49,0.2364,-0.03,0,0,,1.832,,,0,,0.51
TCGA-AF-4110-01,,WT,,2078.05,-0.6271,-0.056,0,0,,-0.2955,,,0,,-0.3622
TCGA-AF-5654-01,,WT,,2885.2,0.1755,0.114,0,0,,1.7039,,,1,,0.4575
TCGA-AF-6136-01,,WT,,3299.62,0.5875,-0.007,0,0,,2.5216,,,0,,0.7927
TCGA-AF-6655-01,,WT,,3356.54,0.6441,0.097,0,0,,2.6259,,,0,,0.8354
TCGA-AF-6672-01,,WT,,3518.14,0.8048,0.007,0,0,,2.9124,,,0,,0.9529
TCGA-AF-A56K-01,,WT,,3588.37,0.8747,0.108,0,0,,3.0328,,,1,,1.0023
TCGA-AF-A56L-01,,WT,,2012.83,-0.692,-0.018,0,0,,-0.4897,,,0,,-0.4418
TCGA-AF-A56N-01,,WT,,3003.64,0.2932,-0.102,0,0,,1.949,,,-1,,0.5579
TCGA-AG-3574-01,,WT,0.5817,3434.4513,0.7216,0.079,0,0,,2.7657,22.6143,,0,,0.8927
TCGA-AG-3575-01,,WT,,2019.4049,-0.6854,-0.264,0,0,,-0.4699,,,-1,,-0.4337
TCGA-AG-3578-01,,NP,,2702.4183,-0.0063,-0.244,0,0,NP,1.3051,,,-1,,0.294
TCGA-AG-3580-01,,WT,0.7746,1700.6348,-1.0024,0.02,0,0,,-1.5164,24.4385,,0,,-0.8627
TCGA-AG-3581-01,,WT,,1836.8246,-0.867,-0.019,0,0,,-1.0472,,,0,,-0.6704
TCGA-AG-3582-01,,NP,,3713.9709,0.9996,-0.029,0,0,NP,3.2424,,,0,,1.0882
TCGA-AG-3583-01,,WT,,2084.2138,-0.621,-0.085,0,0,,-0.2774,,,0,,-0.3548
TCGA-AG-3584-01,,WT,0.6007,2806.2075,0.0969,0.645,0,0,,1.5347,22.7938,,1,,0.3881
TCGA-AG-3586-01,,NP,,1621.1409,-1.0814,0.017,0,0,NP,-1.808,,,0,,-0.9823
TCGA-AG-3587-01,,NP,,2431.0694,-0.2761,-0.02,0,0,NP,0.6604,,,0,,0.0297
TCGA-AG-3591-01,,WT,,2435.32,-0.2719,-0.21,0,0,,0.6711,,,-1,,0.034
TCGA-AG-3592-01,,WT,,2785.0,0.0758,0.14,0,0,,1.4885,,,1,,0.3692
TCGA-AG-3593-01,,NP,0.4281,2609.875,-0.0983,-0.081,0,0,NP,1.0928,21.1622,,0,,0.2069
TCGA-AG-3594-01,,WT,0.2446,2950.9318,0.2408,0.518,0,0,,1.8411,19.4278,,1,,0.5137
TCGA-AG-3598-01,,WT,,1604.5089,-1.098,0.018,0,0,,-1.8709,,,0,,-1.008
TCGA-AG-3599-01,,WT,,1879.9006,-0.8241,0.008,0,0,,-0.906,,,0,,-0.6125
TCGA-AG-3600-01,,NP,,2104.4166,-0.6009,-0.127,0,0,NP,-0.2187,,,-1,,-0.3307
TCGA-AG-3601-01,,NP,,2345.7077,-0.361,0.108,0,0,NP,0.4426,,,1,,-0.0596
TCGA-AG-3602-01,,WT,,3031.5469,0.321,-0.134,0,0,,2.0053,,,-1,,0.581
TCGA-AG-3605-01,,WT,,3787.7402,1.0729,0.041,0,0,,3.3623,,,0,,1.1373
TCGA-AG-3608-01,,NP,,3104.2267,0.3933,0.065,0,0,NP,2.1497,,,0,,0.6402
TCGA-AG-3609-01,,NP,,2510.1007,-0.1975,0.281,0,0,NP,0.8553,,,1,,0.1096
TCGA-AG-3725-01,,WT,,2481.0,-0.2264,0.046,0,0,,0.7843,,,0,,0.0805
TCGA-AG-3726-01,,WT,,1163.0468,-1.5369,-0.074,0,0,,-3.8306,,,0,,-1.8115
TCGA-AG-3727-01,,WT,,574.6365,-2.122,-0.083,0,0,,-8.1226,,,0,,-3.571
TCGA-AG-3728-01,,NP,,1229.6591,-1.4707,-0.023,0,0,NP,-3.4915,,,0,,-1.6724
TCGA-AG-3731-01,,WT,,3224.7,0.5131,0.001,0,0,,2.3817,,,0,,0.7353
TCGA-AG-3732-01,,WT,,3387.76,0.6752,-0.115,0,0,,2.6823,,,-1,,0.8586
TCGA-AG-3742-01,,WT,,3688.96,0.9747,-0.03,0,0,,3.2013,,,0,,1.0713
TCGA-AG-3878-01,,WT,,999.9829,-1.6991,0.034,0,0,,-4.7505,,,0,,-2.1886
TCGA-AG-3881-01,,WT,,1460.3301,-1.2413,0.213,0,0,,-2.4444,,,1,,-1.2432
TCGA-AG-3882-01,,WT,,1025.0216,-1.6742,-0.002,0,0,,-4.5999,,,0,,-2.1268
TCGA-AG-3883-01,,WT,,522.6676,-2.1737,-0.458,0,0,,-8.6994,,,-1,,-3.8075
TCGA-AG-3885-01,,WT,,1033.8444,-1.6654,0.373,0,0,,-4.5477,,,1,,-2.1055
TCGA-AG-3887-01,,WT,,2152.3183,-0.5533,-0.002,0,0,,-0.0815,,,0,,-0.2745
TCGA-AG-3890-01,,WT,,2123.3047,-0.5821,-0.011,0,0,,-0.1642,,,0,,-0.3084
TCGA-AG-3892-01,,WT,,1536.5384,-1.1656,-0.001,0,0,,-2.1345,,,0,,-1.1161
TCGA-AG-3893-01,,WT,,5258.6461,2.5355,0.309,0,0,,5.3616,,,1,,1.957
TCGA-AG-3894-01,,WT,,1372.4459,-1.3287,0.043,0,0,,-2.8224,,,0,,-1.3981
TCGA-AG-3896-01,,WT,,2541.9232,-0.1659,0.0,0,0,,0.9321,,,0,,0.141
TCGA-AG-3898-01,,WT,,4806.275,2.0857,0.04,0,0,,4.8135,,,0,,1.7323
TCGA-AG-3901-01,,WT,,1718.9497,-0.9842,-0.031,0,0,,-1.4512,,,0,,-0.836
TCGA-AG-3902-01,,WT,,3393.63,0.681,0.025,0,0,,2.6928,,,0,,0.8629
TCGA-AG-3909-01,,WT,,1899.8919,-0.8043,-0.069,0,0,,-0.8415,,,0,,-0.5861
TCGA-AG-3999-01,,NP,,1181.2752,-1.5188,-0.352,0,0,NP,-3.7359,,,-1,,-1.7727
TCGA-AG-4001-01,,H217R,,2957.0307,0.2469,0.003,1,1,,1.8537,,,0,,0.5189
TCGA-AG-4005-01,,NP,,2115.6043,-0.5898,-0.007,0,0,NP,-0.1864,,,0,,-0.3175
TCGA-AG-4007-01,,NP,0.3656,3095.0441,0.3841,1.13,0,0,NP,2.1317,20.5718,,1,,0.6328
TCGA-AG-4008-01,,WT,,3971.7738,1.2559,-0.009,0,0,,3.6514,,,0,,1.2559
TCGA-AG-4015-01,,WT,,2082.8942,-0.6223,-0.108,0,0,,-0.2813,,,-1,,-0.3564
TCGA-AG-4021-01,,WT,,2535.14,-0.1726,-0.391,0,0,,0.9158,,,-1,,0.1344
TCGA-AG-4022-01,,WT,,3971.69,1.2558,0.171,0,0,,3.6513,,,1,,1.2558
TCGA-AG-A002-01,,WT,0.5325,2340.4542,-0.3662,0.026,0,0,,0.429,22.1498,,0,,-0.0652
TCGA-AG-A008-01,,WT,0.7897,2248.8859,-0.4572,-0.252,0,0,,0.1858,24.5806,,-1,,-0.1649
TCGA-AG-A00C-01,,WT,-0.4941,2763.2851,0.0542,-0.038,0,0,,1.4408,12.444,,0,,0.3496
TCGA-AG-A00Y-01,,WT,-0.3489,1978.4153,-0.7262,-0.108,0,0,,-0.5948,13.8174,,-1,,-0.4849
TCGA-AG-A011-01,,WT,0.6707,2237.7377,-0.4683,-0.092,0,0,,0.1556,23.4555,,0,,-0.1773
TCGA-AG-A015-01,,WT,-1.8105,2175.7295,-0.53,0.376,0,0,,-0.0156,0.0,,1,,-0.2475
TCGA-AG-A016-01,,WT,0.2747,1583.9027,-1.1185,0.336,0,0,,-1.9496,19.7121,,1,,-1.0403
TCGA-AG-A01J-01,,WT,0.8279,2687.7265,-0.0209,0.047,0,0,,1.2719,24.9416,,0,,0.2804
TCGA-AG-A01L-01,,WT,0.4887,2225.424,-0.4806,-0.103,0,0,,0.1219,21.7355,,-1,,-0.1911
TCGA-AG-A01N-01,,WT,-1.8105,2413.7141,-0.2933,-0.263,0,0,,0.6168,0.0,,-1,,0.0118
TCGA-AG-A01W-01,,WT,0.468,3311.5569,0.5994,-0.165,0,0,,2.5436,21.5397,,-1,,0.8017
TCGA-AG-A01Y-01,,WT,-1.8105,3372.6917,0.6602,-0.324,0,0,,2.6551,0.0,,-1,,0.8474
TCGA-AG-A020-01,,WT,0.7202,2677.242,-0.0313,-0.063,0,0,,1.2481,23.9242,,0,,0.2706
TCGA-AG-A025-01,,NP,,2215.0586,-0.4909,0.025,0,0,NP,0.0935,,,0,,-0.2027
TCGA-AG-A026-01,,WT,0.6208,2564.5702,-0.1433,-0.06,0,0,,0.9861,22.9837,,0,,0.1632
TCGA-AG-A02G-01,,NP,,3608.9781,0.8952,0.004,0,0,NP,3.0677,,,0,,1.0166
TCGA-AG-A02N-01,,WT,0.5778,2703.5143,-0.0052,0.052,0,0,,1.3076,22.5778,,0,,0.295
TCGA-AG-A02X-01,,WT,0.6268,2879.2404,0.1695,1.13,0,0,,1.6913,23.041,,1,,0.4523
TCGA-AG-A032-01,,WT,0.6496,2182.1511,-0.5236,0.122,0,0,,0.0023,23.2567,,1,,-0.2401
TCGA-AH-6544-01,,WT,,2492.59,-0.2149,-0.11,0,0,,0.8127,,,-1,,0.0921
TCGA-AH-6547-01,,WT,,2289.37,-0.417,0.015,0,0,,0.2945,,,0,,-0.1203
TCGA-AH-6643-01,,WT,,2853.43,0.1439,0.0,0,0,,1.6364,,,0,,0.4298
TCGA-AH-6644-01,,WT,,3136.57,0.4254,0.148,0,0,,2.2129,,,1,,0.6661
TCGA-AH-6897-01,,WT,,4172.84,1.4558,0.07,0,0,,3.9523,,,0,,1.3792
TCGA-AH-6903-01,,WT,,4916.51,2.1953,-0.015,0,0,,4.9517,,,0,,1.7889
TCGA-AJ-A23M-01,,WT,,2987.6451,1.2086,-0.102,0,0,,0.364,,,-1,,1.0996
TCGA-AJ-A23N-01,,WT,,2193.06,0.1596,0.181,0,0,,-1.0617,,,1,,0.3216
TCGA-AJ-A23O-01,,WT,,1845.4454,-0.2993,0.073,0,0,,-1.8574,,,0,,-0.1126
TCGA-AJ-A2QK-01,,WT,,2876.3447,1.0617,-0.107,0,0,,0.1889,,,-1,,1.0041
TCGA-AJ-A2QL-01,,WT,,3008.7519,1.2365,0.004,0,0,,0.3964,,,0,,1.1174
TCGA-AJ-A2QM-01,,WT,,2325.36,0.3343,-0.1,0,0,,-0.7916,,,0,,0.469
TCGA-AJ-A2QN-01,,WT,,4801.5026,3.6033,0.04,0,0,,2.5519,,,0,,2.2937
TCGA-AJ-A2QO-01,,WT,,1878.5,-0.2557,0.001,0,0,,-1.7755,,,0,,-0.0679
TCGA-AJ-A3BD-01,,WT,,1007.64,-1.4054,0.0,0,0,,-4.6466,,,0,,-1.6348
TCGA-AJ-A3BF-01,,WT,,1337.56,-0.9698,-0.132,0,0,,-3.3412,,,-1,,-0.9224
TCGA-AJ-A3BG-01,,WT,,1185.02,-1.1712,-0.004,0,0,,-3.8993,,,0,,-1.2269
TCGA-AJ-A3BH-01,,WT,,2648.26,0.7606,-0.055,0,0,,-0.1921,,,0,,0.7962
TCGA-AJ-A3BI-01,,WT,,995.521,-1.4214,-0.007,0,0,,-4.7023,,,0,,-1.6652
TCGA-AJ-A3BK-01,,WT,,1168.72,-1.1927,0.088,0,0,,-3.9631,,,0,,-1.2618
TCGA-AJ-A3EJ-01,,WT,,2476.98,0.5344,-0.047,0,0,,-0.5004,,,0,,0.6279
TCGA-AJ-A3EK-01,,WT,,2418.26,0.4569,-0.001,0,0,,-0.611,,,0,,0.5676
TCGA-AJ-A3EL-01,,S1198R,,1356.18,-0.9452,-0.005,1,1,,-3.2774,,,0,,-0.8876
TCGA-AJ-A3EM-01,,WT,,1306.52,-1.0108,-0.159,0,0,,-3.4494,,,-1,,-0.9814
TCGA-AJ-A3I9-01,,WT,,1863.85,-0.275,-0.093,0,0,,-1.8116,,,0,,-0.0876
TCGA-AJ-A3IA-01,,WT,,1469.51,-0.7956,0.0,0,0,,-2.9075,,,0,,-0.6857
TCGA-AJ-A3NC-01,,NP,,2061.62,-0.0139,0.081,0,0,NP,-1.3467,,,0,,0.1661
TCGA-AJ-A3NE-01,,NP,,2119.0,0.0618,0.005,0,0,NP,-1.2201,,,0,,0.2352
TCGA-AJ-A3NF-01,,WT,,2215.82,0.1897,-0.048,0,0,,-1.0141,,,0,,0.3476
TCGA-AJ-A3NG-01,,WT,,2652.38,0.766,0.102,0,0,,-0.1849,,,1,,0.8001
TCGA-AJ-A3NH-01,,WT,,2239.86,0.2214,-0.058,0,0,,-0.9643,,,0,,0.3747
TCGA-AJ-A3OJ-01,,WT,,2186.67,0.1512,-0.001,0,0,,-1.0752,,,0,,0.3143
TCGA-AJ-A3OK-01,,WT,,2031.66,-0.0535,0.003,0,0,,-1.4142,,,0,,0.1293
TCGA-AJ-A3OL-01,,WT,,2281.09,0.2758,0.075,0,0,,-0.8802,,,0,,0.4206
TCGA-AJ-A3QS-01,,WT,,2472.84,0.529,0.107,0,0,,-0.5081,,,1,,0.6237
TCGA-AJ-A3TW-01,,WT,,1036.97,-1.3667,-0.429,0,0,,-4.5143,,,-1,,-1.5626
TCGA-AJ-A5DV-01,,WT,,2236.48,0.2169,0.001,0,0,,-0.9713,,,0,,0.3709
TCGA-AJ-A5DW-01,,A425T,,3027.07,1.2607,0.002,1,1,,0.4244,,,0,,1.1326
TCGA-AJ-A6NU-01,,WT,,2158.7,0.1142,-0.068,0,0,,-1.1345,,,0,,0.2819
TCGA-AJ-A8CT-01,,WT,,1465.13,-0.8014,-0.004,0,0,,-2.9213,,,0,,-0.6932
TCGA-AJ-A8CV-01,,WT,,1485.01,-0.7752,-0.001,0,0,,-2.8591,,,0,,-0.6593
TCGA-AJ-A8CW-01,,WT,,1784.15,-0.3802,0.142,0,0,,-2.0131,,,1,,-0.1976
TCGA-AK-3426-01,,WT,,1783.91,-0.8616,-0.082,0,0,,-3.5749,,,0,,-0.772
TCGA-AK-3427-01,,WT,,2622.97,0.0717,-0.096,0,0,,-1.0197,,,0,,0.2523
TCGA-AK-3428-01,,WT,,7571.43,5.576,0.748,1,1,,6.0081,,,2,,3.0697
TCGA-AK-3429-01,,WT,,2290.92,-0.2976,-0.174,0,0,,-1.9169,,,-1,,-0.1073
TCGA-AK-3430-01,,WT,,,,0.017,0,0,,,,,0,,
TCGA-AK-3431-01,,NP,,3510.95,1.0594,-0.027,0,0,NP,0.9131,,,0,,1.0272
TCGA-AK-3433-01,,NP,,3560.87,1.115,0.0,0,0,NP,1.0067,,,0,,1.0647
TCGA-AK-3434-01,,NP,,2444.62,-0.1267,-0.059,0,0,NP,-1.4865,,,0,,0.0652
TCGA-AK-3436-01,,WT,,1485.45,-1.1936,-0.626,0,0,,-4.7882,,,-1,,-1.2584
TCGA-AK-3440-01,,WT,,373.423,-2.4305,1.05,1,1,,-13.931,,,2,,-4.9236
TCGA-AK-3443-01,,WT,,4042.45,1.6506,-0.075,0,0,,1.8476,,,0,,1.4018
TCGA-AK-3444-01,,WT,,2652.41,0.1045,0.071,0,0,,-0.9458,,,0,,0.282
TCGA-AK-3445-01,,WT,,1673.66,-0.9842,-0.461,0,0,,-3.9977,,,-1,,-0.9415
TCGA-AK-3447-01,,NP,,2490.72,-0.0754,-0.232,0,0,NP,-1.3627,,,-1,,0.1149
TCGA-AK-3450-01,,NP,,2074.97,-0.5378,-0.011,0,0,NP,-2.5732,,,0,,-0.3704
TCGA-AK-3451-01,,WT,,2129.55,-0.4771,-0.016,0,0,,-2.4011,,,0,,-0.3014
TCGA-AK-3453-01,,WT,,1318.57,-1.3792,0.366,0,0,,-5.5779,,,1,,-1.575
TCGA-AK-3454-01,,NP,,2715.19,0.1743,-0.036,0,0,NP,-0.7907,,,0,,0.3442
TCGA-AK-3455-01,,WT,,2588.21,0.0331,-0.023,0,0,,-1.1082,,,0,,0.2169
TCGA-AK-3456-01,,WT,,2923.88,0.4064,-0.05,0,0,,-0.2998,,,0,,0.5409
TCGA-AK-3458-01,,WT,,3549.79,1.1026,-0.085,0,0,,0.9861,,,0,,1.0564
TCGA-AK-3460-01,,NP,,2573.71,0.0169,-0.027,0,0,NP,-1.1454,,,0,,0.202
TCGA-AK-3461-01,,NP,,2725.29,0.1855,-0.047,0,0,NP,-0.7661,,,0,,0.354
TCGA-AK-3465-01,,WT,,2537.05,-0.0238,-0.249,0,0,,-1.2405,,,-1,,0.1638
TCGA-AL-3466-01,,WT,,1183.82,-0.6116,-0.243,0,0,,-4.732,,,-1,,-0.3768
TCGA-AL-3467-01,,WT,,4285.16,4.5074,0.001,0,0,,4.8902,,,0,,2.4824
TCGA-AL-3471-01,,NP,,1286.27,-0.4425,0.29,0,0,NP,-4.1114,,,1,,-0.1924
TCGA-AL-3472-01,,WT,,1911.23,0.589,0.087,0,0,,-1.1498,,,0,,0.6876
TCGA-AL-3473-01,,WT,,1690.03,0.2239,-0.001,0,0,,-2.0698,,,0,,0.4143
TCGA-AL-7173-01,,WT,,1230.57,-0.5344,0.044,0,0,,-4.4424,,,0,,-0.2908
TCGA-AM-5820-01,,WT,,2538.2,0.1047,-0.11,0,0,,0.9232,,,-1,,0.1374
TCGA-AM-5821-01,,WT,,2033.46,-0.4189,0.071,0,0,,-0.4276,,,0,,-0.4164
TCGA-AN-A03X-01,,WT,,2014.99,-0.6619,-0.035,0,0,,-1.8027,,,0,,-0.531
TCGA-AN-A03Y-01,,WT,,2366.56,-0.2782,0.159,0,0,,-1.2197,,,1,,-0.1229
TCGA-AN-A041-01,,WT,,2966.8,0.3767,-0.167,0,0,,-0.4003,,,-1,,0.4507
TCGA-AN-A046-01,,R69Q,,2067.78,-0.6043,-0.043,1,1,,-1.7089,,,0,,-0.4654
TCGA-AN-A049-01,,WT,,2169.3,-0.4935,0.032,0,0,,-1.5352,,,0,,-0.3437
TCGA-AN-A04A-01,,WT,,3698.88,1.1756,0.649,0,0,,0.3993,0.3947,1.6293,1,,1.0105
TCGA-AN-A04C-01,,WT,,1608.8,-1.1051,0.0,0,0,,-2.6186,,,0,,-1.1022
TCGA-AN-A04D-01,,WT,,1663.12,-1.0458,-0.047,0,0,,-2.4983,,,0,,-1.0179
TCGA-AN-A0AJ-01,,WT,,3110.28,0.5333,-0.239,0,0,,-0.2291,-0.1037,0.0004,-1,,0.5706
TCGA-AN-A0AK-01,,WT,,1983.21,-0.6966,-0.262,0,0,,-1.8603,,,-1,,-0.5713
TCGA-AN-A0AL-01,,WT,,1869.57,-0.8206,-0.714,0,0,,-2.0742,0.1344,0.7786,-1,,-0.721
TCGA-AN-A0AM-01,,WT,,1250.71,-1.4958,-0.09,0,0,,-3.531,-0.1169,-0.0428,0,,-1.7409
TCGA-AN-A0AR-01,,WT,,1871.07,-0.8189,-0.23,0,0,,-2.0713,,,-1,,-0.719
TCGA-AN-A0AS-01,,WT,,2521.29,-0.1094,0.084,0,0,,-0.9901,-0.2137,-0.3591,0,,0.0378
TCGA-AN-A0AT-01,,WT,,3352.55,0.7977,-0.238,0,0,,0.0429,,,-1,,0.761
TCGA-AN-A0FD-01,,WT,,2503.76,-0.1285,-0.335,0,0,,-1.0154,,,-1,,0.0201
TCGA-AN-A0FF-01,,WT,,2347.66,-0.2989,0.011,0,0,,-1.2488,,,0,,-0.1432
TCGA-AN-A0FJ-01,,WT,,3002.4,0.4156,-0.19,0,0,,-0.357,,,-1,,0.481
TCGA-AN-A0FK-01,,WT,,2785.15,0.1785,0.027,0,0,,-0.6293,0.111,0.7021,0,,0.2904
TCGA-AN-A0FL-01,,WT,,1573.47,-1.1437,-0.083,0,0,,-2.6991,-0.1404,-0.1196,0,,-1.1585
TCGA-AN-A0FN-01,,WT,,2399.84,-0.2419,-0.003,0,0,,-1.1691,,,0,,-0.0875
TCGA-AN-A0FS-01,,WT,,3370.58,0.8173,-0.014,0,0,,0.0623,,,0,,0.7746
TCGA-AN-A0FT-01,,WT,,2057.95,-0.615,0.184,0,0,,-1.7262,,,1,,-0.4775
TCGA-AN-A0FV-01,,WT,,2431.11,-0.2078,-0.259,0,0,,-1.1222,,,-1,,-0.0546
TCGA-AN-A0FW-01,,WT,,3115.41,0.5389,0.0,0,0,,-0.2231,,,0,,0.5748
TCGA-AN-A0FX-01,,WT,,1811.48,-0.8839,-0.195,0,0,,-2.1886,,,-1,,-0.8011
TCGA-AN-A0FY-01,,WT,,3774.66,1.2583,0.126,0,0,,0.4728,,,1,,1.0619
TCGA-AN-A0FZ-01,,WT,,3630.9,1.1014,0.0,0,0,,0.332,,,0,,0.9634
TCGA-AN-A0G0-01,,WT,,1731.08,-0.9717,,0,0,,-2.3531,,,NP,,-0.9163
TCGA-AN-A0XL-01,,WT,,2402.05,-0.2395,0.153,0,0,,-1.1658,,,1,,-0.0851
TCGA-AN-A0XN-01,,WT,,3641.84,1.1133,0.008,0,0,,0.3429,,,0,,0.971
TCGA-AN-A0XO-01,,WT,,3243.83,0.679,0.033,0,0,,-0.0767,,,0,,0.6773
TCGA-AN-A0XP-01,,WT,,2778.46,0.1712,-0.079,0,0,,-0.638,,,0,,0.2843
TCGA-AN-A0XR-01,,WT,,2355.11,-0.2907,0.02,0,0,,-1.2373,,,0,,-0.1352
TCGA-AN-A0XS-01,,WT,,2541.57,-0.0873,-0.073,0,0,,-0.9611,,,0,,0.0582
TCGA-AN-A0XT-01,,WT,,3827.44,1.3159,-0.263,0,0,,0.5231,,,-1,,1.0972
TCGA-AN-A0XU-01,,WT,,3032.05,0.4479,-0.119,0,0,,-0.3214,,,-1,,0.506
TCGA-AN-A0XV-01,,WT,,3123.78,0.548,-0.013,0,0,,-0.2134,,,0,,0.5816
TCGA-AN-A0XW-01,,WT,,2375.41,-0.2686,-0.047,0,0,,-1.2062,,,0,,-0.1134
TCGA-AO-A03L-01,,WT,,2825.97,0.2231,-0.068,0,0,,-0.5766,,,0,,0.3273
TCGA-AO-A03M-01,,WT,,2495.52,-0.1375,-0.05,0,0,,-1.0274,,,0,,0.0118
TCGA-AO-A03N-01,,WT,,2014.52,-0.6624,-0.168,0,0,,-1.8035,,,-1,,-0.5316
TCGA-AO-A03O-01,,WT,,3381.22,0.8289,0.164,0,0,,0.0737,0.2795,1.2528,1,,0.7826
TCGA-AO-A03P-01,,WT,,3615.99,1.0851,-0.018,0,0,,0.3171,,,0,,0.953
TCGA-AO-A03R-01,,WT,,2030.38,-0.6451,-0.233,0,0,,-1.7751,,,-1,,-0.5117
TCGA-AO-A03T-01,,WT,,1733.38,-0.9692,0.091,0,0,,-2.3483,,,0,,-0.913
TCGA-AO-A03U-01,,WT,,2763.5,0.1549,0.002,0,0,,-0.6576,,,0,,0.2706
TCGA-AO-A03V-01,,WT,,3109.02,0.5319,-0.019,0,0,,-0.2305,,,0,,0.5696
TCGA-AO-A0J2-01,,WT,,3646.39,1.1183,1.57,1,1,,0.3474,,,2,,0.9742
TCGA-AO-A0J3-01,,WT,,3165.17,0.5932,-0.113,0,0,,-0.1657,,,-1,,0.615
TCGA-AO-A0J4-01,,WT,,3283.16,0.7219,0.175,0,0,,-0.033,,,1,,0.7079
TCGA-AO-A0J5-01,,WT,,2858.42,0.2585,-0.064,0,0,,-0.5352,,,0,,0.3563
TCGA-AO-A0J6-01,,WT,,2808.45,0.2039,0.124,0,0,,-0.5991,-0.2063,-0.3349,1,,0.3115
TCGA-AO-A0J7-01,,WT,,2982.46,0.3938,-0.082,0,0,,-0.3812,,,0,,0.4641
TCGA-AO-A0J8-01,,WT,,2497.4,-0.1355,-0.045,0,0,,-1.0246,,,0,,0.0137
TCGA-AO-A0J9-01,,WT,,2235.65,-0.4211,0.361,0,0,,-1.426,0.1881,0.9541,1,,-0.2673
TCGA-AO-A0JA-01,,WT,,3361.69,0.8076,-0.169,0,0,,0.0527,,,-1,,0.7679
TCGA-AO-A0JB-01,,WT,,1822.16,-0.8723,-0.079,0,0,,-2.1673,,,0,,-0.7862
TCGA-AO-A0JC-01,,WT,,3767.08,1.25,0.011,0,0,,0.4655,-0.0675,0.1187,0,,1.0568
TCGA-AO-A0JD-01,,WT,,3932.27,1.4302,-0.069,0,0,,0.6211,,,0,,1.1658
TCGA-AO-A0JE-01,,R216*,,1590.26,-1.1253,0.198,1,1,,-2.6606,-0.3436,-0.7837,1,,-1.1316
TCGA-AO-A0JF-01,,WT,,3374.33,0.8214,0.003,0,0,,0.0663,,,0,,0.7774
TCGA-AO-A0JG-01,,WT,,3729.8,1.2093,-0.068,0,0,,0.4294,,,0,,1.0316
TCGA-AO-A0JI-01,,WT,,3883.76,1.3773,-0.134,0,0,,0.5761,,,-1,,1.1343
TCGA-AO-A0JJ-01,,WT,,3400.79,0.8503,-0.184,0,0,,0.0947,0.0853,0.6181,-1,,0.7972
TCGA-AO-A0JL-01,,WT,,1778.95,-0.9194,0.093,0,0,,-2.2542,-0.1161,-0.0401,0,,-0.8471
TCGA-AO-A0JM-01,,WT,,1267.43,-1.4776,-0.131,0,0,,-3.4829,-0.1,0.0125,-1,,-1.7072
TCGA-AO-A124-01,,WT,,3466.9,0.9224,0.361,0,0,,0.1644,,,1,,0.8461
TCGA-AO-A125-01,,WT,,2103.39,-0.5654,0.077,0,0,,-1.647,,,0,,-0.422
TCGA-AO-A126-01,,WT,,1786.46,-0.9112,-0.068,0,0,,-2.239,0.2873,1.2783,0,,-0.8364
TCGA-AO-A128-01,,WT,,2832.02,0.2297,0.133,0,0,,-0.5688,,,1,,0.3328
TCGA-AO-A129-01,,WT,,1869.11,-0.8211,-0.065,0,0,,-2.075,,,0,,-0.7217
TCGA-AO-A12A-01,,WT,,2949.51,0.3579,0.067,0,0,,-0.4215,,,0,,0.4359
TCGA-AO-A12B-01,,WT,,2115.66,-0.552,0.225,0,0,,-1.6259,-0.1443,-0.1323,1,,-0.4073
TCGA-AO-A12D-01,,WT,,2387.6,-0.2553,0.052,0,0,,-1.1876,0.0,0.3393,0,,-0.1004
TCGA-AO-A12E-01,,WT,,2659.84,0.0418,0.042,0,0,,-0.7962,-0.0499,0.1762,0,,0.1736
TCGA-AO-A12F-01,,WT,,2544.62,-0.0839,0.152,0,0,,-0.9567,0.6538,2.4761,1,,0.0612
TCGA-AO-A12G-01,,WT,,2342.4,-0.3046,0.054,0,0,,-1.2569,,,0,,-0.1489
TCGA-AO-A12H-01,,WT,,3005.76,0.4192,0.001,0,0,,-0.353,,,0,,0.4839
TCGA-AO-A1KO-01,,WT,,5317.16,2.9414,0.002,0,0,,1.715,,,0,,1.9316
TCGA-AO-A1KP-01,,WT,,4021.28,1.5274,-0.005,0,0,,0.7022,,,0,,1.2226
TCGA-AO-A1KQ-01,,WT,,3141.36,0.5672,0.671,0,0,,-0.193,,,1,,0.5958
TCGA-AO-A1KR-01,,WT,,1628.09,-1.0841,0.195,0,0,,-2.5754,,,1,,-1.0719
TCGA-AO-A1KS-01,,WT,,5505.41,3.1468,0.0,0,0,,1.8412,,,0,,2.0199
TCGA-AO-A1KT-01,,WT,,1974.14,-0.7064,-0.09,0,0,,-1.8769,,,0,,-0.583
TCGA-AP-A051-01,,WT,,2643.293,0.754,0.04,0,0,,-0.2007,,,0,,0.7915
TCGA-AP-A052-01,,WT,,1724.6492,-0.4588,-0.128,0,0,,-2.1695,,,-1,,-0.2829
TCGA-AP-A054-01,,WT,,3627.5971,2.0535,0.001,0,0,,1.259,,,0,,1.5881
TCGA-AP-A056-01,,WT,,2107.4787,0.0466,-0.014,0,0,,-1.2452,,,0,,0.2214
TCGA-AP-A059-01,,D1234N,,2835.9325,1.0083,-0.001,1,1,,0.1237,,,0,,0.9685
TCGA-AP-A05A-01,,WT,,1333.3443,-0.9754,0.59,0,0,,-3.3557,,,1,,-0.9303
TCGA-AP-A05D-01,,WT,,1119.2181,-1.2581,-0.174,0,0,,-4.1626,,,-1,,-1.3706
TCGA-AP-A05H-01,,WT,,1280.956,-1.0446,-0.081,0,0,,-3.5405,,,0,,-1.0311
TCGA-AP-A05J-01,,WT,,824.726,-1.6469,-0.154,0,0,,-5.5696,,,-1,,-2.1385
TCGA-AP-A05N-01,,WT,,2700.961,0.8301,-0.001,0,0,,-0.1012,,,0,,0.8458
TCGA-AP-A05O-01,,NP,,1953.6846,-0.1564,0.013,0,0,NP,-1.5946,,,0,,0.0308
TCGA-AP-A05P-01,,WT,,3415.4789,1.7734,0.073,0,0,,0.9811,,,0,,1.4364
TCGA-AP-A0L8-01,,WT,,1617.4984,-0.6003,0.741,0,0,,-2.4652,,,1,,-0.4443
TCGA-AP-A0L9-01,,WT,,2370.6904,0.3941,-0.042,0,0,,-0.7026,,,0,,0.5176
TCGA-AP-A0LD-01,,WT,,1544.6134,-0.6965,0.092,0,0,,-2.6777,,,0,,-0.5603
TCGA-AP-A0LE-01,,WT,,1383.517,-0.9092,0.029,0,0,,-3.1855,,,0,,-0.8374
TCGA-AP-A0LF-01,,WT,,1611.8436,-0.6077,-0.12,0,0,,-2.4813,,,-1,,-0.4531
TCGA-AP-A0LG-01,,WT,,3065.8309,1.3118,-0.002,0,0,,0.4831,,,0,,1.1646
TCGA-AP-A0LH-01,,WT,,3947.414,2.4757,0.01,0,0,,1.6486,,,0,,1.8007
TCGA-AP-A0LI-01,,WT,,1202.2549,-1.1485,0.004,0,0,,-3.8327,,,0,,-1.1906
TCGA-AP-A0LJ-01,,WT,,980.5646,-1.4411,0.027,0,0,,-4.7721,,,0,,-1.7033
TCGA-AP-A0LL-01,,WT,,1599.8407,-0.6236,0.056,0,0,,-2.5158,,,0,,-0.4719
TCGA-AP-A0LM-01,,A300V D610G,,2287.7284,0.2846,-0.001,1,1,,-0.8668,,,0,,0.4279
TCGA-AP-A0LN-01,,WT,,1423.7814,-0.856,0.038,0,0,,-3.0532,,,0,,-0.7652
TCGA-AP-A0LO-01,,WT,,2066.4193,-0.0076,0.119,0,0,,-1.3359,,,1,,0.1719
TCGA-AP-A0LP-01,,WT,,1554.8926,-0.6829,-0.004,0,0,,-2.6471,,,0,,-0.5436
TCGA-AP-A0LQ-01,,WT,,,,0.03,0,0,,,,,0,,
TCGA-AP-A0LS-01,,WT,,3019.0128,1.25,-0.005,0,0,,0.4121,,,0,,1.1259
TCGA-AP-A0LT-01,,WT,,1622.6407,-0.5935,0.0,0,0,,-2.4505,,,0,,-0.4363
TCGA-AP-A0LV-01,,WT,,1641.3828,-0.5687,0.0,0,0,,-2.3976,,,0,,-0.4074
TCGA-AP-A1DH-01,,WT,,2351.3945,0.3686,0.002,0,0,,-0.7403,,,0,,0.497
TCGA-AP-A1DK-01,,WT,,2804.5428,0.9669,0.0,0,0,,0.0723,,,0,,0.9405
TCGA-AP-A1DM-01,,WT,,2152.1065,0.1055,0.027,0,0,,-1.1486,,,0,,0.2742
TCGA-AP-A1DO-01,,WT,,2377.2655,0.4028,0.168,0,0,,-0.6898,,,1,,0.5246
TCGA-AP-A1DP-01,,WT,,2520.1449,0.5914,0.049,0,0,,-0.4207,,,0,,0.6714
TCGA-AP-A1DQ-01,,WT,,3175.5982,1.4568,0.172,0,0,,0.6453,,,1,,1.2532
TCGA-AP-A1DR-01,,WT,,2556.765,0.6398,0.001,0,0,,-0.3542,,,0,,0.7077
TCGA-AP-A1DV-01,,I790S M227I V650L,,3361.4599,1.7021,0.013,1,1,,0.9076,,,0,,1.3963
TCGA-AP-A1E0-01,,E151* L1000I,,2924.974,1.1259,0.006,1,1,,0.2662,,,0,,1.0463
TCGA-AP-A1E1-01,,WT,,2209.5107,0.1813,0.044,0,0,,-1.0272,,,0,,0.3404
TCGA-AP-A1E3-01,,WT,,1654.5388,-0.5514,0.016,0,0,,-2.3608,,,0,,-0.3874
TCGA-AP-A1E4-01,,WT,,2222.9915,0.1991,0.119,0,0,,-0.9992,,,1,,0.3557
TCGA-AP-A3K1-01,,WT,,1383.04,-0.9098,0.0,0,0,,-3.187,,,0,,-0.8383
TCGA-AP-A5FX-01,,WT,,2035.2,-0.0488,0.185,0,0,,-1.4061,,,1,,0.1336
TCGA-AQ-A04H-01,,WT,,3734.94,1.2149,-0.033,0,0,,0.4344,,,0,,1.0351
TCGA-AQ-A04J-01,,WT,,2982.86,0.3943,-0.076,0,0,,-0.3807,,,0,,0.4645
TCGA-AQ-A04L-01,,WT,,2622.84,0.0014,-0.067,0,0,,-0.847,,,0,,0.138
TCGA-AQ-A0Y5-01,,WT,,3884.56,1.3782,-0.003,0,0,,0.5768,,,0,,1.1348
TCGA-AQ-A1H2-01,,WT,,2768.19,0.16,-0.198,0,0,,-0.6515,,,-1,,0.2749
TCGA-AQ-A1H3-01,,WT,,3298.0,0.7381,0.076,0,0,,-0.0166,,,0,,0.7193
TCGA-AQ-A54N-01,,WT,,1914.71,-0.7713,-0.478,0,0,,-1.9877,,,-1,,-0.6605
TCGA-AQ-A54O-01,,WT,,2225.73,-0.4319,0.043,0,0,,-1.4421,,,0,,-0.2786
TCGA-AQ-A7U7-01,,WT,,2207.36,-0.452,-0.006,0,0,,-1.4721,,,0,,-0.2996
TCGA-AR-A0TP-01,,WT,,3860.61,1.352,-0.025,0,0,,0.5544,,,0,,1.1191
TCGA-AR-A0TQ-01,,WT,,2857.96,0.258,0.035,0,0,,-0.5358,,,0,,0.3559
TCGA-AR-A0TR-01,,WT,,3961.62,1.4623,-0.346,0,0,,0.6481,0.4935,1.9522,-1,,1.1846
TCGA-AR-A0TS-01,,WT,,4300.59,1.8321,0.0,0,0,,0.9457,,,0,,1.393
TCGA-AR-A0TT-01,,WT,,1838.5,-0.8545,0.001,0,0,,-2.1349,-0.0321,0.2344,0,,-0.7636
TCGA-AR-A0TU-01,,WT,,2262.64,-0.3916,,0,0,,-1.3825,,,NP,,-0.2368
TCGA-AR-A0TV-01,,WT,,2899.0,0.3027,-0.152,0,0,,-0.4841,0.3985,1.6417,-1,,0.3921
TCGA-AR-A0TW-01,,WT,,2452.09,-0.1849,-0.275,0,0,,-1.091,,,-1,,-0.0328
TCGA-AR-A0TX-01,,WT,,2038.58,-0.6361,-0.023,0,0,,-1.7605,-0.547,-1.4484,0,,-0.5014
TCGA-AR-A0TY-01,,WT,,2942.6,0.3503,-0.218,0,0,,-0.43,-0.6221,-1.6939,-1,,0.43
TCGA-AR-A0TZ-01,,WT,,4048.82,1.5574,-0.276,0,0,,0.727,,,-1,,1.2399
TCGA-AR-A0U0-01,,WT,,1792.56,-0.9046,-0.066,0,0,,-2.2266,,,0,,-0.8278
TCGA-AR-A0U1-01,,WT,,2116.56,-0.551,-0.002,0,0,,-1.6244,,,0,,-0.4062
TCGA-AR-A0U2-01,,WT,,3550.35,1.0135,-0.299,0,0,,0.2507,,,-1,,0.9065
TCGA-AR-A0U3-01,,WT,,3403.31,0.853,-0.18,0,0,,0.0973,,,-1,,0.7991
TCGA-AR-A0U4-01,,WT,,3067.33,0.4864,-0.154,0,0,,-0.2795,0.0491,0.4998,-1,,0.5353
TCGA-AR-A1AH-01,,WT,,2747.41,0.1373,-0.445,0,0,,-0.6788,,,-1,,0.2558
TCGA-AR-A1AI-01,,WT,,4186.18,1.7073,0.003,0,0,,0.8479,,,0,,1.3246
TCGA-AR-A1AJ-01,,WT,,3047.71,0.465,-0.041,0,0,,-0.3027,,,0,,0.519
TCGA-AR-A1AK-01,,WT,,2463.82,-0.1721,0.072,0,0,,-1.0737,,,0,,-0.0207
TCGA-AR-A1AL-01,,WT,,3415.21,0.866,0.012,0,0,,0.11,,,0,,0.808
TCGA-AR-A1AM-01,,NP,,2480.73,-0.1537,-0.04,0,0,NP,-1.0489,,,0,,-0.0033
TCGA-AR-A1AN-01,,WT,,2918.31,0.3238,-0.056,0,0,,-0.46,,,0,,0.4089
TCGA-AR-A1AO-01,,WT,,2495.61,-0.1374,0.002,0,0,,-1.0272,,,0,,0.0118
TCGA-AR-A1AP-01,,WT,,2580.3,-0.045,-0.085,0,0,,-0.9063,0.0856,0.6191,0,,0.0965
TCGA-AR-A1AQ-01,,WT,,2730.89,0.1193,-0.111,0,0,,-0.7007,0.1192,0.7289,-1,,0.2405
TCGA-AR-A1AR-01,,WT,,4384.33,1.9235,0.043,0,0,,1.0156,,,0,,1.442
TCGA-AR-A1AS-01,,WT,,1881.13,-0.8079,0.056,0,0,,-2.0518,-0.169,-0.213,0,,-0.7054
TCGA-AR-A1AT-01,,WT,,1969.93,-0.711,,0,0,,-1.8846,,,NP,,-0.5884
TCGA-AR-A1AU-01,,WT,,3144.33,0.5704,-0.016,0,0,,-0.1896,,,0,,0.5982
TCGA-AR-A1AV-01,,WT,,3464.31,0.9196,0.14,0,0,,0.1617,-0.0313,0.237,1,,0.8442
TCGA-AR-A1AW-01,,WT,,2989.03,0.401,0.035,0,0,,-0.3732,0.169,0.8917,0,,0.4697
TCGA-AR-A1AX-01,,WT,,2503.59,-0.1287,-0.095,0,0,,-1.0157,,,0,,0.0199
TCGA-AR-A1AY-01,,WT,,2949.57,0.3579,-0.194,0,0,,-0.4214,,,-1,,0.436
TCGA-AR-A24H-01,,WT,,1990.67,-0.6884,-0.523,0,0,,-1.8467,,,-1,,-0.5618
TCGA-AR-A24K-01,,WT,,4862.43,2.4452,0.0,0,0,,1.3909,,,0,,1.7047
TCGA-AR-A24L-01,,WT,,2929.49,0.336,-0.422,0,0,,-0.4462,,,-1,,0.4186
TCGA-AR-A24M-01,,WT,,4596.75,2.1553,0.063,0,0,,1.1872,,,0,,1.562
TCGA-AR-A24N-01,,WT,,3157.45,0.5848,0.046,0,0,,-0.1745,,,0,,0.6088
TCGA-AR-A24O-01,,WT,,3652.07,1.1245,-0.029,0,0,,0.3531,,,0,,0.9782
TCGA-AR-A24P-01,,WT,,3845.51,1.3356,-0.01,0,0,,0.5402,,,0,,1.1091
TCGA-AR-A24Q-01,,WT,,2715.87,0.1029,0.463,0,0,,-0.7206,,,1,,0.2265
TCGA-AR-A24R-01,,WT,,4583.65,2.141,0.106,0,0,,1.1768,,,1,,1.5548
TCGA-AR-A24S-01,,WT,,3971.48,1.473,-0.369,0,0,,0.6571,,,-1,,1.191
TCGA-AR-A24T-01,,WT,,3451.16,0.9053,-0.075,0,0,,0.148,,,0,,0.8345
TCGA-AR-A24U-01,,WT,,2770.0,0.162,-0.088,0,0,,-0.6491,,,0,,0.2766
TCGA-AR-A24V-01,,WT,,2754.99,0.1456,0.027,0,0,,-0.6688,,,0,,0.2628
TCGA-AR-A24W-01,,WT,,4899.74,2.4859,-0.005,0,0,,1.4186,,,0,,1.7241
TCGA-AR-A24X-01,,WT,,3491.77,0.9496,0.021,0,0,,0.1904,,,0,,0.8642
TCGA-AR-A24Z-01,,WT,,2842.62,0.2412,0.209,0,0,,-0.5553,,,1,,0.3422
TCGA-AR-A250-01,,WT,,2668.32,0.051,0.0,0,0,,-0.7847,,,0,,0.1817
TCGA-AR-A251-01,,WT,,2253.08,-0.4021,-0.396,0,0,,-1.3978,,,-1,,-0.2476
TCGA-AR-A252-01,,WT,,4655.41,2.2193,-0.029,0,0,,1.2331,,,0,,1.5942
TCGA-AR-A254-01,,WT,,2362.86,-0.2823,0.259,0,0,,-1.2254,,,1,,-0.1269
TCGA-AR-A255-01,,WT,,2566.73,-0.0598,-0.262,0,0,,-0.9254,,,-1,,0.0832
TCGA-AR-A256-01,,WT,,2257.86,-0.3969,-0.489,0,0,,-1.3902,,,-1,,-0.2422
TCGA-AR-A2LE-01,,WT,,3721.06,1.1998,-0.008,0,0,,0.4209,,,0,,1.0256
TCGA-AR-A2LH-01,,WT,,2128.81,-0.5377,0.0,0,0,,-1.6035,,,0,,-0.3916
TCGA-AR-A2LJ-01,,WT,,1033.63,-1.7327,0.001,0,0,,-4.2217,,,0,,-2.2244
TCGA-AR-A2LK-01,,WT,,4498.68,2.0483,0.0,0,0,,1.109,,,0,,1.5073
TCGA-AR-A2LM-01,,WT,,3622.0,1.0917,0.019,0,0,,0.3231,,,0,,0.9572
TCGA-AR-A2LN-01,,WT,,3026.0,0.4413,0.016,0,0,,-0.3287,,,0,,0.5009
TCGA-AR-A2LO-01,,WT,,4091.94,1.6045,0.149,0,0,,0.7654,,,1,,1.2668
TCGA-AR-A2LQ-01,,WT,,2532.0,-0.0977,0.01,0,0,,-0.9748,,,0,,0.0486
TCGA-AR-A5QM-01,,WT,,1552.79,-1.1662,0.156,0,0,,-2.747,,,1,,-1.1921
TCGA-AR-A5QN-01,,WT,,1881.55,-0.8075,-0.015,0,0,,-2.051,,,0,,-0.7048
TCGA-AR-A5QP-01,,WT,,1919.81,-0.7657,0.082,0,0,,-1.978,,,0,,-0.6538
TCGA-AR-A5QQ-01,,WT,,1402.38,-1.3303,-0.04,0,0,,-3.1162,,,0,,-1.4506
TCGA-AS-3777-01,,WT,,1654.77,-1.0052,-0.312,0,0,,-4.0729,,,-1,,-0.9716
TCGA-AS-3778-01,,WT,,2210.17,-0.3874,-0.027,0,0,,-2.1548,,,0,,-0.2027
TCGA-AT-A5NU-01,,WT,,1216.68,-0.5574,0.286,0,0,,-4.5273,,,1,,-0.316
TCGA-AU-3779-01,,WT,,2741.2,0.3153,-0.12,0,0,,1.3919,,,-1,,0.3296
TCGA-AU-6004-01,,WT,,1765.82,-0.6965,0.012,0,0,,-1.2873,,,0,,-0.7688
TCGA-AW-A1PO-01,,WT,,4141.7467,2.7323,-0.341,0,0,,1.8702,,,-1,,1.9217
TCGA-AX-A05S-01,,WT,,1618.4626,-0.599,0.053,0,0,,-2.4624,,,0,,-0.4428
TCGA-AX-A05T-01,,WT,,2390.0855,0.4197,0.036,0,0,,-0.665,,,0,,0.5381
TCGA-AX-A05U-01,,WT,,3259.8069,1.5679,0.021,0,0,,0.766,,,0,,1.319
TCGA-AX-A05W-01,,WT,,1344.17,-0.9611,0.145,0,0,,-3.3184,,,1,,-0.91
TCGA-AX-A05Y-01,,WT,,1609.1289,-0.6113,0.018,0,0,,-2.4891,,,0,,-0.4574
TCGA-AX-A05Z-01,,E950* D153N,,961.499,-1.4663,0.01,1,1,,-4.8626,,,0,,-1.7526
TCGA-AX-A060-01,,WT,,1527.3878,-0.7192,0.051,0,0,,-2.7294,,,0,,-0.5885
TCGA-AX-A062-01,,WT,,3996.7816,2.5409,-0.009,0,0,,1.7059,,,0,,1.832
TCGA-AX-A063-01,,WT,,2031.5194,-0.0537,0.028,0,0,,-1.4145,,,0,,0.1291
TCGA-AX-A064-01,,WT,,2671.7017,0.7915,0.049,0,0,,-0.1514,,,0,,0.8184
TCGA-AX-A06B-01,,WT,,3017.3182,1.2478,-0.206,0,0,,0.4095,,,-1,,1.1245
TCGA-AX-A06F-01,,E490D,,2281.3896,0.2762,-0.002,1,1,,-0.8796,,,0,,0.421
TCGA-AX-A06H-01,,G947A T782I,,3446.1467,1.8139,0.0,1,1,,1.0223,,,0,,1.4589
TCGA-AX-A06J-01,,WT,,980.9205,-1.4407,0.04,0,0,,-4.7704,,,0,,-1.7023
TCGA-AX-A06L-01,,WT,,2303.4902,0.3054,0.001,0,0,,-0.8352,,,0,,0.4452
TCGA-AX-A0IS-01,,WT,,2847.5676,1.0237,0.075,0,0,,0.1425,,,0,,0.9788
TCGA-AX-A0IU-01,,WT,,1887.7207,-0.2435,0.07,0,0,,-1.7529,,,0,,-0.0556
TCGA-AX-A0IW-01,,WT,,818.8665,-1.6546,0.0,0,0,,-5.6024,,,0,,-2.1564
TCGA-AX-A0IZ-01,,NP,,2370.878,0.3944,-0.006,0,0,NP,-0.7022,,,0,,0.5178
TCGA-AX-A0J0-01,,WT,,3101.3978,1.3588,-0.001,0,0,,0.5363,,,0,,1.1937
TCGA-AX-A0J1-01,,E1128D E194D R439H,,2251.7049,0.237,0.053,1,1,,-0.94,,,0,,0.388
TCGA-AX-A1C4-01,,WT,,2936.1647,1.1407,0.04,0,0,,0.2838,,,0,,1.0559
TCGA-AX-A1C5-01,,WT,,2124.1524,0.0686,0.002,0,0,,-1.2089,,,0,,0.2413
TCGA-AX-A1C7-01,,WT,,772.703,-1.7156,-0.141,0,0,,-5.8697,,,-1,,-2.3023
TCGA-AX-A1C8-01,,WT,,1701.9416,-0.4888,-0.074,0,0,,-2.2306,,,0,,-0.3163
TCGA-AX-A1C9-01,,WT,,2446.6873,0.4944,-0.066,0,0,,-0.5571,,,0,,0.597
TCGA-AX-A1CA-01,,WT,,1090.4111,-1.2961,-0.068,0,0,,-4.2827,,,0,,-1.4362
TCGA-AX-A1CC-01,,WT,,2265.8446,0.2557,-0.018,0,0,,-0.9112,,,0,,0.4038
TCGA-AX-A1CE-01,,G72V P1237S S1101N,,2159.1545,0.1148,-0.002,1,1,,-1.1335,,,0,,0.2824
TCGA-AX-A1CF-01,,WT,,2273.5707,0.2659,-0.429,0,0,,-0.8955,,,-1,,0.4123
TCGA-AX-A1CI-01,,WT,,2894.7633,1.086,0.022,0,0,,0.2183,,,0,,1.0202
TCGA-AX-A1CJ-01,,WT,,1786.227,-0.3775,0.055,0,0,,-2.0077,,,0,,-0.1947
TCGA-AX-A1CK-01,,WT,,1542.2281,-0.6996,-0.162,0,0,,-2.6848,,,-1,,-0.5642
TCGA-AX-A1CN-01,,WT,,2547.4513,0.6275,-0.058,0,0,,-0.371,,,0,,0.6985
TCGA-AX-A2H2-01,,WT,,2451.0886,0.5003,-0.312,0,0,,-0.5488,,,-1,,0.6015
TCGA-AX-A2H4-01,,WT,,2246.08,0.2296,0.136,0,0,,-0.9516,,,1,,0.3817
TCGA-AX-A2H5-01,,WT,,5218.694,4.1541,-0.069,0,0,,2.9362,,,0,,2.5034
TCGA-AX-A2H7-01,,WT,,2519.6655,0.5908,0.216,0,0,,-0.4216,,,1,,0.6709
TCGA-AX-A2HA-01,,WT,,2155.7895,0.1104,0.101,0,0,,-1.1407,,,1,,0.2785
TCGA-AX-A2HC-01,,WT,,2609.3496,0.7092,0.051,0,0,,-0.2603,,,0,,0.7589
TCGA-AX-A2HD-01,,M803I P812S,,2429.032,0.4711,-0.016,1,1,,-0.5905,,,0,,0.5788
TCGA-AX-A2HG-01,,WT,,2793.9134,0.9529,-0.001,0,0,,0.0548,,,0,,0.9309
TCGA-AX-A2HH-01,,WT,,2203.7,0.1736,0.162,0,0,,-1.0394,,,1,,0.3338
TCGA-AX-A2HJ-01,,WT,,2788.767,0.9461,0.0,0,0,,0.0463,,,0,,0.9263
TCGA-AX-A2HK-01,,WT,,3791.9263,2.2704,-0.012,0,0,,1.4633,,,0,,1.6996
TCGA-AX-A2IN-01,,WT,,1478.83,-0.7833,0.028,0,0,,-2.8783,,,0,,-0.6698
TCGA-AX-A2IO-01,,WT,,2388.3396,0.4174,-0.065,0,0,,-0.6684,,,0,,0.5362
TCGA-AX-A3FS-01,,WT,,3155.19,1.4298,-0.052,0,0,,0.6156,,,0,,1.2369
TCGA-AX-A3FT-01,,WT,,2002.32,-0.0922,0.033,0,0,,-1.4812,,,0,,0.0927
TCGA-AX-A3FV-01,,WT,,2845.62,1.0211,-0.181,0,0,,0.1394,,,-1,,0.9771
TCGA-AX-A3FW-01,,WT,,2445.49,0.4929,-0.039,0,0,,-0.5594,,,0,,0.5957
TCGA-AX-A3FX-01,,WT,,2047.9,-0.032,-0.023,0,0,,-1.3774,,,0,,0.1493
TCGA-AX-A3FZ-01,,WT,,1824.45,-0.327,-0.055,0,0,,-1.9101,,,0,,-0.1414
TCGA-AX-A3G1-01,,WT,,4103.2,2.6814,0.976,0,0,,1.8271,,,1,,1.8981
TCGA-AX-A3G4-01,,WT,,1469.51,-0.7956,-0.221,0,0,,-2.9075,,,-1,,-0.6857
TCGA-AX-A3G6-01,,WT,,1486.41,-0.7733,0.062,0,0,,-2.8548,,,0,,-0.6569
TCGA-AX-A3G7-01,,WT,,1917.03,-0.2048,-0.075,0,0,,-1.6819,,,0,,-0.0169
TCGA-AX-A3G8-01,,WT,,1685.37,-0.5107,0.051,0,0,,-2.2757,,,0,,-0.3409
TCGA-AX-A3G9-01,,T903S,,2788.76,0.946,-0.002,1,1,,0.0463,,,0,,0.9263
TCGA-AX-A3GB-01,,WT,,1484.38,-0.776,0.034,0,0,,-2.8611,,,0,,-0.6604
TCGA-AX-A3GI-01,,WT,,3861.41,2.3622,0.916,1,1,,1.547,,,2,,1.7453
TCGA-AY-4070-01,,WT,,2187.3137,-0.2593,0.229,0,0,,0.0167,,,1,,-0.2342
TCGA-AY-4071-01,,WT,,2804.5661,0.381,0.038,0,0,,1.5312,,,0,,0.3866
TCGA-AY-5543-01,,WT,,1852.13,-0.607,-0.329,0,0,,-0.9966,,,-1,,-0.6496
TCGA-AY-6196-01,,WT,,2144.66,-0.3036,-0.194,0,0,,-0.1033,,,-1,,-0.2834
TCGA-AY-6197-01,,WT,,1824.61,-0.6356,0.062,0,0,,-1.0878,,,0,,-0.687
TCGA-AY-6386-01,,WT,,1524.21,-0.9472,0.032,0,0,,-2.1836,,,0,,-1.1363
TCGA-AY-A54L-01,,WT,,3664.12,1.2727,0.122,0,0,,3.1601,,,1,,1.0544
TCGA-AY-A69D-01,,WT,,2553.85,0.1209,-0.127,0,0,,0.9606,,,-1,,0.1527
TCGA-AY-A71X-01,,WT,,1777.09,-0.6849,-0.062,0,0,,-1.2486,,,0,,-0.7529
TCGA-AY-A8YK-01,,WT,,3248.39,0.8414,0.148,0,0,,2.4263,,,1,,0.7536
TCGA-AZ-4308-01,,WT,,721.5428,-1.7798,-0.003,0,0,,-6.7372,,,0,,-3.0031
TCGA-AZ-4313-01,,NP,,1424.59,-1.0505,0.057,0,0,NP,-2.5953,,,0,,-1.305
TCGA-AZ-4315-01,,WT,,1703.24,-0.7615,0.012,0,0,,-1.5071,,,0,,-0.8589
TCGA-AZ-4323-01,,WT,,3508.72,1.1114,0.315,0,0,,2.896,,,1,,0.9462
TCGA-AZ-4614-01,,WT,,2204.25,-0.2417,0.812,0,0,,0.0637,,,1,,-0.215
TCGA-AZ-4615-01,,WT,,1926.75,-0.5296,0.051,0,0,,-0.756,,,0,,-0.551
TCGA-AZ-4616-01,,WT,,2000.0,-0.4536,-0.052,0,0,,-0.5287,,,0,,-0.4578
TCGA-AZ-4681-01,,WT,,942.058,-1.5511,-0.055,0,0,,-5.1138,,,0,,-2.3375
TCGA-AZ-4682-01,,WT,,3001.13,0.5849,0.09,0,0,,1.9439,,,0,,0.5559
TCGA-AZ-4684-01,,WT,,2358.78,-0.0814,-0.022,0,0,,0.4765,,,0,,-0.0457
TCGA-AZ-5403-01,,WT,,3104.12,0.6917,0.038,0,0,,2.1495,,,0,,0.6401
TCGA-AZ-5407-01,,WT,,1947.52,-0.5081,0.085,0,0,,-0.6907,,,0,,-0.5242
TCGA-AZ-6598-01,,WT,,2451.94,0.0152,0.188,0,0,,0.7125,,,1,,0.051
TCGA-AZ-6599-01,,WT,,2479.17,0.0434,0.012,0,0,,0.7798,,,0,,0.0786
TCGA-AZ-6600-01,,WT,,3038.61,0.6238,-0.035,0,0,,2.0195,,,0,,0.5869
TCGA-AZ-6603-01,,WT,,3821.92,1.4363,0.013,0,0,,3.417,,,0,,1.1598
TCGA-AZ-6605-01,,WT,,2522.64,0.0885,0.005,0,0,,0.8857,,,0,,0.122
TCGA-AZ-6606-01,,WT,,2528.33,0.0944,0.47,0,0,,0.8994,,,1,,0.1277
TCGA-AZ-6607-01,,WT,,3663.84,1.2724,0.454,0,0,,3.1596,,,1,,1.0543
TCGA-B0-4688-01,,WT,,5471.25,3.2399,0.933,0,0,,3.8542,,,1,,2.2062
TCGA-B0-4690-01,,WT,,2446.84,-0.1242,0.016,0,0,,-1.4805,,,0,,0.0676
TCGA-B0-4691-01,,WT,,1585.5,-1.0823,-0.019,0,0,,-4.3563,,,0,,-1.0852
TCGA-B0-4693-01,,NP,,2519.32,-0.0436,0.015,0,0,NP,-1.287,,,0,,0.1452
TCGA-B0-4694-01,,NP,,1875.88,-0.7593,-0.059,0,0,NP,-3.2417,,,0,,-0.6384
TCGA-B0-4696-01,,WT,,2770.89,0.2363,-0.288,0,0,,-0.6561,,,-1,,0.3981
TCGA-B0-4697-01,,NP,,1420.08,-1.2663,-0.003,0,0,NP,-5.0864,,,0,,-1.3779
TCGA-B0-4698-01,,WT,,2904.94,0.3854,-0.015,0,0,,-0.3429,,,0,,0.5237
TCGA-B0-4699-01,,WT,,3364.43,0.8965,-0.093,0,0,,0.6305,,,0,,0.9139
TCGA-B0-4700-01,,WT,,1583.04,-1.085,0.021,0,0,,-4.3666,,,0,,-1.0894
TCGA-B0-4701-01,,WT,,1964.87,-0.6603,-0.003,0,0,,-2.9345,,,0,,-0.5153
TCGA-B0-4703-01,,NP,,2236.75,-0.3579,-0.008,0,0,NP,-2.0755,,,0,,-0.1709
TCGA-B0-4706-01,,WT,,2387.52,-0.1902,-0.001,0,0,,-1.6432,,,0,,0.0024
TCGA-B0-4707-01,,NP,,1307.32,-1.3917,-0.017,0,0,NP,-5.6347,,,0,,-1.5977
TCGA-B0-4710-01,,WT,,3424.26,0.963,0.035,0,0,,0.7474,,,0,,0.9608
TCGA-B0-4712-01,,WT,,2358.87,-0.222,-0.017,0,0,,-1.7232,,,0,,-0.0297
TCGA-B0-4713-01,,NP,,1714.29,-0.939,0.021,0,0,NP,-3.8387,,,0,,-0.8777
TCGA-B0-4714-01,,WT,,1696.66,-0.9586,0.047,0,0,,-3.9072,,,0,,-0.9052
TCGA-B0-4718-01,,NP,,2169.12,-0.4331,-0.1,0,0,NP,-2.279,,,0,,-0.2525
TCGA-B0-4810-01,,WT,,1870.97,-0.7647,0.004,0,0,,-3.2591,,,0,,-0.6454
TCGA-B0-4811-01,,WT,,1960.24,-0.6654,0.096,0,0,,-2.9502,,,0,,-0.5215
TCGA-B0-4813-01,,NP,,1496.08,-1.1817,-0.142,0,0,NP,-4.741,,,-1,,-1.2394
TCGA-B0-4814-01,,NP,,2808.79,0.2784,-0.007,0,0,NP,-0.566,,,0,,0.4342
TCGA-B0-4815-01,,WT,,1620.49,-1.0434,0.0,0,0,,-4.2116,,,0,,-1.0272
TCGA-B0-4816-01,,WT,,2242.52,-0.3515,-0.019,0,0,,-2.0585,,,0,,-0.1641
TCGA-B0-4817-01,,NP,,1450.93,-1.232,-0.017,0,0,NP,-4.944,,,0,,-1.3209
TCGA-B0-4818-01,,WT,,2208.09,-0.3898,-0.008,0,0,,-2.161,,,0,,-0.2052
TCGA-B0-4819-01,,WT,,1893.36,-0.7398,-0.021,0,0,,-3.1802,,,0,,-0.6138
TCGA-B0-4821-01,,WT,,1008.85,-1.7237,0.009,0,0,,-7.3518,,,0,,-2.2861
TCGA-B0-4822-01,,WT,,1406.74,-1.2811,0.0,0,0,,-5.149,,,0,,-1.403
TCGA-B0-4823-01,,WT,,2826.19,0.2978,0.019,0,0,,-0.5251,,,0,,0.4506
TCGA-B0-4824-01,,NP,,2212.78,-0.3845,-0.045,0,0,NP,-2.147,,,0,,-0.1995
TCGA-B0-4827-01,,WT,,1868.74,-0.7672,0.174,1,1,,-3.267,,,2,,-0.6485
TCGA-B0-4828-01,,NP,,2215.72,-0.3813,-0.043,0,0,NP,-2.1382,,,0,,-0.196
TCGA-B0-4833-01,,NP,,1556.62,-1.1144,0.012,0,0,NP,-4.4781,,,0,,-1.1341
TCGA-B0-4834-01,,NP,,2923.63,0.4062,-0.12,0,0,NP,-0.3004,,,-1,,0.5407
TCGA-B0-4836-01,,WT,,2644.13,0.0953,-0.153,0,0,,-0.9665,,,-1,,0.2737
TCGA-B0-4837-01,,NP,,1960.16,-0.6655,-0.074,0,0,NP,-2.9504,,,0,,-0.5216
TCGA-B0-4838-01,,NP,,2333.42,-0.2504,0.054,0,0,NP,-1.7951,,,0,,-0.0585
TCGA-B0-4839-01,,NP,,1920.45,-0.7097,0.054,0,0,NP,-3.0861,,,0,,-0.576
TCGA-B0-4841-01,,NP,,1862.31,-0.7744,0.041,0,0,NP,-3.2898,,,0,,-0.6577
TCGA-B0-4842-01,,WT,,1051.38,-1.6764,-0.027,0,0,,-7.0782,,,0,,-2.1764
TCGA-B0-4843-01,,NP,,1467.53,-1.2135,-0.032,0,0,NP,-4.8686,,,0,,-1.2906
TCGA-B0-4844-01,,WT,,1492.41,-1.1858,-0.069,0,0,,-4.7572,,,0,,-1.246
TCGA-B0-4845-01,,NP,,2369.57,-0.2101,-0.168,0,0,NP,-1.6932,,,-1,,-0.0176
TCGA-B0-4846-01,,NP,,3120.73,0.6254,-0.019,0,0,NP,0.1321,,,0,,0.7141
TCGA-B0-4847-01,,NP,,1391.05,-1.2986,-0.022,0,0,NP,-5.2233,,,0,,-1.4328
TCGA-B0-4848-01,,NP,,2086.61,-0.5249,-0.028,0,0,NP,-2.5361,,,0,,-0.3555
TCGA-B0-4849-01,,WT,,2078.52,-0.5339,-0.042,0,0,,-2.5618,,,0,,-0.3659
TCGA-B0-4852-01,,WT,,3584.44,1.1412,-0.023,0,0,,1.0505,,,0,,1.0823
TCGA-B0-4945-01,,WT,,2406.87,-0.1687,-0.04,0,0,,-1.5897,,,0,,0.0239
TCGA-B0-5075-01,,WT,,2058.52,-0.5561,0.008,0,0,,-2.6259,,,0,,-0.3916
TCGA-B0-5077-01,,WT,,2164.39,-0.4384,0.055,0,0,,-2.2935,,,0,,-0.2583
TCGA-B0-5080-01,,WT,,3034.92,0.5299,0.297,1,1,,-0.0527,,,2,,0.64
TCGA-B0-5081-01,,WT,,1714.49,-0.9388,0.045,0,0,,-3.8379,,,0,,-0.8774
TCGA-B0-5083-01,,WT,,2724.29,0.1844,,0,0,,-0.7685,,,NP,,0.3531
TCGA-B0-5084-01,,WT,,1911.08,-0.7201,-0.28,0,0,,-3.1185,,,-1,,-0.589
TCGA-B0-5085-01,,WT,,1430.91,-1.2542,0.001,0,0,,-5.0361,,,0,,-1.3578
TCGA-B0-5088-01,,WT,,1676.08,-0.9815,0.011,0,0,,-3.9881,,,0,,-0.9376
TCGA-B0-5092-01,,WT,,1439.74,-1.2444,-0.01,0,0,,-4.9953,,,0,,-1.3414
TCGA-B0-5094-01,,WT,,1762.59,-0.8853,-0.031,0,0,,-3.6545,,,0,,-0.8039
TCGA-B0-5095-01,,WT,,2057.42,-0.5574,-0.037,0,0,,-2.6295,,,0,,-0.393
TCGA-B0-5096-01,,WT,,2728.66,0.1893,-0.004,0,0,,-0.7579,,,0,,0.3573
TCGA-B0-5097-01,,WT,,2951.46,0.4371,-0.023,0,0,,-0.2376,,,0,,0.5659
TCGA-B0-5098-01,,WT,,2337.3,-0.246,-0.141,0,0,,-1.7841,,,-1,,-0.0541
TCGA-B0-5099-01,,WT,,2489.68,-0.0765,0.008,0,0,,-1.3654,,,0,,0.1138
TCGA-B0-5100-01,,WT,,1902.36,-0.7298,-0.029,0,0,,-3.1488,,,0,,-0.6012
TCGA-B0-5102-01,,WT,,2474.05,-0.0939,-0.012,0,0,,-1.4072,,,0,,0.097
TCGA-B0-5104-01,,WT,,2745.92,0.2085,-0.003,0,0,,-0.7161,,,0,,0.3741
TCGA-B0-5106-01,,WT,,2025.39,-0.593,0.036,0,0,,-2.7335,,,0,,-0.4347
TCGA-B0-5107-01,,WT,,1509.8,-1.1665,-0.074,0,0,,-4.6805,,,0,,-1.2152
TCGA-B0-5108-01,,WT,,2356.1,-0.2251,-0.017,0,0,,-1.731,,,0,,-0.0328
TCGA-B0-5109-01,,WT,,1409.95,-1.2775,0.114,0,0,,-5.1339,,,1,,-1.397
TCGA-B0-5110-01,,WT,,3115.06,0.6191,-0.004,0,0,,0.12,,,0,,0.7093
TCGA-B0-5113-01,,WT,,3868.64,1.4573,0.0,0,0,,1.5563,,,0,,1.285
TCGA-B0-5115-01,,WT,,2748.89,0.2118,-0.008,0,0,,-0.7089,,,0,,0.3769
TCGA-B0-5116-01,,WT,,3913.24,1.5069,-0.062,0,0,,1.6323,,,0,,1.3155
TCGA-B0-5117-01,,WT,,1783.0,-0.8626,-0.272,0,0,,-3.5782,,,-1,,-0.7733
TCGA-B0-5119-01,,WT,,3049.71,0.5464,-0.046,0,0,,-0.0205,,,0,,0.6529
TCGA-B0-5120-01,,WT,,3522.37,1.0721,-0.048,0,0,,0.9347,,,0,,1.0358
TCGA-B0-5121-01,,WT,,2249.57,-0.3436,-0.014,0,0,,-2.0377,,,0,,-0.1557
TCGA-B0-5399-01,,WT,,2851.83,0.3263,-0.047,0,0,,-0.4652,,,0,,0.4746
TCGA-B0-5400-01,,WT,,1029.03,-1.7012,0.0,0,0,,-7.2205,,,0,,-2.2335
TCGA-B0-5402-01,,WT,,4197.59,1.8232,-0.113,0,0,,2.0973,,,-1,,1.5019
TCGA-B0-5690-01,,WT,,2833.94,0.3064,0.008,0,0,,-0.5069,,,0,,0.4579
TCGA-B0-5691-01,,WT,,3334.98,0.8637,0.004,0,0,,0.5723,,,0,,0.8906
TCGA-B0-5692-01,,WT,,2007.0,-0.6134,-0.021,0,0,,-2.7939,,,0,,-0.4589
TCGA-B0-5693-01,,WT,,2989.54,0.4795,0.011,0,0,,-0.1526,,,0,,0.6
TCGA-B0-5694-01,,WT,,2466.63,-0.1022,-0.007,0,0,,-1.4271,,,0,,0.089
TCGA-B0-5695-01,,WT,,2622.62,0.0713,-0.066,0,0,,-1.0206,,,0,,0.252
TCGA-B0-5696-01,,WT,,2090.49,-0.5206,0.038,0,0,,-2.5238,,,0,,-0.3506
TCGA-B0-5697-01,,WT,,1971.59,-0.6528,0.001,0,0,,-2.9119,,,0,,-0.5062
TCGA-B0-5698-01,,WT,,1976.74,-0.6471,0.019,0,0,,-2.8946,,,0,,-0.4993
TCGA-B0-5699-01,,WT,,3738.41,1.3124,-0.039,0,0,,1.3293,,,0,,1.194
TCGA-B0-5701-01,,WT,,2195.51,-0.4038,-0.002,0,0,,-2.1989,,,0,,-0.2204
TCGA-B0-5702-01,,WT,,1005.74,-1.7272,-0.005,0,0,,-7.3722,,,0,,-2.2943
TCGA-B0-5703-01,,WT,,2458.83,-0.1109,-0.063,0,0,,-1.4481,,,0,,0.0806
TCGA-B0-5705-01,,WT,,4829.97,2.5266,0.502,0,0,,3.0276,,,1,,1.8749
TCGA-B0-5706-01,,WT,,2828.78,0.3006,-0.029,0,0,,-0.519,,,0,,0.4531
TCGA-B0-5707-01,,WT,,1390.01,-1.2997,,0,0,,-5.2283,,,NP,,-1.4348
TCGA-B0-5709-01,,R667W,,2860.91,0.3364,-0.027,1,1,,-0.4442,,,0,,0.4831
TCGA-B0-5710-01,,WT,,3275.85,0.7979,-0.013,0,0,,0.4537,,,0,,0.843
TCGA-B0-5711-01,,WT,,3770.75,1.3484,-0.019,0,0,,1.3864,,,0,,1.2169
TCGA-B0-5712-01,,E750Dfs*31,,516.51,-2.2713,-0.01,1,1,,-11.7849,,,0,,-4.0633
TCGA-B0-5713-01,,WT,,2596.34,0.0421,0.015,0,0,,-1.0874,,,0,,0.2252
TCGA-B0-5812-01,,WT,,3945.35,1.5426,0.009,0,0,,1.6865,,,0,,1.3372
TCGA-B1-5398-01,,WT,,691.163,-1.4248,0.028,0,0,,-8.7545,,,0,,-1.5721
TCGA-B1-7332-01,,WT,,1786.38,0.383,-0.108,0,0,,-1.6551,,,-1,,0.5375
TCGA-B1-A47M-01,,WT,,741.725,-1.3413,0.119,0,0,,-8.2269,,,1,,-1.4153
TCGA-B1-A47N-01,,WT,,1087.51,-0.7706,0.106,0,0,,-5.3664,,,1,,-0.5653
TCGA-B1-A654-01,,WT,,959.205,-0.9823,0.07,0,0,,-6.305,,,0,,-0.8442
TCGA-B1-A655-01,,WT,,1685.2,0.216,-0.048,0,0,,-2.0912,,,0,,0.4079
TCGA-B1-A656-01,,WT,,851.833,-1.1596,0.074,0,0,,-7.1924,,,0,,-1.1079
TCGA-B1-A657-01,,WT,,1503.13,-0.0846,0.14,0,0,,-2.9463,,,1,,0.1538
TCGA-B2-3923-01,,WT,,3838.27,1.4235,-0.289,0,0,,1.504,,,-1,,1.2641
TCGA-B2-3924-01,,WT,,2706.95,0.1651,-0.007,0,0,,-0.8108,,,0,,0.3361
TCGA-B2-4098-01,,WT,,1705.84,-0.9484,-0.053,0,0,,-3.8714,,,0,,-0.8909
TCGA-B2-4099-01,,WT,,1625.05,-1.0383,0.008,0,0,,-4.193,,,0,,-1.0198
TCGA-B2-4101-01,,WT,,2941.61,0.4262,0.023,0,0,,-0.2598,,,0,,0.557
TCGA-B2-4102-01,,WT,,2718.92,0.1784,-0.054,0,0,,-0.7816,,,0,,0.3478
TCGA-B2-5633-01,,WT,,2770.87,0.2362,-0.101,0,0,,-0.6561,,,-1,,0.3981
TCGA-B2-5635-01,,WT,,2234.55,-0.3603,-0.03,0,0,,-2.0821,,,0,,-0.1735
TCGA-B2-5639-01,,WT,,2567.95,0.0105,-0.012,0,0,,-1.1603,,,0,,0.196
TCGA-B2-5641-01,,WT,,2389.86,-0.1876,-0.089,0,0,,-1.6367,,,0,,0.005
TCGA-B2-A4SR-01,,WT,,2950.92,0.4365,-0.044,0,0,,-0.2388,,,0,,0.5654
TCGA-B3-3925-01,,WT,,2447.31,1.4739,0.089,0,0,,0.6995,,,0,,1.2372
TCGA-B3-3926-01,,WT,,2795.42,2.0484,-0.401,0,0,,1.6944,,,-1,,1.5328
TCGA-B3-4103-01,,WT,,1959.28,0.6683,0.15,0,0,,-0.9641,,,1,,0.7428
TCGA-B3-4104-01,,R146*,,972.466,-0.9605,-0.034,1,1,,-6.2024,,,0,,-0.8137
TCGA-B3-8121-01,,WT,,1654.1,0.1646,0.056,0,0,,-2.2305,,,0,,0.3665
TCGA-B3-A6W5-01,,WT,,1227.57,-0.5394,0.243,0,0,,-4.4606,,,1,,-0.2962
TCGA-B4-5377-01,,WT,,3221.21,0.7372,-0.09,0,0,,0.3422,,,0,,0.7983
TCGA-B4-5378-01,,NP,,3855.5,1.4427,-0.003,0,0,NP,1.5337,,,0,,1.276
TCGA-B4-5832-01,,WT,,7843.0,5.8781,0.012,0,0,,6.2418,,,0,,3.1634
TCGA-B4-5834-01,,WT,,3667.98,1.2341,0.011,0,0,,1.2032,,,0,,1.1435
TCGA-B4-5835-01,,WT,,3863.74,1.4519,-0.082,0,0,,1.5479,,,0,,1.2817
TCGA-B4-5836-01,,WT,,2713.37,0.1723,-0.037,0,0,,-0.7951,,,0,,0.3424
TCGA-B4-5838-01,,WT,,3013.38,0.506,0.0,0,0,,-0.1,,,0,,0.6211
TCGA-B4-5843-01,,WT,,3484.36,1.0299,0.037,0,0,,0.8627,,,0,,1.007
TCGA-B4-5844-01,,WT,,3027.38,0.5216,-0.018,0,0,,-0.0692,,,0,,0.6334
TCGA-B5-A0JN-01,,WT,,1714.65,-0.472,0.292,0,0,,-2.1963,,,1,,-0.2976
TCGA-B5-A0JR-01,,WT,,1510.22,-0.7419,0.106,0,0,,-2.7815,,,1,,-0.617
TCGA-B5-A0JS-01,,WT,,1903.7946,-0.2223,0.018,0,0,,-1.7139,,,0,,-0.0343
TCGA-B5-A0JT-01,,WT,,2190.5944,0.1563,0.197,0,0,,-1.0669,,,1,,0.3188
TCGA-B5-A0JU-01,,WT,,2791.5498,0.9497,0.0,0,0,,0.0509,,,0,,0.9288
TCGA-B5-A0JV-01,,WT,,2182.845,0.1461,0.057,0,0,,-1.0832,,,0,,0.3099
TCGA-B5-A0JX-01,,WT,,2459.7146,0.5116,0.043,0,0,,-0.5326,,,0,,0.6103
TCGA-B5-A0JY-01,,H73Y L237I L405I Y739D,,2162.8723,0.1197,-0.004,1,1,,-1.1256,,,0,,0.2867
TCGA-B5-A0JZ-01,,WT,,1803.3916,-0.3548,-0.002,0,0,,-1.9636,,,0,,-0.1706
TCGA-B5-A0K0-01,,WT,,2513.8777,0.5831,0.068,0,0,,-0.4322,,,0,,0.6652
TCGA-B5-A0K1-01,,WT,,2279.4878,0.2737,-0.001,0,0,,-0.8835,,,0,,0.4189
TCGA-B5-A0K2-01,,WT,,2162.7664,0.1196,0.0,0,0,,-1.1258,,,0,,0.2866
TCGA-B5-A0K3-01,,WT,,1624.426,-0.5911,-0.144,0,0,,-2.4455,,,-1,,-0.4336
TCGA-B5-A0K4-01,,WT,,930.5334,-1.5072,-0.061,0,0,,-5.0134,,,0,,-1.835
TCGA-B5-A0K6-01,,WT,,924.6368,-1.515,0.018,0,0,,-5.0427,,,0,,-1.8509
TCGA-B5-A0K7-01,,WT,,2063.8852,-0.0109,0.096,0,0,,-1.3416,,,0,,0.1689
TCGA-B5-A0K8-01,,WT,,3546.7325,1.9467,-0.107,0,0,,1.155,,,-1,,1.5313
TCGA-B5-A0K9-01,,WT,,1565.84,-0.6685,0.074,0,0,,-2.6148,,,0,,-0.526
TCGA-B5-A11E-01,,R370Q,,2666.9425,0.7852,0.08,1,1,,-0.1596,,,0,,0.8139
TCGA-B5-A11F-01,,WT,,1945.9581,-0.1666,0.015,0,0,,-1.6129,,,0,,0.0208
TCGA-B5-A11G-01,,WT,,1687.8381,-0.5074,-0.035,0,0,,-2.2689,,,0,,-0.3372
TCGA-B5-A11H-01,,WT,,2271.6334,0.2633,0.004,0,0,,-0.8994,,,0,,0.4102
TCGA-B5-A11I-01,,WT,,2947.0399,1.155,-0.014,0,0,,0.3009,,,0,,1.0652
TCGA-B5-A11J-01,,A998T,,2951.8728,1.1614,0.001,1,1,,0.3084,,,0,,1.0693
TCGA-B5-A11L-01,,WT,,1913.4315,-0.2096,0.039,0,0,,-1.6906,,,0,,-0.0216
TCGA-B5-A11M-01,,WT,,2619.2614,0.7223,,0,0,,-0.2428,,,NP,,0.7685
TCGA-B5-A11N-01,,WT,,1952.3615,-0.1582,-0.014,0,0,,-1.5977,,,0,,0.0291
TCGA-B5-A11O-01,,WT,,2196.5204,0.1642,-0.003,0,0,,-1.0544,,,0,,0.3256
TCGA-B5-A11P-01,,WT,,1780.2628,-0.3854,-0.232,0,0,,-2.0232,,,-1,,-0.2031
TCGA-B5-A11Q-01,,WT,,1994.2345,-0.1029,0.066,0,0,,-1.4999,,,0,,0.0825
TCGA-B5-A11R-01,,WT,,2038.64,-0.0443,0.213,0,0,,-1.3983,,,1,,0.1379
TCGA-B5-A11S-01,,WT,,2858.4564,1.0381,0.122,0,0,,0.1601,,,1,,0.9884
TCGA-B5-A11U-01,,WT,,2568.1453,0.6548,0.002,0,0,,-0.3337,,,0,,0.7189
TCGA-B5-A11V-01,,WT,,1871.0259,-0.2655,0.083,0,0,,-1.7939,,,0,,-0.078
TCGA-B5-A11W-01,,WT,,1721.8114,-0.4625,0.0,0,0,,-2.1771,,,0,,-0.2871
TCGA-B5-A11X-01,,WT,,1799.907,-0.3594,,0,0,,-1.9726,,,NP,,-0.1755
TCGA-B5-A11Y-01,,WT,,1726.727,-0.4561,-0.001,0,0,,-2.1639,,,0,,-0.2799
TCGA-B5-A11Z-01,,WT,,2565.5633,0.6514,0.045,0,0,,-0.3383,,,0,,0.7164
TCGA-B5-A121-01,,WT,,2703.8407,0.8339,0.0,0,0,,-0.0963,,,0,,0.8485
TCGA-B5-A1MR-01,,E979* F945C G603E M1200L R1045Q R1244I,,692.3575,-1.8216,0.032,1,1,,-6.3755,,,0,,-2.5783
TCGA-B5-A1MS-01,,WT,,2386.87,0.4155,-0.184,0,0,,-0.6712,,,-1,,0.5347
TCGA-B5-A1MU-01,,WT,,1942.6142,-0.171,0.0,0,0,,-1.6208,,,0,,0.0165
TCGA-B5-A1MV-01,,WT,,2131.3807,0.0782,0.053,0,0,,-1.1932,,,0,,0.2498
TCGA-B5-A1MW-01,,WT,,2060.9,-0.0149,0.046,0,0,,-1.3483,,,0,,0.1652
TCGA-B5-A1MX-01,,WT,,2333.007,0.3444,-0.001,0,0,,-0.7765,,,0,,0.4773
TCGA-B5-A1MY-01,,WT,,2699.2704,0.8279,0.099,0,0,,-0.1041,,,0,,0.8442
TCGA-B5-A1MZ-01,,WT,,2726.1283,0.8634,0.047,0,0,,-0.0584,,,0,,0.8691
TCGA-B5-A1N2-01,,WT,,3118.4738,1.3813,0.219,0,0,,0.5616,,,1,,1.2075
TCGA-B5-A3F9-01,,WT,,2125.09,0.0699,-0.043,0,0,,-1.2069,,,0,,0.2424
TCGA-B5-A3FA-01,,A1179V H108Y R1071W R146Q R422W,,1432.26,-0.8448,0.0,1,1,,-3.0258,,,0,,-0.7503
TCGA-B5-A3FB-01,,WT,,1829.29,-0.3206,0.003,0,0,,-1.8979,,,0,,-0.1347
TCGA-B5-A3FC-01,,M197I Y892C,,1969.56,-0.1355,0.001,1,1,,-1.5573,,,0,,0.0512
TCGA-B5-A3FD-01,,WT,,1802.14,-0.3565,-0.25,0,0,,-1.9668,,,-1,,-0.1724
TCGA-B5-A3FH-01,,WT,,2339.68,0.3532,0.042,0,0,,-0.7633,,,0,,0.4844
TCGA-B5-A3S1-01,,WT,,1953.36,-0.1569,0.0,0,0,,-1.5954,,,0,,0.0304
TCGA-B5-A5OC-01,,WT,,2124.83,0.0695,0.057,0,0,,-1.2074,,,0,,0.2421
TCGA-B5-A5OD-01,,WT,,745.083,-1.752,-0.398,0,0,,-6.0374,,,-1,,-2.3938
TCGA-B5-A5OE-01,,WT,,1123.25,-1.2528,-0.18,0,0,,-4.146,,,-1,,-1.3616
TCGA-B6-A0I1-01,,WT,,3027.16,0.4426,0.075,0,0,,-0.3273,,,0,,0.5019
TCGA-B6-A0I2-01,,WT,,1825.93,-0.8682,0.343,0,0,,-2.1598,,,1,,-0.781
TCGA-B6-A0I5-01,,WT,,1535.36,-1.1852,0.155,0,0,,-2.7879,,,1,,-1.2207
TCGA-B6-A0I6-01,,WT,,3493.5,0.9515,,0,0,,0.1922,,,NP,,0.8655
TCGA-B6-A0I8-01,,WT,,2662.6,0.0448,,0,0,,-0.7925,,,NP,,0.1762
TCGA-B6-A0I9-01,,D486N,,3476.74,0.9332,-0.291,1,1,,0.1747,,,-1,,0.8533
TCGA-B6-A0IA-01,,WT,,2262.45,-0.3918,0.045,0,0,,-1.3828,,,0,,-0.2371
TCGA-B6-A0IB-01,,WT,,2556.56,-0.0709,-0.062,0,0,,-0.9398,,,0,,0.0731
TCGA-B6-A0IC-01,,WT,,2698.05,0.0835,-0.033,0,0,,-0.7445,,,0,,0.2098
TCGA-B6-A0IE-01,,WT,,1847.91,-0.8442,0.298,0,0,,-2.1164,,,1,,-0.7506
TCGA-B6-A0IG-01,,WT,,1987.09,-0.6923,-0.206,0,0,,-1.8532,,,-1,,-0.5664
TCGA-B6-A0IH-01,,WT,,2740.03,0.1293,0.017,0,0,,-0.6885,,,0,,0.249
TCGA-B6-A0IJ-01,,WT,,2693.29,0.0783,0.038,0,0,,-0.7509,,,0,,0.2053
TCGA-B6-A0IK-01,,WT,,3707.51,1.185,-0.121,0,0,,0.4077,,,-1,,1.0164
TCGA-B6-A0IM-01,,WT,,5280.65,2.9016,0.018,0,0,,1.69,,,0,,1.9141
TCGA-B6-A0IN-01,,WT,,2070.02,-0.6018,-0.086,0,0,,-1.705,,,0,,-0.4626
TCGA-B6-A0IO-01,,WT,,3099.27,0.5213,0.028,0,0,,-0.2419,,,0,,0.5616
TCGA-B6-A0IP-01,,WT,,2619.56,-0.0022,0.0,0,0,,-0.8515,,,0,,0.1349
TCGA-B6-A0IQ-01,,WT,,3371.38,0.8182,0.108,0,0,,0.0632,,,1,,0.7752
TCGA-B6-A0RE-01,,WT,,2485.97,-0.1479,0.007,0,0,,-1.0413,,,0,,0.002
TCGA-B6-A0RG-01,,WT,,3743.48,1.2242,0.435,0,0,,0.4427,,,1,,1.0409
TCGA-B6-A0RH-01,,WT,,1570.5,-1.1469,-0.022,0,0,,-2.7059,,,0,,-1.1633
TCGA-B6-A0RI-01,,WT,,2278.3,-0.3746,0.011,0,0,,-1.3575,,,0,,-0.2193
TCGA-B6-A0RL-01,,WT,,2830.46,0.228,-0.065,0,0,,-0.5708,,,0,,0.3314
TCGA-B6-A0RM-01,,WT,,2643.35,0.0238,0.057,0,0,,-0.8188,,,0,,0.1578
TCGA-B6-A0RN-01,,WT,,3243.83,0.679,0.022,0,0,,-0.0767,,,0,,0.6773
TCGA-B6-A0RO-01,,WT,,4187.81,1.7091,0.027,0,0,,0.8494,,,0,,1.3256
TCGA-B6-A0RP-01,,WT,,3038.94,0.4554,-0.073,0,0,,-0.3132,,,0,,0.5117
TCGA-B6-A0RQ-01,,WT,,2800.83,0.1956,-0.004,0,0,,-0.609,,,0,,0.3047
TCGA-B6-A0RS-01,,WT,,1612.06,-1.1015,0.08,0,0,,-2.6113,,,0,,-1.0971
TCGA-B6-A0RT-01,,WT,,5674.14,3.331,0.007,0,0,,1.9506,,,0,,2.0965
TCGA-B6-A0RU-01,,WT,,4131.56,1.6477,0.036,0,0,,0.8003,,,0,,1.2912
TCGA-B6-A0RV-01,,WT,,2875.81,0.2774,0.002,0,0,,-0.5132,,,0,,0.3717
TCGA-B6-A0WS-01,,WT,,2543.34,-0.0853,-0.041,0,0,,-0.9586,,,0,,0.0599
TCGA-B6-A0WT-01,,WT,,3291.49,0.731,0.001,0,0,,-0.0238,,,0,,0.7143
TCGA-B6-A0WV-01,,WT,,4214.57,1.7383,0.011,0,0,,0.8725,,,0,,1.3417
TCGA-B6-A0WW-01,,WT,,2875.64,0.2773,-0.089,0,0,,-0.5134,,,0,,0.3715
TCGA-B6-A0WX-01,,WT,,2413.42,-0.2271,-0.103,0,0,,-1.1486,,,-1,,-0.0731
TCGA-B6-A0WY-01,,WT,,2789.69,0.1835,0.152,0,0,,-0.6234,,,1,,0.2945
TCGA-B6-A0WZ-01,,WT,,1378.7,-1.3562,0.11,0,0,,-3.178,,,1,,-1.4938
TCGA-B6-A0X0-01,,WT,,2279.59,-0.3731,0.046,0,0,,-1.3554,,,0,,-0.2179
TCGA-B6-A0X1-01,,WT,,3309.69,0.7509,0.306,0,0,,-0.0038,,,1,,0.7283
TCGA-B6-A0X4-01,,WT,,3183.59,0.6133,0.017,0,0,,-0.1446,,,0,,0.6297
TCGA-B6-A0X5-01,,WT,,2616.03,-0.006,-0.034,0,0,,-0.8564,,,0,,0.1314
TCGA-B6-A0X7-01,,WT,,3177.48,0.6066,0.004,0,0,,-0.1516,,,0,,0.6249
TCGA-B6-A1KC-01,,WT,,6940.68,4.713,0.071,0,0,,2.6812,,,0,,2.6079
TCGA-B6-A1KF-01,,WT,,2403.69,-0.2377,-0.173,0,0,,-1.1633,,,-1,,-0.0834
TCGA-B6-A1KI-01,,WT,,2767.31,0.159,0.0,0,0,,-0.6526,,,0,,0.2741
TCGA-B6-A1KN-01,,WT,,3324.1,0.7666,-0.008,0,0,,0.012,,,0,,0.7393
TCGA-B6-A2IU-01,,WT,,2512.58,-0.1189,-0.022,0,0,,-1.0027,,,0,,0.029
TCGA-B6-A3ZX-01,,WT,,2007.42,-0.6701,0.0,0,0,,-1.8163,,,0,,-0.5405
TCGA-B6-A400-01,,WT,,2109.79,-0.5584,0.062,0,0,,-1.636,,,0,,-0.4143
TCGA-B6-A401-01,,WT,,1384.54,-1.3498,0.063,0,0,,-3.1626,,,0,,-1.483
TCGA-B6-A402-01,,WT,,1361.04,-1.3755,0.028,0,0,,-3.2247,,,0,,-1.5265
TCGA-B6-A408-01,,WT,,2094.0,-0.5757,0.0,0,0,,-1.6632,,,0,,-0.4334
TCGA-B6-A409-01,,WT,,1133.23,-1.624,0.126,0,0,,-3.8884,,,1,,-1.9911
TCGA-B6-A40B-01,,WT,,1164.94,-1.5894,0.0,0,0,,-3.7884,,,0,,-1.9211
TCGA-B6-A40C-01,,WT,,1300.86,-1.4411,-0.003,0,0,,-3.3885,,,0,,-1.6412
TCGA-B7-5816-01,,WT,,1596.2488,-1.3743,0.039,0,0,,-0.9089,,,0,,-1.533
TCGA-B7-5818-01,,WT,,1247.4979,-1.8044,-0.123,0,0,,-1.694,,,-1,,-2.2547
TCGA-B7-A5TI-01,,WT,,2214.3395,-0.6118,-0.169,0,0,,0.1336,,,-1,,-0.5746
TCGA-B7-A5TJ-01,,WT,,1939.5602,-0.9508,0.204,0,0,,-0.2885,,,1,,-0.9626
TCGA-B7-A5TK-01,,WT,,4069.8423,1.6769,0.015,0,0,,2.0726,,,0,,1.208
TCGA-B7-A5TN-01,,WT,,2807.8593,0.1203,-0.224,0,0,,0.8901,,,-1,,0.1209
TCGA-B8-4143-01,,WT,,2044.17,-0.5721,-0.048,0,0,,-2.6723,,,0,,-0.4101
TCGA-B8-4146-01,,WT,,8359.83,6.4529,-0.008,0,0,,6.6649,,,0,,3.333
TCGA-B8-4148-01,,WT,,2614.39,0.0622,-0.023,0,0,,-1.0415,,,0,,0.2436
TCGA-B8-4151-01,,WT,,2276.7,-0.3134,-0.047,0,0,,-1.9582,,,0,,-0.1239
TCGA-B8-4153-01,,WT,,2263.09,-0.3286,-0.02,0,0,,-1.9979,,,0,,-0.1398
TCGA-B8-4154-01,,WT,,2819.98,0.2909,-0.028,0,0,,-0.5397,,,0,,0.4448
TCGA-B8-4619-01,,WT,,2634.03,0.084,-0.06,0,0,,-0.9919,,,0,,0.2635
TCGA-B8-4620-01,,WT,,4322.3,1.9619,0.0,0,0,,2.2914,,,0,,1.5797
TCGA-B8-4621-01,,WT,,1766.37,-0.8811,0.068,0,0,,-3.6404,,,0,,-0.7982
TCGA-B8-4622-01,,NP,,3200.69,0.7143,0.007,0,0,NP,0.2998,,,0,,0.7813
TCGA-B8-5158-01,,WT,,2497.7,-0.0676,-0.05,0,0,,-1.3441,,,0,,0.1223
TCGA-B8-5159-01,,WT,,3669.41,1.2357,0.544,0,0,,1.2058,,,1,,1.1445
TCGA-B8-5162-01,,WT,,2442.44,-0.1291,-0.061,0,0,,-1.4924,,,0,,0.0629
TCGA-B8-5163-01,,WT,,2684.47,0.1401,0.03,0,0,,-0.8661,,,0,,0.3139
TCGA-B8-5164-01,,WT,,2847.11,0.321,-0.053,0,0,,-0.4762,,,0,,0.4702
TCGA-B8-5165-01,,WT,,3901.4,1.4937,0.0,0,0,,1.6122,,,0,,1.3074
TCGA-B8-5545-01,,WT,,3094.23,0.5959,-0.029,0,0,,0.0756,,,0,,0.6914
TCGA-B8-5546-01,,WT,,3085.41,0.5861,-0.001,0,0,,0.0566,,,0,,0.6838
TCGA-B8-5549-01,,WT,,3210.88,0.7257,-0.125,0,0,,0.3209,,,-1,,0.7898
TCGA-B8-5550-01,,WT,,1973.28,-0.6509,0.044,0,0,,-2.9062,,,0,,-0.5039
TCGA-B8-5551-01,,WT,,2032.46,-0.5851,0.025,0,0,,-2.7104,,,0,,-0.4254
TCGA-B8-5552-01,,WT,,2868.9,0.3453,-0.004,0,0,,-0.4257,,,0,,0.4905
TCGA-B8-5553-01,,WT,,2408.65,-0.1667,-0.017,0,0,,-1.5848,,,0,,0.0258
TCGA-B8-A54D-01,,WT,,2853.04,0.3276,0.598,1,1,,-0.4624,,,2,,0.4758
TCGA-B8-A54E-01,,WT,,1373.92,-1.3176,0.016,0,0,,-5.3054,,,0,,-1.4657
TCGA-B8-A54F-01,,WT,,2477.96,-0.0896,-0.02,0,0,,-1.3967,,,0,,0.1012
TCGA-B8-A54G-01,,WT,,1950.81,-0.6759,-0.031,0,0,,-2.9821,,,0,,-0.5343
TCGA-B8-A54H-01,,WT,,2130.05,-0.4766,-0.023,0,0,,-2.3995,,,0,,-0.3008
TCGA-B8-A54I-01,,WT,,1037.36,-1.692,0.1,0,0,,-7.1671,,,0,,-2.2121
TCGA-B8-A54J-01,,WT,,1871.79,-0.7638,0.0,0,0,,-3.2562,,,0,,-0.6442
TCGA-B8-A7U6-01,,WT,,1652.91,-1.0073,-0.025,0,0,,-4.0803,,,0,,-0.9746
TCGA-B8-A8YJ-01,,WT,,2042.58,-0.5739,0.0,0,0,,-2.6774,,,0,,-0.4122
TCGA-B9-4113-01,,WT,,1719.37,0.2724,0.151,0,0,,-1.9411,,,1,,0.4525
TCGA-B9-4114-01,,WT,,1660.6,0.1754,0.174,0,0,,-2.2012,,,1,,0.3752
TCGA-B9-4115-01,,WT,,1726.34,0.2839,0.05,0,0,,-1.9108,,,0,,0.4615
TCGA-B9-4116-01,,WT,,2967.64,2.3327,0.22,1,1,,2.1416,,,2,,1.6657
TCGA-B9-4117-01,,WT,,3018.64,2.4169,0.258,0,0,,2.2691,,,1,,1.7036
TCGA-B9-4617-01,,WT,,1164.52,-0.6435,0.377,0,0,,-4.8549,,,1,,-0.4133
TCGA-B9-5155-01,,WT,,2015.9,0.7618,0.133,0,0,,-0.751,,,1,,0.8061
TCGA-B9-5156-01,,WT,,1744.11,0.3132,0.134,0,0,,-1.8342,,,1,,0.4843
TCGA-B9-7268-01,,WT,,1567.89,0.0223,0.172,0,0,,-2.6308,,,1,,0.2475
TCGA-B9-A44B-01,,WT,,1461.21,-0.1538,0.61,0,0,,-3.1578,,,1,,0.091
TCGA-B9-A5W7-01,,WT,,1618.44,0.1058,0.084,0,0,,-2.3935,,,0,,0.3181
TCGA-B9-A5W8-01,,WT,,1124.28,-0.7099,-0.094,0,0,,-5.1178,,,0,,-0.4915
TCGA-B9-A5W9-01,,WT,,1235.38,-0.5265,0.282,0,0,,-4.4132,,,1,,-0.2821
TCGA-B9-A69E-01,,WT,,1424.12,-0.215,-0.081,0,0,,-3.3501,,,0,,0.0338
TCGA-B9-A8YH-01,,WT,,1645.75,0.1508,0.174,0,0,,-2.2684,,,1,,0.3552
TCGA-B9-A8YI-01,,WT,,1385.56,-0.2786,-0.007,0,0,,-3.5553,,,0,,-0.0272
TCGA-BA-4074-01,,WT,,2019.4,-0.308,-0.12,0,0,,-0.0239,,,-1,,-0.2609
TCGA-BA-4076-01,,WT,,2453.63,0.2043,-0.125,0,0,,0.7151,,,-1,,0.1965
TCGA-BA-4078-01,,WT,,3144.34,1.0192,-0.264,0,0,,1.6563,,,-1,,0.7789
TCGA-BA-5149-01,,WT,,3235.11,1.1263,0.307,0,0,,1.7643,,,1,,0.8458
TCGA-BA-5151-01,,WT,,2563.04,0.3334,0.065,0,0,,0.8806,,,0,,0.2989
TCGA-BA-5152-01,,WT,,2146.75,-0.1578,-0.088,0,0,,0.2081,,,0,,-0.1173
TCGA-BA-5153-01,,WT,,3156.04,1.033,-0.077,0,0,,1.6704,,,0,,0.7877
TCGA-BA-5555-01,,WT,,2755.09,0.5599,-0.012,0,0,,1.1548,,,0,,0.4686
TCGA-BA-5556-01,,WT,,1913.97,-0.4324,0.038,0,0,,-0.2273,,,0,,-0.3868
TCGA-BA-5557-01,,WT,,3210.72,1.0975,0.013,0,0,,1.7356,,,0,,0.828
TCGA-BA-5558-01,,WT,,2252.64,-0.0329,0.018,0,0,,0.3908,,,0,,-0.0042
TCGA-BA-5559-01,,WT,,4231.87,2.3023,0.023,0,0,,2.7836,,,0,,1.4765
TCGA-BA-6868-01,,WT,,1852.27,-0.5052,-0.115,0,0,,-0.3517,,,-1,,-0.4637
TCGA-BA-6869-01,,WT,,1231.71,-1.2374,-0.017,0,0,,-1.8994,,,0,,-1.4215
TCGA-BA-6870-01,,L742I,,2031.22,-0.2941,0.0,1,1,,-0.0018,,,0,,-0.2471
TCGA-BA-6871-01,,WT,,3243.09,1.1357,-0.045,0,0,,1.7737,,,0,,0.8516
TCGA-BA-6872-01,,WT,,1390.05,-1.0506,0.342,0,0,,-1.4407,,,1,,-1.1376
TCGA-BA-6873-01,,WT,,2771.68,0.5795,0.02,0,0,,1.1776,,,0,,0.4827
TCGA-BA-7269-01,,WT,,1154.83,-1.3281,0.227,0,0,,-2.1439,,,1,,-1.5728
TCGA-BA-A4IF-01,,WT,,1804.49,-0.5616,0.04,0,0,,-0.4508,,,0,,-0.525
TCGA-BA-A4IG-01,,WT,,2839.78,0.6599,-0.077,0,0,,1.2697,,,0,,0.5397
TCGA-BA-A4IH-01,,WT,,3370.42,1.2859,-0.151,0,0,,1.9198,,,-1,,0.942
TCGA-BA-A4II-01,,WT,,2845.67,0.6668,-0.002,0,0,,1.2776,,,0,,0.5446
TCGA-BA-A6D8-01,,WT,,822.603,-1.72,-0.104,0,0,,-3.4303,,,-1,,-2.3689
TCGA-BA-A6DA-01,,WT,,972.856,-1.5428,-0.053,0,0,,-2.7942,,,0,,-1.9752
TCGA-BA-A6DB-01,,WT,,1438.71,-0.9932,0.0,0,0,,-1.3102,,,0,,-1.0569
TCGA-BA-A6DD-01,,WT,,1241.29,-1.2261,0.021,0,0,,-1.8701,,,0,,-1.4033
TCGA-BA-A6DE-01,,WT,,3001.16,0.8503,-0.192,0,0,,1.4795,,,-1,,0.6695
TCGA-BA-A6DF-01,,WT,,,,0.01,0,0,,,,,0,,
TCGA-BA-A6DG-01,,WT,,1627.75,-0.7701,0.012,0,0,,-0.8419,,,0,,-0.7671
TCGA-BA-A6DI-01,,WT,,2402.18,0.1436,-0.005,0,0,,0.6347,,,0,,0.1467
TCGA-BA-A6DJ-01,,WT,,1578.96,-0.8277,0.02,0,0,,-0.9573,,,0,,-0.8385
TCGA-BA-A6DL-01,,WT,,1267.92,-1.1947,-0.102,0,0,,-1.7896,,,-1,,-1.3535
TCGA-BA-A8YP-01,,WT,,3084.66,0.9488,0.335,0,0,,1.5836,,,1,,0.7339
TCGA-BB-4217-01,,WT,,2623.39,0.4046,0.002,0,0,,0.969,,,0,,0.3536
TCGA-BB-4223-01,,WT,,3153.38,1.0299,0.102,0,0,,1.6672,,,1,,0.7857
TCGA-BB-4224-01,,WT,,4176.36,2.2368,0.037,0,0,,2.7335,,,0,,1.4455
TCGA-BB-4225-01,,WT,,1787.18,-0.582,-0.683,1,1,,-0.4874,,,-2,,-0.5477
TCGA-BB-4227-01,,WT,,3058.77,0.9182,-0.26,0,0,,1.5516,,,-1,,0.7141
TCGA-BB-4228-01,,WT,,3580.23,1.5335,0.007,0,0,,2.149,,,0,,1.0838
TCGA-BB-7861-01,,WT,,4351.42,2.4433,0.006,0,0,,2.8893,,,0,,1.542
TCGA-BB-7862-01,,NP,,2692.82,0.4865,-0.146,0,0,NP,1.0681,,,-1,,0.4149
TCGA-BB-7863-01,,NP,,1847.62,-0.5107,0.026,0,0,NP,-0.3612,,,0,,-0.4696
TCGA-BB-7864-01,,NP,,2688.09,0.4809,0.005,0,0,NP,1.0614,,,0,,0.4108
TCGA-BB-7866-01,,WT,,2882.09,0.7098,-0.074,0,0,,1.3258,,,0,,0.5744
TCGA-BB-7870-01,,WT,,2119.89,-0.1895,-0.055,0,0,,0.1604,,,0,,-0.1468
TCGA-BB-7871-01,,WT,,2136.31,-0.1701,-0.199,0,0,,0.1896,,,-1,,-0.1287
TCGA-BB-7872-01,,WT,,3560.19,1.5098,0.014,0,0,,2.1277,,,0,,1.0706
TCGA-BB-8596-01,,WT,,2170.39,-0.1299,0.126,0,0,,0.2497,,,1,,-0.0915
TCGA-BB-8601-01,,WT,,1468.02,-0.9586,-0.098,0,0,,-1.2337,,,0,,-1.0095
TCGA-BB-A5HU-01,,WT,,4115.6,2.1651,0.531,0,0,,2.6779,,,1,,1.4111
TCGA-BB-A5HY-01,,WT,,4378.35,2.4751,1.28,0,0,,2.9127,,,1,,1.5565
TCGA-BB-A5HZ-01,,WT,,1853.57,-0.5037,-0.009,0,0,,-0.349,,,0,,-0.462
TCGA-BB-A6UM-01,,WT,,2888.47,0.7173,0.689,0,0,,1.3342,,,1,,0.5796
TCGA-BB-A6UO-01,,WT,,1266.7,-1.1961,0.223,0,0,,-1.7932,,,1,,-1.3558
TCGA-BC-4072-01,,WT,,1721.48,0.5904,0.075,0,0,,0.7106,,,0,,0.4606
TCGA-BC-4073-01,,WT,,2406.22,1.9347,-0.034,0,0,,2.0634,,,0,,1.2166
TCGA-BC-A10Q-01,,WT,,1457.21,0.0716,-0.018,0,0,,0.0375,,,0,,0.0844
TCGA-BC-A10R-01,,WT,,1954.38,1.0476,-0.134,0,0,,1.2232,,,-1,,0.747
TCGA-BC-A10S-01,,NP,,1122.37,-0.5857,-0.011,0,0,NP,-1.0169,,,0,,-0.5049
TCGA-BC-A10T-01,,WT,,1595.76,0.3436,-0.015,0,0,,0.4043,,,0,,0.2894
TCGA-BC-A10U-01,,WT,,3910.32,4.8874,1.01,0,0,,4.0252,,,1,,2.313
TCGA-BC-A10W-01,,WT,,1769.95,0.6856,0.075,0,0,,0.8228,,,0,,0.5232
TCGA-BC-A10X-01,,WT,,1794.56,0.7339,0.008,0,0,,0.8786,,,0,,0.5544
TCGA-BC-A10Y-01,,WT,,2039.68,1.2151,-0.053,0,0,,1.3958,,,0,,0.8435
TCGA-BC-A10Z-01,,WT,,2322.01,1.7693,-0.581,0,0,,1.9195,,,-1,,1.1362
TCGA-BC-A110-01,,NP,,1004.0,-0.8181,-0.002,0,0,NP,-1.4669,,,0,,-0.7564
TCGA-BC-A112-01,,WT,,1935.22,1.01,-0.107,0,0,,1.1834,,,-1,,0.7248
TCGA-BC-A216-01,,WT,,2393.28,1.9093,-0.016,0,0,,2.0416,,,0,,1.2044
TCGA-BC-A217-01,,WT,,1947.32,1.0338,-0.157,0,0,,1.2086,,,-1,,0.7388
TCGA-BC-A3KF-01,,WT,,1435.06,0.0282,-0.645,0,0,,-0.0244,,,-1,,0.0498
TCGA-BC-A3KG-01,,WT,,3074.83,3.2472,-0.107,0,0,,3.054,,,-1,,1.7702
TCGA-BC-A5W4-01,,WT,,866.345,-1.0883,-0.267,0,0,,-2.0623,,,-1,,-1.0891
TCGA-BC-A69H-01,,WT,,424.088,-1.9565,0.034,0,0,,-4.9445,,,0,,-2.6999
TCGA-BC-A69I-01,,NP,,1401.33,-0.0381,0.782,0,0,NP,-0.1204,,,1,,-0.0039
TCGA-BC-A8YO-01,,WT,,2983.79,3.0685,-0.078,0,0,,2.9326,,,0,,1.7023
TCGA-BD-A2L6-01,,WT,,1222.96,-0.3882,0.039,0,0,,-0.6703,,,0,,-0.3112
TCGA-BD-A3EP-01,,WT,,1857.27,0.857,0.005,0,0,,1.0173,,,0,,0.632
TCGA-BF-A1PU-01,,WT,,781.169,-1.4848,,0,0,,,,,NP,,-1.3102
TCGA-BF-A1PV-01,,WT,,1814.11,-0.3811,,0,0,,,,,NP,,0.0126
TCGA-BF-A1PX-01,,WT,,933.959,-1.3216,,0,0,,,,,NP,,-1.0298
TCGA-BF-A1PZ-01,,WT,,1132.69,-1.1092,,0,0,,,,,NP,,-0.727
TCGA-BF-A1Q0-01,,WT,,2362.79,0.2051,,0,0,,,,,NP,,0.4276
TCGA-BF-A3DJ-01,,WT,,2263.66,0.0992,,0,0,,,,,NP,,0.3603
TCGA-BF-A3DL-01,,WT,,345.994,-1.9498,,0,0,,,,,NP,,-2.5873
TCGA-BF-A3DM-01,,WT,,1939.78,-0.2468,,0,0,,,,,NP,,0.1178
TCGA-BF-A3DN-01,,WT,,2473.36,0.3233,,0,0,,,,,NP,,0.4994
TCGA-BF-A5EO-01,,WT,,325.593,-1.9716,,0,0,,,,,NP,,-2.6825
TCGA-BF-A5EP-01,,WT,,767.189,-1.4997,,0,0,,,,,NP,,-1.3385
TCGA-BF-A5EQ-01,,WT,,1316.72,-0.9126,,0,0,,,,,NP,,-0.4906
TCGA-BF-A5ER-01,,WT,,229.1,-2.0747,,0,0,,,,,NP,,-3.2328
TCGA-BF-A5ES-01,,WT,,639.884,-1.6358,,0,0,,,,,NP,,-1.6232
TCGA-BF-AAP0-06,,WT,,1485.52,-0.7322,-0.018,0,0,,,,,0,,-0.3012
TCGA-BG-A0LW-01,,WT,,2142.6096,0.093,0.0,0,0,,-1.169,,,0,,0.263
TCGA-BG-A0LX-01,,WT,,2546.6917,0.6265,0.059,0,0,,-0.3724,,,0,,0.6978
TCGA-BG-A0M0-01,,WT,,2115.4159,0.0571,0.125,0,0,,-1.2279,,,1,,0.2309
TCGA-BG-A0M2-01,,WT,,2339.6216,0.3531,0.168,0,0,,-0.7634,,,1,,0.4844
TCGA-BG-A0M3-01,,WT,,1662.7205,-0.5406,0.129,0,0,,-2.3381,,,1,,-0.3749
TCGA-BG-A0M4-01,,WT,,1541.2858,-0.7009,0.123,0,0,,-2.6877,,,1,,-0.5657
TCGA-BG-A0M6-01,,A532V,,2688.6478,0.8139,0.884,1,1,,-0.1223,,,1,,0.8343
TCGA-BG-A0M7-01,,WT,,1269.9703,-1.0591,-0.001,0,0,,-3.5802,,,0,,-1.0528
TCGA-BG-A0M9-01,,WT,,1525.4071,-0.7218,0.032,0,0,,-2.7354,,,0,,-0.5918
TCGA-BG-A0MA-01,,WT,,2003.3577,-0.0908,0.035,0,0,,-1.4788,,,0,,0.094
TCGA-BG-A0MC-01,,WT,,823.5418,-1.6484,-0.001,0,0,,-5.5762,,,0,,-2.1421
TCGA-BG-A0MG-01,,WT,,2043.3834,-0.038,0.067,0,0,,-1.3876,,,0,,0.1437
TCGA-BG-A0MI-01,,WT,,1781.8162,-0.3833,-0.002,0,0,,-2.0191,,,0,,-0.2009
TCGA-BG-A0MK-01,,WT,,1371.99,-0.9244,0.007,0,0,,-3.224,,,0,,-0.8584
TCGA-BG-A0MO-01,,WT,,1906.6681,-0.2185,0.012,0,0,,-1.7069,,,0,,-0.0305
TCGA-BG-A0MQ-01,,WT,,2272.4788,0.2645,0.036,0,0,,-0.8977,,,0,,0.4111
TCGA-BG-A0MT-01,,WT,,2290.4046,0.2881,0.055,0,0,,-0.8614,,,0,,0.4309
TCGA-BG-A0MU-01,,WT,,1659.9856,-0.5442,0.008,0,0,,-2.3456,,,0,,-0.3791
TCGA-BG-A0RY-01,,WT,,1512.1955,-0.7393,0.249,0,0,,-2.7755,,,1,,-0.6137
TCGA-BG-A0VT-01,,WT,,3483.5657,1.8633,0.094,0,0,,1.0721,,,0,,1.4861
TCGA-BG-A0VV-01,,WT,,2143.9513,0.0948,0.02,0,0,,-1.1661,,,0,,0.2646
TCGA-BG-A0VW-01,,WT,,1911.3388,-0.2123,-0.011,0,0,,-1.6956,,,0,,-0.0243
TCGA-BG-A0VX-01,,WT,,2050.8235,-0.0282,0.0,0,0,,-1.3709,,,0,,0.1529
TCGA-BG-A0VZ-01,,WT,,2598.8058,0.6953,-0.003,0,0,,-0.279,,,0,,0.7488
TCGA-BG-A0W1-01,,WT,,1980.4343,-0.1211,0.138,0,0,,-1.5319,,,1,,0.065
TCGA-BG-A0W2-01,,WT,,2238.2312,0.2192,0.034,0,0,,-0.9677,,,0,,0.3729
TCGA-BG-A0YU-01,,WT,,2394.1512,0.4251,0.013,0,0,,-0.6572,,,0,,0.5424
TCGA-BG-A0YV-01,,WT,,2907.8535,1.1033,-0.28,0,0,,0.2391,,,-1,,1.0315
TCGA-BG-A186-01,,WT,,2420.87,0.4604,0.008,0,0,,-0.606,,,0,,0.5703
TCGA-BG-A187-01,,WT,,1485.3642,-0.7747,0.037,0,0,,-2.858,,,0,,-0.6587
TCGA-BG-A18A-01,,WT,,1322.2205,-0.9901,0.025,0,0,,-3.3943,,,0,,-0.9514
TCGA-BG-A18B-01,,WT,,2681.534,0.8045,0.0,0,0,,-0.1345,,,0,,0.8276
TCGA-BG-A18C-01,,WT,,1913.8926,-0.209,-0.187,0,0,,-1.6895,,,-1,,-0.021
TCGA-BG-A222-01,,WT,,3131.9418,1.3991,0.027,0,0,,0.5815,,,0,,1.2183
TCGA-BG-A2AD-01,,NP,,2078.5108,0.0084,-0.007,0,0,NP,-1.309,,,0,,0.1866
TCGA-BG-A2AE-01,,WT,,2651.0643,0.7643,0.073,0,0,,-0.1872,,,0,,0.7989
TCGA-BG-A2L7-01,,WT,,3305.9023,1.6288,0.0,0,0,,0.8308,,,0,,1.3544
TCGA-BG-A3EW-01,,WT,,2155.53,0.1101,0.052,0,0,,-1.1413,,,0,,0.2782
TCGA-BG-A3PP-01,,WT,,2400.62,0.4336,-0.059,0,0,,-0.6447,,,0,,0.5492
TCGA-BH-A0AU-01,,WT,,2963.9,0.3736,0.0,0,0,,-0.4038,,,0,,0.4483
TCGA-BH-A0AV-01,,WT,,3843.18,1.333,0.026,0,0,,0.538,-0.0045,0.3246,0,,1.1076
TCGA-BH-A0AW-01,,P1129S,,2225.24,-0.4325,0.117,1,1,,-1.4429,,,1,,-0.2791
TCGA-BH-A0AY-01,,WT,,1687.53,-1.0192,0.156,0,0,,-2.4454,,,1,,-0.981
TCGA-BH-A0AZ-01,,WT,,2157.64,-0.5062,-0.023,0,0,,-1.5547,,,0,,-0.3574
TCGA-BH-A0B0-01,,WT,,2287.07,-0.365,-0.114,0,0,,-1.3436,,,-1,,-0.2096
TCGA-BH-A0B1-01,,WT,,3579.36,1.0452,,0,0,,0.2802,,,NP,,0.9271
TCGA-BH-A0B2-01,,WT,,2296.62,-0.3546,0.014,0,0,,-1.3285,,,0,,-0.199
TCGA-BH-A0B3-01,,WT,,1927.63,-0.7572,0.029,0,0,,-1.9633,,,0,,-0.6434
TCGA-BH-A0B4-01,,WT,,1599.81,-1.1149,0.018,0,0,,-2.6389,,,0,,-1.1164
TCGA-BH-A0B5-01,,WT,,3094.4,0.516,-0.09,0,0,,-0.2476,,,0,,0.5576
TCGA-BH-A0B7-01,,WT,,2740.89,0.1302,0.062,0,0,,-0.6874,,,0,,0.2498
TCGA-BH-A0B8-01,,WT,,4209.21,1.7324,,0,0,,0.8678,,,NP,,1.3385
TCGA-BH-A0B9-01,,WT,,3131.66,0.5566,-0.072,0,0,,-0.2042,,,0,,0.588
TCGA-BH-A0BA-01,,WT,,3499.61,0.9581,0.0,0,0,,0.1985,,,0,,0.8699
TCGA-BH-A0BC-01,,WT,,2352.66,-0.2934,-0.037,0,0,,-1.2411,,,0,,-0.1378
TCGA-BH-A0BD-01,,WT,,2971.22,0.3816,0.047,0,0,,-0.3949,,,0,,0.4545
TCGA-BH-A0BF-01,,WT,,2266.01,-0.388,-0.047,0,0,,-1.3771,,,0,,-0.2331
TCGA-BH-A0BG-01,,WT,,3385.97,0.8341,0.051,0,0,,0.0788,,,0,,0.7861
TCGA-BH-A0BJ-01,,WT,,3061.42,0.48,-0.003,0,0,,-0.2865,,,0,,0.5304
TCGA-BH-A0BL-01,,WT,,3535.02,0.9968,-0.577,1,1,,0.235,,,-2,,0.8955
TCGA-BH-A0BM-01,,WT,,2820.38,0.217,-0.031,0,0,,-0.5838,,,0,,0.3223
TCGA-BH-A0BO-01,,WT,,2580.57,-0.0447,-0.001,0,0,,-0.9059,,,0,,0.0968
TCGA-BH-A0BP-01,,WT,,2901.2,0.3051,0.009,0,0,,-0.4813,,,0,,0.394
TCGA-BH-A0BQ-01,,WT,,1942.22,-0.7413,0.003,0,0,,-1.936,,,0,,-0.6243
TCGA-BH-A0BR-01,,WT,,1997.85,-0.6806,-0.405,0,0,,-1.8336,,,-1,,-0.5527
TCGA-BH-A0BS-01,,WT,,3150.68,0.5774,0.008,0,0,,-0.1823,,,0,,0.6034
TCGA-BH-A0BT-01,,WT,,1825.34,-0.8688,0.0,0,0,,-2.1609,,,0,,-0.7818
TCGA-BH-A0BV-01,,WT,,4219.49,1.7437,-0.322,0,0,,0.8767,0.159,0.859,-1,,1.3447
TCGA-BH-A0BW-01,,WT,,3610.54,1.0792,-0.057,0,0,,0.3116,,,0,,0.9491
TCGA-BH-A0BZ-01,,WT,,1893.28,-0.7947,0.0,0,0,,-2.0285,-0.5695,-1.522,0,,-0.6891
TCGA-BH-A0C0-01,,WT,,2158.06,-0.5058,0.0,0,0,,-1.554,-0.7372,-2.0701,0,,-0.3569
TCGA-BH-A0C1-01,,WT,,3146.98,0.5733,0.0,0,0,,-0.1865,0.1937,0.9724,0,,0.6004
TCGA-BH-A0C3-01,,WT,,2563.87,-0.0629,-0.024,0,0,,-0.9294,,,0,,0.0803
TCGA-BH-A0C7-01,,WT,,3429.24,0.8813,-0.038,0,0,,0.1249,-0.738,-2.0727,0,,0.8184
TCGA-BH-A0DD-01,,WT,,4055.67,1.5649,0.032,0,0,,0.7331,0.4374,1.7689,0,,1.2442
TCGA-BH-A0DE-01,,WT,,2454.14,-0.1827,-0.084,0,0,,-1.088,,,0,,-0.0307
TCGA-BH-A0DG-01,,WT,,1835.21,-0.858,-0.16,0,0,,-2.1414,-0.3336,-0.751,-1,,-0.7681
TCGA-BH-A0DH-01,,WT,,2975.16,0.3859,-0.156,0,0,,-0.3901,,,-1,,0.4579
TCGA-BH-A0DI-01,,WT,,2325.85,-0.3227,0.0,0,0,,-1.2826,,,0,,-0.1669
TCGA-BH-A0DK-01,,WT,,1995.05,-0.6836,-0.058,0,0,,-1.8387,,,0,,-0.5562
TCGA-BH-A0DL-01,,WT,,3676.34,1.151,0.259,0,0,,0.3771,,,1,,0.995
TCGA-BH-A0DO-01,,WT,,3490.87,0.9486,0.063,0,0,,0.1894,,,0,,0.8636
TCGA-BH-A0DP-01,,WT,,3366.05,0.8124,0.054,0,0,,0.0574,,,0,,0.7712
TCGA-BH-A0DQ-01,,WT,,3699.22,1.1759,0.437,0,0,,0.3996,,,1,,1.0107
TCGA-BH-A0DS-01,,WT,,1839.17,-0.8537,0.212,0,0,,-2.1336,,,1,,-0.7626
TCGA-BH-A0DT-01,,WT,,2827.94,0.2252,0.092,0,0,,-0.5741,,,0,,0.3291
TCGA-BH-A0DV-01,,WT,,2394.46,-0.2478,0.023,0,0,,-1.1772,,,0,,-0.0932
TCGA-BH-A0DX-01,,WT,,2157.8,-0.506,-0.201,0,0,,-1.5545,,,-1,,-0.3572
TCGA-BH-A0DZ-01,,WT,,2369.49,-0.275,-0.059,0,0,,-1.2152,,,0,,-0.1198
TCGA-BH-A0E0-01,,WT,,2483.24,-0.1509,-0.072,0,0,,-1.0453,-0.2309,-0.4153,0,,-0.0008
TCGA-BH-A0E1-01,,WT,,2525.24,-0.1051,0.031,0,0,,-0.9845,-0.2379,-0.4382,0,,0.0418
TCGA-BH-A0E2-01,,WT,,3140.5,0.5663,-0.046,0,0,,-0.194,,,0,,0.5951
TCGA-BH-A0E6-01,,WT,,2714.02,0.1009,0.316,0,0,,-0.7231,,,1,,0.2248
TCGA-BH-A0E7-01,,WT,,2728.27,0.1164,0.034,0,0,,-0.7041,,,0,,0.238
TCGA-BH-A0E9-01,,WT,,3582.41,1.0485,0.008,0,0,,0.2833,0.0748,0.5838,0,,0.9293
TCGA-BH-A0EA-01,,WT,,3676.52,1.1512,0.042,0,0,,0.3773,,,0,,0.9951
TCGA-BH-A0EB-01,,WT,,2779.39,0.1722,-0.008,0,0,,-0.6368,,,0,,0.2852
TCGA-BH-A0EE-01,,WT,,2735.06,0.1239,0.087,0,0,,-0.6951,-0.0275,0.2494,0,,0.2444
TCGA-BH-A0EI-01,,WT,,6011.59,3.6992,0.119,0,0,,2.1601,,,1,,2.2431
TCGA-BH-A0GY-01,,WT,,2510.37,-0.1213,0.146,0,0,,-1.0059,,,1,,0.0268
TCGA-BH-A0GZ-01,,WT,,2360.88,-0.2844,-0.123,0,0,,-1.2284,,,-1,,-0.129
TCGA-BH-A0H0-01,,WT,,2480.79,-0.1536,-0.092,0,0,,-1.0488,,,0,,-0.0033
TCGA-BH-A0H3-01,,WT,,3525.98,0.9869,0.028,0,0,,0.2257,,,0,,0.889
TCGA-BH-A0H5-01,,WT,,2766.31,0.158,0.002,0,0,,-0.6539,,,0,,0.2732
TCGA-BH-A0H6-01,,WT,,2105.84,-0.5627,0.071,0,0,,-1.6428,,,0,,-0.4191
TCGA-BH-A0H7-01,,WT,,2756.73,0.1475,0.058,0,0,,-0.6665,,,0,,0.2644
TCGA-BH-A0H9-01,,WT,,2443.55,-0.1942,-0.038,0,0,,-1.1037,,,0,,-0.0417
TCGA-BH-A0HA-01,,WT,,2109.71,-0.5585,-0.102,0,0,,-1.6362,,,-1,,-0.4144
TCGA-BH-A0HB-01,,WT,,2216.16,-0.4424,-0.02,0,0,,-1.4577,,,0,,-0.2895
TCGA-BH-A0HF-01,,WT,,2308.31,-0.3418,,0,0,,-1.3101,,,NP,,-0.1861
TCGA-BH-A0HI-01,,WT,,2817.05,0.2133,0.004,0,0,,-0.588,,,0,,0.3193
TCGA-BH-A0HK-01,,WT,,2948.37,0.3566,0.0,0,0,,-0.4229,-0.1848,-0.2647,0,,0.4349
TCGA-BH-A0HL-01,,WT,,2963.07,0.3727,,0,0,,-0.4048,,,NP,,0.4476
TCGA-BH-A0HN-01,,WT,,2260.89,-0.3936,,0,0,,-1.3853,,,NP,,-0.2388
TCGA-BH-A0HO-01,,WT,,2541.29,-0.0876,0.007,0,0,,-0.9615,,,0,,0.0579
TCGA-BH-A0HP-01,,WT,,3160.61,0.5882,-0.008,0,0,,-0.1709,-0.5092,-1.3249,0,,0.6113
TCGA-BH-A0HQ-01,,WT,,2196.73,-0.4636,0.126,0,0,,-1.4896,,,1,,-0.3119
TCGA-BH-A0HU-01,,WT,,1260.19,-1.4855,-0.433,0,0,,-3.5036,,,-1,,-1.7218
TCGA-BH-A0HW-01,,WT,,3057.01,0.4752,-0.156,0,0,,-0.2917,,,-1,,0.5268
TCGA-BH-A0HX-01,,WT,,2737.58,0.1266,0.026,0,0,,-0.6918,,,0,,0.2467
TCGA-BH-A0HY-01,,WT,,1192.28,-1.5596,0.558,0,0,,-3.7044,,,1,,-1.8623
TCGA-BH-A0RX-01,,WT,,2067.14,-0.605,0.025,0,0,,-1.71,,,0,,-0.4661
TCGA-BH-A0W3-01,,WT,,3638.12,1.1093,-0.142,0,0,,0.3392,,,-1,,0.9684
TCGA-BH-A0W4-01,,WT,,2952.25,0.3609,-0.014,0,0,,-0.4181,,,0,,0.4383
TCGA-BH-A0W5-01,,WT,,3094.67,0.5163,0.037,0,0,,-0.2473,,,0,,0.5578
TCGA-BH-A0W7-01,,WT,,1897.85,-0.7897,0.041,0,0,,-2.0197,,,0,,-0.683
TCGA-BH-A0WA-01,,WT,,2912.47,0.3174,0.631,0,0,,-0.4673,,,1,,0.4038
TCGA-BH-A18F-01,,WT,,2827.38,0.2246,-0.095,0,0,,-0.5748,,,0,,0.3286
TCGA-BH-A18G-01,,WT,,1884.38,-0.8044,0.048,0,0,,-2.0456,,,0,,-0.701
TCGA-BH-A18H-01,,WT,,1994.31,-0.6844,0.113,0,0,,-1.84,,,1,,-0.5572
TCGA-BH-A18I-01,,WT,,3135.03,0.5603,-0.077,0,0,,-0.2003,,,0,,0.5907
TCGA-BH-A18J-01,,WT,,2178.91,-0.483,-0.075,0,0,,-1.5192,,,0,,-0.3325
TCGA-BH-A18K-01,,WT,,2625.59,0.0044,-0.017,0,0,,-0.8432,,,0,,0.1407
TCGA-BH-A18L-01,,WT,,3428.9,0.881,0.065,0,0,,0.1245,,,0,,0.8181
TCGA-BH-A18M-01,,WT,,2910.58,0.3154,0.057,0,0,,-0.4696,,,0,,0.4022
TCGA-BH-A18N-01,,WT,,3396.36,0.8455,0.228,0,0,,0.0899,0.1405,0.7985,1,,0.7939
TCGA-BH-A18P-01,,WT,,3950.2,1.4498,-0.039,0,0,,0.6376,,,0,,1.1773
TCGA-BH-A18Q-01,,WT,,5567.72,3.2148,-0.282,0,0,,1.882,0.3186,1.3806,-1,,2.0485
TCGA-BH-A18R-01,,WT,,3540.27,1.0025,0.061,0,0,,0.2404,-0.3437,-0.784,0,,0.8992
TCGA-BH-A18S-01,,WT,,3002.67,0.4159,-0.036,0,0,,-0.3567,,,0,,0.4812
TCGA-BH-A18T-01,,WT,,3513.35,0.9731,-0.012,0,0,,0.2127,,,0,,0.8799
TCGA-BH-A18U-01,,WT,,1992.97,-0.6859,0.109,0,0,,-1.8425,-0.2817,-0.5814,1,,-0.5589
TCGA-BH-A18V-01,,WT,,3455.46,0.91,0.0,0,0,,0.1525,-0.4286,-1.0615,0,,0.8377
TCGA-BH-A1EN-01,,WT,,2036.7,-0.6382,0.0,0,0,,-1.7638,,,0,,-0.5038
TCGA-BH-A1EO-01,,WT,,3506.6,0.9658,0.092,0,0,,0.2057,,,0,,0.875
TCGA-BH-A1ES-01,,WT,,3962.3,1.463,-0.12,0,0,,0.6487,,,-1,,1.1851
TCGA-BH-A1ET-01,,WT,,3707.01,1.1844,-0.616,0,0,,0.4072,,,-1,,1.016
TCGA-BH-A1EU-01,,WT,,4819.45,2.3983,-0.029,0,0,,1.3587,,,0,,1.6821
TCGA-BH-A1EV-01,,WT,,2586.98,-0.0377,-0.069,0,0,,-0.8969,,,0,,0.1031
TCGA-BH-A1EW-01,,WT,,2683.68,0.0678,0.058,0,0,,-0.7639,,,0,,0.1962
TCGA-BH-A1EX-01,,WT,,3618.25,1.0876,0.0,0,0,,0.3194,,,0,,0.9545
TCGA-BH-A1EY-01,,WT,,3112.84,0.5361,-0.154,0,0,,-0.2261,,,-1,,0.5727
TCGA-BH-A1F0-01,,WT,,3091.09,0.5124,-0.108,0,0,,-0.2515,,,-1,,0.5549
TCGA-BH-A1F2-01,,WT,,3553.37,1.0168,0.043,0,0,,0.2538,,,0,,0.9086
TCGA-BH-A1F5-01,,WT,,4379.15,1.9179,-0.031,0,0,,1.0113,,,0,,1.439
TCGA-BH-A1F6-01,,WT,,2685.05,0.0693,-0.011,0,0,,-0.762,,,0,,0.1975
TCGA-BH-A1F8-01,,WT,,4135.13,1.6516,-0.649,0,0,,0.8035,,,-1,,1.2934
TCGA-BH-A1FB-01,,WT,,3496.33,0.9545,0.01,0,0,,0.1951,,,0,,0.8675
TCGA-BH-A1FC-01,,WT,,3815.52,1.3028,0.235,0,0,,0.5118,,,1,,1.0893
TCGA-BH-A1FD-01,,WT,,2757.25,0.1481,-0.438,0,0,,-0.6658,,,-1,,0.2649
TCGA-BH-A1FE-01,,WT,,3845.4,1.3355,-0.028,0,0,,0.5401,,,0,,1.1091
TCGA-BH-A1FG-01,,WT,,2397.31,-0.2447,0.044,0,0,,-1.1729,,,0,,-0.0901
TCGA-BH-A1FH-01,,WT,,3494.39,0.9524,-0.01,0,0,,0.1931,,,0,,0.8661
TCGA-BH-A1FJ-01,,WT,,3640.6,1.112,-0.021,0,0,,0.3417,,,0,,0.9702
TCGA-BH-A1FL-01,,WT,,3471.49,0.9274,-0.002,0,0,,0.1692,,,0,,0.8495
TCGA-BH-A1FM-01,,WT,,6249.21,3.9585,0.067,0,0,,2.3006,,,0,,2.3415
TCGA-BH-A1FN-01,,WT,,3128.91,0.5536,0.0,0,0,,-0.2074,,,0,,0.5858
TCGA-BH-A1FR-01,,WT,,3726.38,1.2056,0.003,0,0,,0.4261,,,0,,1.0293
TCGA-BH-A1FU-01,,WT,,2320.05,-0.329,0.018,0,0,,-1.2917,,,0,,-0.1733
TCGA-BH-A201-01,,WT,,3301.27,0.7417,-0.012,0,0,,-0.013,,,0,,0.7219
TCGA-BH-A202-01,,WT,,2815.87,0.212,0.1,0,0,,-0.5896,,,0,,0.3182
TCGA-BH-A203-01,,WT,,2245.56,-0.4103,0.054,0,0,,-1.41,,,0,,-0.2561
TCGA-BH-A204-01,,WT,,4883.44,2.4681,-0.099,0,0,,1.4065,,,0,,1.7156
TCGA-BH-A208-01,,WT,,2228.57,-0.4288,-0.007,0,0,,-1.4375,,,0,,-0.2753
TCGA-BH-A209-01,,WT,,2602.84,-0.0204,-0.103,0,0,,-0.8747,,,-1,,0.1186
TCGA-BH-A28O-01,,NP,,2359.09,-0.2864,0.003,0,0,NP,-1.2312,,,0,,-0.1309
TCGA-BH-A28Q-01,,WT,,3149.32,0.5759,-0.002,0,0,,-0.1839,,,0,,0.6023
TCGA-BH-A2L8-01,,WT,,1747.34,-0.9539,0.026,0,0,,-2.3192,,,0,,-0.8926
TCGA-BH-A42T-01,,NP,,1300.61,-1.4414,-0.164,0,0,NP,-3.3892,,,-1,,-1.6417
TCGA-BH-A42U-01,,WT,,1158.25,-1.5967,-0.008,0,0,,-3.8093,,,0,,-1.9357
TCGA-BH-A42V-01,,WT,,1678.94,-1.0286,0.0,0,0,,-2.4639,,,0,,-0.9939
TCGA-BH-A5IZ-01,,WT,,2472.53,-0.1626,-0.267,0,0,,-1.0609,,,-1,,-0.0117
TCGA-BH-A5J0-01,,WT,,1350.32,-1.3872,-0.01,0,0,,-3.2533,,,0,,-1.5465
TCGA-BH-A6R8-01,,WT,,1736.61,-0.9656,0.186,0,0,,-2.3415,,,1,,-0.9082
TCGA-BH-A6R9-01,,WT,,1707.25,-0.9977,0.028,0,0,,-2.4033,,,0,,-0.9515
TCGA-BH-A8FY-01,,WT,,1737.35,-0.9648,0.026,0,0,,-2.34,,,0,,-0.9071
TCGA-BH-A8FZ-01,,WT,,2174.52,-0.4878,0.008,0,0,,-1.5265,,,0,,-0.3376
TCGA-BH-A8G0-01,,WT,,2199.72,-0.4603,0.005,0,0,,-1.4847,,,0,,-0.3084
TCGA-BH-AB28-01,,WT,,2789.96,0.1838,-0.026,0,0,,-0.6231,,,0,,0.2948
TCGA-BI-A0VR-01,,WT,,3867.96,1.9206,0.024,0,0,,,,,0,,1.4834
TCGA-BI-A0VS-01,,WT,,2795.97,0.6169,0.914,0,0,,,,,1,,0.6436
TCGA-BI-A20A-01,,WT,,3753.79,1.7817,-0.131,0,0,,,,,-1,,1.4059
TCGA-BJ-A0YZ-01,,WT,,1953.77,-1.1611,0.004,0,0,,-1.7892,,,0,,-1.121
TCGA-BJ-A0Z0-01,,WT,,3905.24,1.7185,-0.183,0,0,,0.708,,,-1,,1.4289
TCGA-BJ-A0Z2-01,,WT,,3119.14,0.5585,-0.004,0,0,,-0.1025,,,0,,0.6013
TCGA-BJ-A0Z3-01,,WT,,3380.45,0.9441,-0.001,0,0,,0.1876,,,0,,0.8975
TCGA-BJ-A0Z5-01,,NP,,2790.38,0.0734,0.012,0,0,NP,-0.5041,,,0,,0.1912
TCGA-BJ-A0Z9-01,,WT,,2331.67,-0.6035,0.0,0,0,,-1.1517,,,0,,-0.47
TCGA-BJ-A0ZA-01,,WT,,3091.68,0.518,-0.001,0,0,,-0.1344,,,0,,0.5688
TCGA-BJ-A0ZB-01,,WT,,3212.32,0.696,0.008,0,0,,0.0037,,,0,,0.7097
TCGA-BJ-A0ZC-01,,WT,,3187.75,0.6598,-0.019,0,0,,-0.024,,,0,,0.6814
TCGA-BJ-A0ZE-01,,WT,,2324.33,-0.6143,0.002,0,0,,-1.1631,,,0,,-0.4816
TCGA-BJ-A0ZG-01,,WT,,2643.08,-0.144,-0.021,0,0,,-0.6997,,,0,,-0.0085
TCGA-BJ-A0ZH-01,,WT,,2560.27,-0.2661,-0.001,0,0,,-0.8145,,,0,,-0.1257
TCGA-BJ-A0ZJ-01,,WT,,2699.79,-0.0603,0.001,0,0,,-0.6231,,,0,,0.0697
TCGA-BJ-A18Y-01,,WT,,2899.66,0.2347,-0.001,0,0,,-0.3656,,,0,,0.3327
TCGA-BJ-A18Z-01,,WT,,2523.95,-0.3197,0.019,0,0,,-0.866,,,0,,-0.1783
TCGA-BJ-A190-01,,NP,,4247.13,2.223,-0.141,0,0,NP,1.0107,,,-1,,1.7379
TCGA-BJ-A191-01,,WT,,3127.5,0.5709,-0.003,0,0,,-0.0928,,,0,,0.6112
TCGA-BJ-A192-01,,WT,,2061.81,-1.0017,0.018,0,0,,-1.5952,,,0,,-0.9228
TCGA-BJ-A28R-01,,WT,,3128.87,0.5729,0.001,0,0,,-0.0913,,,0,,0.6128
TCGA-BJ-A28S-01,,WT,,3231.74,0.7247,0.007,0,0,,0.0254,,,0,,0.7319
TCGA-BJ-A28T-01,,WT,,3176.9,0.6437,-0.001,0,0,,-0.0363,,,0,,0.6689
TCGA-BJ-A28V-01,,WT,,2838.07,0.1438,0.003,0,0,,-0.443,,,0,,0.2536
TCGA-BJ-A28W-01,,NP,,1542.46,-1.768,0.0,0,0,NP,-2.6414,,,0,,-1.9911
TCGA-BJ-A28X-01,,WT,,2809.88,0.1022,-0.002,0,0,,-0.479,,,0,,0.2169
TCGA-BJ-A28Z-01,,WT,,2264.73,-0.7022,-0.002,0,0,,-1.2567,,,0,,-0.5772
TCGA-BJ-A290-01,,WT,,3188.73,0.6612,0.065,0,0,,-0.0229,,,0,,0.6826
TCGA-BJ-A291-01,,WT,,1905.84,-1.2318,-0.002,0,0,,-1.8788,,,0,,-1.2124
TCGA-BJ-A2N7-01,,WT,,3016.73,0.4074,0.0,0,0,,-0.2229,,,0,,0.4784
TCGA-BJ-A2N8-01,,WT,,2859.15,0.1749,-0.001,0,0,,-0.4163,,,0,,0.2809
TCGA-BJ-A2N9-01,,WT,,1507.72,-1.8193,0.143,0,0,,-2.7235,,,1,,-2.075
TCGA-BJ-A2NA-01,,WT,,3035.11,0.4345,0.005,0,0,,-0.201,,,0,,0.5008
TCGA-BJ-A2P4-01,,WT,,1829.92,-1.3438,-0.009,0,0,,-2.0253,,,0,,-1.362
TCGA-BJ-A3EZ-01,,WT,,3184.27,0.6546,0.011,0,0,,-0.028,,,0,,0.6774
TCGA-BJ-A3F0-01,,WT,,1848.95,-1.3158,-0.056,0,0,,-1.988,,,0,,-1.324
TCGA-BJ-A3PR-01,,WT,,2187.62,-0.816,0.002,0,0,,-1.3816,,,0,,-0.7048
TCGA-BJ-A3PT-01,,WT,,2094.4,-0.9536,-0.004,0,0,,-1.5386,,,0,,-0.8651
TCGA-BJ-A3PU-01,,WT,,1770.59,-1.4314,0.012,0,0,,-2.1442,,,0,,-1.4834
TCGA-BJ-A45C-01,,NP,,2557.37,-0.2704,-0.016,0,0,NP,-0.8185,,,0,,-0.1298
TCGA-BJ-A45D-01,,WT,,1222.92,-2.2395,-0.006,0,0,,-3.4782,,,0,,-2.8455
TCGA-BJ-A45E-01,,WT,,1666.91,-1.5844,0.046,0,0,,-2.3617,,,0,,-1.7055
TCGA-BJ-A45F-01,,WT,,2339.02,-0.5926,-0.003,0,0,,-1.1403,,,0,,-0.4584
TCGA-BJ-A45G-01,,WT,,2488.0,-0.3728,0.001,0,0,,-0.9177,,,0,,-0.2311
TCGA-BJ-A45H-01,,WT,,2473.68,-0.3939,0.007,0,0,,-0.9385,,,0,,-0.2523
TCGA-BJ-A45I-01,,WT,,2297.96,-0.6532,0.001,0,0,,-1.2042,,,0,,-0.5236
TCGA-BJ-A45J-01,,WT,,2000.64,-1.0919,0.004,0,0,,-1.7038,,,0,,-1.0337
TCGA-BJ-A45K-01,,WT,,1827.99,-1.3467,0.008,0,0,,-2.0291,,,0,,-1.3659
TCGA-BJ-A4O8-01,,WT,,2254.15,-0.7179,0.007,0,0,,-1.2736,,,0,,-0.5945
TCGA-BJ-A4O9-01,,WT,,3020.6,0.4131,-0.017,0,0,,-0.2182,,,0,,0.4831
TCGA-BK-A0C9-01,,R1195C,,848.9747,-1.6149,0.244,1,1,,-5.436,,,1,,-2.0656
TCGA-BK-A0CA-01,,WT,,2611.0192,0.7114,0.011,0,0,,-0.2574,,,0,,0.7606
TCGA-BK-A0CB-01,,WT,,1121.6056,-1.2549,0.025,0,0,,-4.1528,,,0,,-1.3653
TCGA-BK-A0CC-01,,WT,,3429.2092,1.7916,0.246,0,0,,0.9996,,,1,,1.4465
TCGA-BK-A139-01,,WT,,2627.9577,0.7338,-0.389,0,0,,-0.2275,,,-1,,0.7768
TCGA-BK-A13B-01,,WT,,1439.55,-0.8352,0.049,0,0,,-3.0024,,,0,,-0.7375
TCGA-BK-A13C-01,,WT,,2823.0501,0.9913,0.049,0,0,,0.1027,,,0,,0.957
TCGA-BK-A26L-01,,WT,,2373.2573,0.3975,0.222,0,0,,-0.6976,,,1,,0.5203
TCGA-BK-A4ZD-01,,WT,,3265.36,1.5753,0.686,0,0,,0.7739,,,1,,1.3233
TCGA-BK-A56F-01,,WT,,2490.51,0.5523,0.002,0,0,,-0.4752,,,0,,0.6417
TCGA-BK-A6W3-01,,R1071W,,2408.4,0.4439,0.006,1,1,,-0.6298,,,0,,0.5573
TCGA-BK-A6W4-01,,WT,,2767.69,0.9182,-0.004,0,0,,0.0113,,,0,,0.9072
TCGA-BL-A0C8-01,,WT,,2889.73,1.2473,0.082,0,0,,1.0034,,,0,,0.8726
TCGA-BL-A13I-01,,WT,,1288.43,-0.6424,0.013,0,0,,-1.4632,,,0,,-0.3372
TCGA-BL-A13J-01,,S704L,,4921.74,3.6453,0.237,1,1,,2.63,,,1,,1.6704
TCGA-BL-A3JM-01,,WT,,2252.28,0.4951,0.247,0,0,,0.2423,,,1,,0.4993
TCGA-BL-A5ZZ-01,,WT,,1795.38,-0.0441,0.09,0,0,,-0.4501,,,0,,0.1597
TCGA-BP-4158-01,,NP,,2548.6,-0.011,-0.02,0,0,NP,-1.2104,,,0,,0.1759
TCGA-BP-4159-01,,NP,,2904.01,0.3843,0.05,0,0,NP,-0.345,,,0,,0.5228
TCGA-BP-4160-01,,NP,,2708.75,0.1671,0.018,0,0,NP,-0.8064,,,0,,0.3379
TCGA-BP-4161-01,,WT,,3111.05,0.6146,-0.035,0,0,,0.1115,,,0,,0.7058
TCGA-BP-4162-01,,WT,,2724.63,0.1848,0.117,0,0,,-0.7677,,,1,,0.3534
TCGA-BP-4163-01,,WT,,2606.86,0.0538,0.014,0,0,,-1.0606,,,0,,0.236
TCGA-BP-4164-01,,WT,,3730.32,1.3034,-0.203,0,0,,1.3149,,,-1,,1.1883
TCGA-BP-4165-01,,NP,,1742.56,-0.9076,-0.02,0,0,NP,-3.7303,,,0,,-0.8343
TCGA-BP-4166-01,,NP,,2938.54,0.4227,0.028,0,0,NP,-0.2667,,,0,,0.5542
TCGA-BP-4167-01,,WT,,1454.85,-1.2276,-0.021,0,0,,-4.9262,,,0,,-1.3137
TCGA-BP-4169-01,,NP,,3283.55,0.8065,-0.016,0,0,NP,0.4692,,,0,,0.8492
TCGA-BP-4170-01,,NP,,2782.31,0.249,0.025,0,0,NP,-0.6288,,,0,,0.4091
TCGA-BP-4173-01,,WT,,2401.14,-0.175,0.017,0,0,,-1.6055,,,0,,0.0175
TCGA-BP-4174-01,,NP,,2113.54,-0.4949,0.148,0,0,NP,-2.4511,,,1,,-0.3215
TCGA-BP-4176-01,,NP,,3027.01,0.5211,-0.048,0,0,NP,-0.07,,,0,,0.6331
TCGA-BP-4177-01,,WT,,2865.64,0.3416,0.074,0,0,,-0.4332,,,0,,0.4875
TCGA-BP-4325-01,,NP,,2990.11,0.4801,-0.048,0,0,NP,-0.1514,,,0,,0.6005
TCGA-BP-4326-01,,NP,,2189.01,-0.411,-0.042,0,0,NP,-2.2185,,,0,,-0.2282
TCGA-BP-4327-01,,NP,,1800.78,-0.8428,-0.116,0,0,NP,-3.5125,,,-1,,-0.747
TCGA-BP-4329-01,,NP,,3859.76,1.4474,-0.042,0,0,NP,1.5411,,,0,,1.2789
TCGA-BP-4330-01,,NP,,3077.77,0.5776,0.001,0,0,NP,0.0402,,,0,,0.6773
TCGA-BP-4332-01,,NP,,2825.21,0.2967,0.016,0,0,NP,-0.5274,,,0,,0.4497
TCGA-BP-4334-01,,NP,,1503.42,-1.1736,-0.378,0,0,NP,-4.7085,,,-1,,-1.2264
TCGA-BP-4335-01,,NP,,2118.37,-0.4896,0.009,0,0,NP,-2.436,,,0,,-0.3154
TCGA-BP-4337-01,,NP,,1189.84,-1.5224,0.144,0,0,NP,-6.2586,,,1,,-1.8478
TCGA-BP-4338-01,,NP,,1847.55,-0.7908,0.111,0,0,NP,-3.3426,,,1,,-0.6788
TCGA-BP-4340-01,,NP,,2736.92,0.1985,-0.076,0,0,NP,-0.7379,,,0,,0.3653
TCGA-BP-4341-01,,NP,,2095.87,-0.5146,-0.041,0,0,NP,-2.5067,,,0,,-0.3438
TCGA-BP-4343-01,,WT,,5021.48,2.7396,-0.03,0,0,,3.2854,,,0,,1.9782
TCGA-BP-4345-01,,NP,,1914.91,-0.7159,,0,0,NP,-3.1052,,,NP,,-0.5837
TCGA-BP-4346-01,,WT,,2111.65,-0.497,-0.02,0,0,,-2.457,,,0,,-0.3238
TCGA-BP-4347-01,,NP,,2085.43,-0.5262,-0.003,0,0,NP,-2.5398,,,0,,-0.357
TCGA-BP-4349-01,,NP,,1913.48,-0.7175,0.007,0,0,NP,-3.1102,,,0,,-0.5857
TCGA-BP-4351-01,,NP,,1859.27,-0.7778,0.01,0,0,NP,-3.3006,,,0,,-0.662
TCGA-BP-4352-01,,WT,,1238.14,-1.4686,-0.211,0,0,,-5.9949,,,-1,,-1.7421
TCGA-BP-4354-01,,WT,,2152.68,-0.4514,-0.005,0,0,,-2.3295,,,0,,-0.2727
TCGA-BP-4355-01,,NP,,2091.01,-0.52,-0.004,0,0,NP,-2.5221,,,0,,-0.3499
TCGA-BP-4756-01,,WT,,2082.59,-0.5294,-0.116,0,0,,-2.5489,,,-1,,-0.3607
TCGA-BP-4758-01,,WT,,2033.81,-0.5836,0.008,0,0,,-2.706,,,0,,-0.4236
TCGA-BP-4759-01,,NP,,2875.81,0.353,0.047,0,0,NP,-0.4097,,,0,,0.4969
TCGA-BP-4760-01,,WT,,3156.36,0.665,0.003,0,0,,0.2073,,,0,,0.7443
TCGA-BP-4761-01,,WT,,899.95,-1.8448,-0.131,0,0,,-8.1084,,,-1,,-2.5894
TCGA-BP-4762-01,,NP,,3974.15,1.5747,-0.019,0,0,NP,1.7347,,,0,,1.3565
TCGA-BP-4763-01,,NP,,3692.18,1.261,0.013,0,0,NP,1.2468,,,0,,1.161
TCGA-BP-4765-01,,NP,,2742.54,0.2047,-0.016,0,0,NP,-0.7243,,,0,,0.3708
TCGA-BP-4766-01,,NP,,2701.38,0.1589,-0.017,0,0,NP,-0.8245,,,0,,0.3306
TCGA-BP-4768-01,,NP,,2947.25,0.4324,0.0,0,0,NP,-0.2471,,,0,,0.5621
TCGA-BP-4769-01,,NP,,2507.27,-0.057,-0.03,0,0,NP,-1.3188,,,0,,0.1325
TCGA-BP-4770-01,,WT,,270.945,-2.5445,-0.31,0,0,,-16.0516,,,-1,,-5.7737
TCGA-BP-4771-01,,NP,,1766.75,-0.8807,0.007,0,0,NP,-3.6389,,,0,,-0.7977
TCGA-BP-4774-01,,WT,,2240.13,-0.3541,-0.027,0,0,,-2.0655,,,0,,-0.1669
TCGA-BP-4775-01,,NP,,4151.91,1.7724,-0.08,0,0,NP,2.0248,,,0,,1.4728
TCGA-BP-4776-01,,NP,,1763.62,-0.8841,0.0,0,0,NP,-3.6507,,,0,,-0.8024
TCGA-BP-4777-01,,NP,,2057.87,-0.5568,-0.044,0,0,NP,-2.628,,,0,,-0.3924
TCGA-BP-4781-01,,WT,,3064.01,0.5623,-0.006,0,0,,0.0105,,,0,,0.6653
TCGA-BP-4782-01,,WT,,2071.82,-0.5413,0.007,0,0,,-2.5832,,,0,,-0.3744
TCGA-BP-4784-01,,NP,,3248.01,0.767,0.001,0,0,NP,0.3971,,,0,,0.8203
TCGA-BP-4787-01,,WT,,1844.12,-0.7946,0.003,0,0,,-3.3549,,,0,,-0.6838
TCGA-BP-4789-01,,NP,,3875.75,1.4652,0.022,0,0,NP,1.5685,,,0,,1.2899
TCGA-BP-4790-01,,WT,,3651.05,1.2153,0.034,0,0,,1.1725,,,0,,1.1312
TCGA-BP-4795-01,,WT,,2738.28,0.2,-0.006,0,0,,-0.7346,,,0,,0.3667
TCGA-BP-4797-01,,NP,,2525.4,-0.0368,-0.064,0,0,NP,-1.271,,,0,,0.1516
TCGA-BP-4798-01,,WT,,1904.92,-0.727,-0.029,0,0,,-3.1399,,,0,,-0.5976
TCGA-BP-4799-01,,NP,,3343.47,0.8731,0.115,0,0,NP,0.5891,,,1,,0.8973
TCGA-BP-4801-01,,WT,,2538.05,-0.0227,-0.025,0,0,,-1.2379,,,0,,0.1649
TCGA-BP-4803-01,,NP,,3361.89,0.8936,-0.028,0,0,NP,0.6255,,,0,,0.9119
TCGA-BP-4804-01,,NP,,2284.49,-0.3048,0.036,0,0,NP,-1.9356,,,0,,-0.1148
TCGA-BP-4807-01,,NP,,3287.24,0.8106,-0.046,0,0,NP,0.4767,,,0,,0.8522
TCGA-BP-4959-01,,NP,,2214.44,-0.3827,-0.163,0,0,NP,-2.142,,,-1,,-0.1976
TCGA-BP-4960-01,,WT,,1889.11,-0.7446,0.007,0,0,,-3.1951,,,0,,-0.6197
TCGA-BP-4961-01,,WT,,3468.86,1.0126,0.024,0,0,,0.8332,,,0,,0.9952
TCGA-BP-4962-01,,WT,,1812.92,-0.8293,-0.036,0,0,,-3.468,,,0,,-0.7291
TCGA-BP-4963-01,,WT,,2396.36,-0.1803,0.01,0,0,,-1.6187,,,0,,0.0122
TCGA-BP-4964-01,,WT,,3659.07,1.2242,-0.018,0,0,,1.1871,,,0,,1.137
TCGA-BP-4965-01,,WT,,3585.35,1.1422,-0.026,0,0,,1.0521,,,0,,1.0829
TCGA-BP-4967-01,,WT,,4714.65,2.3983,0.077,0,0,,2.8674,,,0,,1.8107
TCGA-BP-4968-01,,WT,,1817.11,-0.8247,-0.061,0,0,,-3.4527,,,0,,-0.723
TCGA-BP-4969-01,,NP,,1339.45,-1.356,0.236,0,0,NP,-5.4738,,,1,,-1.5332
TCGA-BP-4970-01,,WT,,3113.96,0.6179,-0.029,0,0,,0.1177,,,0,,0.7083
TCGA-BP-4971-01,,WT,,1485.5,-1.1935,0.01,0,0,,-4.788,,,0,,-1.2583
TCGA-BP-4972-01,,WT,,3298.2,0.8228,0.013,0,0,,0.4987,,,0,,0.8611
TCGA-BP-4973-01,,WT,,3102.19,0.6048,0.007,0,0,,0.0926,,,0,,0.6983
TCGA-BP-4974-01,,WT,,2386.27,-0.1916,-0.004,0,0,,-1.6466,,,0,,0.001
TCGA-BP-4975-01,,WT,,4129.27,1.7472,-0.032,0,0,,1.9885,,,0,,1.4583
TCGA-BP-4977-01,,WT,,3593.42,1.1512,0.046,0,0,,1.067,,,0,,1.0889
TCGA-BP-4981-01,,WT,,1500.52,-1.1768,-0.02,0,0,,-4.7213,,,0,,-1.2316
TCGA-BP-4982-01,,WT,,3610.16,1.1698,0.004,0,0,,1.0979,,,0,,1.1013
TCGA-BP-4983-01,,WT,,3198.11,0.7115,0.036,0,0,,0.2944,,,0,,0.7792
TCGA-BP-4985-01,,R604*,,963.495,-1.7741,-0.034,1,1,,-7.6565,,,0,,-2.4082
TCGA-BP-4987-01,,WT,,3275.44,0.7975,-0.029,0,0,,0.4528,,,0,,0.8427
TCGA-BP-4989-01,,WT,,1868.32,-0.7677,0.115,0,0,,-3.2685,,,1,,-0.6491
TCGA-BP-4991-01,,WT,,3833.08,1.4177,0.004,0,0,,1.4951,,,0,,1.2605
TCGA-BP-4992-01,,WT,,1174.35,-1.5396,-0.007,0,0,,-6.3454,,,0,,-1.8826
TCGA-BP-4993-01,,WT,,2378.03,-0.2007,-0.048,0,0,,-1.6696,,,0,,-0.0082
TCGA-BP-4994-01,,WT,,3667.82,1.2339,0.0,0,0,,1.2029,,,0,,1.1434
TCGA-BP-4998-01,,WT,,2676.56,0.1313,0.002,0,0,,-0.8857,,,0,,0.3061
TCGA-BP-4999-01,,WT,,3548.89,1.1016,0.006,0,0,,0.9844,,,0,,1.0558
TCGA-BP-5000-01,,WT,,1791.86,-0.8527,-0.054,0,0,,-3.5454,,,0,,-0.7602
TCGA-BP-5001-01,,WT,,1660.22,-0.9992,0.018,0,0,,-4.0511,,,0,,-0.9629
TCGA-BP-5004-01,,WT,,2964.39,0.4515,-0.1,0,0,,-0.2086,,,0,,0.5775
TCGA-BP-5007-01,,WT,,2947.58,0.4328,0.006,0,0,,-0.2463,,,0,,0.5624
TCGA-BP-5008-01,,WT,,2796.39,0.2646,-0.019,0,0,,-0.5954,,,0,,0.4225
TCGA-BP-5010-01,,R216Q,,1727.55,-0.9243,-0.033,1,1,,-3.7876,,,0,,-0.8573
TCGA-BP-5168-01,,WT,,2893.1,0.3722,0.004,0,0,,-0.37,,,0,,0.5128
TCGA-BP-5169-01,,WT,,1058.82,-1.6681,-0.054,0,0,,-7.0315,,,0,,-2.1577
TCGA-BP-5170-01,,WT,,2546.37,-0.0135,0.009,0,0,,-1.2162,,,0,,0.1736
TCGA-BP-5173-01,,WT,,1897.5,-0.7352,0.039,0,0,,-3.1657,,,0,,-0.608
TCGA-BP-5174-01,,WT,,1414.52,-1.2725,-0.028,0,0,,-5.1124,,,0,,-1.3884
TCGA-BP-5175-01,,WT,,1090.91,-1.6324,0.0,0,0,,-6.8337,,,0,,-2.0784
TCGA-BP-5176-01,,WT,,1877.72,-0.7572,0.256,0,0,,-3.2352,,,1,,-0.6358
TCGA-BP-5177-01,,WT,,2145.61,-0.4593,0.066,0,0,,-2.3513,,,0,,-0.2815
TCGA-BP-5178-01,,WT,,1639.14,-1.0226,0.005,0,0,,-4.1358,,,0,,-0.9968
TCGA-BP-5180-01,,WT,,2420.74,-0.1532,-0.211,0,0,,-1.5516,,,-1,,0.0391
TCGA-BP-5182-01,,WT,,2412.95,-0.1619,-0.028,0,0,,-1.5729,,,0,,0.0306
TCGA-BP-5183-01,,WT,,2184.59,-0.4159,-0.092,0,0,,-2.2319,,,0,,-0.2336
TCGA-BP-5184-01,,WT,,3176.68,0.6876,-0.014,0,0,,0.2499,,,0,,0.7613
TCGA-BP-5185-01,,WT,,1648.41,-1.0123,0.066,0,0,,-4.0984,,,0,,-0.9819
TCGA-BP-5186-01,,WT,,3054.32,0.5515,-0.015,0,0,,-0.0105,,,0,,0.6569
TCGA-BP-5187-01,,WT,,3683.64,1.2515,-0.005,0,0,,1.2314,,,0,,1.1548
TCGA-BP-5189-01,,WT,,2936.24,0.4202,-0.05,0,0,,-0.2719,,,0,,0.5522
TCGA-BP-5190-01,,WT,,1810.6,-0.8319,-0.034,0,0,,-3.4764,,,0,,-0.7325
TCGA-BP-5191-01,,Y636*,,758.935,-2.0017,-0.009,1,1,,-9.2372,,,0,,-3.0419
TCGA-BP-5192-01,,WT,,3395.74,0.9313,0.0,0,0,,0.6919,,,0,,0.9385
TCGA-BP-5194-01,,WT,,4521.46,2.1834,0.005,0,0,,2.59,,,0,,1.6995
TCGA-BP-5195-01,,WT,,2480.63,-0.0866,-0.02,0,0,,-1.3896,,,0,,0.1041
TCGA-BP-5196-01,,WT,,2195.33,-0.404,-0.297,0,0,,-2.1994,,,-1,,-0.2206
TCGA-BP-5198-01,,WT,,1843.6,-0.7952,0.0,0,0,,-3.3567,,,0,,-0.6845
TCGA-BP-5200-01,,WT,,3027.74,0.522,0.065,0,0,,-0.0684,,,0,,0.6337
TCGA-BP-5201-01,,WT,,2350.68,-0.2312,-0.083,0,0,,-1.7462,,,0,,-0.0389
TCGA-BP-5202-01,,WT,,2746.46,0.2091,0.021,0,0,,-0.7148,,,0,,0.3746
TCGA-BQ-5875-01,,N325Tfs*4,,309.685,-2.0544,-0.06,1,1,,-14.7491,,,0,,-3.3534
TCGA-BQ-5876-01,,WT,,2542.46,1.6309,-0.164,0,0,,0.9849,,,-1,,1.3219
TCGA-BQ-5877-01,,WT,,2405.38,1.4047,-0.091,0,0,,0.5703,,,0,,1.1987
TCGA-BQ-5878-01,,WT,,2380.01,1.3628,-0.026,0,0,,0.4909,,,0,,1.1752
TCGA-BQ-5879-01,,WT,,3082.8,2.5228,-0.201,0,0,,2.4264,,,-1,,1.7503
TCGA-BQ-5880-01,,WT,,1547.96,-0.0106,0.075,0,0,,-2.7265,,,0,,0.2191
TCGA-BQ-5881-01,,WT,,715.925,-1.3839,0.111,0,0,,-8.4915,,,1,,-1.494
TCGA-BQ-5882-01,,WT,,2590.35,1.71,-0.244,0,0,,1.1245,,,-1,,1.3634
TCGA-BQ-5883-01,,WT,,2179.35,1.0316,-0.001,0,0,,-0.1679,,,0,,0.9794
TCGA-BQ-5884-01,,WT,,2197.01,1.0607,0.015,0,0,,-0.1075,,,0,,0.9973
TCGA-BQ-5885-01,,WT,,2003.84,0.7419,-0.024,0,0,,-0.7959,,,0,,0.7928
TCGA-BQ-5886-01,,WT,,1269.46,-0.4703,0.07,0,0,,-4.2097,,,0,,-0.2216
TCGA-BQ-5887-01,,WT,,1665.46,0.1834,0.401,0,0,,-2.1793,,,1,,0.3817
TCGA-BQ-5888-01,,WT,,885.609,-1.1038,-0.046,0,0,,-6.9018,,,0,,-1.0216
TCGA-BQ-5889-01,,WT,,1396.26,-0.261,0.001,0,0,,-3.4978,,,0,,-0.0101
TCGA-BQ-5890-01,,WT,,1561.11,0.0111,-0.003,0,0,,-2.6632,,,0,,0.2379
TCGA-BQ-5891-01,,WT,,2750.54,1.9744,0.354,0,0,,1.5733,,,1,,1.4968
TCGA-BQ-5892-01,,WT,,1900.56,0.5714,0.073,0,0,,-1.1917,,,0,,0.6752
TCGA-BQ-5893-01,,WT,,1961.52,0.672,0.141,0,0,,-0.9556,,,1,,0.7453
TCGA-BQ-5894-01,,WT,,1398.4,-0.2574,-0.057,0,0,,-3.4864,,,0,,-0.0067
TCGA-BQ-7044-01,,WT,,1688.15,0.2208,-0.065,0,0,,-2.0781,,,0,,0.4118
TCGA-BQ-7045-01,,WT,,1202.56,-0.5807,0.115,0,0,,-4.6146,,,1,,-0.3419
TCGA-BQ-7046-01,,WT,,1173.07,-0.6293,0.195,0,0,,-4.8002,,,1,,-0.3971
TCGA-BQ-7048-01,,WT,,1889.19,0.5527,-0.023,0,0,,-1.2366,,,0,,0.6618
TCGA-BQ-7050-01,,WT,,1931.58,0.6226,-0.002,0,0,,-1.0706,,,0,,0.7112
TCGA-BQ-7051-01,,WT,,1876.58,0.5318,0.074,0,0,,-1.2867,,,0,,0.647
TCGA-BQ-7053-01,,WT,,1513.22,-0.0679,0.01,0,0,,-2.8962,,,0,,0.1687
TCGA-BQ-7055-01,,WT,,2424.81,1.4367,-0.065,0,0,,0.6304,,,0,,1.2166
TCGA-BQ-7058-01,,WT,,1797.52,0.4013,-0.023,0,0,,-1.6086,,,0,,0.5513
TCGA-BQ-7059-01,,WT,,1468.46,-0.1418,0.033,0,0,,-3.1208,,,0,,0.1019
TCGA-BQ-7060-01,,WT,,1331.49,-0.3679,0.114,0,0,,-3.853,,,1,,-0.1156
TCGA-BQ-7061-01,,WT,,2643.21,1.7972,0.051,0,0,,1.2756,,,0,,1.4083
TCGA-BQ-7062-01,,WT,,1554.98,0.001,0.108,0,0,,-2.6926,,,1,,0.2292
TCGA-BR-4183-01,,WT,,,,0.181,0,0,,,,,1,,
TCGA-BR-4184-01,,A1255T,,,,0.055,1,1,,,,,0,,
TCGA-BR-4187-01,,WT,,2655.6453,-0.0675,-0.066,0,0,,0.7125,,,0,,-0.0424
TCGA-BR-4188-01,,WT,,,,-0.001,0,0,,,,,0,,
TCGA-BR-4191-01,,WT,,4870.979,2.6651,3.25,1,1,,2.6452,,,2,,1.7343
TCGA-BR-4201-01,,WT,,2173.6536,-0.662,0.029,0,0,,0.0745,,,0,,-0.6289
TCGA-BR-4253-01,,WT,,4419.9787,2.1088,0.0,0,0,,2.3356,,,0,,1.4497
TCGA-BR-4255-01,,WT,,2627.9741,-0.1016,0.095,0,0,,0.6791,,,0,,-0.073
TCGA-BR-4256-01,,WT,,2454.3516,-0.3158,0.026,0,0,,0.4614,,,0,,-0.2732
TCGA-BR-4257-01,,WT,,2265.8497,-0.5483,0.019,0,0,,0.2068,,,0,,-0.5072
TCGA-BR-4267-01,,WT,,3175.0426,0.5732,-0.067,0,0,,1.2816,,,0,,0.4808
TCGA-BR-4279-01,,WT,,3566.4154,1.0559,-0.03,0,0,,1.6519,,,0,,0.8213
TCGA-BR-4280-01,,WT,,2752.2229,0.0516,0.029,0,0,,0.8263,,,0,,0.0622
TCGA-BR-4292-01,,WT,,2233.1814,-0.5886,0.069,0,0,,0.1606,,,0,,-0.5498
TCGA-BR-4294-01,,WT,,2796.4835,0.1062,-0.328,0,0,,0.8771,,,-1,,0.109
TCGA-BR-4357-01,,WT,,2298.2801,-0.5083,-0.008,0,0,,0.2521,,,0,,-0.4656
TCGA-BR-4361-01,,WT,,2722.9307,0.0155,-0.003,0,0,,0.7922,,,0,,0.0309
TCGA-BR-4362-01,,WT,,1816.1739,-1.103,0.032,0,0,,-0.4978,,,0,,-1.155
TCGA-BR-4363-01,,WT,,4901.0411,2.7022,-0.005,0,0,,2.6648,,,0,,1.7524
TCGA-BR-4366-01,,WT,,2381.9306,-0.4051,-0.027,0,0,,0.366,,,0,,-0.3609
TCGA-BR-4367-01,,NP,,2997.2118,0.3538,-0.004,0,0,NP,1.098,,,0,,0.312
TCGA-BR-4368-01,,WT,,3307.6279,0.7367,0.129,0,0,,1.4119,,,1,,0.6006
TCGA-BR-4369-01,,WT,,2711.3913,0.0013,0.012,0,0,,0.7787,,,0,,0.0185
TCGA-BR-4370-01,,G46Afs*25,,2919.564,0.258,0.032,1,1,,1.0143,,,0,,0.2351
TCGA-BR-4371-01,,WT,,4493.3537,2.1993,0.129,0,0,,2.388,,,1,,1.498
TCGA-BR-6452-01,,WT,,1923.3553,-0.9708,0.044,0,0,,-0.3152,,,0,,-0.9871
TCGA-BR-6453-01,,WT,,1895.382,-1.0053,0.042,0,0,,-0.3619,,,0,,-1.03
TCGA-BR-6454-01,,WT,,2433.2137,-0.3419,0.074,0,0,,0.4338,,,0,,-0.2986
TCGA-BR-6455-01,,WT,,2430.3802,-0.3454,0.073,0,0,,0.4301,,,0,,-0.302
TCGA-BR-6456-01,,WT,,3175.4727,0.5737,0.0,0,0,,1.282,,,0,,0.4812
TCGA-BR-6457-01,,WT,,1464.3142,-1.537,0.001,0,0,,-1.1837,,,0,,-1.7856
TCGA-BR-6458-01,,WT,,2739.3583,0.0358,0.201,0,0,,0.8114,,,1,,0.0485
TCGA-BR-6563-01,,WT,,2553.3282,-0.1937,0.033,0,0,,0.5873,,,0,,-0.1574
TCGA-BR-6564-01,,WT,,1173.4851,-1.8957,-0.021,0,0,,-1.8888,,,0,,-2.4337
TCGA-BR-6565-01,,WT,,2564.0004,-0.1805,0.01,0,0,,0.6006,,,0,,-0.1452
TCGA-BR-6566-01,,WT,,1835.7746,-1.0788,0.059,0,0,,-0.4636,,,0,,-1.1236
TCGA-BR-6705-01,,WT,,1650.9131,-1.3068,0.052,0,0,,-0.8017,,,0,,-1.4344
TCGA-BR-6706-01,,WT,,2457.5055,-0.3119,-0.002,0,0,,0.4655,,,0,,-0.2695
TCGA-BR-6707-01,,WT,,1999.2503,-0.8772,0.078,0,0,,-0.1919,,,0,,-0.8738
TCGA-BR-6709-01,,WT,,1566.8588,-1.4105,-0.013,0,0,,-0.9681,,,0,,-1.5874
TCGA-BR-6710-01,,NP,,,,0.005,0,0,NP,,,,0,,
TCGA-BR-6801-01,,WT,,3714.4006,1.2385,-1.11,1,1,,1.7815,,,-2,,0.9403
TCGA-BR-6802-01,,WT,,3043.6829,0.4111,0.007,0,0,,1.147,,,0,,0.357
TCGA-BR-6803-01,,WT,,1594.8424,-1.376,-0.063,0,0,,-0.9117,,,0,,-1.5356
TCGA-BR-6852-01,,Q573R,,1815.5366,-1.1038,0.039,1,1,,-0.4989,,,0,,-1.1561
TCGA-BR-7196-01,,WT,,2469.1912,-0.2975,0.022,0,0,,0.4806,,,0,,-0.2556
TCGA-BR-7197-01,,WT,,2040.3157,-0.8265,-0.203,0,0,,-0.1272,,,-1,,-0.8143
TCGA-BR-7703-01,,WT,,1843.6133,-1.0691,-0.013,0,0,,-0.4501,,,0,,-1.1111
TCGA-BR-7704-01,,WT,,2856.0498,0.1797,0.011,0,0,,0.9443,,,0,,0.1707
TCGA-BR-7707-01,,WT,,1550.3644,-1.4309,0.034,0,0,,-1.0018,,,0,,-1.6184
TCGA-BR-7715-01,,WT,,2118.2376,-0.7304,0.0,0,0,,-0.0078,,,0,,-0.7045
TCGA-BR-7716-01,,WT,,2984.8097,0.3385,0.067,0,0,,1.0848,,,0,,0.2998
TCGA-BR-7717-01,,WT,,1480.1881,-1.5174,0.167,0,0,,-1.1493,,,1,,-1.754
TCGA-BR-7722-01,,WT,,1894.017,-1.007,-0.002,0,0,,-0.3642,,,0,,-1.0322
TCGA-BR-7723-01,,WT,,2743.3294,0.0407,0.046,0,0,,0.816,,,0,,0.0528
TCGA-BR-7851-01,,D831N,,2367.3912,-0.4231,-0.005,1,1,,0.3465,,,0,,-0.3789
TCGA-BR-7901-01,,WT,,3059.9394,0.4312,-0.04,0,0,,1.1639,,,0,,0.3727
TCGA-BR-7957-01,,WT,,2611.7877,-0.1216,-0.024,0,0,,0.6594,,,0,,-0.0911
TCGA-BR-7958-01,,WT,,2438.5808,-0.3352,0.036,0,0,,0.4409,,,0,,-0.2921
TCGA-BR-7959-01,,WT,,3012.5761,0.3728,-0.026,0,0,,1.1143,,,0,,0.327
TCGA-BR-8058-01,,WT,,2309.5314,-0.4944,-0.22,0,0,,0.2677,,,-1,,-0.4513
TCGA-BR-8059-01,,WT,,2035.5794,-0.8323,0.171,0,0,,-0.1346,,,1,,-0.8211
TCGA-BR-8060-01,,WT,,2677.1656,-0.0409,-0.014,0,0,,0.7382,,,0,,-0.0187
TCGA-BR-8077-01,,WT,,3761.8466,1.297,0.145,0,0,,1.8219,,,1,,0.9775
TCGA-BR-8078-01,,WT,,2828.3868,0.1456,0.077,0,0,,0.9133,,,0,,0.1422
TCGA-BR-8080-01,,WT,,2275.3327,-0.5366,0.016,0,0,,0.2201,,,0,,-0.495
TCGA-BR-8081-01,,WT,,2272.3234,-0.5403,0.003,0,0,,0.2159,,,0,,-0.4989
TCGA-BR-8284-01,,WT,,2585.9344,-0.1535,0.056,0,0,,0.6278,,,0,,-0.1203
TCGA-BR-8285-01,,WT,,,,0.022,0,0,,,,,0,,
TCGA-BR-8286-01,,WT,,2552.2424,-0.195,-0.014,0,0,,0.586,,,0,,-0.1587
TCGA-BR-8289-01,,WT,,1917.6055,-0.9779,-0.01,0,0,,-0.3247,,,0,,-0.9959
TCGA-BR-8291-01,,WT,,2576.3377,-0.1653,-0.158,0,0,,0.6159,,,-1,,-0.1312
TCGA-BR-8295-01,,WT,,1485.6794,-1.5106,0.062,0,0,,-1.1376,,,0,,-1.7432
TCGA-BR-8296-01,,D1055N,,2345.3538,-0.4502,0.058,1,1,,0.3167,,,0,,-0.4063
TCGA-BR-8297-01,,WT,,2726.7936,0.0203,0.092,0,0,,0.7967,,,0,,0.0351
TCGA-BR-8360-01,,T586S,,,,0.049,1,1,,,,,0,,
TCGA-BR-8361-01,,WT,,2389.2837,-0.3961,-0.133,0,0,,0.3758,,,-1,,-0.3519
TCGA-BR-8362-01,,NP,,4310.578,1.9739,0.712,0,0,NP,2.2557,,,1,,1.3763
TCGA-BR-8363-01,,WT,,2953.3927,0.2998,0.019,0,0,,1.051,,,0,,0.2689
TCGA-BR-8364-01,,WT,,2569.7916,-0.1734,-0.005,0,0,,0.6078,,,0,,-0.1386
TCGA-BR-8365-01,,WT,,2705.1906,-0.0064,-0.208,0,0,,0.7714,,,-1,,0.0118
TCGA-BR-8366-01,,WT,,2231.6302,-0.5905,0.014,0,0,,0.1583,,,0,,-0.5518
TCGA-BR-8367-01,,WT,,2762.6056,0.0644,0.014,0,0,,0.8383,,,0,,0.0733
TCGA-BR-8368-01,,WT,,2891.7791,0.2238,0.001,0,0,,0.9839,,,0,,0.2071
TCGA-BR-8369-01,,WT,,3855.4356,1.4124,0.045,0,0,,1.9002,,,0,,1.0495
TCGA-BR-8370-01,,WT,,,,-0.061,0,0,,,,,0,,
TCGA-BR-8371-01,,WT,,2511.1149,-0.2458,0.01,0,0,,0.5342,,,0,,-0.2063
TCGA-BR-8372-01,,P63H R370Q,,4132.6141,1.7543,0.02,1,1,,2.1214,,,0,,1.2528
TCGA-BR-8373-01,,WT,,4224.9415,1.8682,-0.007,0,0,,2.1918,,,0,,1.3176
TCGA-BR-8380-01,,WT,,2347.8667,-0.4471,-0.001,0,0,,0.3201,,,0,,-0.4031
TCGA-BR-8381-01,,WT,,2611.8084,-0.1216,0.055,0,0,,0.6595,,,0,,-0.0911
TCGA-BR-8382-01,,WT,,2185.3631,-0.6476,0.03,0,0,,0.0916,,,0,,-0.6132
TCGA-BR-8384-01,,WT,,2620.1435,-0.1113,-0.01,0,0,,0.6696,,,0,,-0.0818
TCGA-BR-8483-01,,WT,,2595.5312,-0.1416,-0.047,0,0,,0.6396,,,0,,-0.1094
TCGA-BR-8484-01,,WT,,4189.3156,1.8243,-0.008,0,0,,2.1648,,,0,,1.2928
TCGA-BR-8485-01,,WT,,3059.5982,0.4308,-0.082,0,0,,1.1636,,,0,,0.3723
TCGA-BR-8486-01,,WT,,3790.8126,1.3327,0.135,0,0,,1.8463,,,1,,1.0
TCGA-BR-8487-01,,WT,,1795.6813,-1.1283,0.071,0,0,,-0.534,,,0,,-1.1883
TCGA-BR-8588-01,,WT,,1660.2616,-1.2953,0.058,0,0,,-0.7837,,,0,,-1.4179
TCGA-BR-8589-01,,WT,,3288.0277,0.7125,0.036,0,0,,1.393,,,0,,0.5832
TCGA-BR-8590-01,,WT,,2308.1871,-0.4961,0.009,0,0,,0.2658,,,0,,-0.453
TCGA-BR-8591-01,,WT,,2170.8336,-0.6655,0.018,0,0,,0.0704,,,0,,-0.6327
TCGA-BR-8592-01,,WT,,2369.1906,-0.4208,-0.001,0,0,,0.3489,,,0,,-0.3766
TCGA-BR-8676-01,,WT,,2826.7529,0.1436,0.053,0,0,,0.9114,,,0,,0.1405
TCGA-BR-8677-01,,WT,,2335.757,-0.4621,-0.038,0,0,,0.3036,,,0,,-0.4183
TCGA-BR-8678-01,,WT,,3049.3602,0.4182,-0.271,0,0,,1.1529,,,-1,,0.3625
TCGA-BR-8679-01,,WT,,3251.2746,0.6672,0.127,0,0,,1.3572,,,1,,0.5503
TCGA-BR-8680-01,,WT,,5238.2777,3.1182,0.328,0,0,,2.8768,,,1,,1.9473
TCGA-BR-8682-01,,WT,,2859.9692,0.1845,0.07,0,0,,0.9486,,,0,,0.1747
TCGA-BR-8683-01,,WT,,5267.3678,3.1541,0.175,0,0,,2.8944,,,1,,1.9635
TCGA-BR-8686-01,,WT,,3352.7334,0.7924,-0.01,0,0,,1.4551,,,0,,0.6403
TCGA-BR-8687-01,,WT,,2417.8465,-0.3608,-0.004,0,0,,0.4137,,,0,,-0.3171
TCGA-BR-8690-01,,WT,,2682.9774,-0.0338,0.008,0,0,,0.7451,,,0,,-0.0124
TCGA-BR-A44T-01,,WT,,2828.4075,0.1456,0.016,0,0,,0.9133,,,0,,0.1422
TCGA-BR-A44U-01,,WT,,5760.98,3.7629,1.55,0,0,,3.1799,,,1,,2.2259
TCGA-BR-A452-01,,WT,,2445.2924,-0.327,-0.277,0,0,,0.4496,,,-1,,-0.2841
TCGA-BR-A453-01,,WT,,2524.7241,-0.229,0.142,0,0,,0.5514,,,1,,-0.1904
TCGA-BR-A4CQ-01,,WT,,,,0.584,0,0,,,,,1,,
TCGA-BR-A4CR-01,,WT,,6229.6075,4.341,0.027,0,0,,3.429,,,0,,2.455
TCGA-BR-A4CS-01,,WT,,3218.5857,0.6269,-0.189,0,0,,1.325,,,-1,,0.5207
TCGA-BR-A4IU-01,,WT,,2701.3333,-0.0111,0.001,0,0,,0.7668,,,0,,0.0076
TCGA-BR-A4IV-01,,WT,,2633.277,-0.0951,0.003,0,0,,0.6856,,,0,,-0.0671
TCGA-BR-A4IY-01,,WT,,2351.3828,-0.4428,-0.049,0,0,,0.3249,,,0,,-0.3987
TCGA-BR-A4IZ-01,,WT,,2283.2852,-0.5268,0.009,0,0,,0.2312,,,0,,-0.4848
TCGA-BR-A4J1-01,,WT,,2223.2951,-0.6008,-0.021,0,0,,0.1464,,,0,,-0.5628
TCGA-BR-A4J2-01,,WT,,2958.6875,0.3063,0.114,0,0,,1.0567,,,1,,0.2741
TCGA-BR-A4J4-01,,WT,,2760.5684,0.0619,0.07,0,0,,0.8359,,,0,,0.0711
TCGA-BR-A4J5-01,,WT,,2101.8569,-0.7506,0.033,0,0,,-0.0325,,,0,,-0.7273
TCGA-BR-A4J6-01,,WT,,1999.9742,-0.8763,-0.087,0,0,,-0.1908,,,0,,-0.8728
TCGA-BR-A4J7-01,,WT,,2741.2301,0.0381,0.0,0,0,,0.8135,,,0,,0.0505
TCGA-BR-A4J8-01,,WT,,2303.5024,-0.5019,0.032,0,0,,0.2593,,,0,,-0.459
TCGA-BR-A4J9-01,,WT,,2870.1554,0.1971,0.021,0,0,,0.96,,,0,,0.1851
TCGA-BR-A4PD-01,,WT,,2175.0632,-0.6603,0.074,0,0,,0.0766,,,0,,-0.627
TCGA-BR-A4PE-01,,WT,,2572.2011,-0.1704,0.092,0,0,,0.6108,,,0,,-0.1359
TCGA-BR-A4PF-01,,WT,,4586.8879,2.3147,0.0,0,0,,2.4537,,,0,,1.5583
TCGA-BR-A4QI-01,,WT,,7983.6102,6.5045,1.75,1,1,,4.2195,,,2,,3.1817
TCGA-BR-A4QL-01,,M148Dfs*3,,3141.8324,0.5322,0.036,1,1,,1.2481,,,0,,0.45
TCGA-BR-A4QM-01,,WT,,3853.4811,1.41,0.011,0,0,,1.8986,,,0,,1.048
TCGA-BS-A0T9-01,,WT,,1172.3566,-1.1879,0.03,0,0,,-3.9488,,,0,,-1.254
TCGA-BS-A0TA-01,,WT,,1961.0437,-0.1467,0.004,0,0,,-1.5773,,,0,,0.0402
TCGA-BS-A0TC-01,,E950*,,220.1546,-2.445,-0.001,1,1,,-11.6465,,,0,,-5.4548
TCGA-BS-A0TD-01,,WT,,1225.1075,-1.1183,0.0,0,0,,-3.7459,,,0,,-1.1433
TCGA-BS-A0TE-01,,WT,,1742.5977,-0.4351,0.266,0,0,,-2.1217,,,1,,-0.2569
TCGA-BS-A0TG-01,,WT,,1943.9731,-0.1692,0.032,0,0,,-1.6176,,,0,,0.0183
TCGA-BS-A0TI-01,,WT,,1291.6375,-1.0305,-0.195,0,0,,-3.5022,,,-1,,-1.0103
TCGA-BS-A0TJ-01,,WT,,2454.5883,0.5049,-0.006,0,0,,-0.5422,,,0,,0.6051
TCGA-BS-A0U5-01,,WT,,2374.5817,0.3992,0.0,0,0,,-0.695,,,0,,0.5217
TCGA-BS-A0U7-01,,WT,,2002.3428,-0.0922,0.072,0,0,,-1.4812,,,0,,0.0927
TCGA-BS-A0U8-01,,WT,,2367.514,0.3899,-0.001,0,0,,-0.7088,,,0,,0.5142
TCGA-BS-A0U9-01,,WT,,2341.8849,0.3561,-0.062,0,0,,-0.759,,,0,,0.4868
TCGA-BS-A0UA-01,,WT,,1940.1801,-0.1743,0.003,0,0,,-1.6266,,,0,,0.0133
TCGA-BS-A0UF-01,,E1107*,,2967.9725,1.1826,-0.014,1,1,,0.3335,,,0,,1.083
TCGA-BS-A0UJ-01,,WT,,1270.7036,-1.0581,-0.002,0,0,,-3.5775,,,0,,-1.0514
TCGA-BS-A0UL-01,,WT,,2556.6716,0.6396,0.0,0,0,,-0.3543,,,0,,0.7076
TCGA-BS-A0UM-01,,WT,,1715.7909,-0.4705,,0,0,,-2.1932,,,NP,,-0.2959
TCGA-BS-A0UT-01,,WT,,1630.4956,-0.5831,0.157,0,0,,-2.4283,,,1,,-0.4242
TCGA-BS-A0UV-01,,K887E R439H,,2152.2477,0.1057,0.065,1,1,,-1.1483,,,0,,0.2743
TCGA-BS-A0V4-01,,WT,,1479.74,-0.7821,0.023,0,0,,-2.8755,,,0,,-0.6682
TCGA-BS-A0V6-01,,WT,,2578.5307,0.6685,-0.003,0,0,,-0.3151,,,0,,0.7291
TCGA-BS-A0V7-01,,WT,,1213.08,-1.1342,0.056,0,0,,-3.7914,,,0,,-1.1681
TCGA-BS-A0V8-01,,WT,,2707.3848,0.8386,0.124,0,0,,-0.0902,,,1,,0.8518
TCGA-BS-A0VI-01,,WT,,1957.8899,-0.1509,0.035,0,0,,-1.5847,,,0,,0.0362
TCGA-BS-A0WQ-01,,WT,,2697.3349,0.8253,0.038,0,0,,-0.1074,,,0,,0.8424
TCGA-BT-A0S7-01,,WT,,3973.32,2.5261,0.103,0,0,,1.9761,,,1,,1.3497
TCGA-BT-A0YX-01,,WT,,1834.51,0.002,0.032,0,0,,-0.3843,,,0,,0.192
TCGA-BT-A20J-01,,WT,,2592.8,0.8969,-0.002,0,0,,0.6723,,,0,,0.7102
TCGA-BT-A20N-01,,WT,,2899.24,1.2586,-0.366,0,0,,1.0135,,,-1,,0.8776
TCGA-BT-A20O-01,,WT,,1976.49,0.1696,0.033,0,0,,-0.1566,,,0,,0.3036
TCGA-BT-A20P-01,,WT,,1563.17,-0.3182,0.29,0,0,,-0.873,,,1,,-0.0477
TCGA-BT-A20Q-01,,WT,,2657.1,0.9728,0.135,0,0,,0.7471,,,1,,0.7469
TCGA-BT-A20R-01,,WT,,2391.42,0.6593,0.005,0,0,,0.4254,,,0,,0.5891
TCGA-BT-A20T-01,,WT,,2193.89,0.4262,-0.14,0,0,,0.1621,,,-1,,0.4599
TCGA-BT-A20U-01,,WT,,2133.43,0.3548,-0.001,0,0,,0.0767,,,0,,0.4181
TCGA-BT-A20V-01,,WT,,3933.29,2.4789,0.466,0,0,,1.9452,,,1,,1.3345
TCGA-BT-A20W-01,,WT,,3035.81,1.4197,0.015,0,0,,1.1541,,,0,,0.9465
TCGA-BT-A20X-01,,WT,,3360.54,1.8029,-0.05,0,0,,1.4645,,,0,,1.0988
TCGA-BT-A2LA-01,,WT,,2465.18,0.7463,0.031,0,0,,0.5181,,,0,,0.6346
TCGA-BT-A2LB-01,,WT,,951.228,-1.0403,-0.401,0,0,,-2.3894,,,-1,,-0.7915
TCGA-BT-A2LD-01,,WT,,1194.42,-0.7533,-0.001,0,0,,-1.6945,,,0,,-0.4507
TCGA-BT-A3PH-01,,WT,,2511.18,0.8006,-0.111,0,0,,0.5746,,,-1,,0.6623
TCGA-BT-A3PJ-01,,WT,,2329.72,0.5865,0.099,0,0,,0.3455,,,0,,0.5499
TCGA-BT-A3PK-01,,WT,,2539.49,0.834,0.059,0,0,,0.6088,,,0,,0.6791
TCGA-BT-A42B-01,,WT,,,,-0.212,0,0,NP,,,,-1,,
TCGA-BT-A42C-01,,WT,,2349.93,0.6103,0.228,0,0,,0.3719,,,1,,0.5629
TCGA-BT-A42E-01,,E1147Dfs*13,,616.171,-1.4357,0.033,1,1,,-3.7144,,,0,,-1.4414
TCGA-BT-A42F-01,,WT,,1047.55,-0.9267,0.044,0,0,,-2.095,,,0,,-0.6471
TCGA-BW-A5NO-01,,WT,,2192.41,1.5149,0.556,0,0,,1.6875,,,1,,1.0065
TCGA-BW-A5NP-01,,WT,,1789.17,0.7233,-0.027,0,0,,0.8664,,,0,,0.5476
TCGA-BW-A5NQ-01,,WT,,1450.19,0.0579,0.0,0,0,,0.018,,,0,,0.0735
TCGA-C4-A0EZ-01,,WT,,2930.52,1.2955,-0.027,0,0,,1.0463,,,0,,0.8936
TCGA-C4-A0F0-01,,WT,,5425.74,4.2401,-0.007,0,0,,2.9278,,,0,,1.8165
TCGA-C4-A0F1-01,,WT,,478.628,-1.598,,0,0,,-4.4848,,,NP,,-1.8192
TCGA-C4-A0F6-01,,WT,,3329.29,1.7661,0.31,0,0,,1.4359,,,1,,1.0848
TCGA-C4-A0F7-01,,WT,,2212.54,0.4482,,0,0,,0.1879,,,NP,,0.4726
TCGA-C5-A0TN-01,,WT,,1792.38,-0.6036,-0.231,0,0,,,,,-1,,-0.5067
TCGA-C5-A1BE-01,,WT,,1948.22,-0.4141,-0.064,0,0,,,,,0,,-0.291
TCGA-C5-A1BF-01,,WT,,1937.92,-0.4266,-0.077,0,0,,,,,0,,-0.3048
TCGA-C5-A1BI-01,,WT,,2085.41,-0.2472,-0.028,0,0,,,,,0,,-0.115
TCGA-C5-A1BJ-01,,WT,,2232.29,-0.0686,0.236,0,0,,,,,1,,0.0611
TCGA-C5-A1BK-01,,WT,,2576.11,0.3495,0.194,0,0,,,,,1,,0.4317
TCGA-C5-A1BL-01,,WT,,3895.35,1.9539,-0.039,0,0,,,,,0,,1.5016
TCGA-C5-A1BM-01,,WT,,2364.76,0.0925,-0.049,0,0,,,,,0,,0.2102
TCGA-C5-A1BN-01,,WT,,2044.76,-0.2967,-0.097,0,0,,,,,0,,-0.1659
TCGA-C5-A1BQ-01,,NP,,1919.67,-0.4488,-0.416,0,0,NP,,,,-1,,-0.3292
TCGA-C5-A1M5-01,,WT,,3442.74,1.4034,-0.307,0,0,,,,,-1,,1.182
TCGA-C5-A1M6-01,,WT,,2990.41,0.8534,0.01,0,0,,,,,0,,0.8176
TCGA-C5-A1M7-01,,WT,,503.863,-2.1706,-0.34,0,0,,,,,-1,,-3.7876
TCGA-C5-A1M8-01,,WT,,2016.36,-0.3312,-0.246,0,0,,,,,-1,,-0.2021
TCGA-C5-A1M9-01,,WT,,2268.58,-0.0245,-0.045,0,0,,,,,0,,0.1028
TCGA-C5-A1ME-01,,WT,,1511.09,-0.9457,0.07,0,0,,,,,0,,-0.9483
TCGA-C5-A1MF-01,,WT,,882.285,-1.7104,0.32,0,0,,,,,1,,-2.3398
TCGA-C5-A1MH-01,,WT,,3079.74,0.962,0.041,0,0,,,,,0,,0.8937
TCGA-C5-A1MI-01,,WT,,2731.15,0.5381,0.005,0,0,,,,,0,,0.5829
TCGA-C5-A1MJ-01,,WT,,3461.9,1.4267,-0.005,0,0,,,,,0,,1.1964
TCGA-C5-A1MK-01,,WT,,1877.43,-0.5002,-0.114,0,0,,,,,-1,,-0.3868
TCGA-C5-A1ML-01,,WT,,2271.02,-0.0215,-0.111,0,0,,,,,-1,,0.1056
TCGA-C5-A1MN-01,,WT,,1960.79,-0.3988,-0.15,0,0,,,,,-1,,-0.2744
TCGA-C5-A1MP-01,,WT,,1785.76,-0.6116,0.151,0,0,,,,,1,,-0.5163
TCGA-C5-A1MQ-01,,WT,,745.142,-1.8772,,0,0,,,,,NP,,-2.7765
TCGA-C5-A2LS-01,,WT,,3512.49,1.4883,0.076,0,0,,,,,0,,1.2339
TCGA-C5-A2LT-01,,WT,,2664.58,0.4571,0.026,0,0,,,,,0,,0.5191
TCGA-C5-A2LV-01,,WT,,1955.23,-0.4055,0.361,0,0,,,,,1,,-0.2818
TCGA-C5-A2LX-01,,WT,,1096.4,-1.45,-0.431,0,0,,,,,-1,,-1.778
TCGA-C5-A2LY-01,,WT,,1976.94,-0.3791,0.085,0,0,,,,,0,,-0.2532
TCGA-C5-A2LZ-01,,WT,,1743.72,-0.6628,0.09,0,0,,,,,0,,-0.5779
TCGA-C5-A2M1-01,,WT,,2376.45,0.1067,-0.086,0,0,,,,,0,,0.223
TCGA-C5-A2M2-01,,WT,,1928.09,-0.4386,0.007,0,0,,,,,0,,-0.3179
TCGA-C5-A3HD-01,,WT,,2461.71,0.2104,-0.135,0,0,,,,,-1,,0.3142
TCGA-C5-A3HE-01,,WT,,1747.99,-0.6576,0.0,0,0,,,,,0,,-0.5716
TCGA-C5-A3HF-01,,WT,,1828.27,-0.5599,0.037,0,0,,,,,0,,-0.4554
TCGA-C5-A3HL-01,,NP,,2564.76,0.3357,0.016,0,0,NP,,,,0,,0.4203
TCGA-C5-A7CG-01,,WT,,2803.74,0.6263,0.0,0,0,,,,,0,,0.6508
TCGA-C5-A7CH-01,,WT,,2329.69,0.0498,0.129,0,0,,,,,1,,0.1716
TCGA-C5-A7CJ-01,,WT,,2578.05,0.3519,-0.127,0,0,,,,,-1,,0.4337
TCGA-C5-A7CK-01,,WT,,2568.12,0.3398,0.029,0,0,,,,,0,,0.4237
TCGA-C5-A7CL-01,,WT,,1744.51,-0.6618,-0.052,0,0,,,,,0,,-0.5767
TCGA-C5-A7CM-01,,WT,,1526.34,-0.9271,-0.09,0,0,,,,,0,,-0.9223
TCGA-C5-A7CO-01,,WT,,2074.83,-0.2601,-0.294,0,0,,,,,-1,,-0.1282
TCGA-C5-A7UC-01,,WT,,1941.4,-0.4224,-0.042,0,0,,,,,0,,-0.3001
TCGA-C5-A7UE-01,,WT,,1567.94,-0.8765,0.022,0,0,,,,,0,,-0.8528
TCGA-C5-A7UH-01,,WT,,2117.03,-0.2088,-0.007,0,0,,,,,0,,-0.0761
TCGA-C5-A7UI-01,,WT,,998.813,-1.5687,-0.266,0,0,,,,,-1,,-2.019
TCGA-C5-A7X3-01,,WT,,1564.09,-0.8812,-0.011,0,0,,,,,0,,-0.8591
TCGA-C5-A7X5-01,,WT,,2337.2,0.059,-0.128,0,0,,,,,-1,,0.1799
TCGA-C5-A7X8-01,,WT,,1467.72,-0.9984,-0.037,0,0,,,,,0,,-1.0236
TCGA-C5-A7XC-01,,WT,,2085.0,-0.2477,0.053,0,0,,,,,0,,-0.1155
TCGA-C5-A8XH-01,,S210*,,1094.27,-1.4526,-0.103,1,1,,,,,-1,,-1.783
TCGA-C5-A8XI-01,,WT,,3025.53,0.8961,0.131,0,0,,,,,1,,0.8478
TCGA-C5-A8XJ-01,,WT,,2486.67,0.2407,-0.089,0,0,,,,,0,,0.3403
TCGA-C5-A8XK-01,,WT,,1584.29,-0.8567,-0.135,0,0,,,,,-1,,-0.8259
TCGA-C5-A8YQ-01,,WT,,2356.1,0.082,0.21,0,0,,,,,1,,0.2007
TCGA-C5-A8YR-01,,WT,,1671.36,-0.7508,-0.067,0,0,,,,,0,,-0.6876
TCGA-C5-A8YT-01,,WT,,2064.3,-0.2729,-0.001,0,0,,,,,0,,-0.1413
TCGA-C5-A8ZZ-01,,WT,,2529.61,0.293,-0.046,0,0,,,,,0,,0.3846
TCGA-C5-A907-01,,WT,,984.691,-1.5858,0.014,0,0,,,,,0,,-2.0559
TCGA-C8-A12K-01,,WT,,2400.06,-0.2417,-0.108,0,0,,-1.1688,,,-1,,-0.0872
TCGA-C8-A12L-01,,WT,,4131.38,1.6475,0.378,0,0,,0.8002,-0.0221,0.2671,1,,1.2911
TCGA-C8-A12M-01,,WT,,3643.97,1.1157,0.226,0,0,,0.345,,,1,,0.9725
TCGA-C8-A12N-01,,WT,,1817.19,-0.8777,0.02,0,0,,-2.1772,,,0,,-0.7931
TCGA-C8-A12O-01,,WT,,2592.58,-0.0316,0.07,0,0,,-0.8891,,,0,,0.1086
TCGA-C8-A12P-01,,WT,,2032.86,-0.6424,-0.113,0,0,,-1.7707,-0.362,-0.8438,-1,,-0.5086
TCGA-C8-A12Q-01,,WT,,3979.4,1.4817,0.381,0,0,,0.6643,-0.4612,-1.168,1,,1.196
TCGA-C8-A12T-01,,WT,,1989.38,-0.6898,-0.019,0,0,,-1.849,-0.1267,-0.0748,0,,-0.5634
TCGA-C8-A12U-01,,WT,,2354.24,-0.2917,0.013,0,0,,-1.2386,0.0218,0.4106,0,,-0.1361
TCGA-C8-A12V-01,,WT,,2260.75,-0.3937,0.036,0,0,,-1.3855,0.223,1.0681,0,,-0.239
TCGA-C8-A12W-01,,WT,,2823.05,0.2199,0.06,0,0,,-0.5803,-0.0278,0.2485,0,,0.3247
TCGA-C8-A12X-01,,WT,,1499.28,-1.2246,-0.123,0,0,,-2.8741,,,-1,,-1.2811
TCGA-C8-A12Y-01,,WT,,1283.07,-1.4605,-0.019,0,0,,-3.4384,,,0,,-1.6761
TCGA-C8-A12Z-01,,WT,,2381.32,-0.2621,-0.046,0,0,,-1.1972,-0.659,-1.8145,0,,-0.1071
TCGA-C8-A130-01,,WT,,1825.81,-0.8683,-0.071,0,0,,-2.16,0.0658,0.5544,0,,-0.7811
TCGA-C8-A131-01,,WT,,1455.25,-1.2727,0.044,0,0,,-2.9821,-0.2385,-0.4402,0,,-1.3567
TCGA-C8-A132-01,,WT,,3183.01,0.6127,-0.041,0,0,,-0.1453,,,0,,0.6293
TCGA-C8-A133-01,,WT,,2177.56,-0.4845,0.003,0,0,,-1.5214,,,0,,-0.3341
TCGA-C8-A134-01,,WT,,2066.5,-0.6057,-0.046,0,0,,-1.7112,-0.0763,0.0899,0,,-0.4669
TCGA-C8-A135-01,,WT,,2017.51,-0.6591,-0.25,0,0,,-1.7981,-0.4571,-1.1546,-1,,-0.5278
TCGA-C8-A137-01,,WT,,2310.14,-0.3398,-0.083,0,0,,-1.3072,,,0,,-0.1841
TCGA-C8-A138-01,,WT,,2067.55,-0.6045,0.002,0,0,,-1.7093,0.1523,0.8371,0,,-0.4656
TCGA-C8-A1HE-01,,WT,,3438.14,0.8911,-0.048,0,0,,0.1342,,,0,,0.825
TCGA-C8-A1HF-01,,WT,,2045.44,-0.6286,-0.139,0,0,,-1.7483,,,-1,,-0.4929
TCGA-C8-A1HG-01,,WT,,2301.32,-0.3494,0.262,0,0,,-1.321,,,1,,-0.1938
TCGA-C8-A1HI-01,,WT,,2959.37,0.3686,-0.021,0,0,,-0.4094,,,0,,0.4444
TCGA-C8-A1HJ-01,,WT,,4145.66,1.6631,-0.541,0,0,,0.8127,,,-1,,1.2999
TCGA-C8-A1HK-01,,WT,,3440.86,0.894,0.013,0,0,,0.1371,,,0,,0.827
TCGA-C8-A1HL-01,,WT,,2089.31,-0.5808,-0.114,0,0,,-1.6714,,,-1,,-0.4391
TCGA-C8-A1HM-01,,WT,,5032.2,2.6305,-0.026,0,0,,1.5153,,,0,,1.7918
TCGA-C8-A1HN-01,,WT,,3733.26,1.2131,0.021,0,0,,0.4328,,,0,,1.034
TCGA-C8-A1HO-01,,WT,,3387.11,0.8354,-0.531,0,0,,0.08,,,-1,,0.787
TCGA-C8-A26V-01,,WT,,3109.12,0.532,-0.143,0,0,,-0.2304,,,-1,,0.5697
TCGA-C8-A26W-01,,WT,,2941.55,0.3492,-0.119,0,0,,-0.4313,,,-1,,0.4291
TCGA-C8-A26X-01,,WT,,2002.76,-0.6752,0.006,0,0,,-1.8247,,,0,,-0.5464
TCGA-C8-A26Y-01,,WT,,3385.65,0.8338,-0.032,0,0,,0.0785,,,0,,0.7859
TCGA-C8-A26Z-01,,WT,,3340.52,0.7845,0.006,0,0,,0.0298,,,0,,0.7518
TCGA-C8-A273-01,,WT,,1890.6,-0.7976,0.037,0,0,,-2.0336,,,0,,-0.6927
TCGA-C8-A274-01,,WT,,2999.59,0.4125,0.131,0,0,,-0.3604,,,1,,0.4786
TCGA-C8-A275-01,,WT,,2373.93,-0.2702,0.181,0,0,,-1.2084,,,1,,-0.115
TCGA-C8-A278-01,,WT,,1802.8,-0.8934,0.031,0,0,,-2.206,,,0,,-0.8133
TCGA-C8-A27A-01,,WT,,4397.02,1.9374,-0.056,0,0,,1.0261,,,0,,1.4493
TCGA-C8-A27B-01,,WT,,6303.84,4.0181,0.528,0,0,,2.3322,,,1,,2.3636
TCGA-C8-A3M7-01,,WT,,2552.17,-0.0757,-0.02,0,0,,-0.946,,,0,,0.0687
TCGA-C8-A3M8-01,,WT,,2142.4,-0.5228,0.006,0,0,,-1.5804,,,0,,-0.3754
TCGA-C8-A8HP-01,,WT,,768.646,-2.0219,0.008,0,0,,-5.2947,,,0,,-2.9756
TCGA-C8-A8HQ-01,,WT,,2128.62,-0.5379,-0.364,0,0,,-1.6038,,,-1,,-0.3918
TCGA-C8-A8HR-01,,WT,,2893.81,0.2971,0.26,0,0,,-0.4906,,,1,,0.3875
TCGA-C8-A9FZ-01,,WT,,,,0.345,1,1,,,,,2,,
TCGA-C9-A47Z-01,,WT,,3688.17,1.6608,0.027,0,0,,2.2617,,,0,,1.1536
TCGA-C9-A480-01,,WT,,1903.03,-0.4453,-0.016,0,0,,-0.2491,,,0,,-0.4002
TCGA-CA-5254-01,,WT,,1758.5,-0.7041,0.001,0,0,,-1.3126,,,0,,-0.7792
TCGA-CA-5255-01,,WT,,1401.78,-1.0742,0.031,0,0,,-2.6936,,,0,,-1.3453
TCGA-CA-5256-01,,WT,,2445.12,0.0081,-0.071,0,0,,0.6955,,,0,,0.0441
TCGA-CA-5796-01,,WT,,2222.36,-0.223,0.05,0,0,,0.1136,,,0,,-0.1945
TCGA-CA-5797-01,,WT,,3537.77,1.1416,-0.11,0,0,,2.9463,,,-1,,0.9668
TCGA-CA-6715-01,,WT,,3960.46,1.5801,0.031,0,0,,3.634,,,0,,1.2487
TCGA-CA-6716-01,,WT,,3335.1,0.9313,-0.106,0,0,,2.5868,,,-1,,0.8194
TCGA-CA-6717-01,,WT,,2470.06,0.034,0.013,0,0,,0.7574,,,0,,0.0694
TCGA-CA-6718-01,,WT,,2119.91,-0.3292,0.041,0,0,,-0.174,,,0,,-0.3124
TCGA-CA-6719-01,,WT,,4192.86,1.8211,0.411,0,0,,3.9815,,,1,,1.3912
TCGA-CC-5258-01,,WT,,7948.6,12.815,2.53,1,1,,6.8918,,,2,,3.915
TCGA-CC-5259-01,,WT,,974.235,-0.8765,,0,0,,-1.5884,,,NP,,-0.8243
TCGA-CC-5260-01,,WT,,2075.54,1.2855,-0.252,0,0,,1.4662,,,-1,,0.8828
TCGA-CC-5261-01,,WT,,2918.44,2.9402,0.024,0,0,,2.8431,,,0,,1.6523
TCGA-CC-5262-01,,WT,,933.192,-0.9571,-0.015,0,0,,-1.7622,,,0,,-0.9214
TCGA-CC-5263-01,,WT,,2683.3,2.4786,-0.083,0,0,,2.5037,,,0,,1.4627
TCGA-CC-5264-01,,WT,,5148.3,7.3177,0.633,0,0,,5.1366,,,1,,2.9341
TCGA-CC-A123-01,,WT,,543.265,-1.7226,,0,0,,-3.9457,,,NP,,-2.1417
TCGA-CC-A1HT-01,,WT,,1907.82,0.9562,0.0,0,0,,1.1258,,,0,,0.6926
TCGA-CC-A3M9-01,,WT,,1705.71,0.5595,0.072,0,0,,0.6735,,,0,,0.4398
TCGA-CC-A3MA-01,,WT,,1892.35,0.9259,-0.163,0,0,,1.0929,,,-1,,0.6742
TCGA-CC-A3MB-01,,WT,,2050.43,1.2362,-0.037,0,0,,1.417,,,0,,0.8553
TCGA-CC-A3MC-01,,WT,,925.947,-0.9713,0.07,0,0,,-1.7937,,,0,,-0.939
TCGA-CC-A5UC-01,,WT,,714.346,-1.3867,-0.231,0,0,,-2.841,,,-1,,-1.5243
TCGA-CC-A5UD-01,,WT,,863.963,-1.093,-0.215,0,0,,-2.0734,,,-1,,-1.0953
TCGA-CC-A5UE-01,,WT,,2884.51,2.8736,0.679,0,0,,2.7959,,,1,,1.6259
TCGA-CC-A7IE-01,,WT,,1849.28,0.8413,0.07,0,0,,0.9999,,,0,,0.6222
TCGA-CC-A7IF-01,,WT,,1416.93,-0.0074,-0.06,0,0,,-0.0757,,,0,,0.0211
TCGA-CC-A7IG-01,,WT,,1120.13,-0.5901,0.257,0,0,,-1.025,,,1,,-0.5094
TCGA-CC-A7IH-01,,WT,,3117.53,3.331,0.678,0,0,,3.1097,,,1,,1.8014
TCGA-CC-A7II-01,,WT,,899.762,-1.0227,0.004,0,0,,-1.9095,,,0,,-1.0037
TCGA-CC-A7IJ-01,,WT,,1585.89,0.3242,0.196,0,0,,0.3793,,,1,,0.2754
TCGA-CC-A7IK-01,,WT,,1754.98,0.6562,-0.079,0,0,,0.7885,,,0,,0.5041
TCGA-CC-A7IL-01,,WT,,842.366,-1.1354,-0.117,0,0,,-2.1756,,,-1,,-1.1524
TCGA-CC-A8HT-01,,WT,,889.364,-1.0431,-0.014,0,0,,-1.9564,,,0,,-1.03
TCGA-CC-A8HU-01,,WT,,1937.5,1.0145,-0.336,0,0,,1.1882,,,-1,,0.7274
TCGA-CC-A8HV-01,,WT,,1270.86,-0.2942,0.015,0,0,,-0.5151,,,0,,-0.2245
TCGA-CC-A9FS-01,,WT,,2741.1,2.5921,0.56,0,0,,2.5898,,,1,,1.5108
TCGA-CC-A9FU-01,,WT,,1092.08,-0.6452,0.023,0,0,,-1.1274,,,0,,-0.5666
TCGA-CC-A9FV-01,,WT,,1314.77,-0.208,-0.011,0,0,,-0.3779,,,0,,-0.1478
TCGA-CC-A9FW-01,,WT,,1478.96,0.1143,-0.023,0,0,,0.0973,,,0,,0.1178
TCGA-CD-5798-01,,WT,,1511.5637,-1.4787,0.006,0,0,,-1.0825,,,0,,-1.6926
TCGA-CD-5799-01,,WT,,1804.4507,-1.1174,0.017,0,0,,-0.5185,,,0,,-1.174
TCGA-CD-5800-01,,WT,,1899.0739,-1.0007,-0.132,0,0,,-0.3557,,,-1,,-1.0243
TCGA-CD-5801-01,,WT,,1887.988,-1.0144,0.093,0,0,,-0.3743,,,0,,-1.0415
TCGA-CD-5802-01,,WT,,,,-0.091,0,0,,,,,0,,
TCGA-CD-5803-01,,WT,,1990.8531,-0.8875,-0.012,0,0,,-0.2053,,,0,,-0.8861
TCGA-CD-5804-01,,WT,,1519.1025,-1.4694,0.104,0,0,,-1.0667,,,1,,-1.678
TCGA-CD-5813-01,,WT,,1462.4734,-1.5393,,0,0,,-1.1877,,,NP,,-1.7893
TCGA-CD-8524-01,,WT,,3188.7303,0.5901,0.129,0,0,,1.2953,,,1,,0.4934
TCGA-CD-8525-01,,WT,,2014.7209,-0.8581,0.0,0,0,,-0.1674,,,0,,-0.8512
TCGA-CD-8526-01,,WT,,2193.0467,-0.6381,-0.011,0,0,,0.1028,,,0,,-0.6029
TCGA-CD-8527-01,,WT,,1721.2237,-1.2201,-0.636,0,0,,-0.6689,,,-1,,-1.3123
TCGA-CD-8528-01,,WT,,3410.2932,0.8634,-0.071,0,0,,1.5093,,,0,,0.6901
TCGA-CD-8529-01,,WT,,1891.3282,-1.0103,-0.027,0,0,,-0.3687,,,0,,-1.0363
TCGA-CD-8530-01,,WT,,2137.5759,-0.7065,0.006,0,0,,0.0212,,,0,,-0.6779
TCGA-CD-8531-01,,WT,,2888.3148,0.2195,0.032,0,0,,0.9801,,,0,,0.2036
TCGA-CD-8532-01,,WT,,2393.2755,-0.3911,-0.09,0,0,,0.3811,,,0,,-0.347
TCGA-CD-8533-01,,WT,,4578.2115,2.304,-0.046,0,0,,2.4476,,,0,,1.5528
TCGA-CD-8534-01,,WT,,3019.9909,0.3819,-0.163,0,0,,1.1221,,,-1,,0.3342
TCGA-CD-8535-01,,WT,,2610.3399,-0.1234,0.0,0,0,,0.6577,,,0,,-0.0928
TCGA-CD-8536-01,,WT,,2394.8887,-0.3891,0.037,0,0,,0.3833,,,0,,-0.345
TCGA-CD-A486-01,,WT,,1722.1751,-1.2189,0.002,0,0,,-0.6671,,,0,,-1.3107
TCGA-CD-A487-01,,WT,,2756.68,0.0571,0.157,0,0,,0.8315,,,1,,0.067
TCGA-CD-A489-01,,WT,,3124.2935,0.5106,-0.148,0,0,,1.2303,,,-1,,0.4336
TCGA-CD-A48A-01,,WT,,2403.2342,-0.3788,0.092,0,0,,0.3943,,,0,,-0.3349
TCGA-CD-A48C-01,,WT,,2222.3437,-0.602,-0.08,0,0,,0.1451,,,0,,-0.564
TCGA-CD-A4MG-01,,WT,,2495.3237,-0.2653,0.145,0,0,,0.5141,,,1,,-0.2247
TCGA-CD-A4MH-01,,WT,,3279.827,0.7024,0.046,0,0,,1.385,,,0,,0.5759
TCGA-CD-A4MI-01,,WT,,2269.1796,-0.5442,0.013,0,0,,0.2115,,,0,,-0.5029
TCGA-CD-A4MJ-01,,WT,,2501.0838,-0.2581,0.028,0,0,,0.5215,,,0,,-0.218
TCGA-CE-A13K-01,,WT,,2730.22,-0.0154,-0.011,0,0,,-0.5827,,,0,,0.111
TCGA-CE-A27D-01,,WT,,2852.4,0.1649,-0.001,0,0,,-0.4248,,,0,,0.2722
TCGA-CE-A3MD-01,,WT,,2391.56,-0.5151,0.004,0,0,,-1.0602,,,0,,-0.3766
TCGA-CE-A3ME-01,,WT,,2789.23,0.0717,0.0,0,0,,-0.5056,,,0,,0.1897
TCGA-CE-A481-01,,WT,,2611.85,-0.19,0.002,0,0,,-0.7425,,,0,,-0.0522
TCGA-CE-A482-01,,WT,,2696.35,-0.0654,0.002,0,0,,-0.6277,,,0,,0.065
TCGA-CE-A483-01,,WT,,3399.46,0.9722,0.003,0,0,,0.2079,,,0,,0.9182
TCGA-CE-A484-01,,WT,,3152.77,0.6081,-0.011,0,0,,-0.0638,,,0,,0.6408
TCGA-CE-A485-01,,WT,,2416.92,-0.4777,0.002,0,0,,-1.0222,,,0,,-0.3378
TCGA-CF-A1HR-01,,WT,,1727.99,-0.1237,-0.005,0,0,,-0.5669,,,0,,0.1024
TCGA-CF-A1HS-01,,WT,,4052.6,2.6197,0.138,0,0,,2.0365,,,1,,1.3793
TCGA-CF-A27C-01,,Q593*,,476.634,-1.6004,-0.143,1,1,,-4.4975,,,-1,,-1.8255
TCGA-CF-A3MF-01,,WT,,1816.16,-0.0196,0.032,0,0,,-0.415,,,0,,0.1769
TCGA-CF-A3MG-01,,WT,,3004.27,1.3825,0.421,0,0,,1.1222,,,1,,0.9309
TCGA-CF-A3MH-01,,WT,,2220.17,0.4572,0.017,0,0,,0.1984,,,0,,0.4778
TCGA-CF-A3MI-01,,R1012*,,649.903,-1.3959,-0.071,1,1,,-3.5518,,,0,,-1.3616
TCGA-CF-A47S-01,,WT,,1759.17,-0.0869,-0.025,0,0,,-0.5123,,,0,,0.1292
TCGA-CF-A47T-01,,WT,,1831.42,-0.0016,-0.004,0,0,,-0.3894,,,0,,0.1895
TCGA-CF-A47V-01,,WT,,1620.59,-0.2504,0.054,0,0,,-0.7629,,,0,,0.0063
TCGA-CF-A47W-01,,Q773*,,334.906,-1.7677,0.01,1,1,,-5.573,,,0,,-2.353
TCGA-CF-A47X-01,,WT,,2156.27,0.3818,-0.111,0,0,,0.1092,,,-1,,0.434
TCGA-CF-A47Y-01,,WT,,605.278,-1.4486,0.004,0,0,,-3.7688,,,0,,-1.4681
TCGA-CF-A5U8-01,,N986Sfs*15,,491.015,-1.5834,-0.081,1,1,,-4.4069,,,0,,-1.781
TCGA-CF-A5UA-01,,WT,,1164.51,-0.7886,0.117,0,0,,-1.7719,,,1,,-0.4886
TCGA-CF-A7I0-01,,WT,,1507.77,-0.3835,-0.103,0,0,,-0.9832,,,-1,,-0.1018
TCGA-CF-A8HX-01,,WT,,1497.56,-0.3956,-0.444,0,0,,-1.0039,,,-1,,-0.112
TCGA-CF-A8HY-01,,WT,,1939.33,0.1257,0.049,0,0,,-0.2146,,,0,,0.2752
TCGA-CF-A9FF-01,,WT,,1643.23,-0.2237,-0.025,0,0,,-0.7205,,,0,,0.0271
TCGA-CF-A9FH-01,,WT,,1824.01,-0.0103,-0.053,0,0,,-0.4018,,,0,,0.1834
TCGA-CF-A9FL-01,,WT,,2309.2,0.5622,0.012,0,0,,0.3185,,,0,,0.5367
TCGA-CF-A9FM-01,,WT,,83.5212,-2.0643,-1.29,1,1,,-9.7889,,,-2,,-4.4208
TCGA-CG-4300-01,,WT,,,,0.435,0,0,,,,,1,,
TCGA-CG-4301-01,,WT,,2422.8215,-0.3547,-0.213,0,0,,0.4202,,,-1,,-0.3111
TCGA-CG-4304-01,,WT,,2524.5866,-0.2292,-0.024,0,0,,0.5513,,,0,,-0.1906
TCGA-CG-4305-01,,WT,,1893.3242,-1.0078,0.097,0,0,,-0.3653,,,0,,-1.0332
TCGA-CG-4306-01,,WT,,2593.9697,-0.1436,0.012,0,0,,0.6376,,,0,,-0.1112
TCGA-CG-4436-01,,WT,,3080.4165,0.4565,-0.222,0,0,,1.1852,,,-1,,0.3922
TCGA-CG-4437-01,,WT,,1172.0993,-1.8974,0.026,0,0,,-1.8925,,,0,,-2.4372
TCGA-CG-4438-01,,WT,,3487.2941,0.9583,0.131,0,0,,1.5804,,,1,,0.7555
TCGA-CG-4440-01,,WT,,2307.2475,-0.4972,-0.045,0,0,,0.2645,,,0,,-0.4542
TCGA-CG-4441-01,,WT,,2063.1493,-0.7983,0.028,0,0,,-0.0917,,,0,,-0.7817
TCGA-CG-4442-01,,C176Vfs*7,,1068.5186,-2.0252,0.053,1,1,,-2.1871,,,0,,-2.708
TCGA-CG-4443-01,,WT,,2764.3439,0.0666,-0.215,0,0,,0.8403,,,-1,,0.0751
TCGA-CG-4444-01,,WT,,3704.7985,1.2266,0.776,0,0,,1.7732,,,1,,0.9328
TCGA-CG-4449-01,,WT,,2409.834,-0.3707,-0.106,0,0,,0.4031,,,-1,,-0.3268
TCGA-CG-4455-01,,WT,,,,-0.009,0,0,,,,,0,,
TCGA-CG-4462-01,,WT,,2319.5383,-0.4821,0.015,0,0,,0.2814,,,0,,-0.4387
TCGA-CG-4465-01,,WT,,2588.9813,-0.1497,-0.011,0,0,,0.6315,,,0,,-0.1168
TCGA-CG-4466-01,,WT,,2684.9836,-0.0313,-0.101,0,0,,0.7475,,,-1,,-0.0102
TCGA-CG-4469-01,,WT,,2973.6021,0.3247,-0.602,0,0,,1.0728,,,-1,,0.2888
TCGA-CG-4472-01,,NP,,2619.1201,-0.1125,0.216,0,0,NP,0.6684,,,1,,-0.0829
TCGA-CG-4474-01,,WT,,2247.646,-0.5708,0.055,0,0,,0.1811,,,0,,-0.5309
TCGA-CG-4475-01,,WT,,2314.1144,-0.4888,0.0,0,0,,0.274,,,0,,-0.4455
TCGA-CG-4476-01,,WT,,2850.5931,0.173,0.036,0,0,,0.9382,,,0,,0.1651
TCGA-CG-4477-01,,WT,,2750.5919,0.0496,-0.067,0,0,,0.8244,,,0,,0.0605
TCGA-CG-5717-01,,WT,,2128.9305,-0.7172,0.015,0,0,,0.0083,,,0,,-0.6898
TCGA-CG-5718-01,,WT,,1087.2177,-2.0021,0.122,0,0,,-2.1319,,,1,,-2.6573
TCGA-CG-5719-01,,WT,,1481.5222,-1.5158,-0.019,0,0,,-1.1465,,,0,,-1.7514
TCGA-CG-5720-01,,WT,,1492.091,-1.5027,0.028,0,0,,-1.1238,,,0,,-1.7306
TCGA-CG-5721-01,,WT,,2318.7456,-0.4831,-0.013,0,0,,0.2803,,,0,,-0.4397
TCGA-CG-5722-01,,WT,,1774.3678,-1.1545,0.045,0,0,,-0.572,,,0,,-1.2232
TCGA-CG-5723-01,,WT,,2071.1535,-0.7885,0.016,0,0,,-0.0794,,,0,,-0.7703
TCGA-CG-5724-01,,WT,,1574.863,-1.4006,-0.017,0,0,,-0.9519,,,0,,-1.5725
TCGA-CG-5725-01,,WT,,1746.105,-1.1894,-0.34,0,0,,-0.6231,,,-1,,-1.2702
TCGA-CG-5726-01,,WT,,1524.418,-1.4629,0.086,0,0,,-1.0556,,,0,,-1.6678
TCGA-CG-5727-01,,WT,,,,0.113,0,0,,,,,1,,
TCGA-CG-5728-01,,WT,,,,0.004,0,0,,,,,0,,
TCGA-CG-5730-01,,WT,,,,-0.004,0,0,,,,,0,,
TCGA-CG-5732-01,,WT,,1539.8989,-1.4438,0.02,0,0,,-1.0234,,,0,,-1.6382
TCGA-CG-5733-01,,WT,,,,0.042,0,0,,,,,0,,
TCGA-CG-5734-01,,WT,,1730.8825,-1.2082,0.164,0,0,,-0.651,,,1,,-1.2959
TCGA-CH-5737-01,,WT,,2290.95,-0.2094,-0.059,0,0,,-0.7994,,,0,,-0.0961
TCGA-CH-5738-01,,WT,,2954.25,0.7067,0.006,0,0,,0.6008,,,0,,0.7707
TCGA-CH-5739-01,,WT,,3453.5,1.3963,0.0,0,0,,1.4607,,,0,,1.3029
TCGA-CH-5740-01,,WT,,3232.54,1.0911,0.007,0,0,,1.0965,,,0,,1.0775
TCGA-CH-5741-01,,WT,,2841.68,0.5513,-0.056,0,0,,0.3869,,,0,,0.6382
TCGA-CH-5743-01,,WT,,3085.61,0.8882,0.01,0,0,,0.8404,,,0,,0.919
TCGA-CH-5744-01,,WT,,2478.96,0.0503,-0.03,0,0,,-0.3651,,,0,,0.1727
TCGA-CH-5745-01,,WT,,2478.23,0.0493,,0,0,,-0.3667,,,NP,,0.1717
TCGA-CH-5746-01,,WT,,3224.94,1.0806,0.019,0,0,,1.0836,,,0,,1.0695
TCGA-CH-5748-01,,WT,,3013.76,0.7889,0.001,0,0,,0.7106,,,0,,0.8386
TCGA-CH-5750-01,,WT,,3402.4,1.3257,-0.002,0,0,,1.3786,,,0,,1.2521
TCGA-CH-5751-01,,WT,,5263.24,3.8958,-0.007,0,0,,3.7812,,,0,,2.7394
TCGA-CH-5752-01,,WT,,3878.47,1.9832,-0.032,0,0,,2.0998,,,0,,1.6986
TCGA-CH-5753-01,,WT,,5302.31,3.9498,-0.102,0,0,,3.8219,,,-1,,2.7647
TCGA-CH-5754-01,,WT,,2225.42,-0.2999,-0.054,0,0,,-0.9592,,,0,,-0.195
TCGA-CH-5761-01,,WT,,4097.25,2.2854,-0.069,0,0,,2.402,,,0,,1.8857
TCGA-CH-5762-01,,WT,,3253.68,1.1203,0.011,0,0,,1.1324,,,0,,1.0998
TCGA-CH-5763-01,,WT,,3153.29,0.9816,0.0,0,0,,0.9599,,,0,,0.9929
TCGA-CH-5764-01,,WT,,3832.22,1.9194,-0.035,0,0,,2.0337,,,0,,1.6577
TCGA-CH-5765-01,,WT,,3689.29,1.7219,-0.048,0,0,,1.8244,,,0,,1.5281
TCGA-CH-5766-01,,WT,,3020.37,0.7981,-0.061,0,0,,0.7227,,,0,,0.8461
TCGA-CH-5767-01,,WT,,2256.0,-0.2577,-0.034,0,0,,-0.884,,,0,,-0.1485
TCGA-CH-5768-01,,WT,,2901.64,0.6341,-0.006,0,0,,0.5019,,,0,,0.7094
TCGA-CH-5769-01,,WT,,2910.22,0.6459,-0.011,0,0,,0.5181,,,0,,0.7195
TCGA-CH-5771-01,,WT,,2319.36,-0.1701,0.009,0,0,,-0.7315,,,0,,-0.0541
TCGA-CH-5772-01,,WT,,3742.29,1.7952,0.002,0,0,,1.9029,,,0,,1.5767
TCGA-CH-5788-01,,WT,,2132.03,-0.4289,-0.031,0,0,,-1.1952,,,0,,-0.3411
TCGA-CH-5789-01,,WT,,2595.7,0.2115,0.021,0,0,,-0.1117,,,0,,0.3296
TCGA-CH-5790-01,,WT,,4120.25,2.3172,-0.039,0,0,,2.4328,,,0,,1.9047
TCGA-CH-5791-01,,WT,,3255.16,1.1223,-0.025,0,0,,1.1349,,,0,,1.1013
TCGA-CH-5792-01,,WT,,2194.14,-0.3431,-0.04,0,0,,-1.0371,,,0,,-0.2433
TCGA-CH-5794-01,,WT,,2219.72,-0.3078,-0.026,0,0,,-0.9733,,,0,,-0.2038
TCGA-CI-6619-01,,WT,,1841.58,-0.8622,0.042,0,0,,-1.0314,,,0,,-0.6639
TCGA-CI-6620-01,,WT,,2437.76,-0.2694,-0.093,0,0,,0.6772,,,0,,0.0365
TCGA-CI-6621-01,,WT,,2384.41,-0.3225,-0.006,0,0,,0.5423,,,0,,-0.0187
TCGA-CI-6622-01,,WT,,1815.6,-0.8881,0.016,0,0,,-1.118,,,0,,-0.6994
TCGA-CI-6623-01,,WT,,3179.73,0.4683,0.326,0,0,,2.2961,,,1,,0.7003
TCGA-CI-6624-01,,WT,,3315.67,0.6035,0.01,0,0,,2.5512,,,0,,0.8048
TCGA-CJ-4634-01,,WT,,2993.14,0.4835,-0.064,0,0,,-0.1446,,,0,,0.6032
TCGA-CJ-4635-01,,NP,,3239.72,0.7577,-0.009,0,0,NP,0.3801,,,0,,0.8135
TCGA-CJ-4636-01,,WT,,2067.92,-0.5457,0.006,0,0,,-2.5957,,,0,,-0.3794
TCGA-CJ-4637-01,,WT,,2373.47,-0.2058,-0.02,0,0,,-1.6823,,,0,,-0.0133
TCGA-CJ-4638-01,,WT,,1132.4,-1.5863,-0.011,0,0,,-6.5864,,,0,,-1.9793
TCGA-CJ-4639-01,,WT,,3822.0,1.4054,0.01,0,0,,1.4759,,,0,,1.2528
TCGA-CJ-4640-01,,WT,,2293.85,-0.2944,-0.085,0,0,,-1.9085,,,0,,-0.1039
TCGA-CJ-4641-01,,WT,,2124.39,-0.4829,-0.011,0,0,,-2.4171,,,0,,-0.3079
TCGA-CJ-4643-01,,WT,,2998.55,0.4895,-0.046,0,0,,-0.1327,,,0,,0.608
TCGA-CJ-4644-01,,WT,,2550.48,-0.0089,-0.271,0,0,,-1.2055,,,-1,,0.1779
TCGA-CJ-4868-01,,WT,,2214.99,-0.3821,-0.041,0,0,,-2.1403,,,0,,-0.1969
TCGA-CJ-4869-01,,WT,,1770.58,-0.8764,-0.017,0,0,,-3.6246,,,0,,-0.7919
TCGA-CJ-4870-01,,NP,,2628.8,0.0782,-0.051,0,0,NP,-1.005,,,0,,0.2582
TCGA-CJ-4871-01,,NP,,2937.09,0.4211,0.025,0,0,NP,-0.2699,,,0,,0.5529
TCGA-CJ-4872-01,,NP,,3295.06,0.8193,-0.015,0,0,NP,0.4924,,,0,,0.8585
TCGA-CJ-4873-01,,NP,,1305.13,-1.3941,0.09,0,0,NP,-5.6458,,,0,,-1.6022
TCGA-CJ-4874-01,,NP,,3042.51,0.5384,-0.014,0,0,NP,-0.0362,,,0,,0.6466
TCGA-CJ-4875-01,,NP,,2053.71,-0.5615,0.058,0,0,NP,-2.6414,,,0,,-0.3978
TCGA-CJ-4876-01,,NP,,1804.0,-0.8392,-0.078,0,0,NP,-3.5006,,,0,,-0.7422
TCGA-CJ-4878-01,,WT,,1660.27,-0.9991,-0.092,0,0,,-4.0509,,,0,,-0.9628
TCGA-CJ-4881-01,,NP,,1611.52,-1.0533,-0.016,0,0,NP,-4.2484,,,0,,-1.042
TCGA-CJ-4882-01,,WT,,2046.9,-0.5691,0.022,0,0,,-2.6634,,,0,,-0.4066
TCGA-CJ-4884-01,,WT,,2081.32,-0.5308,-0.009,0,0,,-2.5529,,,0,,-0.3623
TCGA-CJ-4885-01,,NP,,3497.52,1.0445,0.116,0,0,NP,0.8877,,,1,,1.017
TCGA-CJ-4886-01,,WT,,2973.6,0.4617,0.009,0,0,,-0.1881,,,0,,0.5858
TCGA-CJ-4887-01,,NP,,1533.51,-1.1401,0.019,0,0,NP,-4.5772,,,0,,-1.1738
TCGA-CJ-4888-01,,NP,,1993.12,-0.6289,-0.038,0,0,NP,-2.8399,,,0,,-0.4773
TCGA-CJ-4889-01,,NP,,2425.19,-0.1483,0.003,0,0,NP,-1.5394,,,0,,0.044
TCGA-CJ-4890-01,,NP,,2360.79,-0.2199,-0.001,0,0,NP,-1.7178,,,0,,-0.0275
TCGA-CJ-4891-01,,NP,,1305.54,-1.3937,-0.031,0,0,NP,-5.6437,,,0,,-1.6013
TCGA-CJ-4892-01,,NP,,1997.08,-0.6245,-0.007,0,0,NP,-2.8267,,,0,,-0.4721
TCGA-CJ-4893-01,,WT,,2699.6,0.157,-0.048,0,0,,-0.8289,,,0,,0.3289
TCGA-CJ-4894-01,,NP,,3184.68,0.6965,-0.103,0,0,NP,0.2666,,,-1,,0.768
TCGA-CJ-4895-01,,WT,,2255.5,-0.337,-0.067,0,0,,-2.0202,,,0,,-0.1487
TCGA-CJ-4897-01,,NP,,3718.21,1.29,0.029,0,0,NP,1.2934,,,0,,1.1796
TCGA-CJ-4899-01,,WT,,2864.26,0.3401,-0.351,0,0,,-0.4364,,,-1,,0.4862
TCGA-CJ-4900-01,,WT,,1822.72,-0.8184,-0.02,0,0,,-3.4322,,,0,,-0.7148
TCGA-CJ-4901-01,,WT,,2769.76,0.235,0.0,0,0,,-0.6588,,,0,,0.397
TCGA-CJ-4902-01,,WT,,2400.93,-0.1753,-0.019,0,0,,-1.606,,,0,,0.0173
TCGA-CJ-4903-01,,WT,,3237.32,0.7551,0.003,0,0,,0.3752,,,0,,0.8116
TCGA-CJ-4904-01,,WT,,3068.4,0.5672,0.001,0,0,,0.02,,,0,,0.6692
TCGA-CJ-4905-01,,WT,,3905.64,1.4985,0.022,0,0,,1.6194,,,0,,1.3103
TCGA-CJ-4907-01,,WT,,3349.93,0.8803,0.0,0,0,,0.6019,,,0,,0.9024
TCGA-CJ-4908-01,,WT,,2675.8,0.1305,-0.005,0,0,,-0.8876,,,0,,0.3053
TCGA-CJ-4912-01,,WT,,1332.35,-1.3639,0.058,0,0,,-5.509,,,0,,-1.5473
TCGA-CJ-4913-01,,WT,,,,-0.057,0,0,,,,,0,,
TCGA-CJ-4916-01,,I201M,,2034.67,-0.5827,-0.008,1,1,,-2.7032,,,0,,-0.4225
TCGA-CJ-4918-01,,WT,,2752.87,0.2162,0.003,0,0,,-0.6993,,,0,,0.3808
TCGA-CJ-4920-01,,WT,,2814.93,0.2852,-0.012,0,0,,-0.5516,,,0,,0.44
TCGA-CJ-4923-01,,WT,,1740.74,-0.9096,0.027,0,0,,-3.7372,,,0,,-0.8371
TCGA-CJ-5671-01,,WT,,2081.46,-0.5306,0.047,0,0,,-2.5525,,,0,,-0.3621
TCGA-CJ-5672-01,,WT,,1761.22,-0.8868,0.008,0,0,,-3.6597,,,0,,-0.806
TCGA-CJ-5675-01,,WT,,2201.82,-0.3967,0.008,0,0,,-2.1799,,,0,,-0.2127
TCGA-CJ-5676-01,,WT,,2106.15,-0.5031,0.035,0,0,,-2.4743,,,0,,-0.3308
TCGA-CJ-5677-01,,WT,,1668.92,-0.9895,-0.101,0,0,,-4.0165,,,-1,,-0.949
TCGA-CJ-5678-01,,WT,,2084.03,-0.5278,-0.033,0,0,,-2.5443,,,0,,-0.3588
TCGA-CJ-5679-01,,WT,,1660.06,-0.9993,-0.01,0,0,,-4.0517,,,0,,-0.9631
TCGA-CJ-5680-01,,WT,,2260.31,-0.3317,-0.105,0,0,,-2.0061,,,-1,,-0.1431
TCGA-CJ-5681-01,,WT,,4012.15,1.6169,-0.713,0,0,,1.7978,,,-1,,1.3818
TCGA-CJ-5682-01,,WT,,2872.31,0.3491,0.067,0,0,,-0.4178,,,0,,0.4937
TCGA-CJ-5683-01,,WT,,2482.83,-0.0842,0.054,0,0,,-1.3837,,,0,,0.1064
TCGA-CJ-5684-01,,WT,,2702.26,0.1599,0.073,0,0,,-0.8223,,,0,,0.3315
TCGA-CJ-5686-01,,WT,,2629.83,0.0794,-0.011,0,0,,-1.0024,,,0,,0.2593
TCGA-CJ-5689-01,,WT,,2258.17,-0.3341,-0.058,0,0,,-2.0124,,,0,,-0.1456
TCGA-CJ-6027-01,,WT,,2229.1,-0.3664,-0.137,0,0,,-2.0982,,,-1,,-0.18
TCGA-CJ-6028-01,,WT,,4392.39,2.0399,0.013,0,0,,2.398,,,0,,1.6225
TCGA-CJ-6030-01,,WT,,2657.92,0.1106,-0.099,0,0,,-0.932,,,0,,0.2875
TCGA-CJ-6031-01,,WT,,2222.2,-0.3741,-0.01,0,0,,-2.1188,,,0,,-0.1883
TCGA-CJ-6032-01,,WT,,2742.87,0.2051,-0.03,0,0,,-0.7235,,,0,,0.3711
TCGA-CJ-6033-01,,WT,,1873.82,-0.7616,-0.041,0,0,,-3.249,,,0,,-0.6413
TCGA-CK-4947-01,,WT,,2767.54,0.3426,0.084,0,0,,1.4502,,,0,,0.3535
TCGA-CK-4948-01,,WT,,3122.7,0.711,0.054,0,0,,2.1859,,,0,,0.655
TCGA-CK-4950-01,,WT,,2568.62,0.1362,0.091,0,0,,0.9957,,,0,,0.1671
TCGA-CK-4951-01,,D515H,,2749.29,0.3237,-0.001,1,1,,1.4099,,,0,,0.3369
TCGA-CK-4952-01,,WT,,2671.31,0.2428,0.048,0,0,,1.2346,,,0,,0.2651
TCGA-CK-5912-01,,WT,,3123.25,0.7116,-0.139,0,0,,2.1869,,,-1,,0.6555
TCGA-CK-5913-01,,WT,,2014.72,-0.4383,0.031,0,0,,-0.484,,,0,,-0.4395
TCGA-CK-5914-01,,WT,,2752.13,0.3266,0.125,0,0,,1.4162,,,1,,0.3395
TCGA-CK-5915-01,,WT,,2950.27,0.5321,0.0,0,0,,1.8398,,,0,,0.5132
TCGA-CK-5916-01,,WT,,3045.51,0.6309,-0.017,0,0,,2.0333,,,0,,0.5925
TCGA-CK-6746-01,,WT,,1759.12,-0.7035,0.024,0,0,,-1.3105,,,0,,-0.7783
TCGA-CK-6747-01,,WT,,1993.93,-0.4599,0.002,0,0,,-0.5472,,,0,,-0.4654
TCGA-CK-6748-01,,WT,,3228.21,0.8205,-0.219,0,0,,2.3883,,,-1,,0.738
TCGA-CK-6751-01,,WT,,1896.73,-0.5607,-0.004,0,0,,-0.8517,,,0,,-0.5902
TCGA-CL-4957-01,,WT,,2777.75,0.0686,-0.06,0,0,,1.4726,,,0,,0.3627
TCGA-CL-5917-01,,WT,,6059.67,3.332,0.253,0,0,,6.2256,,,1,,2.3112
TCGA-CL-5918-01,,WT,,3303.97,0.5919,0.029,0,0,,2.5297,,,0,,0.796
TCGA-CM-4743-01,,WT,,1346.82,-1.1312,0.003,0,0,,-2.9372,,,0,,-1.4452
TCGA-CM-4744-01,,WT,,2832.21,0.4097,0.08,0,0,,1.5909,,,0,,0.4111
TCGA-CM-4746-01,,WT,,1484.755,-0.9881,0.097,0,0,,-2.3433,,,0,,-1.2017
TCGA-CM-4747-01,,WT,,2558.44,0.1257,0.045,0,0,,0.9715,,,0,,0.1572
TCGA-CM-4748-01,,WT,,2699.0838,0.2716,-0.001,0,0,,1.2976,,,0,,0.2909
TCGA-CM-4750-01,,WT,,2351.8752,-0.0886,0.0,0,0,,0.4586,,,0,,-0.053
TCGA-CM-4751-01,,WT,,1886.2,-0.5717,0.007,0,0,,-0.8856,,,0,,-0.6041
TCGA-CM-4752-01,,WT,,3210.9063,0.8025,0.071,0,0,,2.3556,,,0,,0.7246
TCGA-CM-5341-01,,WT,,2897.7164,0.4776,-0.013,0,0,,1.7302,,,0,,0.4683
TCGA-CM-5344-01,,WT,,2710.89,0.2838,-0.086,0,0,,1.3242,,,0,,0.3018
TCGA-CM-5348-01,,WT,,3575.99,1.1812,0.581,0,0,,3.0118,,,1,,0.9936
TCGA-CM-5349-01,,WT,,2435.27,-0.0021,-0.039,0,0,,0.6709,,,0,,0.034
TCGA-CM-5860-01,,WT,,3753.38,1.3652,0.154,0,0,,3.3068,,,1,,1.1146
TCGA-CM-5861-01,,WT,,2120.14,-0.329,0.076,0,0,,-0.1733,,,0,,-0.3121
TCGA-CM-5862-01,,WT,,3666.67,1.2753,0.14,0,0,,3.1643,,,1,,1.0562
TCGA-CM-5863-01,,WT,,2245.25,-0.1992,0.011,0,0,,0.176,,,0,,-0.1689
TCGA-CM-5864-01,,WT,,4200.27,1.8288,0.102,0,0,,3.9922,,,1,,1.3956
TCGA-CM-5868-01,,WT,,2550.9,0.1179,0.044,0,0,,0.9536,,,0,,0.1499
TCGA-CM-6161-01,,WT,,2091.22,-0.359,0.209,0,0,,-0.257,,,1,,-0.3464
TCGA-CM-6162-01,,WT,,2581.23,0.1493,-0.009,0,0,,1.0256,,,0,,0.1794
TCGA-CM-6163-01,,WT,,3725.4,1.3362,-0.028,0,0,,3.2612,,,0,,1.0959
TCGA-CM-6164-01,,WT,,3602.89,1.2091,0.0,0,0,,3.0574,,,0,,1.0123
TCGA-CM-6165-01,,WT,,2806.01,0.3825,-0.001,0,0,,1.5343,,,0,,0.3879
TCGA-CM-6166-01,,WT,,4379.04,2.0143,0.128,0,0,,4.2462,,,1,,1.4997
TCGA-CM-6167-01,,WT,,2658.19,0.2292,0.113,0,0,,1.2046,,,1,,0.2528
TCGA-CM-6168-01,,WT,,2053.93,-0.3977,0.047,0,0,,-0.3666,,,0,,-0.3914
TCGA-CM-6169-01,,WT,,5648.59,3.3312,0.0,0,0,,5.7976,,,0,,2.1357
TCGA-CM-6170-01,,WT,,3382.54,0.9806,-0.172,0,0,,2.6729,,,-1,,0.8547
TCGA-CM-6171-01,,WT,,3078.62,0.6653,0.047,0,0,,2.0992,,,0,,0.6195
TCGA-CM-6172-01,,WT,,2687.46,0.2595,-0.181,0,0,,1.2713,,,-1,,0.2801
TCGA-CM-6674-01,,WT,,1441.31,-1.0332,0.012,0,0,,-2.5242,,,0,,-1.2759
TCGA-CM-6675-01,,WT,,3227.11,0.8193,0.416,0,0,,2.3862,,,1,,0.7372
TCGA-CM-6676-01,,WT,,3091.85,0.679,0.05,0,0,,2.1254,,,0,,0.6302
TCGA-CM-6677-01,,WT,,2953.28,0.5353,-0.056,0,0,,1.846,,,0,,0.5157
TCGA-CM-6678-01,,WT,,3022.19,0.6067,0.027,0,0,,1.9865,,,0,,0.5733
TCGA-CM-6679-01,,WT,,3153.51,0.743,0.0,0,0,,2.2457,,,0,,0.6796
TCGA-CM-6680-01,,WT,,2219.44,-0.226,-0.06,0,0,,0.1055,,,0,,-0.1978
TCGA-CN-4722-01,,NP,,2182.34,-0.1158,0.02,0,0,NP,0.2705,,,0,,-0.0787
TCGA-CN-4723-01,,WT,,2235.29,-0.0533,0.006,0,0,,0.3615,,,0,,-0.0224
TCGA-CN-4725-01,,WT,,3598.51,1.555,0.234,0,0,,2.1683,,,1,,1.0958
TCGA-CN-4726-01,,WT,,2786.49,0.597,-0.026,0,0,,1.1978,,,0,,0.4952
TCGA-CN-4727-01,,R1016K,,1551.22,-0.8604,0.106,1,1,,-1.0246,,,1,,-0.8801
TCGA-CN-4728-01,,WT,,2393.04,0.1328,0.19,0,0,,0.6202,,,1,,0.1378
TCGA-CN-4729-01,,WT,,2538.39,0.3043,0.079,0,0,,0.844,,,0,,0.2762
TCGA-CN-4730-01,,WT,,2558.44,0.3279,-0.007,0,0,,0.8738,,,0,,0.2947
TCGA-CN-4731-01,,WT,,2863.36,0.6877,-0.032,0,0,,1.3011,,,0,,0.5591
TCGA-CN-4733-01,,WT,,2177.28,-0.1218,0.007,0,0,,0.2617,,,0,,-0.0841
TCGA-CN-4734-01,,WT,,2115.93,-0.1942,,0,0,,0.1533,,,NP,,-0.1512
TCGA-CN-4735-01,,WT,,3848.55,1.85,-0.125,0,0,,2.4233,,,-1,,1.2535
TCGA-CN-4736-01,,WT,,2245.88,-0.0408,0.194,0,0,,0.3794,,,1,,-0.0113
TCGA-CN-4737-01,,WT,,3597.01,1.5533,0.386,0,0,,2.1667,,,1,,1.0948
TCGA-CN-4738-01,,WT,,2951.34,0.7915,0.247,0,0,,1.4159,,,1,,0.6302
TCGA-CN-4739-01,,WT,,2779.74,0.589,0.011,0,0,,1.1886,,,0,,0.4895
TCGA-CN-4740-01,,WT,,3321.65,1.2284,-0.081,0,0,,1.8645,,,0,,0.9078
TCGA-CN-4741-01,,WT,,2228.51,-0.0613,0.089,0,0,,0.35,,,0,,-0.0295
TCGA-CN-4742-01,,WT,,2639.14,0.4231,0.137,0,0,,0.9917,,,1,,0.3676
TCGA-CN-5355-01,,WT,,3019.82,0.8723,-0.067,0,0,,1.503,,,0,,0.684
TCGA-CN-5356-01,,WT,,2547.45,0.315,0.041,0,0,,0.8575,,,0,,0.2846
TCGA-CN-5358-01,,WT,,2226.38,-0.0638,0.001,0,0,,0.3463,,,0,,-0.0317
TCGA-CN-5359-01,,WT,,3426.31,1.3519,0.109,0,0,,1.9822,,,1,,0.9806
TCGA-CN-5360-01,,WT,,3218.94,1.1072,-0.167,0,0,,1.7453,,,-1,,0.834
TCGA-CN-5361-01,,WT,,2525.13,0.2886,,0,0,,0.8241,,,NP,,0.2639
TCGA-CN-5363-01,,WT,,3909.52,1.922,0.004,0,0,,2.4829,,,0,,1.2905
TCGA-CN-5364-01,,WT,,3002.06,0.8513,-0.004,0,0,,1.4806,,,0,,0.6702
TCGA-CN-5365-01,,WT,,1577.93,-0.8289,-0.001,0,0,,-0.9598,,,0,,-0.84
TCGA-CN-5366-01,,WT,,2538.13,0.304,0.024,0,0,,0.8436,,,0,,0.276
TCGA-CN-5367-01,,WT,,3747.48,1.7308,0.108,0,0,,2.3223,,,1,,1.191
TCGA-CN-5369-01,,WT,,2151.05,-0.1527,-0.001,0,0,,0.2157,,,0,,-0.1126
TCGA-CN-5370-01,,WT,,2329.05,0.0573,-0.018,0,0,,0.5174,,,0,,0.0741
TCGA-CN-5373-01,,WT,,2373.56,0.1098,-0.023,0,0,,0.5892,,,0,,0.1186
TCGA-CN-5374-01,,WT,,2606.18,0.3843,-0.009,0,0,,0.944,,,0,,0.3381
TCGA-CN-6010-01,,WT,,3665.11,1.6336,0.154,0,0,,2.2379,,,1,,1.1388
TCGA-CN-6011-01,,WT,,3155.51,1.0324,-0.118,0,0,,1.6698,,,-1,,0.7873
TCGA-CN-6012-01,,WT,,3027.73,0.8816,0.208,0,0,,1.5129,,,1,,0.6902
TCGA-CN-6013-01,,WT,,3261.93,1.1579,0.139,0,0,,1.7957,,,1,,0.8652
TCGA-CN-6016-01,,WT,,1660.64,-0.7313,0.004,0,0,,-0.766,,,0,,-0.7201
TCGA-CN-6017-01,,WT,,1660.9,-0.731,0.004,0,0,,-0.7654,,,0,,-0.7197
TCGA-CN-6018-01,,WT,,4931.21,3.1274,0.06,0,0,,3.364,,,0,,1.8357
TCGA-CN-6019-01,,WT,,2537.62,0.3034,-0.042,0,0,,0.8428,,,0,,0.2755
TCGA-CN-6020-01,,WT,,2336.84,0.0665,0.042,0,0,,0.5301,,,0,,0.082
TCGA-CN-6021-01,,WT,,2776.47,0.5852,-0.093,0,0,,1.1842,,,0,,0.4867
TCGA-CN-6022-01,,WT,,1707.78,-0.6757,0.069,0,0,,-0.6598,,,0,,-0.6544
TCGA-CN-6023-01,,WT,,2811.19,0.6261,0.298,0,0,,1.2313,,,1,,0.5159
TCGA-CN-6024-01,,WT,,2812.17,0.6273,0.0,0,0,,1.2326,,,0,,0.5167
TCGA-CN-6988-01,,WT,,2769.52,0.577,0.253,0,0,,1.1747,,,1,,0.4809
TCGA-CN-6989-01,,WT,,2666.13,0.455,0.319,0,0,,1.0303,,,1,,0.3915
TCGA-CN-6992-01,,WT,,3065.87,0.9266,-0.14,0,0,,1.5604,,,-1,,0.7196
TCGA-CN-6994-01,,WT,,2783.31,0.5932,0.036,0,0,,1.1935,,,0,,0.4925
TCGA-CN-6995-01,,WT,,2475.76,0.2304,-0.009,0,0,,0.7492,,,0,,0.2176
TCGA-CN-6996-01,,WT,,3335.88,1.2452,0.182,0,0,,1.8807,,,1,,0.9178
TCGA-CN-6997-01,,WT,,3046.11,0.9033,-0.231,0,0,,1.5359,,,-1,,0.7044
TCGA-CN-6998-01,,WT,,1955.45,-0.3835,-0.036,0,0,,-0.146,,,0,,-0.3364
TCGA-CN-A497-01,,WT,,1858.97,-0.4973,-0.096,0,0,,-0.338,,,0,,-0.4552
TCGA-CN-A498-01,,WT,,2274.02,-0.0076,-0.036,0,0,,0.4267,,,0,,0.018
TCGA-CN-A499-01,,WT,,4146.71,2.2018,-0.018,0,0,,2.7064,,,0,,1.4288
TCGA-CN-A49A-01,,WT,,7225.27,5.834,3.02,1,1,,4.8139,,,2,,2.733
TCGA-CN-A49B-01,,WT,,2357.5,0.0909,0.439,0,0,,0.5635,,,1,,0.1026
TCGA-CN-A49C-01,,WT,,1747.47,-0.6289,-0.05,0,0,,-0.5726,,,0,,-0.6004
TCGA-CN-A63T-01,,WT,,1679.95,-0.7085,0.064,0,0,,-0.7221,,,0,,-0.6929
TCGA-CN-A63U-01,,WT,,1539.84,-0.8738,-0.019,0,0,,-1.0525,,,0,,-0.8974
TCGA-CN-A63V-01,,WT,,1655.64,-0.7372,0.046,0,0,,-0.7774,,,0,,-0.7272
TCGA-CN-A63W-01,,WT,,1585.43,-0.82,-0.086,0,0,,-0.9418,,,0,,-0.8289
TCGA-CN-A63Y-01,,WT,,,,-0.021,0,0,,,,,0,,
TCGA-CN-A640-01,,WT,,,,0.013,0,0,,,,,0,,
TCGA-CN-A641-01,,WT,,2406.25,0.1484,-0.089,0,0,,0.6411,,,0,,0.1507
TCGA-CN-A642-01,,WT,,1511.78,-0.9069,0.071,0,0,,-1.1223,,,0,,-0.9406
TCGA-CN-A6UY-01,,WT,,1269.02,-1.1934,-0.051,0,0,,-1.7863,,,0,,-1.3515
TCGA-CN-A6V1-01,,WT,,1198.59,-1.2765,0.016,0,0,,-2.0028,,,0,,-1.4855
TCGA-CN-A6V3-01,,WT,,2422.97,0.1681,0.039,0,0,,0.6674,,,0,,0.167
TCGA-CN-A6V6-01,,WT,,2743.09,0.5458,0.164,0,0,,1.1383,,,1,,0.4583
TCGA-CN-A6V7-01,,WT,,1854.71,-0.5023,-0.148,0,0,,-0.3467,,,-1,,-0.4606
TCGA-CQ-5323-01,,WT,,2651.86,0.4381,0.02,0,0,,1.0099,,,0,,0.3789
TCGA-CQ-5324-01,,WT,,2163.69,-0.1378,0.029,0,0,,0.238,,,0,,-0.0988
TCGA-CQ-5325-01,,WT,,2116.01,-0.1941,0.013,0,0,,0.1534,,,0,,-0.1511
TCGA-CQ-5326-01,,WT,,2770.01,0.5775,-0.031,0,0,,1.1753,,,0,,0.4813
TCGA-CQ-5327-01,,WT,,1864.71,-0.4905,0.116,0,0,,-0.3263,,,1,,-0.448
TCGA-CQ-5329-01,,WT,,1889.07,-0.4618,0.167,0,0,,-0.277,,,1,,-0.4175
TCGA-CQ-5330-01,,WT,,1902.44,-0.446,0.047,0,0,,-0.2503,,,0,,-0.4009
TCGA-CQ-5331-01,,WT,,2139.3,-0.1666,0.019,0,0,,0.1949,,,0,,-0.1254
TCGA-CQ-5332-01,,WT,,2917.6,0.7517,0.032,0,0,,1.3723,,,0,,0.6032
TCGA-CQ-5333-01,,WT,,1137.41,-1.3486,0.027,0,0,,-2.2015,,,0,,-1.6085
TCGA-CQ-5334-01,,WT,,2058.55,-0.2619,0.062,0,0,,0.049,,,0,,-0.2158
TCGA-CQ-6218-01,,WT,,1786.71,-0.5826,0.12,0,0,,-0.4884,,,1,,-0.5483
TCGA-CQ-6219-01,,WT,,3250.26,1.1442,,0,0,,1.782,,,NP,,0.8567
TCGA-CQ-6220-01,,WT,,2612.6,0.3918,0.268,0,0,,0.9533,,,1,,0.3439
TCGA-CQ-6222-01,,WT,,1394.92,-1.0448,,0,0,,-1.4275,,,NP,,-1.1294
TCGA-CQ-6223-01,,WT,,2892.57,0.7221,0.013,0,0,,1.3396,,,0,,0.5829
TCGA-CQ-6224-01,,WT,,2172.16,-0.1278,0.042,0,0,,0.2528,,,0,,-0.0896
TCGA-CQ-6225-01,,WT,,2905.76,0.7377,0.0,0,0,,1.3569,,,0,,0.5936
TCGA-CQ-6227-01,,WT,,2394.58,0.1346,0.415,0,0,,0.6227,,,1,,0.1393
TCGA-CQ-6228-01,,WT,,3485.42,1.4216,-0.1,0,0,,2.0471,,,0,,1.0208
TCGA-CQ-6229-01,,WT,,2687.17,0.4798,0.169,0,0,,1.0601,,,1,,0.41
TCGA-CQ-7063-01,,WT,,1787.97,-0.5811,0.034,0,0,,-0.4857,,,0,,-0.5466
TCGA-CQ-7064-01,,WT,,,,-0.213,0,0,,,,,-1,,
TCGA-CQ-7065-01,,WT,,4279.91,2.359,-0.098,0,0,,2.8264,,,0,,1.503
TCGA-CQ-7067-01,,WT,,1371.05,-1.073,-0.378,0,0,,-1.4929,,,-1,,-1.1699
TCGA-CQ-7068-01,,WT,,1834.71,-0.5259,0.09,0,0,,-0.3878,,,0,,-0.4861
TCGA-CQ-7069-01,,WT,,2283.52,0.0036,-0.01,0,0,,0.4425,,,0,,0.0278
TCGA-CQ-7071-01,,WT,,2292.17,0.0138,0.003,0,0,,0.4568,,,0,,0.0366
TCGA-CQ-7072-01,,WT,,2624.54,0.4059,0.309,0,0,,0.9706,,,1,,0.3546
TCGA-CQ-A4C6-01,,WT,,2015.12,-0.3131,0.052,0,0,,-0.032,,,0,,-0.2658
TCGA-CQ-A4C9-01,,WT,,1680.88,-0.7074,0.055,0,0,,-0.72,,,0,,-0.6916
TCGA-CQ-A4CA-01,,WT,,1428.49,-1.0052,0.038,0,0,,-1.3372,,,0,,-1.0736
TCGA-CQ-A4CB-01,,WT,,2111.37,-0.1995,-0.027,0,0,,0.1451,,,0,,-0.1563
TCGA-CQ-A4CD-01,,WT,,1637.12,-0.7591,0.018,0,0,,-0.8201,,,0,,-0.7536
TCGA-CQ-A4CE-01,,WT,,2633.05,0.416,0.061,0,0,,0.9829,,,0,,0.3622
TCGA-CQ-A4CG-01,,WT,,2168.01,-0.1327,0.162,0,0,,0.2455,,,1,,-0.0941
TCGA-CQ-A4CH-01,,WT,,2799.68,0.6126,0.068,0,0,,1.2158,,,0,,0.5063
TCGA-CQ-A4CI-01,,WT,,2587.08,0.3617,-0.206,0,0,,0.9161,,,-1,,0.3208
TCGA-CR-5243-01,,WT,,2590.25,0.3655,-0.03,0,0,,0.9207,,,0,,0.3237
TCGA-CR-5247-01,,WT,,2156.79,-0.1459,0.22,0,0,,0.2258,,,1,,-0.1063
TCGA-CR-5248-01,,WT,,2637.03,0.4207,-0.111,0,0,,0.9886,,,-1,,0.3657
TCGA-CR-5249-01,,WT,,2395.46,0.1356,-0.049,0,0,,0.6241,,,0,,0.1401
TCGA-CR-5250-01,,WT,,3273.94,1.1721,-0.062,0,0,,1.8096,,,0,,0.8738
TCGA-CR-6467-01,,WT,,2655.9,0.4429,0.157,0,0,,1.0157,,,1,,0.3825
TCGA-CR-6470-01,,WT,,3084.61,0.9487,0.002,0,0,,1.5835,,,0,,0.7339
TCGA-CR-6471-01,,WT,,3253.12,1.1475,0.033,0,0,,1.7854,,,0,,0.8588
TCGA-CR-6472-01,,WT,,2747.25,0.5507,-0.192,0,0,,1.144,,,-1,,0.4619
TCGA-CR-6473-01,,WT,,4559.45,2.6888,-0.066,0,0,,3.0665,,,0,,1.6516
TCGA-CR-6474-01,,WT,,3641.19,1.6054,0.069,0,0,,2.2131,,,0,,1.1235
TCGA-CR-6477-01,,WT,,4216.0,2.2836,0.141,0,0,,2.7693,,,1,,1.4677
TCGA-CR-6478-01,,WT,,3046.31,0.9035,0.03,0,0,,1.5361,,,0,,0.7046
TCGA-CR-6480-01,,WT,,2365.44,0.1002,-0.02,0,0,,0.5762,,,0,,0.1105
TCGA-CR-6481-01,,WT,,2752.02,0.5563,-0.031,0,0,,1.1506,,,0,,0.466
TCGA-CR-6482-01,,WT,,3782.34,1.7719,0.051,0,0,,2.3574,,,0,,1.2128
TCGA-CR-6484-01,,WT,,1547.79,-0.8645,-0.015,0,0,,-1.033,,,0,,-0.8853
TCGA-CR-6487-01,,WT,,3854.28,1.8568,0.404,0,0,,2.4289,,,1,,1.257
TCGA-CR-6488-01,,WT,,2581.8,0.3555,-0.089,0,0,,0.9083,,,0,,0.316
TCGA-CR-6491-01,,WT,,2495.44,0.2536,-0.039,0,0,,0.7792,,,0,,0.2362
TCGA-CR-6492-01,,WT,,2012.51,-0.3162,0.004,0,0,,-0.0369,,,0,,-0.2689
TCGA-CR-6493-01,,WT,,2325.12,0.0527,0.276,0,0,,0.511,,,1,,0.0702
TCGA-CR-7364-01,,WT,,3277.12,1.1758,-0.085,0,0,,1.8133,,,0,,0.8761
TCGA-CR-7365-01,,WT,,2771.32,0.5791,0.0,0,0,,1.1771,,,0,,0.4824
TCGA-CR-7367-01,,WT,,2047.47,-0.2749,0.03,0,0,,0.0285,,,0,,-0.2284
TCGA-CR-7368-01,,WT,,4017.36,2.0492,-0.005,0,0,,2.5862,,,0,,1.3544
TCGA-CR-7369-01,,WT,,4059.98,2.0995,-0.093,0,0,,2.6262,,,0,,1.3791
TCGA-CR-7370-01,,WT,,3559.53,1.509,-0.207,0,0,,2.127,,,-1,,1.0702
TCGA-CR-7371-01,,WT,,3264.94,1.1615,-0.218,0,0,,1.7992,,,-1,,0.8673
TCGA-CR-7372-01,,WT,,3377.31,1.2941,-0.006,0,0,,1.9276,,,0,,0.9468
TCGA-CR-7373-01,,WT,,2825.33,0.6428,-0.069,0,0,,1.2504,,,0,,0.5277
TCGA-CR-7374-01,,WT,,3883.19,1.8909,-0.232,0,0,,2.4573,,,-1,,1.2746
TCGA-CR-7376-01,,WT,,2568.67,0.34,0.01,0,0,,0.889,,,0,,0.3041
TCGA-CR-7377-01,,WT,,2693.8,0.4876,0.0,0,0,,1.0695,,,0,,0.4158
TCGA-CR-7379-01,,WT,,2995.91,0.8441,0.033,0,0,,1.4728,,,0,,0.6654
TCGA-CR-7380-01,,WT,,2664.96,0.4536,0.278,0,0,,1.0286,,,1,,0.3905
TCGA-CR-7382-01,,WT,,2215.65,-0.0765,0.023,0,0,,0.328,,,0,,-0.0431
TCGA-CR-7383-01,,WT,,2284.89,0.0052,0.629,0,0,,0.4448,,,1,,0.0292
TCGA-CR-7385-01,,WT,,2376.09,0.1128,-0.037,0,0,,0.5933,,,0,,0.1211
TCGA-CR-7386-01,,WT,,2494.91,0.253,-0.013,0,0,,0.7784,,,0,,0.2357
TCGA-CR-7388-01,,WT,,2870.19,0.6957,-0.178,0,0,,1.3101,,,-1,,0.5647
TCGA-CR-7389-01,,WT,,2195.14,-0.1007,-0.066,0,0,,0.2927,,,0,,-0.0649
TCGA-CR-7390-01,,WT,,3913.16,1.9263,0.875,1,1,,2.4864,,,2,,1.2926
TCGA-CR-7391-01,,WT,,2420.1,0.1647,0.004,0,0,,0.6629,,,0,,0.1642
TCGA-CR-7392-01,,WT,,2853.75,0.6763,-0.059,0,0,,1.2883,,,0,,0.5512
TCGA-CR-7393-01,,NP,,3003.8,0.8534,0.005,0,0,NP,1.4828,,,0,,0.6716
TCGA-CR-7394-01,,WT,,2384.65,0.1229,-0.001,0,0,,0.6069,,,0,,0.1295
TCGA-CR-7395-01,,WT,,1935.74,-0.4067,0.011,0,0,,-0.1844,,,0,,-0.3602
TCGA-CR-7397-01,,WT,,3156.07,1.033,0.207,0,0,,1.6705,,,1,,0.7877
TCGA-CR-7398-01,,WT,,2650.16,0.4361,0.174,0,0,,1.0075,,,1,,0.3774
TCGA-CR-7399-01,,G542W,,3555.04,1.5037,0.128,1,1,,2.1222,,,1,,1.0672
TCGA-CR-7401-01,,WT,,1975.19,-0.3602,0.001,0,0,,-0.1079,,,0,,-0.3128
TCGA-CR-7402-01,,WT,,3305.88,1.2098,-0.03,0,0,,1.8464,,,0,,0.8966
TCGA-CR-7404-01,,WT,,2289.11,0.0102,0.0,0,0,,0.4518,,,0,,0.0335
TCGA-CS-4938-01,,WT,,3863.23,1.0771,0.123,0,0,,,,,1,,0.9908
TCGA-CS-4941-01,,WT,,2698.41,-0.2888,0.0,0,0,,,,,0,,-0.1506
TCGA-CS-4942-01,,WT,,3382.01,0.5128,0.016,0,0,,,,,0,,0.5676
TCGA-CS-4943-01,,WT,,5108.61,2.5374,-0.084,0,0,,,,,0,,1.8797
TCGA-CS-4944-01,,WT,,2930.27,-0.0169,-0.048,0,0,,,,,0,,0.1116
TCGA-CS-5390-01,,WT,,4091.65,1.3449,-0.052,0,0,,,,,0,,1.1735
TCGA-CS-5393-01,,WT,,3947.55,1.176,0.045,0,0,,,,,0,,1.0595
TCGA-CS-5394-01,,WT,,4177.99,1.4462,-0.045,0,0,,,,,0,,1.24
TCGA-CS-5395-01,,WT,,4779.64,2.1517,0.001,0,0,,,,,0,,1.6679
TCGA-CS-5396-01,,WT,,3642.61,0.8184,-0.044,0,0,,,,,0,,0.8038
TCGA-CS-5397-01,,WT,,2809.81,-0.1581,-0.067,0,0,,,,,0,,-0.0219
TCGA-CS-6186-01,,WT,,3279.26,0.3923,0.002,0,0,,,,,0,,0.4695
TCGA-CS-6188-01,,WT,,3376.13,0.5059,-0.002,0,0,,,,,0,,0.5621
TCGA-CS-6290-01,,WT,,3024.4,0.0935,-0.004,0,0,,,,,0,,0.2122
TCGA-CS-6665-01,,WT,,2908.32,-0.0426,-0.234,0,0,,,,,-1,,0.0877
TCGA-CS-6666-01,,WT,,3336.16,0.459,0.072,0,0,,,,,0,,0.5242
TCGA-CS-6667-01,,WT,,3554.53,0.7151,-0.296,0,0,,,,,-1,,0.7259
TCGA-CS-6668-01,,WT,,4727.4,2.0904,-0.07,0,0,,,,,0,,1.633
TCGA-CS-6669-01,,WT,,1131.09,-2.1266,0.001,0,0,,,,,0,,-2.9155
TCGA-CS-6670-01,,WT,,2923.34,-0.025,-0.021,0,0,,,,,0,,0.1041
TCGA-CU-A0YN-01,,WT,,3229.63,1.6485,0.279,0,0,,1.3431,,,1,,1.0392
TCGA-CU-A0YO-01,,WT,,2417.51,0.6901,0.0,0,0,,0.4585,,,0,,0.6053
TCGA-CU-A0YR-01,,WT,,3273.38,1.7001,0.025,0,0,,1.3842,,,0,,1.0594
TCGA-CU-A3KJ-01,,WT,,4794.45,3.4951,0.002,0,0,,2.55,,,0,,1.6312
TCGA-CU-A3QU-01,,WT,,2998.89,1.3762,-0.222,0,0,,1.1167,,,-1,,0.9282
TCGA-CU-A3YL-01,,WT,,1968.84,0.1606,0.012,0,0,,-0.1685,,,0,,0.2978
TCGA-CU-A5W6-01,,WT,,3098.38,1.4936,-0.075,0,0,,1.2164,,,0,,0.9771
TCGA-CU-A72E-01,,G1225*,,513.358,-1.5571,0.006,1,1,,-4.2712,,,0,,-1.7145
TCGA-CV-5430-01,,WT,,7090.05,5.6744,0.557,0,0,,4.7422,,,1,,2.6886
TCGA-CV-5431-01,,WT,,2909.91,0.7426,0.035,0,0,,1.3623,,,0,,0.597
TCGA-CV-5432-01,,WT,,1698.3,-0.6869,-0.011,0,0,,-0.6809,,,0,,-0.6674
TCGA-CV-5434-01,,WT,,3158.12,1.0354,0.11,0,0,,1.6729,,,1,,0.7892
TCGA-CV-5435-01,,WT,,2785.94,0.5963,0.254,0,0,,1.1971,,,1,,0.4947
TCGA-CV-5436-01,,WT,,2479.33,0.2346,0.027,0,0,,0.7546,,,0,,0.2209
TCGA-CV-5439-01,,WT,,3318.52,1.2247,0.163,0,0,,1.8609,,,1,,0.9056
TCGA-CV-5440-01,,WT,,2806.4,0.6205,0.05,0,0,,1.2249,,,0,,0.5119
TCGA-CV-5441-01,,WT,,3350.35,1.2622,-0.063,0,0,,1.8971,,,0,,0.928
TCGA-CV-5442-01,,WT,,4084.34,2.1282,0.232,0,0,,2.6489,,,1,,1.3932
TCGA-CV-5443-01,,WT,,2047.47,-0.2749,-0.051,0,0,,0.0285,,,0,,-0.2284
TCGA-CV-5444-01,,WT,,1969.5,-0.3669,0.166,0,0,,-0.1188,,,1,,-0.3196
TCGA-CV-5966-01,,WT,,1409.23,-1.0279,-0.01,0,0,,-1.3887,,,0,,-1.1055
TCGA-CV-5970-01,,WT,,4280.19,2.3593,0.734,0,0,,2.8267,,,1,,1.5032
TCGA-CV-5971-01,,WT,,2411.2,0.1542,0.019,0,0,,0.6489,,,0,,0.1555
TCGA-CV-5973-01,,WT,,1881.3,-0.471,-0.26,0,0,,-0.2927,,,-1,,-0.4272
TCGA-CV-5976-01,,WT,,2496.61,0.255,0.177,0,0,,0.781,,,1,,0.2373
TCGA-CV-5977-01,,WT,,2186.72,-0.1106,0.241,0,0,,0.2781,,,1,,-0.0739
TCGA-CV-5978-01,,WT,,3047.79,0.9053,0.043,0,0,,1.538,,,0,,0.7057
TCGA-CV-5979-01,,WT,,2017.49,-0.3103,-0.098,0,0,,-0.0275,,,0,,-0.2631
TCGA-CV-6003-01,,WT,,2074.97,-0.2425,0.0,0,0,,0.0791,,,0,,-0.1971
TCGA-CV-6433-01,,WT,,2367.63,0.1028,0.04,0,0,,0.5797,,,0,,0.1127
TCGA-CV-6436-01,,WT,,1248.46,-1.2176,0.019,0,0,,-1.8482,,,0,,-1.3898
TCGA-CV-6441-01,,WT,,2421.38,0.1662,-0.196,0,0,,0.6649,,,-1,,0.1654
TCGA-CV-6933-01,,WT,,3557.58,1.5067,0.543,0,0,,2.1249,,,1,,1.0689
TCGA-CV-6934-01,,WT,,2545.23,0.3123,0.005,0,0,,0.8542,,,0,,0.2825
TCGA-CV-6935-01,,WT,,2482.91,0.2388,-0.187,0,0,,0.7601,,,-1,,0.2243
TCGA-CV-6936-01,,WT,,3901.55,1.9126,0.708,0,0,,2.4752,,,1,,1.2857
TCGA-CV-6937-01,,WT,,1075.98,-1.4211,0.083,0,0,,-2.4121,,,0,,-1.7388
TCGA-CV-6938-01,,WT,,1803.87,-0.5623,0.025,0,0,,-0.4521,,,0,,-0.5259
TCGA-CV-6939-01,,WT,,3076.52,0.9392,0.002,0,0,,1.5736,,,0,,0.7277
TCGA-CV-6940-01,,WT,,4284.82,2.3648,0.463,0,0,,2.8308,,,1,,1.5057
TCGA-CV-6941-01,,WT,,2783.01,0.5929,0.029,0,0,,1.1931,,,0,,0.4923
TCGA-CV-6942-01,,WT,,1805.43,-0.5605,-0.027,0,0,,-0.4488,,,0,,-0.5238
TCGA-CV-6943-01,,WT,,2518.37,0.2807,0.045,0,0,,0.8139,,,0,,0.2576
TCGA-CV-6945-01,,WT,,1841.37,-0.5181,0.06,0,0,,-0.3741,,,0,,-0.4775
TCGA-CV-6948-01,,WT,,2684.27,0.4764,-0.199,0,0,,1.056,,,-1,,0.4074
TCGA-CV-6950-01,,WT,,2474.2,0.2285,0.028,0,0,,0.7468,,,0,,0.2161
TCGA-CV-6951-01,,WT,,2895.59,0.7257,0.504,0,0,,1.3436,,,1,,0.5854
TCGA-CV-6952-01,,WT,,1687.06,-0.7001,0.003,0,0,,-0.7061,,,0,,-0.683
TCGA-CV-6953-01,,WT,,2530.39,0.2948,-0.007,0,0,,0.832,,,0,,0.2688
TCGA-CV-6954-01,,WT,,2136.66,-0.1697,0.016,0,0,,0.1903,,,0,,-0.1283
TCGA-CV-6955-01,,WT,,1715.65,-0.6664,-0.008,0,0,,-0.6424,,,0,,-0.6436
TCGA-CV-6956-01,,WT,,2417.04,0.1611,-0.079,0,0,,0.6581,,,0,,0.1612
TCGA-CV-6959-01,,WT,,3563.48,1.5137,0.323,0,0,,2.1312,,,1,,1.0728
TCGA-CV-6960-01,,WT,,2309.34,0.034,-0.149,0,0,,0.4851,,,-1,,0.0542
TCGA-CV-6961-01,,WT,,2461.79,0.2139,-0.077,0,0,,0.7277,,,0,,0.2043
TCGA-CV-6962-01,,WT,,3609.73,1.5683,-0.047,0,0,,2.1801,,,0,,1.1031
TCGA-CV-7089-01,,WT,,1688.89,-0.698,-0.005,0,0,,-0.702,,,0,,-0.6805
TCGA-CV-7090-01,,WT,,2760.24,0.566,0.044,0,0,,1.1619,,,0,,0.473
TCGA-CV-7091-01,,WT,,2639.31,0.4233,0.0,0,0,,0.9919,,,0,,0.3678
TCGA-CV-7095-01,,WT,,1958.67,-0.3797,0.609,0,0,,-0.1398,,,1,,-0.3325
TCGA-CV-7097-01,,WT,,2774.38,0.5827,-0.016,0,0,,1.1813,,,0,,0.485
TCGA-CV-7099-01,,WT,,1670.27,-0.72,-0.004,0,0,,-0.7441,,,0,,-0.7065
TCGA-CV-7100-01,,WT,,2918.2,0.7524,-0.044,0,0,,1.3731,,,0,,0.6037
TCGA-CV-7101-01,,WT,,3437.92,1.3656,0.255,0,0,,1.9951,,,1,,0.9886
TCGA-CV-7102-01,,WT,,3081.8,0.9454,0.349,0,0,,1.5801,,,1,,0.7318
TCGA-CV-7103-01,,WT,,2149.04,-0.1551,-0.092,0,0,,0.2122,,,0,,-0.1148
TCGA-CV-7104-01,,WT,,2183.0,-0.115,-0.061,0,0,,0.2717,,,0,,-0.0779
TCGA-CV-7177-01,,WT,,2430.39,0.1769,0.044,0,0,,0.679,,,0,,0.1741
TCGA-CV-7178-01,,WT,,3401.74,1.3229,0.442,0,0,,1.9549,,,1,,0.9637
TCGA-CV-7180-01,,WT,,1886.42,-0.4649,-0.029,0,0,,-0.2824,,,0,,-0.4208
TCGA-CV-7183-01,,WT,,1938.97,-0.4029,0.015,0,0,,-0.1781,,,0,,-0.3563
TCGA-CV-7235-01,,WT,,4469.68,2.5829,0.645,1,1,,2.9911,,,2,,1.6049
TCGA-CV-7236-01,,WT,,3693.58,1.6672,0.233,0,0,,2.2673,,,1,,1.157
TCGA-CV-7238-01,,WT,,1724.54,-0.6559,0.019,0,0,,-0.6227,,,0,,-0.6314
TCGA-CV-7242-01,,WT,,2784.88,0.5951,-0.038,0,0,,1.1956,,,0,,0.4939
TCGA-CV-7243-01,,WT,,4998.8,3.2071,0.71,0,0,,3.4157,,,1,,1.8677
TCGA-CV-7245-01,,WT,,5237.96,3.4893,0.882,0,0,,3.5931,,,1,,1.9775
TCGA-CV-7247-01,,WT,,3540.41,1.4865,0.043,0,0,,2.1065,,,0,,1.0576
TCGA-CV-7248-01,,WT,,2612.19,0.3913,0.0,0,0,,0.9527,,,0,,0.3435
TCGA-CV-7250-01,,WT,,1702.5,-0.6819,0.137,0,0,,-0.6715,,,1,,-0.6616
TCGA-CV-7252-01,,WT,,2273.97,-0.0077,-0.024,0,0,,0.4266,,,0,,0.0179
TCGA-CV-7253-01,,WT,,3182.07,1.0637,-0.063,0,0,,1.7016,,,0,,0.8069
TCGA-CV-7254-01,,WT,,5373.06,3.6487,1.87,1,1,,3.6897,,,2,,2.0373
TCGA-CV-7255-01,,WT,,3407.18,1.3293,0.446,0,0,,1.961,,,1,,0.9675
TCGA-CV-7261-01,,WT,,4200.62,2.2654,0.0,0,0,,2.7555,,,0,,1.4591
TCGA-CV-7263-01,,WT,,3123.88,0.995,0.0,0,0,,1.6315,,,0,,0.7636
TCGA-CV-7406-01,,WT,,2568.87,0.3402,-0.048,0,0,,0.8893,,,0,,0.3043
TCGA-CV-7407-01,,WT,,2183.2,-0.1148,0.206,0,0,,0.272,,,1,,-0.0777
TCGA-CV-7409-01,,WT,,2226.72,-0.0634,0.598,0,0,,0.3469,,,1,,-0.0314
TCGA-CV-7410-01,,WT,,2223.58,-0.0671,0.002,0,0,,0.3416,,,0,,-0.0347
TCGA-CV-7411-01,,WT,,2033.47,-0.2914,-0.002,0,0,,0.0024,,,0,,-0.2445
TCGA-CV-7413-01,,WT,,1841.46,-0.518,-0.088,0,0,,-0.3739,,,0,,-0.4774
TCGA-CV-7414-01,,WT,,2282.11,0.0019,-0.083,0,0,,0.4401,,,0,,0.0263
TCGA-CV-7415-01,,WT,,2347.47,0.079,0.37,0,0,,0.5473,,,1,,0.0926
TCGA-CV-7416-01,,WT,,3743.48,1.7261,-0.294,0,0,,2.3182,,,-1,,1.1885
TCGA-CV-7418-01,,WT,,2912.89,0.7461,2.28,1,1,,1.3662,,,2,,0.5994
TCGA-CV-7421-01,,WT,,1535.26,-0.8792,-0.14,0,0,,-1.0638,,,-1,,-0.9044
TCGA-CV-7422-01,,WT,,3849.97,1.8517,0.011,0,0,,2.4247,,,0,,1.2544
TCGA-CV-7423-01,,WT,,2342.53,0.0732,0.055,0,0,,0.5393,,,0,,0.0877
TCGA-CV-7424-01,,WT,,3053.07,0.9115,0.047,0,0,,1.5445,,,0,,0.7098
TCGA-CV-7425-01,,WT,,4485.76,2.6018,0.235,0,0,,3.0047,,,1,,1.6134
TCGA-CV-7427-01,,WT,,2276.14,-0.0051,0.024,0,0,,0.4302,,,0,,0.0202
TCGA-CV-7428-01,,WT,,2143.66,-0.1614,-0.032,0,0,,0.2027,,,0,,-0.1206
TCGA-CV-7429-01,,WT,,2311.75,0.0369,0.022,0,0,,0.4891,,,0,,0.0566
TCGA-CV-7430-01,,WT,,2895.78,0.7259,-0.125,0,0,,1.3438,,,-1,,0.5856
TCGA-CV-7432-01,,WT,,3499.42,1.4381,0.562,1,1,,2.0624,,,2,,1.0302
TCGA-CV-7433-01,,WT,,1628.38,-0.7694,0.013,0,0,,-0.8404,,,0,,-0.7661
TCGA-CV-7434-01,,WT,,1964.07,-0.3733,0.069,0,0,,-0.1293,,,0,,-0.3261
TCGA-CV-7435-01,,WT,,3034.8,0.89,-0.333,0,0,,1.5218,,,-1,,0.6957
TCGA-CV-7437-01,,WT,,3931.07,1.9474,1.08,0,0,,2.5038,,,1,,1.3034
TCGA-CV-7438-01,,WT,,2627.2,0.4091,0.155,0,0,,0.9745,,,1,,0.357
TCGA-CV-7440-01,,WT,,2985.28,0.8315,0.054,0,0,,1.4593,,,0,,0.657
TCGA-CV-7446-01,,WT,,7284.21,5.9035,,0,0,,4.8447,,,NP,,2.752
TCGA-CV-7568-01,,L1000F,,4590.2,2.725,,1,1,,3.0921,,,NP,,1.6674
TCGA-CV-A45O-01,,WT,,1700.68,-0.6841,0.006,0,0,,-0.6756,,,0,,-0.6642
TCGA-CV-A45P-01,,WT,,1689.66,-0.6971,0.023,0,0,,-0.7003,,,0,,-0.6794
TCGA-CV-A45Q-01,,WT,,497.087,-2.1041,0.484,0,0,,-5.3394,,,1,,-3.5503
TCGA-CV-A45R-01,,WT,,2182.39,-0.1157,0.009,0,0,,0.2706,,,0,,-0.0786
TCGA-CV-A45T-01,,WT,,1693.49,-0.6926,0.017,0,0,,-0.6917,,,0,,-0.6741
TCGA-CV-A45U-01,,WT,,3103.62,0.9711,0.083,0,0,,1.6069,,,0,,0.7483
TCGA-CV-A45V-01,,WT,,1864.58,-0.4907,0.021,0,0,,-0.3265,,,0,,-0.4481
TCGA-CV-A45W-01,,WT,,2170.3,-0.13,0.016,0,0,,0.2495,,,0,,-0.0916
TCGA-CV-A45X-01,,WT,,2442.7,0.1914,0.34,0,0,,0.6982,,,1,,0.186
TCGA-CV-A45Y-01,,WT,,1438.26,-0.9937,0.011,0,0,,-1.3114,,,0,,-1.0576
TCGA-CV-A45Z-01,,WT,,2057.54,-0.263,-0.002,0,0,,0.0471,,,0,,-0.2169
TCGA-CV-A460-01,,WT,,1716.59,-0.6653,-0.123,0,0,,-0.6403,,,-1,,-0.6423
TCGA-CV-A461-01,,WT,,1330.57,-1.1207,0.042,0,0,,-1.6066,,,0,,-1.2403
TCGA-CV-A463-01,,WT,,1888.58,-0.4624,0.084,0,0,,-0.278,,,0,,-0.4181
TCGA-CV-A464-01,,WT,,1466.08,-0.9609,0.058,0,0,,-1.2387,,,0,,-1.0126
TCGA-CV-A465-01,,WT,,3241.36,1.1337,0.248,0,0,,1.7716,,,1,,0.8503
TCGA-CV-A468-01,,WT,,1492.65,-0.9295,0.017,0,0,,-1.1706,,,0,,-0.9705
TCGA-CV-A6JD-01,,WT,,1062.14,-1.4374,0.021,0,0,,-2.4612,,,0,,-1.7692
TCGA-CV-A6JE-01,,WT,,1397.65,-1.0416,0.027,0,0,,-1.42,,,0,,-1.1248
TCGA-CV-A6JM-01,,WT,,380.952,-2.2411,0.057,0,0,,-6.3472,,,0,,-4.1739
TCGA-CV-A6JN-01,,WT,,740.667,-1.8167,-0.009,0,0,,-3.8281,,,0,,-2.615
TCGA-CV-A6JO-01,,WT,,1251.13,-1.2145,0.032,0,0,,-1.8401,,,0,,-1.3848
TCGA-CV-A6JT-01,,WT,,793.347,-1.7546,0.002,0,0,,-3.5676,,,0,,-2.4538
TCGA-CV-A6JU-01,,WT,,883.976,-1.6476,-0.04,0,0,,-3.1575,,,0,,-2.2
TCGA-CV-A6JY-01,,WT,,2743.14,0.5458,0.176,0,0,,1.1383,,,1,,0.4584
TCGA-CV-A6JZ-01,,WT,,1697.92,-0.6873,0.073,0,0,,-0.6818,,,0,,-0.668
TCGA-CV-A6K0-01,,WT,,2111.91,-0.1989,0.012,0,0,,0.146,,,0,,-0.1557
TCGA-CV-A6K1-01,,WT,,807.058,-1.7384,-0.113,0,0,,-3.5027,,,-1,,-2.4136
TCGA-CV-A6K2-01,,WT,,1958.01,-0.3805,0.0,0,0,,-0.141,,,0,,-0.3333
TCGA-CW-5580-01,,WT,,3981.62,1.583,-0.288,0,0,,1.7471,,,-1,,1.3615
TCGA-CW-5581-01,,WT,,2845.74,0.3195,0.0,0,0,,-0.4794,,,0,,0.469
TCGA-CW-5583-01,,WT,,3971.46,1.5717,0.01,0,0,,1.7302,,,0,,1.3547
TCGA-CW-5584-01,,WT,,2481.17,-0.086,-0.061,0,0,,-1.3881,,,0,,0.1047
TCGA-CW-5585-01,,WT,,3418.29,0.9564,-0.017,0,0,,0.7358,,,0,,0.9561
TCGA-CW-5587-01,,WT,,3035.33,0.5304,0.042,0,0,,-0.0519,,,0,,0.6404
TCGA-CW-5588-01,,WT,,3252.39,0.7718,0.0,0,0,,0.406,,,0,,0.8239
TCGA-CW-5589-01,,WT,,3101.8,0.6043,0.018,0,0,,0.0917,,,0,,0.6979
TCGA-CW-5591-01,,WT,,2635.5,0.0857,0.21,0,0,,-0.9882,,,1,,0.265
TCGA-CW-6087-01,,WT,,2479.93,-0.0874,0.033,0,0,,-1.3915,,,0,,0.1033
TCGA-CW-6088-01,,NP,,3851.18,1.4379,-0.069,0,0,NP,1.5263,,,0,,1.273
TCGA-CW-6090-01,,WT,,3287.67,0.8111,-0.142,0,0,,0.4775,,,-1,,0.8526
TCGA-CW-6093-01,,WT,,3120.58,0.6252,0.017,0,0,,0.1318,,,0,,0.714
TCGA-CW-6097-01,,WT,,2810.91,0.2808,-0.03,0,0,,-0.561,,,0,,0.4362
TCGA-CX-7085-01,,WT,,2226.22,-0.064,0.0,0,0,,0.3461,,,0,,-0.0319
TCGA-CX-7086-01,,WT,,4073.53,2.1155,0.721,0,0,,2.6389,,,1,,1.387
TCGA-CX-7219-01,,WT,,1681.66,-0.7065,-0.108,0,0,,-0.7183,,,-1,,-0.6906
TCGA-CX-A4AQ-01,,WT,,1146.5,-1.3379,-0.025,0,0,,-2.1714,,,0,,-1.5898
TCGA-CZ-4853-01,,WT,,3389.45,0.9243,-0.063,0,0,,0.6797,,,0,,0.9336
TCGA-CZ-4854-01,,WT,,2260.49,-0.3315,-0.086,0,0,,-2.0056,,,0,,-0.1429
TCGA-CZ-4856-01,,WT,,2669.39,0.1234,0.021,0,0,,-0.9035,,,0,,0.299
TCGA-CZ-4857-01,,NP,,2867.78,0.344,-0.029,0,0,NP,-0.4283,,,0,,0.4895
TCGA-CZ-4858-01,,NP,,3078.62,0.5785,0.031,0,0,NP,0.042,,,0,,0.678
TCGA-CZ-4859-01,,I312L,,3058.97,0.5567,0.007,1,1,,-0.0004,,,0,,0.661
TCGA-CZ-4860-01,,WT,,4681.77,2.3618,0.0,0,0,,2.821,,,0,,1.7921
TCGA-CZ-4861-01,,WT,,4199.54,1.8254,0.01,0,0,,2.1004,,,0,,1.5032
TCGA-CZ-4862-01,,NP,,2964.16,0.4512,-0.028,0,0,NP,-0.2091,,,0,,0.5773
TCGA-CZ-4863-01,,WT,,2277.83,-0.3122,-0.027,0,0,,-1.9549,,,0,,-0.1226
TCGA-CZ-4864-01,,WT,,2678.02,0.133,-0.063,0,0,,-0.8821,,,0,,0.3075
TCGA-CZ-4866-01,,WT,,2808.23,0.2778,-0.014,0,0,,-0.5674,,,0,,0.4337
TCGA-CZ-5451-01,,WT,,2747.08,0.2098,0.0,0,0,,-0.7133,,,0,,0.3752
TCGA-CZ-5452-01,,WT,,1710.28,-0.9435,-0.02,0,0,,-3.8542,,,0,,-0.884
TCGA-CZ-5453-01,,WT,,2433.81,-0.1387,-0.075,0,0,,-1.5159,,,0,,0.0534
TCGA-CZ-5454-01,,WT,,4154.93,1.7757,0.069,0,0,,2.0296,,,0,,1.4748
TCGA-CZ-5455-01,,WT,,3351.97,0.8826,-0.04,0,0,,0.6059,,,0,,0.9041
TCGA-CZ-5456-01,,WT,,2618.54,0.0668,0.124,0,0,,-1.0309,,,1,,0.2478
TCGA-CZ-5457-01,,WT,,2104.95,-0.5045,0.001,0,0,,-2.4781,,,0,,-0.3323
TCGA-CZ-5458-01,,WT,,5242.14,2.9851,0.201,0,0,,3.5706,,,1,,2.0925
TCGA-CZ-5459-01,,WT,,1948.18,-0.6789,-0.046,0,0,,-2.9911,,,0,,-0.5379
TCGA-CZ-5460-01,,WT,,2495.81,-0.0697,0.0,0,0,,-1.3491,,,0,,0.1203
TCGA-CZ-5461-01,,WT,,3534.29,1.0854,0.11,0,0,,0.9571,,,1,,1.0448
TCGA-CZ-5462-01,,WT,,1717.25,-0.9357,-0.067,0,0,,-3.8273,,,0,,-0.8732
TCGA-CZ-5463-01,,WT,,3741.39,1.3158,-0.089,0,0,,1.3346,,,0,,1.1961
TCGA-CZ-5464-01,,NP,,2992.13,0.4823,0.131,0,0,NP,-0.1469,,,1,,0.6023
TCGA-CZ-5465-01,,WT,,4654.82,2.3318,-0.154,0,0,,2.7828,,,-1,,1.7767
TCGA-CZ-5466-01,,D515*,,903.778,-1.8406,0.034,1,1,,-8.0803,,,0,,-2.5781
TCGA-CZ-5467-01,,WT,,3093.77,0.5954,0.007,0,0,,0.0746,,,0,,0.691
TCGA-CZ-5468-01,,WT,,1420.29,-1.266,-0.303,0,0,,-5.0855,,,-1,,-1.3776
TCGA-CZ-5469-01,,WT,,1837.98,-0.8014,0.0,0,0,,-3.377,,,0,,-0.6926
TCGA-CZ-5470-01,,WT,,2346.37,-0.2359,-0.037,0,0,,-1.7584,,,0,,-0.0438
TCGA-CZ-5982-01,,WT,,2930.26,0.4135,-0.065,0,0,,-0.2854,,,0,,0.5467
TCGA-CZ-5984-01,,WT,,2668.43,0.1223,0.01,0,0,,-0.9058,,,0,,0.298
TCGA-CZ-5985-01,,WT,,2947.72,0.4329,-0.123,0,0,,-0.246,,,-1,,0.5625
TCGA-CZ-5986-01,,WT,,4389.96,2.0372,-0.064,0,0,,2.3944,,,0,,1.621
TCGA-CZ-5987-01,,WT,,1779.68,-0.8663,-0.143,0,0,,-3.5906,,,-1,,-0.7783
TCGA-CZ-5988-01,,WT,,3379.75,0.9135,-0.063,0,0,,0.6607,,,0,,0.926
TCGA-CZ-5989-01,,WT,,8305.59,6.3926,-0.023,0,0,,6.6218,,,0,,3.3157
TCGA-D1-A0ZN-01,,WT,,2626.0668,0.7313,0.04,0,0,,-0.2309,,,0,,0.775
TCGA-D1-A0ZO-01,,WT,,2465.414,0.5192,0.036,0,0,,-0.5219,,,0,,0.6162
TCGA-D1-A0ZP-01,,WT,,2173.2124,0.1334,0.029,0,0,,-1.1036,,,0,,0.2987
TCGA-D1-A0ZQ-01,,WT,,2109.5868,0.0494,0.006,0,0,,-1.2406,,,0,,0.224
TCGA-D1-A0ZR-01,,WT,,2258.2115,0.2456,0.047,0,0,,-0.9267,,,0,,0.3953
TCGA-D1-A0ZS-01,,WT,,4832.3433,3.644,0.0,0,0,,2.5814,,,0,,2.3098
TCGA-D1-A0ZU-01,,WT,,2364.0912,0.3854,0.069,0,0,,-0.7154,,,0,,0.5106
TCGA-D1-A0ZV-01,,WT,,1815.0166,-0.3395,0.0,0,0,,-1.934,,,0,,-0.1544
TCGA-D1-A0ZZ-01,,WT,,3387.2146,1.7361,-0.423,0,0,,0.9428,,,-1,,1.4155
TCGA-D1-A101-01,,WT,,2252.3509,0.2379,0.0,0,0,,-0.9387,,,0,,0.3887
TCGA-D1-A102-01,,WT,,3846.7298,2.3428,0.1,0,0,,1.5295,,,0,,1.7357
TCGA-D1-A103-01,,A300V V465F,,2573.7996,0.6623,-0.003,1,1,,-0.3236,,,0,,0.7244
TCGA-D1-A15V-01,,WT,,2396.1663,0.4277,-0.026,0,0,,-0.6533,,,0,,0.5445
TCGA-D1-A15W-01,,WT,,2591.799,0.686,-0.001,0,0,,-0.2914,,,0,,0.742
TCGA-D1-A15X-01,,R546K,,1591.944,-0.634,-0.002,1,1,,-2.5386,,,0,,-0.4844
TCGA-D1-A15Z-01,,WT,,2656.1164,0.7709,0.035,0,0,,-0.1784,,,0,,0.8037
TCGA-D1-A160-01,,WT,,1951.0383,-0.1599,0.046,0,0,,-1.6008,,,0,,0.0274
TCGA-D1-A161-01,,WT,,1874.5286,-0.2609,0.036,0,0,,-1.7853,,,0,,-0.0733
TCGA-D1-A163-01,,WT,,2687.7382,0.8127,-0.001,0,0,,-0.1238,,,0,,0.8334
TCGA-D1-A165-01,,WT,,2355.4629,0.374,0.105,0,0,,-0.7323,,,1,,0.5014
TCGA-D1-A167-01,,R259*,,373.1788,-2.243,-0.011,1,1,,-9.2207,,,0,,-4.131
TCGA-D1-A168-01,,WT,,889.5956,-1.5612,0.186,0,0,,-5.2207,,,1,,-1.9481
TCGA-D1-A169-01,,WT,,1223.7495,-1.1201,-0.064,0,0,,-3.7511,,,0,,-1.1461
TCGA-D1-A16B-01,,WT,,2089.9751,0.0235,0.001,0,0,,-1.2837,,,0,,0.2005
TCGA-D1-A16D-01,,WT,,1934.1296,-0.1822,-0.003,0,0,,-1.641,,,0,,0.0055
TCGA-D1-A16E-01,,WT,,1841.3839,-0.3047,-0.001,0,0,,-1.8675,,,0,,-0.1182
TCGA-D1-A16F-01,,WT,,1894.5105,-0.2345,,0,0,,-1.7364,,,NP,,-0.0466
TCGA-D1-A16G-01,,WT,,1444.5001,-0.8286,0.005,0,0,,-2.9866,,,0,,-0.7289
TCGA-D1-A16I-01,,WT,,1499.2778,-0.7563,-0.052,0,0,,-2.815,,,0,,-0.6353
TCGA-D1-A16J-01,,WT,,1729.7187,-0.4521,-0.043,0,0,,-2.1559,,,0,,-0.2756
TCGA-D1-A16N-01,,WT,,2224.7894,0.2015,-0.182,0,0,,-0.9955,,,-1,,0.3578
TCGA-D1-A16O-01,,WT,,1924.615,-0.1948,0.047,0,0,,-1.6637,,,0,,-0.0069
TCGA-D1-A16Q-01,,WT,,1323.9848,-0.9878,-0.007,0,0,,-3.3882,,,0,,-0.948
TCGA-D1-A16R-01,,WT,,1432.1206,-0.845,0.045,0,0,,-3.0263,,,0,,-0.7505
TCGA-D1-A16S-01,,WT,,1144.4049,-1.2248,-0.156,0,0,,-4.06,,,-1,,-1.3147
TCGA-D1-A16V-01,,WT,,2961.1079,1.1736,-0.184,0,0,,0.3228,,,-1,,1.0772
TCGA-D1-A16X-01,,D153N L405I R861K,,1381.672,-0.9116,0.004,1,1,,-3.1916,,,0,,-0.8407
TCGA-D1-A16Y-01,,WT,,699.3025,-1.8125,-0.001,0,0,,-6.3295,,,0,,-2.5532
TCGA-D1-A174-01,,WT,,956.6147,-1.4728,0.003,0,0,,-4.886,,,0,,-1.7654
TCGA-D1-A175-01,,NP,,3479.2845,1.8577,-0.003,0,0,NP,1.0665,,,0,,1.483
TCGA-D1-A176-01,,WT,,1858.3854,-0.2822,0.052,0,0,,-1.8252,,,0,,-0.095
TCGA-D1-A177-01,,WT,,1884.3254,-0.248,0.029,0,0,,-1.7612,,,0,,-0.0602
TCGA-D1-A179-01,,NP,,2453.0667,0.5029,-0.273,0,0,NP,-0.5451,,,-1,,0.6035
TCGA-D1-A17A-01,,WT,,1660.4612,-0.5435,0.049,0,0,,-2.3443,,,0,,-0.3784
TCGA-D1-A17B-01,,WT,,1772.3766,-0.3958,0.014,0,0,,-2.0436,,,0,,-0.2143
TCGA-D1-A17C-01,,WT,,1058.6997,-1.338,0.007,0,0,,-4.4188,,,0,,-1.5104
TCGA-D1-A17D-01,,WT,,1279.8624,-1.046,0.0,0,0,,-3.5444,,,0,,-1.0333
TCGA-D1-A17F-01,,WT,,1684.166,-0.5122,-0.001,0,0,,-2.279,,,0,,-0.3427
TCGA-D1-A17H-01,,V740Efs*9,,547.7354,-2.0126,-0.004,1,1,,-7.4546,,,0,,-3.1672
TCGA-D1-A17K-01,,WT,,1615.4389,-0.603,-0.158,0,0,,-2.471,,,-1,,-0.4475
TCGA-D1-A17L-01,,WT,,1059.0933,-1.3375,0.04,0,0,,-4.4171,,,0,,-1.5095
TCGA-D1-A17M-01,,WT,,1961.8941,-0.1456,0.015,0,0,,-1.5753,,,0,,0.0413
TCGA-D1-A17N-01,,WT,,616.9402,-1.9212,0.0,0,0,,-6.9067,,,0,,-2.8682
TCGA-D1-A17Q-01,,WT,,2298.3854,0.2987,0.0,0,0,,-0.8454,,,0,,0.4396
TCGA-D1-A17R-01,,WT,,1378.1496,-0.9162,0.132,0,0,,-3.2034,,,1,,-0.8472
TCGA-D1-A17S-01,,WT,,1761.0013,-0.4108,0.001,0,0,,-2.0733,,,0,,-0.2305
TCGA-D1-A17T-01,,WT,,1378.0058,-0.9164,0.026,0,0,,-3.2038,,,0,,-0.8474
TCGA-D1-A17U-01,,WT,,1952.3378,-0.1582,0.0,0,0,,-1.5978,,,0,,0.0291
TCGA-D1-A1NS-01,,WT,,1782.0178,-0.3831,0.0,0,0,,-2.0186,,,0,,-0.2006
TCGA-D1-A1NU-01,,WT,,1917.806,-0.2038,-0.196,0,0,,-1.68,,,-1,,-0.0158
TCGA-D1-A1NW-01,,WT,,2548.0941,0.6283,-0.053,0,0,,-0.3698,,,0,,0.6992
TCGA-D1-A1NX-01,,WT,,2315.0125,0.3206,-0.019,0,0,,-0.8122,,,0,,0.4578
TCGA-D1-A1NY-01,,WT,,2014.0486,-0.0767,0.018,0,0,,-1.4543,,,0,,0.1074
TCGA-D1-A1NZ-01,,WT,,2051.1064,-0.0278,0.04,0,0,,-1.3702,,,0,,0.1532
TCGA-D1-A1O0-01,,WT,,2356.4243,0.3753,-0.148,0,0,,-0.7304,,,-1,,0.5024
TCGA-D1-A1O5-01,,WT,,2185.5498,0.1497,0.005,0,0,,-1.0775,,,0,,0.313
TCGA-D1-A1O7-01,,WT,,2263.3317,0.2524,0.0,0,0,,-0.9163,,,0,,0.401
TCGA-D1-A1O8-01,,WT,,1477.8498,-0.7846,-0.005,0,0,,-2.8814,,,0,,-0.6715
TCGA-D1-A2G0-01,,WT,,1313.01,-1.0022,0.06,0,0,,-3.4266,,,0,,-0.969
TCGA-D1-A2G5-01,,WT,,2433.7859,0.4774,0.306,0,0,,-0.5815,,,1,,0.5837
TCGA-D1-A2G6-01,,WT,,2048.3003,-0.0315,0.154,0,0,,-1.3765,,,1,,0.1498
TCGA-D1-A2G7-01,,WT,,2324.292,0.3329,-0.012,0,0,,-0.7937,,,0,,0.4678
TCGA-D1-A3DA-01,,WT,,1963.66,-0.1433,0.052,0,0,,-1.5711,,,0,,0.0436
TCGA-D1-A3DG-01,,WT,,1341.67,-0.9644,-0.317,0,0,,-3.327,,,-1,,-0.9147
TCGA-D1-A3DH-01,,WT,,1797.36,-0.3628,0.356,0,0,,-1.9791,,,1,,-0.179
TCGA-D1-A3JQ-01,,WT,,2273.31,0.2655,0.485,0,0,,-0.896,,,1,,0.412
TCGA-D3-A1Q1-06,,WT,,1877.15,-0.3138,-0.001,0,0,,,,,0,,0.0662
TCGA-D3-A1Q3-06,,WT,,2325.54,0.1653,0.172,0,0,,,,,1,,0.4026
TCGA-D3-A1Q4-06,,WT,,3497.57,1.4176,-0.112,0,0,,,,,-1,,1.0437
TCGA-D3-A1Q5-06,,WT,,3522.56,1.4443,-0.166,0,0,,,,,-1,,1.0549
TCGA-D3-A1Q6-06,,WT,,3991.71,1.9456,0.061,0,0,,,,,0,,1.2513
TCGA-D3-A1Q7-06,,WT,,2389.01,0.2332,-0.004,0,0,,,,,0,,0.4449
TCGA-D3-A1Q8-06,,WT,,2498.98,0.3507,-0.136,0,0,,,,,-1,,0.5156
TCGA-D3-A1Q9-06,,WT,,3489.29,1.4088,-0.001,0,0,,,,,0,,1.04
TCGA-D3-A1QA-06,,WT,,2480.6,0.331,0.024,0,0,,,,,0,,0.504
TCGA-D3-A1QB-06,,WT,,1017.98,-1.2318,0.059,0,0,,,,,0,,-0.8946
TCGA-D3-A2J6-06,,WT,,779.695,-1.4864,-0.182,0,0,,,,,-1,,-1.3131
TCGA-D3-A2J7-06,,WT,,1734.81,-0.4659,-0.09,0,0,,,,,0,,-0.0576
TCGA-D3-A2J8-06,,WT,,1678.95,-0.5255,0.025,0,0,,,,,0,,-0.109
TCGA-D3-A2J9-06,,WT,,2281.89,0.1187,0.053,0,0,,,,,0,,0.3729
TCGA-D3-A2JA-06,,WT,,2566.67,0.423,0.14,0,0,,,,,1,,0.5576
TCGA-D3-A2JB-06,,WT,,2300.18,0.1382,-0.015,0,0,,,,,0,,0.3854
TCGA-D3-A2JC-06,,L13I,,2442.87,0.2907,-0.406,1,1,,,,,-1,,0.48
TCGA-D3-A2JD-06,,WT,,497.783,-1.7876,0.022,0,0,,,,,0,,-2.0171
TCGA-D3-A2JE-06,,WT,,3134.08,1.0293,0.354,0,0,,,,,1,,0.8713
TCGA-D3-A2JF-06,,WT,,2567.38,0.4237,0.093,0,0,,,,,0,,0.558
TCGA-D3-A2JG-06,,WT,,1851.35,-0.3413,0.856,1,1,,,,,2,,0.0445
TCGA-D3-A2JH-06,,Y414F,,2817.09,0.6906,-0.002,1,1,,,,,0,,0.7038
TCGA-D3-A2JK-06,,WT,,290.698,-2.0089,-0.086,0,0,,,,,0,,-2.86
TCGA-D3-A2JL-06,,WT,,2203.47,0.0349,-0.127,0,0,,,,,-1,,0.318
TCGA-D3-A2JN-06,,WT,,1869.68,-0.3217,-0.004,0,0,,,,,0,,0.06
TCGA-D3-A2JO-06,,WT,,4473.3,2.4602,-0.042,0,0,,,,,0,,1.4302
TCGA-D3-A2JP-06,,WT,,1825.74,-0.3687,0.034,0,0,,,,,0,,0.0226
TCGA-D3-A3BZ-06,,WT,,849.943,-1.4113,0.059,0,0,,,,,0,,-1.1778
TCGA-D3-A3C1-06,,WT,,842.742,-1.419,0.23,0,0,,,,,1,,-1.1911
TCGA-D3-A3C3-06,,I829N,,2016.35,-0.165,-0.288,1,1,,,,,-1,,0.1786
TCGA-D3-A3C6-06,,WT,,2740.32,0.6085,-0.257,0,0,,,,,-1,,0.6604
TCGA-D3-A3C7-06,,G544E,,1992.82,-0.1902,-0.122,1,1,,,,,-1,,0.1601
TCGA-D3-A3C8-06,,WT,,1997.82,-0.1848,-0.001,0,0,,,,,0,,0.1641
TCGA-D3-A3CB-06,,WT,,2055.81,-0.1229,0.092,0,0,,,,,0,,0.209
TCGA-D3-A3CC-06,,WT,,1527.81,-0.687,0.059,0,0,,,,,0,,-0.2571
TCGA-D3-A3CE-06,,WT,,5043.4,3.0694,0.157,0,0,,,,,1,,1.6187
TCGA-D3-A3CF-06,,WT,,1890.11,-0.2999,-0.007,0,0,,,,,0,,0.077
TCGA-D3-A3ML-06,,WT,,2268.56,0.1045,0.091,0,0,,,,,0,,0.3637
TCGA-D3-A3MO-06,,WT,,2021.59,-0.1594,-0.032,0,0,,,,,0,,0.1827
TCGA-D3-A3MR-06,,WT,,1557.61,-0.6552,0.0,0,0,,,,,0,,-0.2268
TCGA-D3-A3MU-06,,WT,,749.11,-1.5191,0.141,0,0,,,,,1,,-1.3759
TCGA-D3-A3MV-06,,WT,,1968.67,-0.216,0.198,0,0,,,,,1,,0.141
TCGA-D3-A51E-06,,WT,,1636.17,-0.5712,0.013,0,0,,,,,0,,-0.1495
TCGA-D3-A51F-06,,WT,,1801.85,-0.3942,-0.022,0,0,,,,,0,,0.0019
TCGA-D3-A51G-06,,WT,,4026.47,1.9828,0.203,0,0,,,,,1,,1.2649
TCGA-D3-A51H-06,,WT,,2447.0,0.2951,0.001,0,0,,,,,0,,0.4826
TCGA-D3-A51J-06,,WT,,1719.43,-0.4823,0.028,0,0,,,,,0,,-0.0716
TCGA-D3-A51K-06,,WT,,638.629,-1.6371,0.095,0,0,,,,,0,,-1.6263
TCGA-D3-A51N-06,,WT,,1234.78,-1.0001,-0.1,0,0,,,,,0,,-0.5915
TCGA-D3-A51R-06,,WT,,2178.5,0.0082,0.085,0,0,,,,,0,,0.3001
TCGA-D3-A51T-06,,WT,,2248.12,0.0826,-0.196,0,0,,,,,-1,,0.3495
TCGA-D3-A5GL-06,,WT,,1317.19,-0.9121,-0.149,0,0,,,,,-1,,-0.49
TCGA-D3-A5GN-06,,WT,,2438.08,0.2856,0.072,0,0,,,,,0,,0.4769
TCGA-D3-A5GO-06,,WT,,1326.7,-0.9019,-0.132,0,0,,,,,-1,,-0.4788
TCGA-D3-A5GR-06,,WT,,5018.23,3.0425,0.0,0,0,,,,,0,,1.6108
TCGA-D3-A5GS-06,,WT,,1323.69,-0.9051,0.0,0,0,,,,,0,,-0.4823
TCGA-D3-A5GT-01,,WT,,1458.67,-0.7609,,0,0,,,,,NP,,-0.3299
TCGA-D3-A5GU-06,,WT,,4047.67,2.0054,0.053,0,0,,,,,0,,1.2732
TCGA-D3-A8GB-06,,WT,,1253.26,-0.9804,-0.055,0,0,,,,,0,,-0.5682
TCGA-D3-A8GC-06,,WT,,2594.84,0.4531,-0.228,0,0,,,,,-1,,0.5747
TCGA-D3-A8GD-06,,WT,,2110.69,-0.0642,-0.053,0,0,,,,,0,,0.2504
TCGA-D3-A8GE-06,,WT,,2009.03,-0.1728,-0.004,0,0,,,,,0,,0.1729
TCGA-D3-A8GI-06,,WT,,611.954,-1.6656,-0.022,0,0,,,,,0,,-1.6932
TCGA-D3-A8GJ-06,,WT,,1623.47,-0.5848,0.022,0,0,,,,,0,,-0.1618
TCGA-D3-A8GK-06,,WT,,1120.16,-1.1226,0.056,0,0,,,,,0,,-0.7444
TCGA-D3-A8GL-06,,WT,,2777.91,0.6487,0.022,0,0,,,,,0,,0.6818
TCGA-D3-A8GM-06,,WT,,1986.96,-0.1964,0.028,0,0,,,,,0,,0.1555
TCGA-D3-A8GN-06,,WT,,1337.3,-0.8906,-0.079,0,0,,,,,0,,-0.4663
TCGA-D3-A8GO-06,,WT,,1444.53,-0.776,0.056,0,0,,,,,0,,-0.3451
TCGA-D3-A8GP-06,,WT,,2752.04,0.6211,-0.008,0,0,,,,,0,,0.6671
TCGA-D3-A8GQ-06,,WT,,1504.33,-0.7121,0.165,0,0,,,,,1,,-0.2815
TCGA-D3-A8GR-06,,WT,,1164.63,-1.0751,-0.118,0,0,,,,,-1,,-0.6833
TCGA-D3-A8GS-06,,WT,,2637.74,0.4989,-0.004,0,0,,,,,0,,0.6005
TCGA-D3-A8GV-06,,WT,,1470.47,-0.7483,-0.088,0,0,,,,,0,,-0.3172
TCGA-D5-5537-01,,WT,,2215.51,-0.2301,-0.158,0,0,,0.0947,,,-1,,-0.2022
TCGA-D5-5538-01,,WT,,3890.3,1.5073,-0.022,0,0,,3.5251,,,0,,1.2041
TCGA-D5-5539-01,,WT,,2864.59,0.4433,0.186,0,0,,1.6602,,,1,,0.4395
TCGA-D5-5540-01,,WT,,3119.46,0.7077,-0.134,0,0,,2.1795,,,-1,,0.6525
TCGA-D5-5541-01,,WT,,4011.29,1.6328,0.007,0,0,,3.7117,,,0,,1.2806
TCGA-D5-6529-01,,WT,,2646.11,0.2166,-0.09,0,0,,1.1768,,,0,,0.2414
TCGA-D5-6530-01,,WT,,1900.81,-0.5565,0.005,0,0,,-0.8386,,,0,,-0.5848
TCGA-D5-6531-01,,WT,,3217.87,0.8097,-0.002,0,0,,2.3688,,,0,,0.73
TCGA-D5-6532-01,,WT,,3586.99,1.1926,-0.032,0,0,,3.0305,,,0,,1.0013
TCGA-D5-6533-01,,WT,,1888.74,-0.569,-0.137,0,0,,-0.8774,,,-1,,-0.6008
TCGA-D5-6534-01,,WT,,1964.96,-0.49,0.009,0,0,,-0.6364,,,0,,-0.502
TCGA-D5-6535-01,,WT,,3067.59,0.6538,-0.44,0,0,,2.0774,,,-1,,0.6106
TCGA-D5-6536-01,,WT,,1861.29,-0.5975,-0.034,0,0,,-0.9666,,,0,,-0.6373
TCGA-D5-6537-01,,WT,,2678.06,0.2498,0.18,0,0,,1.2499,,,1,,0.2714
TCGA-D5-6538-01,,WT,,2971.04,0.5537,0.246,0,0,,1.8825,,,1,,0.5307
TCGA-D5-6539-01,,WT,,2379.86,-0.0596,0.08,0,0,,0.5307,,,0,,-0.0235
TCGA-D5-6540-01,,WT,,1557.88,-0.9122,0.051,0,0,,-2.0505,,,0,,-1.0817
TCGA-D5-6541-01,,WT,,1966.82,-0.488,0.003,0,0,,-0.6306,,,0,,-0.4996
TCGA-D5-6898-01,,WT,,2753.02,0.3275,0.034,0,0,,1.4181,,,0,,0.3403
TCGA-D5-6920-01,,WT,,1713.78,-0.7505,0.009,0,0,,-1.4695,,,0,,-0.8435
TCGA-D5-6922-01,,WT,,3157.59,0.7472,0.027,0,0,,2.2536,,,0,,0.6828
TCGA-D5-6923-01,,WT,,4462.29,2.1006,0.451,0,0,,4.361,,,1,,1.5468
TCGA-D5-6924-01,,WT,,4406.81,2.0431,0.03,0,0,,4.2847,,,0,,1.5155
TCGA-D5-6926-01,,WT,,2869.19,0.448,-0.007,0,0,,1.67,,,0,,0.4436
TCGA-D5-6927-01,,WT,,1647.16,-0.8196,-0.007,0,0,,-1.7111,,,0,,-0.9425
TCGA-D5-6928-01,,WT,,1961.67,-0.4934,0.052,0,0,,-0.6466,,,0,,-0.5061
TCGA-D5-6929-01,,WT,,2848.39,0.4265,0.0,0,0,,1.6256,,,0,,0.4254
TCGA-D5-6930-01,,WT,,1494.19,-0.9783,-0.002,0,0,,-2.3047,,,0,,-1.1859
TCGA-D5-6931-01,,WT,,4396.63,2.0325,0.595,1,1,,4.2706,,,2,,1.5097
TCGA-D5-6932-01,,WT,,1996.17,-0.4576,-0.083,0,0,,-0.5404,,,0,,-0.4626
TCGA-D5-7000-01,,WT,,3783.99,1.397,0.098,0,0,,3.3563,,,0,,1.1349
TCGA-D6-6515-01,,WT,,2042.96,-0.2802,0.015,0,0,,0.0201,,,0,,-0.2336
TCGA-D6-6516-01,,WT,,4780.76,2.9499,0.462,0,0,,3.2464,,,1,,1.763
TCGA-D6-6517-01,,WT,,2056.35,-0.2644,0.015,0,0,,0.0449,,,0,,-0.2183
TCGA-D6-6823-01,,WT,,2693.16,0.4869,0.125,0,0,,1.0686,,,1,,0.4152
TCGA-D6-6824-01,,WT,,2403.01,0.1446,0.001,0,0,,0.636,,,0,,0.1475
TCGA-D6-6825-01,,WT,,3169.3,1.0486,-0.016,0,0,,1.6863,,,0,,0.7975
TCGA-D6-6826-01,,WT,,3791.37,1.7826,-0.09,0,0,,2.3664,,,0,,1.2184
TCGA-D6-6827-01,,WT,,2729.36,0.5296,0.545,0,0,,1.1192,,,1,,0.4466
TCGA-D6-8568-01,,WT,,3025.56,0.879,0.305,0,0,,1.5102,,,1,,0.6885
TCGA-D6-8569-01,,WT,,2536.01,0.3015,0.065,0,0,,0.8404,,,0,,0.274
TCGA-D6-A4Z9-01,,WT,,2118.26,-0.1914,-0.054,0,0,,0.1574,,,0,,-0.1486
TCGA-D6-A4ZB-01,,WT,,247.943,-2.398,-0.562,1,1,,-7.9721,,,-2,,-5.1795
TCGA-D6-A6EK-01,,WT,,820.702,-1.7223,0.055,0,0,,-3.4391,,,0,,-2.3743
TCGA-D6-A6EM-01,,WT,,1295.35,-1.1623,0.049,0,0,,-1.7084,,,0,,-1.3033
TCGA-D6-A6EN-01,,WT,,804.681,-1.7412,0.047,0,0,,-3.5138,,,0,,-2.4206
TCGA-D6-A6EO-01,,WT,,2195.38,-0.1004,-0.068,0,0,,0.2931,,,0,,-0.0647
TCGA-D6-A6EP-01,,WT,,1101.03,-1.3916,0.049,0,0,,-2.3248,,,0,,-1.6848
TCGA-D6-A6EQ-01,,WT,,911.743,-1.6149,-0.036,0,0,,-3.0402,,,0,,-2.1275
TCGA-D6-A6ES-01,,WT,,484.032,-2.1195,-0.078,0,0,,-5.4402,,,0,,-3.6127
TCGA-D6-A74Q-01,,WT,,1499.15,-0.9218,-0.071,0,0,,-1.1541,,,0,,-0.9603
TCGA-D7-5577-01,,WT,,1601.161,-1.3682,0.023,0,0,,-0.8991,,,0,,-1.524
TCGA-D7-5578-01,,WT,,1769.3006,-1.1608,0.007,0,0,,-0.5811,,,0,,-1.2316
TCGA-D7-5579-01,,WT,,,,0.269,0,0,,,,,1,,
TCGA-D7-6518-01,,WT,,2524.569,-0.2292,0.088,0,0,,0.5512,,,0,,-0.1906
TCGA-D7-6519-01,,WT,,2159.1892,-0.6799,-0.511,0,0,,0.0532,,,-1,,-0.6484
TCGA-D7-6520-01,,WT,,1441.8115,-1.5648,-0.065,0,0,,-1.233,,,0,,-1.8309
TCGA-D7-6521-01,,WT,,2136.9347,-0.7073,0.102,0,0,,0.0202,,,1,,-0.6788
TCGA-D7-6522-01,,WT,,1474.4797,-1.5245,0.005,0,0,,-1.1617,,,0,,-1.7653
TCGA-D7-6524-01,,WT,,1803.7579,-1.1183,0.024,0,0,,-0.5197,,,0,,-1.1751
TCGA-D7-6525-01,,WT,,1936.7577,-0.9542,-0.086,0,0,,-0.2931,,,0,,-0.9668
TCGA-D7-6526-01,,WT,,2042.9838,-0.8232,0.198,0,0,,-0.123,,,1,,-0.8105
TCGA-D7-6527-01,,WT,,1518.9267,-1.4696,-0.01,0,0,,-1.0671,,,0,,-1.6784
TCGA-D7-6528-01,,WT,,4634.5407,2.3735,0.157,0,0,,2.4866,,,1,,1.5886
TCGA-D7-6815-01,,WT,,3265.4112,0.6846,0.134,0,0,,1.371,,,1,,0.563
TCGA-D7-6817-01,,WT,,3781.5158,1.3213,-0.18,0,0,,1.8385,,,-1,,0.9928
TCGA-D7-6818-01,,WT,,2346.4396,-0.4489,-0.055,0,0,,0.3182,,,0,,-0.4049
TCGA-D7-6820-01,,WT,,1224.8401,-1.8324,-0.023,0,0,,-1.7524,,,0,,-2.3084
TCGA-D7-6822-01,,WT,,2029.6331,-0.8397,-0.221,0,0,,-0.1439,,,-1,,-0.8296
TCGA-D7-8570-01,,WT,,1711.4512,-1.2322,-0.018,0,0,,-0.687,,,0,,-1.3289
TCGA-D7-8572-01,,WT,,2536.0168,-0.2151,-0.001,0,0,,0.5657,,,0,,-0.1774
TCGA-D7-8573-01,,WT,,4140.7838,1.7644,-0.026,0,0,,2.1277,,,0,,1.2586
TCGA-D7-8574-01,,WT,,3265.4526,0.6847,0.009,0,0,,1.371,,,0,,0.563
TCGA-D7-8575-01,,WT,,3551.4109,1.0374,-0.11,0,0,,1.6385,,,-1,,0.8089
TCGA-D7-8576-01,,WT,,2505.21,-0.2531,-0.107,0,0,,0.5267,,,-1,,-0.2132
TCGA-D7-8578-01,,WT,,2398.1773,-0.3851,-0.014,0,0,,0.3876,,,0,,-0.341
TCGA-D7-8579-01,,WT,,1900.3665,-0.9991,0.034,0,0,,-0.3535,,,0,,-1.0224
TCGA-D7-A4YT-01,,WT,,2768.8104,0.0721,-0.089,0,0,,0.8454,,,0,,0.0798
TCGA-D7-A4YU-01,,WT,,5038.08,2.8712,-0.001,0,0,,2.7526,,,0,,1.8331
TCGA-D7-A4YV-01,,WT,,3791.3711,1.3334,0.051,0,0,,1.8468,,,0,,1.0004
TCGA-D7-A4YX-01,,WT,,3174.8833,0.573,-0.087,0,0,,1.2814,,,0,,0.4807
TCGA-D7-A4YY-01,,WT,,2661.7363,-0.06,-0.037,0,0,,0.7198,,,0,,-0.0357
TCGA-D7-A4Z0-01,,WT,,2166.4075,-0.671,0.055,0,0,,0.0639,,,0,,-0.6387
TCGA-D7-A6ET-01,,WT,,,,0.009,0,0,,,,,0,,
TCGA-D7-A6EV-01,,WT,,2388.8494,-0.3966,0.143,0,0,,0.3752,,,1,,-0.3524
TCGA-D7-A6EX-01,,WT,,2219.9135,-0.605,-0.291,0,0,,0.1416,,,-1,,-0.5672
TCGA-D7-A6EY-01,,WT,,2114.1114,-0.7355,0.021,0,0,,-0.014,,,0,,-0.7102
TCGA-D7-A6EZ-01,,WT,,3360.1998,0.8016,0.711,0,0,,1.4622,,,1,,0.6468
TCGA-D7-A6F0-01,,WT,,2314.9296,-0.4878,-0.264,0,0,,0.2751,,,-1,,-0.4445
TCGA-D7-A6F2-01,,WT,,2853.9609,0.1771,0.163,0,0,,0.9419,,,1,,0.1686
TCGA-D7-A747-01,,WT,,3632.4559,1.1374,0.044,0,0,,1.7104,,,0,,0.875
TCGA-D7-A748-01,,WT,,1803.3856,-1.1188,0.016,0,0,,-0.5203,,,0,,-1.1757
TCGA-D7-A74A-01,,WT,,5573.8537,3.5321,1.33,1,1,,3.0746,,,2,,2.1292
TCGA-D7-A74B-01,,WT,,,,-0.058,0,0,,,,,0,,
TCGA-D8-A13Y-01,,WT,,4993.54,2.5883,-0.319,0,0,,1.4874,0.3876,1.6061,-1,,1.7722
TCGA-D8-A13Z-01,,WT,,3401.89,0.8515,-0.03,0,0,,0.0958,,,0,,0.7981
TCGA-D8-A140-01,,WT,,3815.54,1.3029,0.0,0,0,,0.5118,,,0,,1.0893
TCGA-D8-A141-01,,WT,,2062.97,-0.6095,0.056,0,0,,-1.7174,,,0,,-0.4713
TCGA-D8-A142-01,,WT,,1961.22,-0.7205,0.136,0,0,,-1.9007,-0.1362,-0.1058,1,,-0.5996
TCGA-D8-A143-01,,WT,,2893.93,0.2972,0.12,0,0,,-0.4904,,,1,,0.3876
TCGA-D8-A145-01,,WT,,3320.02,0.7622,-0.061,0,0,,0.0075,,,0,,0.7362
TCGA-D8-A147-01,,WT,,5608.01,3.2588,0.274,0,0,,1.9081,,,1,,2.0668
TCGA-D8-A1J8-01,,WT,,4552.18,2.1067,0.0,0,0,,1.1518,,,0,,1.5373
TCGA-D8-A1J9-01,,WT,,2366.04,-0.2788,0.185,0,0,,-1.2205,,,1,,-0.1234
TCGA-D8-A1JA-01,,WT,,3482.39,0.9393,-0.106,0,0,,0.1806,,,-1,,0.8574
TCGA-D8-A1JB-01,,WT,,4899.51,2.4857,0.189,0,0,,1.4184,,,1,,1.7239
TCGA-D8-A1JC-01,,WT,,3464.29,0.9196,-0.134,0,0,,0.1617,,,-1,,0.8442
TCGA-D8-A1JD-01,,WT,,1697.48,-1.0083,-0.197,0,0,,-2.4241,,,-1,,-0.9661
TCGA-D8-A1JE-01,,WT,,4095.56,1.6084,-0.096,0,0,,0.7686,,,0,,1.269
TCGA-D8-A1JF-01,,WT,,4524.97,2.077,0.4,0,0,,1.1301,,,1,,1.5221
TCGA-D8-A1JG-01,,WT,,3904.28,1.3997,-0.024,0,0,,0.5952,,,0,,1.1476
TCGA-D8-A1JH-01,,WT,,3409.16,0.8594,0.03,0,0,,0.1036,,,0,,0.8035
TCGA-D8-A1JI-01,,WT,,3339.05,0.7829,-0.23,0,0,,0.0282,,,-1,,0.7507
TCGA-D8-A1JJ-01,,WT,,1813.07,-0.8822,-0.318,0,0,,-2.1854,,,-1,,-0.7989
TCGA-D8-A1JK-01,,WT,,2169.86,-0.4929,-0.029,0,0,,-1.5343,,,0,,-0.3431
TCGA-D8-A1JL-01,,WT,,2425.47,-0.214,-0.215,0,0,,-1.1306,,,-1,,-0.0605
TCGA-D8-A1JM-01,,WT,,3018.03,0.4326,-0.25,0,0,,-0.3382,,,-1,,0.4942
TCGA-D8-A1JN-01,,WT,,3075.32,0.4951,-0.078,0,0,,-0.27,,,0,,0.5419
TCGA-D8-A1JP-01,,WT,,5284.34,2.9056,0.556,0,0,,1.6926,,,1,,1.9159
TCGA-D8-A1JS-01,,WT,,1389.34,-1.3446,-0.008,0,0,,-3.1501,,,0,,-1.4743
TCGA-D8-A1JT-01,,WT,,1937.46,-0.7465,0.193,0,0,,-1.9449,,,1,,-0.6305
TCGA-D8-A1JU-01,,WT,,3044.36,0.4614,0.033,0,0,,-0.3067,,,0,,0.5162
TCGA-D8-A1X5-01,,R560W,,2404.28,-0.2371,-0.303,1,1,,-1.1624,,,-1,,-0.0828
TCGA-D8-A1X6-01,,WT,,2287.66,-0.3643,-0.001,0,0,,-1.3426,,,0,,-0.2089
TCGA-D8-A1X7-01,,WT,,3308.09,0.7491,0.065,0,0,,-0.0055,,,0,,0.7271
TCGA-D8-A1X8-01,,WT,,3933.48,1.4316,-0.028,0,0,,0.6222,,,0,,1.1665
TCGA-D8-A1X9-01,,WT,,3085.87,0.5067,-0.169,0,0,,-0.2576,,,-1,,0.5506
TCGA-D8-A1XA-01,,WT,,3112.37,0.5356,-0.273,0,0,,-0.2266,,,-1,,0.5723
TCGA-D8-A1XB-01,,WT,,2644.72,0.0253,-0.006,0,0,,-0.8169,,,0,,0.1591
TCGA-D8-A1XC-01,,WT,,3689.99,1.1659,0.028,0,0,,0.3905,,,0,,1.0044
TCGA-D8-A1XD-01,,WT,,3754.67,1.2364,-0.027,0,0,,0.4535,,,0,,1.0485
TCGA-D8-A1XF-01,,WT,,2797.59,0.1921,0.091,0,0,,-0.6132,,,0,,0.3017
TCGA-D8-A1XG-01,,WT,,3859.24,1.3506,-0.064,0,0,,0.5531,,,0,,1.1182
TCGA-D8-A1XJ-01,,WT,,2885.19,0.2877,-0.443,0,0,,-0.5014,,,-1,,0.38
TCGA-D8-A1XK-01,,WT,,4694.59,2.2621,-0.025,0,0,,1.2635,,,0,,1.6155
TCGA-D8-A1XL-01,,WT,,1708.62,-0.9962,0.045,0,0,,-2.4004,,,0,,-0.9495
TCGA-D8-A1XM-01,,WT,,3358.39,0.804,-0.032,0,0,,0.0492,,,0,,0.7654
TCGA-D8-A1XO-01,,WT,,3351.78,0.7968,-0.116,0,0,,0.042,,,-1,,0.7604
TCGA-D8-A1XQ-01,,L571P,,2420.04,-0.2199,0.155,1,1,,-1.1387,,,1,,-0.0662
TCGA-D8-A1XR-01,,WT,,2933.18,0.34,-0.099,0,0,,-0.4416,,,0,,0.4218
TCGA-D8-A1XS-01,,WT,,2790.31,0.1841,0.042,0,0,,-0.6226,,,0,,0.2951
TCGA-D8-A1XT-01,,WT,,2691.18,0.076,-0.033,0,0,,-0.7538,,,0,,0.2033
TCGA-D8-A1XU-01,,WT,,3260.82,0.6976,0.0,0,0,,-0.0577,,,0,,0.6906
TCGA-D8-A1XV-01,,WT,,3802.16,1.2883,-0.007,0,0,,0.4991,,,0,,1.0804
TCGA-D8-A1XW-01,,WT,,4330.15,1.8644,0.148,0,0,,0.9705,,,1,,1.4104
TCGA-D8-A1XY-01,,WT,,2094.51,-0.5751,0.0,0,0,,-1.6624,,,0,,-0.4328
TCGA-D8-A1XZ-01,,WT,,4815.53,2.394,-0.128,0,0,,1.3557,,,-1,,1.6801
TCGA-D8-A1Y0-01,,WT,,3256.81,0.6932,0.009,0,0,,-0.0622,,,0,,0.6874
TCGA-D8-A1Y1-01,,WT,,2638.34,0.0183,-0.069,0,0,,-0.8256,,,0,,0.153
TCGA-D8-A1Y2-01,,WT,,1582.54,-1.1338,0.061,0,0,,-2.6782,,,0,,-1.1439
TCGA-D8-A1Y3-01,,WT,,936.647,-1.8386,-0.365,0,0,,-4.5786,,,-1,,-2.4743
TCGA-D8-A27E-01,,WT,,3477.07,0.9335,-0.001,0,0,,0.1751,,,0,,0.8535
TCGA-D8-A27F-01,,WT,,3629.45,1.0998,-0.322,0,0,,0.3306,,,-1,,0.9624
TCGA-D8-A27G-01,,WT,,2347.04,-0.2995,-0.016,0,0,,-1.2497,,,0,,-0.1439
TCGA-D8-A27H-01,,WT,,2766.41,0.1581,0.377,0,0,,-0.6538,,,1,,0.2733
TCGA-D8-A27I-01,,WT,,2710.0,0.0965,0.012,0,0,,-0.7285,,,0,,0.221
TCGA-D8-A27K-01,,WT,,3223.38,0.6567,0.045,0,0,,-0.0996,,,0,,0.6613
TCGA-D8-A27L-01,,WT,,2712.43,0.0992,0.012,0,0,,-0.7252,,,0,,0.2233
TCGA-D8-A27M-01,,WT,,3121.0,0.545,-0.016,0,0,,-0.2166,,,0,,0.5793
TCGA-D8-A27N-01,,WT,,1395.02,-1.3384,-0.016,0,0,,-3.1353,,,0,,-1.4639
TCGA-D8-A27P-01,,WT,,3428.68,0.8807,0.009,0,0,,0.1243,,,0,,0.818
TCGA-D8-A27R-01,,WT,,2137.46,-0.5282,0.618,0,0,,-1.5888,,,1,,-0.3813
TCGA-D8-A27T-01,,WT,,2960.29,0.3696,-0.15,0,0,,-0.4082,,,-1,,0.4452
TCGA-D8-A27V-01,,R807Vfs*4,,3023.91,0.439,0.114,1,1,,-0.3312,,,1,,0.4991
TCGA-D8-A27W-01,,WT,,2833.37,0.2311,0.057,0,0,,-0.5671,,,0,,0.334
TCGA-D8-A3Z5-01,,WT,,1625.09,-1.0873,0.036,0,0,,-2.5821,,,0,,-1.0766
TCGA-D8-A3Z6-01,,WT,,1300.46,-1.4416,0.108,0,0,,-3.3897,,,1,,-1.642
TCGA-D8-A4Z1-01,,WT,,2320.5,-0.3285,0.009,0,0,,-1.291,,,0,,-0.1728
TCGA-D8-A73U-01,,WT,,1933.34,-0.751,-0.028,0,0,,-1.9526,,,0,,-0.6359
TCGA-D8-A73W-01,,WT,,2346.15,-0.3005,-0.043,0,0,,-1.2511,,,0,,-0.1449
TCGA-D8-A73X-01,,WT,,2135.82,-0.53,0.04,0,0,,-1.5916,,,0,,-0.3832
TCGA-D9-A148-06,,WT,,1267.0,-0.9657,-0.169,0,0,,,,,-1,,-0.551
TCGA-D9-A149-06,,WT,,1564.37,-0.648,-0.078,0,0,,,,,0,,-0.22
TCGA-D9-A1JW-06,,WT,,587.032,-1.6922,0.084,0,0,,,,,0,,-1.7585
TCGA-D9-A1JX-06,,WT,,2673.2,0.5368,-0.074,0,0,,,,,0,,0.6215
TCGA-D9-A1X3-01,,NP,,,,,0,0,NP,,,,NP,,
TCGA-D9-A1X3-06,,WT,,2995.18,0.8808,-0.167,0,0,,,,,-1,,0.8001
TCGA-D9-A3Z1-06,,WT,,1481.04,-0.737,0.002,0,0,,,,,0,,-0.306
TCGA-D9-A3Z3-06,,WT,,1237.64,-0.9971,-0.154,0,0,,,,,-1,,-0.5879
TCGA-D9-A3Z4-01,,WT,,2111.58,-0.0633,,0,0,,,,,NP,,0.2511
TCGA-D9-A4Z2-01,,WT,,2482.18,0.3327,,0,0,,,,,NP,,0.505
TCGA-D9-A4Z3-01,,WT,,2805.04,0.6777,,0,0,,,,,NP,,0.6971
TCGA-D9-A4Z5-01,,WT,,803.826,-1.4606,,0,0,,,,,NP,,-1.2653
TCGA-D9-A4Z6-01,,NP,,,,,0,0,NP,,,,NP,,
TCGA-D9-A4Z6-06,,WT,,2093.91,-0.0822,-0.287,0,0,,,,,-1,,0.2379
TCGA-D9-A6E9-06,,WT,,459.582,-1.8284,0.027,0,0,,,,,0,,-2.1423
TCGA-D9-A6EA-06,,WT,,1215.95,-1.0202,0.005,0,0,,,,,0,,-0.6156
TCGA-D9-A6EC-06,,WT,,1680.74,-0.5236,0.012,0,0,,,,,0,,-0.1073
TCGA-D9-A6EG-06,,WT,,2600.01,0.4586,-0.017,0,0,,,,,0,,0.5779
TCGA-DA-A1HV-06,,WT,,2521.7,0.3749,-0.074,0,0,,,,,0,,0.5298
TCGA-DA-A1HW-06,,WT,,3919.85,1.8688,-0.172,0,0,,,,,-1,,1.2227
TCGA-DA-A1HY-06,,WT,,2372.49,0.2155,-0.02,0,0,,,,,0,,0.434
TCGA-DA-A1I0-06,,WT,,159.558,-2.149,0.089,0,0,,,,,0,,-3.7982
TCGA-DA-A1I1-06,,WT,,2309.7,0.1484,-0.052,0,0,,,,,0,,0.3919
TCGA-DA-A1I2-06,,WT,,4880.08,2.8948,-0.088,0,0,,,,,0,,1.567
TCGA-DA-A1I4-06,,WT,,1652.52,-0.5538,-0.016,0,0,,,,,0,,-0.1339
TCGA-DA-A1I5-06,,WT,,1882.17,-0.3084,-0.126,0,0,,,,,-1,,0.0704
TCGA-DA-A1I7-06,,WT,,2737.09,0.6051,-0.001,0,0,,,,,0,,0.6586
TCGA-DA-A1I8-06,,WT,,2422.11,0.2685,-0.309,0,0,,,,,-1,,0.4665
TCGA-DA-A1IA-06,,WT,,238.142,-2.065,0.026,0,0,,,,,0,,-3.1722
TCGA-DA-A1IB-06,,WT,,2306.47,0.145,0.032,0,0,,,,,0,,0.3897
TCGA-DA-A1IC-06,,S1215L,,3849.18,1.7933,-0.003,1,1,,,,,0,,1.1942
TCGA-DA-A3F2-06,,NP,,366.466,-1.9279,0.006,0,0,NP,,,,0,,-2.4972
TCGA-DA-A3F3-06,,WT,,3199.94,1.0996,0.185,0,0,,,,,1,,0.904
TCGA-DA-A3F5-06,,WT,,2253.16,0.088,-0.021,0,0,,,,,0,,0.353
TCGA-DA-A3F8-06,,WT,,2287.0,0.1242,-0.007,0,0,,,,,0,,0.3764
TCGA-DA-A95V-06,,WT,,584.978,-1.6944,0.156,0,0,,,,,1,,-1.764
TCGA-DA-A95W-06,,WT,,2087.67,-0.0888,0.078,0,0,,,,,0,,0.2332
TCGA-DA-A95X-06,,WT,,2586.2,0.4439,-0.275,0,0,,,,,-1,,0.5695
TCGA-DA-A95Y-06,,WT,,588.529,-1.6906,-0.071,0,0,,,,,0,,-1.7545
TCGA-DA-A95Z-06,,WT,,1825.87,-0.3686,0.149,0,0,,,,,1,,0.0227
TCGA-DB-5270-01,,WT,,2099.56,-0.991,0.017,0,0,,,,,0,,-0.9487
TCGA-DB-5273-01,,WT,,3165.77,0.2592,0.022,0,0,,,,,0,,0.3575
TCGA-DB-5274-01,,WT,,2162.64,-0.917,-0.065,0,0,,,,,0,,-0.8545
TCGA-DB-5275-01,,WT,,2869.28,-0.0884,-0.128,0,0,,,,,-1,,0.0447
TCGA-DB-5276-01,,WT,,2903.37,-0.0484,-0.009,0,0,,,,,0,,0.0823
TCGA-DB-5277-01,,WT,,2368.2,-0.676,-0.68,0,0,,,,,-1,,-0.5658
TCGA-DB-5278-01,,WT,,2588.98,-0.4171,-0.043,0,0,,,,,0,,-0.2823
TCGA-DB-5279-01,,WT,,4771.03,2.1416,-0.222,0,0,,,,,-1,,1.6622
TCGA-DB-5280-01,,WT,,4173.35,1.4407,0.0,0,0,,,,,0,,1.2364
TCGA-DB-5281-01,,WT,,2742.73,-0.2368,0.236,0,0,,,,,1,,-0.0988
TCGA-DB-A4X9-01,,WT,,3049.03,0.1224,0.073,0,0,,,,,0,,0.238
TCGA-DB-A4XA-01,,WT,,2418.0,-0.6176,-0.076,0,0,,,,,0,,-0.4996
TCGA-DB-A4XB-01,,WT,,3405.7,0.5406,0.008,0,0,,,,,0,,0.5898
TCGA-DB-A4XC-01,,WT,,3242.5,0.3492,0.011,0,0,,,,,0,,0.4336
TCGA-DB-A4XD-01,,WT,,3932.12,1.1579,0.025,0,0,,,,,0,,1.047
TCGA-DB-A4XE-01,,WT,,2668.74,-0.3236,0.065,0,0,,,,,0,,-0.1858
TCGA-DB-A4XF-01,,WT,,3520.76,0.6755,-0.019,0,0,,,,,0,,0.6955
TCGA-DB-A4XG-01,,WT,,3961.41,1.1922,-0.079,0,0,,,,,0,,1.0706
TCGA-DB-A4XH-01,,WT,,3413.27,0.5495,-0.163,0,0,,,,,-1,,0.5969
TCGA-DB-A64L-01,,WT,,2678.59,-0.312,-0.068,0,0,,,,,0,,-0.174
TCGA-DB-A64O-01,,WT,,2377.56,-0.665,-0.07,0,0,,,,,0,,-0.5532
TCGA-DB-A64P-01,,WT,,3020.64,0.0891,-0.04,0,0,,,,,0,,0.2082
TCGA-DB-A64Q-01,,WT,,3258.58,0.3681,-0.035,0,0,,,,,0,,0.4494
TCGA-DB-A64R-01,,WT,,3331.88,0.454,-0.056,0,0,,,,,0,,0.5201
TCGA-DB-A64S-01,,WT,,2926.75,-0.021,0.009,0,0,,,,,0,,0.1078
TCGA-DB-A64U-01,,WT,,3204.83,0.3051,-0.046,0,0,,,,,0,,0.3965
TCGA-DB-A64V-01,,WT,,2282.08,-0.777,-0.019,0,0,,,,,0,,-0.6836
TCGA-DB-A64W-01,,WT,,3194.05,0.2924,-0.119,0,0,,,,,-1,,0.3858
TCGA-DB-A64X-01,,WT,,2564.12,-0.4462,-0.058,0,0,,,,,0,,-0.313
TCGA-DB-A75K-01,,WT,,2094.92,-0.9964,-0.058,0,0,,,,,0,,-0.9557
TCGA-DB-A75L-01,,WT,,2840.61,-0.122,-0.154,0,0,,,,,-1,,0.0128
TCGA-DB-A75M-01,,WT,,2551.4,-0.4612,0.019,0,0,,,,,0,,-0.3288
TCGA-DB-A75O-01,,WT,,2243.4,-0.8223,-0.05,0,0,,,,,0,,-0.7379
TCGA-DB-A75P-01,,WT,,1752.2,-1.3983,-0.016,0,0,,,,,0,,-1.5238
TCGA-DC-4745-01,,WT,,3153.28,0.442,0.125,0,0,,2.2452,,,1,,0.6794
TCGA-DC-4749-01,,WT,,2527.41,-0.1803,0.014,0,0,,0.8972,,,0,,0.1267
TCGA-DC-5337-01,,WT,,2990.32,0.28,-0.011,0,0,,1.9219,,,0,,0.5468
TCGA-DC-5869-01,,WT,,4904.97,2.1838,0.048,0,0,,4.9374,,,0,,1.7831
TCGA-DC-6154-01,,WT,,4302.29,1.5845,0.216,0,0,,4.1385,,,1,,1.4555
TCGA-DC-6155-01,,WT,,931.544,-1.7671,-0.134,0,0,,-5.1822,,,-1,,-2.3655
TCGA-DC-6156-01,,WT,,4918.56,2.1973,0.17,0,0,,4.9542,,,1,,1.79
TCGA-DC-6157-01,,WT,,3802.6,1.0877,0.007,0,0,,3.3861,,,0,,1.1471
TCGA-DC-6158-01,,WT,,5505.39,2.7808,-0.059,0,0,,5.6411,,,0,,2.0715
TCGA-DC-6160-01,,WT,,3463.33,0.7503,-0.118,0,0,,2.8167,,,-1,,0.9137
TCGA-DC-6681-01,,WT,,2435.0,-0.2722,-0.004,0,0,,0.6703,,,0,,0.0337
TCGA-DC-6682-01,,WT,,5248.63,2.5255,-0.038,0,0,,5.35,,,0,,1.9522
TCGA-DC-6683-01,,WT,,5925.07,3.1982,-0.006,0,0,,6.0888,,,0,,2.2551
TCGA-DD-A113-01,,WT,,1764.29,0.6745,-0.094,0,0,,0.8099,,,0,,0.516
TCGA-DD-A114-01,,WT,,3739.44,4.5519,0.161,0,0,,3.8447,,,1,,2.2121
TCGA-DD-A115-01,,WT,,1472.57,0.1018,-0.124,0,0,,0.0798,,,-1,,0.108
TCGA-DD-A116-01,,WT,,1073.02,-0.6826,-0.109,0,0,,-1.1985,,,-1,,-0.6064
TCGA-DD-A118-01,,WT,,1595.59,0.3433,-0.036,0,0,,0.4039,,,0,,0.2891
TCGA-DD-A119-01,,WT,,1014.91,-0.7967,0.073,0,0,,-1.4233,,,0,,-0.732
TCGA-DD-A11A-01,,WT,,2403.9,1.9301,0.334,0,0,,2.0595,,,1,,1.2144
TCGA-DD-A11B-01,,WT,,1898.5,0.9379,-0.143,0,0,,1.106,,,-1,,0.6815
TCGA-DD-A11C-01,,WT,,1959.51,1.0577,-0.053,0,0,,1.2338,,,0,,0.7529
TCGA-DD-A11D-01,,WT,,1189.67,-0.4536,0.092,0,0,,-0.7817,,,0,,-0.3735
TCGA-DD-A1E9-01,,WT,,,,0.081,0,0,,,,,0,,
TCGA-DD-A1EA-01,,WT,,3205.92,3.5046,0.084,0,0,,3.2227,,,0,,1.8645
TCGA-DD-A1EB-01,,WT,,1997.82,1.1329,-0.004,0,0,,1.312,,,0,,0.7967
TCGA-DD-A1EC-01,,WT,,1370.34,-0.0989,0.072,0,0,,-0.2108,,,0,,-0.0544
TCGA-DD-A1ED-01,,WT,,1723.61,0.5946,0.006,0,0,,0.7156,,,0,,0.4634
TCGA-DD-A1EE-01,,WT,,2368.34,1.8603,0.061,0,0,,1.9993,,,0,,1.1808
TCGA-DD-A1EF-01,,WT,,1367.72,-0.104,0.061,0,0,,-0.2185,,,0,,-0.0587
TCGA-DD-A1EG-01,,NP,,1021.47,-0.7838,-0.003,0,0,NP,-1.3973,,,0,,-0.7175
TCGA-DD-A1EH-01,,WT,,2157.58,1.4465,-0.081,0,0,,1.6228,,,0,,0.9703
TCGA-DD-A1EI-01,,WT,,1508.74,0.1728,-0.032,0,0,,0.1778,,,0,,0.1628
TCGA-DD-A1EJ-01,,WT,,1474.59,0.1058,-0.05,0,0,,0.0854,,,0,,0.1111
TCGA-DD-A1EK-01,,WT,,1348.95,-0.1409,-0.087,0,0,,-0.2743,,,0,,-0.0899
TCGA-DD-A1EL-01,,WT,,1868.94,0.8799,-0.086,0,0,,1.0426,,,0,,0.6461
TCGA-DD-A39V-01,,WT,,1234.75,-0.3651,0.642,0,0,,-0.6315,,,1,,-0.2895
TCGA-DD-A39W-01,,WT,,1918.0,0.9762,0.053,0,0,,1.1473,,,0,,0.7046
TCGA-DD-A39X-01,,WT,,734.561,-1.347,-0.05,0,0,,-2.7283,,,0,,-1.4614
TCGA-DD-A39Y-01,,WT,,691.485,-1.4316,0.022,0,0,,-2.9722,,,0,,-1.5977
TCGA-DD-A39Z-01,,WT,,807.658,-1.2035,0.019,0,0,,-2.3454,,,0,,-1.2474
TCGA-DD-A3A0-01,,NP,,,,-0.064,0,0,NP,,,,0,,
TCGA-DD-A3A1-01,,WT,,492.341,-1.8225,0.024,0,0,,-4.3427,,,0,,-2.3636
TCGA-DD-A3A2-01,,WT,,1197.28,-0.4386,0.029,0,0,,-0.756,,,0,,-0.3591
TCGA-DD-A3A3-01,,WT,,716.245,-1.383,0.131,0,0,,-2.8303,,,1,,-1.5183
TCGA-DD-A3A4-01,,WT,,2000.39,1.138,-0.041,0,0,,1.3172,,,0,,0.7996
TCGA-DD-A3A5-01,,WT,,950.216,-0.9237,0.005,0,0,,-1.6892,,,0,,-0.8806
TCGA-DD-A3A6-01,,WT,,823.944,-1.1715,0.003,0,0,,-2.2648,,,0,,-1.2023
TCGA-DD-A3A7-01,,WT,,686.211,-1.4419,0.188,0,0,,-3.0031,,,1,,-1.6149
TCGA-DD-A3A8-01,,WT,,1073.62,-0.6814,0.032,0,0,,-1.1962,,,0,,-0.6051
TCGA-DD-A3A9-01,,WT,,658.637,-1.4961,-0.066,0,0,,-3.1687,,,0,,-1.7074
TCGA-DD-A4NA-01,,WT,,2053.14,1.2415,-0.155,0,0,,1.4223,,,-1,,0.8583
TCGA-DD-A4NB-01,,WT,,1547.65,0.2492,-0.049,0,0,,0.2807,,,0,,0.2203
TCGA-DD-A4ND-01,,WT,,1576.9,0.3066,0.037,0,0,,0.3563,,,0,,0.2625
TCGA-DD-A4NE-01,,WT,,2500.58,2.1199,,0,0,,2.2188,,,NP,,1.3034
TCGA-DD-A4NF-01,,WT,,3603.15,4.2844,0.568,0,0,,3.6947,,,1,,2.1282
TCGA-DD-A4NG-01,,WT,,1990.31,1.1182,,0,0,,1.2968,,,NP,,0.7881
TCGA-DD-A4NH-01,,WT,,1099.49,-0.6306,-0.052,0,0,,-1.1001,,,0,,-0.5514
TCGA-DD-A4NI-01,,WT,,1511.36,0.1779,0.002,0,0,,0.1848,,,0,,0.1667
TCGA-DD-A4NJ-01,,WT,,2001.73,1.1406,-0.079,0,0,,1.3199,,,0,,0.8011
TCGA-DD-A4NK-01,,WT,,1130.58,-0.5696,0.113,0,0,,-0.9875,,,1,,-0.4884
TCGA-DD-A4NL-01,,WT,,1190.82,-0.4513,0.009,0,0,,-0.7778,,,0,,-0.3713
TCGA-DD-A4NN-01,,WT,,940.255,-0.9432,-0.082,0,0,,-1.7318,,,0,,-0.9044
TCGA-DD-A4NO-01,,WT,,1753.65,0.6536,-0.119,0,0,,0.7854,,,-1,,0.5024
TCGA-DD-A4NP-01,,WT,,1201.17,-0.431,0.026,0,0,,-0.7429,,,0,,-0.3518
TCGA-DD-A4NQ-01,,WT,,858.459,-1.1038,-0.007,0,0,,-2.0992,,,0,,-1.1098
TCGA-DD-A4NR-01,,WT,,889.009,-1.0438,0.06,0,0,,-1.958,,,0,,-1.0309
TCGA-DD-A4NS-01,,WT,,1647.91,0.446,0.016,0,0,,0.5342,,,0,,0.362
TCGA-DD-A4NV-01,,WT,,1995.65,1.1287,0.551,0,0,,1.3076,,,1,,0.7942
TCGA-DD-A73A-01,,WT,,1227.85,-0.3786,0.02,0,0,,-0.6542,,,0,,-0.3022
TCGA-DD-A73B-01,,WT,,1959.38,1.0575,-0.257,0,0,,1.2335,,,-1,,0.7528
TCGA-DD-A73C-01,,R137_Q140delinsK,,2201.2,1.5322,0.008,1,1,,1.7036,,,0,,1.0155
TCGA-DD-A73D-01,,WT,,1339.17,-0.1601,0.242,0,0,,-0.3037,,,1,,-0.1063
TCGA-DD-A73E-01,,WT,,1555.99,0.2656,0.054,0,0,,0.3024,,,0,,0.2324
TCGA-DD-A73F-01,,WT,,1298.81,-0.2393,-0.058,0,0,,-0.4273,,,0,,-0.1754
TCGA-DD-A73G-01,,WT,,381.032,-2.041,-0.222,0,0,,-5.3761,,,-1,,-2.9411
TCGA-DD-AA3A-01,,WT,,1710.77,0.5694,-0.038,0,0,,0.6854,,,0,,0.4465
TCGA-DD-AAC8-01,,WT,,2055.34,1.2458,-0.051,0,0,,1.4267,,,0,,0.8607
TCGA-DD-AAC9-01,,WT,,686.274,-1.4418,0.086,0,0,,-3.0028,,,0,,-1.6147
TCGA-DD-AACA-01,,WT,,2081.67,1.2975,0.0,0,0,,1.4781,,,0,,0.8895
TCGA-DD-AACB-01,,WT,,1354.1,-0.1308,0.06,0,0,,-0.2589,,,0,,-0.0813
TCGA-DD-AACC-01,,WT,,946.779,-0.9304,0.002,0,0,,-1.7038,,,0,,-0.8888
TCGA-DD-AACD-01,,WT,,1239.18,-0.3564,0.091,0,0,,-0.6171,,,0,,-0.2815
TCGA-DD-AACE-01,,WT,,1048.32,-0.7311,-0.048,0,0,,-1.2925,,,0,,-0.6589
TCGA-DD-AACF-01,,WT,,2034.77,1.2055,0.048,0,0,,1.386,,,0,,0.838
TCGA-DD-AACG-01,,WT,,1019.51,-0.7876,-0.151,0,0,,-1.405,,,-1,,-0.7218
TCGA-DD-AACH-01,,WT,,1616.29,0.3839,-0.075,0,0,,0.456,,,0,,0.3182
TCGA-DD-AACI-01,,WT,,1767.07,0.6799,1.4,0,0,,0.8162,,,1,,0.5196
TCGA-DD-AACJ-01,,WT,,675.209,-1.4635,0.264,0,0,,-3.0684,,,1,,-1.6514
TCGA-DD-AACK-01,,WT,,1361.24,-0.1168,0.015,0,0,,-0.2377,,,0,,-0.0694
TCGA-DD-AACL-01,,WT,,796.685,-1.2251,-0.051,0,0,,-2.4006,,,0,,-1.2782
TCGA-DD-AACM-01,,WT,,,,-0.022,0,0,,,,,0,,
TCGA-DD-AACN-01,,WT,,1578.04,0.3088,-0.119,0,0,,0.3592,,,-1,,0.2642
TCGA-DD-AACO-01,,WT,,859.728,-1.1013,-0.101,0,0,,-2.0932,,,-1,,-1.1064
TCGA-DD-AACP-01,,WT,,1340.88,-0.1567,0.038,0,0,,-0.2985,,,0,,-0.1034
TCGA-DD-AACQ-01,,WT,,984.679,-0.856,-0.071,0,0,,-1.5454,,,0,,-0.8002
TCGA-DD-AACS-01,,WT,,2755.18,2.6197,0.435,0,0,,2.6105,,,1,,1.5224
TCGA-DD-AACT-01,,WT,,799.9,-1.2187,0.18,0,0,,-2.3844,,,1,,-1.2691
TCGA-DD-AACU-01,,WT,,1632.85,0.4164,-0.279,0,0,,0.4971,,,-1,,0.3412
TCGA-DD-AACV-01,,WT,,2056.76,1.2486,-0.228,0,0,,1.4295,,,-1,,0.8623
TCGA-DD-AACW-01,,WT,,1171.12,-0.49,-0.13,0,0,,-0.8452,,,-1,,-0.4089
TCGA-DD-AACX-01,,WT,,1612.63,0.3767,-0.016,0,0,,0.4468,,,0,,0.3131
TCGA-DD-AACY-01,,WT,,1059.79,-0.7086,-0.201,0,0,,-1.2486,,,-1,,-0.6344
TCGA-DD-AACZ-01,,WT,,1944.26,1.0278,0.0,0,0,,1.2022,,,0,,0.7353
TCGA-DD-AAD0-01,,WT,,1004.21,-0.8177,-0.036,0,0,,-1.4661,,,0,,-0.7559
TCGA-DD-AAD1-01,,WT,,1682.51,0.5139,0.041,0,0,,0.6182,,,0,,0.4089
TCGA-DD-AAD2-01,,WT,,990.741,-0.8441,0.097,0,0,,-1.5206,,,0,,-0.7864
TCGA-DD-AAD3-01,,WT,,1505.92,0.1673,-0.053,0,0,,0.1703,,,0,,0.1586
TCGA-DD-AAD5-01,,WT,,543.046,-1.723,-0.507,0,0,,-3.9473,,,-1,,-2.1426
TCGA-DD-AAD6-01,,WT,,1315.66,-0.2062,-0.019,0,0,,-0.3752,,,0,,-0.1463
TCGA-DD-AAD8-01,,WT,,1885.35,0.9121,-0.267,0,0,,1.0779,,,-1,,0.6658
TCGA-DD-AADA-01,,WT,,1625.33,0.4017,0.005,0,0,,0.4785,,,0,,0.3308
TCGA-DD-AADB-01,,WT,,1234.34,-0.3659,-0.093,0,0,,-0.6329,,,0,,-0.2903
TCGA-DD-AADC-01,,WT,,1661.72,0.4731,-0.108,0,0,,0.5679,,,-1,,0.3808
TCGA-DD-AADD-01,,WT,,1582.03,0.3167,-0.004,0,0,,0.3694,,,0,,0.2699
TCGA-DD-AADE-01,,WT,,,,0.031,0,0,,,,,0,,
TCGA-DD-AADF-01,,WT,,1060.7,-0.7068,0.061,0,0,,-1.2451,,,0,,-0.6324
TCGA-DD-AADG-01,,WT,,1270.55,-0.2948,0.005,0,0,,-0.5161,,,0,,-0.225
TCGA-DD-AADI-01,,WT,,1253.27,-0.3287,-0.083,0,0,,-0.5714,,,0,,-0.2559
TCGA-DD-AADJ-01,,WT,,732.947,-1.3502,-0.048,0,0,,-2.7372,,,0,,-1.4663
TCGA-DD-AADK-01,,WT,,753.983,-1.3089,-0.042,0,0,,-2.623,,,0,,-1.4025
TCGA-DD-AADL-01,,WT,,1390.11,-0.0601,-0.179,0,0,,-0.1529,,,-1,,-0.022
TCGA-DD-AADM-01,,WT,,627.803,-1.5566,0.076,0,0,,-3.3621,,,0,,-1.8156
TCGA-DD-AADN-01,,WT,,462.963,-1.8802,0.102,0,0,,-4.5908,,,1,,-2.5023
TCGA-DD-AADO-01,,WT,,621.908,-1.5682,0.274,0,0,,-3.4002,,,1,,-1.8369
TCGA-DD-AADP-01,,WT,,2158.11,1.4476,-0.141,0,0,,1.6238,,,-1,,0.9709
TCGA-DD-AADQ-01,,WT,,1028.06,-0.7708,0.066,0,0,,-1.3713,,,0,,-0.703
TCGA-DD-AADR-01,,WT,,1214.83,-0.4042,-0.05,0,0,,-0.6972,,,0,,-0.3262
TCGA-DD-AADS-01,,WT,,545.692,-1.7178,0.036,0,0,,-3.9277,,,0,,-2.1316
TCGA-DD-AADU-01,,WT,,788.147,-1.2418,0.295,0,0,,-2.4441,,,1,,-1.3025
TCGA-DD-AADV-01,,WT,,2340.12,1.8049,-0.142,0,0,,1.9509,,,-1,,1.1537
TCGA-DD-AADW-01,,WT,,2062.23,1.2594,0.069,0,0,,1.4402,,,0,,0.8683
TCGA-DD-AADY-01,,WT,,3426.68,3.9379,-0.317,0,0,,3.4918,,,-1,,2.0149
TCGA-DD-AAE0-01,,P812S,,665.8,-1.482,0.007,1,1,,-3.125,,,0,,-1.6831
TCGA-DD-AAE1-01,,WT,,1085.35,-0.6584,-0.054,0,0,,-1.1523,,,0,,-0.5806
TCGA-DD-AAE2-01,,WT,,1541.01,0.2361,-0.132,0,0,,0.2633,,,-1,,0.2106
TCGA-DD-AAE3-01,,WT,,863.892,-1.0931,0.132,0,0,,-2.0737,,,1,,-1.0955
TCGA-DD-AAE4-01,,WT,,1035.81,-0.7556,-0.053,0,0,,-1.341,,,0,,-0.686
TCGA-DD-AAE6-01,,WT,,835.627,-1.1486,-0.025,0,0,,-2.208,,,0,,-1.1706
TCGA-DD-AAE7-01,,WT,,899.755,-1.0227,0.023,0,0,,-1.9095,,,0,,-1.0037
TCGA-DD-AAE8-01,,WT,,,,-0.081,0,0,,,,,0,,
TCGA-DD-AAE9-01,,WT,,1600.68,0.3533,0.171,0,0,,0.4168,,,1,,0.2963
TCGA-DD-AAEA-01,,WT,,721.079,-1.3735,0.061,0,0,,-2.8031,,,0,,-1.5032
TCGA-DD-AAEB-01,,WT,,1126.21,-0.5782,0.096,0,0,,-1.0031,,,0,,-0.4972
TCGA-DD-AAED-01,,WT,,2156.1,1.4436,-0.201,0,0,,1.62,,,-1,,0.9688
TCGA-DD-AAEE-01,,WT,,1530.85,0.2162,-0.104,0,0,,0.2366,,,-1,,0.1956
TCGA-DD-AAEG-01,,WT,,1051.98,-0.7239,0.056,0,0,,-1.2784,,,0,,-0.6511
TCGA-DD-AAEH-01,,WT,,2042.74,1.2211,1.05,0,0,,1.4018,,,1,,0.8468
TCGA-DD-AAEI-01,,WT,,1063.21,-0.7018,0.035,0,0,,-1.2355,,,0,,-0.6271
TCGA-DD-AAEK-01,,WT,,1230.73,-0.373,0.001,0,0,,-0.6447,,,0,,-0.2969
TCGA-DD-AAVP-01,,D279G,,1902.84,0.9465,1.34,1,1,,1.1152,,,1,,0.6867
TCGA-DD-AAVQ-01,,WT,,1232.72,-0.3691,0.525,0,0,,-0.6382,,,1,,-0.2932
TCGA-DD-AAVR-01,,WT,,1310.86,-0.2157,0.085,0,0,,-0.39,,,0,,-0.1545
TCGA-DD-AAVS-01,,WT,,1654.28,0.4585,-0.04,0,0,,0.5498,,,0,,0.3707
TCGA-DD-AAVU-01,,WT,,921.999,-0.9791,-0.343,0,0,,-1.8109,,,-1,,-0.9486
TCGA-DD-AAVV-01,,WT,,1868.95,0.8799,0.871,0,0,,1.0426,,,1,,0.6461
TCGA-DD-AAVW-01,,WT,,2024.99,1.1863,0.033,0,0,,1.3666,,,0,,0.8271
TCGA-DD-AAVX-01,,WT,,1169.72,-0.4927,0.101,0,0,,-0.85,,,1,,-0.4116
TCGA-DD-AAVY-01,,WT,,2536.53,2.1905,0.933,0,0,,2.2765,,,1,,1.3357
TCGA-DD-AAVZ-01,,WT,,1820.23,0.7843,-0.055,0,0,,0.936,,,0,,0.5865
TCGA-DD-AAW0-01,,WT,,1437.13,0.0322,-0.008,0,0,,-0.0186,,,0,,0.053
TCGA-DD-AAW1-01,,WT,,4248.8,5.5519,0.717,0,0,,4.3607,,,1,,2.5005
TCGA-DD-AAW2-01,,WT,,2670.35,2.4532,0.148,0,0,,2.4842,,,1,,1.4517
TCGA-DD-AAW3-01,,WT,,1092.28,-0.6448,0.039,0,0,,-1.1266,,,0,,-0.5662
TCGA-DE-A0XZ-01,,WT,,3191.2,0.6648,-0.008,0,0,,-0.0201,,,0,,0.6854
TCGA-DE-A0Y2-01,,WT,,3208.65,0.6906,0.001,0,0,,-0.0005,,,0,,0.7055
TCGA-DE-A0Y3-01,,WT,,3603.2,1.2728,-0.002,0,0,,0.4178,,,0,,1.1325
TCGA-DE-A2OL-01,,WT,,2979.02,0.3518,-0.001,0,0,,-0.2682,,,0,,0.4321
TCGA-DE-A3KN-01,,WT,,3034.0,0.4329,-0.016,0,0,,-0.2023,,,0,,0.4994
TCGA-DE-A4M8-01,,WT,,2711.1,-0.0436,-0.003,0,0,,-0.6081,,,0,,0.0851
TCGA-DE-A4M9-01,,WT,,2708.78,-0.047,0.003,0,0,,-0.6111,,,0,,0.0819
TCGA-DE-A4MA-01,,WT,,1061.92,-2.4771,0.006,0,0,,-3.9869,,,0,,-3.365
TCGA-DE-A4MB-01,,WT,,2314.76,-0.6284,0.032,0,0,,-1.1779,,,0,,-0.4968
TCGA-DE-A4MC-01,,WT,,3038.94,0.4402,0.033,0,0,,-0.1964,,,0,,0.5054
TCGA-DE-A4MD-01,,WT,,4089.16,1.9899,-0.006,0,0,,0.874,,,0,,1.5984
TCGA-DE-A69J-01,,WT,,3475.85,1.0849,0.003,0,0,,0.288,,,0,,1.0
TCGA-DE-A69K-01,,WT,,3160.12,0.619,0.0,0,0,,-0.0554,,,0,,0.6494
TCGA-DE-A7U5-01,,WT,,2368.37,-0.5493,0.005,0,0,,-1.0954,,,0,,-0.4125
TCGA-DF-A2KN-01,,WT,,1636.49,-0.5752,-0.002,0,0,,-2.4114,,,0,,-0.4149
TCGA-DF-A2KR-01,,WT,,2154.6,0.1088,-0.155,0,0,,-1.1433,,,-1,,0.2771
TCGA-DF-A2KS-01,,WT,,4057.7998,2.6214,0.749,0,0,,1.7758,,,1,,1.8701
TCGA-DF-A2KU-01,,E1246*,,892.682,-1.5572,0.0,1,1,,-5.2047,,,0,,-1.9394
TCGA-DF-A2KV-01,,E430* F1251L I741L,,1186.34,-1.1695,-0.001,1,1,,-3.8941,,,0,,-1.2241
TCGA-DF-A2KY-01,,NP,,911.227,-1.5327,-0.021,0,0,NP,-5.11,,,0,,-1.8877
TCGA-DF-A2KZ-01,,WT,,1289.52,-1.0333,0.021,0,0,,-3.5098,,,0,,-1.0144
TCGA-DF-A2L0-01,,WT,,650.097,-1.8774,0.146,0,0,,-6.6656,,,1,,-2.7366
TCGA-DG-A2KH-01,,WT,,2423.56,0.164,0.101,0,0,,,,,1,,0.2738
TCGA-DG-A2KJ-01,,WT,,1221.95,-1.2973,-0.033,0,0,,,,,0,,-1.4976
TCGA-DG-A2KK-01,,WT,,2094.38,-0.2363,-0.055,0,0,,,,,0,,-0.1039
TCGA-DG-A2KL-01,,WT,,4138.59,2.2497,0.075,0,0,,,,,0,,1.6584
TCGA-DG-A2KM-01,,WT,,2008.74,-0.3405,-0.005,0,0,,,,,0,,-0.2119
TCGA-DH-5140-01,,WT,,3429.68,0.5687,-0.145,0,0,,,,,-1,,0.6122
TCGA-DH-5141-01,,WT,,2856.61,-0.1033,-0.041,0,0,,,,,0,,0.0306
TCGA-DH-5142-01,,WT,,2419.42,-0.6159,-0.097,0,0,,,,,0,,-0.4977
TCGA-DH-5143-01,,WT,,3298.44,0.4148,0.011,0,0,,,,,0,,0.4881
TCGA-DH-5144-01,,WT,,4421.74,1.732,-0.058,0,0,,,,,0,,1.4203
TCGA-DH-A669-01,,WT,,4274.87,1.5598,-0.075,0,0,,,,,0,,1.3129
TCGA-DH-A66B-01,,WT,,2130.82,-0.9543,-0.142,0,0,,,,,-1,,-0.9017
TCGA-DH-A66D-01,,WT,,2676.31,-0.3147,-0.076,0,0,,,,,0,,-0.1768
TCGA-DH-A66F-01,,WT,,3083.77,0.1631,-0.051,0,0,,,,,0,,0.274
TCGA-DH-A66G-01,,WT,,2406.09,-0.6315,-0.155,0,0,,,,,-1,,-0.5153
TCGA-DH-A7UR-01,,WT,,2619.67,-0.3811,-0.055,0,0,,,,,0,,-0.2448
TCGA-DH-A7US-01,,WT,,2318.81,-0.7339,-0.037,0,0,,,,,0,,-0.6328
TCGA-DH-A7UT-01,,WT,,2224.15,-0.8449,0.013,0,0,,,,,0,,-0.7653
TCGA-DH-A7UU-01,,WT,,3803.56,1.0071,-0.022,0,0,,,,,0,,0.9413
TCGA-DH-A7UV-01,,WT,,2602.9,-0.4008,0.0,0,0,,,,,0,,-0.2652
TCGA-DI-A0WH-01,,WT,,2131.0981,0.0778,0.043,0,0,,-1.1938,,,0,,0.2495
TCGA-DI-A1BU-01,,F466S G32E I978T V650A,,1892.22,-0.2376,-0.004,1,1,,-1.742,,,0,,-0.0496
TCGA-DI-A1BY-01,,WT,,1908.5128,-0.2161,0.0,0,0,,-1.7024,,,0,,-0.0281
TCGA-DI-A1C3-01,,WT,,1787.47,-0.3759,0.031,0,0,,-2.0045,,,0,,-0.1929
TCGA-DI-A1NN-01,,WT,,2395.7914,0.4272,0.042,0,0,,-0.654,,,0,,0.5441
TCGA-DI-A1NO-01,,WT,,1728.1279,-0.4542,-0.2,0,0,,-2.1602,,,-1,,-0.2779
TCGA-DI-A2QT-01,,WT,,1092.64,-1.2932,0.14,0,0,,-4.2733,,,1,,-1.4311
TCGA-DI-A2QU-01,,WT,,1922.8656,-0.1971,0.122,0,0,,-1.6679,,,1,,-0.0092
TCGA-DI-A2QY-01,,WT,,1578.44,-0.6518,0.135,0,0,,-2.5779,,,1,,-0.5058
TCGA-DJ-A13L-01,,WT,,2656.43,-0.1243,-0.002,0,0,,-0.6815,,,0,,0.0101
TCGA-DJ-A13M-01,,WT,,1820.88,-1.3572,-0.003,0,0,,-2.0432,,,0,,-1.3803
TCGA-DJ-A13O-01,,WT,,2230.18,-0.7532,0.002,0,0,,-1.3121,,,0,,-0.6338
TCGA-DJ-A13P-01,,WT,,3730.19,1.4602,-0.036,0,0,,0.5427,,,0,,1.26
TCGA-DJ-A13R-01,,WT,,2572.63,-0.2479,0.002,0,0,,-0.7971,,,0,,-0.1079
TCGA-DJ-A13S-01,,WT,,2861.79,0.1788,-0.001,0,0,,-0.413,,,0,,0.2843
TCGA-DJ-A13T-01,,WT,,4294.43,2.2928,-0.008,0,0,,1.0506,,,0,,1.7787
TCGA-DJ-A13U-01,,WT,,3597.88,1.2649,0.023,0,0,,0.4124,,,0,,1.1271
TCGA-DJ-A13V-01,,WT,,3168.23,0.631,0.0,0,0,,-0.0462,,,0,,0.6588
TCGA-DJ-A13W-01,,WT,,2517.66,-0.329,0.001,0,0,,-0.875,,,0,,-0.1874
TCGA-DJ-A13X-01,,WT,,3917.81,1.737,0.0,0,0,,0.7196,,,0,,1.4407
TCGA-DJ-A1QD-01,,WT,,3488.35,1.1033,0.0,0,0,,0.3009,,,0,,1.0132
TCGA-DJ-A1QE-01,,WT,,3206.67,0.6877,0.006,0,0,,-0.0027,,,0,,0.7032
TCGA-DJ-A1QF-01,,WT,,3879.53,1.6805,0.001,0,0,,0.6842,,,0,,1.4046
TCGA-DJ-A1QG-01,,WT,,3561.11,1.2107,0.0,0,0,,0.3754,,,0,,1.0892
TCGA-DJ-A1QH-01,,WT,,3302.55,0.8292,0.0,0,0,,0.1036,,,0,,0.8117
TCGA-DJ-A1QI-01,,WT,,4014.49,1.8797,0.001,0,0,,0.8075,,,0,,1.5305
TCGA-DJ-A1QL-01,,WT,,1970.98,-1.1357,0.007,0,0,,-1.7576,,,0,,-1.0887
TCGA-DJ-A1QM-01,,WT,,2708.7,-0.0471,0.016,0,0,,-0.6112,,,0,,0.0818
TCGA-DJ-A1QN-01,,WT,,3384.07,0.9494,-0.024,0,0,,0.1915,,,0,,0.9015
TCGA-DJ-A1QO-01,,WT,,2125.82,-0.9072,0.004,0,0,,-1.4849,,,0,,-0.8103
TCGA-DJ-A1QQ-01,,WT,,3492.21,1.109,0.008,0,0,,0.3049,,,0,,1.0173
TCGA-DJ-A2PN-01,,WT,,3096.58,0.5252,0.0,0,0,,-0.1287,,,0,,0.5746
TCGA-DJ-A2PO-01,,WT,,3461.36,1.0635,0.005,0,0,,0.2729,,,0,,0.9846
TCGA-DJ-A2PP-01,,WT,,3617.91,1.2945,0.009,0,0,,0.4324,,,0,,1.1475
TCGA-DJ-A2PQ-01,,WT,,4001.66,1.8608,-0.014,0,0,,0.796,,,0,,1.5187
TCGA-DJ-A2PR-01,,WT,,3688.56,1.3987,0.003,0,0,,0.5022,,,0,,1.2187
TCGA-DJ-A2PS-01,,WT,,4317.07,2.3262,-0.003,0,0,,1.0696,,,0,,1.7981
TCGA-DJ-A2PT-01,,WT,,1576.44,-1.7179,-0.002,0,0,,-2.5629,,,0,,-1.9109
TCGA-DJ-A2PU-01,,WT,,3308.72,0.8383,0.006,0,0,,0.1103,,,0,,0.8186
TCGA-DJ-A2PV-01,,WT,,3576.91,1.234,0.018,0,0,,0.3913,,,0,,1.1055
TCGA-DJ-A2PW-01,,WT,,2813.38,0.1073,0.02,0,0,,-0.4745,,,0,,0.2214
TCGA-DJ-A2PX-01,,WT,,3463.98,1.0674,0.001,0,0,,0.2757,,,0,,0.9874
TCGA-DJ-A2PY-01,,WT,,3718.17,1.4424,-0.001,0,0,,0.531,,,0,,1.2482
TCGA-DJ-A2PZ-01,,WT,,3351.69,0.9017,-0.004,0,0,,0.1568,,,0,,0.8661
TCGA-DJ-A2Q0-01,,WT,,3168.36,0.6311,-0.045,0,0,,-0.046,,,0,,0.659
TCGA-DJ-A2Q1-01,,WT,,1785.04,-1.4101,0.001,0,0,,-2.1149,,,0,,-1.4535
TCGA-DJ-A2Q2-01,,WT,,3648.05,1.339,-0.004,0,0,,0.4624,,,0,,1.1781
TCGA-DJ-A2Q3-01,,WT,,3486.51,1.1006,0.0,0,0,,0.299,,,0,,1.0113
TCGA-DJ-A2Q4-01,,WT,,3131.6,0.5769,0.004,0,0,,-0.0881,,,0,,0.616
TCGA-DJ-A2Q5-01,,WT,,3174.48,0.6402,-0.004,0,0,,-0.0391,,,0,,0.6661
TCGA-DJ-A2Q6-01,,WT,,3749.86,1.4892,-0.003,0,0,,0.5616,,,0,,1.2794
TCGA-DJ-A2Q7-01,,WT,,3062.8,0.4754,-0.004,0,0,,-0.1682,,,0,,0.5342
TCGA-DJ-A2Q8-01,,WT,,,,0.0,0,0,,,,,0,,
TCGA-DJ-A2Q9-01,,WT,,2861.51,0.1784,0.002,0,0,,-0.4133,,,0,,0.2839
TCGA-DJ-A2QA-01,,WT,,1348.81,-2.0538,0.0,0,0,,-3.125,,,0,,-2.4849
TCGA-DJ-A2QB-01,,WT,,3026.43,0.4217,-0.005,0,0,,-0.2113,,,0,,0.4902
TCGA-DJ-A2QC-01,,WT,,1702.0,-1.5326,-0.001,0,0,,-2.2866,,,0,,-1.6288
TCGA-DJ-A3UK-01,,WT,,3048.18,0.4538,-0.004,0,0,,-0.1855,,,0,,0.5166
TCGA-DJ-A3UM-01,,WT,,2823.11,0.1217,0.001,0,0,,-0.4621,,,0,,0.2342
TCGA-DJ-A3UN-01,,WT,,2988.82,0.3662,-0.011,0,0,,-0.2564,,,0,,0.4442
TCGA-DJ-A3UO-01,,WT,,2736.04,-0.0068,-0.01,0,0,,-0.575,,,0,,0.1188
TCGA-DJ-A3UP-01,,WT,,3348.1,0.8964,-0.006,0,0,,0.153,,,0,,0.8621
TCGA-DJ-A3UQ-01,,WT,,2724.7,-0.0235,0.003,0,0,,-0.59,,,0,,0.1035
TCGA-DJ-A3UR-01,,WT,,2899.21,0.234,-0.001,0,0,,-0.3662,,,0,,0.3321
TCGA-DJ-A3US-01,,WT,,2613.57,-0.1875,-0.002,0,0,,-0.7402,,,0,,-0.0498
TCGA-DJ-A3UT-01,,WT,,2309.88,-0.6356,-0.001,0,0,,-1.1855,,,0,,-0.5046
TCGA-DJ-A3UU-01,,WT,,3227.22,0.718,0.0,0,0,,0.0204,,,0,,0.7267
TCGA-DJ-A3UW-01,,WT,,2285.84,-0.6711,0.001,0,0,,-1.2233,,,0,,-0.5431
TCGA-DJ-A3UX-01,,WT,,3370.65,0.9296,-0.003,0,0,,0.1772,,,0,,0.8868
TCGA-DJ-A3UY-01,,WT,,2865.49,0.1842,0.001,0,0,,-0.4083,,,0,,0.289
TCGA-DJ-A3UZ-01,,WT,,2882.87,0.2099,0.0,0,0,,-0.3865,,,0,,0.3113
TCGA-DJ-A3V0-01,,WT,,2092.28,-0.9567,0.0,0,0,,-1.5423,,,0,,-0.8688
TCGA-DJ-A3V2-01,,WT,,2708.47,-0.0475,0.0,0,0,,-0.6116,,,0,,0.0815
TCGA-DJ-A3V3-01,,WT,,2197.46,-0.8015,0.0,0,0,,-1.3654,,,0,,-0.6883
TCGA-DJ-A3V4-01,,WT,,3225.81,0.7159,0.0,0,0,,0.0188,,,0,,0.7251
TCGA-DJ-A3V5-01,,WT,,2937.51,0.2905,0.003,0,0,,-0.3188,,,0,,0.3804
TCGA-DJ-A3V7-01,,WT,,2359.08,-0.563,0.002,0,0,,-1.1096,,,0,,-0.427
TCGA-DJ-A3V8-01,,WT,,2670.1,-0.1041,0.003,0,0,,-0.663,,,0,,0.029
TCGA-DJ-A3V9-01,,WT,,2443.16,-0.439,0.004,0,0,,-0.9833,,,0,,-0.298
TCGA-DJ-A3VA-01,,WT,,2815.19,0.11,0.002,0,0,,-0.4722,,,0,,0.2238
TCGA-DJ-A3VB-01,,WT,,2084.64,-0.968,-0.003,0,0,,-1.5555,,,0,,-0.8823
TCGA-DJ-A3VD-01,,WT,,2626.11,-0.169,0.005,0,0,,-0.7229,,,0,,-0.0322
TCGA-DJ-A3VE-01,,WT,,2969.65,0.3379,0.01,0,0,,-0.2796,,,0,,0.4205
TCGA-DJ-A3VF-01,,WT,,2586.98,-0.2267,0.0,0,0,,-0.777,,,0,,-0.0874
TCGA-DJ-A3VG-01,,WT,,2506.72,-0.3452,0.008,0,0,,-0.8907,,,0,,-0.2035
TCGA-DJ-A3VI-01,,WT,,2361.27,-0.5598,-0.003,0,0,,-1.1062,,,0,,-0.4236
TCGA-DJ-A3VJ-01,,WT,,2060.37,-1.0038,0.007,0,0,,-1.5977,,,0,,-0.9254
TCGA-DJ-A3VK-01,,WT,,3002.05,0.3857,0.002,0,0,,-0.2405,,,0,,0.4604
TCGA-DJ-A3VL-01,,WT,,2296.5,-0.6554,0.011,0,0,,-1.2065,,,0,,-0.526
TCGA-DJ-A3VM-01,,WT,,2709.22,-0.0464,-0.005,0,0,,-0.6106,,,0,,0.0825
TCGA-DJ-A4UL-01,,WT,,1839.55,-1.3296,0.005,0,0,,-2.0064,,,0,,-1.3427
TCGA-DJ-A4UP-01,,WT,,2512.64,-0.3364,0.001,0,0,,-0.8822,,,0,,-0.1948
TCGA-DJ-A4UQ-01,,WT,,2846.57,0.1563,0.004,0,0,,-0.4322,,,0,,0.2646
TCGA-DJ-A4UR-01,,WT,,2509.68,-0.3408,-0.033,0,0,,-0.8864,,,0,,-0.1991
TCGA-DJ-A4UT-01,,WT,,2192.13,-0.8094,0.005,0,0,,-1.3742,,,0,,-0.6972
TCGA-DJ-A4UW-01,,WT,,2800.34,0.0881,0.005,0,0,,-0.4913,,,0,,0.2043
TCGA-DJ-A4V0-01,,WT,,2995.22,0.3757,0.004,0,0,,-0.2487,,,0,,0.452
TCGA-DJ-A4V2-01,,WT,,2671.16,-0.1025,0.007,0,0,,-0.6616,,,0,,0.0304
TCGA-DJ-A4V4-01,,WT,,2564.1,-0.2605,0.004,0,0,,-0.8091,,,0,,-0.1202
TCGA-DJ-A4V5-01,,WT,,2101.58,-0.943,0.004,0,0,,-1.5263,,,0,,-0.8525
TCGA-DK-A1A3-01,,WT,,1878.96,0.0545,0.025,0,0,,-0.3112,,,0,,0.2278
TCGA-DK-A1A5-01,,WT,,4196.76,2.7898,0.174,0,0,,2.1432,,,1,,1.4317
TCGA-DK-A1A6-01,,WT,,3095.31,1.4899,0.11,0,0,,1.2134,,,1,,0.9756
TCGA-DK-A1A7-01,,WT,,1679.0,-0.1815,-0.035,0,0,,-0.6547,,,0,,0.0593
TCGA-DK-A1AA-01,,K917*,,448.429,-1.6337,-0.065,1,1,,-4.6835,,,0,,-1.9167
TCGA-DK-A1AB-01,,WT,,2456.76,0.7364,-0.129,0,0,,0.5077,,,-1,,0.6295
TCGA-DK-A1AC-01,,WT,,1883.09,0.0594,-0.287,0,0,,-0.3044,,,-1,,0.2311
TCGA-DK-A1AD-01,,WT,,3129.48,1.5303,-0.038,0,0,,1.2469,,,0,,0.992
TCGA-DK-A1AE-01,,WT,,2972.69,1.3452,0.103,0,0,,1.0899,,,1,,0.915
TCGA-DK-A1AF-01,,R216*,,1717.06,-0.1366,-0.014,1,1,,-0.5863,,,0,,0.0929
TCGA-DK-A1AG-01,,WT,,1994.67,0.1911,-0.054,0,0,,-0.1287,,,0,,0.3174
TCGA-DK-A2HX-01,,WT,,1905.92,0.0863,-0.074,0,0,,-0.2676,,,0,,0.2492
TCGA-DK-A2I1-01,,WT,,2117.89,0.3365,0.021,0,0,,0.0544,,,0,,0.4071
TCGA-DK-A2I2-01,,WT,,1864.88,0.0379,-0.028,0,0,,-0.3341,,,0,,0.2166
TCGA-DK-A2I4-01,,WT,,2509.68,0.7988,0.009,0,0,,0.5728,,,0,,0.6614
TCGA-DK-A2I6-01,,WT,,1839.94,0.0085,0.163,0,0,,-0.3752,,,1,,0.1964
TCGA-DK-A3IK-01,,WT,,2040.94,0.2457,-0.034,0,0,,-0.0586,,,0,,0.3517
TCGA-DK-A3IL-01,,WT,,1787.8,-0.0531,-0.025,0,0,,-0.463,,,0,,0.1534
TCGA-DK-A3IM-01,,WT,,3560.42,2.0388,0.178,0,0,,1.641,,,1,,1.1853
TCGA-DK-A3IN-01,,WT,,2376.07,0.6412,0.0,0,0,,0.4057,,,0,,0.5794
TCGA-DK-A3IQ-01,,WT,,1842.05,0.0109,-0.074,0,0,,-0.3717,,,0,,0.1981
TCGA-DK-A3IS-01,,Q593*,,499.703,-1.5732,-0.105,1,1,,-4.3534,,,-1,,-1.7548
TCGA-DK-A3IT-01,,WT,,2117.11,0.3356,-0.112,0,0,,0.0533,,,-1,,0.4066
TCGA-DK-A3IU-01,,WT,,1502.5,-0.3898,0.072,0,0,,-0.9939,,,0,,-0.107
TCGA-DK-A3IV-01,,WT,,2344.64,0.6041,-0.113,0,0,,0.365,,,-1,,0.5595
TCGA-DK-A3WW-01,,WT,,1673.62,-0.1878,-0.002,0,0,,-0.6645,,,0,,0.0545
TCGA-DK-A3WX-01,,WT,,2211.74,0.4472,0.025,0,0,,0.1868,,,0,,0.4721
TCGA-DK-A3WY-01,,WT,,2145.18,0.3687,0.004,0,0,,0.0935,,,0,,0.4263
TCGA-DK-A3X1-01,,WT,,2587.91,0.8911,-0.006,0,0,,0.6665,,,0,,0.7074
TCGA-DK-A3X2-01,,D101Lfs*8,,2520.07,0.8111,0.011,1,1,,0.5854,,,0,,0.6676
TCGA-DK-A6AV-01,,WT,,2637.52,0.9497,-0.032,0,0,,0.7245,,,0,,0.7358
TCGA-DK-A6AW-01,,W495*,,430.788,-1.6545,-0.017,1,1,,-4.8058,,,0,,-1.9767
TCGA-DK-A6B0-01,,WT,,310.698,-1.7962,0.004,0,0,,-5.8016,,,0,,-2.4651
TCGA-DK-A6B1-01,,WT,,4100.34,2.676,0.768,0,0,,2.0722,,,1,,1.3968
TCGA-DK-A6B2-01,,WT,,2430.07,0.7049,0.053,0,0,,0.4743,,,0,,0.6131
TCGA-DK-A6B5-01,,WT,,2135.41,0.3571,-0.298,0,0,,0.0796,,,-1,,0.4195
TCGA-DK-A6B6-01,,WT,,2446.86,0.7247,-0.011,0,0,,0.4954,,,0,,0.6234
TCGA-DK-AA6L-01,,WT,,1610.73,-0.262,0.411,0,0,,-0.7815,,,1,,-0.0029
TCGA-DK-AA6M-01,,WT,,1057.57,-0.9148,0.0,0,0,,-2.0659,,,0,,-0.6329
TCGA-DK-AA6P-01,,WT,,2217.19,0.4537,0.0,0,0,,0.1943,,,0,,0.4758
TCGA-DK-AA6Q-01,,WT,,1813.03,-0.0233,-0.177,0,0,,-0.4202,,,-1,,0.1743
TCGA-DK-AA6R-01,,WT,,3464.89,1.9261,-0.023,0,0,,1.5579,,,0,,1.1446
TCGA-DK-AA6S-01,,WT,,1740.26,-0.1092,-0.076,0,0,,-0.5453,,,0,,0.113
TCGA-DK-AA6T-01,,WT,,1461.81,-0.4378,-0.112,0,0,,-1.0777,,,-1,,-0.1481
TCGA-DK-AA6U-01,,WT,,2197.87,0.4309,-0.091,0,0,,0.1676,,,0,,0.4627
TCGA-DK-AA6W-01,,WT,,1891.62,0.0694,-0.213,0,0,,-0.2906,,,-1,,0.2379
TCGA-DK-AA6X-01,,WT,,2385.4,0.6522,-0.02,0,0,,0.4177,,,0,,0.5853
TCGA-DK-AA71-01,,K870Ifs*21 R216*,,224.845,-1.8975,-0.518,1,1,,-6.786,,,-1,,-2.9479
TCGA-DK-AA74-01,,WT,,856.754,-1.1518,0.025,0,0,,-2.7087,,,0,,-0.9481
TCGA-DK-AA75-01,,WT,,2073.97,0.2846,-0.031,0,0,,-0.0096,,,0,,0.3757
TCGA-DK-AA76-01,,WT,,2358.48,0.6204,-0.105,0,0,,0.383,,,-1,,0.5683
TCGA-DK-AA77-01,,WT,,2321.03,0.5762,-0.093,0,0,,0.3341,,,0,,0.5443
TCGA-DM-A0X9-01,,WT,,3166.4,0.7563,0.138,0,0,,2.2705,,,1,,0.6898
TCGA-DM-A0XD-01,,WT,,3243.61,0.8364,0.248,0,0,,2.4173,,,1,,0.7499
TCGA-DM-A0XF-01,,WT,,2802.97,0.3793,-0.025,0,0,,1.5277,,,0,,0.3852
TCGA-DM-A1D0-01,,WT,,1678.21,-0.7874,-0.035,0,0,,-1.5973,,,0,,-0.8959
TCGA-DM-A1D4-01,,WT,,1740.32,-0.723,-0.023,0,0,,-1.3759,,,0,,-0.8051
TCGA-DM-A1D6-01,,WT,,2203.59,-0.2424,-0.132,0,0,,0.0619,,,-1,,-0.2157
TCGA-DM-A1D7-01,,WT,,1592.15,-0.8767,-0.045,0,0,,-1.918,,,0,,-1.0274
TCGA-DM-A1D8-01,,WT,,1918.73,-0.5379,0.017,0,0,,-0.7814,,,0,,-0.5614
TCGA-DM-A1D9-01,,WT,,1886.76,-0.5711,-0.174,0,0,,-0.8838,,,-1,,-0.6034
TCGA-DM-A1DA-01,,WT,,2659.56,0.2306,0.238,0,0,,1.2077,,,1,,0.254
TCGA-DM-A1DB-01,,WT,,6909.82,4.6396,-0.074,0,0,,7.0257,,,0,,2.6392
TCGA-DM-A1HA-01,,WT,,2282.29,-0.1608,-0.142,0,0,,0.2757,,,-1,,-0.1281
TCGA-DM-A1HB-01,,WT,,1833.17,-0.6267,-0.015,0,0,,-1.0593,,,0,,-0.6753
TCGA-DM-A280-01,,WT,,1636.65,-0.8305,0.04,0,0,,-1.75,,,0,,-0.9585
TCGA-DM-A282-01,,WT,,3132.74,0.7214,-0.013,0,0,,2.2054,,,0,,0.6631
TCGA-DM-A285-01,,WT,,3568.16,1.1731,0.391,0,0,,2.9984,,,1,,0.9882
TCGA-DM-A288-01,,WT,,2643.15,0.2136,0.03,0,0,,1.17,,,0,,0.2386
TCGA-DM-A28A-01,,WT,,2164.63,-0.2828,-0.137,0,0,,-0.0468,,,-1,,-0.2603
TCGA-DM-A28C-01,,WT,,2093.16,-0.357,0.056,0,0,,-0.2513,,,0,,-0.3441
TCGA-DM-A28E-01,,WT,,2031.43,-0.421,-0.004,0,0,,-0.4337,,,0,,-0.4189
TCGA-DM-A28F-01,,WT,,3335.83,0.9321,0.187,0,0,,2.5881,,,1,,0.82
TCGA-DM-A28G-01,,WT,,1916.97,-0.5397,0.007,0,0,,-0.787,,,0,,-0.5637
TCGA-DM-A28H-01,,WT,,4788.54,2.4391,-0.016,0,0,,4.791,,,0,,1.723
TCGA-DM-A28K-01,,WT,,1630.19,-0.8372,0.143,0,0,,-1.7741,,,1,,-0.9684
TCGA-DM-A28M-01,,WT,,2097.09,-0.3529,0.118,0,0,,-0.2399,,,1,,-0.3394
TCGA-DO-A1JZ-01,,WT,,3419.08,1.0011,0.002,0,0,,0.2286,,,0,,0.9394
TCGA-DO-A1K0-01,,WT,,4170.3,2.1096,0.0,0,0,,0.9449,,,0,,1.6707
TCGA-DO-A2HM-01,,WT,,2497.73,-0.3584,0.004,0,0,,-0.9036,,,0,,-0.2167
TCGA-DQ-5624-01,,WT,,2212.47,-0.0803,0.0,0,0,,0.3225,,,0,,-0.0465
TCGA-DQ-5625-01,,WT,,3748.22,1.7317,0.362,0,0,,2.323,,,1,,1.1915
TCGA-DQ-5629-01,,WT,,3495.9,1.434,0.337,0,0,,2.0585,,,1,,1.0278
TCGA-DQ-5630-01,,WT,,1974.54,-0.361,-0.007,0,0,,-0.1091,,,0,,-0.3136
TCGA-DQ-5631-01,,WT,,4289.01,2.3697,0.23,0,0,,2.8345,,,1,,1.508
TCGA-DQ-7588-01,,WT,,2211.16,-0.0818,0.325,0,0,,0.3203,,,1,,-0.0478
TCGA-DQ-7589-01,,WT,,3239.15,1.131,0.065,0,0,,1.7691,,,0,,0.8487
TCGA-DQ-7590-01,,WT,,2402.15,0.1435,-0.072,0,0,,0.6347,,,0,,0.1467
TCGA-DQ-7591-01,,WT,,8106.02,6.8731,-0.018,0,0,,5.2504,,,0,,3.0031
TCGA-DQ-7592-01,,WT,,3903.11,1.9144,0.425,0,0,,2.4767,,,1,,1.2866
TCGA-DQ-7593-01,,WT,,3246.28,1.1395,-0.044,0,0,,1.7774,,,0,,0.8539
TCGA-DQ-7594-01,,WT,,3023.17,0.8762,-0.034,0,0,,1.5072,,,0,,0.6867
TCGA-DQ-7595-01,,NP,,2887.22,0.7158,-0.09,0,0,NP,1.3326,,,0,,0.5786
TCGA-DQ-7596-01,,WT,,3525.75,1.4692,-0.013,0,0,,2.0908,,,0,,1.0478
TCGA-DR-A0ZL-01,,WT,,2395.72,0.1301,-0.104,0,0,,,,,-1,,0.2439
TCGA-DR-A0ZM-01,,WT,,1591.89,-0.8474,0.025,0,0,,,,,0,,-0.8136
TCGA-DS-A0VK-01,,WT,,2071.28,-0.2644,-0.538,0,0,,,,,-1,,-0.1326
TCGA-DS-A0VL-01,,WT,,2048.42,-0.2922,-0.015,0,0,,,,,0,,-0.1613
TCGA-DS-A0VM-01,,K92N,,2819.71,0.6458,-0.054,1,1,,,,,0,,0.6655
TCGA-DS-A0VN-01,,WT,,2759.68,0.5728,-0.11,0,0,,,,,-1,,0.6098
TCGA-DS-A1OA-01,,WT,,1775.87,-0.6237,,0,0,,,,,NP,,-0.5307
TCGA-DS-A3LQ-01,,WT,,3461.91,1.4268,0.232,0,0,,,,,1,,1.1964
TCGA-DS-A5RQ-01,,WT,,3373.35,1.3191,-0.089,0,0,,,,,0,,1.1294
TCGA-DS-A7WF-01,,WT,,6908.55,5.6183,1.41,1,1,,,,,2,,2.9844
TCGA-DS-A7WH-01,,WT,,2917.38,0.7645,0.002,0,0,,,,,0,,0.7536
TCGA-DS-A7WI-01,,WT,,1136.56,-1.4011,0.065,0,0,,,,,0,,-1.685
TCGA-DT-5265-01,,WT,,2882.56,0.1728,-0.194,0,0,,1.6983,,,-1,,0.4552
TCGA-DU-5847-01,,WT,,3359.75,0.4867,-0.177,0,0,,,,,-1,,0.5466
TCGA-DU-5849-01,,WT,,2598.81,-0.4056,-0.012,0,0,,,,,0,,-0.2702
TCGA-DU-5851-01,,WT,,2605.94,-0.3972,-0.032,0,0,,,,,0,,-0.2615
TCGA-DU-5852-01,,WT,,3143.56,0.2332,-0.097,0,0,,,,,0,,0.3351
TCGA-DU-5853-01,,WT,,4661.6,2.0133,-0.021,0,0,,,,,0,,1.5884
TCGA-DU-5854-01,,WT,,3114.28,0.1989,-0.004,0,0,,,,,0,,0.3053
TCGA-DU-5855-01,,WT,,3407.93,0.5432,-0.022,0,0,,,,,0,,0.5919
TCGA-DU-5870-01,,WT,,2970.38,0.0301,-0.045,0,0,,,,,0,,0.1548
TCGA-DU-5871-01,,WT,,3779.82,0.9793,0.162,0,0,,,,,1,,0.9214
TCGA-DU-5872-01,,WT,,3311.59,0.4302,-0.071,0,0,,,,,0,,0.5007
TCGA-DU-5874-01,,WT,,4223.87,1.5,-0.069,0,0,,,,,0,,1.2747
TCGA-DU-6392-01,,X373_splice T379I,,2067.24,-1.0289,0.06,1,1,,,,,0,,-0.998
TCGA-DU-6393-01,,WT,,5027.52,2.4423,-0.079,0,0,,,,,0,,1.8288
TCGA-DU-6394-01,,WT,,3840.9,1.0509,-0.061,0,0,,,,,0,,0.9724
TCGA-DU-6395-01,,WT,,3012.9,0.08,0.038,0,0,,,,,0,,0.2
TCGA-DU-6396-01,,WT,,2894.09,-0.0593,-0.676,0,0,,,,,-1,,0.0721
TCGA-DU-6397-01,,WT,,2814.38,-0.1528,-0.059,0,0,,,,,0,,-0.0168
TCGA-DU-6399-01,,WT,,4425.55,1.7365,-0.01,0,0,,,,,0,,1.4231
TCGA-DU-6400-01,,WT,,3533.13,0.69,-0.086,0,0,,,,,0,,0.7067
TCGA-DU-6401-01,,WT,,4073.32,1.3234,0.243,1,1,,,,,2,,1.1593
TCGA-DU-6402-01,,WT,,1535.6,-1.6523,-0.047,0,0,,,,,0,,-1.9434
TCGA-DU-6403-01,,WT,,2918.27,-0.031,-0.009,0,0,,,,,0,,0.0985
TCGA-DU-6404-01,,WT,,2552.0,-0.4605,-0.149,0,0,,,,,-1,,-0.328
TCGA-DU-6405-01,,WT,,3319.85,0.4399,-0.095,0,0,,,,,0,,0.5086
TCGA-DU-6406-01,,WT,,3775.67,0.9744,-0.013,0,0,,,,,0,,0.9179
TCGA-DU-6407-01,,WT,,4277.97,1.5634,0.177,0,0,,,,,1,,1.3152
TCGA-DU-6408-01,,WT,,2971.86,0.0319,-0.04,0,0,,,,,0,,0.1564
TCGA-DU-6410-01,,WT,,3948.08,1.1766,-0.114,0,0,,,,,-1,,1.0599
TCGA-DU-6542-01,,WT,,2401.45,-0.637,-0.167,0,0,,,,,-1,,-0.5214
TCGA-DU-7006-01,,WT,,2974.45,0.0349,-0.113,0,0,,,,,-1,,0.1592
TCGA-DU-7007-01,,WT,,4116.87,1.3745,0.471,0,0,,,,,1,,1.1931
TCGA-DU-7008-01,,WT,,2902.15,-0.0499,0.076,0,0,,,,,0,,0.0809
TCGA-DU-7009-01,,WT,,4307.69,1.5983,-0.061,0,0,,,,,0,,1.3372
TCGA-DU-7010-01,,WT,,3823.09,1.03,-0.299,0,0,,,,,-1,,0.9576
TCGA-DU-7011-01,,WT,,3461.53,0.6061,0.023,0,0,,,,,0,,0.6416
TCGA-DU-7012-01,,WT,,3802.72,1.0061,-0.067,0,0,,,,,0,,0.9406
TCGA-DU-7013-01,,WT,,5105.27,2.5335,0.06,0,0,,,,,0,,1.8776
TCGA-DU-7014-01,,WT,,2139.08,-0.9446,0.015,0,0,,,,,0,,-0.8894
TCGA-DU-7015-01,,WT,,4675.75,2.0298,0.05,0,0,,,,,0,,1.598
TCGA-DU-7018-01,,WT,,3666.58,0.8465,-0.09,0,0,,,,,0,,0.8246
TCGA-DU-7019-01,,WT,,3375.76,0.5055,0.031,0,0,,,,,0,,0.5618
TCGA-DU-7290-01,,WT,,3560.47,0.7221,-0.08,0,0,,,,,0,,0.7312
TCGA-DU-7292-01,,WT,,2318.75,-0.734,-0.035,0,0,,,,,0,,-0.6329
TCGA-DU-7294-01,,WT,,4018.77,1.2595,-0.112,0,0,,,,,-1,,1.1164
TCGA-DU-7298-01,,WT,,3330.56,0.4525,-0.079,0,0,,,,,0,,0.5189
TCGA-DU-7299-01,,WT,,4198.66,1.4704,-0.082,0,0,,,,,0,,1.2557
TCGA-DU-7300-01,,WT,,3227.27,0.3314,-0.075,0,0,,,,,0,,0.4187
TCGA-DU-7301-01,,WT,,4992.37,2.4011,-0.037,0,0,,,,,0,,1.8065
TCGA-DU-7302-01,,WT,,3482.62,0.6308,-0.137,0,0,,,,,-1,,0.6609
TCGA-DU-7304-01,,WT,,3698.98,0.8845,0.083,0,0,,,,,0,,0.8526
TCGA-DU-7306-01,,WT,,3552.28,0.7125,0.055,0,0,,,,,0,,0.7239
TCGA-DU-7309-01,,WT,,2899.32,-0.0532,-0.022,0,0,,,,,0,,0.0778
TCGA-DU-8158-01,,WT,,3467.74,0.6133,-0.139,0,0,,,,,-1,,0.6473
TCGA-DU-8161-01,,WT,,2602.3,-0.4015,-0.084,0,0,,,,,0,,-0.2659
TCGA-DU-8162-01,,WT,,2142.75,-0.9403,0.008,0,0,,,,,0,,-0.8839
TCGA-DU-8163-01,,WT,,3557.74,0.7189,0.064,0,0,,,,,0,,0.7288
TCGA-DU-8164-01,,WT,,3517.53,0.6717,-0.058,0,0,,,,,0,,0.6926
TCGA-DU-8165-01,,WT,,7386.64,5.2086,-0.032,0,0,,,,,0,,3.0528
TCGA-DU-8166-01,,WT,,3656.09,0.8342,0.002,0,0,,,,,0,,0.8155
TCGA-DU-8167-01,,WT,,2358.73,-0.6871,-0.394,0,0,,,,,-1,,-0.5785
TCGA-DU-8168-01,,WT,,4001.17,1.2388,-0.144,0,0,,,,,-1,,1.1024
TCGA-DU-A5TP-01,,WT,,2005.75,-1.101,-0.088,0,0,,,,,0,,-1.0941
TCGA-DU-A5TR-01,,WT,,1639.14,-1.5309,0.014,0,0,,,,,0,,-1.7359
TCGA-DU-A5TS-01,,WT,,2312.82,-0.7409,0.309,0,0,,,,,1,,-0.641
TCGA-DU-A5TT-01,,WT,,2060.3,-1.037,-0.544,0,0,,,,,-1,,-1.0087
TCGA-DU-A5TU-01,,WT,,1856.12,-1.2764,0.022,0,0,,,,,0,,-1.3406
TCGA-DU-A5TW-01,,WT,,2567.34,-0.4425,0.294,0,0,,,,,1,,-0.309
TCGA-DU-A5TY-01,,WT,,3143.58,0.2332,0.066,0,0,,,,,0,,0.3351
TCGA-DU-A6S2-01,,WT,,2266.25,-0.7955,-0.034,0,0,,,,,0,,-0.7057
TCGA-DU-A6S3-01,,WT,,2228.73,-0.8395,-0.09,0,0,,,,,0,,-0.7588
TCGA-DU-A6S6-01,,WT,,1575.39,-1.6056,-0.048,0,0,,,,,0,,-1.8621
TCGA-DU-A6S7-01,,WT,,2714.44,-0.27,0.0,0,0,,,,,0,,-0.1318
TCGA-DU-A6S8-01,,WT,,2823.68,-0.1419,-0.203,0,0,,,,,-1,,-0.0063
TCGA-DU-A76K-01,,WT,,1638.02,-1.5322,-0.024,0,0,,,,,0,,-1.7381
TCGA-DU-A76L-01,,WT,,2274.58,-0.7858,-0.007,0,0,,,,,0,,-0.694
TCGA-DU-A76O-01,,WT,,1712.12,-1.4453,0.024,0,0,,,,,0,,-1.5974
TCGA-DU-A76R-01,,WT,,3226.45,0.3304,-0.174,0,0,,,,,-1,,0.4179
TCGA-DU-A7T6-01,,WT,,2465.39,-0.562,-0.148,0,0,,,,,-1,,-0.4378
TCGA-DU-A7T8-01,,WT,,2662.87,-0.3304,-0.022,0,0,,,,,0,,-0.1928
TCGA-DU-A7TA-01,,WT,,3410.06,0.5457,-0.052,0,0,,,,,0,,0.5939
TCGA-DU-A7TB-01,,WT,,2478.14,-0.5471,0.019,0,0,,,,,0,,-0.4214
TCGA-DU-A7TC-01,,WT,,1546.88,-1.6391,-0.074,0,0,,,,,0,,-1.9201
TCGA-DU-A7TD-01,,WT,,4004.76,1.243,-0.026,0,0,,,,,0,,1.1053
TCGA-DU-A7TG-01,,WT,,1545.9,-1.6402,-0.02,0,0,,,,,0,,-1.9222
TCGA-DU-A7TI-01,,WT,,2974.09,0.0345,0.012,0,0,,,,,0,,0.1588
TCGA-DU-A7TJ-01,,WT,,3817.8,1.0238,-0.088,0,0,,,,,0,,0.9532
TCGA-DV-5565-01,,WT,,1737.57,-0.9131,-0.092,0,0,,-3.7493,,,0,,-0.8419
TCGA-DV-5566-01,,WT,,2098.52,-0.5116,-0.055,0,0,,-2.4984,,,0,,-0.3404
TCGA-DV-5567-01,,WT,,3777.78,1.3562,0.002,0,0,,1.3987,,,0,,1.2219
TCGA-DV-5569-01,,NP,,2534.96,-0.0262,0.002,0,0,NP,-1.246,,,0,,0.1616
TCGA-DV-5574-01,,NP,,2347.15,-0.2351,0.059,0,0,NP,-1.7562,,,0,,-0.0429
TCGA-DV-5575-01,,WT,,2846.44,0.3203,-0.055,0,0,,-0.4778,,,0,,0.4696
TCGA-DV-5576-01,,WT,,2806.48,0.2758,-0.024,0,0,,-0.5715,,,0,,0.432
TCGA-DV-A4VX-01,,WT,,1389.39,-1.3004,0.143,0,0,,-5.2312,,,1,,-1.436
TCGA-DV-A4VZ-01,,WT,,1306.38,-1.3927,0.008,0,0,,-5.6394,,,0,,-1.5996
TCGA-DV-A4W0-01,,WT,,2743.03,0.2053,0.008,0,0,,-0.7231,,,0,,0.3713
TCGA-DW-5560-01,,WT,,1105.64,-0.7406,0.1,0,0,,-5.2428,,,0,,-0.5286
TCGA-DW-5561-01,,WT,,1304.42,-0.4125,0.265,0,0,,-4.0066,,,1,,-0.1613
TCGA-DW-7834-01,,WT,,1660.0,0.1744,0.044,0,0,,-2.2039,,,0,,0.3744
TCGA-DW-7836-01,,WT,,1496.82,-0.095,0.145,0,0,,-2.9777,,,1,,0.1445
TCGA-DW-7837-01,,WT,,1541.03,-0.022,0.094,0,0,,-2.76,,,0,,0.2091
TCGA-DW-7838-01,,WT,,1218.72,-0.554,0.077,0,0,,-4.5147,,,0,,-0.3123
TCGA-DW-7839-01,,WT,,2542.19,1.6305,0.015,0,0,,0.9841,,,0,,1.3217
TCGA-DW-7840-01,,WT,,1178.13,-0.621,0.074,0,0,,-4.768,,,0,,-0.3875
TCGA-DW-7841-01,,WT,,1397.4,-0.2591,0.102,0,0,,-3.4917,,,1,,-0.0083
TCGA-DW-7842-01,,WT,,2485.52,1.5369,0.045,0,0,,0.8154,,,0,,1.2716
TCGA-DW-7963-01,,WT,,1030.23,-0.8651,0.142,0,0,,-5.771,,,1,,-0.6856
TCGA-DX-A1KU-01,,WT,,2519.4,0.3048,0.0,0,0,,,,,0,,0.426
TCGA-DX-A1KW-01,,WT,,1954.63,-0.2545,0.038,0,0,,,,,0,,-0.1199
TCGA-DX-A1KX-01,,WT,,1840.55,-0.3675,-0.013,0,0,,,,,0,,-0.2492
TCGA-DX-A1KY-01,,WT,,2869.38,0.6514,-0.652,0,0,,,,,-1,,0.7057
TCGA-DX-A1KZ-01,,WT,,1061.78,-1.1387,-0.558,0,0,,,,,-1,,-1.4319
TCGA-DX-A1L0-01,,WT,,2356.06,0.1431,-0.504,0,0,,,,,-1,,0.2818
TCGA-DX-A1L1-01,,WT,,2049.34,-0.1607,-0.525,0,0,,,,,-1,,-0.0181
TCGA-DX-A1L2-01,,WT,,1997.73,-0.2118,-0.167,0,0,,,,,-1,,-0.073
TCGA-DX-A1L3-01,,WT,,1767.02,-0.4403,0.027,0,0,,,,,0,,-0.3368
TCGA-DX-A1L4-01,,WT,,1295.56,-0.9072,0.017,0,0,,,,,0,,-1.0041
TCGA-DX-A23R-01,,WT,,5423.15,3.1805,0.25,0,0,,,,,1,,2.0749
TCGA-DX-A23T-01,,WT,,1413.22,-0.7906,0.059,0,0,,,,,0,,-0.8172
TCGA-DX-A23U-01,,WT,,1808.99,-0.3987,0.028,0,0,,,,,0,,-0.2864
TCGA-DX-A23V-01,,WT,,1988.32,-0.2211,0.014,0,0,,,,,0,,-0.0831
TCGA-DX-A23Y-01,,WT,,3314.05,1.0918,0.237,0,0,,,,,1,,1.0156
TCGA-DX-A23Z-01,,WT,,1879.93,-0.3285,0.072,0,0,,,,,0,,-0.2037
TCGA-DX-A240-01,,WT,,1677.91,-0.5285,-0.556,1,1,,,,,-2,,-0.4481
TCGA-DX-A2IZ-01,,WT,,4897.1,2.6595,-0.07,0,0,,,,,0,,1.8555
TCGA-DX-A2J0-01,,WT,,2789.53,0.5723,-0.188,0,0,,,,,-1,,0.645
TCGA-DX-A2J1-01,,WT,,1009.58,-1.1904,0.029,0,0,,,,,0,,-1.5402
TCGA-DX-A2J4-01,,WT,,1724.58,-0.4823,0.018,0,0,,,,,0,,-0.3891
TCGA-DX-A3LS-01,,WT,,2396.8,0.1834,-0.043,0,0,,,,,0,,0.3187
TCGA-DX-A3LT-01,,WT,,1818.02,-0.3898,-0.041,0,0,,,,,0,,-0.2757
TCGA-DX-A3LU-01,,WT,,897.336,-1.3015,0.038,0,0,,,,,0,,-1.7935
TCGA-DX-A3LW-01,,WT,,1243.26,-0.959,-0.275,0,0,,,,,-1,,-1.0927
TCGA-DX-A3LY-01,,WT,,894.921,-1.3039,-0.659,0,0,,,,,-1,,-1.7993
TCGA-DX-A3M1-01,,WT,,1476.28,-0.7282,0.051,0,0,,,,,0,,-0.7234
TCGA-DX-A3M2-01,,WT,,376.928,-1.8169,-0.347,0,0,,,,,-1,,-3.6564
TCGA-DX-A3U5-01,,WT,,1683.62,-0.5229,0.005,0,0,,,,,0,,-0.4408
TCGA-DX-A3U6-01,,WT,,1385.04,-0.8185,0.025,0,0,,,,,0,,-0.8605
TCGA-DX-A3U7-01,,WT,,3812.11,1.585,0.0,0,0,,,,,0,,1.3167
TCGA-DX-A3U8-01,,WT,,2540.45,0.3257,0.086,0,0,,,,,0,,0.4439
TCGA-DX-A3U9-01,,WT,,2686.23,0.47,-0.116,0,0,,,,,-1,,0.5639
TCGA-DX-A3UA-01,,WT,,2113.34,-0.0973,-0.382,0,0,,,,,-1,,0.048
TCGA-DX-A3UB-01,,WT,,1096.77,-1.104,-0.018,0,0,,,,,0,,-1.3622
TCGA-DX-A3UC-01,,WT,,1932.8,-0.2761,-0.386,0,0,,,,,-1,,-0.144
TCGA-DX-A3UD-01,,WT,,2263.08,0.051,-0.255,0,0,,,,,-1,,0.1952
TCGA-DX-A3UE-01,,WT,,2167.37,-0.0438,-0.399,0,0,,,,,-1,,0.1023
TCGA-DX-A3UF-01,,WT,,2638.32,0.4226,-0.594,0,0,,,,,-1,,0.5252
TCGA-DX-A48J-01,,WT,,4086.43,1.8567,-0.141,0,0,,,,,-1,,1.4662
TCGA-DX-A48K-01,,WT,,1894.63,-0.3139,-0.081,0,0,,,,,0,,-0.1869
TCGA-DX-A48L-01,,WT,,2925.16,0.7067,0.039,0,0,,,,,0,,0.7471
TCGA-DX-A48N-01,,WT,,3471.72,1.2479,0.05,0,0,,,,,0,,1.1156
TCGA-DX-A48O-01,,WT,,2346.94,0.134,-0.221,0,0,,,,,-1,,0.2735
TCGA-DX-A48P-01,,WT,,1866.86,-0.3414,-0.162,0,0,,,,,-1,,-0.2187
TCGA-DX-A48R-01,,WT,,2945.7,0.727,-0.26,0,0,,,,,-1,,0.7622
TCGA-DX-A48U-01,,WT,,3581.19,1.3563,-0.195,0,0,,,,,-1,,1.1823
TCGA-DX-A48V-01,,WT,,,,-0.232,0,0,,,,,-1,,
TCGA-DX-A6B7-01,,WT,,2562.61,0.3476,-0.161,0,0,,,,,-1,,0.4625
TCGA-DX-A6B8-01,,WT,,1999.07,-0.2105,-0.414,0,0,,,,,-1,,-0.0715
TCGA-DX-A6B9-01,,WT,,3440.65,1.2172,-0.137,0,0,,,,,-1,,1.0962
TCGA-DX-A6BA-01,,WT,,1930.01,-0.2789,-0.694,0,0,,,,,-1,,-0.1471
TCGA-DX-A6BB-01,,WT,,1735.58,-0.4714,-0.355,0,0,,,,,-1,,-0.3754
TCGA-DX-A6BE-01,,WT,,1067.11,-1.1334,0.029,0,0,,,,,0,,-1.4211
TCGA-DX-A6BF-01,,WT,,663.577,-1.533,-0.082,0,0,,,,,0,,-2.442
TCGA-DX-A6BG-01,,WT,,1947.66,-0.2614,0.043,0,0,,,,,0,,-0.1275
TCGA-DX-A6BH-01,,WT,,2790.58,0.5734,0.032,0,0,,,,,0,,0.6458
TCGA-DX-A6BK-01,,WT,,,,-0.013,0,0,,,,,0,,
TCGA-DX-A6YQ-01,,WT,,2931.91,0.7133,0.512,0,0,,,,,1,,0.7521
TCGA-DX-A6YR-01,,WT,,2420.33,0.2067,-0.075,0,0,,,,,0,,0.3397
TCGA-DX-A6YS-01,,WT,,2561.16,0.3462,-0.689,1,1,,,,,-2,,0.4613
TCGA-DX-A6YT-01,,WT,,3566.36,1.3416,-0.524,0,0,,,,,-1,,1.1734
TCGA-DX-A6YU-01,,WT,,1667.54,-0.5388,-0.554,0,0,,,,,-1,,-0.4614
TCGA-DX-A6YV-01,,WT,,2492.15,0.2778,-0.077,0,0,,,,,0,,0.4026
TCGA-DX-A6YX-01,,WT,,2840.29,0.6226,0.193,0,0,,,,,1,,0.6838
TCGA-DX-A6YZ-01,,WT,,1421.28,-0.7827,-0.66,0,0,,,,,-1,,-0.805
TCGA-DX-A6Z0-01,,WT,,2199.22,-0.0123,-0.521,0,0,,,,,-1,,0.1337
TCGA-DX-A6Z2-01,,WT,,2846.63,0.6289,-0.094,0,0,,,,,0,,0.6886
TCGA-DX-A7EF-01,,WT,,2346.15,0.1333,0.101,0,0,,,,,1,,0.2728
TCGA-DX-A7EI-01,,WT,,2495.31,0.281,-0.01,0,0,,,,,0,,0.4053
TCGA-DX-A7EL-01,,WT,,1945.81,-0.2632,0.015,0,0,,,,,0,,-0.1296
TCGA-DX-A7EM-01,,WT,,2383.44,0.1702,-0.703,0,0,,,,,-1,,0.3067
TCGA-DX-A7EN-01,,WT,,2574.96,0.3598,-0.381,0,0,,,,,-1,,0.4729
TCGA-DX-A7EO-01,,WT,,1907.85,-0.3008,-0.078,0,0,,,,,0,,-0.172
TCGA-DX-A7EQ-01,,WT,,1228.57,-0.9735,-0.019,0,0,,,,,0,,-1.1182
TCGA-DX-A7ER-01,,WT,,1516.23,-0.6886,-0.003,0,0,,,,,0,,-0.666
TCGA-DX-A7ES-01,,WT,,1351.65,-0.8516,0.02,0,0,,,,,0,,-0.913
TCGA-DX-A7ET-01,,WT,,1331.67,-0.8714,0.002,0,0,,,,,0,,-0.945
TCGA-DX-A7EU-01,,WT,,1044.6,-1.1557,,0,0,,,,,NP,,-1.4669
TCGA-DX-A8BG-01,,WT,,2544.64,0.3298,-0.184,0,0,,,,,-1,,0.4474
TCGA-DX-A8BH-01,,WT,,1937.56,-0.2714,-0.018,0,0,,,,,0,,-0.1387
TCGA-DX-A8BJ-01,,WT,,1392.76,-0.8109,-0.138,0,0,,,,,-1,,-0.8486
TCGA-DX-A8BK-01,,WT,,1257.3,-0.9451,0.503,0,0,,,,,1,,-1.0686
TCGA-DX-A8BL-01,,WT,,1167.84,-1.0336,1.02,0,0,,,,,1,,-1.2272
TCGA-DX-A8BM-01,,WT,,3049.9,0.8302,-0.557,0,0,,,,,-1,,0.8369
TCGA-DX-A8BN-01,,WT,,1549.95,-0.6552,-0.511,0,0,,,,,-1,,-0.6187
TCGA-DX-A8BO-01,,WT,,1030.05,-1.1701,-0.134,0,0,,,,,-1,,-1.4971
TCGA-DX-A8BP-01,,WT,,1186.27,-1.0154,0.015,0,0,,,,,0,,-1.1936
TCGA-DX-A8BR-01,,WT,,1740.46,-0.4666,-0.135,0,0,,,,,-1,,-0.3694
TCGA-DX-A8BS-01,,WT,,3884.07,1.6563,0.466,0,0,,,,,1,,1.357
TCGA-DX-A8BT-01,,WT,,1958.43,-0.2507,-0.458,0,0,,,,,-1,,-0.1157
TCGA-DX-A8BU-01,,WT,,3172.28,0.9514,-0.252,0,0,,,,,-1,,0.9216
TCGA-DX-A8BV-01,,WT,,1856.8,-0.3514,-0.59,0,0,,,,,-1,,-0.2303
TCGA-DX-A8BX-01,,WT,,2115.12,-0.0955,0.293,0,0,,,,,1,,0.0498
TCGA-DX-A8BZ-01,,WT,,857.502,-1.341,-0.271,0,0,,,,,-1,,-1.8911
TCGA-DX-AATS-01,,WT,,1908.81,-0.2999,-0.49,0,0,,,,,-1,,-0.1709
TCGA-DX-AB2E-01,,WT,,2075.32,-0.135,0.017,0,0,,,,,0,,0.009
TCGA-DX-AB2F-01,,WT,,1855.22,-0.3529,-0.532,0,0,,,,,-1,,-0.2321
TCGA-DX-AB2G-01,,WT,,1336.41,-0.8667,0.007,0,0,,,,,0,,-0.9374
TCGA-DX-AB2H-01,,WT,,2682.79,0.4666,0.186,0,0,,,,,1,,0.5611
TCGA-DX-AB2J-01,,WT,,2076.52,-0.1338,-0.033,0,0,,,,,0,,0.0102
TCGA-DX-AB2L-01,,WT,,1158.39,-1.043,0.011,0,0,,,,,0,,-1.2447
TCGA-DX-AB2O-01,,WT,,1480.57,-0.7239,-0.356,0,0,,,,,-1,,-0.7171
TCGA-DX-AB2P-01,,WT,,2447.56,0.2337,0.0,0,0,,,,,0,,0.3638
TCGA-DX-AB2Q-01,,WT,,1806.61,-0.4011,-0.273,0,0,,,,,-1,,-0.2892
TCGA-DX-AB2S-01,,WT,,1549.0,-0.6562,0.025,0,0,,,,,0,,-0.62
TCGA-DX-AB2T-01,,WT,,2898.89,0.6806,-0.382,0,0,,,,,-1,,0.7277
TCGA-DX-AB2V-01,,WT,,3264.0,1.0422,0.064,0,0,,,,,0,,0.9829
TCGA-DX-AB2W-01,,WT,,716.332,-1.4808,-0.128,0,0,,,,,-1,,-2.2776
TCGA-DX-AB2X-01,,WT,,776.41,-1.4213,-0.452,0,0,,,,,-1,,-2.1046
TCGA-DX-AB2Z-01,,WT,,1925.7,-0.2831,-0.017,0,0,,,,,0,,-0.1519
TCGA-DX-AB30-01,,WT,,2963.23,0.7444,0.102,0,0,,,,,1,,0.7749
TCGA-DX-AB32-01,,WT,,1504.71,-0.7,-0.209,0,0,,,,,-1,,-0.6824
TCGA-DX-AB35-01,,WT,,1263.39,-0.939,-0.629,0,0,,,,,-1,,-1.0582
TCGA-DX-AB36-01,,WT,,1773.94,-0.4334,0.003,0,0,,,,,0,,-0.3284
TCGA-DX-AB37-01,,WT,,1172.19,-1.0293,0.048,0,0,,,,,0,,-1.2192
TCGA-DX-AB3A-01,,WT,,1946.64,-0.2624,-0.021,0,0,,,,,0,,-0.1287
TCGA-DX-AB3B-01,,WT,,4511.5,2.2776,-0.033,0,0,,,,,0,,1.6791
TCGA-DX-AB3C-01,,WT,,1810.59,-0.3971,-0.128,0,0,,,,,-1,,-0.2845
TCGA-DY-A0XA-01,,WT,,4099.07,1.3825,-0.039,0,0,,3.8436,,,0,,1.3347
TCGA-DY-A1DC-01,,WT,,1791.15,-0.9124,0.09,0,0,,-1.2006,,,0,,-0.7332
TCGA-DY-A1DD-01,,WT,,3206.39,0.4948,0.209,0,0,,2.347,,,1,,0.7211
TCGA-DY-A1DE-01,,WT,,1184.95,-1.5152,-0.278,0,0,,-3.717,,,-1,,-1.7649
TCGA-DY-A1DF-01,,WT,,2073.28,-0.6319,0.04,0,0,,-0.3095,,,0,,-0.3679
TCGA-DY-A1DG-01,,WT,,2850.42,0.1409,-0.091,0,0,,1.63,,,0,,0.4272
TCGA-DY-A1H8-01,,WT,,1935.32,-0.769,-0.201,0,0,,-0.729,,,-1,,-0.5399
TCGA-DZ-6131-01,,WT,,3302.84,2.886,-0.105,0,0,,2.9422,,,-1,,1.9036
TCGA-DZ-6132-01,,WT,,1629.32,0.1237,0.046,0,0,,-2.3434,,,0,,0.3329
TCGA-DZ-6133-01,,WT,,1851.6,0.4906,0.323,0,0,,-1.3869,,,1,,0.6172
TCGA-DZ-6134-01,,WT,,1664.94,0.1825,0.064,0,0,,-2.1817,,,0,,0.381
TCGA-DZ-6135-01,,WT,,2451.7,1.4811,0.028,0,0,,0.7129,,,0,,1.2411
TCGA-E1-5302-01,,WT,,2948.01,0.0039,-0.202,0,0,,,,,-1,,0.1308
TCGA-E1-5303-01,,WT,,3736.55,0.9285,0.013,0,0,,,,,0,,0.8848
TCGA-E1-5304-01,,WT,,4488.08,1.8098,-0.03,0,0,,,,,0,,1.4677
TCGA-E1-5305-01,,WT,,4193.83,1.4647,-0.019,0,0,,,,,0,,1.252
TCGA-E1-5307-01,,WT,,3935.22,1.1615,-0.199,0,0,,,,,-1,,1.0495
TCGA-E1-5311-01,,WT,,4045.08,1.2903,-0.118,0,0,,,,,-1,,1.1371
TCGA-E1-5318-01,,WT,,4791.04,2.165,-0.062,0,0,,,,,0,,1.6755
TCGA-E1-5319-01,,WT,,3928.92,1.1541,-0.045,0,0,,,,,0,,1.0444
TCGA-E1-5322-01,,WT,,4249.58,1.5301,0.294,0,0,,,,,1,,1.294
TCGA-E1-A7YD-01,,WT,,4044.03,1.2891,0.096,0,0,,,,,0,,1.1363
TCGA-E1-A7YE-01,,WT,,4128.91,1.3886,-0.134,0,0,,,,,-1,,1.2024
TCGA-E1-A7YH-01,,WT,,2866.15,-0.0921,-0.03,0,0,,,,,0,,0.0412
TCGA-E1-A7YI-01,,WT,,3313.26,0.4322,-0.069,0,0,,,,,0,,0.5023
TCGA-E1-A7YJ-01,,WT,,2950.11,0.0064,-0.082,0,0,,,,,0,,0.1331
TCGA-E1-A7YK-01,,WT,,1970.77,-1.142,-0.128,0,0,,,,,-1,,-1.15
TCGA-E1-A7YL-01,,WT,,2304.68,-0.7505,-0.053,0,0,,,,,0,,-0.6522
TCGA-E1-A7YM-01,,WT,,2436.17,-0.5963,-0.046,0,0,,,,,0,,-0.4758
TCGA-E1-A7YN-01,,WT,,2144.04,-0.9388,0.004,0,0,,,,,0,,-0.882
TCGA-E1-A7YO-01,,WT,,3608.79,0.7787,-0.046,0,0,,,,,0,,0.7741
TCGA-E1-A7YQ-01,,WT,,2017.78,-1.0869,0.0,0,0,,,,,0,,-1.075
TCGA-E1-A7YS-01,,WT,,4871.53,2.2594,-0.244,0,0,,,,,-1,,1.7285
TCGA-E1-A7YU-01,,WT,,2210.13,-0.8613,0.002,0,0,,,,,0,,-0.7855
TCGA-E1-A7YV-01,,WT,,3655.6,0.8336,-0.116,0,0,,,,,-1,,0.8151
TCGA-E1-A7YW-01,,WT,,3364.65,0.4925,0.011,0,0,,,,,0,,0.5513
TCGA-E1-A7YY-01,,WT,,1086.58,-2.1788,0.003,0,0,,,,,0,,-3.0431
TCGA-E1-A7Z2-01,,WT,,1838.58,-1.297,-0.006,0,0,,,,,0,,-1.3708
TCGA-E1-A7Z3-01,,WT,,1941.85,-1.1759,0.114,0,0,,,,,1,,-1.197
TCGA-E1-A7Z4-01,,WT,,2193.05,-0.8814,-0.122,0,0,,,,,-1,,-0.8101
TCGA-E1-A7Z6-01,,WT,,3496.24,0.6468,0.011,0,0,,,,,0,,0.6733
TCGA-E2-A105-01,,WT,,3222.12,0.6553,-0.046,0,0,,-0.101,,,0,,0.6603
TCGA-E2-A107-01,,WT,,1791.4,-0.9059,0.016,0,0,,-2.229,,,0,,-0.8294
TCGA-E2-A108-01,,WT,,2454.19,-0.1826,0.009,0,0,,-1.0879,,,0,,-0.0306
TCGA-E2-A109-01,,WT,,3224.33,0.6577,0.009,0,0,,-0.0985,,,0,,0.662
TCGA-E2-A10A-01,,WT,,2836.19,0.2342,-0.064,0,0,,-0.5635,-0.449,-1.1282,0,,0.3365
TCGA-E2-A10B-01,,WT,,2611.95,-0.0105,0.206,0,0,,-0.8621,,,1,,0.1275
TCGA-E2-A10C-01,,Q278E,,1647.48,-1.0629,0.061,1,1,,-2.5325,,,0,,-1.0419
TCGA-E2-A10E-01,,WT,,3215.47,0.6481,-0.059,0,0,,-0.1085,,,0,,0.655
TCGA-E2-A10F-01,,WT,,2822.63,0.2194,-0.026,0,0,,-0.5809,,,0,,0.3243
TCGA-E2-A14N-01,,WT,,2496.31,-0.1367,0.03,0,0,,-1.0262,,,0,,0.0126
TCGA-E2-A14O-01,,WT,,1614.03,-1.0994,0.0,0,0,,-2.6068,,,0,,-1.094
TCGA-E2-A14P-01,,WT,,1765.72,-0.9339,-0.265,0,0,,-2.2813,,,-1,,-0.8661
TCGA-E2-A14Q-01,,WT,,2461.67,-0.1745,-0.051,0,0,,-1.0769,,,0,,-0.0229
TCGA-E2-A14R-01,,WT,,2514.27,-0.1171,0.131,0,0,,-1.0002,,,1,,0.0307
TCGA-E2-A14S-01,,WT,,2902.94,0.307,0.106,0,0,,-0.4792,,,1,,0.3955
TCGA-E2-A14T-01,,WT,,3544.64,1.0073,0.027,0,0,,0.2448,,,0,,0.9024
TCGA-E2-A14U-01,,NP,,1918.19,-0.7675,0.002,0,0,NP,-1.9811,,,0,,-0.6559
TCGA-E2-A14V-01,,WT,,3552.7,1.0161,0.132,0,0,,0.2531,,,1,,0.9081
TCGA-E2-A14W-01,,WT,,3119.79,0.5437,-0.058,0,0,,-0.218,,,0,,0.5784
TCGA-E2-A14X-01,,WT,,3357.92,0.8035,0.179,0,0,,0.0487,,,1,,0.765
TCGA-E2-A14Y-01,,WT,,2611.43,-0.011,0.521,0,0,,-0.8628,,,1,,0.127
TCGA-E2-A14Z-01,,WT,,2149.33,-0.5153,0.038,0,0,,-1.5687,,,0,,-0.3672
TCGA-E2-A150-01,,WT,,3471.06,0.927,-0.014,0,0,,0.1688,-0.6941,-1.9292,0,,0.8491
TCGA-E2-A152-01,,WT,,3087.76,0.5087,0.288,0,0,,-0.2554,,,1,,0.5522
TCGA-E2-A153-01,,WT,,2215.24,-0.4434,0.038,0,0,,-1.4592,,,0,,-0.2906
TCGA-E2-A154-01,,WT,,2940.85,0.3484,-0.085,0,0,,-0.4321,-0.0756,0.0922,0,,0.4285
TCGA-E2-A155-01,,WT,,3904.93,1.4004,-0.125,0,0,,0.5958,,,-1,,1.1481
TCGA-E2-A156-01,,WT,,3420.67,0.872,-0.026,0,0,,0.1158,,,0,,0.812
TCGA-E2-A158-01,,WT,,3667.55,1.1414,0.414,0,0,,0.3684,0.3822,1.5885,1,,0.9889
TCGA-E2-A159-01,,WT,,2882.4,0.2846,0.0,0,0,,-0.5049,-0.378,-0.8961,0,,0.3775
TCGA-E2-A15A-01,,WT,,2959.29,0.3685,-0.045,0,0,,-0.4095,0.1634,0.8733,0,,0.4443
TCGA-E2-A15C-01,,WT,,2925.2,0.3313,0.044,0,0,,-0.4515,,,0,,0.4149
TCGA-E2-A15D-01,,WT,,2617.86,-0.004,0.12,0,0,,-0.8539,,,1,,0.1332
TCGA-E2-A15E-01,,WT,,3057.19,0.4754,-0.006,0,0,,-0.2915,,,0,,0.5269
TCGA-E2-A15F-01,,WT,,2987.22,0.399,-0.08,0,0,,-0.3754,,,0,,0.4682
TCGA-E2-A15G-01,,WT,,4096.72,1.6097,0.061,0,0,,0.7696,,,0,,1.2698
TCGA-E2-A15H-01,,WT,,2378.67,-0.265,-0.11,0,0,,-1.2012,,,-1,,-0.1099
TCGA-E2-A15I-01,,WT,,4058.45,1.5679,0.04,0,0,,0.7356,,,0,,1.2459
TCGA-E2-A15J-01,,WT,,2556.54,-0.0709,0.034,0,0,,-0.9398,,,0,,0.0731
TCGA-E2-A15K-01,,WT,,2414.7,-0.2257,-0.322,0,0,,-1.1467,,,-1,,-0.0718
TCGA-E2-A15L-01,,WT,,2951.75,0.3603,0.063,0,0,,-0.4187,,,0,,0.4378
TCGA-E2-A15M-01,,WT,,4022.69,1.5289,0.055,0,0,,0.7035,,,0,,1.2235
TCGA-E2-A15O-01,,WT,,2526.42,-0.1038,0.021,0,0,,-0.9828,,,0,,0.043
TCGA-E2-A15P-01,,WT,,3541.46,1.0038,-0.154,0,0,,0.2416,,,-1,,0.9001
TCGA-E2-A15R-01,,WT,,4396.01,1.9363,-0.093,0,0,,1.0253,,,0,,1.4487
TCGA-E2-A15S-01,,WT,,4025.02,1.5314,0.165,0,0,,0.7056,,,1,,1.2249
TCGA-E2-A15T-01,,WT,,4402.48,1.9433,-0.01,0,0,,1.0306,,,0,,1.4524
TCGA-E2-A1AZ-01,,WT,,5332.33,2.958,-0.012,0,0,,1.7254,,,0,,1.9388
TCGA-E2-A1B0-01,,WT,,3695.88,1.1723,0.109,0,0,,0.3963,,,1,,1.0084
TCGA-E2-A1B1-01,,WT,,3649.58,1.1218,0.009,0,0,,0.3506,,,0,,0.9764
TCGA-E2-A1B4-01,,K901E,,1951.75,-0.7309,-0.013,1,1,,-1.9182,,,0,,-0.6119
TCGA-E2-A1B5-01,,WT,,2329.92,-0.3182,0.036,0,0,,-1.2763,,,0,,-0.1625
TCGA-E2-A1B6-01,,WT,,1986.84,-0.6926,-0.007,0,0,,-1.8537,,,0,,-0.5667
TCGA-E2-A1BC-01,,WT,,3091.49,0.5128,-0.061,0,0,,-0.251,,,0,,0.5552
TCGA-E2-A1BD-01,,WT,,2308.0,-0.3421,0.025,0,0,,-1.3105,,,0,,-0.1865
TCGA-E2-A1IE-01,,WT,,3367.18,0.8136,-0.108,0,0,,0.0586,,,-1,,0.772
TCGA-E2-A1IF-01,,WT,,1423.98,-1.3068,0.016,0,0,,-3.0609,,,0,,-1.4118
TCGA-E2-A1IG-01,,WT,,2234.27,-0.4226,0.0,0,0,,-1.4282,,,0,,-0.2689
TCGA-E2-A1IH-01,,WT,,3477.32,0.9338,-0.063,0,0,,0.1753,,,0,,0.8537
TCGA-E2-A1II-01,,WT,,2889.99,0.2929,0.013,0,0,,-0.4954,,,0,,0.3842
TCGA-E2-A1IJ-01,,WT,,2051.38,-0.6222,0.025,0,0,,-1.7378,,,0,,-0.4856
TCGA-E2-A1IK-01,,WT,,2342.78,-0.3042,-0.007,0,0,,-1.2563,,,0,,-0.1485
TCGA-E2-A1IL-01,,WT,,2557.84,-0.0695,-0.017,0,0,,-0.938,,,0,,0.0743
TCGA-E2-A1IN-01,,WT,,2329.97,-0.3182,-0.036,0,0,,-1.2762,,,0,,-0.1624
TCGA-E2-A1IO-01,,WT,,3161.3,0.589,-0.068,0,0,,-0.1701,,,0,,0.6119
TCGA-E2-A1IU-01,,WT,,3160.53,0.5881,-0.002,0,0,,-0.171,,,0,,0.6113
TCGA-E2-A1L6-01,,WT,,3034.51,0.4506,0.014,0,0,,-0.3185,,,0,,0.508
TCGA-E2-A1L7-01,,WT,,3502.12,0.9609,-0.169,0,0,,0.2011,,,-1,,0.8717
TCGA-E2-A1L8-01,,WT,,3681.12,1.1562,-0.123,0,0,,0.3818,,,-1,,0.9983
TCGA-E2-A1L9-01,,WT,,2255.46,-0.3995,0.08,0,0,,-1.394,,,0,,-0.2449
TCGA-E2-A1LA-01,,WT,,2396.08,-0.246,0.39,0,0,,-1.1748,,,1,,-0.0914
TCGA-E2-A1LB-01,,WT,,2149.39,-0.5152,-0.061,0,0,,-1.5686,,,0,,-0.3671
TCGA-E2-A1LE-01,,WT,,1589.08,-1.1266,0.066,0,0,,-2.6633,,,0,,-1.1335
TCGA-E2-A1LG-01,,WT,,2738.64,0.1278,0.003,0,0,,-0.6904,,,0,,0.2477
TCGA-E2-A1LH-01,,WT,,1368.32,-1.3675,0.102,0,0,,-3.2053,,,1,,-1.5129
TCGA-E2-A1LI-01,,WT,,3147.54,0.574,0.059,0,0,,-0.1859,,,0,,0.6008
TCGA-E2-A1LK-01,,WT,,1832.34,-0.8612,-0.018,0,0,,-2.1471,,,0,,-0.7721
TCGA-E2-A1LL-01,,WT,,3594.07,1.0612,-0.012,0,0,,0.2951,,,0,,0.9375
TCGA-E2-A1LS-01,,WT,,4106.61,1.6205,,0,0,,0.7784,,,NP,,1.2759
TCGA-E2-A2P5-01,,WT,,2000.74,-0.6774,0.041,0,0,,-1.8284,,,0,,-0.549
TCGA-E2-A2P6-01,,WT,,2238.05,-0.4185,-0.045,0,0,,-1.4221,,,0,,-0.2646
TCGA-E2-A3DX-01,,WT,,2795.83,0.1902,0.007,0,0,,-0.6155,,,0,,0.3001
TCGA-E2-A56Z-01,,WT,,5451.31,3.0878,0.436,0,0,,1.8054,,,1,,1.9948
TCGA-E2-A570-01,,WT,,2639.91,0.02,0.096,0,0,,-0.8235,,,0,,0.1545
TCGA-E2-A573-01,,WT,,1815.53,-0.8795,-0.028,0,0,,-2.1805,,,0,,-0.7955
TCGA-E2-A574-01,,WT,,1115.6,-1.6433,0.027,0,0,,-3.9452,,,0,,-2.0309
TCGA-E2-A576-01,,WT,,1299.27,-1.4429,-0.148,0,0,,-3.393,,,-1,,-1.6443
TCGA-E2-A9RU-01,,WT,,804.044,-1.9832,0.042,0,0,,-5.1316,,,0,,-2.8614
TCGA-E3-A3DY-01,,WT,,3939.06,1.7684,0.011,0,0,,0.7391,,,0,,1.4607
TCGA-E3-A3DZ-01,,WT,,2999.26,0.3816,-0.008,0,0,,-0.2438,,,0,,0.457
TCGA-E3-A3E0-01,,WT,,3030.21,0.4273,0.0,0,0,,-0.2068,,,0,,0.4948
TCGA-E3-A3E1-01,,WT,,2739.63,-0.0015,0.006,0,0,,-0.5703,,,0,,0.1236
TCGA-E3-A3E2-01,,WT,,2926.19,0.2738,-0.001,0,0,,-0.3328,,,0,,0.3662
TCGA-E3-A3E3-01,,WT,,2880.99,0.2071,0.0,0,0,,-0.3889,,,0,,0.3089
TCGA-E3-A3E5-01,,WT,,3360.91,0.9153,-0.001,0,0,,0.1667,,,0,,0.8762
TCGA-E5-A2PC-01,,X274_splice,,2392.9,0.661,-0.157,1,1,,0.4273,,,-1,,0.59
TCGA-E5-A4TZ-01,,WT,,3391.78,1.8398,-0.004,0,0,,1.4927,,,0,,1.1126
TCGA-E5-A4U1-01,,WT,,1381.21,-0.5329,0.077,0,0,,-1.2509,,,0,,-0.2331
TCGA-E6-A1LX-01,,L1199R R1012Q V1084A,,1647.3071,-0.5609,-0.008,1,1,,-2.381,,,0,,-0.3984
TCGA-E6-A1LZ-01,,S105L,,1529.965,-0.7158,0.318,1,1,,-2.7216,,,1,,-0.5843
TCGA-E6-A1M0-01,,E1005* E678*,,2332.4088,0.3436,0.119,1,1,,-0.7777,,,1,,0.4766
TCGA-E6-A2P8-01,,WT,,3885.52,2.394,0.0,0,0,,1.5757,,,0,,1.7609
TCGA-E6-A2P9-01,,WT,,2059.65,-0.0165,0.098,0,0,,-1.3511,,,0,,0.1637
TCGA-E6-A8L9-01,,WT,,1849.91,-0.2934,0.126,0,0,,-1.8462,,,1,,-0.1065
TCGA-E7-A3X6-01,,WT,,3146.3,1.5501,-0.001,0,0,,1.2633,,,0,,1.0001
TCGA-E7-A3Y1-01,,X547_splice,,660.047,-1.384,0.053,1,1,,-3.5046,,,0,,-1.3385
TCGA-E7-A4IJ-01,,Q593*,,402.412,-1.688,-0.078,1,1,,-5.0135,,,0,,-2.0786
TCGA-E7-A4XJ-01,,WT,,1170.79,-0.7812,0.0,0,0,,-1.7555,,,0,,-0.4806
TCGA-E7-A519-01,,R216*,,447.686,-1.6346,-0.019,1,1,,-4.6885,,,0,,-1.9192
TCGA-E7-A541-01,,WT,,1612.7,-0.2597,0.055,0,0,,-0.7778,,,0,,-0.001
TCGA-E7-A5KE-01,,WT,,2794.09,1.1345,-0.003,0,0,,0.9007,,,0,,0.8222
TCGA-E7-A5KF-01,,Q123*,,1536.47,-0.3497,-0.028,1,1,,-0.9256,,,0,,-0.0735
TCGA-E7-A677-01,,WT,,1953.16,0.1421,0.013,0,0,,-0.1929,,,0,,0.2859
TCGA-E7-A678-01,,Y331*,,249.185,-1.8688,0.021,1,1,,-6.4732,,,0,,-2.7946
TCGA-E7-A6MD-01,,Q847*,,816.08,-1.1998,-0.016,1,1,,-2.8571,,,0,,-1.0209
TCGA-E7-A6ME-01,,S208Y,,3236.35,1.6564,0.046,1,1,,1.3495,,,0,,1.0423
TCGA-E7-A6MF-01,,WT,,4063.11,2.6321,0.007,0,0,,2.0444,,,0,,1.3832
TCGA-E7-A7DU-01,,Q963* L432F,,436.011,-1.6483,-0.129,1,1,,-4.7691,,,-1,,-1.9587
TCGA-E7-A7DV-01,,WT,,1101.99,-0.8624,-0.004,0,0,,-1.9404,,,0,,-0.5713
TCGA-E7-A7PW-01,,WT,,2422.41,0.6958,0.0,0,0,,0.4647,,,0,,0.6084
TCGA-E7-A7XN-01,,WT,,1591.82,-0.2844,0.004,0,0,,-0.8176,,,0,,-0.0205
TCGA-E7-A85H-01,,WT,,1457.3,-0.4431,-0.444,0,0,,-1.0872,,,-1,,-0.1528
TCGA-E7-A8O7-01,,WT,,2441.26,0.7181,-0.061,0,0,,0.4884,,,0,,0.62
TCGA-E7-A97P-01,,L776P,,726.311,-1.3058,-0.037,1,1,,-3.2127,,,0,,-1.1953
TCGA-E7-A97Q-01,,WT,,1963.72,0.1545,-0.02,0,0,,-0.1764,,,0,,0.2939
TCGA-E8-A242-01,,WT,,2221.04,-0.7667,0.002,0,0,,-1.327,,,0,,-0.649
TCGA-E8-A2EA-01,,WT,,1664.6,-1.5878,0.003,0,0,,-2.3667,,,0,,-1.7106
TCGA-E8-A3X7-01,,WT,,1810.72,-1.3722,0.0,0,0,,-2.0634,,,0,,-1.4009
TCGA-E8-A413-01,,WT,,2416.83,-0.4778,-0.001,0,0,,-1.0223,,,0,,-0.3379
TCGA-E8-A414-01,,WT,,2960.44,0.3243,-0.004,0,0,,-0.2908,,,0,,0.409
TCGA-E8-A415-01,,WT,,2559.38,-0.2675,-0.001,0,0,,-0.8157,,,0,,-0.1269
TCGA-E8-A416-01,,WT,,2755.62,0.0221,-0.003,0,0,,-0.5493,,,0,,0.1451
TCGA-E8-A417-01,,WT,,2893.57,0.2257,-0.003,0,0,,-0.3732,,,0,,0.3249
TCGA-E8-A418-01,,WT,,2369.28,-0.548,-0.001,0,0,,-1.094,,,0,,-0.4111
TCGA-E8-A419-01,,WT,,1953.17,-1.162,0.001,0,0,,-1.7903,,,0,,-1.1221
TCGA-E8-A432-01,,WT,,2626.2,-0.1689,-0.065,0,0,,-0.7228,,,0,,-0.032
TCGA-E8-A433-01,,WT,,1498.49,-1.8329,0.0,0,0,,-2.7457,,,0,,-2.0976
TCGA-E8-A434-01,,WT,,2366.54,-0.552,-0.002,0,0,,-1.0982,,,0,,-0.4153
TCGA-E8-A436-01,,WT,,2381.87,-0.5294,0.002,0,0,,-1.0749,,,0,,-0.3916
TCGA-E8-A437-01,,WT,,1719.15,-1.5073,0.0,0,0,,-2.2504,,,0,,-1.5919
TCGA-E8-A438-01,,WT,,1582.23,-1.7093,0.006,0,0,,-2.5496,,,0,,-1.8974
TCGA-E8-A44K-01,,WT,,1913.7,-1.2202,0.002,0,0,,-1.8639,,,0,,-1.1973
TCGA-E8-A44M-01,,WT,,2111.59,-0.9282,0.001,0,0,,-1.5092,,,0,,-0.835
TCGA-E9-A1N3-01,,WT,,3607.81,1.0762,0.009,0,0,,0.3089,,,0,,0.9472
TCGA-E9-A1N4-01,,WT,,3541.22,1.0035,-0.155,0,0,,0.2413,,,-1,,0.8999
TCGA-E9-A1N5-01,,WT,,2342.95,-0.304,-0.038,0,0,,-1.2561,,,0,,-0.1483
TCGA-E9-A1N6-01,,WT,,2187.17,-0.474,-0.133,0,0,,-1.5055,,,-1,,-0.3229
TCGA-E9-A1N8-01,,WT,,3679.66,1.1546,-0.163,0,0,,0.3804,,,-1,,0.9973
TCGA-E9-A1N9-01,,WT,,3442.76,0.8961,-0.177,0,0,,0.1391,,,-1,,0.8284
TCGA-E9-A1NA-01,,WT,,2961.66,0.3711,-0.111,0,0,,-0.4066,,,-1,,0.4463
TCGA-E9-A1NC-01,,WT,,1455.41,-1.2725,-0.113,0,0,,-2.9817,,,-1,,-1.3564
TCGA-E9-A1ND-01,,WT,,2076.95,-0.5943,-0.07,0,0,,-1.6929,,,0,,-0.4541
TCGA-E9-A1NE-01,,WT,,3977.57,1.4797,0.007,0,0,,0.6626,,,0,,1.1948
TCGA-E9-A1NF-01,,WT,,2133.6,-0.5324,-0.262,0,0,,-1.5953,,,-1,,-0.3858
TCGA-E9-A1NG-01,,WT,,2464.37,-0.1715,-0.013,0,0,,-1.0729,,,0,,-0.0201
TCGA-E9-A1NH-01,,WT,,2244.19,-0.4118,-0.098,0,0,,-1.4122,,,0,,-0.2576
TCGA-E9-A1NI-01,,WT,,2139.73,-0.5258,0.0,0,0,,-1.5849,,,0,,-0.3786
TCGA-E9-A1QZ-01,,WT,,2867.4,0.2683,0.006,0,0,,-0.5238,,,0,,0.3643
TCGA-E9-A1R0-01,,R252Q,,3071.66,0.4912,-0.033,1,1,,-0.2744,,,0,,0.5389
TCGA-E9-A1R2-01,,WT,,2279.21,-0.3736,0.005,0,0,,-1.356,,,0,,-0.2183
TCGA-E9-A1R3-01,,WT,,3107.21,0.5299,0.034,0,0,,-0.2327,,,0,,0.5681
TCGA-E9-A1R4-01,,WT,,2680.95,0.0648,-0.059,0,0,,-0.7676,,,0,,0.1936
TCGA-E9-A1R5-01,,WT,,2671.59,0.0546,0.048,0,0,,-0.7802,,,0,,0.1848
TCGA-E9-A1R6-01,,WT,,2335.17,-0.3125,0.015,0,0,,-1.2681,,,0,,-0.1568
TCGA-E9-A1R7-01,,WT,,4577.41,2.1342,-0.05,0,0,,1.1719,,,0,,1.5513
TCGA-E9-A1RA-01,,WT,,2932.2,0.339,-0.023,0,0,,-0.4428,,,0,,0.421
TCGA-E9-A1RB-01,,WT,,2856.14,0.256,0.0,0,0,,-0.5381,,,0,,0.3543
TCGA-E9-A1RC-01,,WT,,3474.7,0.9309,0.17,0,0,,0.1726,,,1,,0.8518
TCGA-E9-A1RD-01,,WT,,3149.16,0.5757,0.048,0,0,,-0.184,,,0,,0.6021
TCGA-E9-A1RE-01,,WT,,3421.53,0.8729,0.012,0,0,,0.1167,,,0,,0.8127
TCGA-E9-A1RF-01,,WT,,2328.84,-0.3194,-0.056,0,0,,-1.278,,,0,,-0.1637
TCGA-E9-A1RG-01,,WT,,1659.43,-1.0499,0.227,0,0,,-2.5063,,,1,,-1.0236
TCGA-E9-A1RH-01,,WT,,4630.24,2.1919,0.026,0,0,,1.2135,,,0,,1.5805
TCGA-E9-A1RI-01,,WT,,2839.41,0.2377,-0.047,0,0,,-0.5594,,,0,,0.3394
TCGA-E9-A226-01,,WT,,2981.19,0.3924,-0.023,0,0,,-0.3827,,,0,,0.463
TCGA-E9-A227-01,,WT,,2461.73,-0.1744,0.008,0,0,,-1.0768,,,0,,-0.0228
TCGA-E9-A228-01,,WT,,3460.06,0.915,-0.086,0,0,,0.1573,,,0,,0.8411
TCGA-E9-A229-01,,WT,,2772.13,0.1643,-0.075,0,0,,-0.6463,,,0,,0.2785
TCGA-E9-A22A-01,,WT,,2080.53,-0.5904,-0.018,0,0,,-1.6866,,,0,,-0.4498
TCGA-E9-A22B-01,,WT,,2459.34,-0.177,-0.058,0,0,,-1.0803,,,0,,-0.0253
TCGA-E9-A22D-01,,WT,,1782.16,-0.9159,-0.078,0,0,,-2.2477,,,0,,-0.8425
TCGA-E9-A22E-01,,WT,,1758.52,-0.9417,0.0,0,0,,-2.2961,,,0,,-0.8764
TCGA-E9-A22G-01,,WT,,2142.58,-0.5226,-0.239,0,0,,-1.5801,,,-1,,-0.3752
TCGA-E9-A22H-01,,WT,,3409.7,0.86,-0.016,0,0,,0.1041,,,0,,0.8039
TCGA-E9-A243-01,,WT,,3378.06,0.8255,0.0,0,0,,0.0703,,,0,,0.7802
TCGA-E9-A244-01,,WT,,1619.41,-1.0935,0.008,0,0,,-2.5948,,,0,,-1.0855
TCGA-E9-A245-01,,WT,,2328.86,-0.3194,0.015,0,0,,-1.2779,,,0,,-0.1636
TCGA-E9-A247-01,,WT,,2358.29,-0.2873,0.368,0,0,,-1.2324,,,1,,-0.1318
TCGA-E9-A248-01,,WT,,3269.67,0.7072,0.0,0,0,,-0.0479,,,0,,0.6974
TCGA-E9-A249-01,,WT,,2565.04,-0.0617,-0.044,0,0,,-0.9278,,,0,,0.0815
TCGA-E9-A24A-01,,WT,,3335.63,0.7792,0.008,0,0,,0.0245,,,0,,0.7481
TCGA-E9-A295-01,,WT,,2418.93,-0.2211,0.059,0,0,,-1.1404,,,0,,-0.0673
TCGA-E9-A2JS-01,,WT,,2248.88,-0.4067,0.126,0,0,,-1.4046,,,1,,-0.2523
TCGA-E9-A2JT-01,,WT,,3605.52,1.0737,0.001,0,0,,0.3066,,,0,,0.9456
TCGA-E9-A3HO-01,,WT,,337.673,-2.4921,0.051,0,0,,-8.2716,,,0,,-5.0596
TCGA-E9-A3Q9-01,,WT,,2669.76,0.0526,0.015,0,0,,-0.7827,,,0,,0.183
TCGA-E9-A3QA-01,,WT,,1710.1,-0.9946,-0.006,0,0,,-2.3973,,,0,,-0.9473
TCGA-E9-A3X8-01,,WT,,661.79,-2.1385,-0.03,0,0,,-5.8367,,,0,,-3.355
TCGA-E9-A54X-01,,WT,,1902.18,-0.785,0.111,0,0,,-2.0115,,,1,,-0.6772
TCGA-E9-A54Y-01,,WT,,1265.4,-1.4798,0.02,0,0,,-3.4887,,,0,,-1.7113
TCGA-E9-A5FK-01,,WT,,1096.16,-1.6645,0.015,0,0,,-4.0089,,,0,,-2.0755
TCGA-E9-A5FL-01,,WT,,824.935,-1.9604,-0.129,0,0,,-5.0387,,,-1,,-2.7964
TCGA-E9-A5UO-01,,WT,,2252.19,-0.403,-0.172,0,0,,-1.3993,,,-1,,-0.2486
TCGA-E9-A5UP-01,,WT,,1340.65,-1.3977,0.0,0,0,,-3.2794,,,0,,-1.5648
TCGA-E9-A6HE-01,,WT,,909.893,-1.8677,-0.02,0,0,,-4.6836,,,0,,-2.5478
TCGA-EA-A1QS-01,,WT,,3286.25,1.2131,0.03,0,0,,,,,0,,1.0617
TCGA-EA-A1QT-01,,WT,,1967.61,-0.3905,-0.263,0,0,,,,,-1,,-0.2654
TCGA-EA-A3HQ-01,,WT,,2432.41,0.1748,-0.027,0,0,,,,,0,,0.2832
TCGA-EA-A3HR-01,,WT,,2816.92,0.6424,0.07,0,0,,,,,0,,0.6629
TCGA-EA-A3HS-01,,WT,,2161.36,-0.1549,-0.013,0,0,,,,,0,,-0.0225
TCGA-EA-A3HT-01,,WT,,3440.97,1.4013,0.059,0,0,,,,,0,,1.1807
TCGA-EA-A3HU-01,,WT,,4478.01,2.6624,,0,0,,,,,NP,,1.8624
TCGA-EA-A3QD-01,,WT,,2992.27,0.8556,0.003,0,0,,,,,0,,0.8192
TCGA-EA-A3QE-01,,WT,,2327.15,0.0468,0.189,0,0,,,,,1,,0.1688
TCGA-EA-A3Y4-01,,WT,,1385.92,-1.0979,0.024,0,0,,,,,0,,-1.172
TCGA-EA-A410-01,,WT,,1749.8,-0.6554,0.0,0,0,,,,,0,,-0.5689
TCGA-EA-A411-01,,WT,,1902.08,-0.4702,-0.146,0,0,,,,,-1,,-0.353
TCGA-EA-A439-01,,WT,,4045.97,2.137,0.352,0,0,,,,,1,,1.5998
TCGA-EA-A43B-01,,WT,,1322.43,-1.1751,0.043,0,0,,,,,0,,-1.2932
TCGA-EA-A44S-01,,WT,,2098.97,-0.2307,-0.192,0,0,,,,,-1,,-0.0982
TCGA-EA-A4BA-01,,NP,,2470.99,0.2217,0.052,0,0,NP,,,,0,,0.3239
TCGA-EA-A50E-01,,WT,,1895.63,-0.478,0.001,0,0,,,,,0,,-0.3618
TCGA-EA-A556-01,,WT,,2104.2,-0.2244,0.189,0,0,,,,,1,,-0.0918
TCGA-EA-A5FO-01,,WT,,5595.91,4.0219,0.044,0,0,,,,,0,,2.4391
TCGA-EA-A5O9-01,,WT,,2355.25,0.0809,0.412,0,0,,,,,1,,0.1998
TCGA-EA-A5ZD-01,,WT,,2154.16,-0.1636,0.08,0,0,,,,,0,,-0.0311
TCGA-EA-A5ZE-01,,WT,,2087.48,-0.2447,-0.909,1,1,,,,,-2,,-0.1124
TCGA-EA-A5ZF-01,,WT,,4295.4,2.4404,0.682,0,0,,,,,1,,1.7546
TCGA-EA-A6QX-01,,WT,,1398.86,-1.0822,-0.065,0,0,,,,,0,,-1.1479
TCGA-EA-A78R-01,,WT,,1007.66,-1.5579,-0.034,0,0,,,,,0,,-1.9962
TCGA-EA-A97N-01,,WT,,5212.24,3.5554,0.0,0,0,,,,,0,,2.2553
TCGA-EB-A1NK-01,,WT,,647.291,-1.6279,,0,0,,,,,NP,,-1.6052
TCGA-EB-A24C-01,,WT,,2558.88,0.4147,,0,0,,,,,NP,,0.5528
TCGA-EB-A24D-01,,WT,,2551.56,0.4068,,0,0,,,,,NP,,0.5483
TCGA-EB-A299-01,,WT,,1399.99,-0.8236,,0,0,,,,,NP,,-0.3943
TCGA-EB-A3HV-01,,WT,,703.12,-1.5682,,0,0,,,,,NP,,-1.4754
TCGA-EB-A3XB-01,,WT,,1642.44,-0.5645,,0,0,,,,,NP,,-0.1435
TCGA-EB-A3XC-01,,WT,,1963.57,-0.2214,,0,0,,,,,NP,,0.1369
TCGA-EB-A3XD-01,,WT,,461.25,-1.8266,,0,0,,,,,NP,,-2.1366
TCGA-EB-A3XE-01,,WT,,681.197,-1.5916,,0,0,,,,,NP,,-1.5251
TCGA-EB-A3XF-01,,WT,,2171.04,0.0003,,0,0,,,,,NP,,0.2947
TCGA-EB-A3Y6-01,,WT,,1298.28,-0.9323,,0,0,,,,,NP,,-0.5128
TCGA-EB-A3Y7-01,,WT,,174.135,-2.1334,,0,0,,,,,NP,,-3.6617
TCGA-EB-A41A-01,,WT,,1725.8,-0.4755,,0,0,,,,,NP,,-0.0658
TCGA-EB-A41B-01,,WT,,1562.88,-0.6496,,0,0,,,,,NP,,-0.2215
TCGA-EB-A42Y-01,,WT,,1494.6,-0.7225,,0,0,,,,,NP,,-0.2916
TCGA-EB-A42Z-01,,WT,,1393.61,-0.8304,,0,0,,,,,NP,,-0.4015
TCGA-EB-A430-01,,WT,,1336.66,-0.8913,,0,0,,,,,NP,,-0.467
TCGA-EB-A431-01,,WT,,1548.93,-0.6645,,0,0,,,,,NP,,-0.2356
TCGA-EB-A44N-01,,WT,,1925.86,-0.2617,,0,0,,,,,NP,,0.1065
TCGA-EB-A44O-01,,WT,,2281.3,0.1181,,0,0,,,,,NP,,0.3725
TCGA-EB-A44P-01,,WT,,2186.17,0.0164,,0,0,,,,,NP,,0.3056
TCGA-EB-A44Q-06,,WT,,2592.58,0.4507,0.051,0,0,,,,,0,,0.5734
TCGA-EB-A44R-06,,WT,,1865.51,-0.3262,0.092,0,0,,,,,0,,0.0565
TCGA-EB-A4IQ-01,,WT,,913.505,-1.3434,,0,0,,,,,NP,,-1.0646
TCGA-EB-A4IS-01,,WT,,1998.87,-0.1837,,0,0,,,,,NP,,0.1649
TCGA-EB-A4OY-01,,WT,,312.564,-1.9855,,0,0,,,,,NP,,-2.7465
TCGA-EB-A4OZ-01,,WT,,532.102,-1.7509,,0,0,,,,,NP,,-1.9126
TCGA-EB-A4P0-01,,WT,,1663.52,-0.542,,0,0,,,,,NP,,-0.1235
TCGA-EB-A4XL-01,,WT,,2734.22,0.602,,0,0,,,,,NP,,0.6569
TCGA-EB-A551-01,,WT,,2062.7,-0.1155,,0,0,,,,,NP,,0.2143
TCGA-EB-A553-01,,WT,,1342.24,-0.8853,,0,0,,,,,NP,,-0.4605
TCGA-EB-A57M-01,,WT,,429.51,-1.8606,,0,0,,,,,NP,,-2.2484
TCGA-EB-A5FP-01,,WT,,3026.59,0.9144,,0,0,,,,,NP,,0.8165
TCGA-EB-A5KH-06,,WT,,587.983,-1.6912,0.107,0,0,,,,,1,,-1.7559
TCGA-EB-A5SE-01,,WT,,1896.31,-0.2933,,0,0,,,,,NP,,0.0822
TCGA-EB-A5SF-01,,WT,,207.603,-2.0977,,0,0,,,,,NP,,-3.3869
TCGA-EB-A5SG-06,,WT,,1710.6,-0.4917,-0.004,0,0,,,,,0,,-0.0797
TCGA-EB-A5SH-06,,WT,,585.139,-1.6943,0.075,0,0,,,,,0,,-1.7635
TCGA-EB-A5UL-06,,WT,,2433.97,0.2812,-0.029,0,0,,,,,0,,0.4742
TCGA-EB-A5UM-01,,WT,,1111.97,-1.1314,,0,0,,,,,NP,,-0.756
TCGA-EB-A5UN-06,,WT,,2020.84,-0.1602,-0.045,0,0,,,,,0,,0.1821
TCGA-EB-A5VU-01,,WT,,4601.39,2.5971,,0,0,,,,,NP,,1.4746
TCGA-EB-A5VV-06,,NP,,3105.59,0.9988,0.001,0,0,NP,,,,0,,0.857
TCGA-EB-A6L9-06,,WT,,511.535,-1.7729,0.035,0,0,,,,,0,,-1.9744
TCGA-EB-A6QY-01,,WT,,2123.97,-0.05,,0,0,,,,,NP,,0.2602
TCGA-EB-A6QZ-01,,WT,,1195.85,-1.0417,,0,0,,,,,NP,,-0.6418
TCGA-EB-A6R0-01,,WT,,2581.75,0.4391,,0,0,,,,,NP,,0.5668
TCGA-EC-A1NJ-01,,WT,,2899.8323,1.0927,0.001,0,0,,0.2264,,,0,,1.0246
TCGA-EC-A1QX-01,,WT,,2073.585,0.0019,0.034,0,0,,-1.32,,,0,,0.1807
TCGA-EC-A24G-01,,WT,,2078.393,0.0082,-0.001,0,0,,-1.3093,,,0,,0.1865
TCGA-ED-A459-01,,WT,,2792.76,2.6935,-0.164,0,0,,2.6653,,,-1,,1.5529
TCGA-ED-A4XI-01,,WT,,1480.92,0.1182,0.003,0,0,,0.1027,,,0,,0.1208
TCGA-ED-A5KG-01,,WT,,2699.95,2.5113,-0.007,0,0,,2.5287,,,0,,1.4766
TCGA-ED-A627-01,,WT,,1541.21,0.2365,0.015,0,0,,0.2638,,,0,,0.2109
TCGA-ED-A66X-01,,WT,,1422.58,0.0037,0.078,0,0,,-0.0597,,,0,,0.0301
TCGA-ED-A66Y-01,,WT,,1921.35,0.9828,0.0,0,0,,1.1543,,,0,,0.7085
TCGA-ED-A7PX-01,,WT,,1610.82,0.3732,-0.162,0,0,,0.4423,,,-1,,0.3106
TCGA-ED-A7PY-01,,WT,,1427.38,0.0131,-0.033,0,0,,-0.0461,,,0,,0.0377
TCGA-ED-A7PZ-01,,WT,,936.838,-0.9499,-0.147,0,0,,-1.7464,,,-1,,-0.9126
TCGA-ED-A7XO-01,,WT,,1128.7,-0.5733,-0.065,0,0,,-0.9942,,,0,,-0.4922
TCGA-ED-A7XP-01,,WT,,2665.71,2.4441,-0.012,0,0,,2.4772,,,0,,1.4478
TCGA-ED-A82E-01,,WT,,1854.74,0.852,0.074,0,0,,1.0118,,,0,,0.6289
TCGA-ED-A8O5-01,,WT,,2112.97,1.359,-0.093,0,0,,1.5384,,,0,,0.9232
TCGA-ED-A8O6-01,,WT,,1305.86,-0.2255,-0.009,0,0,,-0.4054,,,0,,-0.1632
TCGA-ED-A97K-01,,WT,,1210.08,-0.4135,-0.347,0,0,,-0.713,,,-1,,-0.3351
TCGA-EE-A17X-06,,WT,,960.45,-1.2932,-0.102,0,0,,,,,-1,,-0.9859
TCGA-EE-A17Y-06,,WT,,1552.75,-0.6604,-0.184,0,0,,,,,-1,,-0.2317
TCGA-EE-A17Z-06,,WT,,1287.04,-0.9443,-0.083,0,0,,,,,0,,-0.5264
TCGA-EE-A180-06,,WT,,1792.73,-0.404,0.048,0,0,,,,,0,,-0.006
TCGA-EE-A181-06,,WT,,2178.45,0.0082,0.013,0,0,,,,,0,,0.3
TCGA-EE-A182-06,,WT,,253.961,-2.0481,-0.046,0,0,,,,,0,,-3.0715
TCGA-EE-A183-06,,WT,,431.14,-1.8588,0.044,0,0,,,,,0,,-2.2425
TCGA-EE-A184-06,,R298S,,1348.79,-0.8783,0.135,1,1,,,,,1,,-0.4528
TCGA-EE-A185-06,,WT,,994.475,-1.2569,-0.205,0,0,,,,,-1,,-0.9313
TCGA-EE-A20B-06,,WT,,3083.15,0.9748,-0.049,0,0,,,,,0,,0.8456
TCGA-EE-A20C-06,,WT,,3284.77,1.1903,-0.252,0,0,,,,,-1,,0.9451
TCGA-EE-A20F-06,,WT,,2473.94,0.3239,-0.12,0,0,,,,,-1,,0.4998
TCGA-EE-A20H-06,,WT,,4334.71,2.3121,0.026,0,0,,,,,0,,1.3808
TCGA-EE-A20I-06,,WT,,1289.58,-0.9416,-0.274,0,0,,,,,-1,,-0.5233
TCGA-EE-A29A-06,,WT,,2672.62,0.5362,0.106,0,0,,,,,1,,0.6211
TCGA-EE-A29B-06,,WT,,1116.55,-1.1265,-0.011,0,0,,,,,0,,-0.7495
TCGA-EE-A29C-06,,WT,,888.178,-1.3705,-0.119,0,0,,,,,-1,,-1.1087
TCGA-EE-A29D-06,,WT,,2277.37,0.1139,-0.141,0,0,,,,,-1,,0.3698
TCGA-EE-A29E-06,,WT,,1413.86,-0.8088,-0.002,0,0,,,,,0,,-0.3788
TCGA-EE-A29G-06,,WT,,2361.13,0.2034,-0.012,0,0,,,,,0,,0.4265
TCGA-EE-A29H-06,,WT,,2284.0,0.121,-0.694,0,0,,,,,-1,,0.3743
TCGA-EE-A29L-06,,WT,,2634.06,0.495,0.038,0,0,,,,,0,,0.5983
TCGA-EE-A29M-06,,WT,,2872.49,0.7498,-0.076,0,0,,,,,0,,0.7344
TCGA-EE-A29N-06,,WT,,2506.24,0.3584,-0.003,0,0,,,,,0,,0.5202
TCGA-EE-A29P-06,,WT,,2695.65,0.5608,-0.003,0,0,,,,,0,,0.6346
TCGA-EE-A29Q-06,,WT,,2687.55,0.5521,-0.21,0,0,,,,,-1,,0.6299
TCGA-EE-A29R-06,,WT,,1834.19,-0.3597,0.23,0,0,,,,,1,,0.0299
TCGA-EE-A29S-06,,WT,,1768.35,-0.43,-0.094,0,0,,,,,0,,-0.0275
TCGA-EE-A29T-06,,E104Dfs*7,,3586.08,1.5122,0.229,1,1,,,,,1,,1.0829
TCGA-EE-A29V-06,,WT,,616.199,-1.6611,-0.155,0,0,,,,,-1,,-1.6824
TCGA-EE-A29W-06,,WT,,2738.49,0.6066,0.001,0,0,,,,,0,,0.6594
TCGA-EE-A29X-06,,WT,,788.214,-1.4773,-0.215,0,0,,,,,-1,,-1.2961
TCGA-EE-A2A0-06,,WT,,4059.34,2.0179,-0.035,0,0,,,,,0,,1.2777
TCGA-EE-A2A1-06,,WT,,1389.86,-0.8344,0.074,0,0,,,,,0,,-0.4057
TCGA-EE-A2A2-06,,R1033*,,554.224,-1.7273,-0.172,1,1,,,,,-1,,-1.8487
TCGA-EE-A2A5-06,,WT,,1979.5,-0.2044,-0.026,0,0,,,,,0,,0.1496
TCGA-EE-A2A6-06,,WT,,2214.38,0.0466,0.045,0,0,,,,,0,,0.3257
TCGA-EE-A2GB-06,,WT,,2902.49,0.7818,0.073,0,0,,,,,0,,0.7507
TCGA-EE-A2GC-06,,WT,,3281.36,1.1866,-0.171,0,0,,,,,-1,,0.9435
TCGA-EE-A2GD-06,,WT,,2385.95,0.2299,-0.051,0,0,,,,,0,,0.4429
TCGA-EE-A2GE-06,,WT,,2251.96,0.0867,-0.09,0,0,,,,,0,,0.3521
TCGA-EE-A2GH-06,,WT,,2311.35,0.1502,0.015,0,0,,,,,0,,0.393
TCGA-EE-A2GI-06,,WT,,1917.3,-0.2709,-0.008,0,0,,,,,0,,0.0995
TCGA-EE-A2GJ-06,,WT,,2945.47,0.8277,-0.091,0,0,,,,,0,,0.7738
TCGA-EE-A2GK-06,,WT,,3176.65,1.0747,-0.002,0,0,,,,,0,,0.8925
TCGA-EE-A2GL-06,,WT,,2546.36,0.4013,0.015,0,0,,,,,0,,0.5451
TCGA-EE-A2GM-06,,M197Wfs*28,,396.025,-1.8963,0.026,1,1,,,,,0,,-2.3756
TCGA-EE-A2GN-06,,WT,,1635.6,-0.5719,0.22,0,0,,,,,1,,-0.1501
TCGA-EE-A2GO-06,,WT,,2342.87,0.1839,-0.051,0,0,,,,,0,,0.4143
TCGA-EE-A2GP-06,,WT,,3118.22,1.0123,-0.014,0,0,,,,,0,,0.8633
TCGA-EE-A2GR-06,,WT,,3156.55,1.0533,-0.153,0,0,,,,,-1,,0.8825
TCGA-EE-A2GS-06,,WT,,4785.16,2.7934,-0.239,0,0,,,,,-1,,1.5361
TCGA-EE-A2GT-06,,WT,,859.087,-1.4016,-0.007,0,0,,,,,0,,-1.161
TCGA-EE-A2GU-06,,WT,,3257.53,1.1612,-0.075,0,0,,,,,0,,0.932
TCGA-EE-A2M5-06,,WT,,1867.46,-0.3241,-0.016,0,0,,,,,0,,0.0581
TCGA-EE-A2M6-06,,WT,,3402.47,1.316,-0.011,0,0,,,,,0,,1.0004
TCGA-EE-A2M7-06,,WT,,2963.95,0.8475,0.073,0,0,,,,,0,,0.7836
TCGA-EE-A2M8-06,,WT,,2656.26,0.5187,-0.015,0,0,,,,,0,,0.6115
TCGA-EE-A2MC-06,,WT,,2264.76,0.1004,-0.016,0,0,,,,,0,,0.361
TCGA-EE-A2MD-06,,WT,,3330.15,1.2388,-0.071,0,0,,,,,0,,0.9666
TCGA-EE-A2ME-06,,WT,,2874.2,0.7516,0.015,0,0,,,,,0,,0.7354
TCGA-EE-A2MF-06,,WT,,2901.39,0.7806,-0.131,0,0,,,,,-1,,0.7501
TCGA-EE-A2MG-06,,WT,,2801.21,0.6736,-0.065,0,0,,,,,0,,0.6949
TCGA-EE-A2MH-06,,WT,,2709.58,0.5757,-0.031,0,0,,,,,0,,0.6427
TCGA-EE-A2MI-06,,WT,,2953.71,0.8365,0.008,0,0,,,,,0,,0.7782
TCGA-EE-A2MJ-06,,WT,,2481.27,0.3317,0.014,0,0,,,,,0,,0.5044
TCGA-EE-A2MK-06,,WT,,3144.1,1.04,-0.23,0,0,,,,,-1,,0.8763
TCGA-EE-A2ML-06,,WT,,2421.6,0.268,-0.029,0,0,,,,,0,,0.4662
TCGA-EE-A2MM-06,,WT,,5445.27,3.4987,-0.132,0,0,,,,,-1,,1.7391
TCGA-EE-A2MN-06,,WT,,1730.77,-0.4702,0.0,0,0,,,,,0,,-0.0613
TCGA-EE-A2MP-06,,WT,,1332.41,-0.8958,0.002,0,0,,,,,0,,-0.472
TCGA-EE-A2MQ-06,,WT,,2752.49,0.6215,-0.081,0,0,,,,,0,,0.6674
TCGA-EE-A2MR-06,,P67L,,2670.74,0.5342,0.041,1,1,,,,,0,,0.62
TCGA-EE-A2MS-06,,WT,,4279.19,2.2528,-0.13,0,0,,,,,-1,,1.3605
TCGA-EE-A2MT-06,,WT,,2038.18,-0.1417,-0.01,0,0,,,,,0,,0.1955
TCGA-EE-A2MU-06,,WT,,834.943,-1.4274,-0.233,0,0,,,,,-1,,-1.2057
TCGA-EE-A3AA-06,,WT,,2764.91,0.6348,0.0,0,0,,,,,0,,0.6745
TCGA-EE-A3AB-06,,L716V,,3057.89,0.9479,-0.064,1,1,,,,,0,,0.8327
TCGA-EE-A3AC-06,,WT,,3031.22,0.9194,-0.013,0,0,,,,,0,,0.8189
TCGA-EE-A3AD-06,,WT,,3055.26,0.945,-0.182,0,0,,,,,-1,,0.8313
TCGA-EE-A3AE-06,,WT,,3096.06,0.9886,0.0,0,0,,,,,0,,0.8521
TCGA-EE-A3AF-06,,WT,,837.057,-1.4251,-0.117,0,0,,,,,-1,,-1.2017
TCGA-EE-A3AG-06,,WT,,1773.67,-0.4243,-0.179,0,0,,,,,-1,,-0.0228
TCGA-EE-A3AH-06,,WT,,2924.29,0.8051,-0.213,0,0,,,,,-1,,0.7625
TCGA-EE-A3J3-06,,WT,,2727.48,0.5948,-0.018,0,0,,,,,0,,0.653
TCGA-EE-A3J4-06,,WT,,2426.32,0.273,-0.022,0,0,,,,,0,,0.4693
TCGA-EE-A3J5-06,,WT,,1892.85,-0.297,-0.031,0,0,,,,,0,,0.0793
TCGA-EE-A3J7-06,,WT,,2243.96,0.0782,0.122,0,0,,,,,1,,0.3466
TCGA-EE-A3J8-06,,WT,,3620.91,1.5494,-0.188,0,0,,,,,-1,,1.0981
TCGA-EE-A3JA-06,,WT,,3470.81,1.3891,-0.002,0,0,,,,,0,,1.0316
TCGA-EE-A3JB-06,,WT,,3026.77,0.9146,-0.068,0,0,,,,,0,,0.8166
TCGA-EE-A3JD-06,,WT,,2777.94,0.6487,0.01,0,0,,,,,0,,0.6818
TCGA-EE-A3JE-06,,WT,,2499.1,0.3508,-0.028,0,0,,,,,0,,0.5157
TCGA-EE-A3JH-06,,WT,,2191.39,0.022,0.381,0,0,,,,,1,,0.3093
TCGA-EE-A3JI-06,,WT,,4665.59,2.6657,0.003,0,0,,,,,0,,1.4963
TCGA-EF-5830-01,,WT,,2146.97,-0.5586,-0.012,0,0,,-0.0967,,,0,,-0.2807
TCGA-EF-5831-01,,WT,,3440.43,0.7276,-0.003,0,0,,2.7763,,,0,,0.8971
TCGA-EI-6506-01,,WT,,1839.74,-0.8641,-0.004,0,0,,-1.0375,,,0,,-0.6664
TCGA-EI-6507-01,,WT,,2377.53,-0.3293,0.025,0,0,,0.5247,,,0,,-0.0259
TCGA-EI-6508-01,,WT,,3115.04,0.404,-0.085,0,0,,2.1709,,,0,,0.6489
TCGA-EI-6509-01,,WT,,2613.02,-0.0952,-0.059,0,0,,1.1002,,,0,,0.21
TCGA-EI-6510-01,,WT,,2313.14,-0.3934,0.34,0,0,,0.3575,,,1,,-0.0945
TCGA-EI-6511-01,,WT,,3561.87,0.8483,0.031,0,0,,2.9876,,,0,,0.9837
TCGA-EI-6512-01,,WT,,4842.81,2.122,0.102,0,0,,4.8596,,,1,,1.7512
TCGA-EI-6513-01,,WT,,4046.32,1.33,-0.052,0,0,,3.7647,,,0,,1.3023
TCGA-EI-6514-01,,WT,,4356.86,1.6388,0.098,0,0,,4.2153,,,0,,1.487
TCGA-EI-6881-01,,WT,,2187.41,-0.5184,-0.125,0,0,,0.017,,,-1,,-0.2341
TCGA-EI-6882-01,,WT,,2504.86,-0.2027,0.032,0,0,,0.8426,,,0,,0.1044
TCGA-EI-6883-01,,WT,,1634.44,-1.0682,0.012,0,0,,-1.7583,,,0,,-0.9619
TCGA-EI-6884-01,,WT,,1950.78,-0.7537,0.049,0,0,,-0.6805,,,0,,-0.52
TCGA-EI-6885-01,,WT,,3066.94,0.3562,0.134,0,0,,2.0761,,,1,,0.61
TCGA-EI-6917-01,,R1186Q,,2883.85,0.1741,0.0,1,1,,1.701,,,0,,0.4563
TCGA-EI-7002-01,,WT,,3373.56,0.6611,-0.273,0,0,,2.6567,,,-1,,0.8481
TCGA-EI-7004-01,,WT,,2206.06,-0.4998,-0.037,0,0,,0.0687,,,0,,-0.2129
TCGA-EJ-5494-01,,WT,,3243.16,1.1058,0.017,0,0,,1.1146,,,0,,1.0887
TCGA-EJ-5495-01,,WT,,3791.88,1.8636,0.006,0,0,,1.9754,,,0,,1.6216
TCGA-EJ-5496-01,,WT,,3557.47,1.5399,-0.025,0,0,,1.624,,,0,,1.4041
TCGA-EJ-5497-01,,WT,,3776.06,1.8418,0.007,0,0,,1.9524,,,0,,1.6073
TCGA-EJ-5498-01,,WT,,3941.59,2.0704,-0.003,0,0,,2.1887,,,0,,1.7536
TCGA-EJ-5499-01,,WT,,3308.38,1.1959,-0.02,0,0,,1.2243,,,0,,1.1566
TCGA-EJ-5501-01,,WT,,2424.17,-0.0254,-0.027,0,0,,-0.4881,,,0,,0.0966
TCGA-EJ-5502-01,,WT,,2655.11,0.2936,0.02,0,0,,0.0129,,,0,,0.4067
TCGA-EJ-5503-01,,WT,,2451.07,0.0118,0.001,0,0,,-0.4274,,,0,,0.1342
TCGA-EJ-5504-01,,WT,,3073.74,0.8718,-0.043,0,0,,0.8192,,,0,,0.9058
TCGA-EJ-5505-01,,WT,,3106.43,0.9169,0.073,0,0,,0.8774,,,0,,0.9419
TCGA-EJ-5506-01,,WT,,3994.87,2.144,-0.007,0,0,,2.2626,,,0,,1.7994
TCGA-EJ-5507-01,,WT,,5024.42,3.566,-0.141,0,0,,3.5255,,,-1,,2.5811
TCGA-EJ-5508-01,,WT,,4429.15,2.7438,0.0,0,0,,2.831,,,0,,2.1512
TCGA-EJ-5509-01,,WT,,2495.83,0.0736,0.015,0,0,,-0.3277,,,0,,0.1959
TCGA-EJ-5510-01,,WT,,3916.23,2.0354,-0.011,0,0,,2.1531,,,0,,1.7316
TCGA-EJ-5511-01,,WT,,3214.83,1.0666,-0.03,0,0,,1.0663,,,0,,1.0588
TCGA-EJ-5512-01,,WT,,3010.76,0.7848,-0.008,0,0,,0.7051,,,0,,0.8352
TCGA-EJ-5514-01,,WT,,3025.41,0.805,0.012,0,0,,0.7319,,,0,,0.8518
TCGA-EJ-5515-01,,WT,,3385.69,1.3026,0.032,0,0,,1.3515,,,0,,1.2353
TCGA-EJ-5516-01,,WT,,4940.27,3.4498,-0.032,0,0,,3.4324,,,0,,2.5235
TCGA-EJ-5517-01,,WT,,3002.2,0.773,-0.026,0,0,,0.6895,,,0,,0.8255
TCGA-EJ-5518-01,,WT,,3154.89,0.9839,-0.004,0,0,,0.9626,,,0,,0.9947
TCGA-EJ-5519-01,,WT,,2397.25,-0.0626,-0.009,0,0,,-0.5496,,,0,,0.0585
TCGA-EJ-5521-01,,WT,,2050.46,-0.5415,-0.044,0,0,,-1.41,,,0,,-0.4741
TCGA-EJ-5522-01,,WT,,3853.14,1.9483,-0.017,0,0,,2.0637,,,0,,1.6762
TCGA-EJ-5524-01,,WT,,5106.7,3.6796,-0.048,0,0,,3.6149,,,0,,2.6365
TCGA-EJ-5525-01,,WT,,4156.94,2.3678,-0.033,0,0,,2.4816,,,0,,1.935
TCGA-EJ-5526-01,,WT,,4760.45,3.2014,0.024,0,0,,3.2282,,,0,,2.3971
TCGA-EJ-5527-01,,WT,,4683.52,3.0951,-0.008,0,0,,3.1385,,,0,,2.3416
TCGA-EJ-5530-01,,WT,,3229.82,1.0873,-0.022,0,0,,1.0919,,,0,,1.0747
TCGA-EJ-5531-01,,WT,,2787.21,0.476,0.005,0,0,,0.2803,,,0,,0.5723
TCGA-EJ-5532-01,,WT,,2645.28,0.28,0.006,0,0,,-0.0075,,,0,,0.3941
TCGA-EJ-5542-01,,WT,,4120.62,2.3177,-0.007,0,0,,2.4333,,,0,,1.905
TCGA-EJ-7115-01,,WT,,2518.71,0.1052,-0.038,0,0,,-0.2775,,,0,,0.227
TCGA-EJ-7123-01,,WT,,2367.58,-0.1035,-0.028,0,0,,-0.6182,,,0,,0.016
TCGA-EJ-7125-01,,WT,,2425.75,-0.0232,0.018,0,0,,-0.4846,,,0,,0.0988
TCGA-EJ-7218-01,,WT,,1783.39,-0.9104,-0.025,0,0,,-2.1783,,,0,,-0.9497
TCGA-EJ-7314-01,,WT,,2774.96,0.4591,-0.017,0,0,,0.256,,,0,,0.5572
TCGA-EJ-7315-01,,WT,,2768.79,0.4506,-0.035,0,0,,0.2438,,,0,,0.5496
TCGA-EJ-7317-01,,WT,,1975.06,-0.6457,-0.019,0,0,,-1.6163,,,0,,-0.6018
TCGA-EJ-7318-01,,WT,,1077.12,-1.8859,-0.004,0,0,,-4.9539,,,0,,-2.6679
TCGA-EJ-7321-01,,WT,,3015.26,0.791,-0.02,0,0,,0.7134,,,0,,0.8403
TCGA-EJ-7325-01,,WT,,1242.18,-1.6579,-0.064,0,0,,-4.1691,,,0,,-2.1821
TCGA-EJ-7327-01,,WT,,3860.96,1.9591,-0.023,0,0,,2.0749,,,0,,1.6831
TCGA-EJ-7328-01,,WT,,2977.29,0.7386,-0.002,0,0,,0.6436,,,0,,0.7971
TCGA-EJ-7330-01,,WT,,2967.39,0.7249,0.03,0,0,,0.6252,,,0,,0.7858
TCGA-EJ-7331-01,,WT,,3274.97,1.1497,-0.014,0,0,,1.1684,,,0,,1.122
TCGA-EJ-7781-01,,WT,,3625.04,1.6332,-0.009,0,0,,1.7276,,,0,,1.4682
TCGA-EJ-7782-01,,WT,,2872.7,0.5941,-0.131,0,0,,0.4467,,,-1,,0.6752
TCGA-EJ-7783-01,,WT,,3938.66,2.0664,-0.099,0,0,,2.1846,,,0,,1.7511
TCGA-EJ-7784-01,,WT,,3232.98,1.0917,0.03,0,0,,1.0973,,,0,,1.078
TCGA-EJ-7785-01,,WT,,3681.93,1.7118,-0.01,0,0,,1.8134,,,0,,1.5213
TCGA-EJ-7786-01,,WT,,2416.22,-0.0364,-0.04,0,0,,-0.5062,,,0,,0.0854
TCGA-EJ-7788-01,,WT,,3166.82,1.0003,-0.033,0,0,,0.9834,,,0,,1.0075
TCGA-EJ-7789-01,,WT,,3544.08,1.5214,0.235,0,0,,1.6032,,,1,,1.3912
TCGA-EJ-7791-01,,WT,,2381.43,-0.0844,-0.007,0,0,,-0.5861,,,0,,0.0359
TCGA-EJ-7792-01,,WT,,2534.51,0.127,0.002,0,0,,-0.243,,,0,,0.2483
TCGA-EJ-7793-01,,WT,,2640.77,0.2738,0.007,0,0,,-0.0169,,,0,,0.3883
TCGA-EJ-7794-01,,WT,,2824.7,0.5278,-0.017,0,0,,0.3539,,,0,,0.6178
TCGA-EJ-7797-01,,WT,,2626.16,0.2536,-0.018,0,0,,-0.0474,,,0,,0.3694
TCGA-EJ-8468-01,,WT,,2993.01,0.7603,-0.02,0,0,,0.6726,,,0,,0.8151
TCGA-EJ-8469-01,,WT,,3864.84,1.9644,-0.001,0,0,,2.0804,,,0,,1.6866
TCGA-EJ-8470-01,,WT,,2816.11,0.5159,-0.049,0,0,,0.3371,,,0,,0.6074
TCGA-EJ-8472-01,,WT,,3559.21,1.5423,-0.093,0,0,,1.6267,,,0,,1.4057
TCGA-EJ-8474-01,,WT,,2605.74,0.2254,-0.012,0,0,,-0.0904,,,0,,0.3428
TCGA-EJ-A46B-01,,WT,,1930.36,-0.7074,0.002,0,0,,-1.7423,,,0,,-0.6798
TCGA-EJ-A46D-01,,WT,,2231.93,-0.2909,-0.01,0,0,,-0.9431,,,0,,-0.1851
TCGA-EJ-A46E-01,,WT,,2174.73,-0.3699,0.001,0,0,,-1.086,,,0,,-0.2736
TCGA-EJ-A46F-01,,WT,,1420.22,-1.412,0.021,0,0,,-3.4318,,,0,,-1.7257
TCGA-EJ-A46G-01,,WT,,2237.5,-0.2832,0.03,0,0,,-0.9294,,,0,,-0.1766
TCGA-EJ-A46H-01,,WT,,2443.81,0.0017,0.005,0,0,,-0.4437,,,0,,0.1241
TCGA-EJ-A46I-01,,WT,,1971.83,-0.6501,0.004,0,0,,-1.6253,,,0,,-0.6074
TCGA-EJ-A65B-01,,WT,,2273.6733,-0.2332,-0.016,0,0,,-0.841,,,0,,-0.1219
TCGA-EJ-A65D-01,,WT,,2386.5156,-0.0774,-0.411,0,0,,-0.5743,,,-1,,0.0432
TCGA-EJ-A65E-01,,WT,,2486.64,0.0609,-0.021,0,0,,-0.348,,,0,,0.1833
TCGA-EJ-A65F-01,,WT,,3512.54,1.4778,0.051,0,0,,1.554,,,0,,1.3607
TCGA-EJ-A65G-01,,WT,,1967.57,-0.656,0.006,0,0,,-1.6372,,,0,,-0.6147
TCGA-EJ-A65J-01,,WT,,2378.81,-0.088,-0.009,0,0,,-0.5921,,,0,,0.0322
TCGA-EJ-A65M-01,,WT,,1475.5,-1.3357,0.017,0,0,,-3.2216,,,0,,-1.5956
TCGA-EJ-A6RA-01,,WT,,1613.57,-1.145,-0.002,0,0,,-2.7292,,,0,,-1.2907
TCGA-EJ-A6RC-01,,WT,,1711.75,-1.0094,0.012,0,0,,-2.404,,,0,,-1.0894
TCGA-EJ-A7NF-01,,WT,,2088.79,-0.4886,-0.013,0,0,,-1.308,,,0,,-0.411
TCGA-EJ-A7NG-01,,WT,,2089.11,-0.4882,0.01,0,0,,-1.3072,,,0,,-0.4105
TCGA-EJ-A7NH-01,,WT,,2201.37,-0.3331,-0.004,0,0,,-1.019,,,0,,-0.2321
TCGA-EJ-A7NJ-01,,WT,,2208.99,-0.3226,0.002,0,0,,-1.0,,,0,,-0.2203
TCGA-EJ-A7NK-01,,WT,,1920.2,-0.7214,-0.003,0,0,,-1.7714,,,0,,-0.6978
TCGA-EJ-A7NM-01,,WT,,2447.92,0.0074,-0.032,0,0,,-0.4345,,,0,,0.1298
TCGA-EJ-A7NN-01,,WT,,2316.25,-0.1744,,0,0,,-0.7389,,,NP,,-0.0587
TCGA-EJ-A8FN-01,,WT,,1708.54,-1.0138,0.046,0,0,,-2.4144,,,0,,-1.0958
TCGA-EJ-A8FO-01,,WT,,2353.63,-0.1228,-0.004,0,0,,-0.6507,,,0,,-0.0041
TCGA-EJ-A8FP-01,,WT,,2235.35,-0.2862,0.003,0,0,,-0.9346,,,0,,-0.1798
TCGA-EJ-A8FS-01,,WT,,1974.34,-0.6467,-0.067,0,0,,-1.6183,,,0,,-0.603
TCGA-EJ-A8FU-01,,WT,,2304.39,-0.1908,0.001,0,0,,-0.7672,,,0,,-0.0762
TCGA-EJ-AB20-01,,WT,,1376.03,-1.473,0.056,0,0,,-3.6058,,,0,,-1.8334
TCGA-EJ-AB27-01,,WT,,1952.25,-0.6772,0.013,0,0,,-1.6802,,,0,,-0.6414
TCGA-EK-A2GZ-01,,WT,,1807.95,-0.5847,-0.067,0,0,,,,,0,,-0.4843
TCGA-EK-A2H0-01,,WT,,1935.93,-0.429,0.53,0,0,,,,,1,,-0.3074
TCGA-EK-A2H1-01,,WT,,1317.93,-1.1806,0.019,0,0,,,,,0,,-1.3021
TCGA-EK-A2IP-01,,WT,,1951.84,-0.4097,-0.121,0,0,,,,,-1,,-0.2862
TCGA-EK-A2PG-01,,WT,,2475.37,0.227,0.34,0,0,,,,,1,,0.3285
TCGA-EK-A2PI-01,,WT,,2586.24,0.3618,-0.045,0,0,,,,,0,,0.4419
TCGA-EK-A2PK-01,,WT,,1252.19,-1.2605,0.009,0,0,,,,,0,,-1.4344
TCGA-EK-A2PL-01,,WT,,2137.8,-0.1835,-0.136,0,0,,,,,-1,,-0.0508
TCGA-EK-A2PM-01,,WT,,1293.34,-1.2105,0.198,0,0,,,,,1,,-1.3508
TCGA-EK-A2R7-01,,WT,,2055.88,-0.2831,0.03,0,0,,,,,0,,-0.1519
TCGA-EK-A2R8-01,,WT,,2687.03,0.4844,-0.067,0,0,,,,,0,,0.5408
TCGA-EK-A2R9-01,,WT,,1479.53,-0.9841,0.052,0,0,,,,,0,,-1.0029
TCGA-EK-A2RA-01,,WT,,2575.94,0.3493,0.201,0,0,,,,,1,,0.4315
TCGA-EK-A2RB-01,,WT,,3016.98,0.8857,0.215,0,0,,,,,1,,0.8405
TCGA-EK-A2RC-01,,WT,,1762.85,-0.6395,-0.051,0,0,,,,,0,,-0.5497
TCGA-EK-A2RD-01,,WT,,,,-0.085,0,0,,,,,0,,
TCGA-EK-A2RE-01,,WT,,2747.37,0.5578,0.134,0,0,,,,,1,,0.5982
TCGA-EK-A2RJ-01,,WT,,1293.96,-1.2097,0.02,0,0,,,,,0,,-1.3495
TCGA-EK-A2RK-01,,WT,,2379.64,0.1106,-0.265,0,0,,,,,-1,,0.2265
TCGA-EK-A2RL-01,,WT,,2292.65,0.0048,0.006,0,0,,,,,0,,0.1301
TCGA-EK-A2RM-01,,WT,,1130.82,-1.4081,-0.444,0,0,,,,,-1,,-1.6981
TCGA-EK-A2RN-01,,WT,,2306.77,0.022,-0.059,0,0,,,,,0,,0.146
TCGA-EK-A2RO-01,,WT,,1435.28,-1.0379,0.046,0,0,,,,,0,,-1.0814
TCGA-EK-A3GJ-01,,WT,,2047.8,-0.293,-0.164,0,0,,,,,-1,,-0.1621
TCGA-EK-A3GK-01,,WT,,1592.79,-0.8463,-0.145,0,0,,,,,-1,,-0.8121
TCGA-EK-A3GM-01,,WT,,2953.15,0.808,-0.049,0,0,,,,,0,,0.7851
TCGA-EK-A3GN-01,,WT,,1610.72,-0.8245,0.091,0,0,,,,,0,,-0.7832
TCGA-EL-A3CL-01,,WT,,3125.74,0.5683,-0.006,0,0,,-0.0949,,,0,,0.6091
TCGA-EL-A3CM-01,,WT,,3545.94,1.1883,0.002,0,0,,0.36,,,0,,1.0735
TCGA-EL-A3CN-01,,WT,,2770.84,0.0446,-0.001,0,0,,-0.5295,,,0,,0.1653
TCGA-EL-A3CO-01,,WT,,2603.73,-0.202,0.012,0,0,,-0.7538,,,0,,-0.0637
TCGA-EL-A3CP-01,,WT,,4270.18,2.257,0.001,0,0,,1.0302,,,0,,1.7579
TCGA-EL-A3CR-01,,WT,,1950.82,-1.1654,0.003,0,0,,-1.7947,,,0,,-1.1265
TCGA-EL-A3CS-01,,WT,,3113.7,0.5505,0.003,0,0,,-0.1088,,,0,,0.5949
TCGA-EL-A3CT-01,,WT,,3408.31,0.9852,0.0,0,0,,0.2172,,,0,,0.9278
TCGA-EL-A3CU-01,,WT,,3767.69,1.5155,0.003,0,0,,0.5787,,,0,,1.2969
TCGA-EL-A3CV-01,,WT,,3620.88,1.2989,-0.003,0,0,,0.4354,,,0,,1.1505
TCGA-EL-A3CW-01,,WT,,3217.64,0.7039,-0.002,0,0,,0.0096,,,0,,0.7158
TCGA-EL-A3CX-01,,WT,,1817.8,-1.3617,0.004,0,0,,-2.0493,,,0,,-1.3865
TCGA-EL-A3CY-01,,WT,,2733.02,-0.0112,0.007,0,0,,-0.579,,,0,,0.1147
TCGA-EL-A3CZ-01,,WT,,4577.49,2.7104,0.0,0,0,,1.2808,,,0,,2.0138
TCGA-EL-A3D1-01,,WT,,1156.92,-2.3369,-0.006,0,0,,-3.6781,,,0,,-3.0497
TCGA-EL-A3D4-01,,WT,,1866.38,-1.29,-0.003,0,0,,-1.9542,,,0,,-1.2894
TCGA-EL-A3D6-01,,WT,,3062.96,0.4756,0.003,0,0,,-0.168,,,0,,0.5344
TCGA-EL-A3GO-01,,WT,,2614.02,-0.1868,-0.032,0,0,,-0.7395,,,0,,-0.0492
TCGA-EL-A3GP-01,,WT,,3031.74,0.4295,-0.043,0,0,,-0.205,,,0,,0.4967
TCGA-EL-A3GQ-01,,WT,,4768.76,2.9927,-0.011,0,0,,1.4285,,,0,,2.1645
TCGA-EL-A3GR-01,,WT,,3639.86,1.3269,0.001,0,0,,0.4543,,,0,,1.1698
TCGA-EL-A3GS-01,,WT,,3128.6,0.5725,0.0,0,0,,-0.0916,,,0,,0.6125
TCGA-EL-A3GU-01,,WT,,2816.21,0.1115,0.036,0,0,,-0.4709,,,0,,0.2251
TCGA-EL-A3GV-01,,WT,,3952.1,1.7876,0.0,0,0,,0.7511,,,0,,1.4728
TCGA-EL-A3GW-01,,WT,,3683.8,1.3917,-0.008,0,0,,0.4975,,,0,,1.214
TCGA-EL-A3GX-01,,WT,,2968.56,0.3363,0.0,0,0,,-0.2809,,,0,,0.4191
TCGA-EL-A3GY-01,,WT,,3175.83,0.6422,0.002,0,0,,-0.0375,,,0,,0.6676
TCGA-EL-A3GZ-01,,WT,,3224.97,0.7147,0.0,0,0,,0.0178,,,0,,0.7242
TCGA-EL-A3H1-01,,WT,,2876.35,0.2003,-0.001,0,0,,-0.3947,,,0,,0.3029
TCGA-EL-A3H2-01,,WT,,2882.12,0.2088,-0.051,0,0,,-0.3875,,,0,,0.3103
TCGA-EL-A3H3-01,,WT,,2471.48,-0.3972,0.0,0,0,,-0.9417,,,0,,-0.2556
TCGA-EL-A3H4-01,,WT,,4242.56,2.2162,0.002,0,0,,1.0068,,,0,,1.734
TCGA-EL-A3H5-01,,WT,,2180.64,-0.8263,0.008,0,0,,-1.3931,,,0,,-0.7165
TCGA-EL-A3H7-01,,WT,,2478.9,-0.3862,0.0,0,0,,-0.9309,,,0,,-0.2446
TCGA-EL-A3H8-01,,WT,,4123.42,2.0404,0.001,0,0,,0.9041,,,0,,1.6291
TCGA-EL-A3MW-01,,WT,,3078.58,0.4987,0.002,0,0,,-0.1497,,,0,,0.5531
TCGA-EL-A3MX-01,,WT,,2537.79,-0.2993,-0.002,0,0,,-0.8463,,,0,,-0.1581
TCGA-EL-A3MY-01,,WT,,2538.85,-0.2978,0.006,0,0,,-0.8447,,,0,,-0.1566
TCGA-EL-A3MZ-01,,WT,,2571.66,-0.2493,0.028,0,0,,-0.7984,,,0,,-0.1093
TCGA-EL-A3N2-01,,WT,,3465.21,1.0692,-0.001,0,0,,0.2769,,,0,,0.9887
TCGA-EL-A3N3-01,,WT,,2607.14,-0.197,0.001,0,0,,-0.749,,,0,,-0.0589
TCGA-EL-A3T0-01,,WT,,2521.82,-0.3229,-0.002,0,0,,-0.869,,,0,,-0.1814
TCGA-EL-A3T1-01,,WT,,2804.88,0.0948,-0.001,0,0,,-0.4854,,,0,,0.2103
TCGA-EL-A3T2-01,,I910R,,4136.42,2.0596,-0.01,1,1,,0.9154,,,0,,1.6407
TCGA-EL-A3T3-01,,WT,,1879.05,-1.2714,0.0,0,0,,-1.9298,,,0,,-1.2645
TCGA-EL-A3T6-01,,WT,,2404.55,-0.4959,0.001,0,0,,-1.0407,,,0,,-0.3567
TCGA-EL-A3T7-01,,WT,,2678.89,-0.0911,-0.001,0,0,,-0.6511,,,0,,0.0411
TCGA-EL-A3T8-01,,WT,,2725.47,-0.0224,0.004,0,0,,-0.589,,,0,,0.1046
TCGA-EL-A3T9-01,,WT,,1728.46,-1.4936,0.111,0,0,,-2.231,,,1,,-1.572
TCGA-EL-A3TA-01,,WT,,2217.12,-0.7725,0.02,0,0,,-1.3333,,,0,,-0.6555
TCGA-EL-A3TB-01,,WT,,2047.1,-1.0234,0.0,0,0,,-1.621,,,0,,-0.9492
TCGA-EL-A3ZG-01,,WT,,2390.93,-0.516,0.007,0,0,,-1.0612,,,0,,-0.3776
TCGA-EL-A3ZH-01,,WT,,2387.57,-0.521,0.012,0,0,,-1.0663,,,0,,-0.3828
TCGA-EL-A3ZK-01,,WT,,2457.68,-0.4175,-0.005,0,0,,-0.9619,,,0,,-0.2762
TCGA-EL-A3ZL-01,,WT,,2593.45,-0.2172,-0.01,0,0,,-0.768,,,0,,-0.0783
TCGA-EL-A3ZM-01,,NP,,1396.8,-1.983,0.096,0,0,NP,-2.999,,,0,,-2.3562
TCGA-EL-A3ZN-01,,WT,,2269.05,-0.6959,0.0,0,0,,-1.2498,,,0,,-0.5702
TCGA-EL-A3ZO-01,,WT,,1674.8,-1.5727,0.01,0,0,,-2.3447,,,0,,-1.6881
TCGA-EL-A3ZP-01,,WT,,2044.39,-1.0274,0.006,0,0,,-1.6258,,,0,,-0.9541
TCGA-EL-A3ZQ-01,,WT,,1162.4,-2.3288,0.0,0,0,,-3.6611,,,0,,-3.0323
TCGA-EL-A3ZR-01,,WT,,2305.34,-0.6423,0.065,0,0,,-1.1926,,,0,,-0.5118
TCGA-EL-A3ZS-01,,WT,,2243.72,-0.7332,-0.012,0,0,,-1.2903,,,0,,-0.6116
TCGA-EL-A3ZT-01,,WT,,1971.23,-1.1353,0.005,0,0,,-1.7572,,,0,,-1.0882
TCGA-EL-A4JV-01,,WT,,2499.4,-0.356,-0.002,0,0,,-0.9012,,,0,,-0.2142
TCGA-EL-A4JW-01,,WT,,1992.49,-1.104,0.002,0,0,,-1.7185,,,0,,-1.0487
TCGA-EL-A4JX-01,,WT,,2101.64,-0.9429,0.019,0,0,,-1.5262,,,0,,-0.8524
TCGA-EL-A4JZ-01,,WT,,2207.11,-0.7873,0.0,0,0,,-1.3496,,,0,,-0.6721
TCGA-EL-A4K0-01,,WT,,3353.64,0.9045,0.007,0,0,,0.1589,,,0,,0.8682
TCGA-EL-A4K1-01,,WT,,2426.91,-0.4629,0.011,0,0,,-1.0073,,,0,,-0.3226
TCGA-EL-A4K2-01,,WT,,2168.71,-0.8439,0.008,0,0,,-1.4129,,,0,,-0.7367
TCGA-EL-A4K4-01,,WT,,2668.22,-0.1069,0.0,0,0,,-0.6655,,,0,,0.0264
TCGA-EL-A4K6-01,,WT,,1757.94,-1.4501,-0.052,0,0,,-2.17,,,0,,-1.5098
TCGA-EL-A4K7-01,,WT,,1544.11,-1.7656,0.006,0,0,,-2.6376,,,0,,-1.9872
TCGA-EL-A4K9-01,,WT,,2408.38,-0.4903,0.02,0,0,,-1.035,,,0,,-0.3508
TCGA-EL-A4KD-01,,WT,,2192.98,-0.8081,0.001,0,0,,-1.3728,,,0,,-0.6958
TCGA-EL-A4KG-01,,WT,,2980.2,0.3535,0.005,0,0,,-0.2668,,,0,,0.4335
TCGA-EL-A4KH-01,,WT,,1385.08,-2.0003,0.004,0,0,,-3.0294,,,0,,-2.3872
TCGA-EL-A4KI-01,,WT,,1205.22,-2.2657,0.06,0,0,,-3.5307,,,0,,-2.8991
TCGA-EM-A1CS-01,,WT,,4243.26,2.2173,-0.01,0,0,,1.0074,,,0,,1.7346
TCGA-EM-A1CT-01,,WT,,3527.78,1.1615,0.0,0,0,,0.3415,,,0,,1.0546
TCGA-EM-A1CU-01,,WT,,3068.99,0.4845,0.012,0,0,,-0.1609,,,0,,0.5416
TCGA-EM-A1CV-01,,WT,,4385.22,2.4267,-0.002,0,0,,1.1261,,,0,,1.8558
TCGA-EM-A1CW-01,,WT,,2436.21,-0.4492,0.0,0,0,,-0.9935,,,0,,-0.3085
TCGA-EM-A1YA-01,,WT,,1957.18,-1.1561,0.001,0,0,,-1.7829,,,0,,-1.1146
TCGA-EM-A1YB-01,,WT,,1698.81,-1.5373,-0.057,0,0,,-2.2934,,,0,,-1.6357
TCGA-EM-A1YC-01,,WT,,3776.64,1.5287,0.229,0,0,,0.5873,,,1,,1.3056
TCGA-EM-A1YD-01,,WT,,2984.6,0.36,0.166,0,0,,-0.2615,,,1,,0.439
TCGA-EM-A1YE-01,,WT,,2279.94,-0.6798,-0.15,0,0,,-1.2326,,,-1,,-0.5526
TCGA-EM-A22I-01,,WT,,2856.6,0.1711,0.006,0,0,,-0.4195,,,0,,0.2776
TCGA-EM-A22J-01,,WT,,3426.11,1.0115,0.001,0,0,,0.236,,,0,,0.9469
TCGA-EM-A22K-01,,WT,,3457.07,1.0572,-0.007,0,0,,0.2685,,,0,,0.9801
TCGA-EM-A22L-01,,WT,,4153.52,2.0848,-0.016,0,0,,0.9303,,,0,,1.6559
TCGA-EM-A22M-01,,WT,,2022.83,-1.0592,-0.015,0,0,,-1.664,,,0,,-0.9931
TCGA-EM-A22N-01,,WT,,3152.17,0.6073,0.103,0,0,,-0.0645,,,1,,0.6401
TCGA-EM-A22O-01,,WT,,2284.32,-0.6733,0.0,0,0,,-1.2257,,,0,,-0.5455
TCGA-EM-A22P-01,,WT,,3258.6,0.7643,-0.001,0,0,,0.0552,,,0,,0.7624
TCGA-EM-A22Q-01,,WT,,982.301,-2.5946,-0.044,0,0,,-4.2678,,,0,,-3.6517
TCGA-EM-A2CJ-01,,WT,,2466.67,-0.4043,-0.012,0,0,,-0.9487,,,0,,-0.2628
TCGA-EM-A2CK-01,,WT,,3258.15,0.7636,0.005,0,0,,0.0547,,,0,,0.7619
TCGA-EM-A2CL-01,,WT,,3244.14,0.743,0.005,0,0,,0.0392,,,0,,0.746
TCGA-EM-A2CN-01,,WT,,2780.31,0.0585,0.005,0,0,,-0.5172,,,0,,0.1779
TCGA-EM-A2CO-01,,WT,,2807.19,0.0982,0.08,0,0,,-0.4825,,,0,,0.2133
TCGA-EM-A2CP-01,,WT,,2859.71,0.1757,0.0,0,0,,-0.4156,,,0,,0.2816
TCGA-EM-A2CQ-01,,WT,,3136.59,0.5843,0.0,0,0,,-0.0824,,,0,,0.6219
TCGA-EM-A2CR-01,,WT,,953.839,-2.6366,,0,0,,-4.3737,,,NP,,-3.7599
TCGA-EM-A2CT-01,,WT,,2973.39,0.3434,0.002,0,0,,-0.275,,,0,,0.4251
TCGA-EM-A2CU-01,,WT,,2453.65,-0.4235,0.002,0,0,,-0.9678,,,0,,-0.2823
TCGA-EM-A2OV-01,,WT,,2930.19,0.2797,0.002,0,0,,-0.3278,,,0,,0.3712
TCGA-EM-A2OW-01,,WT,,2546.02,-0.2872,0.0,0,0,,-0.8346,,,0,,-0.1462
TCGA-EM-A2OX-01,,WT,,3008.19,0.3948,-0.01,0,0,,-0.2331,,,0,,0.468
TCGA-EM-A2OY-01,,WT,,3961.49,1.8015,0.037,0,0,,0.7596,,,0,,1.4816
TCGA-EM-A2OZ-01,,WT,,3489.5,1.105,0.005,0,0,,0.3021,,,0,,1.0144
TCGA-EM-A2P0-01,,WT,,3880.54,1.682,0.008,0,0,,0.6852,,,0,,1.4055
TCGA-EM-A2P1-01,,WT,,3287.05,0.8063,0.005,0,0,,0.0866,,,0,,0.7944
TCGA-EM-A2P2-01,,WT,,3730.84,1.4611,0.002,0,0,,0.5433,,,0,,1.2607
TCGA-EM-A2P3-01,,WT,,3421.07,1.004,0.0,0,0,,0.2307,,,0,,0.9415
TCGA-EM-A3AI-01,,WT,,2101.53,-0.9431,0.203,0,0,,-1.5264,,,1,,-0.8526
TCGA-EM-A3AJ-01,,WT,,2063.7,-0.9989,-0.006,0,0,,-1.5919,,,0,,-0.9195
TCGA-EM-A3AK-01,,WT,,3159.21,0.6176,-0.001,0,0,,-0.0565,,,0,,0.6483
TCGA-EM-A3AL-01,,WT,,2466.77,-0.4041,0.001,0,0,,-0.9486,,,0,,-0.2626
TCGA-EM-A3AN-01,,WT,,3427.65,1.0138,0.031,0,0,,0.2376,,,0,,0.9486
TCGA-EM-A3AO-01,,WT,,1670.24,-1.5795,0.009,0,0,,-2.3545,,,0,,-1.6982
TCGA-EM-A3AP-01,,WT,,3381.15,0.9451,-0.005,0,0,,0.1884,,,0,,0.8983
TCGA-EM-A3AQ-01,,WT,,2362.41,-0.5581,0.002,0,0,,-1.1045,,,0,,-0.4218
TCGA-EM-A3AR-01,,WT,,3537.88,1.1764,0.001,0,0,,0.3518,,,0,,1.0651
TCGA-EM-A3FJ-01,,WT,,3229.77,0.7218,-0.004,0,0,,0.0232,,,0,,0.7296
TCGA-EM-A3FK-01,,WT,,3882.64,1.6851,0.808,1,1,,0.6871,,,2,,1.4075
TCGA-EM-A3FL-01,,WT,,2522.81,-0.3214,0.0,0,0,,-0.8676,,,0,,-0.1799
TCGA-EM-A3FM-01,,WT,,1579.3,-1.7137,0.0,0,0,,-2.5563,,,0,,-1.9042
TCGA-EM-A3FN-01,,WT,,2438.87,-0.4453,0.0,0,0,,-0.9896,,,0,,-0.3045
TCGA-EM-A3FO-01,,WT,,3119.58,0.5592,0.005,0,0,,-0.102,,,0,,0.6018
TCGA-EM-A3FP-01,,WT,,2195.71,-0.8041,-0.003,0,0,,-1.3683,,,0,,-0.6912
TCGA-EM-A3FQ-01,,WT,,2729.3,-0.0167,-0.003,0,0,,-0.5839,,,0,,0.1097
TCGA-EM-A3FR-01,,WT,,2843.32,0.1515,0.002,0,0,,-0.4363,,,0,,0.2604
TCGA-EM-A3O3-01,,WT,,1687.46,-1.5541,0.008,0,0,,-2.3175,,,0,,-1.6604
TCGA-EM-A3O6-01,,WT,,2056.27,-1.0098,-0.007,0,0,,-1.6049,,,0,,-0.9327
TCGA-EM-A3O7-01,,WT,,2842.11,0.1497,-0.002,0,0,,-0.4379,,,0,,0.2588
TCGA-EM-A3O8-01,,WT,,3858.4,1.6494,0.0,0,0,,0.6645,,,0,,1.3845
TCGA-EM-A3O9-01,,WT,,1984.87,-1.1152,-0.076,0,0,,-1.7323,,,0,,-1.0628
TCGA-EM-A3OA-01,,WT,,2332.59,-0.6021,0.0,0,0,,-1.1503,,,0,,-0.4685
TCGA-EM-A3OB-01,,WT,,2597.35,-0.2114,0.013,0,0,,-0.7626,,,0,,-0.0727
TCGA-EM-A3ST-01,,WT,,1798.22,-1.3906,0.0,0,0,,-2.0883,,,0,,-1.4264
TCGA-EM-A3SU-01,,WT,,1756.06,-1.4528,0.002,0,0,,-2.1739,,,0,,-1.5137
TCGA-EM-A3SX-01,,WT,,3343.26,0.8892,-0.004,0,0,,0.1477,,,0,,0.8568
TCGA-EM-A3SY-01,,WT,,2265.47,-0.7012,-0.022,0,0,,-1.2555,,,0,,-0.576
TCGA-EM-A3SZ-01,,WT,,2638.64,-0.1505,0.002,0,0,,-0.7057,,,0,,-0.0147
TCGA-EM-A4FF-01,,WT,,3032.85,0.4312,-0.002,0,0,,-0.2037,,,0,,0.498
TCGA-EM-A4FH-01,,WT,,2703.77,-0.0544,0.0,0,0,,-0.6178,,,0,,0.0751
TCGA-EM-A4FK-01,,WT,,2679.62,-0.09,0.001,0,0,,-0.6502,,,0,,0.0421
TCGA-EM-A4FM-01,,WT,,2240.67,-0.7377,0.004,0,0,,-1.2952,,,0,,-0.6166
TCGA-EM-A4FN-01,,WT,,2074.02,-0.9837,0.008,0,0,,-1.5739,,,0,,-0.9011
TCGA-EM-A4FO-01,,WT,,2211.84,-0.7803,-0.007,0,0,,-1.3419,,,0,,-0.6642
TCGA-EM-A4FQ-01,,WT,,2412.92,-0.4836,0.011,0,0,,-1.0282,,,0,,-0.3439
TCGA-EM-A4FR-01,,WT,,2238.04,-0.7416,-0.01,0,0,,-1.2995,,,0,,-0.6209
TCGA-EM-A4FU-01,,WT,,2662.26,-0.1157,0.002,0,0,,-0.6736,,,0,,0.0182
TCGA-EM-A4FV-01,,WT,,2633.02,-0.1588,0.0,0,0,,-0.7134,,,0,,-0.0225
TCGA-EM-A4G1-01,,WT,,3225.49,0.7154,0.0,0,0,,0.0184,,,0,,0.7248
TCGA-EO-A1Y5-01,,WT,,1998.4482,-0.0973,-0.179,0,0,,-1.4901,,,-1,,0.0878
TCGA-EO-A1Y7-01,,WT,,1626.87,-0.5879,-0.099,0,0,,-2.4385,,,0,,-0.4298
TCGA-EO-A1Y8-01,,WT,,1699.2805,-0.4923,0.033,0,0,,-2.2378,,,0,,-0.3202
TCGA-EO-A22R-01,,Q773* A4V L734M R298C Y1142C,,3126.1817,1.3915,-0.009,1,1,,0.573,,,0,,1.2137
TCGA-EO-A22S-01,,WT,,2527.2883,0.6009,-0.001,0,0,,-0.4076,,,0,,0.6785
TCGA-EO-A22T-01,,WT,,3489.2775,1.8709,0.004,0,0,,1.0797,,,0,,1.4902
TCGA-EO-A22U-01,,WT,,1963.22,-0.1438,-0.003,0,0,,-1.5721,,,0,,0.043
TCGA-EO-A22X-01,,E383* I646L K358N K382T L923M,,1575.93,-0.6551,0.01,1,1,,-2.5852,,,0,,-0.5098
TCGA-EO-A22Y-01,,WT,,2808.67,0.9723,0.336,0,0,,0.0791,,,1,,0.9442
TCGA-EO-A2CG-01,,WT,,2261.4998,0.25,0.092,0,0,,-0.92,,,0,,0.3989
TCGA-EO-A2CH-01,,WT,,3319.2692,1.6464,0.371,0,0,,0.8494,,,1,,1.3645
TCGA-EO-A3AS-01,,WT,,1701.2,-0.4898,-0.41,0,0,,-2.2326,,,-1,,-0.3174
TCGA-EO-A3AU-01,,WT,,2480.6,0.5392,0.0,0,0,,-0.4936,,,0,,0.6316
TCGA-EO-A3AV-01,,WT,,1117.86,-1.2599,0.002,0,0,,-4.1682,,,0,,-1.3737
TCGA-EO-A3AY-01,,M255V M904I,,542.446,-2.0195,-0.012,1,1,,-7.4993,,,0,,-3.1916
TCGA-EO-A3AZ-01,,WT,,709.629,-1.7988,0.037,0,0,,-6.262,,,0,,-2.5164
TCGA-EO-A3B0-01,,E1246* F1251V,,1775.03,-0.3923,0.038,1,1,,-2.0367,,,0,,-0.2105
TCGA-EO-A3B1-01,,WT,,1938.0,-0.1771,0.238,0,0,,-1.6318,,,1,,0.0105
TCGA-EO-A3KU-01,,WT,,3404.72,1.7592,0.493,0,0,,0.9666,,,1,,1.4285
TCGA-EO-A3KW-01,,WT,,2635.24,0.7434,-0.34,0,0,,-0.2148,,,-1,,0.7838
TCGA-EO-A3KX-01,,WT,,2494.12,0.5571,-0.008,0,0,,-0.4686,,,0,,0.6453
TCGA-EO-A3L0-01,,WT,,1650.07,-0.5573,0.065,0,0,,-2.3733,,,0,,-0.3942
TCGA-EP-A12J-01,,WT,,2822.86,2.7526,0.836,0,0,,2.7086,,,1,,1.5772
TCGA-EP-A26S-01,,WT,,1744.36,0.6353,0.027,0,0,,0.764,,,0,,0.4904
TCGA-EP-A2KA-01,,WT,,832.74,-1.1543,0.157,0,0,,-2.222,,,1,,-1.1784
TCGA-EP-A2KB-01,,WT,,1066.89,-0.6946,0.011,0,0,,-1.2216,,,0,,-0.6193
TCGA-EP-A2KC-01,,WT,,1584.05,0.3206,0.077,0,0,,0.3746,,,0,,0.2728
TCGA-EP-A3JL-01,,WT,,1095.78,-0.6379,0.13,0,0,,-1.1137,,,1,,-0.559
TCGA-EP-A3RK-01,,WT,,1403.19,-0.0344,-0.058,0,0,,-0.1151,,,0,,-0.0009
TCGA-EQ-5647-01,,WT,,,,0.142,0,0,,,,,1,,
TCGA-EQ-8122-01,,WT,,3027.1781,0.3908,0.439,0,0,,1.1297,,,1,,0.3411
TCGA-EQ-A4SO-01,,WT,,2599.8435,-0.1363,-0.087,0,0,,0.6448,,,0,,-0.1046
TCGA-ER-A193-06,,WT,,2136.4,-0.0368,-0.127,0,0,,,,,-1,,0.2694
TCGA-ER-A194-01,,WT,,378.589,-1.915,,0,0,,,,,NP,,-2.4462
TCGA-ER-A195-06,,P1143Q,,2657.87,0.5204,-0.082,1,1,,,,,0,,0.6124
TCGA-ER-A196-01,,WT,,1658.05,-0.5479,,0,0,,,,,NP,,-0.1287
TCGA-ER-A197-06,,WT,,1602.11,-0.6076,-0.009,0,0,,,,,0,,-0.1826
TCGA-ER-A198-06,,WT,,2595.61,0.4539,-0.021,0,0,,,,,0,,0.5752
TCGA-ER-A199-06,,WT,,1788.08,-0.4089,-0.06,0,0,,,,,0,,-0.0101
TCGA-ER-A19A-06,,WT,,2584.6,0.4421,0.006,0,0,,,,,0,,0.5685
TCGA-ER-A19B-06,,G603*,,3010.4,0.8971,-0.044,1,1,,,,,0,,0.8081
TCGA-ER-A19C-06,,WT,,1947.64,-0.2384,-0.07,0,0,,,,,0,,0.1241
TCGA-ER-A19D-06,,WT,,948.635,-1.3059,-0.08,0,0,,,,,0,,-1.0053
TCGA-ER-A19E-06,,WT,,1998.81,-0.1838,-0.434,0,0,,,,,-1,,0.1649
TCGA-ER-A19F-06,,WT,,2554.03,0.4095,-0.073,0,0,,,,,0,,0.5498
TCGA-ER-A19G-06,,WT,,3019.82,0.9072,0.214,0,0,,,,,1,,0.813
TCGA-ER-A19H-06,,WT,,3703.44,1.6376,-0.083,0,0,,,,,0,,1.1335
TCGA-ER-A19J-06,,WT,,2059.73,-0.1187,0.088,0,0,,,,,0,,0.212
TCGA-ER-A19K-01,,WT,,1839.84,-0.3536,,0,0,,,,,NP,,0.0347
TCGA-ER-A19L-06,,WT,,3587.44,1.5137,-0.143,0,0,,,,,-1,,1.0835
TCGA-ER-A19M-06,,WT,,2712.95,0.5793,0.183,0,0,,,,,1,,0.6447
TCGA-ER-A19N-06,,WT,,1329.54,-0.8989,0.094,0,0,,,,,0,,-0.4754
TCGA-ER-A19O-06,,WT,,1003.9,-1.2468,0.012,0,0,,,,,0,,-0.9165
TCGA-ER-A19P-06,,WT,,3270.19,1.1747,0.023,0,0,,,,,0,,0.9381
TCGA-ER-A19Q-06,,WT,,1642.97,-0.564,0.015,0,0,,,,,0,,-0.143
TCGA-ER-A19S-06,,WT,,2894.66,0.7734,-0.016,0,0,,,,,0,,0.7465
TCGA-ER-A19T-01,,WT,,2357.75,0.1998,,0,0,,,,,NP,,0.4242
TCGA-ER-A19T-06,,WT,,1317.51,-0.9117,-0.013,0,0,,,,,0,,-0.4897
TCGA-ER-A19W-06,,WT,,2398.0,0.2428,-0.047,0,0,,,,,0,,0.4508
TCGA-ER-A1A1-06,,WT,,3173.36,1.0712,0.0,0,0,,,,,0,,0.8909
TCGA-ER-A2NB-01,,WT,,295.868,-2.0033,,0,0,,,,,NP,,-2.8324
TCGA-ER-A2NC-06,,WT,,1857.67,-0.3346,0.104,0,0,,,,,1,,0.0499
TCGA-ER-A2ND-06,,WT,,1134.6,-1.1072,-0.332,0,0,,,,,-1,,-0.7243
TCGA-ER-A2NE-06,,WT,,3278.46,1.1835,-0.34,0,0,,,,,-1,,0.9421
TCGA-ER-A2NF-01,,WT,,3570.76,1.4958,,0,0,,,,,NP,,1.0762
TCGA-ER-A2NF-06,,WT,,4009.41,1.9645,1.39,0,0,,,,,1,,1.2582
TCGA-ER-A2NG-06,,WT,,2000.0,-0.1825,-0.184,0,0,,,,,-1,,0.1658
TCGA-ER-A2NH-06,,WT,,2244.15,0.0784,-0.107,0,0,,,,,-1,,0.3467
TCGA-ER-A3ES-06,,WT,,3101.65,0.9946,0.014,0,0,,,,,0,,0.855
TCGA-ER-A3ET-06,,WT,,1824.03,-0.3705,-0.19,0,0,,,,,-1,,0.0212
TCGA-ER-A3EV-06,,WT,,1068.26,-1.1781,-0.05,0,0,,,,,0,,-0.8189
TCGA-ER-A3PL-06,,WT,,3461.78,1.3794,-0.005,0,0,,,,,0,,1.0275
TCGA-ER-A42H-01,,WT,,2344.44,0.1855,,0,0,,,,,NP,,0.4154
TCGA-ER-A42K-06,,WT,,2276.65,0.1131,-0.088,0,0,,,,,0,,0.3693
TCGA-ER-A42L-06,,WT,,1560.35,-0.6523,0.005,0,0,,,,,0,,-0.224
TCGA-ES-A2HS-01,,WT,,938.951,-0.9458,0.596,0,0,,-1.7374,,,1,,-0.9075
TCGA-ES-A2HT-01,,WT,,692.863,-1.4289,0.084,0,0,,-2.9642,,,0,,-1.5932
TCGA-ET-A25G-01,,WT,,2542.39,-0.2925,0.004,0,0,,-0.8397,,,0,,-0.1515
TCGA-ET-A25I-01,,WT,,2533.28,-0.306,0.0,0,0,,-0.8527,,,0,,-0.1647
TCGA-ET-A25J-01,,WT,,3075.93,0.4948,0.001,0,0,,-0.1528,,,0,,0.5499
TCGA-ET-A25K-01,,WT,,2754.2,0.02,-0.002,0,0,,-0.5512,,,0,,0.1432
TCGA-ET-A25L-01,,NP,,2759.67,0.0281,-0.005,0,0,NP,-0.544,,,0,,0.1505
TCGA-ET-A25M-01,,WT,,2924.72,0.2716,0.01,0,0,,-0.3346,,,0,,0.3643
TCGA-ET-A25N-01,,NP,,3494.52,1.1124,0.001,0,0,NP,0.3073,,,0,,1.0197
TCGA-ET-A25O-01,,WT,,4452.46,2.526,-0.01,0,0,,1.181,,,0,,1.9118
TCGA-ET-A25P-01,,NP,,2828.34,0.1294,0.009,0,0,NP,-0.4554,,,0,,0.241
TCGA-ET-A25R-01,,WT,,2712.96,-0.0408,0.002,0,0,,-0.6056,,,0,,0.0876
TCGA-ET-A2MX-01,,WT,,1932.27,-1.1928,0.003,0,0,,-1.8291,,,0,,-1.1617
TCGA-ET-A2MY-01,,WT,,3206.83,0.6879,0.001,0,0,,-0.0025,,,0,,0.7034
TCGA-ET-A2MZ-01,,WT,,3757.47,1.5004,0.078,0,0,,0.5689,,,0,,1.2869
TCGA-ET-A2N0-01,,WT,,1109.52,-2.4069,0.0,0,0,,-3.8289,,,0,,-3.2036
TCGA-ET-A2N1-01,,WT,,,,0.0,0,0,,,,,0,,
TCGA-ET-A2N3-01,,WT,,1731.28,-1.4894,-0.006,0,0,,-2.2251,,,0,,-1.566
TCGA-ET-A2N4-01,,WT,,2997.91,0.3796,-0.016,0,0,,-0.2454,,,0,,0.4553
TCGA-ET-A2N5-01,,WT,,2648.06,-0.1366,0.0,0,0,,-0.6929,,,0,,-0.0015
TCGA-ET-A39I-01,,WT,,3806.04,1.5721,0.001,0,0,,0.6153,,,0,,1.3342
TCGA-ET-A39J-01,,WT,,3152.25,0.6074,0.0,0,0,,-0.0644,,,0,,0.6402
TCGA-ET-A39K-01,,WT,,1588.47,-1.7001,0.001,0,0,,-2.5355,,,0,,-1.8829
TCGA-ET-A39L-01,,WT,,3732.41,1.4635,0.0,0,0,,0.5448,,,0,,1.2622
TCGA-ET-A39M-01,,WT,,1659.8,-1.5949,0.006,0,0,,-2.3771,,,0,,-1.7212
TCGA-ET-A39N-01,,WT,,2727.7,-0.0191,0.0,0,0,,-0.586,,,0,,0.1076
TCGA-ET-A39O-01,,WT,,3046.57,0.4514,0.007,0,0,,-0.1874,,,0,,0.5146
TCGA-ET-A39P-01,,WT,,2837.4,0.1428,0.025,0,0,,-0.4439,,,0,,0.2527
TCGA-ET-A39R-01,,WT,,2666.53,-0.1094,0.0,0,0,,-0.6678,,,0,,0.0241
TCGA-ET-A39S-01,,WT,,2869.96,0.1908,0.0,0,0,,-0.4027,,,0,,0.2948
TCGA-ET-A39T-01,,WT,,3527.13,1.1605,0.001,0,0,,0.3408,,,0,,1.0539
TCGA-ET-A3BN-01,,WT,,3312.31,0.8436,0.001,0,0,,0.1142,,,0,,0.8226
TCGA-ET-A3BO-01,,WT,,3450.69,1.0477,0.0,0,0,,0.2618,,,0,,0.9733
TCGA-ET-A3BP-01,,WT,,3197.68,0.6744,-0.029,0,0,,-0.0128,,,0,,0.6929
TCGA-ET-A3BQ-01,,WT,,2722.72,-0.0264,0.001,0,0,,-0.5926,,,0,,0.1008
TCGA-ET-A3BS-01,,WT,,3328.86,0.868,-0.005,0,0,,0.1322,,,0,,0.8409
TCGA-ET-A3BT-01,,WT,,3299.34,0.8244,0.011,0,0,,0.1001,,,0,,0.8081
TCGA-ET-A3BU-01,,WT,,2960.25,0.3241,0.007,0,0,,-0.291,,,0,,0.4088
TCGA-ET-A3BV-01,,WT,,2424.45,-0.4666,-0.008,0,0,,-1.011,,,0,,-0.3263
TCGA-ET-A3BW-01,,WT,,4335.55,2.3534,-0.001,0,0,,1.085,,,0,,1.8138
TCGA-ET-A3BX-01,,WT,,2774.16,0.0495,0.001,0,0,,-0.5251,,,0,,0.1698
TCGA-ET-A3DO-01,,WT,,2747.38,0.0099,0.0,0,0,,-0.5601,,,0,,0.134
TCGA-ET-A3DP-01,,WT,,3753.94,1.4952,-0.002,0,0,,0.5655,,,0,,1.2834
TCGA-ET-A3DQ-01,,WT,,3664.16,1.3627,-0.01,0,0,,0.4783,,,0,,1.1943
TCGA-ET-A3DR-01,,WT,,2803.51,0.0928,-0.002,0,0,,-0.4872,,,0,,0.2085
TCGA-ET-A3DS-01,,WT,,4121.47,2.0375,-0.011,0,0,,0.9024,,,0,,1.6274
TCGA-ET-A3DT-01,,WT,,3477.34,1.0871,-0.002,0,0,,0.2895,,,0,,1.0016
TCGA-ET-A3DU-01,,WT,,1893.14,-1.2506,0.001,0,0,,-1.9029,,,0,,-1.237
TCGA-ET-A3DV-01,,WT,,2397.82,-0.5059,0.0,0,0,,-1.0508,,,0,,-0.367
TCGA-ET-A3DW-01,,WT,,3051.87,0.4593,0.017,0,0,,-0.1811,,,0,,0.521
TCGA-ET-A40P-01,,WT,,2328.91,-0.6075,-0.008,0,0,,-1.156,,,0,,-0.4744
TCGA-ET-A40Q-01,,WT,,2404.26,-0.4964,0.016,0,0,,-1.0411,,,0,,-0.3571
TCGA-ET-A40R-01,,WT,,1954.23,-1.1604,-0.001,0,0,,-1.7884,,,0,,-1.1201
TCGA-ET-A40S-01,,WT,,2001.16,-1.0912,-0.145,0,0,,-1.7028,,,-1,,-1.0327
TCGA-ET-A40T-01,,WT,,2446.46,-0.4341,0.0,0,0,,-0.9784,,,0,,-0.2931
TCGA-ET-A4KN-01,,WT,,728.09,-2.9697,0.009,0,0,,-5.3468,,,0,,-4.7534
TCGA-ET-A4KQ-01,,WT,,3509.21,1.1341,0.006,0,0,,0.3224,,,0,,1.0352
TCGA-EU-5904-01,,WT,,3214.16,0.7293,0.0,0,0,,0.3276,,,0,,0.7925
TCGA-EU-5905-01,,WT,,2845.21,0.3189,0.324,0,0,,-0.4806,,,1,,0.4685
TCGA-EU-5906-01,,WT,,3509.27,1.0576,-0.012,0,0,,0.91,,,0,,1.0259
TCGA-EU-5907-01,,WT,,2372.31,-0.2071,-0.208,0,0,,-1.6855,,,-1,,-0.0146
TCGA-EV-5901-01,,WT,,2356.95,1.3247,0.071,0,0,,0.4181,,,0,,1.1535
TCGA-EV-5902-01,,WT,,1949.64,0.6524,-0.016,0,0,,-1.001,,,0,,0.7318
TCGA-EV-5903-01,,WT,,1913.72,0.5931,0.077,0,0,,-1.1401,,,0,,0.6905
TCGA-EW-A1IW-01,,WT,,3673.68,1.1481,-0.082,0,0,,0.3745,,,0,,0.9931
TCGA-EW-A1IX-01,,WT,,2588.46,-0.0361,-0.034,0,0,,-0.8948,,,0,,0.1045
TCGA-EW-A1IY-01,,WT,,3697.16,1.1737,0.133,0,0,,0.3976,,,1,,1.0093
TCGA-EW-A1IZ-01,,WT,,2367.5,-0.2772,-0.015,0,0,,-1.2183,,,0,,-0.1219
TCGA-EW-A1J1-01,,WT,,3769.01,1.2521,-0.201,0,0,,0.4674,,,-1,,1.0581
TCGA-EW-A1J2-01,,WT,,3443.85,0.8973,-0.017,0,0,,0.1403,,,0,,0.8292
TCGA-EW-A1J3-01,,WT,,3047.96,0.4653,0.064,0,0,,-0.3024,,,0,,0.5192
TCGA-EW-A1J5-01,,WT,,2950.79,0.3593,-0.001,0,0,,-0.4199,,,0,,0.437
TCGA-EW-A1J6-01,,WT,,3531.65,0.9931,-0.111,0,0,,0.2315,,,-1,,0.8931
TCGA-EW-A1OV-01,,WT,,2353.38,-0.2926,-0.1,0,0,,-1.24,,,0,,-0.1371
TCGA-EW-A1OW-01,,WT,,2574.69,-0.0511,0.141,0,0,,-0.9142,,,1,,0.091
TCGA-EW-A1OX-01,,WT,,2990.63,0.4027,-0.015,0,0,,-0.3713,,,0,,0.4711
TCGA-EW-A1OY-01,,WT,,3169.51,0.5979,0.0,0,0,,-0.1607,,,0,,0.6185
TCGA-EW-A1OZ-01,,WT,,1583.93,-1.1322,-0.235,0,0,,-2.6751,,,-1,,-1.1417
TCGA-EW-A1P0-01,,WT,,3192.58,0.6231,0.096,0,0,,-0.1344,,,0,,0.6369
TCGA-EW-A1P1-01,,WT,,2796.65,0.1911,0.002,0,0,,-0.6144,,,0,,0.3009
TCGA-EW-A1P3-01,,WT,,1966.56,-0.7147,0.018,0,0,,-1.8908,,,0,,-0.5927
TCGA-EW-A1P4-01,,WT,,2009.87,-0.6675,-0.087,0,0,,-1.8119,,,0,,-0.5374
TCGA-EW-A1P5-01,,WT,,2694.2,0.0793,0.211,0,0,,-0.7497,,,1,,0.2062
TCGA-EW-A1P6-01,,WT,,2962.83,0.3724,0.062,0,0,,-0.4051,,,0,,0.4474
TCGA-EW-A1P7-01,,WT,,2363.82,-0.2812,0.0,0,0,,-1.2239,,,0,,-0.1258
TCGA-EW-A1P8-01,,WT,,2173.48,-0.4889,0.0,0,0,,-1.5282,,,0,,-0.3389
TCGA-EW-A1PA-01,,WT,,3262.01,0.6989,-0.12,0,0,,-0.0564,,,-1,,0.6915
TCGA-EW-A1PB-01,,WT,,1653.62,-1.0562,0.159,0,0,,-2.519,,,1,,-1.0325
TCGA-EW-A1PC-01,,WT,,2872.77,0.2741,0.135,0,0,,-0.517,,,1,,0.369
TCGA-EW-A1PD-01,,WT,,4207.67,1.7308,0.509,0,0,,0.8665,,,1,,1.3376
TCGA-EW-A1PE-01,,WT,,2665.18,0.0476,-0.079,0,0,,-0.7889,,,0,,0.1787
TCGA-EW-A1PF-01,,WT,,2156.53,-0.5074,-0.09,0,0,,-1.5566,,,0,,-0.3587
TCGA-EW-A1PG-01,,WT,,3361.33,0.8072,0.015,0,0,,0.0523,,,0,,0.7676
TCGA-EW-A1PH-01,,WT,,1855.91,-0.8355,0.006,0,0,,-2.1007,,,0,,-0.7397
TCGA-EW-A2FR-01,,WT,,1949.31,-0.7335,-0.093,0,0,,-1.9228,,,0,,-0.6151
TCGA-EW-A2FS-01,,WT,,2658.88,0.0407,-0.036,0,0,,-0.7975,,,0,,0.1727
TCGA-EW-A2FV-01,,N81Tfs*2,,2860.72,0.261,0.021,1,1,,-0.5323,,,0,,0.3583
TCGA-EW-A2FW-01,,WT,,2568.29,-0.0581,-0.089,0,0,,-0.9232,,,0,,0.0847
TCGA-EW-A3E8-01,,WT,,1757.75,-0.9426,-0.139,0,0,,-2.2977,,,-1,,-0.8775
TCGA-EW-A3U0-01,,WT,,2084.04,-0.5865,-0.212,0,0,,-1.6805,,,-1,,-0.4455
TCGA-EW-A423-01,,WT,,1316.57,-1.424,0.0,0,0,,-3.345,,,0,,-1.6107
TCGA-EW-A424-01,,WT,,1587.3,-1.1286,-0.079,0,0,,-2.6674,,,0,,-1.1363
TCGA-EW-A6S9-01,,WT,,2070.36,-0.6015,0.024,0,0,,-1.7044,,,0,,-0.4622
TCGA-EW-A6SA-01,,WT,,2832.62,0.2303,0.031,0,0,,-0.5681,,,0,,0.3333
TCGA-EW-A6SB-01,,WT,,1581.45,-1.1349,0.06,0,0,,-2.6807,,,0,,-1.1457
TCGA-EW-A6SC-01,,WT,,2586.9,-0.0378,-0.033,0,0,,-0.897,,,0,,0.103
TCGA-EW-A6SD-01,,WT,,2262.91,-0.3913,-0.144,0,0,,-1.3821,,,-1,,-0.2365
TCGA-EX-A1H5-01,,WT,,2274.55,-0.0172,-0.231,0,0,,,,,-1,,0.1096
TCGA-EX-A1H6-01,,WT,,1912.97,-0.4569,-0.245,0,0,,,,,-1,,-0.3383
TCGA-EX-A3L1-01,,WT,,2460.01,0.2083,-0.057,0,0,,,,,0,,0.3124
TCGA-EX-A69L-01,,WT,,2109.35,-0.2181,0.025,0,0,,,,,0,,-0.0855
TCGA-EX-A69M-01,,WT,,1822.23,-0.5673,-0.298,0,0,,,,,-1,,-0.464
TCGA-EX-A8YF-01,,WT,,3341.66,1.2805,0.474,0,0,,,,,1,,1.1049
TCGA-EY-A1GC-01,,WT,,1744.8407,-0.4321,0.0,0,0,,-2.1158,,,0,,-0.2537
TCGA-EY-A1GD-01,,WT,,2642.8379,0.7534,0.056,0,0,,-0.2015,,,0,,0.791
TCGA-EY-A1GE-01,,WT,,2724.1703,0.8608,0.003,0,0,,-0.0617,,,0,,0.8673
TCGA-EY-A1GF-01,,WT,,3373.3041,1.7178,0.026,0,0,,0.9238,,,0,,1.4052
TCGA-EY-A1GH-01,,WT,,2998.7913,1.2233,0.117,0,0,,0.3811,,,1,,1.109
TCGA-EY-A1GI-01,,V465F,,4700.4507,3.4699,0.0,1,1,,2.4538,,,0,,2.2401
TCGA-EY-A1GJ-01,,WT,,,,-0.135,0,0,,,,,-1,,
TCGA-EY-A1GK-01,,WT,,2426.3974,0.4677,0.029,0,0,,-0.5955,,,0,,0.576
TCGA-EY-A1GL-01,,WT,,1351.38,-0.9516,0.026,0,0,,-3.2938,,,0,,-0.8965
TCGA-EY-A1GM-01,,WT,,2091.6715,0.0257,-0.004,0,0,,-1.2799,,,0,,0.2025
TCGA-EY-A1GO-01,,WT,,1618.79,-0.5986,0.0,0,0,,-2.4615,,,0,,-0.4423
TCGA-EY-A1GP-01,,WT,,1763.56,-0.4074,-0.348,0,0,,-2.0666,,,-1,,-0.2268
TCGA-EY-A1GQ-01,,WT,,1485.6747,-0.7743,0.201,0,0,,-2.8571,,,1,,-0.6582
TCGA-EY-A1GR-01,,WT,,2288.4914,0.2856,-0.322,0,0,,-0.8653,,,-1,,0.4288
TCGA-EY-A1GS-01,,WT,,1960.8547,-0.147,-0.298,0,0,,-1.5777,,,-1,,0.04
TCGA-EY-A1GT-01,,WT,,1968.8387,-0.1364,0.079,0,0,,-1.559,,,0,,0.0502
TCGA-EY-A1GU-01,,WT,,2873.5768,1.058,0.054,0,0,,0.1845,,,0,,1.0017
TCGA-EY-A1GV-01,,WT,,1504.3523,-0.7496,-0.014,0,0,,-2.7995,,,0,,-0.6268
TCGA-EY-A1GW-01,,WT,,1995.9224,-0.1007,-0.179,0,0,,-1.496,,,-1,,0.0846
TCGA-EY-A1GX-01,,WT,,1497.06,-0.7593,0.183,0,0,,-2.8219,,,1,,-0.639
TCGA-EY-A1H0-01,,WT,,1955.7519,-0.1537,0.114,0,0,,-1.5897,,,1,,0.0334
TCGA-EY-A210-01,,WT,,1360.47,-0.9396,-0.037,0,0,,-3.2629,,,0,,-0.8796
TCGA-EY-A212-01,,WT,,2328.4796,0.3384,-0.506,0,0,,-0.7854,,,-1,,0.4724
TCGA-EY-A214-01,,WT,,2300.8733,0.3019,-0.081,0,0,,-0.8404,,,0,,0.4424
TCGA-EY-A215-01,,WT,,2632.7547,0.7401,-0.019,0,0,,-0.2191,,,0,,0.7814
TCGA-EY-A2OM-01,,WT,,3716.1116,2.1703,0.031,0,0,,1.3702,,,0,,1.6487
TCGA-EY-A2ON-01,,WT,,1911.26,-0.2124,0.093,0,0,,-1.6958,,,0,,-0.0244
TCGA-EY-A2OO-01,,WT,,1781.59,-0.3836,-0.046,0,0,,-2.0197,,,0,,-0.2012
TCGA-EY-A2OP-01,,WT,,1810.71,-0.3452,0.063,0,0,,-1.945,,,0,,-0.1604
TCGA-EY-A2OQ-01,,WT,,1474.96,-0.7884,-0.183,0,0,,-2.8904,,,-1,,-0.6764
TCGA-EY-A3L3-01,,WT,,3786.36,2.2631,0.401,0,0,,1.4565,,,1,,1.6959
TCGA-EY-A3QX-01,,WT,,1973.43,-0.1304,-0.336,0,0,,-1.5482,,,-1,,0.0561
TCGA-EY-A4KR-01,,WT,,1641.45,-0.5686,0.092,0,0,,-2.3974,,,0,,-0.4073
TCGA-EY-A547-01,,WT,,753.396,-1.741,0.262,0,0,,-5.9863,,,1,,-2.3659
TCGA-EY-A548-01,,WT,,1708.77,-0.4798,0.001,0,0,,-2.2121,,,0,,-0.3062
TCGA-EY-A549-01,,WT,,1536.86,-0.7067,-0.014,0,0,,-2.7009,,,0,,-0.573
TCGA-EY-A54A-01,,WT,,2364.72,0.3862,-0.05,0,0,,-0.7142,,,0,,0.5112
TCGA-EY-A5W2-01,,WT,,1435.03,-0.8412,0.035,0,0,,-3.0169,,,0,,-0.7454
TCGA-EY-A72D-01,,WT,,3881.3,2.3884,0.588,0,0,,1.5707,,,1,,1.7582
TCGA-EZ-7264-01,,WT,,4551.49,1.8841,-0.163,0,0,,,,,-1,,1.5123
TCGA-F1-6177-01,,WT,,1523.4252,-1.4641,0.045,0,0,,-1.0577,,,0,,-1.6697
TCGA-F1-6874-01,,WT,,2789.6275,0.0978,0.04,0,0,,0.8693,,,0,,0.1018
TCGA-F1-6875-01,,WT,,3080.4463,0.4565,0.174,0,0,,1.1852,,,1,,0.3922
TCGA-F1-A448-01,,WT,,2348.4252,-0.4464,0.059,0,0,,0.3209,,,0,,-0.4024
TCGA-F1-A72C-01,,WT,,2673.6806,-0.0452,-0.064,0,0,,0.7341,,,0,,-0.0226
TCGA-F2-6879-01,,WT,,2395.47,0.9114,-0.099,0,0,,,,,0,,0.8738
TCGA-F2-6880-01,,WT,,2425.28,0.9666,0.001,0,0,,,,,0,,0.9158
TCGA-F2-7273-01,,WT,,2626.21,1.3387,0.015,0,0,,,,,0,,1.186
TCGA-F2-7276-01,,NP,,2210.31,0.5686,-0.025,0,0,NP,,,,0,,0.6007
TCGA-F2-A44G-01,,WT,,1901.77,-0.0028,-0.023,0,0,,,,,0,,0.0904
TCGA-F2-A44H-01,,WT,,1897.09,-0.0115,-0.043,0,0,,,,,0,,0.082
TCGA-F2-A7TX-01,,WT,,2768.25,1.6018,0.073,0,0,,,,,0,,1.3649
TCGA-F2-A8YN-01,,WT,,1889.59,-0.0254,-0.132,0,0,,,,,-1,,0.0686
TCGA-F4-6459-01,,WT,,3690.73,1.3003,0.091,0,0,,3.2042,,,0,,1.0725
TCGA-F4-6460-01,,WT,,2745.05,0.3193,0.613,0,0,,1.4005,,,1,,0.3331
TCGA-F4-6461-01,,WT,,2448.47,0.0116,-0.039,0,0,,0.7039,,,0,,0.0475
TCGA-F4-6463-01,,WT,,1976.5,-0.478,0.055,0,0,,-0.6007,,,0,,-0.4873
TCGA-F4-6569-01,,WT,,1891.69,-0.566,0.07,0,0,,-0.8679,,,0,,-0.5969
TCGA-F4-6570-01,,WT,,2387.78,-0.0514,0.113,0,0,,0.551,,,1,,-0.0152
TCGA-F4-6703-01,,WT,,1739.99,-0.7233,-0.006,0,0,,-1.3771,,,0,,-0.8056
TCGA-F4-6704-01,,WT,,2366.88,-0.073,-0.019,0,0,,0.4974,,,0,,-0.0372
TCGA-F4-6805-01,,WT,,2436.05,-0.0013,0.0,0,0,,0.6729,,,0,,0.0348
TCGA-F4-6806-01,,WT,,2970.53,0.5532,-0.015,0,0,,1.8815,,,0,,0.5303
TCGA-F4-6807-01,,WT,,2243.02,-0.2015,-0.066,0,0,,0.1699,,,0,,-0.1714
TCGA-F4-6808-01,,WT,,3642.98,1.2507,-0.124,0,0,,3.1248,,,-1,,1.04
TCGA-F4-6809-01,,WT,,2055.08,-0.3965,-0.055,0,0,,-0.3632,,,0,,-0.39
TCGA-F4-6854-01,,WT,,3391.19,0.9895,-0.02,0,0,,2.6884,,,0,,0.8611
TCGA-F4-6855-01,,WT,,2463.1,0.0268,-0.022,0,0,,0.7402,,,0,,0.0624
TCGA-F4-6856-01,,WT,,1912.85,-0.544,-0.007,0,0,,-0.8001,,,0,,-0.5691
TCGA-F5-6464-01,,WT,,2982.46,0.2722,0.227,0,0,,1.9059,,,1,,0.5403
TCGA-F5-6465-01,,WT,,4211.35,1.4941,0.342,0,0,,4.0083,,,1,,1.4022
TCGA-F5-6571-01,,WT,,3017.96,0.3075,-0.014,0,0,,1.978,,,0,,0.5698
TCGA-F5-6702-01,,WT,,3155.31,0.4441,0.0,0,0,,2.2492,,,0,,0.681
TCGA-F5-6810-01,,WT,,2209.8,-0.4961,-0.41,0,0,,0.079,,,-1,,-0.2087
TCGA-F5-6811-01,,WT,,2717.58,0.0088,0.04,0,0,,1.3392,,,0,,0.308
TCGA-F5-6812-01,,WT,,2514.07,-0.1936,-0.018,0,0,,0.865,,,0,,0.1135
TCGA-F5-6813-01,,WT,,2010.05,-0.6947,-0.038,0,0,,-0.4982,,,0,,-0.4453
TCGA-F5-6814-01,,WT,,2395.24,-0.3117,-0.039,0,0,,0.57,,,0,,-0.0074
TCGA-F5-6861-01,,WT,,1550.84,-1.1513,0.029,0,0,,-2.0781,,,0,,-1.093
TCGA-F5-6863-01,,WT,,1877.7,-0.8263,0.125,0,0,,-0.9131,,,1,,-0.6154
TCGA-F5-6864-01,,WT,,2443.22,-0.264,0.037,0,0,,0.6908,,,0,,0.0421
TCGA-F6-A8O3-01,,WT,,3360.15,0.4872,-0.135,0,0,,,,,-1,,0.547
TCGA-F6-A8O4-01,,WT,,3172.52,0.2672,-0.018,0,0,,,,,0,,0.3642
TCGA-F7-7848-01,,WT,,3228.13,1.118,-0.151,0,0,,1.7561,,,-1,,0.8407
TCGA-F7-8298-01,,WT,,2006.49,-0.3233,0.042,0,0,,-0.0482,,,0,,-0.2759
TCGA-F7-8489-01,,WT,,2649.32,0.4352,0.081,0,0,,1.0063,,,0,,0.3767
TCGA-F7-A50G-01,,WT,,1767.27,-0.6055,-0.152,0,0,,-0.5299,,,-1,,-0.574
TCGA-F7-A50I-01,,WT,,1782.16,-0.5879,-0.02,0,0,,-0.4981,,,0,,-0.5543
TCGA-F7-A50J-01,,WT,,1976.89,-0.3582,0.073,0,0,,-0.1046,,,0,,-0.3108
TCGA-F7-A61S-01,,WT,,1456.52,-0.9721,0.05,0,0,,-1.2635,,,0,,-1.028
TCGA-F7-A61V-01,,WT,,1945.54,-0.3952,-0.022,0,0,,-0.1653,,,0,,-0.3483
TCGA-F7-A61W-01,,WT,,1770.57,-0.6016,-0.147,0,0,,-0.5228,,,-1,,-0.5696
TCGA-F7-A620-01,,WT,,1909.46,-0.4378,0.051,0,0,,-0.2363,,,0,,-0.3923
TCGA-F7-A622-01,,WT,,1036.4,-1.4678,0.047,0,0,,-2.5543,,,0,,-1.8267
TCGA-F7-A623-01,,WT,,2297.53,0.0201,-0.003,0,0,,0.4657,,,0,,0.0421
TCGA-F7-A624-01,,WT,,1340.04,-1.1096,0.051,0,0,,-1.5797,,,0,,-1.2236
TCGA-F9-A4JJ-01,,WT,,2053.77,0.8243,-0.278,0,0,,-0.6118,,,-1,,0.8475
TCGA-F9-A7Q0-01,,WT,,1212.23,-0.5647,-0.299,0,0,,-4.5547,,,-1,,-0.3241
TCGA-F9-A7VF-01,,WT,,779.819,-1.2784,0.134,0,0,,-7.8526,,,1,,-1.3041
TCGA-F9-A8NY-01,,WT,,1304.47,-0.4125,0.193,0,0,,-4.0063,,,1,,-0.1612
TCGA-F9-A97G-01,,WT,,1671.27,0.193,-0.128,0,0,,-2.1533,,,-1,,0.3894
TCGA-FA-8693-01,,WT,,1409.27,-0.6497,-0.016,0,0,,,,,0,,-0.4835
TCGA-FA-A4BB-01,,WT,,2067.93,0.2293,0.008,0,0,,,,,0,,0.4474
TCGA-FA-A4XK-01,,WT,,2312.24,0.5554,0.144,0,0,,,,,1,,0.7186
TCGA-FA-A6HN-01,,WT,,1844.72,-0.0686,-0.085,0,0,,,,,0,,0.1701
TCGA-FA-A6HO-01,,WT,,2102.38,0.2753,-0.087,0,0,,,,,0,,0.4876
TCGA-FA-A7DS-01,,WT,,2139.02,0.3242,0.032,0,0,,,,,0,,0.5295
TCGA-FA-A7Q1-01,,WT,,3761.15,2.4892,-0.142,0,0,,,,,-1,,1.8999
TCGA-FA-A82F-01,,WT,,1766.23,-0.1733,0.085,0,0,,,,,0,,0.0646
TCGA-FA-A86F-01,,WT,,2349.7,0.6054,0.0,0,0,,,,,0,,0.7576
TCGA-FB-A4P5-01,,WT,,1511.53,-0.7255,-0.021,0,0,,,,,0,,-0.6892
TCGA-FB-A4P6-01,,WT,,2034.74,0.2434,,0,0,,,,,NP,,0.3198
TCGA-FB-A545-01,,WT,,1499.62,-0.7475,-0.038,0,0,,,,,0,,-0.716
TCGA-FB-A5VM-01,,WT,,796.557,-2.0495,-0.006,0,0,,,,,0,,-2.8627
TCGA-FB-A78T-01,,E251A,,1571.79,-0.6139,0.194,1,1,,,,,1,,-0.5565
TCGA-FB-A7DR-01,,WT,,1805.95,-0.1802,-0.036,0,0,,,,,0,,-0.0851
TCGA-FB-AAPP-01,,WT,,1607.37,-0.548,0.0,0,0,,,,,0,,-0.4805
TCGA-FB-AAPQ-01,,WT,,1768.86,-0.2489,-0.078,0,0,,,,,0,,-0.1556
TCGA-FB-AAPS-01,,WT,,1506.9,-0.734,-0.009,0,0,,,,,0,,-0.6996
TCGA-FB-AAPU-01,,WT,,1478.56,-0.7865,-0.016,0,0,,,,,0,,-0.764
TCGA-FB-AAPY-01,,WT,,1130.01,-1.432,-0.035,0,0,,,,,0,,-1.6764
TCGA-FB-AAPZ-01,,WT,,2388.12,0.8978,0.145,0,0,,,,,1,,0.8634
TCGA-FB-AAQ0-01,,WT,,2164.65,0.484,0.115,0,0,,,,,1,,0.5299
TCGA-FB-AAQ1-01,,WT,,1928.55,0.0468,0.0,0,0,,,,,0,,0.1378
TCGA-FB-AAQ2-01,,WT,,1922.29,0.0352,-0.097,0,0,,,,,0,,0.1268
TCGA-FB-AAQ3-01,,WT,,1759.41,-0.2664,-0.051,0,0,,,,,0,,-0.1737
TCGA-FB-AAQ6-01,,WT,,1798.12,-0.1947,-0.084,0,0,,,,,0,,-0.0999
TCGA-FC-7708-01,,WT,,2813.66,0.5126,-0.018,0,0,,0.3323,,,0,,0.6044
TCGA-FC-7961-01,,WT,,2447.98,0.0075,-0.069,0,0,,-0.4343,,,0,,0.1299
TCGA-FC-A4JI-01,,WT,,1635.74,-1.1143,0.068,0,0,,-2.6541,,,0,,-1.2442
TCGA-FC-A5OB-01,,WT,,2947.27,0.6971,-0.031,0,0,,0.5878,,,0,,0.7626
TCGA-FC-A66V-01,,WT,,2543.3392,0.1392,0.007,0,0,,-0.2239,,,0,,0.2601
TCGA-FC-A6HD-01,,WT,,2674.8096,0.3208,-0.012,0,0,,0.0536,,,0,,0.4319
TCGA-FC-A8O0-01,,WT,,2272.81,-0.2344,0.007,0,0,,-0.8431,,,0,,-0.1232
TCGA-FD-A3B3-01,,WT,,2141.18,0.364,0.027,0,0,,0.0878,,,0,,0.4235
TCGA-FD-A3B4-01,,WT,,2283.96,0.5325,0.396,0,0,,0.2849,,,1,,0.5202
TCGA-FD-A3B5-01,,Q728*,,376.844,-1.7182,-0.069,1,1,,-5.2136,,,0,,-2.1767
TCGA-FD-A3B6-01,,WT,,1905.05,0.0853,0.368,0,0,,-0.269,,,1,,0.2485
TCGA-FD-A3B7-01,,WT,,2068.27,0.2779,0.037,0,0,,-0.018,,,0,,0.3716
TCGA-FD-A3B8-01,,WT,,2288.61,0.5379,0.01,0,0,,0.2912,,,0,,0.5233
TCGA-FD-A3N5-01,,WT,,3185.96,1.5969,-0.006,0,0,,1.3015,,,0,,1.0188
TCGA-FD-A3N6-01,,WT,,2956.08,1.3256,0.04,0,0,,1.0728,,,0,,0.9066
TCGA-FD-A3NA-01,,R370W,,2349.7,0.61,0.142,1,1,,0.3716,,,1,,0.5627
TCGA-FD-A3SJ-01,,WT,,1407.09,-0.5024,0.015,0,0,,-1.1942,,,0,,-0.2053
TCGA-FD-A3SL-01,,L207Ffs*31,,782.176,-1.2398,0.466,1,1,,-2.9866,,,1,,-1.0844
TCGA-FD-A3SM-01,,X154_splice,,916.686,-1.0811,-0.053,1,1,,-2.5023,,,0,,-0.8469
TCGA-FD-A3SN-01,,WT,,1594.4,-0.2813,-0.23,0,0,,-0.8126,,,-1,,-0.0181
TCGA-FD-A3SO-01,,WT,,2180.37,0.4102,-0.089,0,0,,0.1432,,,0,,0.4507
TCGA-FD-A3SP-01,,WT,,2034.99,0.2386,0.031,0,0,,-0.0675,,,0,,0.3473
TCGA-FD-A3SQ-01,,E1224_D1229del,,1568.77,-0.3116,-0.01,1,1,,-0.8621,,,0,,-0.0424
TCGA-FD-A3SR-01,,WT,,2607.3,0.914,0.378,0,0,,0.6893,,,1,,0.7186
TCGA-FD-A3SS-01,,WT,,1998.63,0.1957,-0.156,0,0,,-0.1226,,,-1,,0.3203
TCGA-FD-A43N-01,,WT,,1698.96,-0.1579,0.0,0,0,,-0.6187,,,0,,0.077
TCGA-FD-A43P-01,,WT,,2580.4,0.8823,-0.265,0,0,,0.6577,,,-1,,0.703
TCGA-FD-A43S-01,,NP,,864.589,-1.1426,0.005,0,0,,-2.6809,,,0,,-0.9345
TCGA-FD-A43U-01,,WT,,1236.09,-0.7042,0.0,0,0,,-1.5898,,,0,,-0.3993
TCGA-FD-A43X-01,,WT,,1475.48,-0.4216,0.039,0,0,,-1.0493,,,0,,-0.1342
TCGA-FD-A43Y-01,,WT,,1525.75,-0.3623,0.045,0,0,,-0.947,,,0,,-0.084
TCGA-FD-A5BR-01,,WT,,1105.71,-0.858,0.033,0,0,,-1.9301,,,0,,-0.5662
TCGA-FD-A5BS-01,,WT,,1154.2,-0.8008,0.015,0,0,,-1.799,,,0,,-0.5019
TCGA-FD-A5BT-01,,WT,,517.193,-1.5525,0.049,0,0,,-4.2485,,,0,,-1.7034
TCGA-FD-A5BU-01,,WT,,1403.84,-0.5062,0.037,0,0,,-1.2013,,,0,,-0.2087
TCGA-FD-A5BV-01,,WT,,2120.48,0.3395,-0.045,0,0,,0.0581,,,0,,0.409
TCGA-FD-A5BX-01,,L501*,,365.789,-1.7312,0.065,1,1,,-5.3043,,,0,,-2.2212
TCGA-FD-A5BY-01,,WT,,1896.18,0.0748,-0.228,0,0,,-0.2833,,,-1,,0.2415
TCGA-FD-A5BZ-01,,WT,,1051.52,-0.922,0.683,0,0,,-2.0835,,,1,,-0.6414
TCGA-FD-A5C0-01,,WT,,3349.74,1.7902,-0.06,0,0,,1.4546,,,0,,1.0939
TCGA-FD-A5C1-01,,WT,,1049.31,-0.9246,0.039,0,0,,-2.0899,,,0,,-0.6446
TCGA-FD-A62N-01,,WT,,1618.21,-0.2532,0.281,0,0,,-0.7674,,,1,,0.0041
TCGA-FD-A62O-01,,WT,,3242.15,1.6632,0.05,0,0,,1.3549,,,0,,1.045
TCGA-FD-A62P-01,,WT,,2331.74,0.5888,0.196,0,0,,0.3482,,,1,,0.5512
TCGA-FD-A62S-01,,WT,,1692.68,-0.1653,-0.118,0,0,,-0.63,,,-1,,0.0715
TCGA-FD-A6TA-01,,K551*,,656.398,-1.3883,-0.086,1,1,,-3.5215,,,0,,-1.3468
TCGA-FD-A6TB-01,,WT,,1667.74,-0.1948,0.0,0,0,,-0.6753,,,0,,0.0492
TCGA-FD-A6TC-01,,WT,,2226.68,0.4649,0.13,0,0,,0.2074,,,1,,0.4822
TCGA-FD-A6TD-01,,WT,,1490.64,-0.4038,-0.019,0,0,,-1.0181,,,0,,-0.1189
TCGA-FD-A6TE-01,,WT,,3058.68,1.4467,-0.046,0,0,,1.177,,,0,,0.9578
TCGA-FD-A6TF-01,,WT,,1549.7,-0.3341,0.144,0,0,,-0.8994,,,1,,-0.0607
TCGA-FD-A6TG-01,,WT,,2010.92,0.2102,-0.137,0,0,,-0.1039,,,-1,,0.3295
TCGA-FD-A6TH-01,,WT,,1666.61,-0.1961,0.029,0,0,,-0.6774,,,0,,0.0482
TCGA-FD-A6TI-01,,WT,,1422.61,-0.484,0.134,0,0,,-1.1607,,,1,,-0.1889
TCGA-FD-A6TK-01,,WT,,1423.33,-0.4832,0.013,0,0,,-1.1592,,,0,,-0.1881
TCGA-FE-A22Z-01,,WT,,2307.31,-0.6394,-0.051,0,0,,-1.1896,,,0,,-0.5087
TCGA-FE-A230-01,,WT,,2840.56,0.1474,0.0,0,0,,-0.4398,,,0,,0.2568
TCGA-FE-A231-01,,WT,,3691.83,1.4036,0.006,0,0,,0.5054,,,0,,1.222
TCGA-FE-A232-01,,WT,,2340.97,-0.5897,-0.001,0,0,,-1.1373,,,0,,-0.4553
TCGA-FE-A233-01,,WT,,3314.89,0.8474,-0.002,0,0,,0.117,,,0,,0.8254
TCGA-FE-A234-01,,WT,,3596.8,1.2633,0.0,0,0,,0.4113,,,0,,1.126
TCGA-FE-A235-01,,WT,,1589.23,-1.699,-0.027,0,0,,-2.5337,,,0,,-1.8812
TCGA-FE-A236-01,,WT,,3092.75,0.5196,0.009,0,0,,-0.1331,,,0,,0.57
TCGA-FE-A237-01,,WT,,3001.65,0.3851,-0.004,0,0,,-0.2409,,,0,,0.4599
TCGA-FE-A238-01,,NP,,2415.79,-0.4793,0.003,0,0,NP,-1.0239,,,0,,-0.3395
TCGA-FE-A239-01,,WT,,2326.31,-0.6114,-0.028,0,0,,-1.16,,,0,,-0.4785
TCGA-FE-A23A-01,,WT,,2081.7,-0.9723,0.001,0,0,,-1.5606,,,0,,-0.8875
TCGA-FE-A3PA-01,,WT,,2263.77,-0.7037,0.009,0,0,,-1.2582,,,0,,-0.5788
TCGA-FE-A3PB-01,,WT,,2309.53,-0.6361,-0.001,0,0,,-1.1861,,,0,,-0.5051
TCGA-FE-A3PC-01,,WT,,2329.2,-0.6071,-0.001,0,0,,-1.1555,,,0,,-0.4739
TCGA-FE-A3PD-01,,WT,,2700.55,-0.0592,0.0,0,0,,-0.6221,,,0,,0.0707
TCGA-FF-8041-01,,WT,,1566.37,-0.4401,0.4,0,0,,,,,1,,-0.2269
TCGA-FF-8042-01,,WT,,1399.74,-0.6625,1.15,0,0,,,,,1,,-0.4999
TCGA-FF-8043-01,,WT,,1946.04,0.0667,-0.226,0,0,,,,,-1,,0.3
TCGA-FF-8046-01,,WT,,896.328,-1.3343,0.022,0,0,,,,,0,,-1.5816
TCGA-FF-8047-01,,N286I,,1275.25,-0.8286,-0.111,1,1,,,,,-1,,-0.726
TCGA-FF-8061-01,,WT,,1311.65,-0.78,0.002,0,0,,,,,0,,-0.6577
TCGA-FF-8062-01,,NP,,1242.78,-0.8719,-0.013,0,0,,,,,0,,-0.7886
TCGA-FF-A7CQ-01,,WT,,2222.14,0.4352,0.055,0,0,,,,,0,,0.6221
TCGA-FF-A7CR-01,,WT,,2954.56,1.4127,0.006,0,0,,,,,0,,1.3138
TCGA-FF-A7CW-01,,WT,,1191.24,-0.9407,0.1,0,0,,,,,0,,-0.8914
TCGA-FF-A7CX-01,,WT,,2228.91,0.4442,-0.056,0,0,,,,,0,,0.6294
TCGA-FG-5962-01,,WT,,3066.35,0.1427,-0.032,0,0,,,,,0,,0.256
TCGA-FG-5963-01,,WT,,2008.11,-1.0982,-0.092,0,0,,,,,0,,-1.0903
TCGA-FG-5964-01,,WT,,2236.28,-0.8307,-0.104,0,0,,,,,-1,,-0.748
TCGA-FG-5965-01,,WT,,3672.28,0.8532,-0.03,0,0,,,,,0,,0.8296
TCGA-FG-6688-01,,WT,,2817.27,-0.1494,-0.012,0,0,,,,,0,,-0.0135
TCGA-FG-6689-01,,WT,,2904.51,-0.0471,-0.042,0,0,,,,,0,,0.0835
TCGA-FG-6690-01,,WT,,3839.72,1.0495,0.006,0,0,,,,,0,,0.9714
TCGA-FG-6691-01,,WT,,4160.34,1.4255,0.057,0,0,,,,,0,,1.2265
TCGA-FG-6692-01,,WT,,2118.02,-0.9693,-0.036,0,0,,,,,0,,-0.9208
TCGA-FG-7634-01,,WT,,3982.81,1.2173,0.048,0,0,,,,,0,,1.0878
TCGA-FG-7636-01,,WT,,2689.24,-0.2995,-0.069,0,0,,,,,0,,-0.1614
TCGA-FG-7637-01,,WT,,4315.66,1.6076,,0,0,,,,,NP,,1.3431
TCGA-FG-7638-01,,WT,,2723.33,-0.2596,-0.074,0,0,,,,,0,,-0.1214
TCGA-FG-7641-01,,WT,,3059.27,0.1344,-0.078,0,0,,,,,0,,0.2486
TCGA-FG-7643-01,,WT,,2122.19,-0.9644,-0.014,0,0,,,,,0,,-0.9146
TCGA-FG-8181-01,,WT,,1071.09,-2.197,0.002,0,0,,,,,0,,-3.0887
TCGA-FG-8182-01,,WT,,3598.05,0.7661,0.017,0,0,,,,,0,,0.7646
TCGA-FG-8185-01,,WT,,2124.74,-0.9615,0.042,0,0,,,,,0,,-0.9108
TCGA-FG-8186-01,,WT,,2579.28,-0.4285,-0.029,0,0,,,,,0,,-0.2942
TCGA-FG-8187-01,,WT,,3036.06,0.1072,-0.043,0,0,,,,,0,,0.2244
TCGA-FG-8188-01,,WT,,3868.88,1.0837,0.014,0,0,,,,,0,,0.9955
TCGA-FG-8189-01,,WT,,1033.74,-2.2408,0.002,0,0,,,,,0,,-3.2016
TCGA-FG-8191-01,,WT,,3532.9,0.6897,-0.021,0,0,,,,,0,,0.7065
TCGA-FG-A4MT-01,,WT,,1993.45,-1.1154,-0.075,0,0,,,,,0,,-1.1136
TCGA-FG-A4MU-01,,WT,,2850.04,-0.111,0.014,0,0,,,,,0,,0.0233
TCGA-FG-A4MW-01,,WT,,2201.75,-0.8712,-0.051,0,0,,,,,0,,-0.7975
TCGA-FG-A4MX-01,,WT,,2140.56,-0.9429,-0.036,0,0,,,,,0,,-0.8872
TCGA-FG-A4MY-01,,WT,,2542.96,-0.4711,0.283,0,0,,,,,1,,-0.3393
TCGA-FG-A60J-01,,WT,,3233.88,0.3391,-0.055,0,0,,,,,0,,0.4252
TCGA-FG-A60K-01,,WT,,3575.31,0.7395,-0.057,0,0,,,,,0,,0.7444
TCGA-FG-A60L-01,,WT,,1394.72,-1.8175,-0.038,0,0,,,,,0,,-2.2494
TCGA-FG-A6IZ-01,,WT,,1860.04,-1.2718,-0.16,0,0,,,,,-1,,-1.3339
TCGA-FG-A6J1-01,,WT,,1483.87,-1.7129,-0.098,0,0,,,,,0,,-2.0524
TCGA-FG-A6J3-01,,WT,,1369.39,-1.8472,-0.068,0,0,,,,,0,,-2.3077
TCGA-FG-A70Y-01,,WT,,2641.12,-0.356,0.031,0,0,,,,,0,,-0.2188
TCGA-FG-A70Z-01,,WT,,2549.31,-0.4636,-0.053,0,0,,,,,0,,-0.3314
TCGA-FG-A710-01,,WT,,2420.09,-0.6151,-0.047,0,0,,,,,0,,-0.4968
TCGA-FG-A711-01,,WT,,2408.77,-0.6284,-0.01,0,0,,,,,0,,-0.5117
TCGA-FG-A713-01,,WT,,1370.42,-1.846,0.108,0,0,,,,,1,,-2.3053
TCGA-FG-A87N-01,,WT,,2631.49,-0.3672,0.005,0,0,,,,,0,,-0.2305
TCGA-FG-A87Q-01,,WT,,2558.55,-0.4528,-0.024,0,0,,,,,0,,-0.3199
TCGA-FI-A2CX-01,,WT,,2138.608,0.0877,0.0,0,0,,-1.1776,,,0,,0.2583
TCGA-FI-A2CY-01,,WT,,3786.7742,2.2636,-0.116,0,0,,1.457,,,-1,,1.6961
TCGA-FI-A2D0-01,,WT,,2750.9484,0.8961,0.002,0,0,,-0.0166,,,0,,0.8919
TCGA-FI-A2D2-01,,WT,,3349.5562,1.6864,-0.156,0,0,,0.8912,,,-1,,1.3874
TCGA-FI-A2D4-01,,WT,,1804.7189,-0.3531,0.173,0,0,,-1.9603,,,1,,-0.1688
TCGA-FI-A2D5-01,,D610N F21I T1160A,,2270.5062,0.2618,-0.005,1,1,,-0.9017,,,0,,0.4089
TCGA-FI-A2D6-01,,WT,,6310.9442,5.5961,0.041,0,0,,3.8126,,,0,,2.9817
TCGA-FI-A2EU-01,,WT,,2262.3453,0.2511,0.007,0,0,,-0.9183,,,0,,0.3999
TCGA-FI-A2EW-01,,WT,,1521.0992,-0.7275,-0.428,0,0,,-2.7484,,,-1,,-0.5989
TCGA-FI-A2EX-01,,WT,,1999.9943,-0.0953,-0.26,0,0,,-1.4866,,,-1,,0.0897
TCGA-FI-A2EY-01,,WT,,870.0,-1.5871,-0.153,0,0,,-5.3233,,,-1,,-2.0041
TCGA-FI-A2F4-01,,WT,,1942.3779,-0.1713,0.046,0,0,,-1.6214,,,0,,0.0162
TCGA-FI-A2F8-01,,WT,,1761.4521,-0.4102,-0.123,0,0,,-2.0721,,,-1,,-0.2298
TCGA-FI-A2F9-01,,WT,,2311.61,0.3161,-0.03,0,0,,-0.819,,,0,,0.4541
TCGA-FI-A3PV-01,,WT,,1199.32,-1.1523,-0.478,0,0,,-3.844,,,-1,,-1.1968
TCGA-FI-A3PX-01,,WT,,2389.28,0.4187,0.0,0,0,,-0.6666,,,0,,0.5372
TCGA-FJ-A3Z7-01,,WT,,1269.61,-0.6646,-0.264,0,0,,-1.5081,,,-1,,-0.3592
TCGA-FJ-A3Z9-01,,WT,,494.403,-1.5794,0.02,0,0,,-4.3859,,,0,,-1.7708
TCGA-FJ-A3ZE-01,,K330Ifs*8,,811.261,-1.2055,0.078,1,1,,-2.8752,,,0,,-1.0298
TCGA-FJ-A3ZF-01,,WT,,2434.44,0.71,-0.232,0,0,,0.4798,,,-1,,0.6158
TCGA-FJ-A871-01,,WT,,656.871,-1.3877,-0.012,0,0,,-3.5193,,,0,,-1.3457
TCGA-FK-A3S3-01,,WT,,2248.37,-0.7264,0.002,0,0,,-1.2829,,,0,,-0.6039
TCGA-FK-A3SB-01,,WT,,3258.76,0.7645,-0.012,0,0,,0.0554,,,0,,0.7625
TCGA-FK-A3SD-01,,WT,,1725.13,-1.4985,-0.001,0,0,,-2.2379,,,0,,-1.5791
TCGA-FK-A3SE-01,,WT,,2655.94,-0.125,-0.012,0,0,,-0.6822,,,0,,0.0094
TCGA-FK-A3SG-01,,WT,,2452.57,-0.4251,-0.015,0,0,,-0.9694,,,0,,-0.2839
TCGA-FK-A3SH-01,,WT,,2176.09,-0.833,0.0,0,0,,-1.4007,,,0,,-0.7242
TCGA-FK-A4UB-01,,WT,,2670.43,-0.1036,0.001,0,0,,-0.6626,,,0,,0.0294
TCGA-FM-8000-01,,NP,,1264.17,-0.8434,0.065,0,0,,,,,0,,-0.7472
TCGA-FN-7833-01,,WT,,3569.36,0.7325,-0.018,0,0,,,,,0,,0.7391
TCGA-FP-7735-01,,WT,,1983.8314,-0.8962,0.232,0,0,,-0.2166,,,1,,-0.8965
TCGA-FP-7829-01,,WT,,3195.3281,0.5982,0.015,0,0,,1.3019,,,0,,0.4995
TCGA-FP-7916-01,,WT,,2874.5712,0.2025,-0.021,0,0,,0.9649,,,0,,0.1896
TCGA-FP-7998-01,,WT,,3429.6728,0.8873,0.025,0,0,,1.5274,,,0,,0.7067
TCGA-FP-8099-01,,WT,,2980.3009,0.333,0.056,0,0,,1.0799,,,0,,0.2954
TCGA-FP-8209-01,,WT,,3238.5755,0.6515,-0.001,0,0,,1.3447,,,0,,0.5388
TCGA-FP-8210-01,,WT,,2445.9956,-0.3261,0.0,0,0,,0.4505,,,0,,-0.2832
TCGA-FP-8211-01,,WT,,1965.2687,-0.9191,-0.183,0,0,,-0.2465,,,-1,,-0.924
TCGA-FP-8631-01,,WT,,2531.3942,-0.2208,0.535,0,0,,0.5599,,,1,,-0.1827
TCGA-FP-A4BE-01,,WT,,3772.1569,1.3097,,0,0,,1.8306,,,NP,,0.9855
TCGA-FP-A4BF-01,,WT,,3232.4431,0.644,0.609,0,0,,1.3387,,,1,,0.5333
TCGA-FP-A8CX-01,,WT,,2171.6609,-0.6645,0.143,0,0,,0.0716,,,1,,-0.6316
TCGA-FP-A9TM-01,,WT,,3858.6104,1.4164,0.016,0,0,,1.9028,,,0,,1.0519
TCGA-FR-A2OS-01,,WT,,2992.94,0.8785,,0,0,,,,,NP,,0.7989
TCGA-FR-A3R1-01,,WT,,2295.94,0.1337,,0,0,,,,,NP,,0.3825
TCGA-FR-A3YN-06,,WT,,2638.64,0.4999,0.15,0,0,,,,,1,,0.601
TCGA-FR-A3YO-06,,WT,,311.779,-1.9863,-0.031,0,0,,,,,0,,-2.7504
TCGA-FR-A44A-06,,WT,,2021.62,-0.1594,0.0,0,0,,,,,0,,0.1827
TCGA-FR-A69P-06,,WT,,2559.16,0.415,-0.052,0,0,,,,,0,,0.553
TCGA-FR-A726-01,,WT,,1912.76,-0.2757,,0,0,,,,,NP,,0.0957
TCGA-FR-A728-01,,WT,,1055.74,-1.1914,,0,0,,,,,NP,,-0.8374
TCGA-FR-A729-06,,WT,,2474.99,0.325,0.145,0,0,,,,,1,,0.5005
TCGA-FR-A7U8-06,,WT,,2016.88,-0.1645,-0.154,0,0,,,,,-1,,0.179
TCGA-FR-A7U9-06,,WT,,1366.68,-0.8592,0.004,0,0,,,,,0,,-0.4321
TCGA-FR-A7UA-06,,WT,,2294.43,0.1321,0.047,0,0,,,,,0,,0.3815
TCGA-FR-A8YC-06,,WT,,2721.55,0.5885,0.112,0,0,,,,,1,,0.6496
TCGA-FR-A8YD-06,,WT,,500.886,-1.7843,0.227,0,0,,,,,1,,-2.0074
TCGA-FR-A8YE-06,,WT,,2787.84,0.6593,0.007,0,0,,,,,0,,0.6874
TCGA-FS-A1YW-06,,WT,,3366.66,1.2778,-0.12,0,0,,,,,-1,,0.9838
TCGA-FS-A1YX-06,,WT,,2829.13,0.7034,0.768,1,1,,,,,2,,0.7105
TCGA-FS-A1YY-06,,WT,,1433.48,-0.7878,-0.134,0,0,,,,,-1,,-0.3572
TCGA-FS-A1Z0-06,,WT,,4385.27,2.3661,0.005,0,0,,,,,0,,1.399
TCGA-FS-A1Z3-06,,WT,,3592.48,1.5191,-0.011,0,0,,,,,0,,1.0857
TCGA-FS-A1Z4-06,,WT,,2991.31,0.8767,-0.011,0,0,,,,,0,,0.7981
TCGA-FS-A1Z7-06,,WT,,2064.22,-0.1139,0.024,0,0,,,,,0,,0.2154
TCGA-FS-A1ZA-06,,WT,,2359.89,0.202,-0.346,0,0,,,,,-1,,0.4257
TCGA-FS-A1ZB-06,,WT,,1205.01,-1.0319,-0.081,0,0,,,,,0,,-0.6298
TCGA-FS-A1ZC-06,,WT,,1832.68,-0.3613,-0.041,0,0,,,,,0,,0.0286
TCGA-FS-A1ZD-06,,WT,,3506.06,1.4267,0.092,0,0,,,,,0,,1.0475
TCGA-FS-A1ZE-06,,WT,,2565.35,0.4216,-0.025,0,0,,,,,0,,0.5568
TCGA-FS-A1ZF-06,,WT,,1518.86,-0.6966,-0.174,0,0,,,,,-1,,-0.2664
TCGA-FS-A1ZG-06,,WT,,2045.23,-0.1342,0.502,0,0,,,,,1,,0.2009
TCGA-FS-A1ZH-06,,WT,,2347.55,0.1889,-0.142,0,0,,,,,-1,,0.4174
TCGA-FS-A1ZJ-06,,WT,,2894.34,0.7731,-0.625,0,0,,,,,-1,,0.7463
TCGA-FS-A1ZK-06,,WT,,1761.24,-0.4376,0.54,0,0,,,,,1,,-0.0339
TCGA-FS-A1ZM-06,,WT,,2745.94,0.6145,-0.021,0,0,,,,,0,,0.6636
TCGA-FS-A1ZN-01,,WT,,2737.32,0.6053,,0,0,,,,,NP,,0.6587
TCGA-FS-A1ZP-06,,WT,,2314.89,0.154,0.15,0,0,,,,,1,,0.3954
TCGA-FS-A1ZQ-06,,WT,,902.12,-1.3556,-0.198,0,0,,,,,-1,,-1.0843
TCGA-FS-A1ZR-06,,WT,,2894.23,0.773,-0.13,0,0,,,,,-1,,0.7463
TCGA-FS-A1ZS-06,,WT,,3139.5,1.0351,-0.105,0,0,,,,,-1,,0.874
TCGA-FS-A1ZT-06,,WT,,3514.42,1.4356,-0.08,0,0,,,,,0,,1.0512
TCGA-FS-A1ZU-06,,WT,,1988.25,-0.1951,0.134,0,0,,,,,1,,0.1565
TCGA-FS-A1ZW-06,,WT,,3924.37,1.8737,-0.071,0,0,,,,,0,,1.2246
TCGA-FS-A1ZY-06,,WT,,1143.76,-1.0974,0.126,0,0,,,,,1,,-0.7117
TCGA-FS-A1ZZ-06,,WT,,5414.51,3.4659,0.629,0,0,,,,,1,,1.7302
TCGA-FS-A4F0-06,,WT,,2993.39,0.8789,-0.212,0,0,,,,,-1,,0.7992
TCGA-FS-A4F2-06,,NP,,2597.6,0.456,0.011,0,0,NP,,,,0,,0.5764
TCGA-FS-A4F4-06,,WT,,497.241,-1.7882,-0.12,0,0,,,,,-1,,-2.0188
TCGA-FS-A4F5-06,,WT,,1910.6,-0.278,0.014,0,0,,,,,0,,0.094
TCGA-FS-A4F8-06,,WT,,3028.73,0.9167,-0.005,0,0,,,,,0,,0.8176
TCGA-FS-A4F9-06,,WT,,2548.84,0.4039,-0.155,0,0,,,,,-1,,0.5466
TCGA-FS-A4FB-06,,M224I,,2268.6,0.1045,-0.213,1,1,,,,,-1,,0.3637
TCGA-FS-A4FC-06,,WT,,1840.11,-0.3533,-0.02,0,0,,,,,0,,0.0349
TCGA-FS-A4FD-06,,WT,,2247.74,0.0822,0.109,0,0,,,,,1,,0.3492
TCGA-FT-A3EE-01,,WT,,1551.52,-0.3319,-0.133,0,0,,-0.8959,,,-1,,-0.0589
TCGA-FT-A61P-01,,WT,,2027.12,0.2294,-0.067,0,0,,-0.0794,,,0,,0.3415
TCGA-FU-A23K-01,,WT,,1337.85,-1.1564,0.037,0,0,,,,,0,,-1.2633
TCGA-FU-A23L-01,,WT,,2792.6,0.6128,0.284,0,0,,,,,1,,0.6405
TCGA-FU-A2QG-01,,WT,,2530.93,0.2946,-0.117,0,0,,,,,-1,,0.3859
TCGA-FU-A3EO-01,,WT,,1668.05,-0.7548,-0.023,0,0,,,,,0,,-0.6927
TCGA-FU-A3HY-01,,WT,,2489.51,0.2442,-0.118,0,0,,,,,-1,,0.3432
TCGA-FU-A3HZ-01,,F1251L V465G,,1887.14,-0.4884,0.0,1,1,,,,,0,,-0.3734
TCGA-FU-A3NI-01,,WT,,7570.48,6.4233,0.528,0,0,,,,,1,,3.2212
TCGA-FU-A3TQ-01,,WT,,2481.66,0.2347,-0.068,0,0,,,,,0,,0.3351
TCGA-FU-A3TX-01,,WT,,3159.82,1.0594,0.0,0,0,,,,,0,,0.9602
TCGA-FU-A3WB-01,,WT,,2722.25,0.5272,-0.072,0,0,,,,,0,,0.5745
TCGA-FU-A3YQ-01,,WT,,2108.65,-0.219,-0.004,0,0,,,,,0,,-0.0863
TCGA-FU-A40J-01,,WT,,2489.86,0.2446,0.025,0,0,,,,,0,,0.3436
TCGA-FU-A57G-01,,NP,,2582.8,0.3577,0.002,0,0,NP,,,,0,,0.4384
TCGA-FU-A5XV-01,,WT,,2328.5,0.0484,-0.086,0,0,,,,,0,,0.1703
TCGA-FU-A770-01,,WT,,1959.76,-0.4,-0.065,0,0,,,,,0,,-0.2758
TCGA-FV-A23B-01,,WT,,1616.26,0.3839,-0.069,0,0,,0.4559,,,0,,0.3182
TCGA-FV-A2QQ-01,,WT,,939.887,-0.9439,-0.033,0,0,,-1.7333,,,0,,-0.9053
TCGA-FV-A2QR-01,,WT,,1763.48,0.6729,0.81,0,0,,0.808,,,1,,0.515
TCGA-FV-A3I0-01,,WT,,2377.57,1.8784,-0.16,0,0,,2.015,,,-1,,1.1895
TCGA-FV-A3I1-01,,WT,,1298.03,-0.2409,-0.081,0,0,,-0.4297,,,0,,-0.1767
TCGA-FV-A3R2-01,,WT,,1368.67,-0.1022,-0.002,0,0,,-0.2157,,,0,,-0.0571
TCGA-FV-A3R3-01,,WT,,1675.94,0.501,0.0,0,0,,0.6023,,,0,,0.4
TCGA-FV-A495-01,,WT,,662.992,-1.4875,0.016,0,0,,-3.1421,,,0,,-1.6926
TCGA-FV-A496-01,,WT,,1424.07,0.0066,0.13,0,0,,-0.0554,,,1,,0.0324
TCGA-FV-A4ZP-01,,WT,,154.125,-2.4865,-0.054,0,0,,-9.0188,,,0,,-4.9769
TCGA-FV-A4ZQ-01,,WT,,1558.22,0.2699,0.196,0,0,,0.3082,,,1,,0.2356
TCGA-FW-A3I3-06,,WT,,3456.78,1.3741,0.102,0,0,,,,,1,,1.0253
TCGA-FW-A3R5-06,,WT,,2342.21,0.1832,-0.049,0,0,,,,,0,,0.4139
TCGA-FW-A3TU-06,,WT,,438.399,-1.8511,-0.168,0,0,,,,,-1,,-2.2163
TCGA-FW-A3TV-06,,WT,,1690.54,-0.5132,0.147,0,0,,,,,1,,-0.0982
TCGA-FW-A5DX-01,,WT,,5108.6,3.139,,0,0,,,,,NP,,1.6388
TCGA-FW-A5DY-06,,WT,,2524.64,0.3781,0.0,0,0,,,,,0,,0.5317
TCGA-FX-A2QS-01,,WT,,9498.53,7.2164,3.19,1,1,,,,,2,,3.2806
TCGA-FX-A3NJ-01,,WT,,3540.24,1.3158,-0.083,0,0,,,,,0,,1.1576
TCGA-FX-A3NK-01,,WT,,2970.52,0.7516,-0.032,0,0,,,,,0,,0.7802
TCGA-FX-A3RE-01,,WT,,2187.38,-0.024,-0.072,0,0,,,,,0,,0.1221
TCGA-FX-A3TO-01,,WT,,1640.5,-0.5656,-0.541,0,0,,,,,-1,,-0.4966
TCGA-FX-A48G-01,,WT,,684.247,-1.5126,-0.225,0,0,,,,,-1,,-2.3761
TCGA-FX-A76Y-01,,WT,,3466.89,1.2431,-0.091,0,0,,,,,0,,1.1126
TCGA-FX-A8OO-01,,WT,,3264.51,1.0427,0.035,0,0,,,,,0,,0.9832
TCGA-FY-A2QD-01,,WT,,4063.32,1.9517,-0.002,0,0,,0.8511,,,0,,1.575
TCGA-FY-A3BL-01,,WT,,3426.58,1.0122,0.005,0,0,,0.2365,,,0,,0.9474
TCGA-FY-A3I4-01,,WT,,1838.0,-1.3319,-0.002,0,0,,-2.0095,,,0,,-1.3458
TCGA-FY-A3I5-01,,WT,,3793.31,1.5533,0.0,0,0,,0.6032,,,0,,1.3218
TCGA-FY-A3NM-01,,WT,,3184.07,0.6543,0.248,0,0,,-0.0282,,,1,,0.6772
TCGA-FY-A3NN-01,,WT,,4060.35,1.9474,0.001,0,0,,0.8485,,,0,,1.5723
TCGA-FY-A3NP-01,,WT,,3298.36,0.823,,0,0,,0.099,,,NP,,0.807
TCGA-FY-A3ON-01,,WT,,2757.48,0.0249,-0.006,0,0,,-0.5469,,,0,,0.1475
TCGA-FY-A3R6-01,,WT,,2749.41,0.0129,0.001,0,0,,-0.5575,,,0,,0.1368
TCGA-FY-A3R7-01,,WT,,3360.47,0.9146,-0.006,0,0,,0.1663,,,0,,0.8757
TCGA-FY-A3R8-01,,WT,,3065.74,0.4797,0.0,0,0,,-0.1648,,,0,,0.5377
TCGA-FY-A3R9-01,,WT,,2929.74,0.279,0.001,0,0,,-0.3284,,,0,,0.3707
TCGA-FY-A3RA-01,,WT,,2996.82,0.378,0.001,0,0,,-0.2467,,,0,,0.454
TCGA-FY-A3TY-01,,WT,,2635.77,-0.1547,0.002,0,0,,-0.7097,,,0,,-0.0187
TCGA-FY-A3W9-01,,WT,,2892.17,0.2236,-0.066,0,0,,-0.3749,,,0,,0.3231
TCGA-FY-A3WA-01,,WT,,4072.02,1.9646,0.024,0,0,,0.8589,,,0,,1.5829
TCGA-FY-A3YR-01,,WT,,2726.09,-0.0215,0.0,0,0,,-0.5882,,,0,,0.1054
TCGA-FY-A40K-01,,WT,,2904.98,0.2425,-0.001,0,0,,-0.359,,,0,,0.3394
TCGA-FY-A40L-01,,WT,,2391.93,-0.5146,0.019,0,0,,-1.0597,,,0,,-0.3761
TCGA-FY-A40M-01,,WT,,2871.36,0.1929,-0.004,0,0,,-0.401,,,0,,0.2965
TCGA-FY-A40N-01,,WT,,2918.18,0.262,0.0,0,0,,-0.3426,,,0,,0.3561
TCGA-FY-A4B0-01,,WT,,1864.75,-1.2925,-0.03,0,0,,-1.9574,,,0,,-1.2926
TCGA-FY-A4B3-01,,WT,,2341.89,-0.5884,0.004,0,0,,-1.1359,,,0,,-0.4539
TCGA-FY-A4B4-01,,WT,,2064.0,-0.9984,-0.003,0,0,,-1.5913,,,0,,-0.9189
TCGA-FY-A76V-01,,WT,,2914.47,0.2565,-0.007,0,0,,-0.3472,,,0,,0.3514
TCGA-FZ-5919-01,,WT,,,,-0.016,0,0,,,,,0,,
TCGA-FZ-5920-01,,WT,,,,-0.042,0,0,,,,,0,,
TCGA-FZ-5921-01,,WT,,,,0.014,0,0,,,,,0,,
TCGA-FZ-5922-01,,WT,,,,-0.034,0,0,,,,,0,,
TCGA-FZ-5923-01,,WT,,,,-0.009,0,0,,,,,0,,
TCGA-FZ-5924-01,,WT,,,,-0.15,0,0,,,,,-1,,
TCGA-FZ-5926-01,,WT,,,,0.0,0,0,,,,,0,,
TCGA-G2-A2EC-01,,WT,,2456.62,0.7362,,0,0,,0.5075,,,NP,,0.6294
TCGA-G2-A2EF-01,,WT,,2575.22,0.8762,0.042,0,0,,0.6515,,,0,,0.7
TCGA-G2-A2EJ-01,,WT,,2192.87,0.425,0.025,0,0,,0.1606,,,0,,0.4593
TCGA-G2-A2EK-01,,WT,,2319.6,0.5745,0.018,0,0,,0.3322,,,0,,0.5434
TCGA-G2-A2EL-01,,WT,,4116.44,2.695,-0.206,0,0,,2.0842,,,-1,,1.4027
TCGA-G2-A2EO-01,,WT,,1854.84,0.026,0.031,0,0,,-0.3506,,,0,,0.2085
TCGA-G2-A2ES-01,,WT,,2067.03,0.2764,-0.025,0,0,,-0.0198,,,0,,0.3707
TCGA-G2-A3IB-01,,WT,,1981.09,0.175,-0.194,0,0,,-0.1495,,,-1,,0.3071
TCGA-G2-A3IE-01,,WT,,1940.06,0.1266,-0.068,0,0,,-0.2134,,,0,,0.2758
TCGA-G2-A3VY-01,,WT,,3345.47,1.7852,0.066,0,0,,1.4507,,,0,,1.092
TCGA-G2-AA3B-01,,WT,,1891.04,0.0688,-0.433,0,0,,-0.2916,,,-1,,0.2374
TCGA-G2-AA3C-01,,WT,,773.162,-1.2505,-0.019,0,0,,-3.022,,,0,,-1.1018
TCGA-G2-AA3D-01,,Q593*,,336.9,-1.7653,-0.025,1,1,,-5.555,,,0,,-2.3442
TCGA-G2-AA3F-01,,WT,,2657.83,0.9737,-0.159,0,0,,0.748,,,-1,,0.7473
TCGA-G3-A25S-01,,WT,,983.664,-0.858,0.096,0,0,,-1.5495,,,0,,-0.8026
TCGA-G3-A25T-01,,WT,,1320.9,-0.196,0.04,0,0,,-0.3592,,,0,,-0.1373
TCGA-G3-A25U-01,,WT,,2138.4,1.4089,0.343,0,0,,1.5867,,,1,,0.9502
TCGA-G3-A25V-01,,WT,,987.179,-0.8511,0.008,0,0,,-1.5351,,,0,,-0.7945
TCGA-G3-A25W-01,,WT,,,,0.08,0,0,,,,,0,,
TCGA-G3-A25X-01,,WT,,846.674,-1.1269,0.032,0,0,,-2.155,,,0,,-1.1409
TCGA-G3-A25Y-01,,WT,,1467.22,0.0913,-0.077,0,0,,0.0651,,,0,,0.0998
TCGA-G3-A25Z-01,,WT,,860.566,-1.0997,0.023,0,0,,-2.0893,,,0,,-1.1042
TCGA-G3-A3CH-01,,WT,,1842.04,0.8271,-0.06,0,0,,0.9841,,,0,,0.6134
TCGA-G3-A3CI-01,,WT,,1352.19,-0.1345,-0.013,0,0,,-0.2646,,,0,,-0.0845
TCGA-G3-A3CJ-01,,NP,,749.618,-1.3175,0.104,0,0,NP,-2.6464,,,1,,-1.4156
TCGA-G3-A3CK-01,,WT,,1493.89,0.1436,0.046,0,0,,0.1379,,,0,,0.1405
TCGA-G3-A5SI-01,,WT,,2901.34,2.9066,0.844,0,0,,2.8194,,,1,,1.6391
TCGA-G3-A5SJ-01,,WT,,1359.35,-0.1205,0.006,0,0,,-0.2433,,,0,,-0.0725
TCGA-G3-A5SK-01,,WT,,2303.16,1.7323,,0,0,,1.8866,,,NP,,1.1178
TCGA-G3-A5SL-01,,WT,,1389.67,-0.061,0.117,0,0,,-0.1542,,,1,,-0.0228
TCGA-G3-A5SM-01,,WT,,1568.32,0.2898,0.033,0,0,,0.3343,,,0,,0.2502
TCGA-G3-A6UC-01,,WT,,2818.54,2.7441,1.12,0,0,,2.7024,,,1,,1.5737
TCGA-G3-A7M5-01,,WT,,852.702,-1.1151,-0.3,0,0,,-2.1263,,,-1,,-1.1249
TCGA-G3-A7M6-01,,WT,,1788.81,0.7226,0.045,0,0,,0.8656,,,0,,0.5472
TCGA-G3-A7M7-01,,WT,,643.851,-1.5251,0.039,0,0,,-3.2603,,,0,,-1.7587
TCGA-G3-A7M8-01,,WT,,875.0,-1.0713,-0.003,0,0,,-2.0221,,,0,,-1.0667
TCGA-G3-A7M9-01,,WT,,1716.64,0.5809,-0.068,0,0,,0.6993,,,0,,0.4542
TCGA-G3-AAUZ-01,,WT,,818.035,-1.1831,0.019,0,0,,-2.2939,,,0,,-1.2186
TCGA-G3-AAV0-01,,WT,,1113.62,-0.6029,1.07,0,0,,-1.0485,,,1,,-0.5226
TCGA-G3-AAV1-01,,WT,,2234.82,1.5982,-0.059,0,0,,1.7649,,,0,,1.0497
TCGA-G3-AAV2-01,,WT,,1801.39,0.7473,0.522,0,0,,0.8939,,,1,,0.563
TCGA-G3-AAV3-01,,WT,,2380.8,1.8848,0.206,0,0,,2.0205,,,1,,1.1926
TCGA-G3-AAV4-01,,WT,,1811.72,0.7676,-0.138,0,0,,0.917,,,-1,,0.5759
TCGA-G3-AAV5-01,,WT,,834.298,-1.1512,0.176,0,0,,-2.2144,,,1,,-1.1742
TCGA-G3-AAV6-01,,WT,,1737.7,0.6223,-0.376,0,0,,0.7485,,,-1,,0.4817
TCGA-G3-AAV7-01,,WT,,2221.65,1.5723,0.438,0,0,,1.741,,,1,,1.0364
TCGA-G4-6293-01,,WT,,1522.8,-0.9486,0.074,0,0,,-2.1892,,,0,,-1.1386
TCGA-G4-6294-01,,WT,,4301.24,1.9336,0.081,0,0,,4.137,,,0,,1.4549
TCGA-G4-6295-01,,WT,,1845.71,-0.6137,-0.139,0,0,,-1.0178,,,-1,,-0.6583
TCGA-G4-6297-01,,WT,,2747.36,0.3217,0.059,0,0,,1.4056,,,0,,0.3352
TCGA-G4-6298-01,,WT,,1614.14,-0.8539,-0.03,0,0,,-1.8344,,,0,,-0.9931
TCGA-G4-6299-01,,WT,,1666.52,-0.7996,0.12,0,0,,-1.6399,,,1,,-0.9134
TCGA-G4-6302-01,,WT,,1874.37,-0.5839,0.007,0,0,,-0.9239,,,0,,-0.6198
TCGA-G4-6303-01,,WT,,5313.95,2.9841,0.41,0,0,,5.4254,,,1,,1.9831
TCGA-G4-6304-01,,A1192V,,1375.55,-1.1014,0.005,1,1,,-2.8086,,,0,,-1.3925
TCGA-G4-6306-01,,WT,,2492.61,0.0574,0.122,0,0,,0.8127,,,1,,0.0921
TCGA-G4-6307-01,,WT,,2212.25,-0.2334,0.106,0,0,,0.0858,,,1,,-0.2059
TCGA-G4-6309-01,,WT,,1710.08,-0.7544,-0.013,0,0,,-1.4827,,,0,,-0.8489
TCGA-G4-6311-01,,WT,,2693.07,0.2653,0.176,0,0,,1.284,,,1,,0.2853
TCGA-G4-6315-01,,WT,,2344.47,-0.0963,-0.117,0,0,,0.4394,,,-1,,-0.0609
TCGA-G4-6317-01,,WT,,3547.24,1.1514,-0.088,0,0,,2.9626,,,0,,0.9735
TCGA-G4-6320-01,,WT,,1961.61,-0.4934,0.068,0,0,,-0.6468,,,0,,-0.5062
TCGA-G4-6321-01,,WT,,1778.66,-0.6832,0.002,0,0,,-1.2432,,,0,,-0.7507
TCGA-G4-6322-01,,WT,,1701.66,-0.7631,-0.103,0,0,,-1.5128,,,-1,,-0.8612
TCGA-G4-6323-01,,WT,,1964.09,-0.4909,0.047,0,0,,-0.6391,,,0,,-0.5031
TCGA-G4-6586-01,,WT,,1300.3,-1.1794,0.013,0,0,,-3.1513,,,0,,-1.533
TCGA-G4-6588-01,,WT,,1697.55,-0.7674,-0.001,0,0,,-1.5275,,,0,,-0.8673
TCGA-G4-6626-01,,WT,,2556.14,0.1233,0.026,0,0,,0.9661,,,0,,0.155
TCGA-G4-6627-01,,WT,,2528.56,0.0947,0.06,0,0,,0.9,,,0,,0.1279
TCGA-G4-6628-01,,WT,,1935.32,-0.5207,0.044,0,0,,-0.729,,,0,,-0.5399
TCGA-G5-6641-01,,WT,,1805.12,-0.8985,0.051,0,0,,-1.1532,,,0,,-0.7138
TCGA-G6-A5PC-01,,WT,,1104.54,-1.6173,-0.008,0,0,,-6.7514,,,0,,-2.0454
TCGA-G6-A8L6-01,,WT,,2033.58,-0.5839,-0.016,0,0,,-2.7067,,,0,,-0.4239
TCGA-G6-A8L7-01,,WT,,895.112,-1.8502,-0.081,0,0,,-8.1441,,,0,,-2.6037
TCGA-G6-A8L8-01,,WT,,1512.01,-1.164,-0.207,0,0,,-4.6708,,,-1,,-1.2113
TCGA-G7-6789-01,,WT,,2541.62,1.6295,0.0,0,0,,0.9824,,,0,,1.3212
TCGA-G7-6790-01,,WT,,1443.7,-0.1827,0.243,0,0,,-3.2479,,,1,,0.0642
TCGA-G7-6792-01,,WT,,2498.51,1.5584,-0.016,0,0,,0.8544,,,0,,1.2832
TCGA-G7-6793-01,,WT,,1840.45,0.4722,-0.11,0,0,,-1.4321,,,-1,,0.6037
TCGA-G7-6795-01,,WT,,576.794,-1.6135,0.207,0,0,,-10.1061,,,1,,-1.9737
TCGA-G7-6796-01,,WT,,964.39,-0.9738,-0.023,0,0,,-6.2647,,,0,,-0.8323
TCGA-G7-6797-01,,WT,,2301.73,1.2336,-0.101,0,0,,0.2408,,,-1,,1.1008
TCGA-G7-7501-01,,WT,,3486.92,3.1898,-0.18,0,0,,3.348,,,-1,,2.0241
TCGA-G7-7502-01,,WT,,2623.04,1.7639,-0.086,0,0,,1.2183,,,0,,1.3913
TCGA-G7-A4TM-01,,WT,,1395.5,-0.2622,0.129,0,0,,-3.5019,,,1,,-0.0113
TCGA-G7-A8LB-01,,WT,,1180.24,-0.6175,0.225,0,0,,-4.7546,,,1,,-0.3836
TCGA-G7-A8LC-01,,WT,,1244.13,-0.5121,0.0,0,0,,-4.3604,,,0,,-0.2664
TCGA-G7-A8LD-01,,WT,,2077.81,0.864,-0.192,0,0,,-0.5248,,,-1,,0.8734
TCGA-G7-A8LE-01,,WT,,2140.94,0.9682,0.053,0,0,,-0.3009,,,0,,0.9399
TCGA-G8-6324-01,,NP,,1539.01,-0.4766,-0.012,0,0,,,,,0,,-0.2697
TCGA-G8-6325-01,,WT,,706.835,-1.5872,-0.018,0,0,,,,,0,,-2.1578
TCGA-G8-6326-01,,WT,,770.207,-1.5027,0.003,0,0,,,,,0,,-1.9495
TCGA-G8-6906-01,,WT,,996.931,-1.2001,-0.045,0,0,,,,,0,,-1.3235
TCGA-G8-6907-01,,NP,,1714.78,-0.242,0.721,1,1,,,,,2,,-0.0072
TCGA-G8-6909-01,,WT,,1719.2,-0.2361,0.049,0,0,,,,,0,,-0.0009
TCGA-G8-6914-01,,NP,,950.09,-1.2626,0.099,0,0,,,,,0,,-1.4403
TCGA-G9-6329-01,,WT,,2258.14,-0.2547,-0.018,0,0,,-0.8788,,,0,,-0.1453
TCGA-G9-6332-01,,WT,,2293.68,-0.2056,-0.065,0,0,,-0.7928,,,0,,-0.092
TCGA-G9-6333-01,,WT,,2011.26,-0.5957,-0.018,0,0,,-1.5163,,,0,,-0.5399
TCGA-G9-6336-01,,WT,,1902.62,-0.7457,0.008,0,0,,-1.822,,,0,,-0.7292
TCGA-G9-6338-01,,WT,,1557.04,-1.223,-0.061,0,0,,-2.9255,,,0,,-1.4123
TCGA-G9-6339-01,,WT,,2006.26,-0.6026,-0.011,0,0,,-1.53,,,0,,-0.5484
TCGA-G9-6342-01,,WT,,2290.28,-0.2103,-0.031,0,0,,-0.801,,,0,,-0.0971
TCGA-G9-6343-01,,WT,,1473.84,-1.3379,0.03,0,0,,-3.2278,,,0,,-1.5994
TCGA-G9-6347-01,,WT,,1580.9821,-1.19,0.001,0,0,,-2.8415,,,0,,-1.3603
TCGA-G9-6348-01,,WT,,2123.6,-0.4405,-0.022,0,0,,-1.217,,,0,,-0.3546
TCGA-G9-6351-01,,WT,,2259.29,-0.2531,-0.018,0,0,,-0.876,,,0,,-0.1435
TCGA-G9-6353-01,,WT,,1835.43,-0.8385,-0.003,0,0,,-2.02,,,0,,-0.8517
TCGA-G9-6354-01,,WT,,2051.19,-0.5405,-0.023,0,0,,-1.408,,,0,,-0.4729
TCGA-G9-6356-01,,WT,,2382.95,-0.0823,0.012,0,0,,-0.5826,,,0,,0.0381
TCGA-G9-6361-01,,WT,,2171.53,-0.3743,-0.037,0,0,,-1.0941,,,0,,-0.2786
TCGA-G9-6362-01,,WT,,4758.14,3.1982,-0.013,0,0,,3.2256,,,0,,2.3955
TCGA-G9-6363-01,,WT,,4116.14,2.3115,-0.007,0,0,,2.4273,,,0,,1.9013
TCGA-G9-6364-01,,WT,,2638.02,0.27,-0.026,0,0,,-0.0226,,,0,,0.3847
TCGA-G9-6365-01,,WT,,2251.14,-0.2644,0.01,0,0,,-0.8959,,,0,,-0.1559
TCGA-G9-6366-01,,WT,,1982.07,-0.636,0.041,0,0,,-1.5968,,,0,,-0.5897
TCGA-G9-6367-01,,WT,,1979.98,-0.6389,0.007,0,0,,-1.6026,,,0,,-0.5933
TCGA-G9-6369-01,,WT,,1828.61,-0.8479,0.018,0,0,,-2.0405,,,0,,-0.8644
TCGA-G9-6370-01,,WT,,2585.93,0.198,0.004,0,0,,-0.1324,,,0,,0.3167
TCGA-G9-6371-01,,WT,,2170.25,-0.3761,0.013,0,0,,-1.0974,,,0,,-0.2806
TCGA-G9-6373-01,,WT,,2283.18,-0.2201,-0.006,0,0,,-0.8181,,,0,,-0.1077
TCGA-G9-6377-01,,WT,,2276.24,-0.2297,-0.039,0,0,,-0.8348,,,0,,-0.1181
TCGA-G9-6378-01,,WT,,2101.36,-0.4712,-0.011,0,0,,-1.275,,,0,,-0.3905
TCGA-G9-6379-01,,WT,,1783.2523,-0.9106,-0.042,0,0,,-2.1787,,,0,,-0.95
TCGA-G9-6384-01,,WT,,2951.03,0.7023,-0.038,0,0,,0.5948,,,0,,0.7669
TCGA-G9-6385-01,,WT,,2311.75,-0.1807,0.005,0,0,,-0.7496,,,0,,-0.0653
TCGA-G9-6494-01,,WT,,3698.4,1.7345,-0.015,0,0,,1.838,,,0,,1.5365
TCGA-G9-6496-01,,WT,,1774.43,-0.9228,-0.017,0,0,,-2.206,,,0,,-0.9669
TCGA-G9-6498-01,,WT,,1685.22,-1.046,0.003,0,0,,-2.49,,,0,,-1.1427
TCGA-G9-6499-01,,WT,,1835.29,-0.8387,0.173,0,0,,-2.0204,,,1,,-0.8519
TCGA-G9-7509-01,,WT,,2348.34,-0.1301,-0.007,0,0,,-0.6631,,,0,,-0.0118
TCGA-G9-7510-01,,WT,,2055.38,-0.5347,0.023,0,0,,-1.3968,,,0,,-0.4659
TCGA-G9-7519-01,,WT,,1504.65,-1.2954,-0.007,0,0,,-3.114,,,0,,-1.5289
TCGA-G9-7521-01,,WT,,2690.5,0.3425,-0.029,0,0,,0.0858,,,0,,0.4519
TCGA-G9-7522-01,,WT,,2251.84,-0.2634,-0.003,0,0,,-0.8942,,,0,,-0.1548
TCGA-G9-7523-01,,WT,,2080.26,-0.5004,0.0,0,0,,-1.3306,,,0,,-0.4249
TCGA-G9-7525-01,,WT,,2078.9,-0.5023,-0.017,0,0,,-1.3342,,,0,,-0.4272
TCGA-G9-A9S0-01,,WT,,1414.43,-1.42,-0.049,0,0,,-3.4543,,,0,,-1.7396
TCGA-G9-A9S7-01,,WT,,2492.65,0.0692,-0.019,0,0,,-0.3347,,,0,,0.1915
TCGA-GC-A3BM-01,,WT,,3391.38,1.8393,-0.068,0,0,,1.4924,,,0,,1.1124
TCGA-GC-A3I6-01,,WT,,3983.62,2.5382,0.117,0,0,,1.984,,,1,,1.3536
TCGA-GC-A3OO-01,,WT,,1598.33,-0.2767,0.061,0,0,,-0.8051,,,0,,-0.0144
TCGA-GC-A3RB-01,,WT,,2773.38,1.11,0.017,0,0,,0.8779,,,0,,0.8111
TCGA-GC-A3RC-01,,WT,,2521.09,0.8123,-0.001,0,0,,0.5866,,,0,,0.6682
TCGA-GC-A3RD-01,,WT,,3736.38,2.2465,-0.027,0,0,,1.7883,,,0,,1.2576
TCGA-GC-A3WC-01,,WT,,2388.17,0.6554,0.0,0,0,,0.4212,,,0,,0.5871
TCGA-GC-A3YS-01,,WT,,1603.0,-0.2712,0.0,0,0,,-0.7962,,,0,,-0.0101
TCGA-GC-A4ZW-01,,WT,,1944.04,0.1313,3.66,1,1,STAG2-AMMECR1 STAG2-RGAG1,-0.2072,,,2,,0.2788
TCGA-GC-A6I1-01,,WT,,282.791,-1.8292,-0.18,0,0,,-6.0882,,,-1,,-2.6057
TCGA-GC-A6I3-01,,WT,,1074.04,-0.8954,-0.084,0,0,,-2.0188,,,0,,-0.6097
TCGA-GD-A2C5-01,,WT,,3065.48,1.4547,0.158,0,0,,1.1838,,,1,,0.9611
TCGA-GD-A3OP-01,,WT,,2434.61,0.7102,-0.02,0,0,,0.48,,,0,,0.6159
TCGA-GD-A3OQ-01,,WT,,2429.18,0.7038,0.05,0,0,,0.4732,,,0,,0.6126
TCGA-GD-A3OS-01,,WT,,2420.43,0.6935,0.613,0,0,,0.4622,,,1,,0.6072
TCGA-GD-A6C6-01,,Y1044Tfs*6,,147.653,-1.9886,-0.628,1,1,,-8.0638,,,-1,,-3.5747
TCGA-GD-A76B-01,,WT,,1492.67,-0.4014,0.006,0,0,,-1.0139,,,0,,-0.1169
TCGA-GE-A2C6-01,,WT,,3206.88,0.688,-0.008,0,0,,-0.0024,,,0,,0.7035
TCGA-GF-A2C7-01,,WT,,1958.24,-0.2271,,0,0,,,,,NP,,0.1327
TCGA-GF-A3OT-06,,WT,,1509.29,-0.7068,0.02,0,0,,,,,0,,-0.2763
TCGA-GF-A4EO-06,,WT,,2799.62,0.6719,0.007,0,0,,,,,0,,0.6941
TCGA-GF-A6C8-06,,WT,,2061.02,-0.1173,-0.167,0,0,,,,,-1,,0.213
TCGA-GF-A6C9-06,,WT,,3094.2,0.9866,0.274,0,0,,,,,1,,0.8512
TCGA-GF-A769-01,,WT,,2066.64,-0.1113,,0,0,,,,,NP,,0.2173
TCGA-GH-A9DA-01,,WT,,1713.59,-0.6994,0.044,0,0,,,,,0,,-0.623
TCGA-GI-A2C8-01,,WT,,2724.56,0.1124,-0.097,0,0,,-0.7091,,,0,,0.2346
TCGA-GI-A2C9-01,,WT,,2316.25,-0.3331,0.304,0,0,,-1.2976,,,1,,-0.1774
TCGA-GJ-A3OU-01,,WT,,1256.26,-0.3229,-0.021,0,0,,-0.5618,,,0,,-0.2506
TCGA-GJ-A6C0-01,,WT,,2239.59,1.6075,0.04,0,0,,1.7735,,,0,,1.0546
TCGA-GJ-A9DB-01,,WT,,1608.33,0.3683,-0.098,0,0,,0.436,,,0,,0.3071
TCGA-GK-A6C7-01,,WT,,2171.1,-0.4309,-0.009,0,0,,-2.273,,,0,,-0.2501
TCGA-GL-6846-01,,WT,,1842.33,0.4753,0.153,0,0,,-1.4244,,,1,,0.606
TCGA-GL-7773-01,,WT,,2032.81,0.7897,-0.049,0,0,,-0.6885,,,0,,0.8247
TCGA-GL-7966-01,,WT,,3528.76,3.2589,0.0,0,0,,3.4372,,,0,,2.0507
TCGA-GL-8500-01,,WT,,1391.54,-0.2687,-0.078,0,0,,-3.5231,,,0,,-0.0176
TCGA-GL-A4EM-01,,E430Dfs*18,,248.353,-2.1557,0.088,1,1,,-16.3947,,,0,,-3.8424
TCGA-GL-A59R-01,,WT,,1207.77,-0.5721,0.066,0,0,,-4.5822,,,0,,-0.3323
TCGA-GL-A59T-01,,WT,,767.368,-1.299,0.196,0,0,,-7.9729,,,1,,-1.3399
TCGA-GL-A9DC-01,,WT,,1701.91,0.2435,0.048,0,0,,-2.0174,,,0,,0.4298
TCGA-GL-A9DD-01,,WT,,1187.02,-0.6063,0.079,0,0,,-4.7118,,,0,,-0.3708
TCGA-GL-A9DE-01,,WT,,1964.0,0.6761,-0.002,0,0,,-0.9461,,,0,,0.7481
TCGA-GM-A2D9-01,,WT,,1872.74,-0.8171,-0.042,0,0,,-2.068,,,0,,-0.7167
TCGA-GM-A2DA-01,,WT,,1790.45,-0.9069,-0.025,0,0,,-2.2309,,,0,,-0.8308
TCGA-GM-A2DB-01,,WT,,2569.72,-0.0566,-0.02,0,0,,-0.9212,,,0,,0.0861
TCGA-GM-A2DC-01,,WT,,1809.33,-0.8863,0.041,0,0,,-2.1929,,,0,,-0.8041
TCGA-GM-A2DD-01,,WT,,1848.73,-0.8433,0.0,0,0,,-2.1148,,,0,,-0.7495
TCGA-GM-A2DF-01,,WT,,2128.51,-0.538,0.006,0,0,,-1.604,,,0,,-0.3919
TCGA-GM-A2DH-01,,WT,,3984.62,1.4874,-0.136,0,0,,0.669,,,-1,,1.1993
TCGA-GM-A2DI-01,,WT,,2877.37,0.2791,-0.021,0,0,,-0.5112,,,0,,0.3731
TCGA-GM-A2DK-01,,WT,,1847.29,-0.8449,-0.011,0,0,,-2.1176,,,0,,-0.7515
TCGA-GM-A2DL-01,,WT,,2968.65,0.3787,-0.056,0,0,,-0.398,,,0,,0.4523
TCGA-GM-A2DM-01,,WT,,2987.7,0.3995,-0.003,0,0,,-0.3748,,,0,,0.4686
TCGA-GM-A2DN-01,,WT,,2634.79,0.0144,0.026,0,0,,-0.8305,,,0,,0.1496
TCGA-GM-A2DO-01,,WT,,2365.16,-0.2798,0.002,0,0,,-1.2219,,,0,,-0.1244
TCGA-GM-A3NW-01,,WT,,2325.94,-0.3226,0.021,0,0,,-1.2825,,,0,,-0.1668
TCGA-GM-A3NY-01,,WT,,2327.56,-0.3208,-0.009,0,0,,-1.2799,,,0,,-0.1651
TCGA-GM-A3XG-01,,NP,,1772.88,-0.9261,0.001,0,0,NP,-2.2666,,,0,,-0.8558
TCGA-GM-A3XL-01,,WT,,1184.49,-1.5681,-0.162,0,0,,-3.7281,,,-1,,-1.8789
TCGA-GM-A3XN-01,,NP,,1553.23,-1.1657,0.034,0,0,NP,-2.746,,,0,,-1.1914
TCGA-GM-A4E0-01,,WT,,1754.25,-0.9464,-0.025,0,0,,-2.3049,,,0,,-0.8826
TCGA-GM-A5PV-01,,WT,,2430.84,-0.2081,0.066,0,0,,-1.1226,,,0,,-0.0549
TCGA-GM-A5PX-01,,WT,,1672.53,-1.0356,0.001,0,0,,-2.4778,,,0,,-1.0036
TCGA-GN-A262-06,,WT,,1930.42,-0.2568,-0.734,0,0,,,,,-1,,0.1102
TCGA-GN-A263-01,,WT,,2116.61,-0.0579,,0,0,,,,,NP,,0.2548
TCGA-GN-A264-06,,WT,,1857.35,-0.3349,-0.754,0,0,,,,,-1,,0.0496
TCGA-GN-A265-06,,WT,,1551.52,-0.6617,-0.074,0,0,,,,,0,,-0.233
TCGA-GN-A266-06,,WT,,3378.45,1.2904,-0.075,0,0,,,,,0,,0.9893
TCGA-GN-A267-06,,WT,,1623.68,-0.5846,0.0,0,0,,,,,0,,-0.1616
TCGA-GN-A268-06,,WT,,2111.99,-0.0628,0.133,0,0,,,,,1,,0.2514
TCGA-GN-A269-01,,WT,,,,,0,0,,,,,NP,,
TCGA-GN-A26A-06,,WT,,2237.78,0.0716,0.033,0,0,,,,,0,,0.3422
TCGA-GN-A26C-01,,WT,,1568.39,-0.6437,,0,0,,,,,NP,,-0.216
TCGA-GN-A26D-06,,WT,,1610.58,-0.5986,-0.295,0,0,,,,,-1,,-0.1743
TCGA-GN-A4U3-06,,WT,,1626.16,-0.5819,-0.594,0,0,,,,,-1,,-0.1592
TCGA-GN-A4U4-06,,WT,,2777.58,0.6483,-0.004,0,0,,,,,0,,0.6816
TCGA-GN-A4U5-01,,WT,,1360.71,-0.8656,,0,0,,,,,NP,,-0.439
TCGA-GN-A4U7-06,,WT,,922.161,-1.3342,-0.091,0,0,,,,,0,,-1.0498
TCGA-GN-A4U8-06,,WT,,2440.16,0.2878,-0.002,0,0,,,,,0,,0.4782
TCGA-GN-A4U9-06,,WT,,2507.17,0.3594,-0.058,0,0,,,,,0,,0.5208
TCGA-GN-A8LK-06,,WT,,805.113,-1.4592,-0.101,0,0,,,,,-1,,-1.2628
TCGA-GN-A8LL-06,,WT,,395.511,-1.8969,-0.626,0,0,,,,,-1,,-2.3777
TCGA-GN-A9SD-06,,WT,,2222.18,0.0549,0.013,0,0,,,,,0,,0.3312
TCGA-GR-7351-01,,NP,,1040.7,-1.1416,-0.001,0,0,,,,,0,,-1.2193
TCGA-GR-7353-01,,NP,,1061.83,-1.1134,-0.026,0,0,,,,,0,,-1.1705
TCGA-GR-A4D4-01,,WT,,2182.13,0.3818,-0.05,0,0,,,,,0,,0.5779
TCGA-GR-A4D5-01,,WT,,2215.33,0.4261,0.013,0,0,,,,,0,,0.6146
TCGA-GR-A4D6-01,,WT,,1167.07,-0.973,0.023,0,0,,,,,0,,-0.9411
TCGA-GR-A4D9-01,,WT,,2429.28,0.7116,0.014,0,0,,,,,0,,0.8384
TCGA-GS-A9TQ-01,,WT,,2272.97,0.503,-0.078,0,0,,,,,0,,0.677
TCGA-GS-A9TT-01,,WT,,2841.58,1.2619,0.037,0,0,,,,,0,,1.2191
TCGA-GS-A9TU-01,,WT,,2668.5,1.0309,0.062,0,0,,,,,0,,1.0665
TCGA-GS-A9TV-01,,WT,,2956.71,1.4155,0.012,0,0,,,,,0,,1.3155
TCGA-GS-A9TW-01,,WT,,2596.87,0.9353,-0.044,0,0,,,,,0,,1.0004
TCGA-GS-A9TX-01,,WT,,3307.98,1.8844,0.072,0,0,,,,,0,,1.5881
TCGA-GS-A9TY-01,,WT,,905.061,-1.3227,-0.18,0,0,,,,,-1,,-1.5581
TCGA-GS-A9TZ-01,,WT,,3712.41,2.4241,0.065,0,0,,,,,0,,1.8682
TCGA-GS-A9U3-01,,WT,,2113.71,0.2904,0.467,0,0,,,,,1,,0.5006
TCGA-GS-A9U4-01,,WT,,2189.26,0.3913,0.014,0,0,,,,,0,,0.5859
TCGA-GU-A42P-01,,WT,,1916.72,0.0991,-0.175,0,0,,-0.2504,,,-1,,0.2576
TCGA-GU-A42Q-01,,WT,,1689.61,-0.1689,0.011,0,0,,-0.6355,,,0,,0.0687
TCGA-GU-A42R-01,,WT,,134.174,-2.0045,-1.29,1,1,,-8.3543,,,-2,,-3.7172
TCGA-GU-A762-01,,WT,,1101.28,-0.8632,-0.054,0,0,,-1.9423,,,0,,-0.5722
TCGA-GU-A763-01,,WT,,1030.22,-0.9471,-0.019,0,0,,-2.1459,,,0,,-0.6721
TCGA-GU-A764-01,,WT,,2018.24,0.2189,0.023,0,0,,-0.0928,,,0,,0.3349
TCGA-GU-A766-01,,WT,,1026.75,-0.9512,0.0,0,0,,-2.1562,,,0,,-0.6771
TCGA-GU-A767-01,,WT,,846.154,-1.1643,-0.33,0,0,,-2.7467,,,-1,,-0.9667
TCGA-GU-AATO-01,,WT,,1300.81,-0.6278,0.0,0,0,,-1.434,,,0,,-0.3229
TCGA-GU-AATP-01,,WT,,1158.13,-0.7962,-0.364,0,0,,-1.7887,,,-1,,-0.4969
TCGA-GU-AATQ-01,,WT,,1738.54,-0.1112,-0.029,0,0,,-0.5483,,,0,,0.1115
TCGA-GV-A3JV-01,,WT,,2284.31,0.5329,0.079,0,0,,0.2854,,,0,,0.5204
TCGA-GV-A3JW-01,,WT,,2484.21,0.7688,0.042,0,0,,0.5416,,,0,,0.6461
TCGA-GV-A3JX-01,,WT,,2388.49,0.6558,-0.155,0,0,,0.4216,,,-1,,0.5873
TCGA-GV-A3JZ-01,,WT,,3002.74,1.3807,0.117,0,0,,1.1206,,,1,,0.9301
TCGA-GV-A3QF-01,,WT,,2912.64,1.2744,0.077,0,0,,1.0276,,,0,,0.8845
TCGA-GV-A3QG-01,,WT,,2209.55,0.4446,0.058,0,0,,0.1838,,,0,,0.4706
TCGA-GV-A3QH-01,,WT,,3159.19,1.5653,0.32,0,0,,1.2758,,,1,,1.0062
TCGA-GV-A3QI-01,,WT,,3494.69,1.9613,-0.174,0,0,,1.584,,,-1,,1.1574
TCGA-GV-A3QK-01,,WT,,539.212,-1.5266,-0.112,0,0,,-4.1213,,,-1,,-1.641
TCGA-GV-A40E-01,,WT,,1550.56,-0.333,-0.03,0,0,,-0.8978,,,0,,-0.0599
TCGA-GV-A40G-01,,WT,,2218.7,0.4554,-0.256,0,0,,0.1964,,,-1,,0.4768
TCGA-GV-A6ZA-01,,WT,,1690.36,-0.1681,-0.055,0,0,,-0.6342,,,0,,0.0694
TCGA-H2-A26U-01,,WT,,2356.0,-0.5676,0.014,0,0,,-1.1143,,,0,,-0.4318
TCGA-H2-A2K9-01,,WT,,3326.2,0.8641,0.003,0,0,,0.1293,,,0,,0.838
TCGA-H2-A3RH-01,,WT,,2835.94,0.1406,0.0,0,0,,-0.4457,,,0,,0.2508
TCGA-H2-A3RI-01,,WT,,3103.59,0.5356,0.001,0,0,,-0.1205,,,0,,0.5829
TCGA-H2-A421-01,,WT,,2063.24,-0.9996,0.0,0,0,,-1.5927,,,0,,-0.9203
TCGA-H2-A422-01,,WT,,2918.97,0.2631,0.001,0,0,,-0.3417,,,0,,0.3571
TCGA-H4-A2HO-01,,WT,,2171.29,0.3995,0.004,0,0,,0.1304,,,0,,0.4444
TCGA-H4-A2HQ-01,,T406Lfs*19,,474.236,-1.6032,-0.075,1,1,,-4.5129,,,0,,-1.833
TCGA-H5-A2HR-01,,WT,,850.505,-1.6128,0.077,0,0,,-5.4278,,,0,,-2.0611
TCGA-H6-8124-01,,WT,,2472.73,1.0545,-0.197,0,0,,,,,-1,,0.9816
TCGA-H6-A45N-01,,WT,,1858.14,-0.0836,0.008,0,0,,,,,0,,0.0116
TCGA-H7-7774-01,,WT,,1800.45,-0.5664,0.053,0,0,,-0.4593,,,0,,-0.5303
TCGA-H7-8501-01,,WT,,2108.81,-0.2026,0.015,0,0,,0.1405,,,0,,-0.1591
TCGA-H7-8502-01,,NP,,1953.16,-0.3862,-0.019,0,0,NP,-0.1504,,,0,,-0.3392
TCGA-H7-A6C4-01,,WT,,1722.41,-0.6584,-0.031,0,0,,-0.6274,,,0,,-0.6343
TCGA-H7-A6C5-01,,WT,,,,0.288,0,0,,,,,1,,
TCGA-H7-A76A-01,,WT,,960.67,-1.5572,0.018,0,0,,-2.842,,,0,,-2.0048
TCGA-H8-A6C1-01,,WT,,1685.88,-0.4026,-0.037,0,0,,,,,0,,-0.3187
TCGA-H9-7775-01,,WT,,2560.98,0.1636,-0.037,0,0,,-0.1858,,,0,,0.2837
TCGA-H9-A6BX-01,,WT,,1771.59,-0.9267,0.011,0,0,,-2.2149,,,0,,-0.9723
TCGA-H9-A6BY-01,,WT,,2573.8956,0.1814,-0.019,0,0,,-0.1581,,,0,,0.3008
TCGA-HB-A2OT-01,,WT,,1985.15,-0.2243,-0.169,0,0,,,,,-1,,-0.0866
TCGA-HB-A3L4-01,,WT,,3088.46,0.8684,-0.466,0,0,,,,,-1,,0.864
TCGA-HB-A3YV-01,,WT,,3717.91,1.4917,-0.182,0,0,,,,,-1,,1.2629
TCGA-HB-A43Z-01,,WT,,6244.97,3.9943,0.24,0,0,,,,,1,,2.3785
TCGA-HB-A5W3-01,,WT,,3673.14,1.4474,-0.24,0,0,,,,,-1,,1.2369
TCGA-HC-7075-01,,WT,,2227.71,-0.2967,-0.008,0,0,,-0.9535,,,0,,-0.1915
TCGA-HC-7077-01,,WT,,2565.38,0.1696,-0.035,0,0,,-0.1764,,,0,,0.2895
TCGA-HC-7078-01,,WT,,2781.18,0.4677,-0.061,0,0,,0.2684,,,0,,0.5649
TCGA-HC-7079-01,,WT,,2648.88,0.285,0.01,0,0,,0.0,,,0,,0.3987
TCGA-HC-7080-01,,WT,,2174.46,-0.3703,-0.091,0,0,,-1.0867,,,0,,-0.274
TCGA-HC-7081-01,,WT,,2678.06,0.3253,-0.016,0,0,,0.0603,,,0,,0.4361
TCGA-HC-7209-01,,WT,,2568.72,0.1743,-0.022,0,0,,-0.1692,,,0,,0.294
TCGA-HC-7210-01,,WT,,2884.11,0.6099,0.075,0,0,,0.4685,,,0,,0.6887
TCGA-HC-7211-01,,WT,,3900.32,2.0134,-0.043,0,0,,2.1307,,,0,,1.7177
TCGA-HC-7212-01,,WT,,4248.22,2.4939,-0.07,0,0,,2.6013,,,0,,2.009
TCGA-HC-7213-01,,WT,,2649.57,0.2859,-0.145,0,0,,0.0014,,,-1,,0.3996
TCGA-HC-7230-01,,WT,,2948.83,0.6993,-0.063,0,0,,0.5907,,,0,,0.7644
TCGA-HC-7231-01,,WT,,2867.13,0.5864,-0.037,0,0,,0.436,,,0,,0.6686
TCGA-HC-7232-01,,WT,,3431.5,1.3659,-0.056,0,0,,1.4255,,,0,,1.2812
TCGA-HC-7233-01,,WT,,2755.27,0.4319,-0.013,0,0,,0.2168,,,0,,0.533
TCGA-HC-7736-01,,WT,,2974.75,0.7351,-0.093,0,0,,0.6389,,,0,,0.7942
TCGA-HC-7737-01,,WT,,2235.59,-0.2858,-0.044,0,0,,-0.9341,,,0,,-0.1795
TCGA-HC-7738-01,,WT,,2422.22,-0.0281,-0.034,0,0,,-0.4926,,,0,,0.0938
TCGA-HC-7740-01,,WT,,2316.72,-0.1738,0.004,0,0,,-0.7378,,,0,,-0.058
TCGA-HC-7742-01,,WT,,2086.3,-0.492,-0.036,0,0,,-1.3146,,,0,,-0.415
TCGA-HC-7744-01,,WT,,2764.9,0.4452,-0.04,0,0,,0.236,,,0,,0.5449
TCGA-HC-7745-01,,WT,,2693.14,0.3461,-0.02,0,0,,0.0912,,,0,,0.4552
TCGA-HC-7747-01,,WT,,2447.11,0.0063,-0.025,0,0,,-0.4363,,,0,,0.1287
TCGA-HC-7748-01,,WT,,3182.97,1.0226,-0.019,0,0,,1.0114,,,0,,1.0249
TCGA-HC-7749-01,,WT,,2940.07,0.6872,-0.064,0,0,,0.5743,,,0,,0.7543
TCGA-HC-7750-01,,WT,,1905.45,-0.7418,-0.005,0,0,,-1.8138,,,0,,-0.7241
TCGA-HC-7752-01,,WT,,1532.25,-1.2573,-0.041,0,0,,-3.0139,,,0,,-1.467
TCGA-HC-7817-01,,WT,,2307.69,-0.1863,-0.008,0,0,,-0.7593,,,0,,-0.0713
TCGA-HC-7818-01,,WT,,2541.25,0.1363,-0.01,0,0,,-0.2284,,,0,,0.2573
TCGA-HC-7819-01,,WT,,3044.74,0.8317,-0.04,0,0,,0.7669,,,0,,0.8735
TCGA-HC-7820-01,,WT,,2153.1,-0.3998,-0.014,0,0,,-1.1411,,,0,,-0.3076
TCGA-HC-7821-01,,WT,,2947.57,0.6975,-0.041,0,0,,0.5883,,,0,,0.7629
TCGA-HC-8213-01,,WT,,3091.13,0.8958,0.0,0,0,,0.8502,,,0,,0.9251
TCGA-HC-8216-01,,WT,,2990.44,0.7567,-0.049,0,0,,0.6679,,,0,,0.8122
TCGA-HC-8256-01,,WT,,2117.44,-0.449,0.025,0,0,,-1.233,,,0,,-0.3645
TCGA-HC-8257-01,,WT,,3164.15,0.9966,-0.104,0,0,,0.9788,,,-1,,1.0046
TCGA-HC-8258-01,,WT,,1880.82,-0.7758,-0.002,0,0,,-1.8855,,,0,,-0.7684
TCGA-HC-8259-01,,WT,,2323.14,-0.1649,-0.001,0,0,,-0.7225,,,0,,-0.0485
TCGA-HC-8260-01,,WT,,2262.59,-0.2486,0.007,0,0,,-0.868,,,0,,-0.1386
TCGA-HC-8261-01,,WT,,2090.5,-0.4862,-0.004,0,0,,-1.3035,,,0,,-0.4082
TCGA-HC-8262-01,,WT,,2384.5,-0.0802,-0.028,0,0,,-0.579,,,0,,0.0403
TCGA-HC-8264-01,,WT,,2513.57,0.0981,-0.014,0,0,,-0.2887,,,0,,0.22
TCGA-HC-8265-01,,WT,,2221.06,-0.3059,0.019,0,0,,-0.97,,,0,,-0.2017
TCGA-HC-8266-01,,WT,,2541.57,0.1368,-0.006,0,0,,-0.2277,,,0,,0.2578
TCGA-HC-A48F-01,,WT,,3088.38,0.892,-0.156,0,0,,0.8453,,,-1,,0.922
TCGA-HC-A4ZV-01,,WT,,2268.19,-0.2408,-0.387,0,0,,-0.8543,,,-1,,-0.1301
TCGA-HC-A631-01,,WT,,3466.38,1.4141,-0.013,0,0,,1.4812,,,0,,1.3156
TCGA-HC-A632-01,,WT,,3164.18,0.9967,-0.084,0,0,,0.9788,,,0,,1.0047
TCGA-HC-A6AL-01,,WT,,2970.632,0.7294,0.004,0,0,,0.6313,,,0,,0.7895
TCGA-HC-A6AN-01,,WT,,2645.979,0.281,-0.073,0,0,,-0.006,,,0,,0.395
TCGA-HC-A6AO-01,,WT,,2381.2225,-0.0847,-0.012,0,0,,-0.5866,,,0,,0.0356
TCGA-HC-A6AP-01,,WT,,1973.8516,-0.6473,-0.005,0,0,,-1.6196,,,0,,-0.6039
TCGA-HC-A6AQ-01,,WT,,2211.0337,-0.3198,-0.005,0,0,,-0.9949,,,0,,-0.2171
TCGA-HC-A6AS-01,,WT,,1800.0049,-0.8875,0.013,0,0,,-2.1273,,,0,,-0.9181
TCGA-HC-A6HX-01,,WT,,1807.137,-0.8776,-0.02,0,0,,-2.1055,,,0,,-0.9046
TCGA-HC-A6HY-01,,WT,,3134.5932,0.9558,-0.036,0,0,,0.9271,,,0,,0.9727
TCGA-HC-A76W-01,,WT,,2683.83,0.3332,-0.013,0,0,,0.0722,,,0,,0.4434
TCGA-HC-A76X-01,,WT,,2557.42,0.1587,0.005,0,0,,-0.1935,,,0,,0.279
TCGA-HC-A8CY-01,,WT,,2288.96,-0.2121,-0.146,0,0,,-0.8042,,,-1,,-0.0991
TCGA-HC-A8D0-01,,WT,,2468.73,0.0362,-0.015,0,0,,-0.3878,,,0,,0.1586
TCGA-HC-A8D1-01,,WT,,2591.82,0.2062,-0.002,0,0,,-0.1199,,,0,,0.3245
TCGA-HC-A9TE-01,,WT,,1370.37,-1.4809,-0.488,0,0,,-3.6285,,,-1,,-1.8475
TCGA-HC-A9TH-01,,WT,,2457.39,0.0205,-0.071,0,0,,-0.4132,,,0,,0.143
TCGA-HD-7229-01,,WT,,2309.87,0.0347,0.039,0,0,,0.486,,,0,,0.0547
TCGA-HD-7753-01,,WT,,2945.03,0.784,-0.029,0,0,,1.4078,,,0,,0.6252
TCGA-HD-7754-01,,WT,,2662.79,0.451,0.05,0,0,,1.0255,,,0,,0.3886
TCGA-HD-7831-01,,WT,,2176.41,-0.1228,0.036,0,0,,0.2602,,,0,,-0.085
TCGA-HD-7832-01,,WT,,1688.18,-0.6988,0.106,0,0,,-0.7036,,,1,,-0.6815
TCGA-HD-7917-01,,NP,,3505.47,1.4453,0.488,0,0,NP,2.0689,,,1,,1.0343
TCGA-HD-8224-01,,WT,,1942.71,-0.3985,0.0,0,0,,-0.1708,,,0,,-0.3518
TCGA-HD-8314-01,,WT,,1912.63,-0.434,0.055,0,0,,-0.23,,,0,,-0.3884
TCGA-HD-8634-01,,WT,,1866.71,-0.4882,0.102,0,0,,-0.3222,,,1,,-0.4455
TCGA-HD-8635-01,,WT,,3608.45,1.5668,0.693,0,0,,2.1788,,,1,,1.1023
TCGA-HD-A4C1-01,,Q593*,,393.996,-2.2257,0.002,1,1,,-6.2197,,,0,,-4.0951
TCGA-HD-A633-01,,WT,,1776.31,-0.5948,-0.084,0,0,,-0.5105,,,0,,-0.562
TCGA-HD-A634-01,,WT,,3907.69,1.9198,0.063,0,0,,2.4811,,,0,,1.2894
TCGA-HD-A6HZ-01,,WT,,3184.83,1.067,0.063,0,0,,1.7049,,,0,,0.809
TCGA-HD-A6I0-01,,WT,,518.909,-2.0784,0.14,0,0,,-5.1766,,,1,,-3.4496
TCGA-HE-7128-01,,WT,,2003.41,0.7412,0.118,0,0,,-0.7975,,,1,,0.7923
TCGA-HE-7129-01,,WT,,1934.41,0.6273,0.139,0,0,,-1.0597,,,1,,0.7144
TCGA-HE-7130-01,,Q770*,,523.426,-1.7016,-0.192,1,1,,-10.8313,,,-1,,-2.1892
TCGA-HE-A5NF-01,,WT,,1058.55,-0.8184,0.111,0,0,,-5.5682,,,1,,-0.6253
TCGA-HE-A5NH-01,,WT,,1559.62,0.0087,0.046,0,0,,-2.6704,,,0,,0.2358
TCGA-HE-A5NI-01,,WT,,963.17,-0.9758,0.255,0,0,,-6.2742,,,1,,-0.8351
TCGA-HE-A5NJ-01,,WT,,1389.89,-0.2715,0.133,0,0,,-3.532,,,1,,-0.0202
TCGA-HE-A5NK-01,,WT,,1098.27,-0.7528,-0.042,0,0,,-5.2928,,,0,,-0.5435
TCGA-HE-A5NL-01,,WT,,1183.19,-0.6126,0.122,0,0,,-4.736,,,1,,-0.378
TCGA-HF-7132-01,,WT,,2436.0886,-0.3383,0.031,0,0,,0.4376,,,0,,-0.2951
TCGA-HF-7133-01,,WT,,2191.1336,-0.6405,-0.463,0,0,,0.1,,,-1,,-0.6054
TCGA-HF-7134-01,,WT,,2372.6756,-0.4165,0.232,0,0,,0.3536,,,1,,-0.3723
TCGA-HF-7136-01,,WT,,2073.7802,-0.7852,0.02,0,0,,-0.0753,,,0,,-0.7666
TCGA-HF-A5NB-01,,WT,,347.9732,-2.914,0.061,0,0,,-5.7563,,,0,,-5.9893
TCGA-HG-A2PA-01,,WT,,1900.09,-0.4726,-0.039,0,0,,,,,0,,-0.3558
TCGA-HG-A9SC-01,,WT,,,,0.051,0,0,,,,,0,,
TCGA-HI-7168-01,,WT,,2876.87,0.5999,-0.051,0,0,,0.4546,,,0,,0.6802
TCGA-HI-7169-01,,WT,,1690.2,-1.0391,0.0,0,0,,-2.4738,,,0,,-1.1326
TCGA-HI-7170-01,,WT,,2334.04,-0.1499,-0.023,0,0,,-0.6968,,,0,,-0.0326
TCGA-HI-7171-01,,WT,,3197.79,1.0431,-0.115,0,0,,1.037,,,-1,,1.0407
TCGA-HJ-7597-01,,WT,,3549.0841,1.0346,-0.017,0,0,,1.6364,,,0,,0.807
TCGA-HL-7533-01,,WT,,2502.51,0.2619,0.059,0,0,,0.79,,,0,,0.2428
TCGA-HM-A3JJ-01,,WT,,2357.78,0.084,-0.06,0,0,,,,,0,,0.2026
TCGA-HM-A3JK-01,,WT,,1695.41,-0.7215,0.092,0,0,,,,,0,,-0.6506
TCGA-HM-A4S6-01,,NP,,1703.58,-0.7116,0.05,0,0,NP,,,,0,,-0.6382
TCGA-HM-A6W2-01,,WT,,1613.82,-0.8207,-0.037,0,0,,,,,0,,-0.7782
TCGA-HN-A2NL-01,,WT,,3093.25,0.5147,-0.235,0,0,,-0.249,,,-1,,0.5567
TCGA-HN-A2OB-01,,WT,,2233.81,-0.4231,0.003,0,0,,-1.429,,,0,,-0.2694
TCGA-HP-A5MZ-01,,WT,,1617.4,0.3861,0.089,0,0,,0.4587,,,0,,0.3198
TCGA-HP-A5N0-01,,WT,,2116.42,1.3657,0.361,0,0,,1.545,,,1,,0.9268
TCGA-HQ-A2OE-01,,WT,,2461.77,0.7423,-0.767,0,0,,0.5139,,,-1,,0.6325
TCGA-HQ-A2OF-01,,WT,,2631.54,0.9426,0.321,0,0,,0.7176,,,1,,0.7324
TCGA-HQ-A5ND-01,,WT,,3424.27,1.8782,0.586,0,0,,1.5219,,,1,,1.1269
TCGA-HQ-A5NE-01,,WT,,2531.01,0.824,0.057,0,0,,0.5986,,,0,,0.6741
TCGA-HR-A2OG-01,,NP,,,,,0,0,NP,,,,NP,,
TCGA-HR-A2OG-06,,WT,,2311.17,0.15,-0.062,0,0,,,,,0,,0.3929
TCGA-HR-A2OH-01,,NP,,,,,0,0,NP,,,,NP,,
TCGA-HR-A2OH-06,,WT,,2328.65,0.1687,0.0,0,0,,,,,0,,0.4047
TCGA-HS-A5N7-01,,WT,,1861.01,-0.3472,-0.549,0,0,,,,,-1,,-0.2254
TCGA-HS-A5N8-01,,WT,,2181.49,-0.0298,0.0,0,0,,,,,0,,0.1163
TCGA-HS-A5NA-01,,WT,,4683.89,2.4484,-0.108,0,0,,,,,-1,,1.7597
TCGA-HT-7467-01,,WT,,3017.53,0.0854,-0.027,0,0,,,,,0,,0.2049
TCGA-HT-7468-01,,WT,,4119.97,1.3781,-0.099,0,0,,,,,0,,1.1955
TCGA-HT-7469-01,,WT,,5152.58,2.589,-0.17,0,0,,,,,-1,,1.9069
TCGA-HT-7470-01,,WT,,2936.97,-0.009,-0.034,0,0,,,,,0,,0.1189
TCGA-HT-7471-01,,WT,,3769.41,0.9671,-0.171,0,0,,,,,-1,,0.9126
TCGA-HT-7472-01,,WT,,4082.34,1.334,-0.021,0,0,,,,,0,,1.1663
TCGA-HT-7473-01,,WT,,4941.48,2.3414,0.05,0,0,,,,,0,,1.7739
TCGA-HT-7474-01,,WT,,2276.13,-0.7839,0.0,0,0,,,,,0,,-0.6919
TCGA-HT-7475-01,,WT,,2192.44,-0.8821,-0.052,0,0,,,,,0,,-0.811
TCGA-HT-7476-01,,WT,,2411.3,-0.6254,0.398,0,0,,,,,1,,-0.5084
TCGA-HT-7477-01,,WT,,2525.92,-0.491,-0.427,0,0,,,,,-1,,-0.3607
TCGA-HT-7478-01,,WT,,3079.32,0.1579,0.019,0,0,,,,,0,,0.2694
TCGA-HT-7479-01,,WT,,3497.16,0.6478,0.032,0,0,,,,,0,,0.6741
TCGA-HT-7480-01,,WT,,3604.62,0.7738,-0.089,0,0,,,,,0,,0.7704
TCGA-HT-7481-01,,WT,,3326.1,0.4473,-0.023,0,0,,,,,0,,0.5146
TCGA-HT-7482-01,,WT,,4183.28,1.4524,0.042,0,0,,,,,0,,1.244
TCGA-HT-7483-01,,WT,,3406.37,0.5414,0.014,0,0,,,,,0,,0.5905
TCGA-HT-7485-01,,WT,,4424.03,1.7347,0.003,0,0,,,,,0,,1.422
TCGA-HT-7601-01,,WT,,3141.41,0.2307,-0.005,0,0,,,,,0,,0.3329
TCGA-HT-7602-01,,WT,,3149.6,0.2403,0.001,0,0,,,,,0,,0.3412
TCGA-HT-7603-01,,WT,,1839.39,-1.2961,-0.019,0,0,,,,,0,,-1.3694
TCGA-HT-7604-01,,WT,,4368.19,1.6692,0.085,0,0,,,,,0,,1.3816
TCGA-HT-7605-01,,WT,,2498.14,-0.5236,-0.034,0,0,,,,,0,,-0.3959
TCGA-HT-7606-01,,WT,,3256.17,0.3653,-0.692,0,0,,,,,-1,,0.447
TCGA-HT-7607-01,,WT,,2115.15,-0.9727,-0.015,0,0,,,,,0,,-0.9252
TCGA-HT-7608-01,,WT,,3198.61,0.2978,-0.041,0,0,,,,,0,,0.3903
TCGA-HT-7609-01,,WT,,3989.49,1.2251,0.233,0,0,,,,,1,,1.0931
TCGA-HT-7610-01,,Y578F,,3117.44,0.2026,0.014,1,1,,,,,0,,0.3085
TCGA-HT-7611-01,,WT,,4542.62,1.8737,-0.027,0,0,,,,,0,,1.5061
TCGA-HT-7616-01,,WT,,4322.97,1.6162,-0.116,0,0,,,,,-1,,1.3485
TCGA-HT-7620-01,,WT,,3271.87,0.3837,-0.016,0,0,,,,,0,,0.4623
TCGA-HT-7676-01,,WT,,3508.2,0.6608,0.013,0,0,,,,,0,,0.6842
TCGA-HT-7677-01,,WT,,3594.7,0.7622,-0.063,0,0,,,,,0,,0.7616
TCGA-HT-7680-01,,WT,,4128.24,1.3878,0.001,0,0,,,,,0,,1.2019
TCGA-HT-7681-01,,WT,,2121.58,-0.9652,-0.038,0,0,,,,,0,,-0.9155
TCGA-HT-7684-01,,WT,,2491.78,-0.5311,0.038,0,0,,,,,0,,-0.404
TCGA-HT-7686-01,,WT,,3370.38,0.4992,-0.019,0,0,,,,,0,,0.5567
TCGA-HT-7687-01,,WT,,4059.59,1.3073,-0.051,0,0,,,,,0,,1.1485
TCGA-HT-7688-01,,WT,,1704.49,-1.4542,-0.309,0,0,,,,,-1,,-1.6116
TCGA-HT-7689-01,,WT,,3652.77,0.8303,0.144,0,0,,,,,1,,0.8126
TCGA-HT-7690-01,,WT,,3017.46,0.0853,-0.129,0,0,,,,,-1,,0.2049
TCGA-HT-7691-01,,WT,,2562.85,-0.4477,0.002,0,0,,,,,0,,-0.3145
TCGA-HT-7692-01,,WT,,3343.61,0.4678,-0.223,0,0,,,,,-1,,0.5313
TCGA-HT-7693-01,,WT,,3799.65,1.0025,0.002,0,0,,,,,0,,0.938
TCGA-HT-7694-01,,WT,,2047.69,-1.0518,-0.026,0,0,,,,,0,,-1.0282
TCGA-HT-7695-01,,WT,,2992.04,0.0555,-0.041,0,0,,,,,0,,0.1779
TCGA-HT-7854-01,,WT,,3732.02,0.9232,0.006,0,0,,,,,0,,0.8809
TCGA-HT-7855-01,,WT,,3833.81,1.0426,0.239,0,0,,,,,1,,0.9665
TCGA-HT-7856-01,,WT,,1980.47,-1.1306,-0.031,0,0,,,,,0,,-1.1344
TCGA-HT-7857-01,,WT,,2547.76,-0.4654,0.168,0,0,,,,,1,,-0.3333
TCGA-HT-7858-01,,WT,,3678.43,0.8604,0.0,0,0,,,,,0,,0.8349
TCGA-HT-7860-01,,WT,,4023.78,1.2653,0.004,0,0,,,,,0,,1.1203
TCGA-HT-7873-01,,WT,,3482.26,0.6304,-0.007,0,0,,,,,0,,0.6606
TCGA-HT-7874-01,,WT,,2179.29,-0.8975,-0.021,0,0,,,,,0,,-0.8301
TCGA-HT-7875-01,,WT,,3416.75,0.5535,-0.053,0,0,,,,,0,,0.6002
TCGA-HT-7877-01,,WT,,3179.45,0.2753,-0.026,0,0,,,,,0,,0.3712
TCGA-HT-7879-01,,WT,,2542.77,-0.4713,-0.037,0,0,,,,,0,,-0.3395
TCGA-HT-7880-01,,WT,,1668.78,-1.4961,-0.001,0,0,,,,,0,,-1.6789
TCGA-HT-7881-01,,WT,,1858.45,-1.2737,-0.025,0,0,,,,,0,,-1.3366
TCGA-HT-7882-01,,WT,,1945.86,-1.1712,-0.002,0,0,,,,,0,,-1.1905
TCGA-HT-7884-01,,WT,,2773.82,-0.2003,-0.025,0,0,,,,,0,,-0.0629
TCGA-HT-7902-01,,WT,,2764.75,-0.211,0.116,0,0,,,,,1,,-0.0733
TCGA-HT-8010-01,,WT,,2270.94,-0.79,-0.028,0,0,,,,,0,,-0.6991
TCGA-HT-8011-01,,R216*,,1080.55,-2.1859,0.009,1,1,,,,,0,,-3.0608
TCGA-HT-8012-01,,WT,,3288.12,0.4027,-0.066,0,0,,,,,0,,0.4781
TCGA-HT-8013-01,,WT,,3054.83,0.1292,0.237,0,0,,,,,1,,0.244
TCGA-HT-8015-01,,WT,,1626.08,-1.5462,-0.022,0,0,,,,,0,,-1.7614
TCGA-HT-8018-01,,WT,,1709.76,-1.4481,-0.013,0,0,,,,,0,,-1.6018
TCGA-HT-8019-01,,WT,,1022.02,-2.2545,0.003,0,0,,,,,0,,-3.2378
TCGA-HT-8104-01,,WT,,3400.94,0.535,0.111,0,0,,,,,1,,0.5854
TCGA-HT-8105-01,,WT,,3633.47,0.8077,-0.052,0,0,,,,,0,,0.7958
TCGA-HT-8106-01,,WT,,2334.85,-0.7151,-0.149,0,0,,,,,-1,,-0.6109
TCGA-HT-8107-01,,WT,,1461.9,-1.7387,0.013,0,0,,,,,0,,-2.0998
TCGA-HT-8108-01,,WT,,3377.82,0.5079,0.006,0,0,,,,,0,,0.5637
TCGA-HT-8109-01,,WT,,3164.92,0.2583,-0.036,0,0,,,,,0,,0.3566
TCGA-HT-8110-01,,WT,,2826.22,-0.1389,-0.042,0,0,,,,,0,,-0.0034
TCGA-HT-8111-01,,WT,,3188.47,0.2859,0.007,0,0,,,,,0,,0.3802
TCGA-HT-8113-01,,WT,,1383.36,-1.8308,-0.019,0,0,,,,,0,,-2.2754
TCGA-HT-8114-01,,WT,,3597.87,0.7659,0.081,0,0,,,,,0,,0.7645
TCGA-HT-8558-01,,WT,,1364.98,-1.8523,,0,0,,,,,NP,,-2.3179
TCGA-HT-8563-01,,WT,,2474.09,-0.5518,0.153,0,0,,,,,1,,-0.4266
TCGA-HT-8564-01,,WT,,4464.18,1.7818,0.218,0,0,,,,,1,,1.4507
TCGA-HT-A4DS-01,,WT,,1022.74,-2.2537,0.0,0,0,,,,,0,,-3.2356
TCGA-HT-A4DV-01,,WT,,1772.8,-1.3741,-0.017,0,0,,,,,0,,-1.4867
TCGA-HT-A5R5-01,,WT,,2425.35,-0.609,0.035,0,0,,,,,0,,-0.4899
TCGA-HT-A5R7-01,,WT,,1796.77,-1.346,0.013,0,0,,,,,0,,-1.444
TCGA-HT-A5R9-01,,WT,,3841.3,1.0514,-0.091,0,0,,,,,0,,0.9727
TCGA-HT-A5RA-01,,WT,,3259.73,0.3694,-0.093,0,0,,,,,0,,0.4505
TCGA-HT-A5RB-01,,WT,,3319.27,0.4392,-0.022,0,0,,,,,0,,0.5081
TCGA-HT-A5RC-01,,WT,,3132.94,0.2208,-0.015,0,0,,,,,0,,0.3243
TCGA-HT-A614-01,,WT,,2655.76,-0.3388,-0.036,0,0,,,,,0,,-0.2013
TCGA-HT-A615-01,,WT,,3479.0,0.6265,-0.043,0,0,,,,,0,,0.6576
TCGA-HT-A616-01,,WT,,2662.18,-0.3313,0.035,0,0,,,,,0,,-0.1936
TCGA-HT-A617-01,,WT,,2074.61,-1.0202,-0.083,0,0,,,,,0,,-0.9867
TCGA-HT-A618-01,,WT,,2996.89,0.0612,-0.11,0,0,,,,,-1,,0.1831
TCGA-HT-A61A-01,,WT,,1426.34,-1.7804,,0,0,,,,,NP,,-2.1781
TCGA-HT-A61B-01,,WT,,2832.59,-0.1314,-0.091,0,0,,,,,0,,0.0038
TCGA-HT-A61C-01,,WT,,1411.66,-1.7976,-0.06,0,0,,,,,0,,-2.211
TCGA-HT-A74H-01,,WT,,2010.79,-1.0951,-0.003,0,0,,,,,0,,-1.0861
TCGA-HT-A74J-01,,WT,,2217.22,-0.853,0.113,0,0,,,,,1,,-0.7753
TCGA-HT-A74K-01,,WT,,1083.23,-2.1827,-0.078,0,0,,,,,0,,-3.0529
TCGA-HT-A74L-01,,WT,,4132.13,1.3924,-0.064,0,0,,,,,0,,1.2049
TCGA-HT-A74O-01,,WT,,1375.7,-1.8398,0.242,0,0,,,,,1,,-2.293
TCGA-HU-8238-01,,WT,,1838.5668,-1.0754,-0.027,0,0,,-0.4588,,,0,,-1.1192
TCGA-HU-8243-01,,WT,,2373.7407,-0.4152,-0.38,0,0,,0.355,,,-1,,-0.371
TCGA-HU-8244-01,,WT,,2167.6071,-0.6695,0.117,0,0,,0.0656,,,1,,-0.6371
TCGA-HU-8245-01,,WT,,,,-0.077,0,0,,,,,0,,
TCGA-HU-8249-01,,WT,,3079.9085,0.4558,-0.042,0,0,,1.1847,,,0,,0.3917
TCGA-HU-8602-01,,WT,,3951.8167,1.5313,0.063,0,0,,1.9789,,,0,,1.1218
TCGA-HU-8604-01,,WT,,5964.6214,4.0141,0.173,0,0,,3.2905,,,1,,2.3277
TCGA-HU-8608-01,,WT,,2883.3613,0.2134,-0.003,0,0,,0.9746,,,0,,0.1986
TCGA-HU-8610-01,,WT,,1933.2726,-0.9585,0.04,0,0,,-0.2988,,,0,,-0.9721
TCGA-HU-A4G2-01,,WT,,2708.8721,-0.0018,0.123,0,0,,0.7757,,,1,,0.0157
TCGA-HU-A4G3-01,,WT,,1880.8421,-1.0232,0.004,0,0,,-0.3864,,,0,,-1.0526
TCGA-HU-A4G6-01,,WT,,4957.004,2.7712,0.172,0,0,,2.7009,,,1,,1.7856
TCGA-HU-A4G8-01,,P987Q,,3523.7169,1.0033,-0.003,1,1,,1.6136,,,0,,0.786
TCGA-HU-A4G9-01,,WT,,2566.441,-0.1775,0.151,0,0,,0.6037,,,1,,-0.1424
TCGA-HU-A4GC-01,,WT,,2025.7137,-0.8445,0.017,0,0,,-0.15,,,0,,-0.8353
TCGA-HU-A4GD-01,,WT,,3884.3189,1.4481,0.406,0,0,,1.924,,,1,,1.0714
TCGA-HU-A4GF-01,,WT,,4042.1689,1.6428,0.255,0,0,,2.0509,,,1,,1.188
TCGA-HU-A4GH-01,,WT,,2841.4582,0.1617,-0.077,0,0,,0.928,,,0,,0.1557
TCGA-HU-A4GJ-01,,WT,,3743.3666,1.2742,0.003,0,0,,1.8062,,,0,,0.9631
TCGA-HU-A4GN-01,,WT,,2011.329,-0.8623,0.001,0,0,,-0.1727,,,0,,-0.8562
TCGA-HU-A4GP-01,,WT,,2657.6825,-0.065,0.008,0,0,,0.7149,,,0,,-0.0401
TCGA-HU-A4GQ-01,,WT,,2854.9226,0.1783,0.076,0,0,,0.943,,,0,,0.1695
TCGA-HU-A4GT-01,,WT,,2682.1915,-0.0347,0.108,0,0,,0.7442,,,1,,-0.0132
TCGA-HU-A4GU-01,,WT,,3767.9686,1.3046,0.0,0,0,,1.8271,,,0,,0.9823
TCGA-HU-A4GX-01,,WT,,3235.8764,0.6482,0.052,0,0,,1.3421,,,0,,0.5364
TCGA-HU-A4GY-01,,WT,,3627.006,1.1307,0.011,0,0,,1.7056,,,0,,0.8706
TCGA-HU-A4H0-01,,WT,,3436.0845,0.8952,-0.002,0,0,,1.5333,,,0,,0.7122
TCGA-HU-A4H2-01,,WT,,2839.5864,0.1594,-0.086,0,0,,0.9259,,,0,,0.1538
TCGA-HU-A4H3-01,,WT,,3061.501,0.4331,0.068,0,0,,1.1656,,,0,,0.3741
TCGA-HU-A4H4-01,,WT,,3423.5818,0.8798,0.076,0,0,,1.5217,,,0,,0.7015
TCGA-HU-A4H5-01,,WT,,4448.4176,2.1439,0.447,0,0,,2.356,,,1,,1.4685
TCGA-HU-A4H6-01,,WT,,2723.1431,0.0158,0.0,0,0,,0.7925,,,0,,0.0311
TCGA-HU-A4H8-01,,WT,,3261.8745,0.6803,0.024,0,0,,1.3675,,,0,,0.5598
TCGA-HU-A4HB-01,,WT,,2889.2041,0.2206,-0.004,0,0,,0.981,,,0,,0.2045
TCGA-HU-A4HD-01,,WT,,2079.4163,-0.7783,-0.313,0,0,,-0.0667,,,-1,,-0.7587
TCGA-HV-A5A3-01,,WT,,1786.25,-0.2167,-0.023,0,0,,,,,0,,-0.1224
TCGA-HV-A5A4-01,,WT,,1706.07,-0.3652,-0.008,0,0,,,,,0,,-0.2782
TCGA-HV-A5A5-01,,WT,,1553.44,-0.6479,0.018,0,0,,,,,0,,-0.5963
TCGA-HV-A5A6-01,,WT,,1614.56,-0.5347,-0.095,0,0,,,,,0,,-0.4654
TCGA-HV-A7OL-01,,WT,,856.439,-1.9386,-0.052,0,0,,,,,0,,-2.6169
TCGA-HV-A7OP-01,,WT,,977.528,-1.7143,-0.183,0,0,,,,,-1,,-2.1682
TCGA-HV-AA8V-01,,WT,,1290.49,-1.1348,-0.018,0,0,,,,,0,,-1.2257
TCGA-HV-AA8X-01,,WT,,1616.6,-0.5309,-0.086,0,0,,,,,0,,-0.4611
TCGA-HW-7486-01,,WT,,3391.61,0.5241,-0.022,0,0,,,,,0,,0.5767
TCGA-HW-7487-01,,WT,,2770.38,-0.2044,-0.038,0,0,,,,,0,,-0.0669
TCGA-HW-7489-01,,WT,,1978.43,-1.133,-0.023,0,0,,,,,0,,-1.1377
TCGA-HW-7490-01,,WT,,4124.43,1.3834,0.025,0,0,,,,,0,,1.1989
TCGA-HW-7491-01,,WT,,4384.23,1.688,-0.198,0,0,,,,,-1,,1.3932
TCGA-HW-7493-01,,WT,,3192.75,0.2909,-0.152,0,0,,,,,-1,,0.3845
TCGA-HW-7495-01,,WT,,2606.29,-0.3968,-0.02,0,0,,,,,0,,-0.2611
TCGA-HW-8319-01,,WT,,3580.56,0.7456,0.004,0,0,,,,,0,,0.7491
TCGA-HW-8320-01,,WT,,3668.27,0.8485,0.118,1,1,,,,,2,,0.8261
TCGA-HW-8321-01,,WT,,3304.8,0.4223,0.262,0,0,,,,,1,,0.4942
TCGA-HW-8322-01,,WT,,3547.31,0.7066,-0.062,0,0,,,,,0,,0.7194
TCGA-HW-A5KJ-01,,WT,,2591.75,-0.4138,-0.048,0,0,,,,,0,,-0.2789
TCGA-HW-A5KK-01,,WT,,2475.33,-0.5504,-0.029,0,0,,,,,0,,-0.425
TCGA-HW-A5KL-01,,WT,,3551.61,0.7117,-0.009,0,0,,,,,0,,0.7233
TCGA-HW-A5KM-01,,WT,,4003.89,1.242,0.019,0,0,,,,,0,,1.1046
TCGA-HZ-7289-01,,WT,,1879.25,-0.0445,-0.047,0,0,,,,,0,,0.0499
TCGA-HZ-7918-01,,WT,,2970.55,1.9764,0.121,0,0,,,,,1,,1.6043
TCGA-HZ-7919-01,,WT,,2785.39,1.6335,-0.062,0,0,,,,,0,,1.3858
TCGA-HZ-7920-01,,WT,,2501.61,1.108,0.0,0,0,,,,,0,,1.021
TCGA-HZ-7922-01,,WT,,3637.26,3.211,-0.015,0,0,,,,,0,,2.2918
TCGA-HZ-7923-01,,NP,,2298.87,0.7326,0.005,0,0,NP,,,,0,,0.7341
TCGA-HZ-7924-01,,WT,,2505.24,1.1147,0.0,0,0,,,,,0,,1.0259
TCGA-HZ-7925-01,,WT,,1746.47,-0.2904,-0.097,0,0,,,,,0,,-0.1988
TCGA-HZ-7926-01,,WT,,2473.27,1.0555,-0.002,0,0,,,,,0,,0.9823
TCGA-HZ-8001-01,,WT,,1414.31,-0.9055,0.121,0,0,,,,,1,,-0.9148
TCGA-HZ-8002-01,,WT,,2447.06,1.007,0.009,0,0,,,,,0,,0.9462
TCGA-HZ-8003-01,,WT,,2586.79,1.2657,-0.015,0,0,,,,,0,,1.1347
TCGA-HZ-8005-01,,WT,,2306.17,0.7461,0.041,0,0,,,,,0,,0.7449
TCGA-HZ-8315-01,,WT,,2430.9,0.9771,-0.014,0,0,,,,,0,,0.9237
TCGA-HZ-8317-01,,WT,,2125.14,0.4108,0.001,0,0,,,,,0,,0.4673
TCGA-HZ-8519-01,,NP,,2451.02,1.0143,-0.002,0,0,NP,,,,0,,0.9517
TCGA-HZ-8636-01,,WT,,2667.83,1.4158,0.058,0,0,,,,,0,,1.2394
TCGA-HZ-8637-01,,WT,,3115.91,2.2456,0.227,0,0,,,,,1,,1.7665
TCGA-HZ-8638-01,,WT,,2062.63,0.2951,0.004,0,0,,,,,0,,0.366
TCGA-HZ-A49G-01,,WT,,1896.61,-0.0124,-0.012,0,0,,,,,0,,0.0811
TCGA-HZ-A49H-01,,WT,,1593.79,-0.5731,0.004,0,0,,,,,0,,-0.5093
TCGA-HZ-A49I-01,,WT,,1386.33,-0.9573,-0.047,0,0,,,,,0,,-0.9826
TCGA-HZ-A4BH-01,,WT,,1980.32,0.1427,-0.011,0,0,,,,,0,,0.2278
TCGA-HZ-A4BK-01,,WT,,1717.94,-0.3432,-0.377,0,0,,,,,-1,,-0.2547
TCGA-HZ-A77O-01,,WT,,1412.15,-0.9095,-0.074,0,0,,,,,0,,-0.92
TCGA-HZ-A77P-01,,WT,,1683.67,-0.4067,0.001,0,0,,,,,0,,-0.3231
TCGA-HZ-A77Q-01,,WT,,1641.6,-0.4846,-0.016,0,0,,,,,0,,-0.409
TCGA-HZ-A8P0-01,,WT,,1494.72,-0.7566,-0.012,0,0,,,,,0,,-0.7271
TCGA-HZ-A8P1-01,,WT,,2243.11,0.6293,-0.107,0,0,,,,,-1,,0.6507
TCGA-HZ-A9TJ-01,,WT,,2090.56,0.3468,0.62,0,0,,,,,1,,0.4117
TCGA-IA-A40U-01,,WT,,1018.4,-0.8846,0.098,0,0,,-5.8573,,,0,,-0.7112
TCGA-IA-A40X-01,,WT,,1116.02,-0.7235,0.026,0,0,,-5.173,,,0,,-0.5079
TCGA-IA-A40Y-01,,WT,,1576.23,0.0361,0.004,0,0,,-2.5911,,,0,,0.2593
TCGA-IA-A83S-01,,WT,,1256.53,-0.4916,0.067,0,0,,-4.2863,,,0,,-0.2444
TCGA-IA-A83T-01,,D1259E,,583.175,-1.603,0.056,1,1,,-10.0239,,,0,,-1.9493
TCGA-IA-A83V-01,,WT,,989.455,-0.9324,0.042,0,0,,-6.0729,,,0,,-0.7753
TCGA-IA-A83W-01,,WT,,1594.39,0.0661,0.062,0,0,,-2.5055,,,0,,0.2848
TCGA-IB-7644-01,,WT,,2684.05,1.4458,-0.06,0,0,,,,,0,,1.26
TCGA-IB-7645-01,,WT,,2505.2,1.1146,0.004,0,0,,,,,0,,1.0259
TCGA-IB-7646-01,,WT,,3002.54,2.0356,0.002,0,0,,,,,0,,1.6407
TCGA-IB-7647-01,,WT,,2881.34,1.8112,-0.018,0,0,,,,,0,,1.5008
TCGA-IB-7649-01,,WT,,2899.25,1.8444,-0.022,0,0,,,,,0,,1.5219
TCGA-IB-7651-01,,WT,,2331.52,0.793,0.001,0,0,,,,,0,,0.782
TCGA-IB-7652-01,,WT,,4264.78,4.3731,0.194,0,0,,,,,1,,2.8322
TCGA-IB-7885-01,,WT,,1787.7,-0.214,-0.039,0,0,,,,,0,,-0.1196
TCGA-IB-7886-01,,WT,,3463.87,2.8899,0.0,0,0,,,,,0,,2.126
TCGA-IB-7887-01,,WT,,1864.59,-0.0717,-0.079,0,0,,,,,0,,0.0233
TCGA-IB-7888-01,,WT,,2474.41,1.0576,-0.007,0,0,,,,,0,,0.9839
TCGA-IB-7889-01,,WT,,1731.77,-0.3176,0.006,0,0,,,,,0,,-0.2275
TCGA-IB-7890-01,,WT,,2438.71,0.9915,0.007,0,0,,,,,0,,0.9346
TCGA-IB-7891-01,,WT,,2453.52,1.0189,0.001,0,0,,,,,0,,0.9551
TCGA-IB-7893-01,,WT,,2401.05,0.9218,0.04,0,0,,,,,0,,0.8817
TCGA-IB-7897-01,,WT,,3528.37,3.0094,-0.005,0,0,,,,,0,,2.1886
TCGA-IB-8126-01,,WT,,3207.1,2.4144,-0.004,0,0,,,,,0,,1.8645
TCGA-IB-8127-01,,WT,,2588.36,1.2686,-0.042,0,0,,,,,0,,1.1368
TCGA-IB-A5SO-01,,WT,,1848.12,-0.1022,0.003,0,0,,,,,0,,-0.0068
TCGA-IB-A5SP-01,,WT,,1682.34,-0.4091,-0.097,0,0,,,,,0,,-0.3258
TCGA-IB-A5SQ-01,,WT,,1713.56,-0.3513,-0.009,0,0,,,,,0,,-0.2634
TCGA-IB-A5SS-01,,WT,,1945.92,0.079,-0.075,0,0,,,,,0,,0.1683
TCGA-IB-A5ST-01,,WT,,1720.4,-0.3387,0.003,0,0,,,,,0,,-0.2499
TCGA-IB-A6UF-01,,WT,,1949.51,0.0856,-0.107,0,0,,,,,-1,,0.1745
TCGA-IB-A6UG-01,,WT,,2633.5,1.3522,0.281,0,0,,,,,1,,1.1955
TCGA-IB-A7LX-01,,WT,,3465.65,2.8932,0.294,0,0,,,,,1,,2.1277
TCGA-IB-A7M4-01,,WT,,1811.82,-0.1694,0.002,0,0,,,,,0,,-0.0741
TCGA-IB-AAUM-01,,WT,,2094.62,0.3543,0.003,0,0,,,,,0,,0.4182
TCGA-IB-AAUN-01,,WT,,2059.58,0.2894,-0.12,0,0,,,,,-1,,0.361
TCGA-IB-AAUO-01,,WT,,1392.99,-0.945,-0.038,0,0,,,,,0,,-0.9664
TCGA-IB-AAUP-01,,WT,,2279.17,0.6961,0.004,0,0,,,,,0,,0.7049
TCGA-IB-AAUQ-01,,WT,,1307.4,-1.1035,-0.013,0,0,,,,,0,,-1.1816
TCGA-IB-AAUR-01,,WT,,1830.03,-0.1357,-0.012,0,0,,,,,0,,-0.0402
TCGA-IB-AAUS-01,,WT,,1461.05,-0.8189,0.002,0,0,,,,,0,,-0.8045
TCGA-IB-AAUT-01,,NP,,1861.24,-0.0779,0.005,0,0,NP,,,,0,,0.0172
TCGA-IB-AAUU-01,,WT,,1902.43,-0.0016,-0.048,0,0,,,,,0,,0.0915
TCGA-IB-AAUV-01,,WT,,1509.73,-0.7288,-0.001,0,0,,,,,0,,-0.6932
TCGA-IB-AAUW-01,,WT,,2069.21,0.3073,0.008,0,0,,,,,0,,0.3768
TCGA-IC-A6RE-01,,WT,,4057.774,0.3174,0.003,0,0,,2.1343,,,0,,0.2457
TCGA-IE-A3OV-01,,WT,,2070.85,-0.1394,-0.419,0,0,,,,,-1,,0.0043
TCGA-IE-A4EH-01,,WT,,1981.48,-0.2279,-0.205,0,0,,,,,-1,,-0.0905
TCGA-IE-A4EI-01,,WT,,3928.96,1.7007,0.156,0,0,,,,,1,,1.3817
TCGA-IE-A4EJ-01,,WT,,3554.03,1.3294,-0.185,0,0,,,,,-1,,1.166
TCGA-IE-A4EK-01,,WT,,3699.15,1.4732,-0.089,0,0,,,,,0,,1.252
TCGA-IE-A6BZ-01,,WT,,3123.51,0.9031,-0.571,0,0,,,,,-1,,0.8882
TCGA-IF-A3RQ-01,,WT,,1012.55,-1.1874,-0.528,0,0,,,,,-1,,-1.5339
TCGA-IF-A4AJ-01,,WT,,3502.27,1.2782,-0.143,0,0,,,,,-1,,1.1344
TCGA-IG-A3I8-01,,WT,,7375.3541,2.911,-0.032,0,0,,5.3041,,,0,,1.9038
TCGA-IG-A3QL-01,,WT,,4358.5411,0.5525,0.388,0,0,,2.5136,,,1,,0.4441
TCGA-IG-A3Y9-01,,WT,,4004.7954,0.276,0.055,0,0,,2.0646,,,0,,0.2093
TCGA-IG-A3YA-01,,WT,,7200.6374,2.7744,0.441,0,0,,5.1769,,,1,,1.8373
TCGA-IG-A3YB-01,,WT,,3597.8125,-0.0422,-0.042,0,0,,1.4961,,,0,,-0.0881
TCGA-IG-A3YC-01,,WT,,3134.6141,-0.4043,0.013,0,0,,0.765,,,0,,-0.4705
TCGA-IG-A4P3-01,,WT,,4126.4817,0.3711,0.006,0,0,,2.2233,,,0,,0.2923
TCGA-IG-A4QS-01,,WT,,4027.4946,0.2937,-0.245,0,0,,2.0945,,,-1,,0.2249
TCGA-IG-A4QT-01,,WT,,3691.5462,0.0311,0.003,0,0,,1.6325,,,0,,-0.0167
TCGA-IG-A50L-01,,WT,,4173.5968,0.408,0.285,0,0,,2.2836,,,1,,0.3238
TCGA-IG-A51D-01,,WT,,3898.3728,0.1928,0.389,0,0,,1.9217,,,1,,0.1345
TCGA-IG-A5B8-01,,WT,,3131.8323,-0.4065,-0.036,0,0,,0.7603,,,0,,-0.473
TCGA-IG-A5S3-01,,WT,,3921.7028,0.211,0.129,0,0,,1.9533,,,1,,0.1511
TCGA-IG-A625-01,,WT,,6331.8315,2.0952,0.566,0,0,,4.4948,,,1,,1.4805
TCGA-IG-A6QS-01,,WT,,3837.5968,0.1453,0.333,0,0,,1.8383,,,1,,0.0909
TCGA-IG-A7DP-01,,WT,,2523.5038,-0.882,0.004,0,0,,-0.3852,,,0,,-1.0722
TCGA-IG-A8O2-01,,WT,,3687.9578,0.0283,0.293,0,0,,1.6274,,,1,,-0.0194
TCGA-IG-A97H-01,,WT,,3448.5147,-0.1589,-0.057,0,0,,1.2713,,,0,,-0.2057
TCGA-IG-A97I-01,,WT,,3738.1339,0.0675,-0.02,0,0,,1.699,,,0,,0.0181
TCGA-IH-A3EA-01,,WT,,500.625,-1.7846,,0,0,,,,,NP,,-2.0082
TCGA-IK-7675-01,,WT,,4624.49,1.9697,-0.422,0,0,,,,,-1,,1.563
TCGA-IK-8125-01,,WT,,3165.68,0.2591,-0.074,0,0,,,,,0,,0.3574
TCGA-IM-A3EB-01,,WT,,2618.14,-0.1808,0.011,0,0,,-0.7339,,,0,,-0.0434
TCGA-IM-A3ED-01,,WT,,3562.18,1.2123,0.0,0,0,,0.3765,,,0,,1.0903
TCGA-IM-A3U2-01,,WT,,2083.97,-0.969,0.001,0,0,,-1.5566,,,0,,-0.8835
TCGA-IM-A3U3-01,,WT,,2778.52,0.0559,-0.004,0,0,,-0.5195,,,0,,0.1755
TCGA-IM-A41Y-01,,WT,,2606.05,-0.1986,0.002,0,0,,-0.7505,,,0,,-0.0604
TCGA-IM-A41Z-01,,NP,,2450.34,-0.4284,-0.002,0,0,NP,-0.9727,,,0,,-0.2872
TCGA-IM-A420-01,,WT,,2063.36,-0.9994,-0.001,0,0,,-1.5925,,,0,,-0.9201
TCGA-IM-A4EB-01,,WT,,2186.46,-0.8177,0.002,0,0,,-1.3835,,,0,,-0.7067
TCGA-IN-7806-01,,WT,,2673.2049,-0.0458,-0.151,0,0,,0.7335,,,-1,,-0.0231
TCGA-IN-7808-01,,WT,,3245.2043,0.6597,0.52,0,0,,1.3512,,,1,,0.5448
TCGA-IN-8462-01,,WT,,2237.0801,-0.5838,-0.089,0,0,,0.1661,,,0,,-0.5447
TCGA-IN-8663-01,,WT,,8260.675,6.8463,1.86,1,1,,4.3282,,,2,,3.2816
TCGA-IN-A6RI-01,,WT,,2688.7789,-0.0266,-0.028,0,0,,0.752,,,0,,-0.0061
TCGA-IN-A6RJ-01,,WT,,1901.1628,-0.9981,-0.003,0,0,,-0.3522,,,0,,-1.0211
TCGA-IN-A6RL-01,,WT,,2601.7566,-0.134,0.02,0,0,,0.6472,,,0,,-0.1024
TCGA-IN-A6RN-01,,WT,,1922.0213,-0.9724,-0.02,0,0,,-0.3174,,,0,,-0.9892
TCGA-IN-A6RO-01,,T1027N,,3144.2833,0.5352,-0.056,1,1,,1.2506,,,0,,0.4523
TCGA-IN-A6RP-01,,WT,,,,0.118,0,0,,,,,1,,
TCGA-IN-A6RR-01,,WT,,3114.1383,0.4981,-0.097,0,0,,1.2199,,,0,,0.4241
TCGA-IN-A6RS-01,,WT,,2228.8484,-0.5939,0.062,0,0,,0.1544,,,0,,-0.5555
TCGA-IN-A7NR-01,,WT,,2226.4596,-0.5969,0.001,0,0,,0.151,,,0,,-0.5586
TCGA-IN-A7NT-01,,WT,,3170.6433,0.5678,0.056,0,0,,1.2772,,,0,,0.4767
TCGA-IN-A7NU-01,,WT,,2926.4743,0.2666,0.0,0,0,,1.0219,,,0,,0.242
TCGA-IN-AB1V-01,,WT,,3138.8954,0.5286,-0.013,0,0,,1.2451,,,0,,0.4473
TCGA-IN-AB1X-01,,WT,,5113.4269,2.9642,-0.036,0,0,,2.7999,,,0,,1.8766
TCGA-IP-7968-01,,WT,,3096.072,0.4758,-0.067,0,0,,1.2013,,,0,,0.407
TCGA-IQ-7630-01,,WT,,1997.18,-0.3343,0.044,0,0,,-0.0659,,,0,,-0.2868
TCGA-IQ-7631-01,,WT,,1746.15,-0.6304,0.067,0,0,,-0.5755,,,0,,-0.6022
TCGA-IQ-7632-01,,WT,,1952.9,-0.3865,0.0,0,0,,-0.1509,,,0,,-0.3395
TCGA-IQ-A61E-01,,WT,,2080.0,-0.2365,-0.01,0,0,,0.0883,,,0,,-0.1914
TCGA-IQ-A61G-01,,WT,,1083.49,-1.4122,-0.459,0,0,,-2.3857,,,-1,,-1.7225
TCGA-IQ-A61H-01,,WT,,2845.39,0.6665,0.024,0,0,,1.2772,,,0,,0.5443
TCGA-IQ-A61I-01,,WT,,2514.7,0.2763,-0.063,0,0,,0.8084,,,0,,0.2542
TCGA-IQ-A61J-01,,WT,,2048.98,-0.2731,-0.297,0,0,,0.0313,,,-1,,-0.2267
TCGA-IQ-A61K-01,,WT,,,,0.379,0,0,,,,,1,,
TCGA-IQ-A61L-01,,WT,,,,0.068,0,0,,,,,0,,
TCGA-IQ-A61O-01,,WT,,1682.11,-0.706,-0.002,0,0,,-0.7173,,,0,,-0.6899
TCGA-IQ-A6SG-01,,WT,,3159.07,1.0366,0.145,0,0,,1.6741,,,1,,0.7899
TCGA-IQ-A6SH-01,,WT,,1197.61,-1.2776,0.49,0,0,,-2.0059,,,1,,-1.4874
TCGA-IR-A3L7-01,,WT,,4850.73,3.1157,0.0,0,0,,,,,0,,2.0693
TCGA-IR-A3LA-01,,WT,,6282.61,4.8571,0.637,0,0,,,,,1,,2.7386
TCGA-IR-A3LB-01,,WT,,2207.37,-0.0989,-0.466,0,0,,,,,-1,,0.032
TCGA-IR-A3LC-01,,WT,,1932.86,-0.4328,0.04,0,0,,,,,0,,-0.3115
TCGA-IR-A3LF-01,,WT,,2957.85,0.8138,-0.025,0,0,,,,,0,,0.7892
TCGA-IR-A3LH-01,,WT,,1838.69,-0.5473,-0.065,0,0,,,,,0,,-0.4407
TCGA-IR-A3LI-01,,WT,,1916.23,-0.453,0.037,0,0,,,,,0,,-0.3339
TCGA-IR-A3LK-01,,WT,,1881.63,-0.4951,-0.154,0,0,,,,,-1,,-0.381
TCGA-IR-A3LL-01,,WT,,2595.39,0.373,0.138,0,0,,,,,1,,0.451
TCGA-IS-A3K6-01,,WT,,3558.67,1.334,0.426,0,0,,,,,1,,1.1688
TCGA-IS-A3K7-01,,WT,,1834.52,-0.3734,-0.247,0,0,,,,,-1,,-0.2562
TCGA-IS-A3K8-01,,WT,,1770.03,-0.4373,-0.081,0,0,,,,,0,,-0.3332
TCGA-IS-A3KA-01,,WT,,1317.32,-0.8856,-0.624,1,1,,,,,-2,,-0.9683
TCGA-IW-A3M4-01,,WT,,3222.51,1.0011,-0.176,0,0,,,,,-1,,0.9553
TCGA-IW-A3M5-01,,WT,,1685.91,-0.5206,-0.033,0,0,,,,,0,,-0.4379
TCGA-IW-A3M6-01,,WT,,1723.32,-0.4835,-0.446,0,0,,,,,-1,,-0.3907
TCGA-IZ-8195-01,,WT,,1711.91,0.26,0.081,0,0,,-1.9736,,,0,,0.4428
TCGA-IZ-8196-01,,WT,,2171.79,1.0191,0.089,0,0,,-0.1939,,,0,,0.9717
TCGA-IZ-A6M8-01,,WT,,529.56,-1.6915,0.071,0,0,,-10.7443,,,0,,-2.1634
TCGA-IZ-A6M9-01,,WT,,941.671,-1.0113,0.072,0,0,,-6.4429,,,0,,-0.8852
TCGA-J1-A4AH-01,,WT,,2961.54,0.8598,0.158,0,0,,1.2413,,,1,,0.6407
TCGA-J2-8192-01,,WT,,4016.14,2.9354,-0.071,0,0,,3.8039,,,0,,1.9163
TCGA-J2-8194-01,,WT,,2234.19,0.0319,0.076,0,0,,-0.1241,,,0,,0.0389
TCGA-J2-A4AD-01,,E675Q,,1565.57,-1.0576,-0.087,1,1,,-2.5056,,,0,,-1.0993
TCGA-J2-A4AE-01,,WT,,1578.01,-1.0373,0.067,0,0,,-2.4526,,,0,,-1.074
TCGA-J2-A4AG-01,,WT,,1798.79,-0.6776,-0.032,0,0,,-1.5757,,,0,,-0.6549
TCGA-J4-8198-01,,WT,,2929.52,0.6726,0.016,0,0,,0.5545,,,0,,0.742
TCGA-J4-8200-01,,WT,,2781.58,0.4683,0.022,0,0,,0.2692,,,0,,0.5654
TCGA-J4-A67K-01,,WT,,2463.6184,0.0291,0.005,0,0,,-0.3993,,,0,,0.1516
TCGA-J4-A67L-01,,WT,,2374.9617,-0.0933,-0.005,0,0,,-0.6011,,,0,,0.0267
TCGA-J4-A67M-01,,WT,,2295.0085,-0.2038,-0.013,0,0,,-0.7896,,,0,,-0.0901
TCGA-J4-A67N-01,,WT,,2636.4187,0.2678,-0.107,0,0,,-0.026,,,-1,,0.3827
TCGA-J4-A67O-01,,WT,,1937.1315,-0.6981,-0.006,0,0,,-1.723,,,0,,-0.6679
TCGA-J4-A67Q-01,,WT,,2022.2774,-0.5805,-0.005,0,0,,-1.4862,,,0,,-0.5213
TCGA-J4-A67R-01,,WT,,2241.9162,-0.2771,0.0,0,0,,-0.9185,,,0,,-0.1698
TCGA-J4-A67S-01,,WT,,2148.4383,-0.4062,-0.039,0,0,,-1.153,,,0,,-0.315
TCGA-J4-A67T-01,,WT,,1855.61,-0.8107,0.013,0,0,,-1.9598,,,0,,-0.8144
TCGA-J4-A6G1-01,,WT,,2264.43,-0.246,-0.001,0,0,,-0.8635,,,0,,-0.1358
TCGA-J4-A6G3-01,,WT,,2318.64,-0.1711,0.0,0,0,,-0.7332,,,0,,-0.0551
TCGA-J4-A6M7-01,,WT,,6172.3106,5.1514,0.015,0,0,,4.6587,,,0,,3.2827
TCGA-J4-A83I-01,,WT,,2886.73,0.6135,-0.092,0,0,,0.4735,,,0,,0.6918
TCGA-J4-A83J-01,,WT,,1861.79,-0.8021,-0.083,0,0,,-1.9414,,,0,,-0.8031
TCGA-J4-A83K-01,,WT,,2040.68,-0.555,0.005,0,0,,-1.4363,,,0,,-0.4904
TCGA-J4-A83L-01,,WT,,2086.89,-0.4912,-0.003,0,0,,-1.313,,,0,,-0.4141
TCGA-J4-A83M-01,,WT,,1808.29,-0.876,-0.018,0,0,,-2.102,,,0,,-0.9025
TCGA-J4-A83N-01,,WT,,1791.71,-0.8989,-0.024,0,0,,-2.1527,,,0,,-0.9339
TCGA-J4-AATV-01,,WT,,1650.61,-1.0938,0.008,0,0,,-2.6043,,,0,,-1.2134
TCGA-J4-AATZ-01,,WT,,2897.79,0.6288,0.005,0,0,,0.4945,,,0,,0.7049
TCGA-J4-AAU2-01,,WT,,1519.43,-1.275,0.003,0,0,,-3.0601,,,0,,-1.4956
TCGA-J7-6720-01,,WT,,1581.42,0.0447,0.07,0,0,,-2.5666,,,0,,0.2666
TCGA-J7-8537-01,,WT,,1921.62,0.6062,-0.121,0,0,,-1.1093,,,-1,,0.6997
TCGA-J7-A8I2-01,,WT,,237.301,-2.1739,-1.29,1,1,,-16.734,,,-2,,-3.9432
TCGA-J8-A3NZ-01,,WT,,3497.03,1.1161,0.0,0,0,,0.3099,,,0,,1.0224
TCGA-J8-A3O0-01,,WT,,3117.5,0.5561,-0.011,0,0,,-0.1044,,,0,,0.5994
TCGA-J8-A3O1-01,,WT,,4446.78,2.5176,0.007,0,0,,1.1764,,,0,,1.9071
TCGA-J8-A3O2-01,,WT,,2987.21,0.3638,0.005,0,0,,-0.2583,,,0,,0.4422
TCGA-J8-A3YD-01,,WT,,2817.05,0.1128,-0.002,0,0,,-0.4698,,,0,,0.2262
TCGA-J8-A3YE-01,,WT,,2513.1,-0.3358,0.001,0,0,,-0.8815,,,0,,-0.1941
TCGA-J8-A3YF-01,,WT,,2089.83,-0.9603,0.021,0,0,,-1.5465,,,0,,-0.8731
TCGA-J8-A3YG-01,,WT,,2243.46,-0.7336,0.005,0,0,,-1.2907,,,0,,-0.612
TCGA-J8-A3YH-01,,WT,,2512.01,-0.3374,0.001,0,0,,-0.8831,,,0,,-0.1957
TCGA-J8-A3YH-06,,WT,,2385.29,-0.5243,,0,0,,-1.0697,,,NP,,-0.3863
TCGA-J8-A42S-01,,WT,,2485.5,-0.3765,0.002,0,0,,-0.9213,,,0,,-0.2348
TCGA-J8-A4HW-01,,WT,,2474.87,-0.3922,-0.005,0,0,,-0.9368,,,0,,-0.2506
TCGA-J8-A4HY-01,,WT,,2267.69,-0.6979,0.001,0,0,,-1.252,,,0,,-0.5724
TCGA-J9-A52B-01,,WT,,2345.27,-0.1344,0.003,0,0,,-0.6703,,,0,,-0.0162
TCGA-J9-A52C-01,,WT,,1792.02,-0.8985,-0.007,0,0,,-2.1517,,,0,,-0.9333
TCGA-J9-A52D-01,,WT,,2358.62,-0.1159,,0,0,,-0.6391,,,NP,,0.0031
TCGA-J9-A52E-01,,WT,,1699.14,-1.0268,0.013,0,0,,-2.4447,,,0,,-1.1146
TCGA-J9-A8CK-01,,WT,,1887.94,-0.766,-0.045,0,0,,-1.8647,,,0,,-0.7556
TCGA-J9-A8CL-01,,WT,,3043.16,0.8295,-0.104,0,0,,0.7641,,,-1,,0.8717
TCGA-J9-A8CM-01,,WT,,1968.71,-0.6544,-0.244,0,0,,-1.634,,,-1,,-0.6128
TCGA-J9-A8CN-01,,WT,,1812.29,-0.8705,-0.02,0,0,,-2.0898,,,0,,-0.8949
TCGA-J9-A8CP-01,,WT,,1953.69,-0.6752,-0.057,0,0,,-1.6762,,,0,,-0.6389
TCGA-JL-A3YW-01,,WT,,1472.26,-1.2541,0.015,0,0,,-2.94,,,0,,-1.3272
TCGA-JL-A3YX-01,,WT,,1317.44,-1.423,-0.12,0,0,,-3.3427,,,-1,,-1.6091
TCGA-JU-AAVI-01,,WT,,1080.69,-1.309,0.053,0,0,,-4.324,,,0,,-1.4587
TCGA-JV-A5VE-01,,WT,,2851.38,0.6336,-0.194,0,0,,,,,-1,,0.6922
TCGA-JV-A5VF-01,,WT,,1498.0,-0.7067,0.062,0,0,,,,,0,,-0.692
TCGA-JV-A75J-01,,WT,,3761.52,1.5349,0.438,0,0,,,,,1,,1.288
TCGA-JW-A5VG-01,,WT,,1706.91,-0.7075,-0.007,0,0,,,,,0,,-0.6331
TCGA-JW-A5VH-01,,WT,,2214.7,-0.09,0.0,0,0,,,,,0,,0.0406
TCGA-JW-A5VI-01,,WT,,3943.3,2.0122,-0.042,0,0,,,,,0,,1.5333
TCGA-JW-A5VJ-01,,WT,,1530.67,-0.9219,0.093,0,0,,,,,0,,-0.915
TCGA-JW-A5VK-01,,WT,,1547.83,-0.901,-0.097,0,0,,,,,0,,-0.8862
TCGA-JW-A5VL-01,,WT,,1444.02,-1.0272,-0.293,0,0,,,,,-1,,-1.0657
TCGA-JW-A69B-01,,WT,,1534.5,-0.9172,-0.028,0,0,,,,,0,,-0.9085
TCGA-JW-A852-01,,WT,,792.549,-1.8195,-0.1,0,0,,,,,0,,-2.6171
TCGA-JW-AAVH-01,,WT,,3458.85,1.423,0.0,0,0,,,,,0,,1.1941
TCGA-JX-A3PZ-01,,WT,,1338.38,-1.1557,-0.126,0,0,,,,,-1,,-1.2622
TCGA-JX-A3Q0-01,,WT,,2921.84,0.77,0.156,0,0,,,,,1,,0.7575
TCGA-JX-A3Q8-01,,WT,,2248.58,-0.0488,-0.121,0,0,,,,,-1,,0.0799
TCGA-JX-A5QV-01,,WT,,2525.94,0.2885,0.073,0,0,,,,,0,,0.3808
TCGA-JY-A6F8-01,,WT,,1771.2758,-1.4701,0.106,0,0,,-2.2624,,,1,,-2.0541
TCGA-JY-A6FA-01,,WT,,5617.2976,1.5366,0.5,0,0,,3.8595,,,1,,1.1482
TCGA-JY-A6FB-01,,WT,,1663.4881,-1.5544,-0.053,0,0,,-2.5953,,,0,,-2.2282
TCGA-JY-A6FD-01,,WT,,3166.6619,-0.3792,0.009,0,0,,0.819,,,0,,-0.4423
TCGA-JY-A6FE-01,,WT,,2185.7665,-1.1461,-0.001,0,0,,-1.1473,,,0,,-1.4708
TCGA-JY-A6FG-01,,WT,,1732.1442,-1.5007,0.021,0,0,,-2.3809,,,0,,-2.1161
TCGA-JY-A6FH-01,,WT,,3052.1938,-0.4687,-0.274,0,0,,0.6237,,,-1,,-0.5444
TCGA-JY-A938-01,,WT,,3866.5525,0.1679,-0.01,0,0,,1.8782,,,0,,0.1118
TCGA-JY-A939-01,,WT,,3292.7123,-0.2807,0.01,0,0,,1.026,,,0,,-0.334
TCGA-JY-A93C-01,,WT,,3751.3708,0.0779,0.528,0,0,,1.7178,,,1,,0.0279
TCGA-JY-A93D-01,,WT,,3791.5779,0.1093,0.057,0,0,,1.7743,,,0,,0.0575
TCGA-JY-A93E-01,,WT,,4139.8014,0.3815,0.0,0,0,,2.2404,,,0,,0.3013
TCGA-JY-A93F-01,,WT,,2147.7104,-1.1758,0.034,0,0,,-1.2404,,,0,,-1.5195
TCGA-K1-A3PN-01,,WT,,2839.82,0.6221,-0.156,0,0,,,,,-1,,0.6834
TCGA-K1-A3PO-01,,WT,,1450.18,-0.754,-0.01,0,0,,,,,0,,-0.7617
TCGA-K1-A42W-01,,WT,,1525.47,-0.6795,-0.64,0,0,,,,,-1,,-0.6529
TCGA-K1-A42X-01,,WT,,4679.29,2.4438,-0.155,0,0,,,,,-1,,1.7576
TCGA-K1-A6RT-01,,WT,,2180.09,-0.0312,0.033,0,0,,,,,0,,0.1149
TCGA-K1-A6RU-01,,WT,,1987.54,-0.2219,0.0,0,0,,,,,0,,-0.084
TCGA-K1-A6RV-01,,WT,,937.402,-1.2619,-0.621,0,0,,,,,-1,,-1.6997
TCGA-K4-A3WS-01,,WT,,1607.59,-0.2657,0.072,0,0,,-0.7875,,,0,,-0.0058
TCGA-K4-A3WU-01,,WT,,1915.31,0.0974,0.034,0,0,,-0.2526,,,0,,0.2565
TCGA-K4-A3WV-01,,WT,,1184.68,-0.7648,-0.565,0,0,,-1.7195,,,-1,,-0.4629
TCGA-K4-A4AB-01,,WT,,1776.87,-0.066,-0.051,0,0,,-0.4817,,,0,,0.1442
TCGA-K4-A4AC-01,,WT,,2267.39,0.5129,0.001,0,0,,0.2627,,,0,,0.5093
TCGA-K4-A54R-01,,WT,,2402.83,0.6727,-0.463,0,0,,0.4399,,,-1,,0.5962
TCGA-K4-A5RH-01,,WT,,2507.39,0.7961,0.07,0,0,,0.57,,,0,,0.66
TCGA-K4-A5RI-01,,WT,,2800.71,1.1423,0.0,0,0,,0.9079,,,0,,0.8258
TCGA-K4-A5RJ-01,,WT,,1739.94,-0.1096,-0.238,0,0,,-0.5459,,,-1,,0.1127
TCGA-K4-A6FZ-01,,WT,,2060.98,0.2693,0.093,0,0,,-0.0288,,,0,,0.3663
TCGA-K4-A6MB-01,,WT,,2002.88,0.2007,0.038,0,0,,-0.1161,,,0,,0.3235
TCGA-K4-A83P-01,,S1043F,,1923.12,0.1066,0.023,1,1,,-0.2402,,,0,,0.2626
TCGA-K4-AAQO-01,,WT,,1721.99,-0.1307,-0.117,0,0,,-0.5775,,,-1,,0.0972
TCGA-K6-A3WQ-01,,WT,,1714.13,-0.4727,-0.216,0,0,,-2.1977,,,-1,,-0.2983
TCGA-K7-A5RF-01,,WT,,1188.73,-0.4554,-0.032,0,0,,-0.7849,,,0,,-0.3753
TCGA-K7-A5RG-01,,WT,,2047.5,1.2304,-0.082,0,0,,1.4112,,,0,,0.8521
TCGA-K7-A6G5-01,,WT,,1547.34,0.2486,0.633,0,0,,0.2799,,,1,,0.2198
TCGA-K7-AAU7-01,,WT,,1661.93,0.4735,0.035,0,0,,0.5684,,,0,,0.3811
TCGA-KB-A6F5-01,,WT,,,,-0.028,0,0,,,,,0,,
TCGA-KB-A6F7-01,,WT,,3081.377,0.4576,0.009,0,0,,1.1862,,,0,,0.3931
TCGA-KB-A93G-01,,WT,,3428.5043,0.8858,0.021,0,0,,1.5263,,,0,,0.7057
TCGA-KB-A93H-01,,WT,,2369.3457,-0.4206,-0.401,0,0,,0.3491,,,-1,,-0.3764
TCGA-KB-A93J-01,,WT,,2846.4427,0.1679,-0.434,0,0,,0.9335,,,-1,,0.1608
TCGA-KC-A4BL-01,,WT,,2300.43,-0.1963,0.033,0,0,,-0.7766,,,0,,-0.082
TCGA-KC-A4BN-01,,WT,,2076.54,-0.5055,0.005,0,0,,-1.3404,,,0,,-0.431
TCGA-KC-A4BO-01,,WT,,,,0.007,0,0,,,,,0,,
TCGA-KC-A4BR-01,,WT,,2008.08,-0.6001,0.009,0,0,,-1.525,,,0,,-0.5453
TCGA-KC-A4BV-01,,WT,,2720.79,0.3843,-0.063,0,0,,0.1475,,,0,,0.49
TCGA-KC-A7F3-01,,WT,,1833.97,-0.8405,-0.051,0,0,,-2.0243,,,0,,-0.8544
TCGA-KC-A7F5-01,,WT,,1237.57,-1.6643,,0,0,,-4.1896,,,NP,,-2.1948
TCGA-KC-A7F6-01,,WT,,1955.32,-0.6729,-0.048,0,0,,-1.6716,,,0,,-0.636
TCGA-KC-A7FA-01,,WT,,2023.26,-0.5791,-0.084,0,0,,-1.4835,,,0,,-0.5196
TCGA-KC-A7FD-01,,WT,,2143.89,-0.4125,-0.011,0,0,,-1.1647,,,0,,-0.3222
TCGA-KC-A7FE-01,,WT,,1789.41,-0.9021,-0.012,0,0,,-2.1598,,,0,,-0.9382
TCGA-KD-A5QS-01,,WT,,3044.35,0.8247,-0.562,0,0,,,,,-1,,0.833
TCGA-KD-A5QT-01,,WT,,4475.88,2.2424,-0.068,0,0,,,,,0,,1.662
TCGA-KD-A5QU-01,,WT,,1449.28,-0.7549,-0.113,0,0,,,,,-1,,-0.7631
TCGA-KF-A41W-01,,WT,,2011.58,-0.1981,0.023,0,0,,,,,0,,-0.0581
TCGA-KH-A6WC-01,,WT,,2823.4023,-0.6476,0.013,0,0,,0.2104,,,0,,-0.7606
TCGA-KK-A59V-01,,WT,,3009.34,0.7828,0.009,0,0,,0.7025,,,0,,0.8336
TCGA-KK-A59X-01,,WT,,1818.76,-0.8616,0.012,0,0,,-2.0702,,,0,,-0.8828
TCGA-KK-A59Y-01,,WT,,2085.24,-0.4935,-0.007,0,0,,-1.3174,,,0,,-0.4168
TCGA-KK-A59Z-01,,WT,,2142.53,-0.4144,0.041,0,0,,-1.1682,,,0,,-0.3244
TCGA-KK-A5A1-01,,WT,,3758.79,1.8179,,0,0,,1.9272,,,NP,,1.5917
TCGA-KK-A6DY-01,,WT,,2706.06,0.364,-0.014,0,0,,0.1176,,,0,,0.4715
TCGA-KK-A6E0-01,,WT,,1840.68,-0.8313,-0.093,0,0,,-2.0042,,,0,,-0.842
TCGA-KK-A6E1-01,,WT,,2007.17,-0.6013,-0.183,0,0,,-1.5275,,,-1,,-0.5468
TCGA-KK-A6E2-01,,WT,,3626.55,1.6353,-0.013,0,0,,1.7299,,,0,,1.4696
TCGA-KK-A6E3-01,,WT,,2182.4842,-0.3592,0.001,0,0,,-1.0664,,,0,,-0.2614
TCGA-KK-A6E4-01,,WT,,2905.5405,0.6395,-0.088,0,0,,0.5093,,,0,,0.714
TCGA-KK-A6E5-01,,WT,,1672.2,-1.064,-0.049,0,0,,-2.5327,,,0,,-1.1691
TCGA-KK-A6E6-01,,WT,,2759.57,0.4379,-0.099,0,0,,0.2254,,,0,,0.5383
TCGA-KK-A6E7-01,,WT,,3654.1347,1.6734,-0.086,0,0,,1.7717,,,0,,1.4955
TCGA-KK-A6E8-01,,WT,,3185.8651,1.0266,0.14,0,0,,1.0165,,,1,,1.028
TCGA-KK-A7AP-01,,WT,,3625.21,1.6334,-0.033,0,0,,1.7279,,,0,,1.4684
TCGA-KK-A7AQ-01,,WT,,983.904,-2.0146,-0.079,0,0,,-5.452,,,0,,-2.9762
TCGA-KK-A7AU-01,,WT,,2201.37,-0.3331,-0.033,0,0,,-1.019,,,0,,-0.2321
TCGA-KK-A7AV-01,,WT,,1798.53,-0.8895,0.005,0,0,,-2.1318,,,0,,-0.9209
TCGA-KK-A7AW-01,,WT,,914.027,-2.1111,-0.013,0,0,,-5.8574,,,0,,-3.2272
TCGA-KK-A7AY-01,,WT,,1171.41,-1.7556,-0.018,0,0,,-4.492,,,0,,-2.382
TCGA-KK-A7AZ-01,,WT,,1744.86,-0.9636,-0.004,0,0,,-2.2986,,,0,,-1.0242
TCGA-KK-A7B0-01,,WT,,726.838,-2.3697,-0.01,0,0,,-7.1182,,,0,,-4.0077
TCGA-KK-A7B1-01,,WT,,1966.0,-0.6582,-0.025,0,0,,-1.6416,,,0,,-0.6175
TCGA-KK-A7B2-01,,WT,,1341.59,-1.5206,0.003,0,0,,-3.7454,,,0,,-1.9198
TCGA-KK-A7B3-01,,WT,,2793.63,0.4849,-0.037,0,0,,0.293,,,0,,0.5801
TCGA-KK-A7B4-01,,WT,,2061.37,-0.5265,-0.069,0,0,,-1.3808,,,0,,-0.456
TCGA-KK-A8I4-01,,WT,,1748.87,-0.9581,0.051,0,0,,-2.2859,,,0,,-1.0163
TCGA-KK-A8I5-01,,WT,,1930.39,-0.7074,-0.058,0,0,,-1.7422,,,0,,-0.6798
TCGA-KK-A8I6-01,,WT,,2038.22,-0.5584,-0.051,0,0,,-1.443,,,0,,-0.4945
TCGA-KK-A8I7-01,,WT,,2151.81,-0.4016,0.005,0,0,,-1.1444,,,0,,-0.3097
TCGA-KK-A8I8-01,,WT,,2651.37,0.2884,-0.008,0,0,,0.0052,,,0,,0.4019
TCGA-KK-A8I9-01,,WT,,1646.68,-1.0992,-0.04,0,0,,-2.6174,,,0,,-1.2215
TCGA-KK-A8IA-01,,WT,,2722.13,0.3861,-0.116,0,0,,0.1502,,,-1,,0.4917
TCGA-KK-A8IB-01,,WT,,1392.08,-1.4509,0.04,0,0,,-3.542,,,0,,-1.7939
TCGA-KK-A8IC-01,,WT,,2627.72,0.2558,-0.046,0,0,,-0.0442,,,0,,0.3714
TCGA-KK-A8ID-01,,WT,,2166.6,-0.3811,-0.01,0,0,,-1.1066,,,0,,-0.2863
TCGA-KK-A8IF-01,,WT,,1751.78,-0.9541,0.049,0,0,,-2.2768,,,0,,-1.0107
TCGA-KK-A8IG-01,,WT,,2177.83,-0.3656,-0.076,0,0,,-1.0782,,,0,,-0.2687
TCGA-KK-A8IH-01,,WT,,1578.03,-1.194,-0.118,0,0,,-2.8518,,,-1,,-1.3666
TCGA-KK-A8II-01,,WT,,2815.27,0.5148,-0.072,0,0,,0.3355,,,0,,0.6064
TCGA-KK-A8IJ-01,,WT,,2237.05,-0.2838,-0.037,0,0,,-0.9305,,,0,,-0.1773
TCGA-KK-A8IK-01,,WT,,2242.34,-0.2765,-0.071,0,0,,-0.9175,,,0,,-0.1692
TCGA-KK-A8IL-01,,WT,,2081.65,-0.4985,0.003,0,0,,-1.3269,,,0,,-0.4226
TCGA-KK-A8IM-01,,WT,,2590.33,0.2041,-0.026,0,0,,-0.1231,,,0,,0.3225
TCGA-KL-8323-01,,WT,,2597.53,0.6346,-0.345,0,0,,0.3216,,,-1,,0.5639
TCGA-KL-8324-01,,WT,,1173.87,-1.1149,0.0,0,0,,-5.1929,,,0,,-1.7927
TCGA-KL-8325-01,,WT,,3352.06,1.5618,-0.363,0,0,,2.0925,,,-1,,1.3207
TCGA-KL-8326-01,,WT,,1209.24,-1.0714,-0.05,0,0,,-4.9868,,,0,,-1.7047
TCGA-KL-8327-01,,WT,,1792.45,-0.3548,-0.056,0,0,,-2.2544,,,0,,-0.537
TCGA-KL-8328-01,,WT,,1648.39,-0.5318,-0.418,0,0,,-2.8361,,,-1,,-0.7856
TCGA-KL-8329-01,,WT,,2506.33,0.5225,-0.292,0,0,,0.0734,,,-1,,0.4578
TCGA-KL-8330-01,,WT,,2626.92,0.6707,-0.395,0,0,,0.3997,,,-1,,0.5973
TCGA-KL-8331-01,,WT,,1867.77,-0.2622,-0.338,0,0,,-1.9686,,,-1,,-0.4148
TCGA-KL-8332-01,,WT,,1992.12,-0.1094,-0.338,0,0,,-1.5211,,,-1,,-0.2236
TCGA-KL-8333-01,,WT,,3160.87,1.3268,-0.101,0,0,,1.6847,,,-1,,1.1464
TCGA-KL-8334-01,,WT,,2675.45,0.7303,-0.312,0,0,,0.5268,,,-1,,0.6516
TCGA-KL-8335-01,,WT,,2435.24,0.4351,-0.295,0,0,,-0.1264,,,-1,,0.3724
TCGA-KL-8336-01,,WT,,2640.82,0.6878,-0.376,0,0,,0.4364,,,-1,,0.6129
TCGA-KL-8337-01,,WT,,2637.71,0.6839,-0.466,0,0,,0.4282,,,-1,,0.6094
TCGA-KL-8338-01,,WT,,1485.43,-0.7321,-0.307,0,0,,-3.5588,,,-1,,-1.0944
TCGA-KL-8339-01,,WT,,2586.57,0.6211,-0.244,0,0,,0.2922,,,-1,,0.5513
TCGA-KL-8340-01,,WT,,2124.54,0.0533,-0.321,0,0,,-1.0742,,,-1,,-0.0326
TCGA-KL-8341-01,,WT,,3763.42,2.0673,-0.003,0,0,,2.8965,,,0,,1.6643
TCGA-KL-8342-01,,WT,,2025.6,-0.0683,-0.299,0,0,,-1.4053,,,-1,,-0.1741
TCGA-KL-8343-01,,WT,,2500.53,0.5154,-0.102,0,0,,0.0573,,,-1,,0.4509
TCGA-KL-8344-01,,WT,,2328.74,0.3043,-0.098,0,0,,-0.437,,,0,,0.2397
TCGA-KL-8345-01,,WT,,2624.42,0.6676,-0.349,0,0,,0.3931,,,-1,,0.5944
TCGA-KL-8346-01,,WT,,1358.15,-0.8885,0.536,0,0,,-4.1807,,,1,,-1.3602
TCGA-KM-8438-01,,WT,,1788.25,-0.3599,-0.021,0,0,,-2.2707,,,0,,-0.5439
TCGA-KM-8439-01,,WT,,1546.6,-0.6569,0.004,0,0,,-3.2786,,,0,,-0.9747
TCGA-KM-8440-01,,WT,,2741.68,0.8117,-0.355,0,0,,0.6966,,,-1,,0.7242
TCGA-KM-8441-01,,WT,,1739.56,-0.4198,-0.003,0,0,,-2.4623,,,0,,-0.6258
TCGA-KM-8442-01,,WT,,2925.49,1.0376,-0.39,0,0,,1.1473,,,-1,,0.9167
TCGA-KM-8443-01,,WT,,2139.42,0.0716,-0.048,0,0,,-1.0257,,,0,,-0.0119
TCGA-KM-8476-01,,WT,,1850.15,-0.2839,-0.377,0,0,,-2.0344,,,-1,,-0.443
TCGA-KM-8477-01,,WT,,2327.75,0.303,0.011,0,0,,-0.4399,,,0,,0.2385
TCGA-KM-8639-01,,WT,,1711.61,-0.4541,0.057,0,0,,-2.5748,,,0,,-0.6739
TCGA-KN-8418-01,,WT,,2640.07,0.6868,-0.341,0,0,,0.4344,,,-1,,0.6121
TCGA-KN-8419-01,,WT,,3576.28,1.8373,0.256,0,0,,2.5422,,,1,,1.5129
TCGA-KN-8421-01,,WT,,1451.07,-0.7743,-0.388,0,0,,-3.7213,,,-1,,-1.1638
TCGA-KN-8422-01,,WT,,1141.44,-1.1548,-0.118,0,0,,-5.3873,,,-1,,-1.8758
TCGA-KN-8423-01,,WT,,3015.01,1.1476,0.457,0,0,,1.3566,,,1,,1.0062
TCGA-KN-8424-01,,WT,,2904.07,1.0113,-0.332,0,0,,1.0962,,,-1,,0.8949
TCGA-KN-8425-01,,WT,,2068.35,-0.0157,-0.12,0,0,,-1.2603,,,-1,,-0.1122
TCGA-KN-8426-01,,WT,,1707.32,-0.4594,0.5,0,0,,-2.5922,,,1,,-0.6813
TCGA-KN-8427-01,,WT,,1662.4,-0.5146,0.0,0,0,,-2.7773,,,0,,-0.7605
TCGA-KN-8428-01,,WT,,3920.85,2.2607,-0.093,0,0,,3.1811,,,0,,1.7859
TCGA-KN-8429-01,,WT,,3282.07,1.4758,-0.382,0,0,,1.946,,,-1,,1.2581
TCGA-KN-8431-01,,WT,,1314.55,-0.942,-0.327,0,0,,-4.4072,,,-1,,-1.457
TCGA-KN-8432-01,,WT,,2878.17,0.9794,-0.39,0,0,,1.034,,,-1,,0.8683
TCGA-KN-8433-01,,WT,,1094.43,-1.2125,0.395,0,0,,-5.6792,,,1,,-2.0006
TCGA-KN-8434-01,,WT,,2106.0,0.0305,-0.025,0,0,,-1.1351,,,0,,-0.0586
TCGA-KN-8435-01,,WT,,3332.76,1.5381,-0.408,0,0,,2.0524,,,-1,,1.3036
TCGA-KN-8436-01,,WT,,3325.64,1.5293,0.0,0,0,,2.0376,,,0,,1.2972
TCGA-KN-8437-01,,WT,,2096.22,0.0185,0.0,0,0,,-1.1674,,,0,,-0.0724
TCGA-KO-8403-01,,WT,,2300.99,0.2702,-0.308,0,0,,-0.5202,,,-1,,0.2041
TCGA-KO-8404-01,,WT,,1129.39,-1.1696,-0.222,0,0,,-5.461,,,-1,,-1.9073
TCGA-KO-8405-01,,WT,,1490.64,-0.7256,-0.047,0,0,,-3.5345,,,0,,-1.084
TCGA-KO-8406-01,,WT,,2942.05,1.0579,-0.39,0,0,,1.1865,,,-1,,0.9335
TCGA-KO-8407-01,,WT,,2065.15,-0.0197,-0.335,0,0,,-1.2711,,,-1,,-0.1167
TCGA-KO-8408-01,,WT,,1392.09,-0.8468,-0.333,0,0,,-4.0093,,,-1,,-1.2869
TCGA-KO-8409-01,,WT,,1337.95,-0.9133,0.0,0,0,,-4.2847,,,0,,-1.4046
TCGA-KO-8410-01,,WT,,3214.79,1.3931,0.446,0,0,,1.8022,,,1,,1.1966
TCGA-KO-8411-01,,WT,,3629.81,1.9031,-0.396,0,0,,2.6454,,,-1,,1.557
TCGA-KO-8413-01,,WT,,2129.97,0.06,0.396,0,0,,-1.0565,,,1,,-0.025
TCGA-KO-8414-01,,WT,,1692.25,-0.4779,0.39,0,0,,-2.6538,,,1,,-0.7077
TCGA-KO-8415-01,,WT,,1349.27,-0.8994,-0.346,0,0,,-4.2262,,,-1,,-1.3796
TCGA-KO-8416-01,,WT,,2564.25,0.5937,-0.427,0,0,,0.232,,,-1,,0.5256
TCGA-KO-8417-01,,WT,,2830.38,0.9207,-0.405,0,0,,0.9178,,,-1,,0.8187
TCGA-KP-A3VZ-01,,WT,,1668.13,-0.5334,-0.601,0,0,,-2.3231,,,-1,,-0.3668
TCGA-KP-A3W0-01,,WT,,2147.13,0.099,-0.067,0,0,,-1.1593,,,0,,0.2683
TCGA-KP-A3W1-01,,WT,,1816.26,-0.3379,0.15,0,0,,-1.9309,,,1,,-0.1527
TCGA-KP-A3W3-01,,WT,,2318.07,0.3246,-0.357,0,0,,-0.8061,,,-1,,0.4611
TCGA-KP-A3W4-01,,WT,,2040.43,-0.0419,0.039,0,0,,-1.3943,,,0,,0.1401
TCGA-KQ-A41N-01,,WT,,1532.86,-0.3539,-0.052,0,0,,-0.9328,,,0,,-0.0771
TCGA-KQ-A41O-01,,Q1029*,,769.788,-1.2544,-0.195,1,1,,-3.0353,,,-1,,-1.1083
TCGA-KQ-A41P-01,,WT,,1635.45,-0.2329,0.0,0,0,,-0.735,,,0,,0.02
TCGA-KQ-A41Q-01,,WT,,3167.86,1.5756,-0.077,0,0,,1.2841,,,0,,1.0103
TCGA-KQ-A41R-01,,A214V,,1621.36,-0.2495,0.002,1,1,,-0.7614,,,0,,0.007
TCGA-KQ-A41S-01,,WT,,1194.14,-0.7537,0.0,0,0,,-1.6952,,,0,,-0.451
TCGA-KR-A7K0-01,,WT,,1261.69,-0.3122,0.029,0,0,,-0.5444,,,0,,-0.2408
TCGA-KR-A7K2-01,,WT,,1219.11,-0.3958,0.0,0,0,,-0.683,,,0,,-0.3183
TCGA-KR-A7K7-01,,WT,,1120.5,-0.5894,-0.131,0,0,,-1.0236,,,-1,,-0.5087
TCGA-KR-A7K8-01,,WT,,693.595,-1.4274,-0.044,0,0,,-2.9599,,,0,,-1.5908
TCGA-KS-A41F-01,,WT,,1350.41,-2.0514,0.001,0,0,,-3.1207,,,0,,-2.4805
TCGA-KS-A41I-01,,WT,,1854.48,-1.3076,-0.006,0,0,,-1.9773,,,0,,-1.313
TCGA-KS-A41J-01,,WT,,1755.36,-1.4539,0.001,0,0,,-2.1753,,,0,,-1.5152
TCGA-KS-A41L-01,,WT,,2179.29,-0.8283,0.001,0,0,,-1.3954,,,0,,-0.7188
TCGA-KS-A4I1-01,,WT,,2090.19,-0.9598,-0.001,0,0,,-1.5459,,,0,,-0.8725
TCGA-KS-A4I3-01,,WT,,2460.44,-0.4135,-0.003,0,0,,-0.9579,,,0,,-0.2721
TCGA-KS-A4I5-01,,WT,,1978.25,-1.125,0.007,0,0,,-1.7443,,,0,,-1.0751
TCGA-KS-A4I7-01,,WT,,2266.4,-0.6998,0.001,0,0,,-1.2541,,,0,,-0.5745
TCGA-KS-A4I9-01,,WT,,2315.08,-0.6279,0.008,0,0,,-1.1774,,,0,,-0.4963
TCGA-KS-A4IB-01,,WT,,3609.61,1.2823,0.022,0,0,,0.4242,,,0,,1.1391
TCGA-KS-A4IC-01,,WT,,2334.96,-0.5986,0.001,0,0,,-1.1466,,,0,,-0.4648
TCGA-KS-A4ID-01,,WT,,2065.95,-0.9956,-0.007,0,0,,-1.5879,,,0,,-0.9154
TCGA-KT-A74X-01,,WT,,2553.59,-0.4586,-0.126,0,0,,,,,-1,,-0.326
TCGA-KT-A7W1-01,,WT,,3528.46,0.6845,-0.004,0,0,,,,,0,,0.7025
TCGA-KU-A66S-01,,WT,,2075.54,-0.2418,0.046,0,0,,0.0801,,,0,,-0.1965
TCGA-KU-A66T-01,,WT,,2177.79,-0.1212,0.255,0,0,,0.2626,,,1,,-0.0836
TCGA-KU-A6H7-01,,WT,,1529.52,-0.886,-0.085,0,0,,-1.078,,,0,,-0.9132
TCGA-KU-A6H8-01,,WT,,1658.32,-0.7341,0.011,0,0,,-0.7713,,,0,,-0.7234
TCGA-KV-A6GD-01,,WT,,917.293,-1.0515,0.128,0,0,,-6.639,,,1,,-0.9435
TCGA-KV-A6GE-01,,WT,,976.085,-0.9545,0.247,0,0,,-6.1746,,,1,,-0.8055
TCGA-KV-A74V-01,,WT,,1069.43,-0.8004,0.199,0,0,,-5.4918,,,1,,-0.6026
TCGA-L1-A7W4-01,,WT,,2719.21,1.511,-0.079,0,0,,,,,0,,1.3042
TCGA-L3-A4E7-01,,WT,,2587.15,0.2992,-0.045,0,0,,0.6114,,,0,,0.2176
TCGA-L3-A524-01,,WT,,2088.55,-0.4475,0.062,0,0,,-0.3864,,,0,,-0.4526
TCGA-L4-A4E5-01,,K45N,,1957.68,-0.4187,0.005,1,1,,-1.0089,,,0,,-0.384
TCGA-L4-A4E6-01,,WT,,1626.86,-0.9577,-0.002,0,0,,-2.2485,,,0,,-0.9764
TCGA-L5-A43C-01,,WT,,2756.9903,-0.6995,0.008,0,0,,0.0841,,,0,,-0.8267
TCGA-L5-A43E-01,,WT,,2816.7425,-0.6528,0.11,0,0,,0.1979,,,1,,-0.7672
TCGA-L5-A43H-01,,WT,,4258.406,0.4743,0.029,0,0,,2.3903,,,0,,0.3796
TCGA-L5-A43I-01,,WT,,4432.3471,0.6102,0.584,0,0,,2.6027,,,1,,0.4907
TCGA-L5-A43J-01,,WT,,4531.4481,0.6877,0.376,0,0,,2.72,,,1,,0.5521
TCGA-L5-A43M-01,,WT,,2535.1171,-0.8729,-0.498,0,0,,-0.3609,,,-1,,-1.0594
TCGA-L5-A4OE-01,,WT,,4906.9209,0.9812,0.178,0,0,,3.1423,,,1,,0.773
TCGA-L5-A4OF-01,,WT,,3530.4904,-0.0948,0.122,0,0,,1.3959,,,1,,-0.1405
TCGA-L5-A4OG-01,,WT,,2315.7983,-1.0444,-0.101,0,0,,-0.8408,,,-1,,-1.3105
TCGA-L5-A4OH-01,,WT,,5025.7634,1.0741,-0.011,0,0,,3.2692,,,0,,0.8394
TCGA-L5-A4OI-01,,WT,,2482.6763,-0.9139,0.151,0,0,,-0.4717,,,1,,-1.1174
TCGA-L5-A4OJ-01,,WT,,3194.4801,-0.3575,-0.17,0,0,,0.8654,,,-1,,-0.418
TCGA-L5-A4OM-01,,WT,,5936.8963,1.7864,0.074,0,0,,4.1531,,,0,,1.3017
TCGA-L5-A4ON-01,,WT,,4803.2491,0.9002,0.682,0,0,,3.029,,,1,,0.7137
TCGA-L5-A4OO-01,,WT,,2527.4852,-0.8789,-0.025,0,0,,-0.3769,,,0,,-1.0678
TCGA-L5-A4OP-01,,WT,,3244.046,-0.3187,-0.165,0,0,,0.947,,,-1,,-0.3753
TCGA-L5-A4OQ-01,,WT,,4991.4199,1.0473,0.124,0,0,,3.2328,,,1,,0.8204
TCGA-L5-A4OR-01,,WT,,3457.1704,-0.1521,-0.225,0,0,,1.2846,,,-1,,-0.1987
TCGA-L5-A4OS-01,,WT,,2610.0504,-0.8144,0.0,0,0,,-0.2064,,,0,,-0.9786
TCGA-L5-A4OT-01,,WT,,3671.5668,0.0155,-0.023,0,0,,1.6037,,,0,,-0.0318
TCGA-L5-A4OU-01,,WT,,2885.564,-0.599,0.018,0,0,,0.3259,,,0,,-0.7002
TCGA-L5-A4OW-01,,T132K,,4015.8916,0.2847,0.007,1,1,,2.0792,,,0,,0.2169
TCGA-L5-A4OX-01,,WT,,5494.1428,1.4403,-0.091,0,0,,3.7419,,,0,,1.0867
TCGA-L5-A88S-01,,WT,,2275.1155,-1.0762,-0.021,0,0,,-0.9348,,,0,,-1.3596
TCGA-L5-A88V-01,,WT,,1897.9363,-1.3711,0.05,0,0,,-1.8961,,,0,,-1.8625
TCGA-L5-A88W-01,,WT,,2136.428,-1.1846,-0.006,0,0,,-1.2684,,,0,,-1.5341
TCGA-L5-A88Y-01,,WT,,1834.7715,-1.4205,-0.247,0,0,,-2.0756,,,-1,,-1.9564
TCGA-L5-A88Z-01,,WT,,2686.8968,-0.7543,-0.069,0,0,,-0.0525,,,0,,-0.8981
TCGA-L5-A891-01,,WT,,2614.2179,-0.8111,-0.143,0,0,,-0.1979,,,-1,,-0.9742
TCGA-L5-A893-01,,WT,,2738.4793,-0.714,0.029,0,0,,0.0484,,,0,,-0.8454
TCGA-L5-A8NE-01,,WT,,2428.1465,-0.9566,0.0,0,0,,-0.5895,,,0,,-1.179
TCGA-L5-A8NF-01,,WT,,4784.7278,0.8857,0.0,0,0,,3.0085,,,0,,0.703
TCGA-L5-A8NG-01,,WT,,5008.4831,1.0606,-0.014,0,0,,3.2509,,,0,,0.8298
TCGA-L5-A8NH-01,,WT,,3391.6478,-0.2033,0.055,0,0,,1.1831,,,0,,-0.2518
TCGA-L5-A8NI-01,,WT,,3324.7704,-0.2556,-0.397,0,0,,1.0774,,,-1,,-0.3071
TCGA-L5-A8NJ-01,,H974Y,,3722.2083,0.0551,-0.154,1,1,,1.6764,,,-1,,0.0062
TCGA-L5-A8NK-01,,WT,,5137.1292,1.1612,0.177,0,0,,3.3855,,,1,,0.9002
TCGA-L5-A8NL-01,,WT,,3492.3103,-0.1246,-0.009,0,0,,1.3382,,,0,,-0.1707
TCGA-L5-A8NM-01,,WT,,3550.3354,-0.0793,0.027,0,0,,1.4256,,,0,,-0.125
TCGA-L5-A8NN-01,,X96_splice,,7477.1334,2.9905,0.757,1,1,,5.3768,,,1,,1.9418
TCGA-L5-A8NQ-01,,WT,,1384.4585,-1.7725,-0.089,0,0,,-3.5689,,,0,,-2.7375
TCGA-L5-A8NR-01,,WT,,5526.9144,1.4659,-0.04,0,0,,3.7735,,,0,,1.1032
TCGA-L5-A8NS-01,,WT,,5110.7795,1.1406,0.086,0,0,,3.3582,,,0,,0.8859
TCGA-L5-A8NT-01,,WT,,3409.8899,-0.1891,0.0,0,0,,1.2115,,,0,,-0.2369
TCGA-L5-A8NU-01,,WT,,2325.7673,-1.0366,-0.043,0,0,,-0.818,,,0,,-1.2986
TCGA-L5-A8NV-01,,WT,,3027.5607,-0.488,0.04,0,0,,0.5807,,,0,,-0.5669
TCGA-L5-A8NW-01,,WT,,4020.1315,0.288,0.09,0,0,,2.0848,,,0,,0.2199
TCGA-L6-A4EP-01,,WT,,1927.91,-1.1993,0.01,0,0,,-1.8373,,,0,,-1.17
TCGA-L6-A4EQ-01,,WT,,2000.87,-1.0916,0.002,0,0,,-1.7033,,,0,,-1.0333
TCGA-L6-A4ET-01,,WT,,2284.05,-0.6737,0.009,0,0,,-1.2261,,,0,,-0.546
TCGA-L6-A4EU-01,,WT,,1873.79,-1.2791,0.019,0,0,,-1.9399,,,0,,-1.2748
TCGA-L7-A56G-01,,WT,,4707.4988,0.8253,-0.018,0,0,,2.9222,,,0,,0.6579
TCGA-L7-A6VZ-01,,WT,,3979.1282,0.2559,0.516,0,0,,2.0305,,,1,,0.1914
TCGA-L9-A443-01,,WT,,1785.2,-0.6997,0.0,0,0,,-1.6265,,,0,,-0.6792
TCGA-L9-A444-01,,H637Q,,1560.36,-1.0661,0.127,1,1,,-2.5279,,,1,,-1.11
TCGA-L9-A50W-01,,WT,,1892.23,-0.5253,-0.116,0,0,,-1.2366,,,-1,,-0.4928
TCGA-L9-A5IP-01,,WT,,1278.26,-1.5257,0.132,0,0,,-3.8631,,,1,,-1.7481
TCGA-L9-A743-01,,WT,,1528.33,-1.1183,0.0,0,0,,-2.6668,,,0,,-1.1764
TCGA-L9-A7SV-01,,WT,,2208.98,-0.0092,0.179,0,0,,-0.2001,,,1,,0.0026
TCGA-L9-A8F4-01,,WT,,3171.68,1.5594,-0.041,0,0,,2.2227,,,0,,1.1605
TCGA-LA-A446-01,,WT,,4405.73,3.0225,0.519,0,0,,3.0927,,,1,,1.8843
TCGA-LA-A7SW-01,,WT,,1708.68,-1.0163,-0.015,0,0,,-1.3219,,,0,,-1.081
TCGA-LB-A7SX-01,,WT,,1939.93,0.0679,-0.355,0,0,,,,,-1,,0.1578
TCGA-LB-A8F3-01,,M148I,,1309.64,-1.0993,0.019,1,1,,,,,0,,-1.1758
TCGA-LB-A9Q5-01,,WT,,1621.37,-0.5221,0.0,0,0,,,,,0,,-0.4511
TCGA-LC-A66R-01,,WT,,2767.78,1.1034,0.049,0,0,,0.8718,,,0,,0.808
TCGA-LD-A66U-01,,WT,,1066.67,-1.6967,0.03,0,0,,-4.1077,,,0,,-2.1446
TCGA-LD-A74U-01,,WT,,1800.2,-0.8963,-0.025,0,0,,-2.2112,,,0,,-0.817
TCGA-LD-A7W5-01,,WT,,1859.89,-0.8311,0.092,0,0,,-2.093,,,0,,-0.7342
TCGA-LD-A7W6-01,,WT,,2727.24,0.1153,-0.033,0,0,,-0.7055,,,0,,0.2371
TCGA-LD-A9QF-01,,WT,,1363.19,-1.3731,-0.006,0,0,,-3.219,,,0,,-1.5225
TCGA-LG-A6GG-01,,WT,,1275.35,-0.2854,0.183,0,0,,-0.5009,,,1,,-0.2165
TCGA-LG-A9QC-01,,WT,,1679.65,0.5083,-0.116,0,0,,0.6113,,,-1,,0.405
TCGA-LG-A9QD-01,,WT,,896.504,-1.0291,0.052,0,0,,-1.9241,,,0,,-1.0119
TCGA-LH-A9QB-06,,WT,,2086.49,-0.0901,-0.167,0,0,,,,,-1,,0.2323
TCGA-LI-A67I-01,,WT,,1606.82,-0.5989,0.744,0,0,,,,,1,,-0.5412
TCGA-LI-A9QH-01,,WT,,2374.4,0.1612,-0.187,0,0,,,,,-1,,0.2985
TCGA-LK-A4NW-01,,WT,,1594.04,-0.0395,0.033,0,0,,,,,0,,-0.1082
TCGA-LK-A4NY-01,,WT,,2064.85,0.9856,-0.232,0,0,,,,,-1,,0.6807
TCGA-LK-A4NZ-01,,WT,,1697.6,0.186,0.0,0,0,,,,,0,,0.0837
TCGA-LK-A4O0-01,,WT,,2249.14,1.3868,0.0,0,0,,,,,0,,0.9413
TCGA-LK-A4O2-01,,WT,,1249.47,-0.7897,-0.075,0,0,,,,,0,,-0.8505
TCGA-LK-A4O4-01,,WT,,1487.46,-0.2715,-0.001,0,0,,,,,0,,-0.3191
TCGA-LK-A4O5-01,,WT,,2084.44,1.0282,-0.07,0,0,,,,,0,,0.7095
TCGA-LK-A4O6-01,,WT,,1200.98,-0.8953,-0.026,0,0,,,,,0,,-0.9712
TCGA-LK-A4O7-01,,WT,,2185.38,1.248,-0.191,0,0,,,,,-1,,0.8537
TCGA-LL-A440-01,,WT,,1868.49,-0.8217,0.008,0,0,,-2.0763,,,0,,-0.7225
TCGA-LL-A441-01,,WT,,2216.48,-0.442,0.029,0,0,,-1.4572,,,0,,-0.2891
TCGA-LL-A442-01,,NP,,2878.44,0.2803,-0.008,0,0,NP,-0.5099,,,0,,0.374
TCGA-LL-A50Y-01,,WT,,1114.69,-1.6443,0.008,0,0,,-3.9482,,,0,,-2.033
TCGA-LL-A5YL-01,,WT,,1031.54,-1.735,-0.046,0,0,,-4.229,,,0,,-2.2296
TCGA-LL-A5YM-01,,WT,,422.367,-2.3997,-0.065,0,0,,-7.4621,,,0,,-4.4929
TCGA-LL-A5YN-01,,WT,,1109.72,-1.6497,0.065,0,0,,-3.9644,,,0,,-2.0443
TCGA-LL-A5YO-01,,WT,,1381.8,-1.3528,0.019,0,0,,-3.1698,,,0,,-1.4881
TCGA-LL-A5YP-01,,WT,,1849.46,-0.8425,0.083,0,0,,-2.1134,,,0,,-0.7485
TCGA-LL-A6FP-01,,WT,,1750.34,-0.9507,-0.065,0,0,,-2.313,,,0,,-0.8882
TCGA-LL-A6FQ-01,,WT,,1203.96,-1.5469,0.127,0,0,,-3.669,,,1,,-1.8375
TCGA-LL-A6FR-01,,WT,,1065.55,-1.6979,-0.255,0,0,,-4.1115,,,-1,,-2.1473
TCGA-LL-A73Y-01,,WT,,2171.41,-0.4912,0.874,0,0,,-1.5317,,,1,,-0.3413
TCGA-LL-A73Z-01,,WT,,1792.47,-0.9047,0.04,0,0,,-2.2268,,,0,,-0.8279
TCGA-LL-A740-01,,WT,,1653.61,-1.0562,0.049,0,0,,-2.519,,,0,,-1.0325
TCGA-LL-A7SZ-01,,WT,,626.481,-2.177,0.05,0,0,,-6.0352,,,0,,-3.494
TCGA-LL-A7T0-01,,WT,,1524.95,-1.1966,-0.198,0,0,,-2.8126,,,-1,,-1.238
TCGA-LL-A8F5-01,,WT,,1207.24,-1.5433,0.021,0,0,,-3.6592,,,0,,-1.8306
TCGA-LL-A9Q3-01,,WT,,871.495,-1.9096,0.072,0,0,,-4.8398,,,0,,-2.6571
TCGA-LN-A49K-01,,WT,,6510.933,2.2352,0.542,0,0,,4.6427,,,1,,1.5579
TCGA-LN-A49L-01,,WT,,8988.8801,4.1724,0.336,0,0,,6.3537,,,1,,2.4529
TCGA-LN-A49M-01,,WT,,6028.0448,1.8577,0.546,0,0,,4.2339,,,1,,1.344
TCGA-LN-A49N-01,,WT,,4937.8105,1.0054,-0.083,0,0,,3.1756,,,0,,0.7904
TCGA-LN-A49O-01,,WT,,4885.8039,0.9647,0.016,0,0,,3.1194,,,0,,0.761
TCGA-LN-A49P-01,,WT,,6002.2121,1.8375,0.477,0,0,,4.2111,,,1,,1.3321
TCGA-LN-A49R-01,,WT,,3099.0296,-0.4321,0.355,0,0,,0.7045,,,1,,-0.5022
TCGA-LN-A49S-01,,WT,,3309.9513,-0.2672,-0.096,0,0,,1.0537,,,0,,-0.3195
TCGA-LN-A49U-01,,WT,,3726.3034,0.0583,-0.004,0,0,,1.6822,,,0,,0.0093
TCGA-LN-A49V-01,,WT,,4648.8325,0.7795,0.155,0,0,,2.8556,,,1,,0.6231
TCGA-LN-A49W-01,,WT,,4486.2461,0.6524,-0.002,0,0,,2.6668,,,0,,0.5243
TCGA-LN-A49X-01,,WT,,6042.2434,1.8688,0.307,0,0,,4.2464,,,1,,1.3505
TCGA-LN-A49Y-01,,WT,,3656.4892,0.0037,-0.221,0,0,,1.5819,,,-1,,-0.0432
TCGA-LN-A4A1-01,,WT,,3722.8391,0.0556,0.379,0,0,,1.6773,,,1,,0.0067
TCGA-LN-A4A2-01,,WT,,5712.7894,1.6112,0.577,0,0,,3.9489,,,1,,1.195
TCGA-LN-A4A3-01,,WT,,3340.117,-0.2436,0.089,0,0,,1.1019,,,0,,-0.2943
TCGA-LN-A4A4-01,,WT,,3606.7267,-0.0352,0.25,0,0,,1.5092,,,1,,-0.0812
TCGA-LN-A4A5-01,,WT,,4816.6618,0.9107,-0.111,0,0,,3.0438,,,-1,,0.7215
TCGA-LN-A4A6-01,,WT,,4744.2519,0.8541,-0.011,0,0,,2.9634,,,0,,0.6794
TCGA-LN-A4A8-01,,WT,,6966.851,2.5916,-0.085,0,0,,5.0018,,,0,,1.7457
TCGA-LN-A4A9-01,,WT,,2690.7334,-0.7513,-0.189,0,0,,-0.0449,,,-1,,-0.8942
TCGA-LN-A4MQ-01,,WT,,6075.801,1.895,-0.039,0,0,,4.2758,,,0,,1.3659
TCGA-LN-A4MR-01,,WT,,3641.4012,-0.0081,0.311,0,0,,1.56,,,1,,-0.0547
TCGA-LN-A5U5-01,,WT,,2952.5758,-0.5466,-0.009,0,0,,0.4477,,,0,,-0.6365
TCGA-LN-A5U6-01,,WT,,2535.3136,-0.8728,0.0,0,0,,-0.3605,,,0,,-1.0592
TCGA-LN-A5U7-01,,WT,,5207.2434,1.216,0.708,1,1,,3.4574,,,2,,0.9378
TCGA-LN-A7HV-01,,WT,,3057.3541,-0.4647,-0.162,0,0,,0.6327,,,-1,,-0.5397
TCGA-LN-A7HW-01,,WT,,2867.2081,-0.6133,0.376,0,0,,0.2921,,,1,,-0.7179
TCGA-LN-A7HX-01,,WT,,4058.715,0.3181,0.037,0,0,,2.1355,,,0,,0.2464
TCGA-LN-A7HY-01,,WT,,3004.7271,-0.5058,0.022,0,0,,0.5406,,,0,,-0.5879
TCGA-LN-A7HZ-01,,WT,,4046.0572,0.3083,0.242,0,0,,2.1189,,,1,,0.2377
TCGA-LN-A8HZ-01,,WT,,3324.9566,-0.2555,0.0,0,0,,1.0777,,,0,,-0.3069
TCGA-LN-A8I0-01,,WT,,1721.8959,-1.5087,-0.007,0,0,,-2.4123,,,0,,-2.1325
TCGA-LN-A8I1-01,,WT,,2979.2461,-0.5257,0.149,0,0,,0.4954,,,1,,-0.6115
TCGA-LN-A9FO-01,,WT,,12109.7269,6.6121,0.661,0,0,,7.9349,,,1,,3.2799
TCGA-LN-A9FP-01,,WT,,4069.1494,0.3263,0.026,0,0,,2.1491,,,0,,0.2535
TCGA-LN-A9FQ-01,,WT,,2852.844,-0.6246,0.272,0,0,,0.2654,,,1,,-0.7318
TCGA-LN-A9FR-01,,WT,,3860.0271,0.1628,0.195,0,0,,1.8693,,,1,,0.1071
TCGA-LP-A4AU-01,,WT,,1666.84,-0.7563,0.038,0,0,,,,,0,,-0.6946
TCGA-LP-A4AV-01,,WT,,1601.0,-0.8363,0.05,0,0,,,,,0,,-0.7988
TCGA-LP-A4AW-01,,WT,,2962.22,0.8191,0.226,0,0,,,,,1,,0.7931
TCGA-LP-A4AX-01,,WT,,2221.99,-0.0811,-0.025,0,0,,,,,0,,0.0491
TCGA-LP-A5U2-01,,WT,,2554.55,0.3233,0.123,0,0,,,,,1,,0.41
TCGA-LP-A5U3-01,,WT,,2588.53,0.3646,-0.278,0,0,,,,,-1,,0.4442
TCGA-LP-A7HU-01,,WT,,1858.57,-0.5231,-0.043,0,0,,,,,0,,-0.4129
TCGA-LQ-A4E4-01,,NP,,2095.13,-0.5744,-0.128,0,0,NP,-1.6613,,,-1,,-0.432
TCGA-LT-A5Z6-01,,WT,,1756.36,-0.0902,-0.197,0,0,,-0.5172,,,-1,,0.1268
TCGA-LT-A8JT-01,,WT,,2354.93,0.6162,-0.057,0,0,,0.3784,,,0,,0.5661
TCGA-M7-A71Y-01,,WT,,1978.82,-0.6405,0.002,0,0,,-1.6058,,,0,,-0.5953
TCGA-M7-A71Z-01,,WT,,1258.6,-1.6352,-0.175,0,0,,-4.0969,,,-1,,-2.1374
TCGA-M7-A720-01,,WT,,2009.27,-0.5984,0.004,0,0,,-1.5217,,,0,,-0.5433
TCGA-M7-A721-01,,WT,,2106.19,-0.4646,-0.02,0,0,,-1.2624,,,0,,-0.3827
TCGA-M7-A722-01,,WT,,1441.7,-1.3823,-0.017,0,0,,-3.3492,,,0,,-1.6745
TCGA-M7-A723-01,,WT,,1738.71,-0.9721,0.024,0,0,,-2.318,,,0,,-1.0362
TCGA-M7-A724-01,,WT,,1365.47,-1.4876,-0.056,0,0,,-3.6483,,,0,,-1.8597
TCGA-M7-A725-01,,WT,,2576.86,0.1855,-0.043,0,0,,-0.1518,,,0,,0.3048
TCGA-M8-A5N4-01,,WT,,1568.06,-0.6208,-0.015,0,0,,,,,0,,-0.5646
TCGA-M9-A5M8-01,,WT,,3433.6853,-0.1705,-0.163,0,0,,1.2484,,,-1,,-0.2177
TCGA-MA-AA3W-01,,WT,,3770.78,1.8024,-0.011,0,0,,,,,0,,1.4175
TCGA-MA-AA3X-01,,WT,,2223.14,-0.0797,-0.025,0,0,,,,,0,,0.0505
TCGA-MA-AA3Y-01,,WT,,2274.7,-0.017,0.014,0,0,,,,,0,,0.1098
TCGA-MA-AA3Z-01,,WT,,1852.82,-0.5301,-0.044,0,0,,,,,0,,-0.4209
TCGA-MA-AA41-01,,WT,,2181.14,-0.1308,-0.351,0,0,,,,,-1,,0.0011
TCGA-MA-AA42-01,,E475K,,2361.63,0.0887,-0.113,1,1,,,,,-1,,0.2068
TCGA-MA-AA43-01,,WT,,1713.54,-0.6995,0.05,0,0,,,,,0,,-0.6231
TCGA-MB-A5Y8-01,,WT,,1682.98,-0.5235,-0.451,0,0,,,,,-1,,-0.4416
TCGA-MB-A5Y9-01,,WT,,747.754,-1.4497,-0.056,0,0,,,,,0,,-2.1854
TCGA-MB-A5YA-01,,WT,,2053.47,-0.1566,-0.091,0,0,,,,,0,,-0.0138
TCGA-MB-A8JK-01,,WT,,2842.45,0.6247,-0.034,0,0,,,,,0,,0.6854
TCGA-MB-A8JL-01,,WT,,2990.63,0.7715,-0.15,0,0,,,,,-1,,0.7947
TCGA-MF-A522-01,,WT,,1769.62,-0.9251,0.01,0,0,,-1.1586,,,0,,-0.9713
TCGA-MG-AAMC-01,,WT,,2243.14,-0.2754,-0.064,0,0,,-0.9155,,,0,,-0.168
TCGA-MH-A55W-01,,WT,,1342.52,-0.3497,0.196,0,0,,-3.7913,,,1,,-0.0973
TCGA-MH-A55Z-01,,WT,,979.88,-0.9482,0.127,0,0,,-6.1456,,,1,,-0.7969
TCGA-MH-A560-01,,WT,,670.288,-1.4592,0.066,0,0,,-8.9837,,,0,,-1.6402
TCGA-MH-A561-01,,WT,,1247.6,-0.5063,0.015,0,0,,-4.3396,,,0,,-0.2602
TCGA-MH-A562-01,,WT,,861.798,-1.1431,0.1,0,0,,-7.1055,,,0,,-1.0821
TCGA-MH-A854-01,,WT,,1008.74,-0.9006,0.036,0,0,,-5.9286,,,0,,-0.7324
TCGA-MH-A855-01,,WT,,1383.3,-0.2824,-0.003,0,0,,-3.5675,,,0,,-0.0308
TCGA-MH-A856-01,,WT,,1572.41,0.0298,0.004,0,0,,-2.6093,,,0,,0.2539
TCGA-MH-A857-01,,WT,,1853.4,0.4936,-0.004,0,0,,-1.3796,,,0,,0.6193
TCGA-MI-A75C-01,,WT,,737.449,-1.3413,0.087,0,0,,-2.7125,,,0,,-1.4525
TCGA-MI-A75E-01,,WT,,1375.91,-0.088,0.236,0,0,,-0.1944,,,1,,-0.0452
TCGA-MI-A75G-01,,WT,,1830.93,0.8053,0.503,0,0,,0.9596,,,1,,0.5997
TCGA-MI-A75H-01,,WT,,1024.2,-0.7784,0.033,0,0,,-1.3865,,,0,,-0.7114
TCGA-MI-A75I-01,,WT,,1157.21,-0.5173,-0.036,0,0,,-0.8934,,,0,,-0.4359
TCGA-MJ-A68H-01,,WT,,1847.08,-0.361,-0.287,0,0,,,,,-1,,-0.2416
TCGA-MJ-A68J-01,,WT,,1286.36,-0.9163,0.025,0,0,,,,,0,,-1.0194
TCGA-MJ-A850-01,,WT,,1639.46,-0.5666,-0.003,0,0,,,,,0,,-0.498
TCGA-MK-A4N6-01,,WT,,3223.46,0.7124,-0.001,0,0,,0.0161,,,0,,0.7224
TCGA-MK-A4N7-01,,WT,,3867.85,1.6633,0.018,0,0,,0.6733,,,0,,1.3935
TCGA-MK-A4N9-01,,WT,,2993.46,0.3731,0.001,0,0,,-0.2508,,,0,,0.4499
TCGA-MK-A84Z-01,,WT,,2324.99,-0.6133,-0.006,0,0,,-1.162,,,0,,-0.4806
TCGA-MM-A563-01,,WT,,1748.24,-0.9013,-0.139,0,0,,-3.7087,,,-1,,-0.8256
TCGA-MM-A564-01,,WT,,1020.74,-1.7105,0.04,0,0,,-7.2741,,,0,,-2.255
TCGA-MM-A84U-01,,WT,,1233.8,-1.4735,0.303,0,0,,-6.0182,,,1,,-1.7515
TCGA-MN-A4N1-01,,WT,,912.849,-2.1211,0.124,0,0,,-6.1169,,,1,,-2.8253
TCGA-MN-A4N4-01,,WT,,1260.26,-1.5551,0.172,0,0,,-3.958,,,1,,-1.7935
TCGA-MN-A4N5-01,,WT,,2964.57,1.222,0.76,1,1,,1.7703,,,2,,0.9443
TCGA-MO-A47P-01,,WT,,1822.31,-0.3855,0.001,0,0,,,,,0,,-0.2706
TCGA-MO-A47R-01,,WT,,1504.44,-0.7003,-0.072,0,0,,,,,0,,-0.6827
TCGA-MP-A4SV-01,,WT,,2519.45,0.4967,0.035,0,0,,0.6807,,,0,,0.4235
TCGA-MP-A4SW-01,,WT,,1923.5,-0.4744,0.306,0,0,,-1.1268,,,1,,-0.4404
TCGA-MP-A4SY-01,,WT,,2393.23,0.291,0.061,0,0,,0.3365,,,0,,0.259
TCGA-MP-A4T2-01,,WT,,,,-0.036,0,0,NP,,,,0,,
TCGA-MP-A4T4-01,,WT,,1947.32,-0.4356,0.15,0,0,,-1.0444,,,1,,-0.401
TCGA-MP-A4T6-01,,WT,,1682.34,-0.8673,-0.123,0,0,,-2.0239,,,-1,,-0.8691
TCGA-MP-A4T7-01,,WT,,1160.13,-1.7182,0.027,0,0,,-4.5123,,,0,,-2.0584
TCGA-MP-A4T8-01,,WT,,2126.61,-0.1434,0.0,0,0,,-0.4546,,,0,,-0.1191
TCGA-MP-A4T9-01,,WT,,2010.35,-0.3329,0.005,0,0,,-0.8311,,,0,,-0.299
TCGA-MP-A4TA-01,,WT,,1244.56,-1.5807,0.016,0,0,,-4.042,,,0,,-1.8336
TCGA-MP-A4TC-01,,WT,,1597.36,-1.0058,0.049,0,0,,-2.371,,,0,,-1.035
TCGA-MP-A4TD-01,,WT,,1121.24,-1.7816,0.0,0,0,,-4.7405,,,0,,-2.1675
TCGA-MP-A4TE-01,,WT,,1712.78,-0.8177,0.942,0,0,,-1.9038,,,1,,-0.8117
TCGA-MP-A4TF-01,,WT,,1819.74,-0.6434,-0.088,0,0,,-1.4982,,,0,,-0.6178
TCGA-MP-A4TH-01,,WT,,1917.9,-0.4835,0.035,0,0,,-1.1464,,,0,,-0.4497
TCGA-MP-A4TI-01,,WT,,1900.03,-0.5126,0.151,0,0,,-1.2091,,,1,,-0.4797
TCGA-MP-A4TJ-01,,WT,,2064.63,-0.2444,-0.018,0,0,,-0.6527,,,0,,-0.2137
TCGA-MP-A4TK-01,,WT,,1810.8,-0.658,0.468,0,0,,-1.5312,,,1,,-0.6336
TCGA-MP-A5C7-01,,WT,,2799.05,0.9523,-0.056,0,0,,1.3855,,,0,,0.7604
TCGA-MQ-A4KX-01,,WT,,1455.52,-0.3411,-0.035,0,0,,,,,0,,-0.3853
TCGA-MQ-A4LC-01,,WT,,1491.64,-0.2624,-0.067,0,0,,,,,0,,-0.3106
TCGA-MQ-A4LI-01,,WT,,1642.63,0.0663,-0.19,0,0,,,,,-1,,-0.0167
TCGA-MQ-A4LJ-01,,WT,,1644.26,0.0699,-0.078,0,0,,,,,0,,-0.0136
TCGA-MQ-A4LM-01,,WT,,1358.51,-0.5523,-0.065,0,0,,,,,0,,-0.5955
TCGA-MQ-A4LP-01,,WT,,1535.19,-0.1676,-0.19,0,0,,,,,-1,,-0.2229
TCGA-MQ-A4LV-01,,WT,,1162.04,-0.9801,-0.066,0,0,,,,,0,,-1.0716
TCGA-MQ-A6BL-01,,WT,,1094.13,-1.1279,-0.053,0,0,,,,,0,,-1.2551
TCGA-MQ-A6BN-01,,NP,,724.623,-1.9324,-0.041,0,0,NP,,,,0,,-2.5106
TCGA-MQ-A6BQ-01,,WT,,1431.53,-0.3933,-0.073,0,0,,,,,0,,-0.436
TCGA-MQ-A6BR-01,,WT,,1435.53,-0.3846,0.043,0,0,,,,,0,,-0.4274
TCGA-MQ-A6BS-01,,WT,,2087.81,1.0356,-0.104,0,0,,,,,-1,,0.7144
TCGA-MR-A520-01,,WT,,1414.83,-0.0116,0.005,0,0,,-0.0817,,,0,,0.0177
TCGA-MR-A8JO-01,,WT,,1398.33,-0.044,-0.002,0,0,,-0.1291,,,0,,-0.0087
TCGA-MS-A51U-01,,WT,,2307.25,-0.343,0.052,0,0,,-1.3117,,,0,,-0.1873
TCGA-MT-A51W-01,,WT,,1619.74,-0.7796,0.063,0,0,,-0.8606,,,0,,-0.7786
TCGA-MT-A51X-01,,WT,,2409.84,0.1526,0.205,0,0,,0.6468,,,1,,0.1542
TCGA-MT-A67A-01,,WT,,1094.85,-1.3988,0.084,0,0,,-2.3462,,,0,,-1.698
TCGA-MT-A67D-01,,WT,,1725.85,-0.6544,0.0,0,0,,-0.6199,,,0,,-0.6297
TCGA-MT-A67F-01,,WT,,1668.15,-0.7225,0.01,0,0,,-0.7489,,,0,,-0.7095
TCGA-MT-A67G-01,,WT,,,,0.016,0,0,,,,,0,,
TCGA-MT-A7BN-01,,WT,,975.556,-1.5396,0.263,0,0,,-2.7837,,,1,,-1.9687
TCGA-MU-A51Y-01,,WT,,1801.4,-0.5926,0.011,0,0,,,,,0,,-0.4937
TCGA-MU-A5YI-01,,WT,,4628.19,2.8451,-0.081,0,0,,,,,0,,1.9477
TCGA-MU-A8JM-01,,WT,,2315.62,0.0327,0.063,0,0,,,,,0,,0.1559
TCGA-MV-A51V-01,,W315* D24H,,1019.07,-0.9603,-0.662,1,1,,-2.1791,,,-1,,-0.6884
TCGA-MW-A4EC-01,,WT,,1666.02,-0.9927,-0.031,0,0,,-4.028,,,0,,-0.9536
TCGA-MX-A5UG-01,,WT,,3138.9989,0.5287,0.008,0,0,,1.2452,,,0,,0.4474
TCGA-MX-A5UJ-01,,WT,,2009.5606,-0.8644,0.046,0,0,,-0.1755,,,0,,-0.8588
TCGA-MX-A663-01,,WT,,2233.9467,-0.5877,0.012,0,0,,0.1617,,,0,,-0.5488
TCGA-MX-A666-01,,WT,,3152.4633,0.5453,0.0,0,0,,1.2589,,,0,,0.4599
TCGA-MY-A5BD-01,,NP,,2530.46,0.294,-0.019,0,0,NP,,,,0,,0.3855
TCGA-MY-A5BE-01,,WT,,2300.48,0.0143,0.074,0,0,,,,,0,,0.1389
TCGA-MY-A5BF-01,,WT,,11449.2,11.1402,0.856,1,1,,,,,2,,4.2918
TCGA-MY-A913-01,,WT,,2453.65,0.2006,0.0,0,0,,,,,0,,0.3057
TCGA-MZ-A5BI-01,,WT,,1490.39,-0.9322,-0.034,0,0,,-1.1763,,,0,,-0.974
TCGA-MZ-A6I9-01,,WT,,1659.84,-0.7323,-0.141,0,0,,-0.7678,,,-1,,-0.7212
TCGA-MZ-A7D7-01,,WT,,2056.85,-0.2639,-0.033,0,0,,0.0458,,,0,,-0.2177
TCGA-N1-A6IA-01,,WT,,2663.83,0.4479,-0.051,0,0,,,,,0,,0.5459
TCGA-N5-A4R8-01,,WT,,1767.1,0.0166,,0,0,,,,,NP,,0.0235
TCGA-N5-A4RA-01,,WT,,1484.32,-0.5003,-0.768,1,1,,,,,-2,,-0.496
TCGA-N5-A4RD-01,,WT,,1696.82,-0.1119,-0.267,0,0,,,,,-1,,-0.0974
TCGA-N5-A4RF-01,,WT,,1938.96,0.3307,-0.125,0,0,,,,,-1,,0.3
TCGA-N5-A4RJ-01,,WT,,1515.89,-0.4426,0.023,0,0,,,,,0,,-0.4333
TCGA-N5-A4RM-01,,WT,,1645.83,-0.2051,-0.249,0,0,,,,,-1,,-0.1883
TCGA-N5-A4RN-01,,WT,,3216.82,2.6663,0.271,0,0,,,,,1,,1.8085
TCGA-N5-A4RO-01,,WT,,1743.94,-0.0257,-0.859,0,0,,,,,-1,,-0.0158
TCGA-N5-A4RS-01,,WT,,1511.57,-0.4504,0.513,0,0,,,,,1,,-0.4418
TCGA-N5-A4RT-01,,WT,,2214.41,0.8342,-0.221,0,0,,,,,-1,,0.6958
TCGA-N5-A4RU-01,,WT,,2099.67,0.6244,0.378,0,0,,,,,1,,0.5373
TCGA-N5-A4RV-01,,WT,,1162.23,-1.089,0.09,0,0,,,,,0,,-1.2246
TCGA-N5-A59E-01,,WT,,1129.38,-1.149,-0.357,0,0,,,,,-1,,-1.31
TCGA-N5-A59F-01,,WT,,1305.47,-0.8271,-0.404,0,0,,,,,-1,,-0.8784
TCGA-N6-A4V9-01,,WT,,2928.19,2.1388,-0.234,0,0,,,,,-1,,1.5283
TCGA-N6-A4VC-01,,WT,,1454.29,-0.5551,-0.203,0,0,,,,,-1,,-0.5569
TCGA-N6-A4VD-01,,WT,,2464.8,1.2918,0.008,0,0,,,,,0,,1.015
TCGA-N6-A4VE-01,,WT,,2360.3,1.1008,-0.036,0,0,,,,,0,,0.8859
TCGA-N6-A4VF-01,,WT,,2188.65,0.7871,-0.008,0,0,,,,,0,,0.6609
TCGA-N6-A4VG-01,,WT,,1132.73,-1.1429,-0.014,0,0,,,,,0,,-1.3012
TCGA-N7-A4Y0-01,,WT,,2813.87,1.9298,0.184,0,0,,,,,1,,1.4097
TCGA-N7-A4Y5-01,,WT,,1257.93,-0.914,-0.422,0,0,,,,,-1,,-0.9889
TCGA-N7-A4Y8-01,,WT,,1351.07,-0.7438,-0.069,0,0,,,,,0,,-0.7762
TCGA-N7-A59B-01,,WT,,1076.21,-1.2462,0.36,0,0,,,,,1,,-1.4536
TCGA-N8-A4PI-01,,WT,,2147.46,0.7118,0.306,0,0,,,,,1,,0.6043
TCGA-N8-A4PL-01,,WT,,1109.5,-1.1853,0.007,0,0,,,,,0,,-1.3629
TCGA-N8-A4PM-01,,WT,,1191.96,-1.0346,-0.068,0,0,,,,,0,,-1.1494
TCGA-N8-A4PN-01,,WT,,2648.87,1.6282,-0.09,0,0,,,,,0,,1.2296
TCGA-N8-A4PO-01,,WT,,1637.99,-0.2194,0.486,0,0,,,,,1,,-0.2025
TCGA-N8-A4PP-01,,WT,,2578.78,1.5001,0.045,0,0,,,,,0,,1.1497
TCGA-N8-A4PQ-01,,WT,,1843.25,0.1558,-0.059,0,0,,,,,0,,0.1492
TCGA-N8-A56S-01,,WT,,2260.54,0.9185,-0.12,0,0,,,,,-1,,0.7572
TCGA-N9-A4PZ-01,,WT,,2249.78,0.8988,-0.01,0,0,,,,,0,,0.743
TCGA-N9-A4Q1-01,,WT,,1055.74,-1.2836,-0.465,0,0,,,,,-1,,-1.5108
TCGA-N9-A4Q3-01,,WT,,1074.96,-1.2485,-0.135,0,0,,,,,-1,,-1.4571
TCGA-N9-A4Q4-01,,WT,,1139.69,-1.1301,-0.091,0,0,,,,,0,,-1.2829
TCGA-N9-A4Q7-01,,WT,,1261.82,-0.9069,0.032,0,0,,,,,0,,-0.9797
TCGA-N9-A4Q8-01,,WT,,2644.28,1.6198,-0.337,0,0,,,,,-1,,1.2244
TCGA-NA-A4QV-01,,WT,,1432.91,-0.5942,-0.648,0,0,,,,,-1,,-0.601
TCGA-NA-A4QW-01,,WT,,2090.67,0.608,-0.48,0,0,,,,,-1,,0.5245
TCGA-NA-A4QX-01,,WT,,2557.51,1.4613,0.195,0,0,,,,,1,,1.125
TCGA-NA-A4QY-01,,WT,,2532.72,1.4159,0.015,0,0,,,,,0,,1.096
TCGA-NA-A4R0-01,,WT,,1724.72,-0.0609,0.011,0,0,,,,,0,,-0.0488
TCGA-NA-A4R1-01,,WT,,4372.93,4.7794,-0.256,0,0,,,,,-1,,2.7235
TCGA-NA-A5I1-01,,WT,,1856.86,0.1806,-0.075,0,0,,,,,0,,0.1711
TCGA-NC-A5HD-01,,WT,,2628.28,0.3608,0.0,0,0,,0.6849,,,0,,0.2669
TCGA-NC-A5HE-01,,WT,,1493.86,-1.338,0.0,0,0,,-1.9479,,,0,,-1.5015
TCGA-NC-A5HF-01,,WT,,1849.53,-0.8054,-0.184,0,0,,-0.9527,,,-1,,-0.8331
TCGA-NC-A5HG-01,,WT,,2288.23,-0.1485,-0.017,0,0,,0.0392,,,0,,-0.1668
TCGA-NC-A5HH-01,,WT,,2341.57,-0.0686,-0.505,0,0,,0.1466,,,-1,,-0.0947
TCGA-NC-A5HI-01,,WT,,2649.48,0.3925,-0.136,0,0,,0.7224,,,-1,,0.2921
TCGA-NC-A5HJ-01,,WT,,2666.67,0.4183,0.105,0,0,,0.7525,,,1,,0.3123
TCGA-NC-A5HK-01,,N842K,,1911.85,-0.7121,-0.196,1,1,,-0.7983,,,-1,,-0.7293
TCGA-NC-A5HL-01,,WT,,2331.14,-0.0842,0.456,0,0,,0.1258,,,1,,-0.1086
TCGA-NC-A5HM-01,,WT,,1988.06,-0.598,0.057,0,0,,-0.6162,,,0,,-0.607
TCGA-NC-A5HN-01,,WT,,2546.97,0.239,1.22,0,0,,0.5384,,,1,,0.1686
TCGA-NC-A5HO-01,,WT,,1602.98,-1.1746,-0.191,0,0,,-1.6194,,,-1,,-1.2809
TCGA-NC-A5HP-01,,WT,,1948.3,-0.6575,-0.085,0,0,,-0.7103,,,0,,-0.6702
TCGA-NC-A5HQ-01,,WT,,2333.6,-0.0805,-0.014,0,0,,0.1307,,,0,,-0.1053
TCGA-NC-A5HR-01,,WT,,2463.37,0.1138,0.0,0,0,,0.3829,,,0,,0.0641
TCGA-NC-A5HT-01,,WT,,2051.27,-0.5033,-0.025,0,0,,-0.4703,,,0,,-0.509
TCGA-ND-A4W6-01,,WT,,953.488,-1.4705,-0.018,0,0,,,,,0,,-1.8142
TCGA-ND-A4WA-01,,WT,,2018.28,0.4757,0.605,0,0,,,,,1,,0.4195
TCGA-ND-A4WC-01,,E383*,,1814.45,0.1031,0.009,1,1,,,,,0,,0.1023
TCGA-ND-A4WF-01,,WT,,1434.2,-0.5919,0.187,0,0,,,,,1,,-0.5983
TCGA-NF-A4WU-01,,WT,,1846.88,0.1624,-0.086,0,0,,,,,0,,0.1551
TCGA-NF-A4WX-01,,WT,,1427.19,-0.6047,0.084,0,0,,,,,0,,-0.6129
TCGA-NF-A4X2-01,,WT,,2970.34,2.2158,-0.208,0,0,,,,,-1,,1.5709
TCGA-NF-A5CP-01,,WT,,2078.88,0.5864,0.071,0,0,,,,,0,,0.5076
TCGA-NG-A4VU-01,,WT,,1702.37,-0.1017,-0.35,0,0,,,,,-1,,-0.0877
TCGA-NG-A4VW-01,,WT,,2206.21,0.8192,0.119,0,0,,,,,1,,0.6847
TCGA-NH-A50T-01,,WT,,1761.27,-0.7013,0.003,0,0,,-1.303,,,0,,-0.7753
TCGA-NH-A50U-01,,WT,,2878.74,0.4579,-0.175,0,0,,1.6902,,,-1,,0.4519
TCGA-NH-A50V-01,,WT,,1977.05,-0.4774,-0.072,0,0,,-0.599,,,0,,-0.4866
TCGA-NH-A5IV-01,,WT,,1846.88,-0.6125,0.005,0,0,,-1.0139,,,0,,-0.6567
TCGA-NH-A6GA-01,,WT,,2749.8,0.3242,-0.146,0,0,,1.411,,,-1,,0.3374
TCGA-NH-A6GB-01,,WT,,2578.75,0.1467,0.266,0,0,,1.0197,,,1,,0.177
TCGA-NH-A6GC-01,,WT,,1900.31,-0.557,0.1,0,0,,-0.8402,,,0,,-0.5855
TCGA-NH-A8F7-01,,WT,,3232.65,0.8251,0.034,0,0,,2.3967,,,0,,0.7415
TCGA-NH-A8F8-01,,WT,,1750.14,-0.7128,-0.123,0,0,,-1.3416,,,-1,,-0.7911
TCGA-NI-A4U2-01,,WT,,1467.35,0.0915,-0.056,0,0,,0.0655,,,0,,0.1
TCGA-NI-A8LF-01,,WT,,1801.32,0.7472,0.09,0,0,,0.8938,,,0,,0.5629
TCGA-NJ-A4YF-01,,WT,,1447.14,-1.2506,0.03,0,0,,-3.0323,,,0,,-1.3511
TCGA-NJ-A4YG-01,,WT,,1464.78,-1.2218,0.093,0,0,,-2.9512,,,0,,-1.3123
TCGA-NJ-A4YI-01,,WT,,1747.57,-0.761,-0.126,0,0,,-1.7692,,,-1,,-0.7474
TCGA-NJ-A4YP-01,,WT,,1691.57,-0.8523,0.035,0,0,,-1.9873,,,0,,-0.8516
TCGA-NJ-A4YQ-01,,WT,,1919.65,-0.4807,-0.039,0,0,,-1.1403,,,0,,-0.4468
TCGA-NJ-A55A-01,,WT,,3372.67,1.8869,0.17,0,0,,2.6342,,,1,,1.3572
TCGA-NJ-A55O-01,,WT,,1777.13,-0.7129,0.001,0,0,,-1.6569,,,0,,-0.6937
TCGA-NJ-A55R-01,,WT,,1609.18,-0.9865,0.034,0,0,,-2.3216,,,0,,-1.0114
TCGA-NJ-A7XG-01,,WT,,2406.41,0.3125,0.883,0,0,,0.3732,,,1,,0.2766
TCGA-NK-A5CR-01,,WT,,1940.0,-0.6699,-0.049,0,0,,-0.7302,,,0,,-0.6836
TCGA-NK-A5CT-01,,WT,,1552.8,-1.2498,-0.191,0,0,,-1.7676,,,-1,,-1.3804
TCGA-NK-A5CX-01,,WT,,1941.07,-0.6683,0.043,0,0,,-0.7276,,,0,,-0.6819
TCGA-NK-A7XE-01,,WT,,1707.33,-1.0184,0.254,0,0,,-1.3255,,,1,,-1.0835
TCGA-NQ-A57I-01,,WT,,1174.29,-0.9534,-0.024,0,0,,,,,0,,-1.0397
TCGA-NQ-A638-01,,WT,,844.421,-1.6716,-0.083,0,0,,,,,0,,-2.0445
TCGA-O1-A52J-01,,WT,,3281.34,1.7381,0.0,0,0,,2.4503,,,0,,1.2693
TCGA-O2-A52N-01,,WT,,1128.96,-1.8845,-0.006,0,0,,-3.2527,,,0,,-2.378
TCGA-O2-A52Q-01,,WT,,1439.95,-1.4188,-0.088,0,0,,-2.1192,,,0,,-1.6166
TCGA-O2-A52S-01,,WT,,3081.54,1.0395,-0.175,0,0,,1.4265,,,-1,,0.765
TCGA-O2-A52V-01,,WT,,2446.06,0.0879,0.005,0,0,,0.35,,,0,,0.042
TCGA-O2-A52W-01,,WT,,2709.3,0.4821,0.051,0,0,,0.8264,,,0,,0.362
TCGA-O2-A5IB-01,,WT,,3855.96,2.1992,-0.323,0,0,,2.4714,,,-1,,1.4669
TCGA-O8-A75V-01,,WT,,698.111,-1.4186,0.116,0,0,,-2.9338,,,1,,-1.5762
TCGA-O9-A75Z-01,,WT,,1765.21,0.348,0.077,0,0,,-1.7443,,,0,,0.511
TCGA-OD-A75X-06,,WT,,3440.72,1.3569,-0.177,0,0,,,,,-1,,1.0179
TCGA-OE-A75W-01,,WT,,770.109,-2.0984,-0.125,0,0,,,,,-1,,-2.9773
TCGA-OK-A5Q2-01,,WT,,1750.86,-0.9501,0.009,0,0,,-2.3119,,,0,,-0.8875
TCGA-OL-A5D6-01,,WT,,1286.01,-1.4573,-0.073,0,0,,-3.4302,,,0,,-1.6703
TCGA-OL-A5D7-01,,WT,,1358.98,-1.3777,-0.015,0,0,,-3.2302,,,0,,-1.5303
TCGA-OL-A5D8-01,,WT,,1959.47,-0.7225,0.034,0,0,,-1.9039,,,0,,-0.6019
TCGA-OL-A5DA-01,,WT,,2102.62,-0.5663,-0.321,0,0,,-1.6484,,,-1,,-0.423
TCGA-OL-A5RU-01,,WT,,1729.16,-0.9738,0.02,0,0,,-2.3571,,,0,,-0.9191
TCGA-OL-A5RV-01,,WT,,2189.45,-0.4715,0.043,0,0,,-1.5017,,,0,,-0.3203
TCGA-OL-A5RW-01,,WT,,1441.49,-1.2877,-0.219,0,0,,-3.0166,,,-1,,-1.3808
TCGA-OL-A5RX-01,,WT,,2220.11,-0.438,0.045,0,0,,-1.4513,,,0,,-0.285
TCGA-OL-A5RY-01,,WT,,1479.61,-1.2461,-0.018,0,0,,-2.922,,,0,,-1.3146
TCGA-OL-A5RZ-01,,WT,,1636.83,-1.0745,-0.121,0,0,,-2.556,,,-1,,-1.0584
TCGA-OL-A5S0-01,,WT,,1240.4,-1.5071,0.0,0,0,,-3.561,,,0,,-1.7619
TCGA-OL-A66H-01,,WT,,1656.38,-1.0532,0.029,0,0,,-2.513,,,0,,-1.0282
TCGA-OL-A66I-01,,WT,,1905.89,-0.7809,0.382,0,0,,-2.0044,,,1,,-0.6722
TCGA-OL-A66J-01,,WT,,1783.69,-0.9143,-0.047,0,0,,-2.2446,,,0,,-0.8404
TCGA-OL-A66K-01,,WT,,1875.87,-0.8137,-0.096,0,0,,-2.062,,,0,,-0.7125
TCGA-OL-A66L-01,,WT,,818.711,-1.9672,-0.026,0,0,,-5.0661,,,0,,-2.8156
TCGA-OL-A66N-01,,WT,,1010.85,-1.7576,0.007,0,0,,-4.3025,,,0,,-2.281
TCGA-OL-A66O-01,,WT,,1109.36,-1.6501,-0.078,0,0,,-3.9655,,,0,,-2.0451
TCGA-OL-A66P-01,,WT,,835.252,-1.9492,0.033,0,0,,-4.9937,,,0,,-2.7649
TCGA-OL-A6VO-01,,WT,,1694.09,-1.012,0.037,0,0,,-2.4314,,,0,,-0.9711
TCGA-OL-A6VQ-01,,WT,,2442.6,-0.1953,-0.019,0,0,,-1.1051,,,0,,-0.0426
TCGA-OL-A6VR-01,,WT,,1846.97,-0.8452,0.008,0,0,,-2.1182,,,0,,-0.7519
TCGA-OL-A97C-01,,WT,,2145.85,-0.5191,0.116,0,0,,-1.5746,,,1,,-0.3713
TCGA-OR-A5J1-01,,WT,,2146.01,0.8712,0.002,0,0,,,,,0,,0.5702
TCGA-OR-A5J2-01,,WT,,2192.32,0.9494,0.388,0,0,,,,,1,,0.6293
TCGA-OR-A5J3-01,,WT,,2112.28,0.8142,0.256,0,0,,,,,1,,0.5264
TCGA-OR-A5J4-01,,WT,,,,0.022,0,0,,,,,0,,
TCGA-OR-A5J5-01,,WT,,1727.34,0.1636,0.513,0,0,,,,,1,,-0.0302
TCGA-OR-A5J6-01,,WT,,972.97,-1.1113,0.104,0,0,,,,,1,,-1.6178
TCGA-OR-A5J7-01,,WT,,971.52,-1.1138,0.0,0,0,,,,,0,,-1.622
TCGA-OR-A5J8-01,,WT,,1045.59,-0.9886,-0.198,0,0,,,,,-1,,-1.4188
TCGA-OR-A5J9-01,,WT,,1488.43,-0.2402,0.314,0,0,,,,,1,,-0.442
TCGA-OR-A5JA-01,,WT,,1892.18,0.4422,0.093,0,0,,,,,0,,0.2219
TCGA-OR-A5JB-01,,WT,,2087.11,0.7716,-0.175,0,0,,,,,-1,,0.4932
TCGA-OR-A5JC-01,,WT,,1647.58,0.0288,0.045,0,0,,,,,0,,-0.161
TCGA-OR-A5JD-01,,WT,,1607.4,-0.0391,-0.363,0,0,,,,,-1,,-0.2293
TCGA-OR-A5JE-01,,WT,,550.905,-1.8247,0.114,0,0,,,,,1,,-3.1901
TCGA-OR-A5JF-01,,WT,,1546.48,-0.1421,0.431,0,0,,,,,1,,-0.3362
TCGA-OR-A5JG-01,,WT,,1447.27,-0.3097,0.066,0,0,,,,,0,,-0.5196
TCGA-OR-A5JH-01,,WT,,,,0.0,0,0,,,,,0,,
TCGA-OR-A5JI-01,,WT,,1873.27,0.4102,-0.071,0,0,,,,,0,,0.1941
TCGA-OR-A5JJ-01,,WT,,1773.76,0.2421,0.498,0,0,,,,,1,,0.0431
TCGA-OR-A5JK-01,,WT,,1349.35,-0.4752,0.0,0,0,,,,,0,,-0.7134
TCGA-OR-A5JL-01,,WT,,2661.03,1.7416,0.28,0,0,,,,,1,,1.1654
TCGA-OR-A5JM-01,,WT,,1103.45,-0.8908,-0.036,0,0,,,,,0,,-1.2698
TCGA-OR-A5JO-01,,WT,,1742.85,0.1898,0.0,0,0,,,,,0,,-0.0055
TCGA-OR-A5JP-01,,WT,,998.243,-1.0686,0.053,0,0,,,,,0,,-1.5469
TCGA-OR-A5JQ-01,,WT,,2016.12,0.6517,0.0,0,0,,,,,0,,0.3975
TCGA-OR-A5JR-01,,WT,,2539.91,1.5369,0.359,0,0,,,,,1,,1.0365
TCGA-OR-A5JS-01,,WT,,1583.06,-0.0802,-0.236,0,0,,,,,-1,,-0.2715
TCGA-OR-A5JT-01,,WT,,2513.32,1.492,0.339,0,0,,,,,1,,1.0073
TCGA-OR-A5JU-01,,WT,,,,-0.011,0,0,,,,,0,,
TCGA-OR-A5JV-01,,WT,,2824.51,2.0179,0.0,0,0,,,,,0,,1.3303
TCGA-OR-A5JW-01,,WT,,1842.47,0.3582,-0.381,0,0,,,,,-1,,0.1483
TCGA-OR-A5JX-01,,WT,,1812.88,0.3082,-0.031,0,0,,,,,0,,0.1035
TCGA-OR-A5JY-01,,WT,,1450.52,-0.3042,0.232,0,0,,,,,1,,-0.5134
TCGA-OR-A5JZ-01,,WT,,2755.33,1.901,0.235,0,0,,,,,1,,1.2617
TCGA-OR-A5K0-01,,WT,,1113.64,-0.8736,-0.845,0,0,,,,,-1,,-1.2444
TCGA-OR-A5K1-01,,WT,,1896.34,0.4492,0.292,0,0,,,,,1,,0.228
TCGA-OR-A5K2-01,,WT,,647.808,-1.6609,-0.071,0,0,,,,,0,,-2.7423
TCGA-OR-A5K3-01,,WT,,1844.76,0.362,0.297,0,0,,,,,1,,0.1517
TCGA-OR-A5K4-01,,WT,,2903.87,2.152,0.345,0,0,,,,,1,,1.407
TCGA-OR-A5K5-01,,WT,,826.826,-1.3583,-0.01,0,0,,,,,0,,-2.0679
TCGA-OR-A5K6-01,,WT,,1512.37,-0.1997,-0.134,0,0,,,,,-1,,-0.3979
TCGA-OR-A5K8-01,,WT,,1552.98,-0.1311,0.612,0,0,,,,,1,,-0.3246
TCGA-OR-A5K9-01,,WT,,1342.13,-0.4874,-0.146,0,0,,,,,-1,,-0.7282
TCGA-OR-A5KB-01,,WT,,,,0.718,0,0,,,,,1,,
TCGA-OR-A5KO-01,,WT,,2788.66,1.9573,0.617,0,0,,,,,1,,1.295
TCGA-OR-A5KP-01,,WT,,,,-0.057,0,0,,,,,0,,
TCGA-OR-A5KQ-01,,WT,,,,-0.003,0,0,,,,,0,,
TCGA-OR-A5KS-01,,WT,,,,0.395,0,0,,,,,1,,
TCGA-OR-A5KT-01,,WT,,985.549,-1.0901,-0.007,0,0,,,,,0,,-1.5823
TCGA-OR-A5KU-01,,WT,,1205.01,-0.7192,0.446,0,0,,,,,1,,-1.0263
TCGA-OR-A5KV-01,,WT,,1330.12,-0.5077,-0.05,0,0,,,,,0,,-0.7531
TCGA-OR-A5KW-01,,WT,,2401.51,1.303,-0.145,0,0,,,,,-1,,0.8814
TCGA-OR-A5KX-01,,WT,,1662.05,0.0533,0.056,0,0,,,,,0,,-0.1368
TCGA-OR-A5KY-01,,WT,,1212.17,-0.7071,0.216,0,0,,,,,1,,-1.0099
TCGA-OR-A5KZ-01,,WT,,2213.33,0.985,0.159,0,0,,,,,1,,0.6557
TCGA-OR-A5L1-01,,WT,,,,0.367,0,0,,,,,1,,
TCGA-OR-A5L2-01,,WT,,,,-0.294,0,0,,,,,-1,,
TCGA-OR-A5L3-01,,WT,,1188.62,-0.7469,-0.035,0,0,,,,,0,,-1.0642
TCGA-OR-A5L4-01,,WT,,2490.51,1.4534,0.415,0,0,,,,,1,,0.9821
TCGA-OR-A5L5-01,,WT,,1815.95,0.3134,0.199,0,0,,,,,1,,0.1082
TCGA-OR-A5L6-01,,WT,,1248.6,-0.6455,-0.057,0,0,,,,,0,,-0.928
TCGA-OR-A5L8-01,,WT,,2270.15,1.081,0.427,0,0,,,,,1,,0.7258
TCGA-OR-A5L9-01,,WT,,2080.65,0.7607,0.267,0,0,,,,,1,,0.4846
TCGA-OR-A5LA-01,,WT,,1877.55,0.4175,0.329,0,0,,,,,1,,0.2004
TCGA-OR-A5LB-01,,WT,,2484.67,1.4435,0.63,0,0,,,,,1,,0.9756
TCGA-OR-A5LC-01,,WT,,1178.43,-0.7641,-0.011,0,0,,,,,0,,-1.088
TCGA-OR-A5LD-01,,WT,,1055.63,-0.9716,0.16,0,0,,,,,1,,-1.3923
TCGA-OR-A5LE-01,,WT,,1782.38,0.2566,-0.178,0,0,,,,,-1,,0.0565
TCGA-OR-A5LF-01,,WT,,,,0.378,0,0,,,,,1,,
TCGA-OR-A5LG-01,,WT,,1617.56,-0.0219,-0.127,0,0,,,,,-1,,-0.2119
TCGA-OR-A5LH-01,,WT,,2057.08,0.7209,0.271,0,0,,,,,1,,0.4531
TCGA-OR-A5LI-01,,WT,,,,-0.108,0,0,,,,,-1,,
TCGA-OR-A5LJ-01,,WT,,2731.44,1.8606,0.486,0,0,,,,,1,,1.2376
TCGA-OR-A5LK-01,,WT,,3210.17,2.6697,0.824,0,0,,,,,1,,1.6845
TCGA-OR-A5LL-01,,WT,,1985.34,0.5996,-0.146,0,0,,,,,-1,,0.3549
TCGA-OR-A5LM-01,,WT,,1490.62,-0.2365,0.152,0,0,,,,,1,,-0.438
TCGA-OR-A5LN-01,,WT,,2063.58,0.7319,-0.016,0,0,,,,,0,,0.4618
TCGA-OR-A5LO-01,,WT,,2888.52,2.1261,0.427,0,0,,,,,1,,1.3924
TCGA-OR-A5LP-01,,WT,,2233.32,1.0187,0.229,0,0,,,,,1,,0.6805
TCGA-OR-A5LR-01,,WT,,2695.4,1.7997,0.281,0,0,,,,,1,,1.2009
TCGA-OR-A5LS-01,,WT,,1954.94,0.5483,0.0,0,0,,,,,0,,0.3122
TCGA-OR-A5LT-01,,WT,,2016.16,0.6517,0.49,0,0,,,,,1,,0.3975
TCGA-OR-A5OG-01,,NP,,,,,0,0,NP,,,,NP,,
TCGA-OU-A5PI-01,,WT,,2217.22,0.9915,0.0,0,0,,,,,0,,0.6605
TCGA-OX-A56R-01,,WT,,,,-0.2,0,0,,,,,-1,,
TCGA-OY-A56P-01,,WT,,3831.5161,2.1146,-0.056,0,0,,,,,0,,1.3387
TCGA-OY-A56Q-01,,WT,,2144.1116,-0.1237,-0.093,0,0,,,,,0,,-0.1129
TCGA-P3-A5Q5-01,,WT,,1405.52,-1.0323,0.071,0,0,,-1.3987,,,0,,-1.1117
TCGA-P3-A5Q6-01,,WT,,1630.31,-0.7671,0.195,0,0,,-0.8359,,,1,,-0.7634
TCGA-P3-A5QA-01,,WT,,1435.24,-0.9972,-0.184,0,0,,-1.3194,,,-1,,-1.0625
TCGA-P3-A5QE-01,,WT,,5627.4,3.9488,0.973,1,1,,3.8652,,,2,,2.1459
TCGA-P3-A5QF-01,,WT,,1528.67,-0.887,-0.062,0,0,,-1.0801,,,0,,-0.9145
TCGA-P3-A6SW-01,,WT,,1952.12,-0.3874,0.03,0,0,,-0.1525,,,0,,-0.3404
TCGA-P3-A6SX-01,,WT,,2144.34,-0.1606,-0.058,0,0,,0.2039,,,0,,-0.1199
TCGA-P3-A6T0-01,,WT,,2182.96,-0.1151,-0.028,0,0,,0.2716,,,0,,-0.078
TCGA-P3-A6T2-01,,WT,,1799.4,-0.5676,0.086,0,0,,-0.4615,,,0,,-0.5317
TCGA-P3-A6T3-01,,WT,,2529.2,0.2934,0.161,0,0,,0.8302,,,1,,0.2677
TCGA-P3-A6T4-01,,WT,,3249.49,1.1432,0.305,0,0,,1.7812,,,1,,0.8562
TCGA-P3-A6T5-01,,WT,,1354.97,-1.0919,0.183,0,0,,-1.5377,,,1,,-1.1976
TCGA-P3-A6T6-01,,WT,,1237.97,-1.23,-0.46,0,0,,-1.8802,,,-1,,-1.4096
TCGA-P3-A6T7-01,,WT,,1759.36,-0.6148,-0.013,0,0,,-0.5469,,,0,,-0.5845
TCGA-P3-A6T8-01,,WT,,1644.62,-0.7502,-0.074,0,0,,-0.8028,,,0,,-0.7428
TCGA-P4-A5E6-01,,WT,,1008.71,-0.9006,0.034,0,0,,-5.9288,,,0,,-0.7325
TCGA-P4-A5E7-01,,WT,,1392.58,-0.267,0.152,0,0,,-3.5175,,,1,,-0.0159
TCGA-P4-A5E8-01,,WT,,1422.71,-0.2173,-0.099,0,0,,-3.3575,,,0,,0.0316
TCGA-P4-A5EA-01,,WT,,1524.25,-0.0497,-0.032,0,0,,-2.8419,,,0,,0.1848
TCGA-P4-A5EB-01,,WT,,1998.11,0.7324,0.135,0,0,,-0.8173,,,1,,0.7864
TCGA-P4-A5ED-01,,WT,,1163.48,-0.6452,-0.011,0,0,,-4.8616,,,0,,-0.4153
TCGA-P4-AAVK-01,,NP,,1219.42,-0.5528,0.087,0,0,NP,-4.5105,,,0,,-0.311
TCGA-P4-AAVL-01,,WT,,1090.24,-0.7661,0.104,0,0,,-5.3477,,,1,,-0.5598
TCGA-P4-AAVM-01,,WT,,1168.9,-0.6362,0.072,0,0,,-4.8268,,,0,,-0.405
TCGA-P4-AAVO-01,,NP,,976.701,-0.9535,0.005,0,0,NP,-6.1699,,,0,,-0.8041
TCGA-P5-A5ET-01,,WT,,2305.53,-0.7495,-0.053,0,0,,,,,0,,-0.6511
TCGA-P5-A5EU-01,,WT,,3013.56,0.0808,-0.237,0,0,,,,,-1,,0.2007
TCGA-P5-A5EV-01,,WT,,2731.48,-0.25,-0.052,0,0,,,,,0,,-0.1119
TCGA-P5-A5EW-01,,WT,,4470.32,1.789,-0.021,0,0,,,,,0,,1.4551
TCGA-P5-A5EX-01,,WT,,2225.08,-0.8438,-0.094,0,0,,,,,0,,-0.764
TCGA-P5-A5EY-01,,WT,,2722.96,-0.26,-0.006,0,0,,,,,0,,-0.1218
TCGA-P5-A5EZ-01,,WT,,3160.79,0.2534,0.132,0,0,,,,,1,,0.3525
TCGA-P5-A5F0-01,,WT,,2281.45,-0.7777,-0.007,0,0,,,,,0,,-0.6844
TCGA-P5-A5F1-01,,WT,,2453.45,-0.576,0.012,0,0,,,,,0,,-0.4533
TCGA-P5-A5F2-01,,WT,,2656.38,-0.3381,-0.07,0,0,,,,,0,,-0.2005
TCGA-P5-A5F4-01,,WT,,2043.7,-1.0565,-0.084,0,0,,,,,0,,-1.0344
TCGA-P5-A5F6-01,,WT,,3510.27,0.6632,-0.51,0,0,,,,,-1,,0.686
TCGA-P5-A72U-01,,WT,,1925.91,-1.1946,-0.011,0,0,,,,,0,,-1.2232
TCGA-P5-A72W-01,,WT,,1096.2,-2.1675,-0.765,0,0,,,,,-1,,-3.0151
TCGA-P5-A72X-01,,WT,,2395.48,-0.644,0.01,0,0,,,,,0,,-0.5293
TCGA-P5-A72Z-01,,WT,,3047.77,0.1209,-0.135,0,0,,,,,-1,,0.2366
TCGA-P5-A730-01,,WT,,3826.05,1.0335,-0.055,0,0,,,,,0,,0.9601
TCGA-P5-A731-01,,WT,,2083.15,-1.0102,0.0,0,0,,,,,0,,-0.9736
TCGA-P5-A733-01,,WT,,1899.45,-1.2256,-0.578,0,0,,,,,-1,,-1.2672
TCGA-P5-A735-01,,WT,,2481.18,-0.5435,-0.038,0,0,,,,,0,,-0.4175
TCGA-P5-A736-01,,WT,,2389.26,-0.6513,0.012,0,0,,,,,0,,-0.5376
TCGA-P5-A737-01,,WT,,3402.22,0.5365,-0.118,0,0,,,,,-1,,0.5866
TCGA-P5-A77W-01,,WT,,3190.42,0.2882,-0.147,0,0,,,,,-1,,0.3821
TCGA-P5-A77X-01,,WT,,2962.97,0.0214,-0.076,0,0,,,,,0,,0.1469
TCGA-P5-A780-01,,WT,,3054.25,0.1285,0.052,0,0,,,,,0,,0.2434
TCGA-P5-A781-01,,WT,,2970.02,0.0297,-0.059,0,0,,,,,0,,0.1545
TCGA-P6-A5OF-01,,WT,,2318.34,1.1624,,0,0,,,,,NP,,0.7839
TCGA-P6-A5OH-01,,WT,,,,-0.012,0,0,,,,,0,,
TCGA-P7-A5NX-01,,F938Lfs*11,,748.881,-2.4452,,1,1,,,,,NP,,-3.2159
TCGA-P7-A5NY-01,,WT,,2014.41,0.907,-0.011,0,0,,,,,0,,0.79
TCGA-P8-A5KC-01,,WT,,2032.49,0.9549,-0.003,0,0,,,,,0,,0.8262
TCGA-P8-A5KD-01,,WT,,1708.86,0.0976,-0.083,0,0,,,,,0,,0.1239
TCGA-P8-A6RX-01,,WT,,1435.52,-0.6264,-0.097,0,0,,,,,0,,-0.5819
TCGA-P8-A6RY-01,,WT,,2208.88,1.4221,-0.077,0,0,,,,,0,,1.1633
TCGA-PA-A5YG-01,,WT,,2589.92,1.6214,0.23,0,0,,,,,1,,1.0904
TCGA-PC-A5DK-01,,WT,,3541.08,1.3166,-0.062,0,0,,,,,0,,1.1581
TCGA-PC-A5DL-01,,WT,,3794.98,1.5681,0.022,0,0,,,,,0,,1.307
TCGA-PC-A5DN-01,,WT,,2138.44,-0.0724,-0.122,0,0,,,,,-1,,0.0734
TCGA-PC-A5DO-01,,WT,,3015.97,0.7966,-0.545,0,0,,,,,-1,,0.8129
TCGA-PD-A5DF-01,,WT,,1171.97,-0.4883,-0.044,0,0,,-0.8423,,,0,,-0.4073
TCGA-PE-A5DC-01,,WT,,2001.07,-0.6771,-0.097,0,0,,-1.8278,,,0,,-0.5486
TCGA-PE-A5DD-01,,WT,,1505.96,-1.2173,-0.177,0,0,,-2.858,,,-1,,-1.2698
TCGA-PE-A5DE-01,,WT,,2301.58,-0.3492,-0.01,0,0,,-1.3206,,,0,,-0.1935
TCGA-PG-A5BC-01,,WT,,2126.54,0.0718,0.157,0,0,,-1.2037,,,1,,0.2441
TCGA-PG-A6IB-01,,WT,,1133.49,-1.2392,-0.013,0,0,,-4.1042,,,0,,-1.3388
TCGA-PG-A7D5-01,,WT,,1038.19,-1.3651,-0.131,0,0,,-4.5089,,,-1,,-1.5596
TCGA-PG-A914-01,,WT,,2497.57,0.5616,-0.028,0,0,,-0.4622,,,0,,0.6488
TCGA-PG-A915-01,,WT,,2763.88,0.9132,0.029,0,0,,0.005,,,0,,0.9037
TCGA-PG-A916-01,,WT,,1950.95,-0.16,0.0,0,0,,-1.601,,,0,,0.0273
TCGA-PG-A917-01,,WT,,2401.63,0.435,0.035,0,0,,-0.6428,,,0,,0.5502
TCGA-PJ-A5Z8-01,,WT,,1733.41,0.2955,-0.06,0,0,,-1.8802,,,0,,0.4706
TCGA-PJ-A5Z9-01,,WT,,854.005,-1.156,0.228,0,0,,-7.1734,,,1,,-1.1023
TCGA-PK-A5H8-01,,WT,,1857.59,0.3837,,0,0,,,,,NP,,0.1709
TCGA-PK-A5H9-01,,WT,,2312.48,1.1525,0.0,0,0,,,,,0,,0.7769
TCGA-PK-A5HA-01,,WT,,2952.59,2.2344,0.048,0,0,,,,,0,,1.4531
TCGA-PK-A5HB-01,,A971V,,2194.47,0.9531,-0.334,1,1,,,,,-1,,0.632
TCGA-PK-A5HC-01,,WT,,,,-0.102,0,0,,,,,-1,,
TCGA-PL-A8LV-01,,WT,,1783.26,-0.9147,0.186,0,0,,-2.2455,,,1,,-0.841
TCGA-PL-A8LX-01,,WT,,2055.86,-0.6173,-0.162,0,0,,-1.7299,,,-1,,-0.48
TCGA-PL-A8LY-01,,WT,,1633.83,-1.0778,-0.001,0,0,,-2.5627,,,0,,-1.063
TCGA-PL-A8LZ-01,,WT,,1867.41,-0.8229,0.095,0,0,,-2.0783,,,0,,-0.724
TCGA-PN-A8MA-01,,WT,,2128.1,-0.1953,0.036,0,0,,,,,0,,-0.0626
TCGA-PQ-A6FI-01,,Y600Ifs*35,,438.685,-1.6452,-0.081,1,1,,-4.7505,,,0,,-1.9496
TCGA-PQ-A6FN-01,,WT,,1188.02,-0.7609,0.235,0,0,,-1.7109,,,1,,-0.4587
TCGA-PR-A5PF-01,,WT,,1878.02,0.5457,-0.223,0,0,,,,,-1,,0.5061
TCGA-PR-A5PG-01,,WT,,1878.42,0.5468,-0.062,0,0,,,,,0,,0.507
TCGA-PR-A5PH-01,,WT,,1662.45,-0.0253,-0.051,0,0,,,,,0,,0.0124
TCGA-PZ-A5RE-01,,WT,,1189.07,-1.3226,-0.062,0,0,,,,,0,,-1.5035
TCGA-Q1-A5R1-01,,WT,,2081.42,-0.2521,-0.005,0,0,,,,,0,,-0.12
TCGA-Q1-A5R2-01,,E303K,,1148.47,-1.3867,-0.088,1,1,,,,,0,,-1.658
TCGA-Q1-A5R3-01,,WT,,597.663,-2.0565,0.105,0,0,,,,,1,,-3.3465
TCGA-Q1-A6DT-01,,WT,,2226.41,-0.0758,-0.047,0,0,,,,,0,,0.0543
TCGA-Q1-A6DV-01,,WT,,2721.95,0.5269,-0.024,0,0,,,,,0,,0.5742
TCGA-Q1-A6DW-01,,WT,,3176.31,1.0794,-0.052,0,0,,,,,0,,0.9736
TCGA-Q1-A73O-01,,WT,,2699.89,0.5,0.021,0,0,,,,,0,,0.5531
TCGA-Q1-A73P-01,,WT,,2275.48,-0.0161,-0.042,0,0,,,,,0,,0.1107
TCGA-Q1-A73Q-01,,WT,,3184.99,1.09,-0.164,0,0,,,,,-1,,0.9807
TCGA-Q1-A73R-01,,WT,,3011.63,0.8792,-0.025,0,0,,,,,0,,0.8359
TCGA-Q1-A73S-01,,WT,,1364.34,-1.1241,-0.086,0,0,,,,,0,,-1.2125
TCGA-Q2-A5QZ-01,,WT,,437.159,-1.844,-0.142,0,0,,-12.1762,,,-1,,-2.5889
TCGA-Q3-A5QY-01,,WT,,2070.98,0.3105,0.005,0,0,,,,,0,,0.3797
TCGA-Q3-AA2A-01,,WT,,1413.12,-0.9077,0.276,0,0,,,,,1,,-0.9177
TCGA-Q9-A6FU-01,,WT,,5560.5858,1.4923,-0.077,0,0,,3.8057,,,0,,1.12
TCGA-Q9-A6FW-01,,WT,,2756.2974,-0.7,0.035,0,0,,0.0828,,,0,,-0.8274
TCGA-QA-A7B7-01,,WT,,1739.15,0.6251,-0.162,0,0,,0.7519,,,-1,,0.4836
TCGA-QB-A6FS-06,,WT,,163.887,-2.1444,0.067,0,0,,,,,0,,-3.7564
TCGA-QB-AA9O-06,,WT,,1297.54,-0.9331,0.071,0,0,,,,,0,,-0.5136
TCGA-QC-A6FX-01,,WT,,1731.92,-0.475,0.051,0,0,,,,,0,,-0.38
TCGA-QC-A7B5-01,,WT,,897.57,-1.3013,-0.048,0,0,,,,,0,,-1.793
TCGA-QC-AA9N-01,,WT,,2691.56,0.4753,-0.546,0,0,,,,,-1,,0.5681
TCGA-QD-A8IV-01,,WT,,2870.65,0.1918,-0.002,0,0,,-0.4019,,,0,,0.2956
TCGA-QF-A5YS-01,,K1074Q,,1087.24,-1.3003,0.001,1,1,,-4.2962,,,0,,-1.4435
TCGA-QF-A5YT-01,,WT,,1119.69,-1.2575,-0.002,0,0,,-4.1606,,,0,,-1.3696
TCGA-QG-A5YV-01,,WT,,2064.74,-0.3865,-0.115,0,0,,-0.3346,,,-1,,-0.3782
TCGA-QG-A5YW-01,,WT,,1532.1,-0.939,0.098,0,0,,-2.1521,,,0,,-1.1234
TCGA-QG-A5YX-01,,WT,,2349.43,-0.0911,0.096,0,0,,0.4523,,,0,,-0.0556
TCGA-QG-A5Z1-01,,WT,,2701.1,0.2737,-0.027,0,0,,1.3021,,,0,,0.2928
TCGA-QG-A5Z2-01,,WT,,2248.54,-0.1958,0.007,0,0,,0.1849,,,0,,-0.1653
TCGA-QH-A65R-01,,WT,,2898.42,-0.0542,-0.084,0,0,,,,,0,,0.0768
TCGA-QH-A65S-01,,WT,,3189.72,0.2873,0.176,0,0,,,,,1,,0.3814
TCGA-QH-A65V-01,,WT,,2621.02,-0.3795,-0.038,0,0,,,,,0,,-0.2431
TCGA-QH-A65X-01,,WT,,1194.09,-2.0527,-0.022,0,0,,,,,0,,-2.7432
TCGA-QH-A65Z-01,,WT,,2954.53,0.0116,-0.108,0,0,,,,,-1,,0.1378
TCGA-QH-A6CS-01,,WT,,1951.05,-1.1651,-0.045,0,0,,,,,0,,-1.182
TCGA-QH-A6CU-01,,WT,,2232.05,-0.8356,-0.024,0,0,,,,,0,,-0.7541
TCGA-QH-A6CV-01,,WT,,2149.69,-0.9322,0.125,0,0,,,,,1,,-0.8736
TCGA-QH-A6CW-01,,WT,,2895.3,-0.0579,-0.004,0,0,,,,,0,,0.0734
TCGA-QH-A6CX-01,,WT,,2154.97,-0.926,-0.02,0,0,,,,,0,,-0.8658
TCGA-QH-A6CY-01,,WT,,2591.99,-0.4136,-0.077,0,0,,,,,0,,-0.2786
TCGA-QH-A6CZ-01,,WT,,3316.86,0.4364,-0.098,0,0,,,,,0,,0.5058
TCGA-QH-A6X3-01,,WT,,4084.08,1.3361,0.038,0,0,,,,,0,,1.1677
TCGA-QH-A6X4-01,,WT,,2558.11,-0.4533,-0.108,0,0,,,,,-1,,-0.3204
TCGA-QH-A6X5-01,,WT,,2367.89,-0.6763,-0.05,0,0,,,,,0,,-0.5662
TCGA-QH-A6X8-01,,WT,,2951.46,0.008,-0.108,0,0,,,,,-1,,0.1345
TCGA-QH-A6X9-01,,WT,,3889.51,1.1079,0.023,0,0,,,,,0,,1.0124
TCGA-QH-A6XA-01,,WT,,3154.63,0.2462,0.013,0,0,,,,,0,,0.3463
TCGA-QH-A6XC-01,,WT,,1479.73,-1.7178,0.029,0,0,,,,,0,,-2.0613
TCGA-QH-A86X-01,,WT,,2814.44,-0.1527,-0.061,0,0,,,,,0,,-0.0167
TCGA-QH-A870-01,,WT,,3195.59,0.2942,-0.031,0,0,,,,,0,,0.3873
TCGA-QK-A64Z-01,,WT,,1695.54,-0.6901,0.001,0,0,,-0.6871,,,0,,-0.6713
TCGA-QK-A652-01,,WT,,1705.58,-0.6783,-0.004,0,0,,-0.6647,,,0,,-0.6574
TCGA-QK-A6IF-01,,WT,,2312.92,0.0383,-0.043,0,0,,0.491,,,0,,0.0578
TCGA-QK-A6IG-01,,WT,,1429.08,-1.0045,0.008,0,0,,-1.3357,,,0,,-1.0726
TCGA-QK-A6IH-01,,WT,,1053.87,-1.4472,-0.16,0,0,,-2.4909,,,-1,,-1.7875
TCGA-QK-A6II-01,,WT,,1478.1,-0.9467,0.072,0,0,,-1.2077,,,0,,-0.9935
TCGA-QK-A6IJ-01,,WT,,1028.21,-1.4775,0.021,0,0,,-2.5843,,,0,,-1.8454
TCGA-QK-A6V9-01,,WT,,5640.31,3.964,-0.05,0,0,,3.8739,,,0,,2.1513
TCGA-QK-A6VB-01,,WT,,3404.62,1.3263,0.043,0,0,,1.9581,,,0,,0.9657
TCGA-QK-A6VC-01,,WT,,2224.17,-0.0664,0.035,0,0,,0.3426,,,0,,-0.0341
TCGA-QK-A8Z7-01,,WT,,2512.83,0.2741,-0.024,0,0,,0.8056,,,0,,0.2525
TCGA-QK-A8Z8-01,,WT,,2587.15,0.3618,-0.155,0,0,,0.9162,,,-1,,0.3209
TCGA-QK-A8Z9-01,,WT,,1631.82,-0.7653,-0.051,0,0,,-0.8324,,,0,,-0.7612
TCGA-QK-A8ZA-01,,WT,,2590.59,0.3659,-0.276,0,0,,0.9212,,,-1,,0.324
TCGA-QK-A8ZB-01,,WT,,2705.73,0.5017,-0.102,0,0,,1.0862,,,-1,,0.4261
TCGA-QK-AA3J-01,,WT,,2522.36,0.2854,-0.145,0,0,,0.8199,,,-1,,0.2614
TCGA-QK-AA3K-01,,WT,,1419.9,-1.0153,0.029,0,0,,-1.3601,,,0,,-1.0878
TCGA-QL-A97D-01,,WT,,1884.74,-0.5732,0.0,0,0,,-0.8903,,,0,,-0.6061
TCGA-QM-A5NM-01,,WT,,1270.96,-0.8902,-0.128,0,0,,,,,-1,,-0.9582
TCGA-QN-A5NN-01,,WT,,1264.33,-0.9023,-0.104,0,0,,,,,-1,,-0.9738
TCGA-QQ-A5V2-01,,WT,,1125.14,-1.0759,-0.001,0,0,,,,,0,,-1.3073
TCGA-QQ-A5V9-01,,WT,,1423.95,-0.78,0.052,0,0,,,,,0,,-0.801
TCGA-QQ-A5VA-01,,WT,,2889.55,0.6714,-0.099,0,0,,,,,0,,0.7208
TCGA-QQ-A5VB-01,,WT,,2026.7,-0.1831,0.08,0,0,,,,,0,,-0.042
TCGA-QQ-A5VC-01,,WT,,1399.42,-0.8043,-0.189,0,0,,,,,-1,,-0.8383
TCGA-QQ-A5VD-01,,WT,,1150.25,-1.0511,-0.085,0,0,,,,,0,,-1.2599
TCGA-QQ-A8VB-01,,WT,,2399.57,0.1862,-0.248,0,0,,,,,-1,,0.3212
TCGA-QQ-A8VD-01,,WT,,1772.6,-0.4347,-0.001,0,0,,,,,0,,-0.3301
TCGA-QQ-A8VF-01,,R110*,,2279.62,0.0674,0.22,1,1,,,,,1,,0.2109
TCGA-QQ-A8VG-01,,WT,,2238.3,0.0264,-0.018,0,0,,,,,0,,0.1716
TCGA-QQ-A8VH-01,,WT,,2234.99,0.0232,-0.656,0,0,,,,,-1,,0.1684
TCGA-QR-A6GO-01,,WT,,1289.94,-1.012,-0.101,0,0,,,,,-1,,-1.0149
TCGA-QR-A6GR-01,,WT,,1515.52,-0.4145,-0.053,0,0,,,,,0,,-0.3623
TCGA-QR-A6GS-01,,WT,,1494.12,-0.4712,-0.073,0,0,,,,,0,,-0.4199
TCGA-QR-A6GT-01,,WT,,1940.03,0.71,-0.101,0,0,,,,,-1,,0.6377
TCGA-QR-A6GU-01,,WT,,2417.76,1.9754,-0.087,0,0,,,,,0,,1.5292
TCGA-QR-A6GW-01,,WT,,1210.68,-1.222,,0,0,,,,,NP,,-1.2716
TCGA-QR-A6GX-01,,WT,,2414.49,1.9668,0.142,0,0,,,,,1,,1.5237
TCGA-QR-A6GY-01,,WT,,2028.36,0.944,-0.079,0,0,,,,,0,,0.818
TCGA-QR-A6GZ-01,,WT,,1280.57,-1.0368,0.069,0,0,,,,,0,,-1.0444
TCGA-QR-A6H0-01,,WT,,1239.25,-1.1463,-0.038,0,0,,,,,0,,-1.1772
TCGA-QR-A6H1-01,,WT,,1249.44,-1.1193,-0.047,0,0,,,,,0,,-1.144
TCGA-QR-A6H2-01,,WT,,724.395,-2.5101,-0.156,0,0,,,,,-1,,-3.3504
TCGA-QR-A6H3-01,,WT,,843.579,-2.1944,-0.053,0,0,,,,,0,,-2.7341
TCGA-QR-A6H4-01,,WT,,1437.83,-0.6203,,0,0,,,,,NP,,-0.5754
TCGA-QR-A6H5-01,,WT,,1896.67,0.5951,-0.068,0,0,,,,,0,,0.5461
TCGA-QR-A6H6-01,,WT,,2518.24,2.2416,-0.121,0,0,,,,,-1,,1.6941
TCGA-QR-A6ZZ-01,,WT,,1368.84,-0.803,,0,0,,,,,NP,,-0.7745
TCGA-QR-A700-01,,WT,,1866.55,0.5153,-0.052,0,0,,,,,0,,0.4813
TCGA-QR-A702-01,,WT,,1485.07,-0.4951,-0.133,0,0,,,,,-1,,-0.4445
TCGA-QR-A703-01,,WT,,1741.16,0.1832,,0,0,,,,,NP,,0.1997
TCGA-QR-A705-01,,WT,,1593.68,-0.2075,,0,0,,,,,NP,,-0.1587
TCGA-QR-A706-01,,WT,,1718.05,0.122,-0.029,0,0,,,,,0,,0.1456
TCGA-QR-A707-01,,WT,,1517.55,-0.4091,,0,0,,,,,NP,,-0.3569
TCGA-QR-A708-01,,WT,,1599.27,-0.1926,,0,0,,,,,NP,,-0.1445
TCGA-QR-A70A-01,,WT,,1908.33,0.626,,0,0,,,,,NP,,0.5709
TCGA-QR-A70C-01,,WT,,1736.49,0.1708,-0.062,0,0,,,,,0,,0.1888
TCGA-QR-A70D-01,,WT,,2181.15,1.3487,-0.066,0,0,,,,,0,,1.1121
TCGA-QR-A70E-01,,WT,,2095.89,1.1228,-0.094,0,0,,,,,0,,0.9506
TCGA-QR-A70G-01,,WT,,2342.06,1.7749,-0.007,0,0,,,,,0,,1.4004
TCGA-QR-A70H-01,,WT,,1386.85,-0.7553,-0.135,0,0,,,,,-1,,-0.7216
TCGA-QR-A70I-01,,WT,,1951.95,0.7416,0.001,0,0,,,,,0,,0.6625
TCGA-QR-A70J-01,,WT,,1389.65,-0.7479,-0.075,0,0,,,,,0,,-0.7134
TCGA-QR-A70K-01,,WT,,1690.21,0.0482,-0.503,0,0,,,,,-1,,0.0794
TCGA-QR-A70M-01,,WT,,1206.16,-1.2339,,0,0,,,,,NP,,-1.2868
TCGA-QR-A70N-01,,WT,,1977.19,0.8084,0.058,0,0,,,,,0,,0.7145
TCGA-QR-A70O-01,,WT,,2075.98,1.0701,,0,0,,,,,NP,,0.912
TCGA-QR-A70P-01,,WT,,2622.18,2.5169,-0.053,0,0,,,,,0,,1.858
TCGA-QR-A70Q-01,,WT,,1911.33,0.634,,0,0,,,,,NP,,0.5773
TCGA-QR-A70R-01,,WT,,1646.45,-0.0677,-0.137,0,0,,,,,-1,,-0.0268
TCGA-QR-A70T-01,,WT,,1964.69,0.7753,,0,0,,,,,NP,,0.6888
TCGA-QR-A70U-01,,WT,,1397.21,-0.7279,,0,0,,,,,NP,,-0.6915
TCGA-QR-A70V-01,,WT,,2105.11,1.1473,,0,0,,,,,NP,,0.9684
TCGA-QR-A70W-01,,WT,,1799.96,0.339,-0.139,0,0,,,,,-1,,0.3342
TCGA-QR-A70X-01,,WT,,1626.6,-0.1203,0.001,0,0,,,,,0,,-0.0759
TCGA-QR-A7IN-01,,WT,,1868.8,0.5213,-0.125,0,0,,,,,-1,,0.4862
TCGA-QR-A7IP-01,,WT,,2240.37,1.5055,-0.163,0,0,,,,,-1,,1.2206
TCGA-QS-A5YQ-01,,E902*,,1163.53,-1.1996,-0.002,1,1,,-3.9836,,,0,,-1.273
TCGA-QS-A5YR-01,,WT,,1065.88,-1.3285,-0.004,0,0,,-4.3876,,,0,,-1.4934
TCGA-QS-A744-01,,WT,,1813.48,-0.3415,0.161,0,0,,-1.9379,,,1,,-0.1566
TCGA-QS-A8F1-01,,WT,,1380.5,-0.9131,0.578,0,0,,-3.1955,,,1,,-0.8429
TCGA-QT-A5XJ-01,,WT,,3736.66,5.469,-0.276,0,0,,,,,-1,,3.2926
TCGA-QT-A5XK-01,,WT,,1652.06,-0.0528,-0.169,0,0,,,,,-1,,-0.013
TCGA-QT-A5XL-01,,WT,,1596.79,-0.1992,-0.055,0,0,,,,,0,,-0.1508
TCGA-QT-A5XM-01,,WT,,1533.74,-0.3662,-0.055,0,0,,,,,0,,-0.314
TCGA-QT-A5XN-01,,WT,,1810.13,0.3659,-0.163,0,0,,,,,-1,,0.357
TCGA-QT-A5XO-01,,WT,,2460.22,2.0879,-0.126,0,0,,,,,-1,,1.5997
TCGA-QT-A5XP-01,,WT,,1251.27,-1.1145,-0.047,0,0,,,,,0,,-1.1381
TCGA-QT-A69Q-01,,WT,,2158.92,1.2898,-0.148,0,0,,,,,-1,,1.0706
TCGA-QT-A7U0-01,,WT,,2141.13,1.2427,0.007,0,0,,,,,0,,1.0371
TCGA-QU-A6IL-01,,WT,,1906.0999,-0.7409,-0.051,0,0,,-1.812,,,0,,-0.7229
TCGA-QU-A6IM-01,,WT,,1413.5705,-1.4212,-0.004,0,0,,-3.4577,,,0,,-1.7417
TCGA-QU-A6IN-01,,WT,,2202.5645,-0.3315,-0.038,0,0,,-1.016,,,0,,-0.2302
TCGA-QU-A6IO-01,,WT,,1284.8235,-1.599,0.012,0,0,,-3.9833,,,0,,-2.0671
TCGA-QU-A6IP-01,,WT,,3222.8592,1.0777,0.012,0,0,,1.08,,,0,,1.0673
TCGA-R2-A69V-01,,WT,,1590.3,-0.8493,0.227,0,0,,,,,1,,-0.8162
TCGA-R3-A69X-01,,R305*,,580.946,-1.4773,-0.028,1,1,,-3.894,,,0,,-1.5295
TCGA-R5-A7O7-01,,WT,,3345.8461,0.7839,0.192,0,0,,1.4485,,,1,,0.6343
TCGA-R5-A7ZE-01,,WT,,2935.8849,0.2782,0.005,0,0,,1.0321,,,0,,0.2514
TCGA-R5-A7ZF-01,,WT,,2569.0677,-0.1743,0.017,0,0,,0.6069,,,0,,-0.1394
TCGA-R5-A7ZI-01,,K1073E,,3045.7098,0.4136,0.082,1,1,,1.1491,,,0,,0.359
TCGA-R5-A7ZR-01,,WT,,2658.4064,-0.0641,-0.9,1,1,,0.7158,,,-2,,-0.0393
TCGA-R5-A804-01,,WT,,,,0.021,0,0,,,,,0,,
TCGA-R5-A805-01,,WT,,2347.3704,-0.4477,-0.057,0,0,,0.3194,,,0,,-0.4037
TCGA-R6-A6DN-01,,WT,,4038.8907,0.3026,0.108,0,0,,2.1095,,,1,,0.2328
TCGA-R6-A6DQ-01,,WT,,4812.8562,0.9077,0.0,0,0,,3.0396,,,0,,0.7193
TCGA-R6-A6KZ-01,,WT,,2279.9449,-1.0724,-0.305,0,0,,-0.9235,,,-1,,-1.3538
TCGA-R6-A6L4-01,,WT,,4185.1377,0.417,0.96,0,0,,2.2982,,,1,,0.3315
TCGA-R6-A6L6-01,,WT,,1805.3401,-1.4435,0.073,0,0,,-2.1614,,,0,,-2.0012
TCGA-R6-A6XG-01,,WT,,2312.4684,-1.047,0.034,0,0,,-0.8484,,,0,,-1.3145
TCGA-R6-A6XQ-01,,WT,,7129.882,2.7191,-0.022,0,0,,5.1245,,,0,,1.8099
TCGA-R6-A6Y0-01,,WT,,1973.9761,-1.3116,0.047,0,0,,-1.6878,,,0,,-1.7535
TCGA-R6-A6Y2-01,,WT,,3208.0479,-0.3469,-0.032,0,0,,0.8879,,,0,,-0.4063
TCGA-R6-A8W5-01,,WT,,4555.2435,0.7063,0.027,0,0,,2.7477,,,0,,0.5666
TCGA-R6-A8W8-01,,WT,,3665.3723,0.0106,0.192,0,0,,1.5948,,,1,,-0.0365
TCGA-R6-A8WC-01,,WT,,6203.3199,1.9947,-0.245,0,0,,4.386,,,-1,,1.4236
TCGA-R6-A8WG-01,,WT,,8817.1417,4.0381,0.379,0,0,,6.2514,,,1,,2.3993
TCGA-R8-A6MK-01,,WT,,3223.06,0.3264,-0.065,0,0,,,,,0,,0.4145
TCGA-R8-A6ML-01,,WT,,3146.68,0.2369,-0.09,0,0,,,,,0,,0.3382
TCGA-R8-A6MO-01,,WT,,2950.87,0.0073,-0.038,0,0,,,,,0,,0.1339
TCGA-R8-A6YH-01,,WT,,2307.76,-0.7468,0.19,0,0,,,,,1,,-0.648
TCGA-RA-A741-01,,WT,,1259.04,-1.2522,-0.037,0,0,,,,,0,,-1.4203
TCGA-RB-A7B8-01,,WT,,1387.69,-0.9548,0.048,0,0,,,,,0,,-0.9793
TCGA-RB-AA9M-01,,WT,,2096.14,0.3571,-0.032,0,0,,,,,0,,0.4207
TCGA-RC-A6M3-01,,WT,,973.172,-0.8786,0.013,0,0,,-1.5928,,,0,,-0.8268
TCGA-RC-A6M4-01,,WT,,1249.22,-0.3367,-0.156,0,0,,-0.5845,,,-1,,-0.2632
TCGA-RC-A6M5-01,,WT,,1203.05,-0.4273,-0.055,0,0,,-0.7366,,,0,,-0.3482
TCGA-RC-A6M6-01,,WT,,1149.73,-0.532,-0.032,0,0,,-0.9196,,,0,,-0.4505
TCGA-RC-A7S9-01,,WT,,1137.97,-0.5551,0.062,0,0,,-0.9611,,,0,,-0.4737
TCGA-RC-A7SB-01,,WT,,1126.61,-0.5774,-0.17,0,0,,-1.0017,,,-1,,-0.4964
TCGA-RC-A7SF-01,,WT,,1330.74,-0.1766,-0.007,0,0,,-0.3292,,,0,,-0.1206
TCGA-RC-A7SH-01,,WT,,780.758,-1.2563,-0.168,0,0,,-2.4822,,,-1,,-1.3238
TCGA-RC-A7SK-01,,WT,,788.449,-1.2412,-0.163,0,0,,-2.4426,,,-1,,-1.3017
TCGA-RD-A7BS-01,,WT,,2852.2339,0.175,0.001,0,0,,0.94,,,0,,0.1668
TCGA-RD-A7BT-01,,WT,,3455.4538,0.9191,0.152,0,0,,1.5512,,,1,,0.7287
TCGA-RD-A7BW-01,,WT,,3130.9223,0.5188,0.0,0,0,,1.237,,,0,,0.4398
TCGA-RD-A7C1-01,,WT,,3546.2713,1.0311,0.013,0,0,,1.6339,,,0,,0.8047
TCGA-RD-A8MV-01,,WT,,1975.186,-0.9068,0.093,0,0,,-0.2305,,,0,,-0.9093
TCGA-RD-A8MW-01,,WT,,3326.6939,0.7602,0.002,0,0,,1.4302,,,0,,0.6175
TCGA-RD-A8N0-01,,WT,,3318.6587,0.7503,0.01,0,0,,1.4225,,,0,,0.6104
TCGA-RD-A8N1-01,,WT,,2013.966,-0.859,0.029,0,0,,-0.1686,,,0,,-0.8523
TCGA-RD-A8N2-01,,WT,,3009.8254,0.3694,0.018,0,0,,1.1113,,,0,,0.3243
TCGA-RD-A8N4-01,,WT,,3018.5534,0.3802,0.013,0,0,,1.1206,,,0,,0.3328
TCGA-RD-A8N5-01,,WT,,2178.8481,-0.6556,0.038,0,0,,0.0821,,,0,,-0.6219
TCGA-RD-A8N6-01,,WT,,4261.1568,1.9129,0.384,0,0,,2.219,,,1,,1.3426
TCGA-RD-A8N9-01,,WT,,3767.8135,1.3044,0.02,0,0,,1.8269,,,0,,0.9822
TCGA-RD-A8NB-01,,WT,,3267.0762,0.6867,0.001,0,0,,1.3726,,,0,,0.5645
TCGA-RE-A7BO-01,,WT,,3488.8873,-0.1273,-0.011,0,0,,1.333,,,0,,-0.1734
TCGA-RG-A7D4-01,,WT,,1910.77,0.962,0.0,0,0,,1.132,,,0,,0.6961
TCGA-RL-AAAS-01,,WT,,1433.55,-0.8699,0.0,0,0,,,,,0,,-0.8689
TCGA-RM-A68T-01,,WT,,1836.85,0.4367,-0.097,0,0,,,,,0,,0.4163
TCGA-RM-A68W-01,,WT,,1376.85,-0.7818,0.001,0,0,,,,,0,,-0.7509
TCGA-RN-A68Q-01,,WT,,1807.36,-0.4003,0.007,0,0,,,,,0,,-0.2883
TCGA-RN-AAAQ-01,,WT,,1258.18,-0.9442,-0.138,0,0,,,,,-1,,-1.0671
TCGA-RP-A690-06,,WT,,2227.81,0.0609,0.01,0,0,,,,,0,,0.3352
TCGA-RP-A693-06,,WT,,1794.63,-0.4019,-0.07,0,0,,,,,0,,-0.0044
TCGA-RP-A694-06,,WT,,1741.34,-0.4589,-0.001,0,0,,,,,0,,-0.0517
TCGA-RP-A695-06,,WT,,1290.81,-0.9403,-0.121,0,0,,,,,-1,,-0.5218
TCGA-RP-A6K9-06,,WT,,1504.74,-0.7117,-0.425,0,0,,,,,-1,,-0.281
TCGA-RQ-A68N-01,,WT,,1147.35,-0.9993,-0.332,0,0,,,,,-1,,-0.9825
TCGA-RQ-A6JB-01,,WT,,2009.81,0.1518,-0.02,0,0,,,,,0,,0.3782
TCGA-RQ-AAAT-01,,WT,,1289.97,-0.809,-0.148,0,0,,,,,-1,,-0.6982
TCGA-RR-A6KA-01,,WT,,,,0.025,0,0,,,,,0,,
TCGA-RR-A6KB-01,,WT,,,,-0.024,0,0,,,,,0,,
TCGA-RR-A6KC-01,,WT,,,,-0.007,0,0,,,,,0,,
TCGA-RS-A6TO-01,,WT,,1391.2,-1.0492,0.117,0,0,,-1.4376,,,1,,-1.1357
TCGA-RS-A6TP-01,,WT,,2455.02,0.2059,-0.054,0,0,,0.7173,,,0,,0.1978
TCGA-RT-A6Y9-01,,H108Afs*2,,1829.92,0.4183,-0.074,1,1,,,,,0,,0.401
TCGA-RT-A6YA-01,,WT,,1319.7,-0.9332,-0.124,0,0,,,,,-1,,-0.9225
TCGA-RT-A6YC-01,,WT,,2010.21,0.8959,-0.015,0,0,,,,,0,,0.7816
TCGA-RU-A8FL-01,,WT,,1954.59,-0.5007,0.0,0,0,,-0.6686,,,0,,-0.5152
TCGA-RW-A67V-01,,WT,,1891.24,0.5807,-0.085,0,0,,,,,0,,0.5345
TCGA-RW-A67W-01,,WT,,1622.3,-0.1316,-0.093,0,0,,,,,0,,-0.0866
TCGA-RW-A67X-01,,WT,,925.389,-1.9777,-0.089,0,0,,,,,0,,-2.3594
TCGA-RW-A67Y-01,,WT,,2227.62,1.4718,-0.237,0,0,,,,,-1,,1.1975
TCGA-RW-A680-01,,WT,,1751.1,0.2095,-0.069,0,0,,,,,0,,0.2227
TCGA-RW-A681-01,,WT,,1981.74,0.8205,0.12,0,0,,,,,1,,0.7238
TCGA-RW-A684-01,,WT,,1380.4,-0.7724,-0.051,0,0,,,,,0,,-0.7405
TCGA-RW-A685-01,,WT,,1476.53,-0.5178,-0.044,0,0,,,,,0,,-0.4679
TCGA-RW-A686-01,,WT,,1991.1,0.8453,-0.042,0,0,,,,,0,,0.7429
TCGA-RW-A688-01,,WT,,1628.87,-0.1142,-0.034,0,0,,,,,0,,-0.0703
TCGA-RW-A689-01,,WT,,1515.75,-0.4139,-0.112,0,0,,,,,-1,,-0.3617
TCGA-RW-A68A-01,,WT,,1897.85,0.5983,-0.224,0,0,,,,,-1,,0.5486
TCGA-RW-A68B-01,,WT,,1722.23,0.1331,-0.045,0,0,,,,,0,,0.1554
TCGA-RW-A68C-01,,WT,,1452.34,-0.5818,-0.114,0,0,,,,,-1,,-0.5348
TCGA-RW-A68D-01,,WT,,1966.22,0.7794,0.028,0,0,,,,,0,,0.692
TCGA-RW-A68F-01,,WT,,1926.7,0.6747,-0.015,0,0,,,,,0,,0.6097
TCGA-RW-A68G-01,,WT,,2031.12,0.9513,-0.036,0,0,,,,,0,,0.8235
TCGA-RW-A7CZ-01,,WT,,1704.23,0.0854,-0.031,0,0,,,,,0,,0.1129
TCGA-RW-A7D0-01,,WT,,985.172,-1.8193,-0.048,0,0,,,,,0,,-2.106
TCGA-RW-A8AZ-01,,WT,,1511.81,-0.4243,-0.072,0,0,,,,,0,,-0.3723
TCGA-RX-A8JQ-01,,WT,,1927.2,0.676,0.011,0,0,,,,,0,,0.6108
TCGA-RY-A83X-01,,WT,,2792.51,-0.1784,-0.083,0,0,,,,,0,,-0.0416
TCGA-RY-A83Y-01,,WT,,1921.4,-1.1999,-0.055,0,0,,,,,0,,-1.2307
TCGA-RY-A83Z-01,,WT,,1964.12,-1.1498,-0.119,0,0,,,,,-1,,-1.1608
TCGA-RY-A840-01,,WT,,2320.25,-0.7322,-0.067,0,0,,,,,0,,-0.6308
TCGA-RY-A843-01,,WT,,3126.34,0.213,-0.003,0,0,,,,,0,,0.3176
TCGA-RY-A845-01,,WT,,2933.02,-0.0137,0.039,0,0,,,,,0,,0.1146
TCGA-RY-A847-01,,WT,,2839.38,-0.1235,-0.055,0,0,,,,,0,,0.0114
TCGA-RZ-AB0B-01,,WT,,1868.23,1.0351,-0.019,0,0,,,,,0,,0.9957
TCGA-S2-AA1A-01,,WT,,1805.72,-0.6663,0.244,0,0,,-1.55,,,1,,-0.6426
TCGA-S3-A6ZF-01,,WT,,4092.31,1.6049,0.252,0,0,,0.7657,,,1,,1.267
TCGA-S3-A6ZG-01,,WT,,3108.46,0.5313,0.067,0,0,,-0.2312,,,0,,0.5691
TCGA-S3-A6ZH-01,,WT,,3502.09,0.9608,-0.15,0,0,,0.2011,,,-1,,0.8717
TCGA-S3-AA0Z-01,,WT,,2431.65,-0.2072,0.139,0,0,,-1.1214,,,1,,-0.054
TCGA-S3-AA10-01,,WT,,2504.04,-0.1282,0.039,0,0,,-1.015,,,0,,0.0204
TCGA-S3-AA11-01,,WT,,1982.67,-0.6971,0.001,0,0,,-1.8613,,,0,,-0.572
TCGA-S3-AA12-01,,WT,,1971.1,-0.7098,-0.052,0,0,,-1.8825,,,0,,-0.5869
TCGA-S3-AA14-01,,WT,,2029.21,-0.6464,-0.137,0,0,,-1.7772,,,-1,,-0.5131
TCGA-S3-AA15-01,,WT,,1510.94,-1.2119,-0.008,0,0,,-2.846,,,0,,-1.2614
TCGA-S3-AA17-01,,WT,,1828.47,-0.8654,-0.039,0,0,,-2.1547,,,0,,-0.7774
TCGA-S4-A8RM-01,,WT,,2241.58,0.6265,-0.042,0,0,,,,,0,,0.6484
TCGA-S4-A8RO-01,,WT,,1519.42,-0.7108,0.595,0,0,,,,,1,,-0.6715
TCGA-S4-A8RP-01,,WT,,1652.2,-0.465,0.024,0,0,,,,,0,,-0.3871
TCGA-S5-A6DX-01,,WT,,1654.47,-0.2104,0.493,1,1,,-0.6997,,,2,,0.0373
TCGA-S5-AA26-01,,WT,,2211.6,0.4471,-0.132,0,0,,0.1866,,,-1,,0.472
TCGA-S6-A8JW-01,,WT,,2957.3,0.4911,0.023,0,0,,,,,0,,0.4854
TCGA-S6-A8JX-01,,WT,,2979.85,0.5155,-0.086,0,0,,,,,0,,0.5066
TCGA-S6-A8JY-01,,WT,,2551.11,0.0518,-0.13,0,0,,,,,-1,,0.072
TCGA-S7-A7WL-01,,WT,,1680.99,0.0238,-0.097,0,0,,,,,0,,0.0573
TCGA-S7-A7WM-01,,WT,,1434.53,-0.629,-0.085,0,0,,,,,0,,-0.5847
TCGA-S7-A7WN-01,,WT,,1114.21,-1.4775,-0.043,0,0,,,,,0,,-1.6078
TCGA-S7-A7WO-01,,WT,,1343.19,-0.871,-0.004,0,0,,,,,0,,-0.8511
TCGA-S7-A7WP-01,,WT,,1402.66,-0.7134,-0.09,0,0,,,,,0,,-0.6757
TCGA-S7-A7WQ-01,,WT,,1583.61,-0.2341,-0.153,0,0,,,,,-1,,-0.1844
TCGA-S7-A7WR-01,,WT,,1778.06,0.2809,-0.268,0,0,,,,,-1,,0.2846
TCGA-S7-A7WT-01,,WT,,1860.4,0.4991,-0.083,0,0,,,,,0,,0.4679
TCGA-S7-A7WU-01,,WT,,2186.49,1.3628,-0.05,0,0,,,,,0,,1.122
TCGA-S7-A7WV-01,,WT,,1212.76,-1.2165,0.0,0,0,,,,,0,,-1.2647
TCGA-S7-A7WW-01,,WT,,1481.7,-0.5041,0.053,0,0,,,,,0,,-0.4537
TCGA-S7-A7WX-01,,WT,,1414.58,-0.6819,-0.105,0,0,,,,,-1,,-0.6414
TCGA-S7-A7X0-01,,WT,,1657.76,-0.0377,-0.058,0,0,,,,,0,,0.0009
TCGA-S7-A7X1-01,,WT,,1434.21,-0.6299,-0.073,0,0,,,,,0,,-0.5856
TCGA-S7-A7X2-01,,WT,,1086.77,-1.5502,-0.088,0,0,,,,,0,,-1.7087
TCGA-S8-A6BV-01,,WT,,4341.3641,0.5391,0.207,0,0,,2.4926,,,1,,0.4332
TCGA-S8-A6BW-01,,WT,,3837.8657,0.1455,-0.035,0,0,,1.8387,,,0,,0.0911
TCGA-S9-A6TS-01,,WT,,2473.1,-0.553,0.466,0,0,,,,,1,,-0.4279
TCGA-S9-A6TU-01,,WT,,2357.65,-0.6883,0.08,0,0,,,,,0,,-0.58
TCGA-S9-A6TV-01,,WT,,2147.56,-0.9347,-0.119,0,0,,,,,-1,,-0.8768
TCGA-S9-A6TW-01,,WT,,2188.48,-0.8867,-0.065,0,0,,,,,0,,-0.8168
TCGA-S9-A6TX-01,,WT,,2437.53,-0.5947,-0.073,0,0,,,,,0,,-0.474
TCGA-S9-A6TY-01,,WT,,3438.67,0.5793,0.031,0,0,,,,,0,,0.6205
TCGA-S9-A6TZ-01,,WT,,4068.77,1.3181,-0.057,0,0,,,,,0,,1.1557
TCGA-S9-A6U0-01,,WT,,2044.8,-1.0552,-0.004,0,0,,,,,0,,-1.0327
TCGA-S9-A6U1-01,,WT,,3642.09,0.8178,0.056,0,0,,,,,0,,0.8033
TCGA-S9-A6U2-01,,WT,,3592.05,0.7591,-0.053,0,0,,,,,0,,0.7593
TCGA-S9-A6U5-01,,WT,,2675.11,-0.3161,-0.049,0,0,,,,,0,,-0.1782
TCGA-S9-A6U6-01,,WT,,2740.35,-0.2396,-0.01,0,0,,,,,0,,-0.1015
TCGA-S9-A6U8-01,,WT,,3372.72,0.5019,0.002,0,0,,,,,0,,0.5589
TCGA-S9-A6U9-01,,WT,,3104.1,0.1869,0.013,0,0,,,,,0,,0.2949
TCGA-S9-A6UA-01,,WT,,2053.9,-1.0445,0.001,0,0,,,,,0,,-1.0186
TCGA-S9-A6UB-01,,WT,,3967.55,1.1994,-0.099,0,0,,,,,0,,1.0756
TCGA-S9-A6WD-01,,WT,,3505.13,0.6572,-0.089,0,0,,,,,0,,0.6814
TCGA-S9-A6WE-01,,WT,,3099.15,0.1811,-0.059,0,0,,,,,0,,0.2898
TCGA-S9-A6WG-01,,WT,,2345.78,-0.7023,0.0,0,0,,,,,0,,-0.596
TCGA-S9-A6WH-01,,WT,,3277.06,0.3897,-0.035,0,0,,,,,0,,0.4674
TCGA-S9-A6WI-01,,WT,,1231.3,-2.0091,-0.012,0,0,,,,,0,,-2.6456
TCGA-S9-A6WL-01,,WT,,2751.58,-0.2264,-0.078,0,0,,,,,0,,-0.0885
TCGA-S9-A6WM-01,,WT,,2616.81,-0.3845,-0.062,0,0,,,,,0,,-0.2483
TCGA-S9-A6WN-01,,WT,,2648.38,-0.3474,-0.039,0,0,,,,,0,,-0.2101
TCGA-S9-A6WO-01,,WT,,3679.57,0.8617,0.052,0,0,,,,,0,,0.8359
TCGA-S9-A6WP-01,,WT,,2754.08,-0.2235,-0.106,0,0,,,,,-1,,-0.0856
TCGA-S9-A6WQ-01,,WT,,2403.94,-0.6341,-0.045,0,0,,,,,0,,-0.5181
TCGA-S9-A7IQ-01,,WT,,1212.39,-2.0313,0.0,0,0,,,,,0,,-2.6948
TCGA-S9-A7IS-01,,WT,,3599.97,0.7684,0.226,0,0,,,,,1,,0.7663
TCGA-S9-A7IX-01,,WT,,2305.75,-0.7492,-0.09,0,0,,,,,0,,-0.6508
TCGA-S9-A7IY-01,,WT,,2958.84,0.0166,-0.064,0,0,,,,,0,,0.1425
TCGA-S9-A7IZ-01,,WT,,2540.04,-0.4745,0.354,0,0,,,,,1,,-0.343
TCGA-S9-A7J0-01,,WT,,3291.05,0.4062,-0.045,0,0,,,,,0,,0.4809
TCGA-S9-A7J1-01,,WT,,3328.48,0.45,-0.055,0,0,,,,,0,,0.5169
TCGA-S9-A7J2-01,,WT,,3075.34,0.1532,-0.066,0,0,,,,,0,,0.2653
TCGA-S9-A7J3-01,,WT,,3234.23,0.3395,-0.058,0,0,,,,,0,,0.4255
TCGA-S9-A7QW-01,,WT,,1998.92,-1.109,-0.294,0,0,,,,,-1,,-1.1049
TCGA-S9-A7QX-01,,WT,,2985.52,0.0479,0.119,0,0,,,,,1,,0.171
TCGA-S9-A7QY-01,,WT,,2511.74,-0.5077,-0.061,0,0,,,,,0,,-0.3786
TCGA-S9-A7QZ-01,,WT,,3138.8,0.2276,-0.064,0,0,,,,,0,,0.3303
TCGA-S9-A7R1-01,,WT,,2942.4,-0.0027,-0.051,0,0,,,,,0,,0.1247
TCGA-S9-A7R2-01,,WT,,2476.24,-0.5493,-0.039,0,0,,,,,0,,-0.4239
TCGA-S9-A7R3-01,,WT,,3367.13,0.4954,-0.065,0,0,,,,,0,,0.5536
TCGA-S9-A7R4-01,,WT,,3865.91,1.0802,-0.016,0,0,,,,,0,,0.993
TCGA-S9-A7R7-01,,WT,,3179.49,0.2753,-0.068,0,0,,,,,0,,0.3712
TCGA-S9-A7R8-01,,WT,,3631.09,0.8049,-0.043,0,0,,,,,0,,0.7937
TCGA-S9-A89V-01,,WT,,2348.62,-0.6989,-0.16,0,0,,,,,-1,,-0.5922
TCGA-S9-A89Z-01,,WT,,2895.69,-0.0574,-0.105,0,0,,,,,-1,,0.0738
TCGA-SA-A6C2-01,,WT,,2545.52,2.3138,-0.003,0,0,,,,,0,,1.7378
TCGA-SB-A6J6-01,,WT,,2904.89,0.4344,-0.017,0,0,,,,,0,,0.4354
TCGA-SB-A76C-01,,WT,,2373.75,-0.1401,-0.073,0,0,,,,,0,,-0.1296
TCGA-SC-A6LM-01,,WT,,3016.77,3.0582,-0.073,0,0,,,,,0,,1.8366
TCGA-SC-A6LN-01,,R216L,,838.01,-1.6856,-0.184,1,1,,,,,-1,,-2.0677
TCGA-SC-A6LP-01,,WT,,926.578,-1.4927,0.033,0,0,,,,,0,,-1.7616
TCGA-SC-A6LQ-01,,WT,,1512.35,-0.2173,-0.013,0,0,,,,,0,,-0.2685
TCGA-SC-A6LR-01,,WT,,1146.99,-1.0128,0.213,0,0,,,,,1,,-1.1113
TCGA-SC-AA5Z-01,,WT,,1854.57,0.5278,0.109,0,0,,,,,1,,0.3533
TCGA-SG-A6Z4-01,,WT,,2950.12,0.7314,-0.035,0,0,,,,,0,,0.7654
TCGA-SG-A6Z7-01,,WT,,2212.91,0.0013,0.144,0,0,,,,,1,,0.147
TCGA-SG-A849-01,,WT,,1002.2,-1.1977,-0.213,0,0,,,,,-1,,-1.556
TCGA-SH-A7BC-01,,WT,,1948.93,0.7332,-0.014,0,0,,,,,0,,0.5046
TCGA-SH-A7BD-01,,WT,,775.701,-1.8212,-0.136,0,0,,,,,-1,,-2.3031
TCGA-SH-A7BH-01,,WT,,1315.15,-0.6467,-0.03,0,0,,,,,0,,-0.6944
TCGA-SH-A9CT-01,,WT,,2039.8,0.9311,-0.154,0,0,,,,,-1,,0.6435
TCGA-SH-A9CU-01,,WT,,1476.61,-0.2952,-0.103,0,0,,,,,-1,,-0.3414
TCGA-SI-A71O-01,,WT,,4129.61,1.8994,0.285,0,0,,,,,1,,1.4888
TCGA-SI-A71P-01,,WT,,2862.34,0.6444,-0.055,0,0,,,,,0,,0.7004
TCGA-SI-A71Q-01,,WT,,3320.0,1.0977,0.186,0,0,,,,,1,,1.0194
TCGA-SI-AA8B-01,,WT,,3689.77,1.4639,-0.453,0,0,,,,,-1,,1.2466
TCGA-SI-AA8C-01,,WT,,2751.2,0.5344,-0.217,0,0,,,,,-1,,0.6153
TCGA-SJ-A6ZI-01,,WT,,2512.44,0.5812,-0.018,0,0,,-0.4348,,,0,,0.6637
TCGA-SJ-A6ZJ-01,,WT,,1230.33,-1.1114,0.037,0,0,,-3.7263,,,0,,-1.1326
TCGA-SL-A6J9-01,,WT,,966.713,-1.4594,0.083,0,0,,-4.8376,,,0,,-1.739
TCGA-SL-A6JA-01,,WT,,2603.93,0.702,0.012,0,0,,-0.2699,,,0,,0.7537
TCGA-SN-A6IS-01,,WT,,2387.9,-0.1248,-0.035,0,0,,,,,0,,-0.1129
TCGA-SN-A84W-01,,WT,,2544.96,0.0451,-0.222,0,0,,,,,-1,,0.0653
TCGA-SN-A84X-01,,WT,,1717.72,-0.8497,0.265,0,0,,,,,1,,-1.0344
TCGA-SN-A84Y-01,,WT,,4678.82,2.3531,0.012,0,0,,,,,0,,1.769
TCGA-SO-A8JP-01,,WT,,2588.62,0.0923,0.049,0,0,,,,,0,,0.1129
TCGA-SP-A6QC-01,,WT,,974.638,-1.8472,-0.048,0,0,,,,,0,,-2.1496
TCGA-SP-A6QD-01,,WT,,1837.16,0.4375,-0.025,0,0,,,,,0,,0.417
TCGA-SP-A6QF-01,,WT,,1149.75,-1.3834,-0.083,0,0,,,,,0,,-1.4807
TCGA-SP-A6QG-01,,WT,,2453.06,2.0689,-0.175,0,0,,,,,-1,,1.5879
TCGA-SP-A6QH-01,,WT,,1627.78,-0.1171,,0,0,,,,,NP,,-0.073
TCGA-SP-A6QI-01,,WT,,1639.44,-0.0862,-0.08,0,0,,,,,0,,-0.0441
TCGA-SP-A6QJ-01,,WT,,1489.64,-0.483,-0.097,0,0,,,,,0,,-0.4321
TCGA-SP-A6QK-01,,WT,,1625.8,-0.1224,-0.081,0,0,,,,,0,,-0.0779
TCGA-SQ-A6I4-01,,WT,,1140.14,-1.4088,-0.067,0,0,,,,,0,,-1.5147
TCGA-SQ-A6I6-01,,WT,,2068.16,1.0494,-0.152,0,0,,,,,-1,,0.8967
TCGA-SR-A6MP-01,,WT,,1591.87,-0.2122,-0.085,0,0,,,,,0,,-0.1633
TCGA-SR-A6MQ-01,,WT,,1912.85,0.638,-0.152,0,0,,,,,-1,,0.5805
TCGA-SR-A6MR-01,,WT,,1367.37,-0.8069,,0,0,,,,,NP,,-0.7789
TCGA-SR-A6MS-01,,WT,,1172.15,-1.324,-0.01,0,0,,,,,0,,-1.4026
TCGA-SR-A6MT-01,,WT,,1669.28,-0.0072,0.314,0,0,,,,,1,,0.029
TCGA-SR-A6MU-01,,WT,,1397.93,-0.726,-0.069,0,0,,,,,0,,-0.6894
TCGA-SR-A6MV-01,,WT,,1430.24,-0.6404,-0.107,0,0,,,,,-1,,-0.5969
TCGA-SR-A6MX-01,,WT,,2410.54,1.9563,-0.223,0,0,,,,,-1,,1.5171
TCGA-SR-A6MY-01,,WT,,1424.2,-0.6564,-0.12,0,0,,,,,-1,,-0.614
TCGA-SR-A6MZ-01,,WT,,1349.15,-0.8552,0.024,0,0,,,,,0,,-0.8332
TCGA-SR-A6N0-01,,WT,,1694.32,0.0591,0.074,0,0,,,,,0,,0.0893
TCGA-SS-A7HO-01,,WT,,1957.38,-0.4978,-0.756,0,0,,-0.6599,,,-1,,-0.5116
TCGA-SU-A7E7-01,,WT,,2619.91,0.245,-0.016,0,0,,-0.0606,,,0,,0.3612
TCGA-SW-A7EA-01,,WT,,1905.9095,-0.9923,0.02,0,0,,-0.3442,,,0,,-1.0138
TCGA-SW-A7EB-01,,WT,,2252.9023,-0.5643,-0.001,0,0,,0.1886,,,0,,-0.524
TCGA-SX-A71R-01,,WT,,975.932,-0.9547,0.098,0,0,,-6.1758,,,0,,-0.8058
TCGA-SX-A71S-01,,WT,,2210.4,1.0828,0.063,0,0,,-0.0621,,,0,,1.0108
TCGA-SX-A71U-01,,WT,,1417.85,-0.2253,0.126,0,0,,-3.3831,,,1,,0.024
TCGA-SX-A71V-01,,WT,,1327.98,-0.3737,0.178,0,0,,-3.8727,,,1,,-0.1215
TCGA-SX-A7SL-01,,WT,,1049.78,-0.8328,-0.038,0,0,,-5.6304,,,0,,-0.6438
TCGA-SX-A7SM-01,,WT,,1513.54,-0.0674,0.003,0,0,,-2.8947,,,0,,0.1691
TCGA-SX-A7SN-01,,WT,,1363.98,-0.3142,0.125,0,0,,-3.6727,,,1,,-0.0621
TCGA-SX-A7SO-01,,WT,,2169.45,1.0152,-0.053,0,0,,-0.2019,,,0,,0.9693
TCGA-SX-A7SP-01,,WT,,1726.59,0.2843,0.115,0,0,,-1.9097,,,1,,0.4618
TCGA-SX-A7SQ-01,,WT,,1470.54,-0.1384,0.273,0,0,,-3.1102,,,1,,0.1051
TCGA-SX-A7SR-01,,WT,,1414.65,-0.2306,0.15,0,0,,-3.4,,,1,,0.019
TCGA-SX-A7SS-01,,WT,,1127.55,-0.7045,0.231,0,0,,-5.0961,,,1,,-0.485
TCGA-SX-A7SU-01,,WT,,1204.51,-0.5775,0.076,0,0,,-4.6024,,,0,,-0.3383
TCGA-SY-A9G0-01,,WT,,1581.24,-0.2968,-0.004,0,0,,-0.8379,,,0,,-0.0305
TCGA-SY-A9G5-01,,WT,,1516.91,-0.3728,-0.031,0,0,,-0.9647,,,0,,-0.0927
TCGA-T2-A6WX-01,,WT,,1160.12,-1.3218,0.039,0,0,,-2.1266,,,0,,-1.5621
TCGA-T2-A6WZ-01,,WT,,960.806,-1.557,0.178,0,0,,-2.8415,,,1,,-2.0045
TCGA-T2-A6X0-01,,WT,,2208.49,-0.0849,-0.058,0,0,,0.3157,,,0,,-0.0507
TCGA-T2-A6X2-01,,WT,,1531.47,-0.8837,0.064,0,0,,-1.0732,,,0,,-0.9102
TCGA-T3-A92M-01,,WT,,1980.63,-0.3538,0.187,0,0,,-0.0975,,,1,,-0.3064
TCGA-T3-A92N-01,,WT,,2199.13,-0.096,0.339,0,0,,0.2996,,,1,,-0.0607
TCGA-T7-A92I-01,,WT,,2042.78,-0.5736,-0.035,0,0,,-2.6768,,,0,,-0.4119
TCGA-T9-A92H-01,,WT,,2739.59,0.3136,-0.149,0,0,,1.3883,,,-1,,0.3281
TCGA-TK-A8OK-01,,WT,,2633.75,0.2641,-0.024,0,0,,-0.0316,,,0,,0.3792
TCGA-TM-A7C3-01,,R1195H,,3113.12,0.1975,-0.011,1,1,,,,,0,,0.3041
TCGA-TM-A7C4-01,,WT,,2471.53,-0.5548,-0.023,0,0,,,,,0,,-0.4299
TCGA-TM-A7C5-01,,WT,,3076.12,0.1541,-0.143,0,0,,,,,-1,,0.2661
TCGA-TM-A7CA-01,,WT,,3231.68,0.3365,0.014,0,0,,,,,0,,0.423
TCGA-TM-A7CF-01,,WT,,2593.9,-0.4113,0.018,0,0,,,,,0,,-0.2762
TCGA-TM-A84B-01,,WT,,2940.25,-0.0052,-0.053,0,0,,,,,0,,0.1224
TCGA-TM-A84C-01,,WT,,2552.37,-0.46,0.0,0,0,,,,,0,,-0.3276
TCGA-TM-A84F-01,,WT,,2168.33,-0.9103,-0.001,0,0,,,,,0,,-0.8462
TCGA-TM-A84G-01,,WT,,3731.34,0.9224,-0.066,0,0,,,,,0,,0.8803
TCGA-TM-A84H-01,,WT,,2969.53,0.0291,0.498,0,0,,,,,1,,0.1539
TCGA-TM-A84I-01,,WT,,4416.28,1.7256,-0.115,0,0,,,,,-1,,1.4164
TCGA-TM-A84J-01,,WT,,2453.9,-0.5755,-0.059,0,0,,,,,0,,-0.4527
TCGA-TM-A84L-01,,WT,,2905.02,-0.0465,-0.03,0,0,,,,,0,,0.0841
TCGA-TM-A84M-01,,WT,,3776.58,0.9755,-0.04,0,0,,,,,0,,0.9187
TCGA-TM-A84O-01,,WT,,3004.1,0.0697,-0.046,0,0,,,,,0,,0.1907
TCGA-TM-A84Q-01,,WT,,2677.79,-0.313,0.002,0,0,,,,,0,,-0.175
TCGA-TM-A84R-01,,WT,,1747.14,-1.4042,-0.047,0,0,,,,,0,,-1.533
TCGA-TM-A84S-01,,WT,,3339.0,0.4624,-0.083,0,0,,,,,0,,0.5269
TCGA-TM-A84T-01,,WT,,3280.02,0.3932,0.015,0,0,,,,,0,,0.4702
TCGA-TN-A7HI-01,,WT,,2140.05,-0.1657,0.339,0,0,,0.1963,,,1,,-0.1246
TCGA-TN-A7HJ-01,,WT,,2882.48,0.7102,0.493,0,0,,1.3264,,,1,,0.5747
TCGA-TN-A7HL-01,,WT,,1144.46,-1.3403,-0.02,0,0,,-2.1781,,,0,,-1.594
TCGA-TP-A8TT-01,,WT,,2447.28,0.0065,-0.046,0,0,,-0.4359,,,0,,0.1289
TCGA-TP-A8TV-01,,WT,,1655.84,-1.0866,-0.12,0,0,,-2.5869,,,-1,,-1.2026
TCGA-TQ-A7RF-01,,WT,,3030.23,0.1003,-0.067,0,0,,,,,0,,0.2183
TCGA-TQ-A7RG-01,,WT,,3173.04,0.2678,-0.048,0,0,,,,,0,,0.3648
TCGA-TQ-A7RH-01,,WT,,2825.01,-0.1403,-0.023,0,0,,,,,0,,-0.0048
TCGA-TQ-A7RI-01,,WT,,2626.2,-0.3734,-0.038,0,0,,,,,0,,-0.2369
TCGA-TQ-A7RJ-01,,WT,,3247.03,0.3545,0.118,0,0,,,,,1,,0.4381
TCGA-TQ-A7RK-01,,WT,,2782.21,-0.1905,0.191,0,0,,,,,1,,-0.0533
TCGA-TQ-A7RM-01,,WT,,5052.94,2.4721,-0.043,0,0,,,,,0,,1.8448
TCGA-TQ-A7RN-01,,WT,,3352.99,0.4788,-0.046,0,0,,,,,0,,0.5402
TCGA-TQ-A7RO-01,,WT,,3023.53,0.0925,-0.088,0,0,,,,,0,,0.2112
TCGA-TQ-A7RP-01,,WT,,2233.82,-0.8335,-0.008,0,0,,,,,0,,-0.7515
TCGA-TQ-A7RQ-01,,WT,,3649.46,0.8264,-0.009,0,0,,,,,0,,0.8097
TCGA-TQ-A7RR-01,,WT,,2749.22,-0.2292,0.109,1,1,,,,,2,,-0.0913
TCGA-TQ-A7RS-01,,WT,,2931.56,-0.0154,-0.055,0,0,,,,,0,,0.113
TCGA-TQ-A7RU-01,,WT,,2802.95,-0.1662,-0.091,0,0,,,,,0,,-0.0297
TCGA-TQ-A7RV-01,,WT,,2779.19,-0.1941,0.104,0,0,,,,,1,,-0.0568
TCGA-TQ-A7RW-01,,WT,,3887.72,1.1058,-0.123,0,0,,,,,-1,,1.0109
TCGA-TQ-A8XE-01,,WT,,2654.1,-0.3407,0.444,1,1,,,,,2,,-0.2033
TCGA-TS-A7OU-01,,WT,,1277.05,-0.7297,0.001,0,0,,,,,0,,-0.784
TCGA-TS-A7OY-01,,WT,,1250.09,-0.7883,-0.044,0,0,,,,,0,,-0.849
TCGA-TS-A7OZ-01,,WT,,1468.41,-0.313,-0.128,0,0,,,,,-1,,-0.3584
TCGA-TS-A7P0-01,,WT,,1500.68,-0.2427,-0.046,0,0,,,,,0,,-0.2922
TCGA-TS-A7P1-01,,WT,,1953.27,0.7427,-0.153,0,0,,,,,-1,,0.5113
TCGA-TS-A7P3-01,,WT,,2154.33,1.1804,-0.04,0,0,,,,,0,,0.81
TCGA-TS-A7P6-01,,WT,,916.716,-1.5142,-0.055,0,0,,,,,0,,-1.7942
TCGA-TS-A7P7-01,,WT,,2246.41,1.3809,-0.122,0,0,,,,,-1,,0.9376
TCGA-TS-A7P8-01,,WT,,1773.47,0.3512,-0.024,0,0,,,,,0,,0.217
TCGA-TS-A7PB-01,,WT,,1172.2,-0.9579,-0.07,0,0,,,,,0,,-1.0451
TCGA-TS-A8AF-01,,WT,,1543.67,-0.1491,-0.425,0,0,,,,,-1,,-0.2061
TCGA-TS-A8AI-01,,WT,,1825.5,0.4645,-0.158,0,0,,,,,-1,,0.3051
TCGA-TS-A8AS-01,,WT,,1561.05,-0.1113,-0.056,0,0,,,,,0,,-0.1719
TCGA-TS-A8AV-01,,WT,,1380.35,-0.5047,-0.009,0,0,,,,,0,,-0.5469
TCGA-TS-A8AY-01,,WT,,1700.37,0.192,-0.164,0,0,,,,,-1,,0.0886
TCGA-TT-A6YJ-01,,WT,,2161.5,1.2966,-0.15,0,0,,,,,-1,,1.0755
TCGA-TT-A6YK-01,,WT,,1838.91,0.4421,-0.076,0,0,,,,,0,,0.4209
TCGA-TT-A6YN-01,,WT,,2183.9,1.356,-0.101,0,0,,,,,-1,,1.1172
TCGA-TT-A6YO-01,,WT,,1006.45,-1.7629,0.005,0,0,,,,,0,,-2.0195
TCGA-TT-A6YP-01,,WT,,1597.84,-0.1964,-0.091,0,0,,,,,0,,-0.1482
TCGA-UB-A7MA-01,,WT,,1557.29,0.2681,0.04,0,0,,0.3058,,,0,,0.2343
TCGA-UB-A7MB-01,,WT,,2207.4,1.5443,0.046,0,0,,1.715,,,0,,1.0219
TCGA-UB-A7MC-01,,WT,,3143.03,3.3811,-0.1,0,0,,3.1427,,,0,,1.8197
TCGA-UB-A7MD-01,,WT,,1128.96,-0.5728,0.013,0,0,,-0.9932,,,0,,-0.4917
TCGA-UB-A7ME-01,,WT,,1484.19,0.1246,0.109,0,0,,0.1116,,,1,,0.1258
TCGA-UB-A7MF-01,,WT,,1023.18,-0.7804,-0.11,0,0,,-1.3905,,,-1,,-0.7137
TCGA-UB-AA0U-01,,WT,,1308.29,-0.2207,0.024,0,0,,-0.3979,,,0,,-0.159
TCGA-UB-AA0V-01,,WT,,1686.82,0.5224,0.004,0,0,,0.6285,,,0,,0.4147
TCGA-UC-A7PD-01,,WT,,1751.01,-0.6539,-0.028,0,0,,,,,0,,-0.5671
TCGA-UC-A7PF-01,,WT,,4109.38,2.2142,0.019,0,0,,,,,0,,1.6401
TCGA-UC-A7PG-01,,WT,,2468.2,0.2183,0.0,0,0,,,,,0,,0.321
TCGA-UC-A7PI-01,,WT,,1989.25,-0.3642,-0.177,0,0,,,,,-1,,-0.2371
TCGA-UD-AABY-01,,WT,,1959.03,0.7552,-0.058,0,0,,,,,0,,0.5203
TCGA-UD-AABZ-01,,WT,,1754.1,0.309,-0.13,0,0,,,,,-1,,0.1835
TCGA-UD-AAC1-01,,WT,,1638.23,0.0567,0.129,0,0,,,,,1,,-0.0248
TCGA-UD-AAC4-01,,WT,,1566.31,-0.0999,-0.029,0,0,,,,,0,,-0.1617
TCGA-UD-AAC5-01,,WT,,1981.4,0.8039,-0.032,0,0,,,,,0,,0.5549
TCGA-UD-AAC6-01,,WT,,1570.09,-0.0916,-0.203,0,0,,,,,-1,,-0.1543
TCGA-UD-AAC7-01,,WT,,1667.94,0.1214,-0.114,0,0,,,,,-1,,0.0299
TCGA-UE-A6QT-01,,WT,,1894.5,-0.314,0.057,0,0,,,,,0,,-0.1871
TCGA-UE-A6QU-01,,WT,,1534.09,-0.6709,-0.112,0,0,,,,,-1,,-0.6408
TCGA-UF-A718-01,,WT,,2099.32,-0.2137,-0.065,0,0,,0.1234,,,0,,-0.1697
TCGA-UF-A719-01,,WT,,3517.3,1.4592,0.342,0,0,,2.0817,,,1,,1.0422
TCGA-UF-A71A-01,,WT,,1987.15,-0.3461,-0.015,0,0,,-0.085,,,0,,-0.2987
TCGA-UF-A71B-01,,WT,,3130.78,1.0032,0.552,0,0,,1.6399,,,1,,0.7688
TCGA-UF-A71D-01,,WT,,2567.03,0.3381,-0.092,0,0,,0.8866,,,0,,0.3026
TCGA-UF-A71E-01,,WT,,2230.18,-0.0594,0.45,0,0,,0.3528,,,1,,-0.0277
TCGA-UF-A7J9-01,,WT,,2521.6,0.2845,0.0,0,0,,0.8188,,,0,,0.2606
TCGA-UF-A7JA-01,,WT,,978.0,-1.5367,-0.232,0,0,,-2.7742,,,-1,,-1.9628
TCGA-UF-A7JC-01,,WT,,2084.05,-0.2318,-0.097,0,0,,0.0957,,,0,,-0.1869
TCGA-UF-A7JD-01,,WT,,2157.55,-0.145,0.243,0,0,,0.2272,,,1,,-0.1055
TCGA-UF-A7JF-01,,WT,,845.794,-1.6927,0.021,0,0,,-3.3249,,,0,,-2.3036
TCGA-UF-A7JH-01,,WT,,1634.98,-0.7616,0.36,0,0,,-0.8251,,,1,,-0.7566
TCGA-UF-A7JJ-01,,WT,,1898.57,-0.4506,-0.001,0,0,,-0.258,,,0,,-0.4057
TCGA-UF-A7JK-01,,WT,,2492.5,0.2501,0.049,0,0,,0.7748,,,0,,0.2334
TCGA-UF-A7JO-01,,WT,,1430.83,-1.0024,0.265,0,0,,-1.331,,,1,,-1.0698
TCGA-UF-A7JS-01,,WT,,1044.84,-1.4578,0.39,0,0,,-2.5235,,,1,,-1.8077
TCGA-UF-A7JT-01,,WT,,1891.77,-0.4586,0.493,0,0,,-0.2716,,,1,,-0.4141
TCGA-UF-A7JV-01,,WT,,1696.05,-0.6895,0.034,0,0,,-0.6859,,,0,,-0.6706
TCGA-UL-AAZ6-01,,WT,,1456.37,-1.2714,-0.015,0,0,,-2.9793,,,0,,-1.3547
TCGA-UN-AAZ9-01,,WT,,2059.11,0.8331,-0.461,0,0,,-0.5924,,,-1,,0.8533
TCGA-UP-A6WW-01,,WT,,1318.23,-1.1353,-0.226,0,0,,-1.642,,,-1,,-1.2622
TCGA-US-A774-01,,WT,,1669.05,-0.4338,0.041,0,0,,,,,0,,-0.3527
TCGA-US-A776-01,,WT,,1681.04,-0.4116,-0.218,0,0,,,,,-1,,-0.3284
TCGA-US-A779-01,,WT,,1332.04,-1.0578,-0.075,0,0,,,,,0,,-1.1182
TCGA-US-A77E-01,,WT,,1684.72,-0.4047,0.025,0,0,,,,,0,,-0.321
TCGA-US-A77G-01,,WT,,1906.89,0.0067,-0.04,0,0,,,,,0,,0.0995
TCGA-US-A77J-01,,NP,,1243.0,-1.2227,0.004,0,0,NP,,,,0,,-1.353
TCGA-UT-A88C-01,,WT,,2183.29,1.2435,0.073,0,0,,,,,0,,0.8507
TCGA-UT-A88D-01,,WT,,2512.06,1.9593,-0.018,0,0,,,,,0,,1.2784
TCGA-UT-A88E-01,,WT,,1874.33,0.5708,-0.033,0,0,,,,,0,,0.3856
TCGA-UT-A88G-01,,WT,,3649.33,4.4354,0.608,0,0,,,,,1,,2.4171
TCGA-UT-A97Y-01,,WT,,1515.87,-0.2097,-0.043,0,0,,,,,0,,-0.2615
TCGA-UU-A93S-01,,WT,,1038.35,-1.7276,0.087,0,0,,-4.2052,,,0,,-2.2129
TCGA-UY-A78K-01,,WT,,1384.05,-0.5295,-0.013,0,0,,-1.2446,,,0,,-0.23
TCGA-UY-A78L-01,,WT,,2246.55,0.4883,0.049,0,0,,0.2345,,,0,,0.4955
TCGA-UY-A78M-01,,D381N S377C,,906.622,-1.093,0.242,1,1,,-2.536,,,1,,-0.8634
TCGA-UY-A78N-01,,WT,,2729.9,1.0587,0.0,0,0,,0.8297,,,0,,0.7874
TCGA-UY-A78O-01,,WT,,1850.26,0.0206,-0.362,0,0,,-0.3582,,,-1,,0.2048
TCGA-UY-A78P-01,,WT,,1591.54,-0.2847,-0.112,0,0,,-0.8181,,,-1,,-0.0208
TCGA-UY-A8OB-01,,WT,,1389.55,-0.5231,0.158,0,0,,-1.2325,,,1,,-0.2241
TCGA-UY-A8OC-01,,WT,,2286.53,0.5355,0.838,0,0,,0.2884,,,1,,0.5219
TCGA-UY-A8OD-01,,WT,,1522.52,-0.3661,-0.102,0,0,,-0.9535,,,-1,,-0.0872
TCGA-UY-A9PA-01,,WT,,1987.07,0.1821,-0.019,0,0,,-0.1403,,,0,,0.3116
TCGA-UY-A9PB-01,,WT,,1707.12,-0.1483,0.005,0,0,,-0.604,,,0,,0.0842
TCGA-UY-A9PD-01,,WT,,1626.59,-0.2433,-0.341,0,0,,-0.7516,,,-1,,0.0118
TCGA-UY-A9PE-01,,WT,,1462.51,-0.437,0.005,0,0,,-1.0763,,,0,,-0.1474
TCGA-UY-A9PF-01,,WT,,1103.64,-0.8605,-0.579,0,0,,-1.9358,,,-1,,-0.569
TCGA-UY-A9PH-01,,WT,,1540.98,-0.3444,0.066,0,0,,-0.9167,,,0,,-0.0692
TCGA-UZ-A9PJ-01,,WT,,1907.56,0.583,0.063,0,0,,-1.1642,,,0,,0.6833
TCGA-UZ-A9PK-01,,WT,,1221.55,-0.5493,0.14,0,0,,-4.4974,,,1,,-0.3071
TCGA-UZ-A9PL-01,,WT,,822.528,-1.2079,0.085,0,0,,-7.4541,,,0,,-1.1857
TCGA-UZ-A9PM-01,,WT,,700.886,-1.4087,0.08,0,0,,-8.6501,,,0,,-1.5411
TCGA-UZ-A9PN-01,,WT,,1419.55,-0.2225,-0.002,0,0,,-3.3741,,,0,,0.0267
TCGA-UZ-A9PO-01,,WT,,1255.67,-0.493,0.128,0,0,,-4.2914,,,1,,-0.2459
TCGA-UZ-A9PP-01,,WT,,1590.91,0.0603,0.071,0,0,,-2.5218,,,0,,0.2799
TCGA-UZ-A9PQ-01,,WT,,2651.12,1.8103,-0.206,0,0,,1.2979,,,-1,,1.415
TCGA-UZ-A9PR-01,,WT,,2067.29,0.8466,0.073,0,0,,-0.5627,,,0,,0.8621
TCGA-UZ-A9PS-01,,WT,,1757.92,0.336,0.069,0,0,,-1.7752,,,0,,0.5018
TCGA-UZ-A9PU-01,,WT,,1756.77,0.3341,0.124,0,0,,-1.7801,,,1,,0.5003
TCGA-UZ-A9PV-01,,WT,,1222.92,-0.5471,0.181,0,0,,-4.489,,,1,,-0.3046
TCGA-UZ-A9PX-01,,WT,,1564.83,0.0173,0.154,0,0,,-2.6454,,,1,,0.2432
TCGA-UZ-A9PZ-01,,WT,,1077.18,-0.7876,0.148,0,0,,-5.4378,,,1,,-0.5866
TCGA-UZ-A9Q0-01,,WT,,1088.21,-0.7694,0.128,0,0,,-5.3616,,,1,,-0.5639
TCGA-UZ-A9Q1-01,,WT,,1783.54,0.3783,0.137,0,0,,-1.667,,,1,,0.5339
TCGA-V1-A8MF-01,,WT,,1673.79,-1.0618,0.022,0,0,,-2.5275,,,0,,-1.1659
TCGA-V1-A8MG-01,,WT,,2113.48,-0.4545,0.011,0,0,,-1.2433,,,0,,-0.3709
TCGA-V1-A8MJ-01,,WT,,2129.85,-0.4319,-0.002,0,0,,-1.2008,,,0,,-0.3446
TCGA-V1-A8MK-01,,WT,,1807.69,-0.8768,-0.011,0,0,,-2.1038,,,0,,-0.9036
TCGA-V1-A8ML-01,,WT,,1893.81,-0.7579,-0.006,0,0,,-1.8476,,,0,,-0.745
TCGA-V1-A8MM-01,,WT,,1695.78,-1.0314,-0.066,0,0,,-2.4556,,,0,,-1.1214
TCGA-V1-A8MU-01,,WT,,1854.77,-0.8118,-0.031,0,0,,-1.9622,,,0,,-0.816
TCGA-V1-A8WL-01,,WT,,1906.25,-0.7407,-0.022,0,0,,-1.8115,,,0,,-0.7227
TCGA-V1-A8WN-01,,WT,,2718.5,0.3811,-0.003,0,0,,0.1428,,,0,,0.4872
TCGA-V1-A8WS-01,,WT,,2533.57,0.1257,-0.055,0,0,,-0.2451,,,0,,0.247
TCGA-V1-A8WV-01,,WT,,2165.79,-0.3822,-0.007,0,0,,-1.1087,,,0,,-0.2876
TCGA-V1-A8WW-01,,WT,,1662.83,-1.0769,-0.043,0,0,,-2.5637,,,0,,-1.1883
TCGA-V1-A8X3-01,,WT,,2235.17,-0.2864,-0.03,0,0,,-0.9351,,,0,,-0.1801
TCGA-V1-A9O5-01,,WT,,2686.79,0.3373,0.132,0,0,,0.0782,,,1,,0.4472
TCGA-V1-A9O7-01,,WT,,2002.54,-0.6077,0.017,0,0,,-1.5402,,,0,,-0.5547
TCGA-V1-A9O9-01,,WT,,3609.6,1.6119,0.467,1,1,,1.7041,,,2,,1.4537
TCGA-V1-A9OA-01,,WT,,2451.66,0.0126,-0.038,0,0,,-0.426,,,0,,0.135
TCGA-V1-A9OF-01,,WT,,2535.61,0.1285,-0.023,0,0,,-0.2407,,,0,,0.2498
TCGA-V1-A9OH-01,,WT,,2411.27,-0.0432,0.006,0,0,,-0.5175,,,0,,0.0784
TCGA-V1-A9OL-01,,WT,,2014.81,-0.5908,-0.092,0,0,,-1.5066,,,0,,-0.5339
TCGA-V1-A9OQ-01,,WT,,1632.6,-1.1187,-0.043,0,0,,-2.6647,,,0,,-1.2508
TCGA-V1-A9OT-01,,WT,,1930.19,-0.7077,-0.05,0,0,,-1.7428,,,0,,-0.6801
TCGA-V1-A9OX-01,,WT,,1479.87,-1.3296,-0.008,0,0,,-3.2054,,,0,,-1.5855
TCGA-V1-A9OY-01,,WT,,2032.89,-0.5658,-0.012,0,0,,-1.4574,,,0,,-0.5034
TCGA-V1-A9Z7-01,,WT,,2846.72,0.5582,0.027,0,0,,0.3966,,,0,,0.6443
TCGA-V1-A9Z8-01,,WT,,1901.57,-0.7472,0.011,0,0,,-1.8251,,,0,,-0.731
TCGA-V1-A9Z9-01,,WT,,1699.01,-1.0269,-0.048,0,0,,-2.4452,,,0,,-1.1149
TCGA-V1-A9ZG-01,,WT,,2726.34,0.392,-0.001,0,0,,0.1587,,,0,,0.497
TCGA-V1-A9ZI-01,,WT,,1730.5,-0.9835,-0.014,0,0,,-2.3441,,,0,,-1.0523
TCGA-V1-A9ZK-01,,WT,,2351.54,-0.1257,0.002,0,0,,-0.6556,,,0,,-0.0071
TCGA-V1-A9ZR-01,,WT,,2219.71,-0.3078,-0.041,0,0,,-0.9733,,,0,,-0.2038
TCGA-V3-A9ZX-01,,WT,,1567.67,0.5198,-0.049,0,0,,,,,0,,0.684
TCGA-V3-A9ZY-01,,WT,,578.832,-1.1755,0.038,0,0,,,,,0,,-1.086
TCGA-V4-A9E5-01,,WT,,729.794,-0.9167,0.195,0,0,,,,,1,,-0.6745
TCGA-V4-A9E7-01,,WT,,991.819,-0.4675,-0.237,0,0,,,,,-1,,-0.1296
TCGA-V4-A9E8-01,,WT,,466.634,-1.3678,0.096,0,0,,,,,0,,-1.4685
TCGA-V4-A9E9-01,,WT,,460.364,-1.3786,0.024,0,0,,,,,0,,-1.4925
TCGA-V4-A9EA-01,,WT,,369.909,-1.5337,0.0,0,0,,,,,0,,-1.8806
TCGA-V4-A9EC-01,,WT,,1025.66,-0.4094,0.001,0,0,,,,,0,,-0.07
TCGA-V4-A9ED-01,,WT,,914.201,-0.6005,-0.086,0,0,,,,,0,,-0.2743
TCGA-V4-A9EE-01,,WT,,1985.29,1.2358,-0.087,0,0,,,,,0,,1.1037
TCGA-V4-A9EF-01,,WT,,1053.04,-0.3625,-0.037,0,0,,,,,0,,-0.0232
TCGA-V4-A9EH-01,,WT,,827.011,-0.75,0.032,0,0,,,,,0,,-0.4524
TCGA-V4-A9EI-01,,WT,,1190.82,-0.1263,-0.017,0,0,,,,,0,,0.1953
TCGA-V4-A9EJ-01,,WT,,1185.4,-0.1356,-0.048,0,0,,,,,0,,0.1872
TCGA-V4-A9EK-01,,WT,,1888.95,1.0706,0.149,0,0,,,,,1,,1.0153
TCGA-V4-A9EL-01,,WT,,1354.38,0.1541,-0.076,0,0,,,,,0,,0.424
TCGA-V4-A9EM-01,,WT,,628.577,-1.0902,0.134,0,0,,,,,1,,-0.9397
TCGA-V4-A9EO-01,,WT,,1429.9,0.2836,0.145,0,0,,,,,1,,0.5205
TCGA-V4-A9EQ-01,,WT,,403.148,-1.4767,-0.103,0,0,,,,,-1,,-1.728
TCGA-V4-A9ES-01,,WT,,1515.68,0.4307,-0.662,0,0,,,,,-1,,0.624
TCGA-V4-A9ET-01,,WT,,508.675,-1.2958,0.037,0,0,,,,,0,,-1.3154
TCGA-V4-A9EU-01,,WT,,2055.28,1.3558,-0.08,0,0,,,,,0,,1.1653
TCGA-V4-A9EV-01,,WT,,1732.12,0.8017,-0.008,0,0,,,,,0,,0.8613
TCGA-V4-A9EW-01,,WT,,1465.44,0.3445,0.006,0,0,,,,,0,,0.5641
TCGA-V4-A9EX-01,,WT,,1628.31,0.6238,-0.035,0,0,,,,,0,,0.7514
TCGA-V4-A9EY-01,,WT,,315.27,-1.6273,0.012,0,0,,,,,0,,-2.164
TCGA-V4-A9EZ-01,,WT,,358.073,-1.554,-0.171,0,0,,,,,-1,,-1.9383
TCGA-V4-A9F0-01,,WT,,1410.92,0.2511,-0.095,0,0,,,,,0,,0.4967
TCGA-V4-A9F1-01,,WT,,1501.04,0.4056,-0.117,0,0,,,,,-1,,0.6068
TCGA-V4-A9F2-01,,WT,,797.442,-0.8007,0.272,0,0,,,,,1,,-0.5171
TCGA-V4-A9F3-01,,WT,,2163.13,1.5407,-0.037,0,0,,,,,0,,1.2563
TCGA-V4-A9F4-01,,WT,,1910.76,1.108,0.033,0,0,,,,,0,,1.0357
TCGA-V4-A9F5-01,,WT,,912.548,-0.6034,-0.154,0,0,,,,,-1,,-0.2776
TCGA-V4-A9F7-01,,WT,,1756.41,0.8434,0.02,0,0,,,,,0,,0.886
TCGA-V4-A9F8-01,,WT,,444.635,-1.4056,-0.064,0,0,,,,,0,,-1.5542
TCGA-V5-A7RB-01,,WT,,2402.3552,-0.9767,0.048,0,0,,-0.6462,,,0,,-1.2087
TCGA-V5-A7RC-01,,WT,,5106.2086,1.137,-0.109,0,0,,3.3535,,,-1,,0.8835
TCGA-V5-A7RE-01,,WT,,3650.274,-0.0012,-0.101,0,0,,1.5729,,,-1,,-0.0479
TCGA-V5-AASV-01,,WT,,5150.0145,1.1713,1.64,1,1,,3.3988,,,2,,0.9072
TCGA-V5-AASW-01,,WT,,3303.9223,-0.2719,-0.132,0,0,,1.0441,,,-1,,-0.3245
TCGA-V5-AASX-01,,WT,,4845.3073,0.9331,0.352,0,0,,3.0752,,,1,,0.7379
TCGA-V7-A7HQ-01,,WT,,824.606,-1.9608,-0.013,0,0,,-5.0401,,,0,,-2.7974
TCGA-V9-A7HT-01,,WT,,1300.34,-0.4193,0.181,0,0,,-4.03,,,1,,-0.1682
TCGA-VB-A8QN-01,,WT,,1829.8,-0.0885,-0.011,0,0,,,,,0,,0.1504
TCGA-VD-A8K7-01,,WT,,2385.52,1.9219,0.034,0,0,,,,,0,,1.4302
TCGA-VD-A8K8-01,,WT,,1608.06,0.589,-0.054,0,0,,,,,0,,0.7292
TCGA-VD-A8K9-01,,WT,,1778.11,0.8806,0.067,0,0,,,,,0,,0.9078
TCGA-VD-A8KA-01,,WT,,1304.36,0.0684,-0.017,0,0,,,,,0,,0.3572
TCGA-VD-A8KB-01,,WT,,888.393,-0.6448,0.014,0,0,,,,,0,,-0.3252
TCGA-VD-A8KD-01,,WT,,1870.11,1.0383,-0.037,0,0,,,,,0,,0.9975
TCGA-VD-A8KE-01,,WT,,735.106,-0.9076,0.091,0,0,,,,,0,,-0.6616
TCGA-VD-A8KF-01,,WT,,2628.35,2.3382,-0.057,0,0,,,,,0,,1.6025
TCGA-VD-A8KG-01,,WT,,535.572,-1.2496,0.12,0,0,,,,,1,,-1.2239
TCGA-VD-A8KH-01,,WT,,1916.22,1.1173,-0.141,0,0,,,,,-1,,1.0408
TCGA-VD-A8KI-01,,WT,,588.436,-1.159,-0.062,0,0,,,,,0,,-1.0568
TCGA-VD-A8KJ-01,,WT,,1603.38,0.581,0.052,0,0,,,,,0,,0.724
TCGA-VD-A8KK-01,,WT,,941.905,-0.553,-0.056,0,0,,,,,0,,-0.2213
TCGA-VD-A8KL-01,,WT,,519.774,-1.2767,0.139,0,0,,,,,1,,-1.2771
TCGA-VD-A8KM-01,,WT,,1248.52,-0.0274,0.001,0,0,,,,,0,,0.2794
TCGA-VD-A8KN-01,,WT,,1545.22,0.4813,-0.041,0,0,,,,,0,,0.6583
TCGA-VD-A8KO-01,,WT,,2683.21,2.4323,0.022,0,0,,,,,0,,1.6393
TCGA-VD-AA8M-01,,WT,,625.874,-1.0948,-0.012,0,0,,,,,0,,-0.9473
TCGA-VD-AA8N-01,,WT,,860.153,-0.6932,-0.119,0,0,,,,,-1,,-0.3826
TCGA-VD-AA8O-01,,WT,,687.945,-0.9884,-0.144,0,0,,,,,-1,,-0.7794
TCGA-VD-AA8P-01,,WT,,1236.87,-0.0473,-0.114,0,0,,,,,-1,,0.2628
TCGA-VD-AA8Q-01,,WT,,1098.53,-0.2845,0.005,0,0,,,,,0,,0.052
TCGA-VD-AA8R-01,,WT,,1296.28,0.0545,-0.001,0,0,,,,,0,,0.3461
TCGA-VD-AA8S-01,,WT,,340.271,-1.5845,0.22,0,0,,,,,1,,-2.0287
TCGA-VD-AA8T-01,,WT,,2119.7,1.4662,-0.107,0,0,,,,,-1,,1.2202
TCGA-VF-A8A8-01,,WT,,3866.26,1.4743,0.332,0,0,,,,,1,,1.2353
TCGA-VF-A8A9-01,,WT,,2184.19,-0.3451,-0.003,0,0,,,,,0,,-0.3624
TCGA-VF-A8AA-01,,WT,,1847.98,-0.7088,0.114,0,0,,,,,1,,-0.83
TCGA-VF-A8AB-01,,WT,,1697.73,-0.8713,-0.013,0,0,,,,,0,,-1.0672
TCGA-VF-A8AC-01,,WT,,1812.14,-0.7475,-0.038,0,0,,,,,0,,-0.8847
TCGA-VF-A8AD-01,,WT,,2553.67,0.0545,-0.067,0,0,,,,,0,,0.0748
TCGA-VF-A8AE-01,,WT,,1508.35,-1.0761,-0.014,0,0,,,,,0,,-1.398
TCGA-VG-A8LO-01,,WT,,3165.6381,1.2313,-0.686,0,0,,,,,-1,,0.8613
TCGA-VM-A8C8-01,,WT,,1418.67,-1.7894,-0.196,0,0,,,,,-1,,-2.1953
TCGA-VM-A8C9-01,,WT,,1272.84,-1.9604,0.039,0,0,,,,,0,,-2.5401
TCGA-VM-A8CA-01,,WT,,1842.57,-1.2923,0.072,0,0,,,,,0,,-1.3639
TCGA-VM-A8CB-01,,WT,,2134.38,-0.9502,-0.088,0,0,,,,,0,,-0.8964
TCGA-VM-A8CD-01,,WT,,1879.79,-1.2487,-0.184,0,0,,,,,-1,,-1.3003
TCGA-VM-A8CE-01,,WT,,2674.94,-0.3163,-0.05,0,0,,,,,0,,-0.1784
TCGA-VM-A8CF-01,,WT,,1286.25,-1.9447,-0.257,0,0,,,,,-1,,-2.5068
TCGA-VM-A8CH-01,,WT,,3245.55,0.3528,0.005,0,0,,,,,0,,0.4366
TCGA-VN-A88I-01,,WT,,1667.82,-1.07,-0.005,0,0,,-2.5472,,,0,,-1.1781
TCGA-VN-A88K-01,,WT,,2727.29,0.3933,-0.046,0,0,,0.1606,,,0,,0.4982
TCGA-VN-A88L-01,,WT,,2534.09,0.1264,-0.029,0,0,,-0.244,,,0,,0.2477
TCGA-VN-A88M-01,,WT,,1956.8,-0.6709,0.002,0,0,,-1.6674,,,0,,-0.6335
TCGA-VN-A88N-01,,WT,,1784.59,-0.9087,-0.02,0,0,,-2.1746,,,0,,-0.9474
TCGA-VN-A88O-01,,WT,,2031.04,-0.5684,0.056,0,0,,-1.4624,,,0,,-0.5065
TCGA-VN-A88P-01,,WT,,1781.82,-0.9126,-0.049,0,0,,-2.1832,,,0,,-0.9527
TCGA-VN-A88Q-01,,WT,,2755.66,0.4325,-0.001,0,0,,0.2176,,,0,,0.5334
TCGA-VN-A88R-01,,WT,,1577.69,-1.1945,-0.083,0,0,,-2.853,,,0,,-1.3674
TCGA-VN-A943-01,,WT,,1802.33,-0.8842,0.239,0,0,,-2.1201,,,1,,-0.9137
TCGA-VP-A872-01,,WT,,1156.31,-1.7765,-0.046,0,0,,-4.5634,,,0,,-2.4262
TCGA-VP-A875-01,,WT,,2544.53,0.1409,-0.036,0,0,,-0.2213,,,0,,0.2617
TCGA-VP-A876-01,,WT,,3143.78,0.9685,-0.058,0,0,,0.9432,,,0,,0.9826
TCGA-VP-A878-01,,WT,,1737.45,-0.9739,-0.037,0,0,,-2.322,,,0,,-1.0387
TCGA-VP-A879-01,,WT,,2155.92,-0.3959,-0.003,0,0,,-1.1339,,,0,,-0.3032
TCGA-VP-A87B-01,,WT,,1575.5,-1.1975,-0.041,0,0,,-2.8607,,,0,,-1.3721
TCGA-VP-A87C-01,,WT,,2344.46,-0.1355,-0.032,0,0,,-0.6722,,,0,,-0.0174
TCGA-VP-A87D-01,,WT,,3421.7,1.3524,-0.047,0,0,,1.4097,,,0,,1.2714
TCGA-VP-A87E-01,,WT,,1601.11,-1.1622,0.003,0,0,,-2.7719,,,0,,-1.3172
TCGA-VP-A87H-01,,WT,,1609.48,-1.1506,0.133,0,0,,-2.7432,,,1,,-1.2994
TCGA-VP-A87J-01,,WT,,3589.07,1.5835,-0.072,0,0,,1.6727,,,0,,1.4342
TCGA-VP-A87K-01,,WT,,2824.21,0.5271,-0.108,0,0,,0.3529,,,-1,,0.6172
TCGA-VP-AA1N-01,,WT,,1650.92,-1.0934,-0.124,0,0,,-2.6032,,,-1,,-1.2128
TCGA-VQ-A8DL-01,,WT,,,,-0.058,0,0,,,,,0,,
TCGA-VQ-A8DT-01,,WT,,2021.3704,-0.8499,-0.219,0,0,,-0.1569,,,-1,,-0.8416
TCGA-VQ-A8DU-01,,WT,,3789.944,1.3317,0.005,0,0,,1.8456,,,0,,0.9993
TCGA-VQ-A8DV-01,,WT,,2224.7636,-0.599,-0.008,0,0,,0.1485,,,0,,-0.5608
TCGA-VQ-A8DZ-01,,WT,,1515.1935,-1.4742,0.029,0,0,,-1.0749,,,0,,-1.6856
TCGA-VQ-A8E0-01,,WT,,3474.7197,0.9428,-0.144,0,0,,1.5689,,,-1,,0.745
TCGA-VQ-A8E2-01,,WT,,1595.0492,-1.3757,-0.754,1,1,,-0.9113,,,-2,,-1.5352
TCGA-VQ-A8E3-01,,WT,,3795.1043,1.338,0.094,0,0,,1.8499,,,0,,1.0033
TCGA-VQ-A8E7-01,,WT,,3335.0084,0.7705,0.004,0,0,,1.4382,,,0,,0.6248
TCGA-VQ-A8P2-01,,R110Q,,2708.2102,-0.0027,0.035,1,1,,0.7749,,,0,,0.015
TCGA-VQ-A8P3-01,,WT,,2018.6506,-0.8532,0.01,0,0,,-0.1612,,,0,,-0.8455
TCGA-VQ-A8P5-01,,WT,,3365.3705,0.8079,0.08,0,0,,1.4671,,,0,,0.6513
TCGA-VQ-A8P8-01,,WT,,3417.2322,0.8719,0.005,0,0,,1.5158,,,0,,0.6961
TCGA-VQ-A8PB-01,,WT,,4174.2897,1.8057,0.058,0,0,,2.1534,,,0,,1.2822
TCGA-VQ-A8PC-01,,WT,,4607.2396,2.3398,0.259,0,0,,2.4678,,,1,,1.5713
TCGA-VQ-A8PD-01,,WT,,2860.1243,0.1847,0.002,0,0,,0.9488,,,0,,0.1749
TCGA-VQ-A8PE-01,,WT,,2775.2324,0.08,0.021,0,0,,0.8528,,,0,,0.0866
TCGA-VQ-A8PF-01,,WT,,3108.8953,0.4916,0.022,0,0,,1.2145,,,0,,0.4191
TCGA-VQ-A8PH-01,,WT,,4457.0939,2.1546,1.35,0,0,,2.3622,,,1,,1.4742
TCGA-VQ-A8PJ-01,,WT,,3623.4279,1.1263,0.0,0,0,,1.7025,,,0,,0.8677
TCGA-VQ-A8PK-01,,WT,,4493.5368,2.1995,0.0,0,0,,2.3882,,,0,,1.4981
TCGA-VQ-A8PM-01,,WT,,3632.5283,1.1375,0.0,0,0,,1.7104,,,0,,0.8751
TCGA-VQ-A8PO-01,,WT,,2606.2344,-0.1284,0.032,0,0,,0.6527,,,0,,-0.0974
TCGA-VQ-A8PP-01,,WT,,3674.5451,1.1893,0.098,0,0,,1.7471,,,0,,0.9087
TCGA-VQ-A8PQ-01,,WT,,4887.0656,2.685,-0.008,0,0,,2.6557,,,0,,1.744
TCGA-VQ-A8PS-01,,WT,,,,-0.146,0,0,,,,,-1,,
TCGA-VQ-A8PT-01,,WT,,,,0.04,0,0,,,,,0,,
TCGA-VQ-A8PU-01,,WT,,4412.0988,2.0991,0.235,0,0,,2.3299,,,1,,1.4445
TCGA-VQ-A8PX-01,,WT,,3610.946,1.1109,0.025,0,0,,1.6915,,,0,,0.8576
TCGA-VQ-A8PY-01,,WT,,,,0.179,0,0,,,,,1,,
TCGA-VQ-A8PZ-01,,WT,,,,-0.038,0,0,,,,,0,,
TCGA-VQ-A91A-01,,WT,,3510.6661,0.9872,0.0,0,0,,1.6017,,,0,,0.7751
TCGA-VQ-A91D-01,,WT,,2707.1658,-0.0039,0.022,0,0,,0.7737,,,0,,0.0139
TCGA-VQ-A91E-01,,WT,,2946.6088,0.2914,0.112,0,0,,1.0437,,,1,,0.2621
TCGA-VQ-A91K-01,,WT,,2711.2816,0.0011,-0.032,0,0,,0.7786,,,0,,0.0183
TCGA-VQ-A91N-01,,WT,,5003.2504,2.8283,0.642,0,0,,2.7305,,,1,,1.8128
TCGA-VQ-A91Q-01,,WT,,1968.216,-0.9154,-0.568,0,0,,-0.2417,,,-1,,-0.9196
TCGA-VQ-A91S-01,,WT,,6578.8031,4.7717,0.277,0,0,,3.6028,,,1,,2.6148
TCGA-VQ-A91U-01,,WT,,4464.6948,2.164,0.104,0,0,,2.3677,,,1,,1.4792
TCGA-VQ-A91V-01,,WT,,3607.585,1.1067,-0.075,0,0,,1.6885,,,0,,0.8549
TCGA-VQ-A91W-01,,WT,,3165.028,0.5608,0.086,0,0,,1.2715,,,0,,0.4715
TCGA-VQ-A91X-01,,WT,,5041.1203,2.875,0.049,0,0,,2.7545,,,0,,1.8349
TCGA-VQ-A91Y-01,,WT,,3220.7781,0.6296,-0.006,0,0,,1.3272,,,0,,0.5227
TCGA-VQ-A91Z-01,,WT,,4848.6889,2.6376,0.182,0,0,,2.6305,,,1,,1.7209
TCGA-VQ-A922-01,,WT,,3102.2975,0.4834,-0.018,0,0,,1.2077,,,0,,0.4129
TCGA-VQ-A923-01,,WT,,4126.8437,1.7472,0.011,0,0,,2.1169,,,0,,1.2487
TCGA-VQ-A924-01,,WT,,3113.766,0.4976,-0.008,0,0,,1.2195,,,0,,0.4237
TCGA-VQ-A925-01,,WT,,3418.2353,0.8732,-0.057,0,0,,1.5167,,,0,,0.697
TCGA-VQ-A927-01,,WT,,3018.9464,0.3806,0.012,0,0,,1.121,,,0,,0.3331
TCGA-VQ-A928-01,,WT,,2553.3385,-0.1937,0.038,0,0,,0.5873,,,0,,-0.1574
TCGA-VQ-A92D-01,,WT,,7328.5803,5.6966,2.36,1,1,,3.9467,,,2,,2.9309
TCGA-VQ-A94O-01,,WT,,3712.6529,1.2363,0.049,0,0,,1.78,,,0,,0.939
TCGA-VQ-A94P-01,,WT,,3656.8718,1.1675,0.009,0,0,,1.7317,,,0,,0.8946
TCGA-VQ-A94R-01,,WT,,3500.2007,0.9743,0.046,0,0,,1.5922,,,0,,0.7664
TCGA-VQ-A94T-01,,WT,,3616.2097,1.1174,0.01,0,0,,1.6961,,,0,,0.8619
TCGA-VQ-A94U-01,,WT,,3813.2637,1.3604,-0.118,0,0,,1.8651,,,-1,,1.0173
TCGA-VQ-AA64-01,,WT,,2848.3352,0.1702,-0.034,0,0,,0.9357,,,0,,0.1628
TCGA-VQ-AA68-01,,WT,,4338.5306,2.0083,0.209,0,0,,2.2763,,,1,,1.3953
TCGA-VQ-AA69-01,,WT,,4758.9779,2.527,0.008,0,0,,2.571,,,0,,1.6662
TCGA-VQ-AA6A-01,,WT,,4672.2659,2.42,0.511,0,0,,2.5124,,,1,,1.6123
TCGA-VQ-AA6B-01,,WT,,4441.1062,2.1349,0.009,0,0,,2.3508,,,0,,1.4637
TCGA-VQ-AA6D-01,,WT,,3548.1017,1.0333,-0.155,0,0,,1.6355,,,-1,,0.8062
TCGA-VQ-AA6F-01,,WT,,3403.2508,0.8547,0.002,0,0,,1.5027,,,0,,0.6841
TCGA-VQ-AA6G-01,,WT,,2583.8558,-0.156,-0.028,0,0,,0.6252,,,0,,-0.1226
TCGA-VQ-AA6I-01,,WT,,2489.5119,-0.2724,-0.633,1,1,,0.5067,,,-2,,-0.2316
TCGA-VQ-AA6J-01,,WT,,3840.1925,1.3936,0.059,0,0,,1.8876,,,0,,1.0379
TCGA-VQ-AA6K-01,,WT,,2634.3318,-0.0938,0.0,0,0,,0.6868,,,0,,-0.066
TCGA-VR-A8EO-01,,WT,,3960.7206,0.2415,-0.112,0,0,,2.0059,,,-1,,0.1786
TCGA-VR-A8EP-01,,WT,,6318.7601,2.085,-0.02,0,0,,4.4838,,,0,,1.4747
TCGA-VR-A8EQ-01,,WT,,2191.63,-1.1415,-0.001,0,0,,-1.1331,,,0,,-1.4634
TCGA-VR-A8ER-01,,WT,,3069.9912,-0.4548,-0.06,0,0,,0.6545,,,0,,-0.5283
TCGA-VR-A8ET-01,,WT,,5899.9157,1.7575,0.024,0,0,,4.1199,,,0,,1.2844
TCGA-VR-A8EU-01,,WT,,5017.1595,1.0674,0.24,0,0,,3.2601,,,1,,0.8346
TCGA-VR-A8EW-01,,WT,,4758.9883,0.8656,0.258,0,0,,2.9799,,,1,,0.688
TCGA-VR-A8EX-01,,WT,,3291.3369,-0.2818,0.115,0,0,,1.0238,,,1,,-0.3351
TCGA-VR-A8EY-01,,WT,,1911.349,-1.3606,0.162,0,0,,-1.8588,,,1,,-1.843
TCGA-VR-A8EZ-01,,WT,,3393.5092,-0.2019,0.202,0,0,,1.186,,,1,,-0.2503
TCGA-VR-A8Q7-01,,WT,,3564.7512,-0.068,0.152,0,0,,1.4471,,,1,,-0.1137
TCGA-VR-AA4D-01,,WT,,3584.5859,-0.0525,0.114,0,0,,1.4765,,,1,,-0.0983
TCGA-VR-AA4G-01,,WT,,3000.9835,-0.5087,-0.04,0,0,,0.5339,,,0,,-0.5914
TCGA-VR-AA7B-01,,WT,,2405.6851,-0.9741,-0.411,0,0,,-0.6388,,,-1,,-1.2048
TCGA-VR-AA7D-01,,WT,,3451.8964,-0.1562,-0.004,0,0,,1.2765,,,0,,-0.203
TCGA-VR-AA7I-01,,WT,,4899.0822,0.9751,0.682,0,0,,3.1338,,,1,,0.7686
TCGA-VS-A8EB-01,,WT,,2275.54,-0.016,0.622,0,0,,,,,1,,0.1107
TCGA-VS-A8EC-01,,WT,,3276.78,1.2016,0.0,0,0,,,,,0,,1.0542
TCGA-VS-A8EG-01,,WT,,2813.02,0.6376,-0.012,0,0,,,,,0,,0.6593
TCGA-VS-A8EH-01,,WT,,1883.21,-0.4931,0.11,0,0,,,,,1,,-0.3788
TCGA-VS-A8EI-01,,WT,,1991.74,-0.3611,0.134,0,0,,,,,1,,-0.2339
TCGA-VS-A8EJ-01,,WT,,1037.08,-1.5221,-0.031,0,0,,,,,0,,-1.9218
TCGA-VS-A8EL-01,,WT,,1420.06,-1.0564,-0.038,0,0,,,,,0,,-1.109
TCGA-VS-A8Q8-01,,WT,,1609.91,-0.8255,-0.029,0,0,,,,,0,,-0.7845
TCGA-VS-A8Q9-01,,WT,,1935.55,-0.4295,-0.066,0,0,,,,,0,,-0.3079
TCGA-VS-A8QA-01,,WT,,2750.73,0.5619,-0.28,0,0,,,,,-1,,0.6014
TCGA-VS-A8QC-01,,WT,,1906.62,-0.4647,0.117,0,0,,,,,1,,-0.3469
TCGA-VS-A8QF-01,,WT,,3191.71,1.0982,0.354,0,0,,,,,1,,0.9861
TCGA-VS-A8QH-01,,WT,,2098.82,-0.2309,-0.092,0,0,,,,,0,,-0.0984
TCGA-VS-A8QM-01,,WT,,3118.82,1.0095,0.0,0,0,,,,,0,,0.9264
TCGA-VS-A94W-01,,WT,,3650.1,1.6556,0.045,0,0,,,,,0,,1.3334
TCGA-VS-A94X-01,,WT,,5654.4,4.0931,0.542,0,0,,,,,1,,2.466
TCGA-VS-A94Y-01,,WT,,1421.52,-1.0546,-0.189,0,0,,,,,-1,,-1.1064
TCGA-VS-A94Z-01,,F293L,,2360.15,0.0869,-0.054,1,1,,,,,0,,0.2052
TCGA-VS-A950-01,,WT,,2198.29,-0.11,0.137,0,0,,,,,1,,0.0214
TCGA-VS-A952-01,,WT,,2155.92,-0.1615,0.049,0,0,,,,,0,,-0.029
TCGA-VS-A953-01,,WT,,2087.15,-0.2451,0.354,0,0,,,,,1,,-0.1128
TCGA-VS-A954-01,,WT,,2738.23,0.5467,0.11,0,0,,,,,1,,0.5896
TCGA-VS-A957-01,,WT,,2293.95,0.0064,-0.043,0,0,,,,,0,,0.1316
TCGA-VS-A958-01,,WT,,1732.01,-0.677,-0.012,0,0,,,,,0,,-0.5953
TCGA-VS-A959-01,,WT,,1939.62,-0.4245,0.018,0,0,,,,,0,,-0.3025
TCGA-VS-A9U5-01,,WT,,3071.47,0.9519,0.086,0,0,,,,,0,,0.8868
TCGA-VS-A9U6-01,,WT,,2542.46,0.3086,-0.373,0,0,,,,,-1,,0.3977
TCGA-VS-A9U7-01,,WT,,1337.59,-1.1567,-0.178,0,0,,,,,-1,,-1.2638
TCGA-VS-A9UA-01,,WT,,,,0.072,0,0,,,,,0,,
TCGA-VS-A9UB-01,,WT,,1385.88,-1.0979,0.143,0,0,,,,,1,,-1.172
TCGA-VS-A9UC-01,,WT,,1099.47,-1.4463,0.598,0,0,,,,,1,,-1.7708
TCGA-VS-A9UD-01,,WT,,1932.46,-0.4332,-0.14,0,0,,,,,-1,,-0.3121
TCGA-VS-A9UH-01,,WT,,1253.44,-1.259,0.0,0,0,,,,,0,,-1.4318
TCGA-VS-A9UI-01,,WT,,2681.17,0.4773,0.025,0,0,,,,,0,,0.5351
TCGA-VS-A9UJ-01,,WT,,2111.69,-0.2153,-0.002,0,0,,,,,0,,-0.0826
TCGA-VS-A9UL-01,,WT,,3710.53,1.7291,-0.068,0,0,,,,,0,,1.3759
TCGA-VS-A9UM-01,,WT,,3531.87,1.5118,0.218,0,0,,,,,1,,1.2482
TCGA-VS-A9UO-01,,WT,,1269.83,-1.2391,-0.142,0,0,,,,,-1,,-1.3982
TCGA-VS-A9UP-01,,WT,,3725.48,1.7473,-0.132,0,0,,,,,-1,,1.3863
TCGA-VS-A9UQ-01,,WT,,1979.1,-0.3765,-0.014,0,0,,,,,0,,-0.2504
TCGA-VS-A9UR-01,,WT,,1924.08,-0.4434,-0.153,0,0,,,,,-1,,-0.3233
TCGA-VS-A9UT-01,,WT,,1989.63,-0.3637,-0.151,0,0,,,,,-1,,-0.2366
TCGA-VS-A9UU-01,,WT,,2236.12,-0.064,0.053,0,0,,,,,0,,0.0655
TCGA-VS-A9UV-01,,WT,,2076.54,-0.258,-0.029,0,0,,,,,0,,-0.126
TCGA-VS-A9UY-01,,WT,,1843.82,-0.541,-0.01,0,0,,,,,0,,-0.4335
TCGA-VS-A9UZ-01,,WT,,3427.03,1.3843,-0.067,0,0,,,,,0,,1.1702
TCGA-VS-A9V0-01,,WT,,2059.05,-0.2793,-0.11,0,0,,,,,-1,,-0.1479
TCGA-VS-A9V1-01,,WT,,1369.57,-1.1178,-0.315,0,0,,,,,-1,,-1.2027
TCGA-VS-A9V2-01,,WT,,1887.94,-0.4874,-0.035,0,0,,,,,0,,-0.3724
TCGA-VS-A9V3-01,,WT,,2068.86,-0.2674,-0.043,0,0,,,,,0,,-0.1356
TCGA-VS-A9V4-01,,WT,,2721.97,0.5269,-0.018,0,0,,,,,0,,0.5742
TCGA-VS-A9V5-01,,WT,,2116.01,-0.21,-0.125,0,0,,,,,-1,,-0.0773
TCGA-VS-AA62-01,,WT,,2231.91,-0.0691,0.012,0,0,,,,,0,,0.0606
TCGA-VT-A80G-01,,WT,,1320.19,-0.8828,-0.592,0,0,,,,,-1,,-0.9636
TCGA-VT-A80J-01,,WT,,1504.88,-0.6999,-0.15,0,0,,,,,-1,,-0.6821
TCGA-VT-AB3D-01,,WT,,1242.98,-0.9592,-0.269,0,0,,,,,-1,,-1.0932
TCGA-VV-A829-01,,WT,,4519.38,1.8465,-0.115,0,0,,,,,-1,,1.4898
TCGA-VV-A86M-01,,WT,,3771.76,0.9698,0.618,1,1,,,,,2,,0.9146
TCGA-VW-A7QS-01,,WT,,2468.83,-0.558,-0.052,0,0,,,,,0,,-0.4334
TCGA-VW-A8FI-01,,WT,,2995.23,0.0593,-0.002,0,0,,,,,0,,0.1813
TCGA-W2-A7H5-01,,WT,,2502.51,2.1999,-0.093,0,0,,,,,0,,1.6688
TCGA-W2-A7H7-01,,WT,,1532.48,-0.3696,-0.156,0,0,,,,,-1,,-0.3173
TCGA-W2-A7HA-01,,WT,,1698.67,0.0707,-0.128,0,0,,,,,-1,,0.0996
TCGA-W2-A7HB-01,,WT,,2345.12,1.783,-0.144,0,0,,,,,-1,,1.4057
TCGA-W2-A7HC-01,,WT,,1540.37,-0.3487,-0.116,0,0,,,,,-1,,-0.2965
TCGA-W2-A7HD-01,,WT,,1711.74,0.1053,-0.135,0,0,,,,,-1,,0.1307
TCGA-W2-A7HE-01,,WT,,1643.55,-0.0754,-0.007,0,0,,,,,0,,-0.0339
TCGA-W2-A7HF-01,,WT,,1981.4,0.8196,-0.207,0,0,,,,,-1,,0.7231
TCGA-W2-A7HH-01,,WT,,2418.53,1.9775,0.002,0,0,,,,,0,,1.5305
TCGA-W2-A7UY-01,,WT,,933.555,-1.956,-0.253,0,0,,,,,-1,,-2.3239
TCGA-W3-A824-06,,WT,,1446.47,-0.7739,0.048,0,0,,,,,0,,-0.343
TCGA-W3-A825-06,,WT,,2505.56,0.3577,0.0,0,0,,,,,0,,0.5198
TCGA-W3-A828-06,,WT,,1934.11,-0.2529,-0.023,0,0,,,,,0,,0.1132
TCGA-W3-AA1O-06,,WT,,2401.78,0.2468,0.204,0,0,,,,,1,,0.4533
TCGA-W3-AA1Q-06,,WT,,1991.12,-0.192,0.082,0,0,,,,,0,,0.1588
TCGA-W3-AA1R-06,,WT,,2520.56,0.3737,-0.116,0,0,,,,,-1,,0.5291
TCGA-W3-AA1V-06,,WT,,2310.58,0.1494,-0.142,0,0,,,,,-1,,0.3925
TCGA-W3-AA1W-06,,WT,,1816.69,-0.3784,-0.155,0,0,,,,,-1,,0.0148
TCGA-W3-AA21-06,,WT,,1260.69,-0.9724,0.06,0,0,,,,,0,,-0.5589
TCGA-W4-A7U2-01,,WT,,3178.27,0.7301,-0.146,0,0,,,,,-1,,0.687
TCGA-W4-A7U3-01,,WT,,3283.81,0.8443,-0.055,0,0,,,,,0,,0.7784
TCGA-W4-A7U4-01,,WT,,4388.46,2.0391,0.033,0,0,,,,,0,,1.5898
TCGA-W5-AA2G-01,,WT,,1212.9,-1.0236,-0.117,0,0,,-1.4349,,,-1,,-0.8783
TCGA-W5-AA2H-01,,WT,,1500.62,-0.631,0.0,0,0,,0.3805,,,0,,-0.2978
TCGA-W5-AA2I-01,,WT,,807.692,-1.5763,-0.166,0,0,,-4.9016,,,-1,,-1.9868
TCGA-W5-AA2O-01,,WT,,1456.4,-0.6914,-0.216,0,0,,0.1254,,,-1,,-0.3793
TCGA-W5-AA2Q-01,,WT,,2082.73,0.1631,0.203,0,0,,3.1767,,,1,,0.5964
TCGA-W5-AA2R-01,,WT,,2395.74,0.5901,-0.103,0,0,,4.3712,,,-1,,0.9783
TCGA-W5-AA2T-01,,WT,,1961.26,-0.0026,-0.23,0,0,,2.664,,,-1,,0.4324
TCGA-W5-AA2U-01,,WT,,1874.65,-0.1208,-0.208,0,0,,2.2788,,,-1,,0.3092
TCGA-W5-AA2W-01,,WT,,1847.29,-0.1581,-0.093,0,0,,2.1534,,,0,,0.2691
TCGA-W5-AA2X-01,,WT,,1873.2,-0.1228,0.0,0,0,,2.2722,,,0,,0.3071
TCGA-W5-AA2Z-01,,WT,,2615.14,0.8894,0.015,0,0,,5.1187,,,0,,1.2174
TCGA-W5-AA30-01,,WT,,1982.4,0.0262,-0.122,0,0,,2.7555,,,-1,,0.4617
TCGA-W5-AA31-01,,WT,,2138.67,0.2394,-0.012,0,0,,3.4028,,,0,,0.6687
TCGA-W5-AA33-01,,WT,,2408.16,0.607,-0.046,0,0,,4.4153,,,0,,0.9924
TCGA-W5-AA34-01,,WT,,1893.22,-0.0955,-0.113,0,0,,2.3629,,,-1,,0.3361
TCGA-W5-AA36-01,,WT,,851.383,-1.5167,-0.15,0,0,,-4.4526,,,-1,,-1.8432
TCGA-W5-AA38-01,,WT,,807.523,-1.5766,-0.203,0,0,,-4.9034,,,-1,,-1.9874
TCGA-W5-AA39-01,,Q744H,,740.396,-1.6682,0.07,1,1,,-5.6432,,,0,,-2.2239
TCGA-W6-AA0S-01,,WT,,1709.68,-0.3458,-0.227,0,0,,1.493,,,-1,,0.058
TCGA-W8-A86G-01,,WT,,1784.53,-0.9133,0.063,0,0,,-2.2429,,,0,,-0.8392
TCGA-W9-A837-01,,WT,,2879.03,-0.077,-0.067,0,0,,,,,0,,0.0555
TCGA-WA-A7GZ-01,,WT,,2605.18,0.3831,-0.11,0,0,,0.9425,,,-1,,0.3372
TCGA-WA-A7H4-01,,WT,,3589.74,1.5447,0.197,0,0,,2.1591,,,1,,1.09
TCGA-WB-A80K-01,,WT,,1598.74,-0.194,0.038,0,0,,,,,0,,-0.1459
TCGA-WB-A80L-01,,WT,,1800.0,0.3391,0.161,0,0,,,,,1,,0.3343
TCGA-WB-A80M-01,,WT,,1405.59,-0.7057,-0.15,0,0,,,,,-1,,-0.6672
TCGA-WB-A80N-01,,WT,,2094.69,1.1197,-0.081,0,0,,,,,0,,0.9483
TCGA-WB-A80O-01,,WT,,1791.87,0.3175,-0.058,0,0,,,,,0,,0.3159
TCGA-WB-A80P-01,,WT,,1950.59,0.738,-0.055,0,0,,,,,0,,0.6596
TCGA-WB-A80Q-01,,WT,,2125.49,1.2012,0.003,0,0,,,,,0,,1.0074
TCGA-WB-A80V-01,,WT,,2337.03,1.7616,-0.228,0,0,,,,,-1,,1.3917
TCGA-WB-A80Y-01,,WT,,1756.11,0.2228,-0.062,0,0,,,,,0,,0.2343
TCGA-WB-A814-01,,WT,,1252.12,-1.1122,-0.071,0,0,,,,,0,,-1.1354
TCGA-WB-A815-01,,WT,,1580.22,-0.2431,-0.105,0,0,,,,,-1,,-0.1931
TCGA-WB-A816-01,,WT,,1348.12,-0.8579,-0.073,0,0,,,,,0,,-0.8363
TCGA-WB-A817-01,,WT,,1498.02,-0.4608,-0.001,0,0,,,,,0,,-0.4094
TCGA-WB-A818-01,,WT,,1593.64,-0.2076,-0.099,0,0,,,,,0,,-0.1588
TCGA-WB-A819-01,,WT,,1382.09,-0.7679,-0.111,0,0,,,,,-1,,-0.7355
TCGA-WB-A81A-01,,WT,,1981.51,0.8199,0.116,0,0,,,,,1,,0.7233
TCGA-WB-A81D-01,,WT,,1608.02,-0.1695,-0.044,0,0,,,,,0,,-0.1224
TCGA-WB-A81E-01,,WT,,1997.04,0.861,-0.105,0,0,,,,,-1,,0.755
TCGA-WB-A81F-01,,WT,,1568.73,-0.2735,-0.115,0,0,,,,,-1,,-0.2226
TCGA-WB-A81G-01,,WT,,1923.04,0.665,-0.048,0,0,,,,,0,,0.602
TCGA-WB-A81H-01,,WT,,1687.95,0.0423,-0.026,0,0,,,,,0,,0.074
TCGA-WB-A81I-01,,WT,,1993.29,0.8511,-0.043,0,0,,,,,0,,0.7473
TCGA-WB-A81J-01,,WT,,1432.75,-0.6337,-0.022,0,0,,,,,0,,-0.5898
TCGA-WB-A81K-01,,WT,,1386.42,-0.7565,-0.148,0,0,,,,,-1,,-0.7229
TCGA-WB-A81M-01,,WT,,1950.73,0.7383,-0.084,0,0,,,,,0,,0.6599
TCGA-WB-A81N-01,,WT,,1425.76,-0.6523,-0.032,0,0,,,,,0,,-0.6096
TCGA-WB-A81P-01,,WT,,2164.97,1.3058,-0.065,0,0,,,,,0,,1.0819
TCGA-WB-A81Q-01,,WT,,1707.35,0.0936,-0.073,0,0,,,,,0,,0.1203
TCGA-WB-A81R-01,,WT,,1424.48,-0.6556,-0.179,0,0,,,,,-1,,-0.6132
TCGA-WB-A81S-01,,WT,,2016.67,0.913,-0.353,0,0,,,,,-1,,0.7946
TCGA-WB-A81T-01,,WT,,1593.23,-0.2086,-0.107,0,0,,,,,-1,,-0.1599
TCGA-WB-A81V-01,,WT,,1319.18,-0.9346,-0.077,0,0,,,,,0,,-0.9241
TCGA-WB-A81W-01,,WT,,1669.87,-0.0056,-0.111,0,0,,,,,-1,,0.0304
TCGA-WB-A821-01,,WT,,1826.4,0.409,-0.041,0,0,,,,,0,,0.3932
TCGA-WB-A822-01,,WT,,1702.14,0.0798,-0.072,0,0,,,,,0,,0.1079
TCGA-WC-A87T-01,,WT,,1871.28,1.0403,-0.021,0,0,,,,,0,,0.9986
TCGA-WC-A87U-01,,WT,,1586.6,0.5522,0.017,0,0,,,,,0,,0.7053
TCGA-WC-A87W-01,,WT,,2518.69,2.1502,-0.104,0,0,,,,,-1,,1.5268
TCGA-WC-A87Y-01,,WT,,1568.28,0.5208,-0.019,0,0,,,,,0,,0.6847
TCGA-WC-A880-01,,WT,,1181.09,-0.143,0.002,0,0,,,,,0,,0.1808
TCGA-WC-A881-01,,WT,,1358.6,0.1614,-0.038,0,0,,,,,0,,0.4296
TCGA-WC-A882-01,,WT,,318.508,-1.6218,-0.08,0,0,,,,,0,,-2.1459
TCGA-WC-A883-01,,WT,,1333.33,0.118,-0.056,0,0,,,,,0,,0.3962
TCGA-WC-A884-01,,WT,,753.025,-0.8768,0.034,0,0,,,,,0,,-0.6189
TCGA-WC-A885-01,,WT,,648.001,-1.0569,0.048,0,0,,,,,0,,-0.8856
TCGA-WC-A888-01,,WT,,1117.29,-0.2523,-0.033,0,0,,,,,0,,0.0821
TCGA-WC-A88A-01,,WT,,1134.33,-0.2231,-0.037,0,0,,,,,0,,0.109
TCGA-WC-AA9A-01,,WT,,2039.89,1.3294,-0.15,0,0,,,,,-1,,1.152
TCGA-WC-AA9E-01,,WT,,1897.65,1.0855,-0.105,0,0,,,,,-1,,1.0235
TCGA-WD-A7RX-01,,WT,,1251.08,-0.9715,-0.14,0,0,,-1.1706,,,-1,,-0.7938
TCGA-WE-A8JZ-06,,WT,,3057.06,0.947,-0.269,0,0,,,,,-1,,0.8322
TCGA-WE-A8K1-06,,WT,,1701.32,-0.5016,-0.053,0,0,,,,,0,,-0.0882
TCGA-WE-A8K5-06,,WT,,1707.07,-0.4955,-0.056,0,0,,,,,0,,-0.0829
TCGA-WE-A8K6-06,,WT,,1731.45,-0.4694,0.156,0,0,,,,,1,,-0.0606
TCGA-WE-A8ZM-06,,WT,,2621.12,0.4812,-0.134,0,0,,,,,-1,,0.5906
TCGA-WE-A8ZN-06,,WT,,643.176,-1.6323,0.014,0,0,,,,,0,,-1.6152
TCGA-WE-A8ZO-06,,WT,,2988.54,0.8738,-0.039,0,0,,,,,0,,0.7966
TCGA-WE-A8ZQ-06,,WT,,2700.26,0.5657,0.0,0,0,,,,,0,,0.6373
TCGA-WE-A8ZT-06,,WT,,2554.36,0.4098,0.422,0,0,,,,,1,,0.55
TCGA-WE-A8ZX-06,,WT,,2685.72,0.5502,0.0,0,0,,,,,0,,0.6288
TCGA-WE-A8ZY-06,,WT,,3249.64,1.1527,-0.154,0,0,,,,,-1,,0.9282
TCGA-WE-AA9Y-06,,WT,,1329.82,-0.8986,-0.106,0,0,,,,,-1,,-0.4751
TCGA-WE-AAA0-06,,WT,,1550.91,-0.6623,0.01,0,0,,,,,0,,-0.2336
TCGA-WE-AAA3-06,,WT,,1548.94,-0.6645,0.046,0,0,,,,,0,,-0.2356
TCGA-WE-AAA4-06,,WT,,407.182,-1.8844,-0.044,0,0,,,,,0,,-2.3321
TCGA-WH-A86K-01,,WT,,2645.43,-0.3509,-0.045,0,0,,,,,0,,-0.2137
TCGA-WJ-A86L-01,,WT,,2272.3,1.6718,-0.012,0,0,,1.8321,,,0,,1.0873
TCGA-WK-A8XO-01,,WT,,1179.47,-1.0221,-0.051,0,0,,,,,0,,-1.2059
TCGA-WK-A8XQ-01,,WT,,3096.79,0.8766,0.001,0,0,,,,,0,,0.8698
TCGA-WK-A8XS-01,,WT,,2371.31,0.1582,0.081,0,0,,,,,0,,0.2957
TCGA-WK-A8XT-01,,WT,,5424.75,3.182,-0.085,0,0,,,,,0,,2.0756
TCGA-WK-A8XX-01,,WT,,1584.81,-0.6207,-0.616,0,0,,,,,-1,,-0.5709
TCGA-WK-A8XY-01,,WT,,2608.92,0.3935,-0.365,0,0,,,,,-1,,0.5011
TCGA-WK-A8XZ-01,,WT,,3461.35,1.2377,,0,0,,,,,NP,,1.1091
TCGA-WK-A8Y0-01,,WT,,1876.31,-0.332,-0.028,0,0,,,,,0,,-0.2078
TCGA-WL-A834-01,,WT,,1578.72,-0.8634,0.042,0,0,,,,,0,,-0.8351
TCGA-WN-A9G9-01,,WT,,1376.45,-0.2937,-0.005,0,0,,-3.6047,,,0,,-0.0418
TCGA-WN-AB4C-01,,WT,,2429.47,1.4444,0.048,0,0,,0.6448,,,0,,1.2209
TCGA-WP-A9GB-01,,WT,,1318.34,-0.8846,-0.505,0,0,,,,,-1,,-0.9666
TCGA-WQ-A9G7-01,,WT,,638.077,-1.5364,0.179,0,0,,-3.2966,,,1,,-1.779
TCGA-WQ-AB4B-01,,WT,,909.3,-1.004,0.008,0,0,,-1.8669,,,0,,-0.9799
TCGA-WR-A838-01,,WT,,4483.6608,2.9797,0.065,0,0,,,,,0,,1.7317
TCGA-WS-AB45-01,,WT,,1883.11,-0.5749,0.162,0,0,,-0.8956,,,1,,-0.6082
TCGA-WT-AB41-01,,WT,,1361.99,-1.3744,-0.078,0,0,,-3.2221,,,0,,-1.5247
TCGA-WT-AB44-01,,WT,,872.327,-1.9087,-0.378,0,0,,-4.8364,,,-1,,-2.6547
TCGA-WW-A8ZI-01,,WT,,2829.45,0.5344,-0.094,0,0,,0.3631,,,0,,0.6235
TCGA-WX-AA44-01,,WT,,1441.31,0.0404,0.034,0,0,,-0.0068,,,0,,0.0596
TCGA-WX-AA46-01,,WT,,1703.3,0.5547,0.036,0,0,,0.6678,,,0,,0.4366
TCGA-WX-AA47-01,,WT,,971.396,-0.8821,-0.753,0,0,,-1.6002,,,-1,,-0.8309
TCGA-WY-A858-01,,WT,,2135.62,-0.9487,0.203,0,0,,,,,1,,-0.8945
TCGA-WY-A859-01,,WT,,1521.56,-1.6687,-0.385,0,0,,,,,-1,,-1.9726
TCGA-WY-A85A-01,,WT,,3290.05,0.405,0.006,0,0,,,,,0,,0.48
TCGA-WY-A85B-01,,WT,,3135.54,0.2238,0.157,0,0,,,,,1,,0.327
TCGA-WY-A85C-01,,WT,,3094.4,0.1756,-0.019,0,0,,,,,0,,0.2849
TCGA-WY-A85D-01,,WT,,2608.48,-0.3942,-0.065,0,0,,,,,0,,-0.2584
TCGA-WY-A85E-01,,WT,,2857.84,-0.1018,0.127,0,0,,,,,1,,0.032
TCGA-WZ-A7V3-01,,WT,,2887.58,0.4157,-0.041,0,0,,,,,0,,0.4186
TCGA-WZ-A7V4-01,,WT,,2106.48,-0.4292,-0.028,0,0,,,,,0,,-0.4637
TCGA-WZ-A7V5-01,,WT,,2698.51,0.2112,0.0,0,0,,,,,0,,0.2292
TCGA-WZ-A8D5-01,,WT,,2255.84,-0.2676,0.031,0,0,,,,,0,,-0.2721
TCGA-X2-A95T-01,,WT,,4809.71,2.573,-0.337,0,0,,,,,-1,,1.8167
TCGA-X3-A8G4-01,,WT,,2665.58,0.1756,-0.031,0,0,,,,,0,,0.1948
TCGA-X4-A8KQ-01,,WT,,1720.46,-0.9973,-0.024,0,0,,-2.3761,,,0,,-1.0721
TCGA-X4-A8KS-01,,WT,,1760.13,-0.9425,0.026,0,0,,-2.2506,,,0,,-0.9945
TCGA-X6-A7W8-01,,WT,,566.606,-1.6291,-0.769,0,0,,,,,-1,,-2.7813
TCGA-X6-A7WA-01,,WT,,2534.16,0.3194,-0.234,0,0,,,,,-1,,0.4385
TCGA-X6-A7WB-01,,WT,,3919.76,1.6916,-0.27,0,0,,,,,-1,,1.3766
TCGA-X6-A7WC-01,,WT,,933.573,-1.2656,-0.646,0,0,,,,,-1,,-1.7085
TCGA-X6-A7WD-01,,WT,,2368.0,0.1549,-0.31,0,0,,,,,-1,,0.2927
TCGA-X6-A8C2-01,,WT,,1783.82,-0.4236,-0.86,0,0,,,,,-1,,-0.3165
TCGA-X6-A8C3-01,,WT,,2089.29,-0.1211,0.004,0,0,,,,,0,,0.0234
TCGA-X6-A8C4-01,,WT,,1726.07,-0.4808,-0.422,0,0,,,,,-1,,-0.3873
TCGA-X6-A8C5-01,,WT,,1887.77,-0.3207,-0.141,0,0,,,,,-1,,-0.1947
TCGA-X6-A8C6-01,,WT,,1613.17,-0.5926,-0.333,0,0,,,,,-1,,-0.5327
TCGA-X6-A8C7-01,,WT,,5033.91,2.795,-0.051,0,0,,,,,0,,1.9147
TCGA-X7-A8D6-01,,WT,,7496.39,3.3732,0.001,0,0,,,,,0,,2.1311
TCGA-X7-A8D7-01,,WT,,4899.11,1.1889,0.012,0,0,,,,,0,,1.0448
TCGA-X7-A8D8-01,,WT,,3271.13,-0.1802,0.003,0,0,,,,,0,,0.0133
TCGA-X7-A8D9-01,,WT,,3325.32,-0.1346,-0.014,0,0,,,,,0,,0.0553
TCGA-X7-A8DB-01,,WT,,3908.24,0.3556,0.009,0,0,,,,,0,,0.4677
TCGA-X7-A8DC-01,,WT,,,,0.002,0,0,,,,,0,,
TCGA-X7-A8DD-01,,WT,,2323.2,-0.9774,-0.002,0,0,,,,,0,,-0.8604
TCGA-X7-A8DE-01,,WT,,3317.36,-0.1413,0.002,0,0,,,,,0,,0.0491
TCGA-X7-A8DF-01,,WT,,2539.92,-0.7951,-0.002,0,0,,,,,0,,-0.6327
TCGA-X7-A8DG-01,,WT,,3222.6,-0.221,0.018,0,0,,,,,0,,-0.0249
TCGA-X7-A8DI-01,,WT,,,,0.002,0,0,,,,,0,,
TCGA-X7-A8DJ-01,,WT,,3959.48,0.3987,0.004,0,0,,,,,0,,0.501
TCGA-X7-A8M0-01,,WT,,2673.28,-0.683,-0.024,0,0,,,,,0,,-0.5021
TCGA-X7-A8M1-01,,WT,,4173.8,0.579,0.011,0,0,,,,,0,,0.6356
TCGA-X7-A8M3-01,,WT,,5571.22,1.7542,0.976,0,0,,,,,1,,1.3731
TCGA-X7-A8M4-01,,WT,,3502.27,0.0142,0.013,0,0,,,,,0,,0.1877
TCGA-X7-A8M5-01,,WT,,1984.98,-1.2618,0.0,0,0,,,,,0,,-1.2621
TCGA-X7-A8M6-01,,WT,,2149.97,-1.1231,0.017,0,0,,,,,0,,-1.0583
TCGA-X7-A8M7-01,,WT,,3640.78,0.1307,0.014,0,0,,,,,0,,0.2867
TCGA-X7-A8M8-01,,WT,,3035.62,-0.3782,-0.006,0,0,,,,,0,,-0.1775
TCGA-X8-AAAR-01,,WT,,4118.7878,0.3651,-0.059,0,0,,2.2134,,,0,,0.2871
TCGA-X9-A971-01,,WT,,3275.58,1.0537,-0.598,0,0,,,,,-1,,0.9905
TCGA-X9-A973-01,,WT,,1836.32,-0.3716,-0.147,0,0,,,,,-1,,-0.2541
TCGA-XA-A8JR-01,,WT,,1769.27,-0.9299,-0.004,0,0,,-2.2221,,,0,,-0.9768
TCGA-XC-AA0X-01,,WT,,2253.95,-0.1998,0.0,0,0,,-0.0312,,,0,,-0.2141
TCGA-XD-AAUG-01,,WT,,1752.03,-0.2801,-0.02,0,0,,,,,0,,-0.188
TCGA-XD-AAUH-01,,WT,,1751.69,-0.2807,-0.007,0,0,,,,,0,,-0.1887
TCGA-XD-AAUI-01,,WT,,1645.86,-0.4767,-0.013,0,0,,,,,0,,-0.4002
TCGA-XD-AAUL-01,,WT,,1622.45,-0.5201,-0.039,0,0,,,,,0,,-0.4488
TCGA-XE-A8H1-01,,WT,,3206.88,0.7611,0.0,0,0,,,,,0,,0.7121
TCGA-XE-A8H4-01,,WT,,2371.47,-0.1425,-0.012,0,0,,,,,0,,-0.1322
TCGA-XE-A8H5-01,,WT,,3226.55,0.7823,0.002,0,0,,,,,0,,0.7292
TCGA-XE-A9SE-01,,WT,,2758.4,0.276,0.003,0,0,,,,,0,,0.2906
TCGA-XE-AANI-01,,WT,,2756.28,0.2737,-0.128,0,0,,,,,-1,,0.2884
TCGA-XE-AANJ-01,,WT,,2811.13,0.333,-0.141,0,0,,,,,-1,,0.3436
TCGA-XE-AANR-01,,WT,,1451.02,-1.1381,-0.085,0,0,,,,,0,,-1.5064
TCGA-XE-AANV-01,,WT,,1729.03,-0.8374,0.064,0,0,,,,,0,,-1.0161
TCGA-XE-AAO3-01,,WT,,5321.85,3.0487,0.003,0,0,,,,,0,,2.1294
TCGA-XE-AAO4-01,,WT,,1832.15,-0.7259,0.018,0,0,,,,,0,,-0.854
TCGA-XE-AAO6-01,,WT,,2296.33,-0.2238,0.072,0,0,,,,,0,,-0.2223
TCGA-XE-AAOB-01,,WT,,2066.18,-0.4728,-0.062,0,0,,,,,0,,-0.5178
TCGA-XE-AAOC-01,,WT,,2713.73,0.2277,0.313,0,0,,,,,1,,0.2449
TCGA-XE-AAOD-01,,WT,,1853.72,-0.7026,0.021,0,0,,,,,0,,-0.8213
TCGA-XE-AAOF-01,,WT,,2078.6,-0.4593,-0.025,0,0,,,,,0,,-0.501
TCGA-XE-AAOJ-01,,WT,,3590.84,1.1764,-0.106,0,0,,,,,-1,,1.0285
TCGA-XE-AAOL-01,,WT,,3434.86,1.0076,0.173,0,0,,,,,1,,0.9042
TCGA-XF-A8HB-01,,WT,,1315.7,-0.6102,-0.002,0,0,,-1.3992,,,0,,-0.3058
TCGA-XF-A8HC-01,,WT,,3319.35,1.7543,0.182,0,0,,1.4268,,,1,,1.0803
TCGA-XF-A8HD-01,,WT,,1443.47,-0.4594,0.079,0,0,,-1.1163,,,0,,-0.1671
TCGA-XF-A8HE-01,,WT,,2221.04,0.4582,-0.008,0,0,,0.1996,,,0,,0.4784
TCGA-XF-A8HF-01,,WT,,1686.9,-0.1721,0.273,0,0,,-0.6404,,,1,,0.0663
TCGA-XF-A8HG-01,,WT,,2327.56,0.5839,0.002,0,0,,0.3427,,,0,,0.5485
TCGA-XF-A8HH-01,,WT,,1679.06,-0.1814,-0.032,0,0,,-0.6546,,,0,,0.0594
TCGA-XF-A8HI-01,,T626Nfs*9,,478.578,-1.5981,-0.206,1,1,,-4.4851,,,-1,,-1.8194
TCGA-XF-A9SG-01,,WT,,,,0.042,0,0,NP,,,,0,,
TCGA-XF-A9SH-01,,WT,,1698.25,-0.1588,0.03,0,0,,-0.6199,,,0,,0.0764
TCGA-XF-A9SI-01,,R1012*,,950.708,-1.0409,0.024,1,1,,-2.3911,,,0,,-0.7923
TCGA-XF-A9SJ-01,,WT,,1036.67,-0.9395,-0.034,0,0,,-2.1269,,,0,,-0.6627
TCGA-XF-A9SK-01,,WT,,1024.03,-0.9544,0.01,0,0,,-2.1643,,,0,,-0.6811
TCGA-XF-A9SL-01,,WT,,1058.48,-0.9138,0.012,0,0,,-2.0633,,,0,,-0.6316
TCGA-XF-A9SM-01,,WT,,2220.76,0.4579,0.131,0,0,,0.1992,,,1,,0.4782
TCGA-XF-A9SP-01,,WT,,890.065,-1.1125,-0.114,0,0,,-2.5923,,,-1,,-0.891
TCGA-XF-A9ST-01,,E643Lfs*14,,124.01,-2.0165,0.068,1,1,,-8.5931,,,0,,-3.8343
TCGA-XF-A9SU-01,,WT,,1005.43,-0.9764,0.044,0,0,,-2.2203,,,0,,-0.7086
TCGA-XF-A9SV-01,,WT,,1981.96,0.1761,-0.057,0,0,,-0.1482,,,0,,0.3078
TCGA-XF-A9SW-01,,WT,,1370.72,-0.5453,-0.085,0,0,,-1.2742,,,0,,-0.2445
TCGA-XF-A9SX-01,,WT,,893.293,-1.1087,-0.05,0,0,,-2.5812,,,0,,-0.8856
TCGA-XF-A9SY-01,,WT,,2169.74,0.3977,0.038,0,0,,0.1283,,,0,,0.4434
TCGA-XF-A9SZ-01,,WT,,1036.38,-0.9398,-0.151,0,0,,-2.1277,,,-1,,-0.6632
TCGA-XF-A9T0-01,,WT,,1615.3,-0.2566,-0.085,0,0,,-0.7729,,,0,,0.0014
TCGA-XF-A9T2-01,,Q593*,,508.011,-1.5634,0.01,1,1,,-4.3031,,,0,,-1.7301
TCGA-XF-A9T3-01,,E851* D850E,,392.365,-1.6999,-0.012,1,1,,-5.0906,,,0,,-2.1164
TCGA-XF-A9T4-01,,WT,,1921.7,0.1049,0.002,0,0,,-0.2425,,,0,,0.2615
TCGA-XF-A9T5-01,,WT,,1775.31,-0.0678,-0.3,0,0,,-0.4844,,,-1,,0.1429
TCGA-XF-A9T6-01,,WT,,1178.63,-0.772,-0.007,0,0,,-1.7351,,,0,,-0.4706
TCGA-XF-A9T8-01,,WT,,3014.18,1.3942,0.54,0,0,,1.1322,,,1,,0.9358
TCGA-XF-AAME-01,,WT,,1831.01,-0.0021,0.0,0,0,,-0.3901,,,0,,0.1891
TCGA-XF-AAMF-01,,WT,,,,-0.102,0,0,NP,,,,-1,,
TCGA-XF-AAMG-01,,WT,,1779.79,-0.0625,-0.29,0,0,,-0.4767,,,-1,,0.1466
TCGA-XF-AAMH-01,,WT,,929.916,-1.0655,0.145,0,0,,-2.4586,,,1,,-0.8254
TCGA-XF-AAMJ-01,,WT,,1624.19,-0.2462,-0.083,0,0,,-0.7561,,,0,,0.0096
TCGA-XF-AAML-01,,WT,,2586.06,0.889,0.497,0,0,,0.6643,,,1,,0.7063
TCGA-XF-AAMQ-01,,WT,,2561.63,0.8601,0.136,0,0,,0.6354,,,1,,0.6921
TCGA-XF-AAMR-01,,WT,,1994.67,0.1911,-0.012,0,0,,-0.1287,,,0,,0.3174
TCGA-XF-AAMT-01,,WT,,3299.29,1.7307,0.255,0,0,,1.4083,,,1,,1.0712
TCGA-XF-AAMW-01,,WT,,1998.82,0.196,-0.042,0,0,,-0.1223,,,0,,0.3205
TCGA-XF-AAMX-01,,WT,,1269.31,-0.665,0.869,0,0,,-1.5088,,,1,,-0.3596
TCGA-XF-AAMY-01,,WT,,1101.89,-0.8625,0.194,0,0,,-1.9406,,,1,,-0.5714
TCGA-XF-AAMZ-01,,WT,,1667.51,-0.195,-0.586,0,0,,-0.6757,,,-1,,0.049
TCGA-XF-AAN0-01,,WT,,1626.58,-0.2433,-0.099,0,0,,-0.7516,,,0,,0.0118
TCGA-XF-AAN1-01,,WT,,1672.44,-0.1892,0.002,0,0,,-0.6667,,,0,,0.0534
TCGA-XF-AAN2-01,,WT,,2153.05,0.378,-0.098,0,0,,0.1047,,,0,,0.4318
TCGA-XF-AAN3-01,,WT,,3021.21,1.4025,-0.042,0,0,,1.1394,,,0,,0.9393
TCGA-XF-AAN4-01,,WT,,1793.71,-0.0461,0.047,0,0,,-0.4529,,,0,,0.1583
TCGA-XF-AAN5-01,,D409H,,2647.11,0.961,0.058,1,1,,0.7356,,,0,,0.7413
TCGA-XF-AAN7-01,,WT,,3601.86,2.0877,-0.346,0,0,,1.6763,,,-1,,1.2027
TCGA-XF-AAN8-01,,WT,,874.644,-1.1307,0.004,0,0,,-2.6456,,,0,,-0.9172
TCGA-XG-A823-01,,WT,,865.385,-2.1366,-0.074,0,0,,,,,0,,-2.6308
TCGA-XH-A853-01,,WT,,3386.27,-0.0833,0.013,0,0,,,,,0,,0.1016
TCGA-XJ-A83F-01,,WT,,1959.75,-0.6668,-0.079,0,0,,-1.6591,,,0,,-0.6283
TCGA-XJ-A83G-01,,WT,,1351.38,-1.5071,-0.062,0,0,,-3.7053,,,0,,-1.895
TCGA-XJ-A83H-01,,WT,,1623.9,-1.1307,0.022,0,0,,-2.6941,,,0,,-1.269
TCGA-XJ-A9DI-01,,WT,,2523.23,0.1114,-0.017,0,0,,-0.2676,,,0,,0.2331
TCGA-XJ-A9DK-01,,WT,,2275.97,-0.2301,-0.004,0,0,,-0.8355,,,0,,-0.1185
TCGA-XJ-A9DQ-01,,WT,,2020.7,-0.5826,-0.006,0,0,,-1.4905,,,0,,-0.5239
TCGA-XJ-A9DX-01,,WT,,3100.3,0.9085,0.361,0,0,,0.8665,,,1,,0.9352
TCGA-XK-AAIR-01,,WT,,2707.0,0.3652,-0.008,0,0,,0.1195,,,0,,0.4727
TCGA-XK-AAIV-01,,WT,,1981.93,-0.6362,0.016,0,0,,-1.5972,,,0,,-0.59
TCGA-XK-AAIW-01,,WT,,2962.59,0.7183,-0.036,0,0,,0.6163,,,0,,0.7803
TCGA-XK-AAJA-01,,WT,,1760.04,-0.9427,0.217,0,0,,-2.2509,,,1,,-0.9946
TCGA-XK-AAJP-01,,WT,,2116.67,-0.4501,-0.117,0,0,,-1.235,,,-1,,-0.3658
TCGA-XK-AAJR-01,,WT,,2188.84,-0.3504,-0.048,0,0,,-1.0504,,,0,,-0.2515
TCGA-XK-AAJT-01,,WT,,1727.87,-0.9871,-0.087,0,0,,-2.3524,,,0,,-1.0575
TCGA-XK-AAJU-01,,WT,,1712.5,-1.0083,0.008,0,0,,-2.4016,,,0,,-1.088
TCGA-XM-A8R8-01,,WT,,2467.41,-0.8561,0.001,0,0,,,,,0,,-0.7067
TCGA-XM-A8R9-01,,WT,,3382.57,-0.0864,0.002,0,0,,,,,0,,0.0989
TCGA-XM-A8RB-01,,WT,,3694.19,0.1756,0.011,0,0,,,,,0,,0.3239
TCGA-XM-A8RC-01,,WT,,3838.55,0.297,-0.001,0,0,,,,,0,,0.4218
TCGA-XM-A8RD-01,,WT,,2715.83,-0.6472,0.007,0,0,,,,,0,,-0.4617
TCGA-XM-A8RE-01,,WT,,2941.78,-0.4571,0.002,0,0,,,,,0,,-0.2577
TCGA-XM-A8RF-01,,WT,,3874.24,0.327,-0.006,0,0,,,,,0,,0.4454
TCGA-XM-A8RG-01,,WT,,6704.51,2.7073,-0.054,0,0,,,,,0,,1.846
TCGA-XM-A8RH-01,,WT,,5247.14,1.4816,0.003,0,0,,,,,0,,1.2201
TCGA-XM-A8RI-01,,WT,,3954.35,0.3944,0.015,0,0,,,,,0,,0.4977
TCGA-XM-A8RL-01,,WT,,5519.08,1.7103,0.003,0,0,,,,,0,,1.3491
TCGA-XM-AAZ1-01,,WT,,2108.65,-1.1578,0.056,0,0,,,,,0,,-1.1078
TCGA-XM-AAZ2-01,,WT,,2475.37,-0.8494,0.0,0,0,,,,,0,,-0.6984
TCGA-XM-AAZ3-01,,WT,,3673.51,0.1582,0.009,0,0,,,,,0,,0.3096
TCGA-XN-A8T3-01,,WT,,1668.78,-0.4343,-0.059,0,0,,,,,0,,-0.3533
TCGA-XN-A8T5-01,,WT,,1687.72,-0.3992,0.005,0,0,,,,,0,,-0.3149
TCGA-XP-A8T6-01,,WT,,2417.7741,-0.9647,-0.055,0,0,,-0.6122,,,0,,-1.1909
TCGA-XP-A8T7-01,,WT,,,,-0.064,0,0,,,,,0,,
TCGA-XP-A8T8-01,,WT,,4403.8981,0.588,0.254,0,0,,2.5685,,,1,,0.4729
TCGA-XQ-A8TA-01,,WT,,2376.93,-0.0906,-0.459,0,0,,-0.5965,,,-1,,0.0295
TCGA-XQ-A8TB-01,,WT,,2754.26,0.4305,-0.058,0,0,,0.2148,,,0,,0.5317
TCGA-XR-A8TD-01,,WT,,1717.3,0.5822,-0.015,0,0,,0.7008,,,0,,0.4551
TCGA-XR-A8TE-01,,WT,,1635.28,0.4212,0.123,0,0,,0.5031,,,1,,0.3446
TCGA-XR-A8TF-01,,WT,,2043.13,1.2219,0.006,0,0,,1.4026,,,0,,0.8473
TCGA-XR-A8TG-01,,WT,,2281.51,1.6898,-0.022,0,0,,1.8484,,,0,,1.0964
TCGA-XS-A8TJ-01,,WT,,2948.32,0.8022,0.03,0,0,,,,,0,,0.7809
TCGA-XT-AASU-01,,WT,,2347.17,1.6003,-0.024,0,0,,,,,0,,1.0714
TCGA-XU-A92O-01,,WT,,2846.97,-0.5369,0.007,0,0,,,,,0,,-0.3413
TCGA-XU-A92Q-01,,WT,,2357.21,-0.9488,0.003,0,0,,,,,0,,-0.8233
TCGA-XU-A92R-01,,WT,,,,0.006,0,0,,,,,0,,
TCGA-XU-A92T-01,,WT,,4164.8,0.5714,0.001,0,0,,,,,0,,0.6301
TCGA-XU-A92U-01,,WT,,3639.8,0.1299,-0.001,0,0,,,,,0,,0.286
TCGA-XU-A92V-01,,WT,,3757.0,0.2284,-0.008,0,0,,,,,0,,0.3669
TCGA-XU-A92W-01,,WT,,4398.21,0.7677,0.0,0,0,,,,,0,,0.7693
TCGA-XU-A92X-01,,WT,,2048.89,-1.2081,-0.043,0,0,,,,,0,,-1.1812
TCGA-XU-A92Y-01,,WT,,3455.39,-0.0252,0.037,0,0,,,,,0,,0.1532
TCGA-XU-A92Z-01,,WT,,3223.83,-0.2199,-0.019,0,0,,,,,0,,-0.0239
TCGA-XU-A930-01,,WT,,3284.67,-0.1688,-0.018,0,0,,,,,0,,0.0239
TCGA-XU-A931-01,,WT,,8598.79,4.3003,0.849,0,0,,,,,1,,2.4815
TCGA-XU-A932-01,,WT,,1904.2,-1.3297,0.023,0,0,,,,,0,,-1.3682
TCGA-XU-A933-01,,WT,,2191.68,-1.088,0.096,0,0,,,,,0,,-1.0092
TCGA-XU-A936-01,,WT,,2608.09,-0.7378,0.027,0,0,,,,,0,,-0.5651
TCGA-XU-AAXW-01,,WT,,4915.9,1.2031,0.044,0,0,,,,,0,,1.0535
TCGA-XU-AAXX-01,,WT,,4754.71,1.0675,0.036,0,0,,,,,0,,0.9684
TCGA-XU-AAXY-01,,WT,,2675.4,-0.6812,0.018,0,0,,,,,0,,-0.5
TCGA-XU-AAXZ-01,,WT,,1134.3,-1.9772,0.005,0,0,,,,,0,,-2.6905
TCGA-XU-AAY0-01,,WT,,2442.38,-0.8771,-0.001,0,0,,,,,0,,-0.7327
TCGA-XU-AAY1-01,,WT,,2839.43,-0.5432,0.002,0,0,,,,,0,,-0.3481
TCGA-XV-AB01-06,,NP,,341.598,-1.9545,0.328,0,0,NP,,,,1,,-2.6073
TCGA-XX-A899-01,,WT,,2258.66,-0.396,0.001,0,0,,-1.3889,,,0,,-0.2413
TCGA-XX-A89A-01,,WT,,1769.49,-0.9298,-0.135,0,0,,-2.2736,,,-1,,-0.8606
TCGA-XY-A89B-01,,WT,,2517.05,0.0149,-0.071,0,0,,,,,0,,0.0344
TCGA-XY-A8S2-01,,WT,,4520.24,2.1816,-0.063,0,0,,,,,0,,1.6725
TCGA-XY-A8S3-01,,WT,,3873.71,1.4823,-0.108,0,0,,,,,-1,,1.2407
TCGA-XY-A9T9-01,,WT,,3249.22,0.8068,-0.025,0,0,,,,,0,,0.7488
TCGA-Y6-A8TL-01,,WT,,1920.63,-0.7209,-0.03,0,0,,-1.7701,,,0,,-0.697
TCGA-Y6-A9XI-01,,WT,,2428.45,-0.0195,-0.079,0,0,,-0.4784,,,0,,0.1026
TCGA-Y8-A894-01,,WT,,2132.8,0.9547,-0.01,0,0,,-0.3294,,,0,,0.9314
TCGA-Y8-A895-01,,WT,,1392.2,-0.2677,0.126,0,0,,-3.5196,,,1,,-0.0166
TCGA-Y8-A896-01,,WT,,1845.59,0.4807,-0.089,0,0,,-1.4112,,,0,,0.6099
TCGA-Y8-A897-01,,WT,,1303.79,-0.4136,0.037,0,0,,-4.0102,,,0,,-0.1623
TCGA-Y8-A898-01,,WT,,894.553,-1.0891,0.048,0,0,,-6.8266,,,0,,-0.9992
TCGA-Y8-A8RY-01,,WT,,1328.81,-0.3723,0.098,0,0,,-3.8681,,,0,,-0.1201
TCGA-Y8-A8RZ-01,,WT,,1467.77,-0.1429,-0.065,0,0,,-3.1243,,,0,,0.1009
TCGA-Y8-A8S0-01,,WT,,1850.49,0.4888,0.082,0,0,,-1.3914,,,0,,0.6158
TCGA-Y8-A8S1-01,,WT,,249.286,-2.1541,-0.028,0,0,,-16.3668,,,0,,-3.8341
TCGA-YA-A8S7-01,,WT,,1626.41,0.4038,0.014,0,0,,0.4812,,,0,,0.3323
TCGA-YB-A89D-01,,WT,,2004.11,0.1867,0.053,0,0,,,,,0,,0.2683
TCGA-YC-A89H-01,,WT,,1391.45,-0.5208,0.026,0,0,,-1.2283,,,0,,-0.222
TCGA-YC-A8S6-01,,Q914*,,1052.28,-0.9211,-0.002,1,1,,-2.0813,,,0,,-0.6404
TCGA-YC-A9TC-01,,WT,,1339.01,-0.5827,0.022,0,0,,-1.3456,,,0,,-0.2795
TCGA-YD-A89C-06,,WT,,1430.0,-0.7915,0.18,0,0,,,,,1,,-0.361
TCGA-YD-A9TA-06,,WT,,2501.94,0.3538,0.19,0,0,,,,,1,,0.5175
TCGA-YD-A9TB-06,,R146Q,,3582.76,1.5087,0.002,1,1,,,,,0,,1.0815
TCGA-YF-AA3L-01,,WT,,1332.99,-0.5898,-0.367,0,0,,-1.3594,,,-1,,-0.2863
TCGA-YF-AA3M-01,,WT,,2022.37,0.2237,0.032,0,0,,-0.0865,,,0,,0.338
TCGA-YG-AA3O-06,,WT,,1824.76,-0.3697,0.0,0,0,,,,,0,,0.0218
TCGA-YG-AA3P-06,,WT,,3679.81,1.6124,-0.223,0,0,,,,,-1,,1.1235
TCGA-YH-A8SY-01,,WT,,1722.55,-0.3347,-0.028,0,0,,,,,0,,-0.2456
TCGA-YJ-A8SW-01,,WT,,3271.58,1.145,0.027,0,0,,1.1627,,,0,,1.1185
TCGA-YL-A8HJ-01,,WT,,2212.33,-0.318,-0.003,0,0,,-0.9916,,,0,,-0.2151
TCGA-YL-A8HK-01,,WT,,2784.51,0.4723,-0.038,0,0,,0.275,,,0,,0.5689
TCGA-YL-A8HL-01,,WT,,2965.21,0.7219,-0.081,0,0,,0.6212,,,0,,0.7833
TCGA-YL-A8HM-01,,WT,,2077.08,-0.5048,-0.032,0,0,,-1.339,,,0,,-0.4301
TCGA-YL-A8HO-01,,WT,,1800.81,-0.8863,0.007,0,0,,-2.1248,,,0,,-0.9166
TCGA-YL-A8S8-01,,WT,,1965.82,-0.6584,0.107,0,0,,-1.6421,,,1,,-0.6178
TCGA-YL-A8S9-01,,WT,,2837.6,0.5456,-0.022,0,0,,0.379,,,0,,0.6333
TCGA-YL-A8SA-01,,WT,,2395.31,-0.0652,-0.087,0,0,,-0.5541,,,0,,0.0557
TCGA-YL-A8SB-01,,WT,,2657.49,0.2969,-0.004,0,0,,0.0179,,,0,,0.4098
TCGA-YL-A8SC-01,,WT,,2931.71,0.6756,0.153,0,0,,0.5586,,,1,,0.7445
TCGA-YL-A8SF-01,,WT,,2496.39,0.0744,-0.053,0,0,,-0.3265,,,0,,0.1966
TCGA-YL-A8SH-01,,WT,,1847.78,-0.8215,-0.049,0,0,,-1.983,,,0,,-0.8288
TCGA-YL-A8SI-01,,WT,,1898.16,-0.7519,-0.012,0,0,,-1.8349,,,0,,-0.7372
TCGA-YL-A8SJ-01,,WT,,2803.08,0.498,-0.094,0,0,,0.3116,,,0,,0.5916
TCGA-YL-A8SK-01,,WT,,2089.25,-0.488,-0.161,0,0,,-1.3068,,,-1,,-0.4102
TCGA-YL-A8SL-01,,WT,,2552.62,0.152,-0.2,0,0,,-0.2038,,,-1,,0.2726
TCGA-YL-A8SO-01,,WT,,1225.6,-1.6808,-0.02,0,0,,-4.2431,,,0,,-2.2279
TCGA-YL-A8SP-01,,WT,,3511.64,1.4766,-0.067,0,0,,1.5526,,,0,,1.3599
TCGA-YL-A8SQ-01,,WT,,2512.09,0.096,-0.069,0,0,,-0.292,,,0,,0.218
TCGA-YL-A8SR-01,,WT,,2582.52,0.1933,-0.068,0,0,,-0.1397,,,0,,0.3122
TCGA-YL-A9WH-01,,WT,,2467.14,0.034,0.034,0,0,,-0.3914,,,0,,0.1565
TCGA-YL-A9WI-01,,WT,,1682.24,-1.0501,0.106,0,0,,-2.4998,,,1,,-1.1487
TCGA-YL-A9WJ-01,,WT,,1988.14,-0.6276,-0.004,0,0,,-1.5799,,,0,,-0.5793
TCGA-YL-A9WK-01,,WT,,2504.57,0.0857,-0.089,0,0,,-0.3085,,,0,,0.2078
TCGA-YL-A9WL-01,,WT,,3182.69,1.0223,-0.195,0,0,,1.011,,,-1,,1.0246
TCGA-YL-A9WX-01,,WT,,2339.22,-0.1427,-0.015,0,0,,-0.6846,,,0,,-0.025
TCGA-YL-A9WY-01,,WT,,2737.45,0.4073,-0.031,0,0,,0.1811,,,0,,0.5108
TCGA-YR-A95A-01,,WT,,1625.72,-0.4604,-0.132,0,0,,1.0635,,,-1,,-0.0794
TCGA-YS-A95B-01,,WT,,1613.66,0.0032,-0.263,0,0,,,,,-1,,-0.0709
TCGA-YS-A95C-01,,WT,,1823.13,0.4593,0.019,0,0,,,,,0,,0.3012
TCGA-YS-AA4M-01,,WT,,1913.97,0.6571,-0.006,0,0,,,,,0,,0.4494
TCGA-YT-A95D-01,,WT,,3450.22,-0.0296,-0.021,0,0,,,,,0,,0.1494
TCGA-YT-A95E-01,,WT,,3970.18,0.4077,0.009,0,0,,,,,0,,0.5079
TCGA-YT-A95F-01,,WT,,4903.05,1.1923,-0.001,0,0,,,,,0,,1.0468
TCGA-YT-A95G-01,,WT,,4287.76,0.6748,0.001,0,0,,,,,0,,0.7044
TCGA-YT-A95H-01,,WT,,3568.1,0.0696,0.045,0,0,,,,,0,,0.2352
TCGA-YU-A90P-01,,WT,,5009.98,2.7113,0.0,0,0,,,,,0,,1.9604
TCGA-YU-A90Q-01,,WT,,2081.04,-0.4567,-0.029,0,0,,,,,0,,-0.4977
TCGA-YU-A90S-01,,WT,,1493.77,-1.0919,0.025,0,0,,,,,0,,-1.4251
TCGA-YU-A90W-01,,WT,,2708.24,0.2217,0.015,0,0,,,,,0,,0.2393
TCGA-YU-A90Y-01,,WT,,2486.01,-0.0187,0.099,0,0,,,,,0,,-0.0003
TCGA-YU-A912-01,,WT,,2928.77,0.4602,-0.142,0,0,,,,,-1,,0.4583
TCGA-YU-A94D-01,,WT,,2103.29,-0.4326,0.1,0,0,,,,,0,,-0.468
TCGA-YU-A94I-01,,WT,,3897.67,1.5082,-0.094,0,0,,,,,0,,1.2579
TCGA-YU-AA4L-01,,WT,,2351.34,-0.1643,-0.096,0,0,,,,,0,,-0.1561
TCGA-YU-AA61-01,,WT,,2279.86,-0.2416,-0.314,0,0,,,,,-1,,-0.2425
TCGA-YY-A8LH-01,,WT,,1951.71,0.0897,0.002,0,0,,,,,0,,0.1784
TCGA-YZ-A980-01,,WT,,1471.02,0.3541,-0.03,0,0,,,,,0,,0.5709
TCGA-YZ-A982-01,,WT,,665.487,-1.0269,0.092,0,0,,,,,0,,-0.8383
TCGA-YZ-A983-01,,WT,,1349.75,0.1462,-0.053,0,0,,,,,0,,0.418
TCGA-YZ-A984-01,,WT,,423.104,-1.4425,0.133,0,0,,,,,1,,-1.6423
TCGA-YZ-A985-01,,WT,,651.106,-1.0516,-0.083,0,0,,,,,0,,-0.8771
TCGA-Z2-A8RT-06,,S704L,,2327.52,0.1675,-0.161,1,1,,,,,-1,,0.404
TCGA-Z2-AA3S-06,,WT,,4242.21,2.2133,-0.225,0,0,,,,,-1,,1.3469
TCGA-Z2-AA3V-06,,WT,,188.328,-2.1183,-0.018,0,0,,,,,0,,-3.5392
TCGA-Z4-A8JB-01,,WT,,1580.82,-0.6247,-0.017,0,0,,,,,0,,-0.5763
TCGA-Z4-A9VC-01,,WT,,2845.56,0.6278,-0.01,0,0,,,,,0,,0.6878
TCGA-Z4-AAPF-01,,WT,,2179.03,-0.0322,0.462,0,0,,,,,1,,0.1138
TCGA-Z4-AAPG-01,,WT,,1501.01,-0.7037,-0.066,0,0,,,,,0,,-0.6877
TCGA-Z5-AAPL-01,,WT,,2737.32,1.5445,-0.004,0,0,,,,,0,,1.3267
TCGA-Z6-A8JD-01,,WT,,4764.3554,0.8698,0.185,0,0,,2.9858,,,1,,0.6912
TCGA-Z6-A8JE-01,,WT,,8115.793,3.4898,0.403,0,0,,5.8116,,,1,,2.1693
TCGA-Z6-A9VB-01,,WT,,3915.9013,0.2065,0.0,0,0,,1.9455,,,0,,0.147
TCGA-Z6-AAPN-01,,WT,,3115.0173,-0.4196,-0.03,0,0,,0.7318,,,0,,-0.4879
TCGA-Z7-A8R5-01,,WT,,1340.38,-1.398,0.008,0,0,,-3.2801,,,0,,-1.5653
TCGA-Z7-A8R6-01,,L1000F,,1511.96,-1.2108,0.106,1,1,,-2.8436,,,1,,-1.2597
TCGA-ZA-A8F6-01,,WT,,3358.4211,0.7994,0.059,0,0,,1.4605,,,0,,0.6453
TCGA-ZB-A961-01,,WT,,2741.95,-0.6252,-0.056,0,0,,,,,0,,-0.4373
TCGA-ZB-A962-01,,WT,,3660.49,0.1473,-0.013,0,0,,,,,0,,0.3005
TCGA-ZB-A963-01,,WT,,3481.61,-0.0032,0.0,0,0,,,,,0,,0.1725
TCGA-ZB-A964-01,,WT,,4433.38,0.7973,0.0,0,0,,,,,0,,0.7897
TCGA-ZB-A965-01,,WT,,5768.74,1.9203,0.003,0,0,,,,,0,,1.4621
TCGA-ZB-A966-01,,WT,,1559.77,-1.6194,-0.003,0,0,,,,,0,,-1.8776
TCGA-ZB-A969-01,,WT,,3732.48,0.2078,-0.089,0,0,,,,,0,,0.3502
TCGA-ZB-A96A-01,,WT,,3112.24,-0.3138,0.014,0,0,,,,,0,,-0.1138
TCGA-ZB-A96B-01,,WT,,3130.61,-0.2983,0.001,0,0,,,,,0,,-0.0988
TCGA-ZB-A96C-01,,WT,,3653.02,0.141,-0.005,0,0,,,,,0,,0.2953
TCGA-ZB-A96D-01,,WT,,5145.2,1.3959,0.001,0,0,,,,,0,,1.1699
TCGA-ZB-A96E-01,,WT,,3193.56,-0.2454,0.004,0,0,,,,,0,,-0.048
TCGA-ZB-A96F-01,,WT,,3548.93,0.0535,0.35,0,0,,,,,1,,0.2215
TCGA-ZB-A96G-01,,WT,,3069.28,-0.3499,0.016,0,0,,,,,0,,-0.1493
TCGA-ZB-A96H-01,,WT,,3870.14,0.3236,0.0,0,0,,,,,0,,0.4427
TCGA-ZB-A96I-01,,WT,,2345.58,-0.9585,-0.239,0,0,,,,,-1,,-0.836
TCGA-ZB-A96K-01,,WT,,3471.03,-0.0121,-0.019,0,0,,,,,0,,0.1648
TCGA-ZB-A96L-01,,WT,,6208.52,2.2901,-0.024,0,0,,,,,0,,1.6497
TCGA-ZB-A96M-01,,WT,,4085.27,0.5045,0.0,0,0,,,,,0,,0.5809
TCGA-ZB-A96O-01,,WT,,2877.22,-0.5114,0.005,0,0,,,,,0,,-0.3143
TCGA-ZB-A96P-01,,WT,,5972.03,2.0913,0.007,0,0,,,,,0,,1.5505
TCGA-ZB-A96Q-01,,WT,,5716.09,1.876,0.0,0,0,,,,,0,,1.4387
TCGA-ZB-A96R-01,,WT,,3087.57,-0.3345,0.0,0,0,,,,,0,,-0.1342
TCGA-ZB-A96V-01,,WT,,1729.31,-1.4768,0.058,0,0,,,,,0,,-1.6142
TCGA-ZC-AAA7-01,,WT,,1755.86,-1.4545,0.047,0,0,,,,,0,,-1.5753
TCGA-ZC-AAAA-01,,WT,,3404.03,-0.0684,-0.04,0,0,,,,,0,,0.115
TCGA-ZC-AAAF-01,,WT,,2611.07,-0.7353,-0.001,0,0,,,,,0,,-0.5622
TCGA-ZC-AAAH-01,,WT,,2633.75,-0.7162,0.072,0,0,,,,,0,,-0.5401
TCGA-ZD-A8I3-01,,WT,,1706.8,-0.3498,-0.03,0,0,,1.4786,,,0,,0.0534
TCGA-ZF-A9R0-01,,WT,,872.542,-1.1332,-0.077,0,0,,-2.6529,,,0,,-0.9208
TCGA-ZF-A9R1-01,,WT,,156.501,-1.9782,-1.24,1,1,,-7.8872,,,-2,,-3.4881
TCGA-ZF-A9R2-01,,X699_splice,,244.614,-1.8742,-0.376,1,1,,-6.5296,,,-1,,-2.8222
TCGA-ZF-A9R3-01,,WT,,1830.25,-0.003,0.08,0,0,,-0.3914,,,0,,0.1885
TCGA-ZF-A9R4-01,,WT,,2218.82,0.4556,-0.056,0,0,,0.1966,,,0,,0.4769
TCGA-ZF-A9R5-01,,WT,,1839.63,0.0081,-0.002,0,0,,-0.3758,,,0,,0.1962
TCGA-ZF-A9R7-01,,WT,,1415.08,-0.4929,0.001,0,0,,-1.1769,,,0,,-0.1968
TCGA-ZF-A9R9-01,,WT,,1557.41,-0.325,-0.164,0,0,,-0.8843,,,-1,,-0.0533
TCGA-ZF-A9RC-01,,WT,,1055.59,-0.9172,0.0,0,0,,-2.0717,,,0,,-0.6357
TCGA-ZF-A9RD-01,,M1139I,,1817.69,-0.0178,0.014,1,1,,-0.4124,,,0,,0.1782
TCGA-ZF-A9RE-01,,C772R,,3083.11,1.4755,-0.032,1,1,,1.2013,,,0,,0.9697
TCGA-ZF-A9RF-01,,WT,,1745.12,-0.1034,0.0,0,0,,-0.5368,,,0,,0.1172
TCGA-ZF-A9RG-01,,X129_splice,,,,0.022,1,1,NP,,,,0,,
TCGA-ZF-A9RL-01,,WT,,2854.69,1.206,-0.144,0,0,,0.9662,,,-1,,0.8544
TCGA-ZF-A9RM-01,,WT,,2649.73,0.9641,-0.369,0,0,,0.7386,,,-1,,0.7427
TCGA-ZF-A9RN-01,,WT,,1833.41,0.0008,0.0,0,0,,-0.3861,,,0,,0.1911
TCGA-ZF-AA4N-01,,WT,,2418.09,0.6907,-0.022,0,0,,0.4592,,,0,,0.6057
TCGA-ZF-AA4R-01,,WT,,2911.58,1.2731,0.174,0,0,,1.0265,,,1,,0.8839
TCGA-ZF-AA4T-01,,WT,,2184.65,0.4153,-0.085,0,0,,0.1492,,,0,,0.4536
TCGA-ZF-AA4U-01,,WT,,19.5457,-2.1398,-1.29,0,0,,-14.1103,,,-1,,-6.5404
TCGA-ZF-AA4V-01,,WT,,2183.87,0.4143,0.272,0,0,,0.1481,,,1,,0.4531
TCGA-ZF-AA4W-01,,WT,,1937.6,0.1237,-0.029,0,0,,-0.2173,,,0,,0.2739
TCGA-ZF-AA4X-01,,WT,,2546.47,0.8422,0.0,0,0,,0.6172,,,0,,0.6832
TCGA-ZF-AA51-01,,WT,,2661.64,0.9782,0.093,0,0,,0.7523,,,0,,0.7495
TCGA-ZF-AA52-01,,WT,,876.914,-1.128,0.069,0,0,,-2.6377,,,0,,-0.9133
TCGA-ZF-AA53-01,,E1135Ifs*18,,310.606,-1.7963,0.001,1,1,,-5.8025,,,0,,-2.4656
TCGA-ZF-AA54-01,,WT,,1613.87,-0.2583,0.01,0,0,,-0.7756,,,0,,0.0001
TCGA-ZF-AA56-01,,WT,,1805.47,-0.0322,0.037,0,0,,-0.433,,,0,,0.1681
TCGA-ZF-AA58-01,,WT,,2202.78,0.4367,0.086,0,0,,0.1744,,,0,,0.466
TCGA-ZF-AA5H-01,,WT,,1335.44,-0.5869,0.217,0,0,,-1.3538,,,1,,-0.2835
TCGA-ZF-AA5N-01,,WT,,920.245,-1.0769,0.056,0,0,,-2.4905,,,0,,-0.8411
TCGA-ZF-AA5P-01,,WT,,1500.83,-0.3917,0.003,0,0,,-0.9973,,,0,,-0.1087
TCGA-ZG-A8QW-01,,WT,,1553.25,-1.2283,-0.025,0,0,,-2.939,,,0,,-1.4206
TCGA-ZG-A8QX-01,,WT,,1899.58,-0.7499,-0.019,0,0,,-1.8308,,,0,,-0.7346
TCGA-ZG-A8QY-01,,WT,,2424.43,-0.025,-0.055,0,0,,-0.4875,,,0,,0.0969
TCGA-ZG-A8QZ-01,,WT,,2635.52,0.2665,0.0,0,0,,-0.0279,,,0,,0.3815
TCGA-ZG-A9KY-01,,WT,,3422.6,1.3536,-0.113,0,0,,1.4112,,,-1,,1.2723
TCGA-ZG-A9L0-01,,WT,,2495.57,0.0732,-0.019,0,0,,-0.3283,,,0,,0.1955
TCGA-ZG-A9L1-01,,WT,,2694.05,0.3474,0.17,0,0,,0.0931,,,1,,0.4564
TCGA-ZG-A9L2-01,,WT,,2100.74,-0.4721,-0.034,0,0,,-1.2766,,,0,,-0.3915
TCGA-ZG-A9L4-01,,WT,,2575.23,0.1833,-0.027,0,0,,-0.1553,,,0,,0.3026
TCGA-ZG-A9L5-01,,WT,,5908.33,4.7868,0.116,0,0,,4.418,,,1,,3.1336
TCGA-ZG-A9L6-01,,WT,,1977.24,-0.6427,-0.007,0,0,,-1.6102,,,0,,-0.598
TCGA-ZG-A9L9-01,,WT,,1367.39,-1.485,0.055,0,0,,-3.6405,,,0,,-1.8549
TCGA-ZG-A9LB-01,,WT,,2134.07,-0.4261,0.079,0,0,,-1.1899,,,0,,-0.3379
TCGA-ZG-A9LM-01,,WT,,2505.81,0.0874,-0.103,0,0,,-0.3058,,,-1,,0.2095
TCGA-ZG-A9LN-01,,WT,,1823.05,-0.8556,-0.029,0,0,,-2.0572,,,0,,-0.8748
TCGA-ZG-A9LS-01,,WT,,1676.66,-1.0578,-0.019,0,0,,-2.5181,,,0,,-1.16
TCGA-ZG-A9LU-01,,WT,,1406.17,-1.4314,-0.009,0,0,,-3.4866,,,0,,-1.7596
TCGA-ZG-A9LY-01,,WT,,2531.33,0.1226,0.09,0,0,,-0.25,,,0,,0.244
TCGA-ZG-A9LZ-01,,WT,,2698.58,0.3536,-0.068,0,0,,0.1024,,,0,,0.4621
TCGA-ZG-A9M4-01,,WT,,2980.35,0.7428,-0.091,0,0,,0.6492,,,0,,0.8006
TCGA-ZG-A9MC-01,,WT,,2454.95,0.0171,0.007,0,0,,-0.4187,,,0,,0.1396
TCGA-ZG-A9N3-01,,WT,,2184.02,-0.3571,-0.034,0,0,,-1.0626,,,0,,-0.259
TCGA-ZG-A9ND-01,,WT,,1821.2,-0.8582,-0.124,0,0,,-2.0628,,,-1,,-0.8782
TCGA-ZG-A9NI-01,,WT,,1534.54,-1.2541,0.0,0,0,,-3.0057,,,0,,-1.4619
TCGA-ZH-A8Y1-01,,WT,,2150.99,0.2562,0.019,0,0,,3.4518,,,0,,0.6843
TCGA-ZH-A8Y2-01,,WT,,2085.18,0.1664,0.0,0,0,,3.1867,,,0,,0.5996
TCGA-ZH-A8Y4-01,,WT,,1448.16,-0.7026,-0.172,0,0,,0.077,,,-1,,-0.3948
TCGA-ZH-A8Y5-01,,WT,,1917.42,-0.0624,0.021,0,0,,2.4712,,,0,,0.3708
TCGA-ZH-A8Y6-01,,WT,,4012.38,2.7955,-0.007,0,0,,8.7711,,,0,,2.3853
TCGA-ZH-A8Y8-01,,WT,,1490.95,-0.6442,-0.093,0,0,,0.3254,,,0,,-0.3154
TCGA-ZJ-A8QO-01,,WT,,4284.19,2.4267,-0.033,0,0,,,,,0,,1.7479
TCGA-ZJ-A8QQ-01,,WT,,1725.85,-0.6845,,0,0,,,,,NP,,-0.6046
TCGA-ZJ-A8QR-01,,WT,,2845.21,0.6768,0.322,0,0,,,,,1,,0.6888
TCGA-ZJ-AAX4-01,,WT,,3976.73,2.0528,0.0,0,0,,,,,0,,1.5552
TCGA-ZJ-AAX8-01,,WT,,2129.31,-0.1938,0.025,0,0,,,,,0,,-0.0611
TCGA-ZJ-AAXA-01,,WT,,2969.74,0.8282,0.158,0,0,,,,,1,,0.7996
TCGA-ZJ-AAXB-01,,WT,,2280.13,-0.0104,-0.273,0,0,,,,,-1,,0.1159
TCGA-ZJ-AAXD-01,,WT,,3245.65,1.1638,0.128,0,0,,,,,1,,1.0295
TCGA-ZJ-AAXF-01,,WT,,1647.85,-0.7794,0.024,0,0,,,,,0,,-0.7242
TCGA-ZJ-AAXI-01,,WT,,2377.42,0.1079,0.036,0,0,,,,,0,,0.224
TCGA-ZJ-AAXJ-01,,WT,,3418.23,1.3736,-0.081,0,0,,,,,0,,1.1636
TCGA-ZJ-AAXN-01,,WT,,2385.94,0.1182,-0.021,0,0,,,,,0,,0.2333
TCGA-ZJ-AAXT-01,,WT,,2508.97,0.2679,-0.07,0,0,,,,,0,,0.3634
TCGA-ZJ-AAXU-01,,WT,,1664.57,-0.759,0.026,0,0,,,,,0,,-0.6981
TCGA-ZJ-AB0H-01,,WT,,1591.02,-0.8485,0.076,0,0,,,,,0,,-0.815
TCGA-ZJ-AB0I-01,,WT,,2760.29,0.5735,0.398,0,0,,,,,1,,0.6104
TCGA-ZL-A9V6-01,,WT,,4174.95,0.5799,0.003,0,0,,,,,0,,0.6363
TCGA-ZM-AA05-01,,WT,,1254.22,-1.351,0.036,0,0,,,,,0,,-1.914
TCGA-ZM-AA06-01,,WT,,1185.9,-1.4249,-0.019,0,0,,,,,0,,-2.0706
TCGA-ZM-AA0B-01,,WT,,2401.69,-0.1099,-0.018,0,0,,,,,0,,-0.0968
TCGA-ZM-AA0D-01,,WT,,1610.5,-0.9656,-0.018,0,0,,,,,0,,-1.2147
TCGA-ZM-AA0E-01,,WT,,1789.9,-0.7716,0.0,0,0,,,,,0,,-0.9193
TCGA-ZM-AA0F-01,,WT,,2222.76,-0.3034,-0.005,0,0,,,,,0,,-0.3134
TCGA-ZM-AA0H-01,,WT,,1404.55,-1.1884,0.058,0,0,,,,,0,,-1.5974
TCGA-ZM-AA0N-01,,WT,,1966.7,-0.5804,0.164,0,0,,,,,1,,-0.6558
TCGA-ZN-A9VO-01,,WT,,1295.3,-0.6899,-0.134,0,0,,,,,-1,,-0.7407
TCGA-ZN-A9VP-01,,WT,,3774.6,4.7082,0.946,0,0,,,,,1,,2.52
TCGA-ZN-A9VQ-01,,WT,,2245.7,1.3794,-0.135,0,0,,,,,-1,,0.9367
TCGA-ZN-A9VS-01,,WT,,2153.78,1.1792,-0.111,0,0,,,,,-1,,0.8093
TCGA-ZN-A9VU-01,,WT,,2596.79,2.1438,-0.046,0,0,,,,,0,,1.3796
TCGA-ZN-A9VV-01,,WT,,2061.46,0.9782,-0.013,0,0,,,,,0,,0.6757
TCGA-ZN-A9VW-01,,WT,,1761.55,0.3252,-0.057,0,0,,,,,0,,0.1964
TCGA-ZP-A9CV-01,,WT,,1929.2,0.9982,0.672,0,0,,1.1708,,,1,,0.7177
TCGA-ZP-A9CY-01,,WT,,1293.84,-0.2491,0.009,0,0,,-0.4428,,,0,,-0.184
TCGA-ZP-A9CZ-01,,WT,,1503.65,0.1628,-0.024,0,0,,0.1642,,,0,,0.1552
TCGA-ZP-A9D0-01,,WT,,1799.23,0.7431,-0.059,0,0,,0.8891,,,0,,0.5603
TCGA-ZP-A9D1-01,,WT,,1702.89,0.5539,-0.033,0,0,,0.6668,,,0,,0.4361
TCGA-ZP-A9D2-01,,WT,,1500.36,0.1563,-0.119,0,0,,0.1553,,,-1,,0.1502
TCGA-ZP-A9D4-01,,WT,,1309.01,-0.2193,0.042,0,0,,-0.3957,,,0,,-0.1577
TCGA-ZQ-A9CR-01,,WT,,2573.1732,-0.1692,0.038,0,0,,0.612,,,0,,-0.1348
TCGA-ZR-A9CJ-01,,WT,,2243.0781,-1.1013,-0.321,0,0,,-1.01,,,-1,,-1.399
TCGA-ZS-A9CD-01,,WT,,1649.89,0.4499,0.449,0,0,,0.5391,,,1,,0.3647
TCGA-ZS-A9CE-01,,WT,,1120.9,-0.5886,-0.088,0,0,,-1.0222,,,0,,-0.5079
TCGA-ZS-A9CF-01,,WT,,2191.59,1.5133,-0.16,0,0,,1.686,,,-1,,1.0056
TCGA-ZS-A9CG-01,,WT,,2822.28,2.7514,0.497,0,0,,2.7078,,,1,,1.5767
TCGA-ZT-A8OM-01,,WT,,1553.69,-1.6245,-0.003,0,0,,,,,0,,-1.8875
TCGA-ZU-A8S4-01,,WT,,1206.03,-1.0329,-0.043,0,0,,-1.4834,,,0,,-0.8938
TCGA-ZX-AA5X-01,,WT,,1403.71,-1.0763,0.013,0,0,,,,,0,,-1.139
