,log2,mRNA_RSEM,mRNA_Diploid,mRNA_Normal,mRNA_all
0,0.076,2245.9057399999997,-0.17767,-0.51683,-0.17876
1,-0.071,2028.8722200000004,-0.025490000000000047,-0.20606000000000008,-0.28731000000000007
2,-0.052,2297.42,-0.09329000000000004,-0.03450000000000001,-0.04879999999999999
3,-0.184,2274.53079,-0.03597999999999999,0.10286999999999999,-0.12059
4,-0.058,2580.7640199999996,0.21467,-0.55989,0.24653
5,-0.094,2025.4714200000003,-0.08619,0.16976999999999998,-0.03508999999999999
6,-0.199,2027.5819500000002,-0.23653000000000005,-0.49103,-0.24434
7,-0.041,2508.12927,0.06059999999999999,-0.8118000000000001,0.1958
8,-0.042,2594.8598100000004,0.4251600000000001,-0.34931000000000006,0.29192
9,-0.097,2009.49832,-0.4192,0.18666,-0.34460999999999997
10,-0.037,2121.08563,-0.16740000000000002,-1.03691,-0.13461000000000004
11,-0.005,3022.28892,0.30752,-0.6283400000000001,0.1711
12,-0.103,1945.7807999999998,-0.31005999999999995,0.33016999999999996,-0.28053
13,0.027,2498.20626,0.11364999999999999,0.20640999999999998,-0.06327999999999999
14,-0.13,2407.58687,0.32434999999999997,0.052510000000000015,0.25412
15,-0.06,2232.17212,0.0645,-0.0063300000000000465,0.02955000000000003
16,0.0,2484.5456000000004,0.21022,-0.8912100000000001,0.06565000000000003
17,-0.032,3028.81057,0.60811,-0.06829999999999994,0.485
18,-0.091,2543.0639999999994,0.1637,0.6569200000000001,0.12729
19,0.022,2257.35601,-0.36608,0.15043,-0.43158
20,-0.055,2360.003,0.04040999999999999,-0.62739,0.05712999999999998
21,-0.147,2112.8601500000004,-0.30544000000000004,-0.12224000000000004,-0.30078000000000005
22,-0.009,2177.40195,-0.24098999999999995,-1.7229799999999997,-0.32251
23,-0.016,2302.65033,-0.13134,-0.7119700000000001,-0.08199999999999999
24,-0.014,2366.39,-0.0793,-0.12050999999999996,0.0032
25,-0.134,2625.6980900000003,0.40951000000000004,0.016690000000000094,0.19577999999999998
26,0.106,2281.6085799999996,-0.18765,-1.4543599999999999,-0.25212
27,-0.047,2220.49173,-0.23315000000000002,-0.19486000000000003,-0.15541999999999997
28,0.028,1870.8003699999997,-0.39953,-1.0944699999999998,-0.34518000000000004
29,-0.011,1852.84,-0.6923,-0.91814,-0.7028
30,-0.006,3132.5096600000006,0.14571,-0.39239,0.02088000000000002
31,0.324,2748.7992999999997,0.71491,0.59405,0.4215699999999999
32,-0.011,2019.66347,-0.46979999999999994,-0.88555,-0.48201
33,-0.046,2461.62145,0.007350000000000012,-1.2277200000000001,0.11686999999999999
34,-0.05,1957.6731,-0.27430999999999994,-1.1998799999999998,-0.23088000000000003
35,-0.104,2360.3650199999997,0.22821000000000002,-0.36429999999999996,0.22527999999999998
36,0.067,2608.21259,0.3101,-0.5536300000000001,0.18020999999999995
37,-0.013,2343.4716000000003,-0.025170000000000005,-0.015200000000000014,-0.06922999999999999
38,-0.023,2227.5670099999998,-0.10386000000000002,-0.71114,-0.11740999999999994
39,-0.05,1957.6731,-0.27430999999999994,-1.1998799999999998,-0.23088000000000003
40,-0.008,2591.6816,0.14275,-0.8274900000000001,0.13731
41,-0.101,2200.53189,-0.16086,0.08454000000000002,-0.20682999999999993
42,0.021,2228.3036700000002,-0.08349,-0.90998,-0.20232
43,-0.098,2262.3195499999997,-0.11994000000000002,-0.32430000000000003,-0.21076
44,-0.061,2506.92234,0.08879,-1.31123,0.08557999999999999
45,-0.018,2607.1832999999997,0.40085999999999994,-0.74311,-0.06069
46,-0.078,1934.3781999999999,-0.5963799999999999,-2.7596200000000004,-0.7565999999999999
47,0.085,2343.9211499999997,0.17817,-1.3436299999999999,0.1567
48,-0.027,2444.47782,0.009199999999999986,-0.47521,-0.015589999999999982
49,-0.137,2391.3450000000003,0.00544,-0.44338000000000005,-0.0022599999999999842
50,-0.007,2122.5798800000002,-0.43115,-0.15995999999999996,-0.49422999999999995
51,-0.034,2078.96912,-0.5581200000000001,-1.00751,-0.7374499999999999
52,-0.006,3132.5096600000006,0.14571,-0.39239,0.02088000000000002
53,-0.018,2607.1832999999997,0.40085999999999994,-0.74311,-0.06069
54,-0.026,3086.055,0.66361,-0.50794,0.54601
55,0.08,1948.0582600000002,-0.39062,-1.6891000000000003,-0.51293
56,-0.075,2186.5950000000003,-0.10349000000000005,-0.7021200000000001,-0.16461999999999996
57,-0.096,2767.4261300000003,0.28432999999999997,-0.18260000000000004,0.21651999999999996
58,-0.064,2223.17951,-0.26513,-0.72416,-0.36768000000000006
59,-0.086,2437.30747,0.26661999999999997,-0.21842999999999999,0.25728
60,-0.036,2199.91055,-0.19851,-0.7133400000000001,-0.14761999999999997
61,0.196,1995.01135,0.17207,-1.5393,0.15119
62,0.009,2358.17819,-0.19759000000000004,-0.9018800000000002,-0.2807
63,0.116,2669.27578,0.46796000000000004,0.48038,0.28600000000000003
64,-0.072,2435.24,0.16669,-0.20586000000000002,0.15011999999999998
65,0.001,2678.2648200000003,0.21932999999999997,-0.84222,0.27066999999999997
66,-0.046,2461.62145,0.007350000000000012,-1.2277200000000001,0.11686999999999999
67,-0.063,2647.8417400000003,0.11061000000000003,-0.4380400000000001,-0.11377999999999996
68,-0.059,2647.829,0.22571000000000002,0.39124,0.21528
69,-0.044,2323.57,0.06448999999999998,-0.9811099999999999,0.10958999999999999
70,-0.049,2311.8232799999996,0.12053,-0.9486100000000001,0.12680000000000002
71,-0.054,2178.85062,-0.23356999999999997,-1.45844,-0.57569
72,0.014,2709.6353,0.25619999999999993,-0.64618,0.26947
73,-0.115,2701.8176900000003,0.27412,-0.29097999999999996,0.20563000000000003
74,-0.008,2591.6816,0.14275,-0.8274900000000001,0.13731
75,-0.844,1739.81891,-0.6804399999999998,-1.1293499999999999,-1.57647
76,-0.052,2297.42,-0.09329000000000004,-0.03450000000000001,-0.04879999999999999
77,0.022,2257.35601,-0.36608,0.15043,-0.43158
78,-0.139,2136.3360000000002,-0.20954,-0.77753,-0.18913000000000002
79,-0.083,2029.4036500000002,-0.49971999999999994,-1.1865,-0.71102
80,-0.068,2571.59,0.39827,-0.35663,0.38299999999999995
81,0.056,1896.7036,-0.58583,-1.17301,-0.57619
82,-0.1,2152.1799,-0.24871,0.14978000000000008,-0.26951
83,-0.07,2264.048,-0.0024900000000000143,0.5230400000000001,-0.024919999999999987
84,-0.006,3132.5096600000006,0.14571,-0.39239,0.02088000000000002
85,-0.01,2323.2385999999997,0.08265999999999998,-1.1183599999999998,0.009370000000000012
86,-0.152,2486.20049,0.32422,-0.84616,0.32404
87,-0.006,3132.5096600000006,0.14571,-0.39239,0.02088000000000002
88,0.049,2136.99,-0.3531,-0.5913999999999999,-0.2911
89,-0.035,3106.67,0.8043,0.42427000000000004,0.7886
90,-0.088,1813.41,-0.7393,-1.7829900000000003,-0.7648
91,-0.348,2118.3014,0.07749999999999999,-0.8661900000000001,-0.22894999999999993
92,-0.237,2086.5806599999996,-0.013609999999999987,-0.8795000000000002,0.00866000000000001
93,0.071,2703.5831200000002,0.41608999999999996,-0.46873000000000004,0.19494999999999998
94,-0.332,1675.4541000000002,-0.50937,-1.7555900000000002,-0.61683
95,0.062,2450.718,0.18531000000000003,-0.51037,0.10078999999999994
96,-0.082,2617.9644999999996,0.24609999999999993,-0.5949799999999998,0.14033
97,-0.589,2156.63494,0.18294000000000005,-0.44976000000000005,0.11756000000000003
98,0.136,2332.54052,0.18610000000000004,-0.8177899999999999,0.10418999999999998
99,-0.26,2428.2034299999996,0.12182,-0.46238999999999997,0.11091
100,0.356,2676.81214,0.40993,0.41206,0.35647
101,-0.48,2002.7826899999995,-0.43737000000000004,-1.67316,-0.5061100000000001
102,-0.156,2225.9632,-0.0151,-0.2719,-0.0192
103,-0.013,2343.4716000000003,-0.025170000000000005,-0.015200000000000014,-0.06922999999999999
104,-0.093,2329.713,0.31378999999999996,0.30538999999999994,0.34299999999999997
105,0.353,3122.9816899999996,0.661,0.67825,0.53191
106,-0.06,2232.17212,0.0645,-0.0063300000000000465,0.02955000000000003
107,0.08,1948.0582600000002,-0.39062,-1.6891000000000003,-0.51293
108,0.016,3179.8574,1.2502,0.57547,0.8725
109,-0.007,2122.5798800000002,-0.43115,-0.15995999999999996,-0.49422999999999995
110,-0.109,2747.52507,0.45206,0.060450000000000004,0.36971999999999994
111,0.469,3045.0789,1.0714,1.03904,0.7642
112,1.96,2920.4246,0.9061,0.55105,0.6597
113,-0.193,2604.6108,0.4872,0.36887,0.3735
114,-0.416,2008.89456,-0.46873000000000004,-1.2437900000000002,-0.5555199999999999
115,0.005171583271097834,2431.304384172376,0.08362741535100784,-0.5253435138629509,9.929500543630022e-09
116,-0.095,2472.2830000000004,0.22176,-0.8663399999999999,0.27251000000000003
117,-0.162,4394.3531,2.8612,2.1134299999999997,1.6814
118,-0.052,2297.42,-0.09329000000000004,-0.03450000000000001,-0.04879999999999999
119,-0.145,2269.1872,0.13040000000000002,-1.19706,0.03038999999999998
120,-0.597,3417.2322,1.5651,1.07585,1.0525
121,0.309,3263.23589,0.7031799999999999,1.5136899999999998,0.4916600000000001
122,0.451,2991.00576,0.9961400000000001,1.6327600000000004,0.7312100000000001
123,-0.256,2235.7029,0.24191000000000001,-0.010289999999999999,-0.07305000000000003
124,-0.058,2580.7640199999996,0.21467,-0.55989,0.24653
125,-0.301,2058.77552,-0.054500000000000014,-1.63923,-0.13986
126,-0.197,1890.2016000000003,-0.40341000000000005,-1.3698000000000001,-0.38278999999999996
127,-0.123,2416.0275599999995,-0.015620000000000012,-0.3128999999999999,-0.04679000000000003
128,-0.271,2550.86592,0.12937999999999997,-0.31674,0.07368
129,-0.098,2262.3195499999997,-0.11994000000000002,-0.32430000000000003,-0.21076
130,-0.296,2204.60805,-0.20674,-1.28813,-0.20909
131,0.214,2736.6818700000003,0.6285400000000001,0.4556000000000001,0.39898
132,0.402,3423.85153,1.0983999999999998,0.9785600000000001,0.7944899999999999
133,0.637,3608.7450400000002,2.3832,1.83041,1.33279
134,0.443,2963.61,1.2204,1.7682,0.9433
135,-0.038,2421.76,0.3375,0.4158,0.2969
136,0.029,2912.05,1.1364,1.6506,0.8871
137,-0.423,1113.96,-1.7935,-4.7841,-2.1884
138,0.022,1976.18,-0.3885,-0.9459,-0.3539
139,0.013,2140.27,-0.1212,-0.4117,-0.0986
140,0.103,1626.06,-0.959,-2.2517,-0.978
141,0.067,1340.59,-1.4242,-3.5443,-1.5958
142,-0.134,3417.74,1.9604,2.7231,1.3997
143,0.216,4498.95,3.7221,4.5643,2.2797
144,0.0,1284.47,-1.5156,-3.8307,-1.7326
145,-0.033,2382.05,0.2728,0.3051,0.244
146,0.027,1901.58,-0.5101,-1.2036,-0.477
147,0.325,2222.47,0.0128,-0.1593,0.0221
148,0.214,1888.38,-0.5316,-1.2502,-0.4993
149,-0.007,2604.0,0.6344,0.9018,0.5292
150,0.07,2321.04,0.1734,0.1313,0.161
151,0.014,1748.9,-0.7589,-1.7641,-0.7449
152,0.026,2135.42,-0.1291,-0.4269,-0.1058
153,0.009,2068.49,-0.2381,-0.6402,-0.2078
154,-0.108,2802.67,0.9582,1.3942,0.7646
155,-0.079,1782.32,-0.7044,-1.6373,-0.6843
156,0.361,3753.98,2.5082,3.3517,1.7001
157,-0.051,2261.35,0.0761,-0.0432,0.0776
158,0.062,1709.73,-0.8227,-1.9158,-0.8174
159,0.004,2402.37,0.3059,0.362,0.2712
160,-0.084,2490.08,0.4488,0.6021,0.386
161,1.01,3266.56,1.714,2.4201,1.2549
162,0.121,2796.34,0.9478,1.3791,0.7573
163,0.05,1881.22,-0.5433,-1.2757,-0.5115
164,1.1,2521.91,0.5007,0.6872,0.4267
165,0.001,2004.64,-0.3422,-0.8501,-0.3081
166,-0.179,1790.36,-0.6913,-1.6072,-0.6699
167,-0.009,2177.40195,-0.24098999999999995,-1.7229799999999997,-0.32251
168,-0.001,2148.22419,-0.28865999999999997,-0.31208,-0.23364
169,-0.072,2435.24,0.16669,-0.20586000000000002,0.15011999999999998
170,-0.048,2095.2407,-0.47734000000000004,-1.04196,-0.4404199999999999
171,-0.028,2389.08,-0.0522,-0.14819000000000004,0.0307
172,0.0524,3200.0,0.9157,1.2067799999999997,0.874
173,-0.005,3022.28892,0.30752,-0.6283400000000001,0.1711
174,-0.014,2004.6383600000001,-0.33835999999999994,-2.06384,-0.30116000000000004
175,-0.075,2186.5950000000003,-0.10349000000000005,-0.7021200000000001,-0.16461999999999996
176,-0.103,3270.43,0.9997,1.39431,0.9369
177,-0.007,1891.7,-0.6459,-1.03718,-0.6429
178,-0.013,1921.59,-0.6102,-1.26505,-0.5976
179,0.077,2037.7175,0.09889999999999996,-1.7996299999999998,0.04461999999999998
180,-0.044,2323.57,0.06448999999999998,-0.9811099999999999,0.10958999999999999
181,-0.043,2070.49,-0.4325,-0.9485300000000001,-0.3823
182,-0.017,2056.1231,-0.35113000000000005,-0.4290399999999998,-0.3554
183,-0.045,2551.6162,-0.16234000000000004,-0.63887,-0.23526000000000002
184,-0.026,1475.36,-1.1428,-1.7467999999999997,-1.36
185,0.014,2709.6353,0.25619999999999993,-0.64618,0.26947
186,-0.041,2508.12927,0.06059999999999999,-0.8118000000000001,0.1958
187,-0.035,2542.943,0.35136,-0.61873,0.24061000000000005
188,-0.051,2442.50194,-0.13446000000000002,-0.94208,-0.1352
189,0.014,2709.6353,0.25619999999999993,-0.64618,0.26947
190,-0.011,2019.66347,-0.46979999999999994,-0.88555,-0.48201
191,-0.011,2019.66347,-0.46979999999999994,-0.88555,-0.48201
192,-0.058,2580.7640199999996,0.21467,-0.55989,0.24653
193,0.147,2161.67232,-0.10934999999999997,-1.5376300000000005,-0.18460000000000001
194,-0.103,1945.7807999999998,-0.31005999999999995,0.33016999999999996,-0.28053
195,-0.094,2025.4714200000003,-0.08619,0.16976999999999998,-0.03508999999999999
196,-0.001,2148.22419,-0.28865999999999997,-0.31208,-0.23364
197,0.015,2734.02,0.3595,-0.43166000000000004,0.4199
198,0.039,3067.27,0.7573,0.87894,0.7518
199,-0.048,2095.2407,-0.47734000000000004,-1.04196,-0.4404199999999999
200,-0.02,2303.49717,-0.09986000000000003,-0.8181100000000001,-0.08946000000000001
201,-0.557,1815.7843,-0.48829,-1.4075600000000001,-0.74684
202,-0.036,2199.91055,-0.19851,-0.7133400000000001,-0.14761999999999997
203,-0.063,2647.8417400000003,0.11061000000000003,-0.4380400000000001,-0.11377999999999996
204,-0.085,2850.8864799999997,0.32158,0.031489999999999976,0.32183
205,0.005171583271097834,2431.304384172376,0.08362741535100784,-0.5253435138629509,9.929500543630022e-09
206,-0.022,2048.17,-0.4591,-0.7307400000000001,-0.4136
207,-0.01,2323.2385999999997,0.08265999999999998,-1.1183599999999998,0.009370000000000012
208,-0.149,2382.7903300000003,-0.20468000000000003,-0.8335800000000001,-0.18853000000000003
209,-0.1427,2368.84,-0.0764,-0.59317,0.0061
210,-0.002,2647.9990000000007,-0.002680000000000038,-1.4356600000000002,-0.04530999999999998
211,-0.096,2975.79,0.6481,0.5881399999999999,0.6644
212,-0.03,2809.5073199999997,0.42081,0.8124800000000001,0.42327000000000004
213,0.015,2534.48623,0.20627000000000004,-0.3811399999999999,0.26598
214,0.011,2916.84589,0.33057,0.11556999999999999,0.38577
215,-0.065,1519.12,-1.0906,-1.7695900000000002,-1.2757
216,0.006,2495.7891,0.19171,-0.76509,0.21748000000000003
217,0.024,2562.733,0.24442,0.3975000000000001,0.09046000000000003
218,-0.108,1950.47,-0.5757,-1.5333799999999997,-0.5546
219,-0.108,2862.19844,0.39597000000000004,-0.17345000000000005,0.36013999999999996
220,-0.1,2424.35,-0.0101,-0.34371000000000007,0.073
221,-0.066,2511.61473,0.30595,-0.05881000000000004,0.20835999999999996
222,-0.012,2587.6514999999995,0.08519000000000004,0.017310000000000048,0.05743000000000002
223,-0.075,1896.62,-0.64,-1.43191,-0.6354
224,0.0386,2531.62,0.1179,0.07601,0.1979
225,-0.005,3022.28892,0.30752,-0.6283400000000001,0.1711
226,-0.015,2284.582,-0.22151,-0.7942699999999999,-0.18381999999999998
227,0.028,1870.8003699999997,-0.39953,-1.0944699999999998,-0.34518000000000004
228,-0.017,2056.1231,-0.35113000000000005,-0.4290399999999998,-0.3554
229,0.006,2495.7891,0.19171,-0.76509,0.21748000000000003
230,0.027,2498.20626,0.11364999999999999,0.20640999999999998,-0.06327999999999999
231,0.06,2069.7479,-0.35874999999999996,-0.51698,-0.4136899999999999
232,-0.043,2257.02,-0.2098,-1.10063,-0.1334
233,-0.0338,2597.38,0.1964,0.17617,0.2719
234,-0.027,2270.21,-0.1941,-0.43812999999999996,-0.1166
235,-0.0167,1966.38,-0.5568,-1.38076,-0.5312
236,0.01,2422.54336,-0.26233,-2.31947,-0.18967999999999993
237,-0.143,2618.56256,0.06906000000000001,-0.45820999999999995,-0.000609999999999955
238,-0.092,2171.95,-0.34920999999999996,-0.88634,-0.31735
239,-0.141,1755.02,-0.809,-1.1182200000000002,-0.8592
240,0.184,2031.19122,-0.12713999999999998,-0.51764,-0.12882
241,0.0102,3199.0,0.9145,1.2731300000000003,0.8731
242,0.0,2484.5456000000004,0.21022,-0.8912100000000001,0.06565000000000003
243,-0.052,2189.73,-0.2902,-0.8378400000000001,-0.2207
244,-0.059,2647.829,0.22571000000000002,0.39124,0.21528
245,-0.073,2142.72206,0.030769999999999964,0.18300999999999998,-0.12127999999999999
246,-0.032,3028.81057,0.60811,-0.06829999999999994,0.485
247,0.057,2262.9997000000003,-0.05604999999999999,-0.69704,-0.32434
248,-0.026,3086.055,0.66361,-0.50794,0.54601
249,0.04,2528.3541400000004,0.37746,-1.49889,0.1242
250,0.0,2484.5456000000004,0.21022,-0.8912100000000001,0.06565000000000003
251,-0.033,2292.3120000000004,0.05969000000000002,-0.99626,-0.06905999999999998
252,0.097,2575.85937,0.27564000000000005,0.11376999999999997,0.15419000000000005
253,0.0,2484.5456000000004,0.21022,-0.8912100000000001,0.06565000000000003
254,-0.021,1562.89,-1.0384,-2.3037,-1.1938
255,0.033,1669.63,-0.911,-2.14378,-1.0032
256,-0.092,2065.61,-0.4383,-1.2934800000000002,-0.3891
257,-0.05,1957.6731,-0.27430999999999994,-1.1998799999999998,-0.23088000000000003
258,-0.05,2390.93,-0.05,-0.46814999999999996,0.0329
259,0.0,2484.5456000000004,0.21022,-0.8912100000000001,0.06565000000000003
260,0.012,1470.59,-1.1485,-2.7018,-1.3694
261,0.124,1834.66,-0.714,-1.51739,-0.7312
262,-0.048,1958.38,-0.5663,-1.12373,-0.5429
263,-0.085,1635.13,-0.9521,-1.82042,-1.0634
264,-0.035,2229.84,-0.2423,-0.6216,-0.1684
265,-0.04,709.329,-2.0572,-5.344930000000001,-3.472
266,-0.091,1451.92,-1.1708,-3.08682,-1.4062
267,-0.161,2346.4373100000003,0.07771999999999998,-0.91867,-0.061960000000000015
268,-0.023,2227.5670099999998,-0.10386000000000002,-0.71114,-0.11740999999999994
269,0.095,3102.1780200000003,0.9766600000000001,0.63981,0.62486
270,-0.096,2810.92,0.4513,0.22755,0.4999
271,0.016,2289.2619,-0.24986999999999998,-0.5145799999999999,-0.19403
272,-0.006,3132.5096600000006,0.14571,-0.39239,0.02088000000000002
273,-1.16,658.454,-2.1179,-4.17923,-3.6866
274,-0.046,2461.62145,0.007350000000000012,-1.2277200000000001,0.11686999999999999
275,-0.01,2323.2385999999997,0.08265999999999998,-1.1183599999999998,0.009370000000000012
276,0.048,2464.96395,0.36056999999999995,-0.07358999999999993,0.20643999999999996
277,-0.012,2587.6514999999995,0.08519000000000004,0.017310000000000048,0.05743000000000002
278,-0.114,2001.9083300000002,-0.2224,-0.5568,-0.22199
279,-0.083,2029.4036500000002,-0.49971999999999994,-1.1865,-0.71102
280,-0.123,2416.0275599999995,-0.015620000000000012,-0.3128999999999999,-0.04679000000000003
281,-0.089,2395.49,-0.0446,-0.21108000000000002,0.0384
282,-0.062,2095.11237,-0.11003000000000004,-0.08098999999999994,-0.11861999999999999
283,0.037,1802.9689000000003,-0.59923,-1.1482,-0.61957
284,-0.005,2648.12,0.257,0.44955,0.3277
285,-0.105,2502.53,0.0832,0.00268999999999997,0.1646
286,-0.005,3857.82,1.7008,1.50654,1.4136
287,-0.082,2433.8,0.0012,-0.010229999999999994,0.0842
288,-0.009,1834.3,-0.7144,-1.5769600000000001,-0.7318
289,-0.018,2637.88,0.2447,0.47185000000000005,0.3166
290,0.102,3013.71,0.6933,0.68402,0.7009
291,-0.061,3789.54,1.6193,1.93939,1.362
292,-0.051,2442.50194,-0.13446000000000002,-0.94208,-0.1352
293,-0.083,2947.19,0.6139,0.49190000000000006,0.6365
294,0.612,1835.52,-0.7129,-1.52395,-0.7299
295,-0.482,2387.86,-0.0537,-0.3280600000000001,0.0292
296,-0.133,2832.47,0.477,0.39433999999999997,0.522
297,-0.016,1551.52,-1.0519,-1.7319099999999998,-1.2148
298,-0.051,1308.93,-1.3415,-3.14597,-1.7053
299,-0.029,2046.63,-0.461,-0.9963899999999999,-0.4157
300,-0.099,2525.87,0.111,0.022900000000000025,0.1914
301,-0.021,2771.68,0.4044,0.06758,0.4593
302,-0.034,2640.7,0.2481,0.5697,0.3196
303,-0.133,2471.33,0.0459,0.03313999999999997,0.1284
304,-0.0216,5020.99,3.0892,2.9759700000000002,2.1741
305,-0.131,2549.43,0.1392,-0.15395999999999996,0.2181
306,-0.291,2819.22,0.4612,0.48271,0.5084
307,0.073,4555.61,2.5337,2.17755,1.8934
308,-0.221,2891.59,0.5476,0.62797,0.5816
309,0.001,2678.2648200000003,0.21932999999999997,-0.84222,0.27066999999999997
310,-0.096,2767.4261300000003,0.28432999999999997,-0.18260000000000004,0.21651999999999996
311,-0.099,3211.19777,0.96424,-0.21856,0.82065
312,-0.137,2391.3450000000003,0.00544,-0.44338000000000005,-0.0022599999999999842
313,-0.097,2009.49832,-0.4192,0.18666,-0.34460999999999997
314,-0.002,2647.9990000000007,-0.002680000000000038,-1.4356600000000002,-0.04530999999999998
315,-0.008,2591.6816,0.14275,-0.8274900000000001,0.13731
316,0.1,1924.1257800000003,-0.26341000000000003,-2.00122,-0.34014999999999995
317,-0.065,2634.90427,0.16164000000000003,-0.5957,0.15484
318,-0.008,2591.6816,0.14275,-0.8274900000000001,0.13731
319,-0.009,2177.40195,-0.24098999999999995,-1.7229799999999997,-0.32251
320,-0.133,2725.5343700000003,0.36975,0.06508999999999995,0.23096999999999998
321,-0.156,2325.53144,0.030889999999999983,-0.24674999999999994,-0.054599999999999996
322,-0.089,2653.55107,0.05944999999999999,0.6918599999999999,-0.15103000000000003
323,-0.122,2369.4075599999996,0.15317000000000003,-0.21279999999999996,0.014309999999999979
324,-0.077,2583.25378,0.18879999999999994,1.0268099999999998,0.17611
325,0.233,3215.29758,0.90008,1.03506,0.6323099999999999
326,-0.053,1772.5487100000003,-0.45945,-0.6402300000000001,-0.50248
327,-0.219,2709.18218,0.29901,0.02897999999999993,0.19900000000000004
328,-0.041,2508.12927,0.06059999999999999,-0.8118000000000001,0.1958
329,-0.079,2516.772,0.21053999999999995,-1.0246800000000003,0.1972
330,0.024,2562.733,0.24442,0.3975000000000001,0.09046000000000003
331,-0.008,2591.6816,0.14275,-0.8274900000000001,0.13731
332,-0.088,2288.748,-0.18742,-0.49854000000000004,-0.34034000000000003
333,-0.123,2416.0275599999995,-0.015620000000000012,-0.3128999999999999,-0.04679000000000003
334,-0.035,2542.943,0.35136,-0.61873,0.24061000000000005
335,0.003,2733.08003,0.14683000000000002,-0.55551,0.16467
336,-0.08,2472.2208,0.49431,-0.01815000000000002,0.32823
337,0.025,2046.8074500000002,-0.10742,-1.1464199999999998,-0.11944000000000002
338,-0.09,2336.18712,0.19718000000000002,-0.21522999999999998,0.24224
339,-0.085,2850.8864799999997,0.32158,0.031489999999999976,0.32183
340,-0.552,2120.1686799999998,-0.21589,-1.8081800000000001,-0.22382
341,-0.015,2284.582,-0.22151,-0.7942699999999999,-0.18381999999999998
342,-0.074,2436.42768,-0.035170000000000014,-0.54203,-0.25253
343,-0.077,2583.25378,0.18879999999999994,1.0268099999999998,0.17611
344,-0.054,2178.85062,-0.23356999999999997,-1.45844,-0.57569
345,-0.044,2323.57,0.06448999999999998,-0.9811099999999999,0.10958999999999999
346,0.019,2317.8549999999996,-0.33936,-1.14342,-0.44800000000000006
347,0.0,3309.19,1.046,1.00549,0.9709
348,-0.105,2348.8469999999998,0.14564,-0.19025999999999996,0.08655000000000004
349,-0.093,2329.713,0.31378999999999996,0.30538999999999994,0.34299999999999997
350,-0.133,2725.5343700000003,0.36975,0.06508999999999995,0.23096999999999998
351,-0.026,3086.055,0.66361,-0.50794,0.54601
352,0.009,2358.17819,-0.19759000000000004,-0.9018800000000002,-0.2807
353,-0.125,2995.06178,0.65879,0.88074,0.3129
354,-0.045,2551.6162,-0.16234000000000004,-0.63887,-0.23526000000000002
355,-0.033,2292.3120000000004,0.05969000000000002,-0.99626,-0.06905999999999998
356,-0.157,2064.58344,-0.021910000000000006,-0.29995,-0.23417999999999992
357,0.015,2534.48623,0.20627000000000004,-0.3811399999999999,0.26598
358,-0.15,2101.4552799999997,0.17315999999999995,-1.1006899999999997,0.05166999999999997
359,0.0,2484.5456000000004,0.21022,-0.8912100000000001,0.06565000000000003
360,0.044,2388.863,-0.07514000000000001,-1.7163599999999999,-0.28766
361,-0.129,1835.04731,-0.40429000000000004,-1.32424,-0.57088
362,0.021,2228.3036700000002,-0.08349,-0.90998,-0.20232
363,0.034,2410.2401600000003,0.15646,-1.44323,0.11804999999999999
364,-0.015,1492.484,-0.988,-1.77216,-1.0186
365,0.104,2048.37753,-0.25703,-0.78862,-0.32187
366,-0.171,1861.6693,-0.4983,-1.8529100000000003,-0.466
367,2.01,2656.3899,0.5559,0.24280999999999997,0.4228
368,-0.107,955.5913,-1.7002,-4.45276,-2.1329
369,0.9,2884.9125,0.859,0.92566,0.6291
370,-0.154,2608.48663,0.20143,0.13872999999999994,0.23468000000000006
371,-0.141,2156.3144,-0.1075,-0.78831,-0.0987
372,-0.106,2604.1494,0.06628,0.15682999999999997,0.09266000000000002
373,-1.29,1109.65231,-1.46851,-6.105169999999999,-3.36736
374,0.198,2513.9484,0.3669,0.15010000000000004,0.2849
375,0.01,2534.0416,0.3936,-0.16934999999999997,0.3049
376,-0.025,2625.3555,0.5147,0.10029000000000002,0.3934
377,0.146,2809.276,0.7586,0.03569999999999998,0.5627
378,-0.085,2797.8178,0.7434,0.29047999999999996,0.5525
379,0.049,2319.18993,0.1109,-0.60558,0.014929999999999999
380,-0.288,3602.3937,1.8107,1.8465899999999997,1.1845
381,0.209,3422.2685,1.5718,1.0041,1.0562
382,-0.334,2253.468,0.20164999999999997,-1.5371099999999998,0.06449000000000002
383,1.01,3282.7763800000002,1.42231,0.5274300000000001,0.89054
384,-0.326,2302.2511,0.0861,-0.41329000000000005,0.065
385,-0.04410000000000001,1570.5093,-0.8845,-2.0363700000000007,-0.8912
386,-0.366,1980.88828,-0.28606,-0.56255,-0.3209
387,-0.356,1941.50698,-0.25366,-0.61384,-0.25525000000000003
388,0.876,4769.3089,3.3586,2.7462400000000007,1.8862
389,-0.176,2301.9354,0.2364800000000001,-1.03575,-0.009619999999999962
390,-0.099,2286.9977,0.0659,-0.53752,0.0484
391,0.443,3705.23574,1.59972,2.29552,0.9343199999999999
392,-0.213,2048.73945,-0.22271999999999997,-1.1527,-0.25234999999999996
393,-0.135,1959.39,-0.08960000000000005,-0.71105,-0.14494
394,0.608,2299.4233099999997,0.50367,0.09145000000000006,0.2885700000000001
395,-0.88,2819.214,0.7718,0.48271,0.5715
396,-0.278,2266.5597199999997,0.16299999999999998,-0.27332000000000006,0.08438000000000001
397,-0.15,2101.4552799999997,0.17315999999999995,-1.1006899999999997,0.05166999999999997
398,0.382,3752.53528,1.1403899999999998,1.23332,0.7937100000000001
399,0.994,3731.4132099999997,1.8909100000000003,2.3404499999999997,1.12759
400,0.055,2699.3734400000003,-0.04786999999999999,-0.30348,-0.046020000000000005
401,0.317,2513.328,0.3661,-0.14192999999999997,0.2843
402,-0.493,2061.60871,-0.46110999999999996,-1.02866,-0.49921999999999994
403,-1.05,1953.8871100000001,-0.53969,-6.10517,-1.05586
404,-0.153,2363.523,0.12967,-1.05106,0.06470999999999998
405,-0.085,1792.16,-0.7647,-2.2211,-0.7988
406,-0.038,2451.3,0.022,-0.21551,0.1049
407,-0.068,3000.0,0.677,0.41163000000000005,0.6878
408,-0.078,1934.3781999999999,-0.5963799999999999,-2.7596200000000004,-0.7565999999999999
409,-0.061,2506.92234,0.08879,-1.31123,0.08557999999999999
410,-0.04,2352.18788,-0.23106,0.004689999999999949,-0.4739400000000001
411,0.009,2358.17819,-0.19759000000000004,-0.9018800000000002,-0.2807
412,-0.034,2078.96912,-0.5581200000000001,-1.00751,-0.7374499999999999
413,-0.051,2442.50194,-0.13446000000000002,-0.94208,-0.1352
414,-0.015,2284.582,-0.22151,-0.7942699999999999,-0.18381999999999998
415,-0.035,2542.943,0.35136,-0.61873,0.24061000000000005
416,-0.049,2311.8232799999996,0.12053,-0.9486100000000001,0.12680000000000002
417,-0.004,2478.53859,0.16130000000000003,0.051930000000000046,0.05200999999999998
418,-0.06,2232.17212,0.0645,-0.0063300000000000465,0.02955000000000003
419,-0.04,2352.18788,-0.23106,0.004689999999999949,-0.4739400000000001
420,-0.081,2145.3202,0.06470999999999998,-1.2499099999999999,-0.10756999999999997
421,0.084,1970.6838500000001,0.07053000000000001,-0.38643,-0.13091999999999998
422,-0.07,2264.048,-0.0024900000000000143,0.5230400000000001,-0.024919999999999987
423,-0.07,2264.048,-0.0024900000000000143,0.5230400000000001,-0.024919999999999987
424,0.076,2245.9057399999997,-0.17767,-0.51683,-0.17876
425,-0.061,2506.92234,0.08879,-1.31123,0.08557999999999999
426,0.096,2135.2673800000002,-0.06733999999999998,-2.0590599999999997,-0.11206
427,-0.039,3072.781,0.8158200000000001,0.27157,0.6961999999999999
428,-0.032,3028.81057,0.60811,-0.06829999999999994,0.485
429,-0.274,1872.5,-0.6688,-1.35392,-0.6723
430,-0.006,3132.5096600000006,0.14571,-0.39239,0.02088000000000002
431,-0.047,2220.49173,-0.23315000000000002,-0.19486000000000003,-0.15541999999999997
432,0.09,2221.6861500000005,-0.10614000000000001,-0.37041,-0.09278
433,-0.028,2394.3986,-0.03505000000000001,-0.26258000000000004,-0.22638999999999992
434,0.002,2588.444,-0.0005000000000000462,-1.00687,0.007340000000000011
435,-0.06,2232.17212,0.0645,-0.0063300000000000465,0.02955000000000003
436,-0.047,2220.49173,-0.23315000000000002,-0.19486000000000003,-0.15541999999999997
437,0.101,2733.91089,0.7352000000000001,0.5682900000000001,0.56996
438,-0.12,2536.4103600000003,0.38056,-1.05673,0.36910999999999994
439,0.002,2588.444,-0.0005000000000000462,-1.00687,0.007340000000000011
440,-0.038,2079.703,-0.21974,0.82302,-0.1674
441,-0.045,2551.6162,-0.16234000000000004,-0.63887,-0.23526000000000002
442,-0.063,2647.8417400000003,0.11061000000000003,-0.4380400000000001,-0.11377999999999996
443,0.0,2484.5456000000004,0.21022,-0.8912100000000001,0.06565000000000003
444,-0.102,2405.4725100000005,0.32871000000000017,0.039329999999999976,0.28779999999999994
445,-0.005,3022.28892,0.30752,-0.6283400000000001,0.1711
446,0.056,1896.7036,-0.58583,-1.17301,-0.57619
447,0.061999999999999986,2120.35,-0.373,-0.5339099999999999,-0.3136
448,-0.1,2152.1799,-0.24871,0.14978000000000008,-0.26951
449,-0.032,3028.81057,0.60811,-0.06829999999999994,0.485
450,-0.072,2435.24,0.16669,-0.20586000000000002,0.15011999999999998
451,-0.027,2444.47782,0.009199999999999986,-0.47521,-0.015589999999999982
452,-0.103,1945.7807999999998,-0.31005999999999995,0.33016999999999996,-0.28053
453,-0.143,2618.56256,0.06906000000000001,-0.45820999999999995,-0.000609999999999955
454,-0.011,2019.66347,-0.46979999999999994,-0.88555,-0.48201
455,-0.048,2095.2407,-0.47734000000000004,-1.04196,-0.4404199999999999
456,-0.006,2537.67,0.1251,0.032630000000000006,0.2048
457,-0.111,2422.81238,0.10734000000000003,0.43835999999999997,0.14426
458,-0.137,3658.1,1.4625,1.68276,1.2602
459,0.0,3192.89,0.9072,0.81691,0.8676
460,-0.11,2747.59,0.3757,0.07624999999999997,0.4342
461,-0.03,2528.66,0.1144,0.21174999999999997,0.1945
462,-0.072,2435.24,0.16669,-0.20586000000000002,0.15011999999999998
463,-0.163,2704.3835200000003,0.49729999999999996,-1.04723,0.39755
464,0.404,3504.7475900000004,1.1320500000000002,1.43439,0.8227299999999997
465,0.52,2737.8802899999996,0.41628,0.3898799999999999,0.28445
466,0.193,2232.40441,0.026229999999999996,-0.39165000000000005,-0.026440000000000054
467,0.0,2484.5456000000004,0.21022,-0.8912100000000001,0.06565000000000003
468,-0.242,2781.18497,0.44254,0.02345000000000006,0.37394999999999995
469,-0.549,2329.59668,-0.12242999999999996,-2.0163499999999996,-0.13520000000000004
470,0.292,2520.6048299999998,0.39724000000000004,-0.49361,0.33743
471,-0.046,1873.9755,-0.482,-0.5383,-0.4496
472,-0.537,2227.7653899999996,-0.25284999999999996,-2.4935099999999997,-0.29572
473,0.024,2562.733,0.24442,0.3975000000000001,0.09046000000000003
474,0.188,2242.00633,-0.20337999999999998,-0.7544099999999999,-0.24674999999999997
475,-0.231,1938.7525999999998,-0.20271,-0.9072999999999999,-0.23067
476,-0.188,2304.94647,-0.06459999999999999,-0.5377200000000001,-0.12208999999999999
477,0.422,2643.63689,0.6191800000000001,-0.024269999999999965,0.40476
478,0.004,2380.41334,-0.38113,-0.09496000000000007,-0.27593
479,0.0,2484.5456000000004,0.21022,-0.8912100000000001,0.06565000000000003
480,0.005171583271097834,2431.304384172376,0.08362741535100784,-0.5253435138629509,9.929500543630022e-09
481,0.201,2867.38828,0.42020999999999986,0.03762999999999999,0.2678
482,-0.03,2809.5073199999997,0.42081,0.8124800000000001,0.42327000000000004
483,-0.287,2496.77027,0.24611999999999995,0.35186999999999996,0.22757000000000005
484,0.463,2829.07866,0.6536299999999999,0.6853499999999999,0.39913999999999994
485,-0.579,2367.6723100000004,0.21979000000000007,-1.3542500000000002,0.14882000000000004
486,0.423,2668.1188900000006,0.79234,-0.7762399999999999,0.5291399999999999
487,0.277,3037.8263100000004,0.50191,0.2889399999999999,0.24135999999999996
488,0.344,2688.432,0.6696100000000001,0.6746299999999998,0.44504
489,0.254,2010.3982,-0.301,-0.76966,-0.2739
490,0.101,2121.0194,-0.1543,-0.6046199999999999,-0.14
491,-0.001,1446.4651,-1.0491,-2.44811,-1.0969
492,-0.008,2591.6816,0.14275,-0.8274900000000001,0.13731
493,0.277,3037.8263100000004,0.50191,0.2889399999999999,0.24135999999999996
494,0.317,2300.5473300000003,0.11224,0.72405,0.14446
495,-0.23,2384.23492,0.23159999999999997,-0.38469,0.21823
496,-0.296,2204.60805,-0.20674,-1.28813,-0.20909
497,1.7,4884.236429999999,2.69704,2.2843299999999997,1.55518
498,-0.256,2235.7029,0.24191000000000001,-0.010289999999999999,-0.07305000000000003
499,0.159,2456.65734,0.30728999999999995,-0.23607999999999998,0.17753999999999998
500,-0.081,2145.3202,0.06470999999999998,-1.2499099999999999,-0.10756999999999997
501,-0.29,2921.96672,1.0167,0.43954000000000004,0.72624
502,0.098,2199.53604,-0.011280000000000002,-0.8463200000000001,-0.020679999999999976
503,-0.167,2318.59851,-0.05534999999999999,-0.95923,-0.03374999999999999
504,-0.286,1045.3354,-1.5811,-3.03579,-1.9086
505,-0.385,2270.593,-0.07789000000000003,-0.25405,-0.09826999999999998
506,0.052,3013.4138,1.0294,0.68298,0.7381
507,0.005171583271097834,2431.304384172376,0.08362741535100784,-0.5253435138629509,9.929500543630022e-09
508,-0.381,1623.3741,-0.8144,-2.1757699999999995,-0.8084
509,0.004,1773.9025,-0.6147,-1.76051,-0.5868
510,-0.256,2235.7029,0.24191000000000001,-0.010289999999999999,-0.07305000000000003
511,-0.058,2580.7640199999996,0.21467,-0.55989,0.24653
512,-0.225,2672.30951,0.5652000000000001,-0.34143999999999997,0.19751
513,0.05,2768.8951,0.40049,-0.84428,0.09529000000000003
514,-0.179,1896.3857400000002,-0.2937,-1.1209,-0.33309
515,-0.202,2292.25199,0.21104999999999996,-0.06517000000000009,0.04862999999999999
516,0.793,3322.16967,1.85029,2.02738,1.1228399999999998
517,-0.237,2086.5806599999996,-0.013609999999999987,-0.8795000000000002,0.00866000000000001
518,-0.051,2442.50194,-0.13446000000000002,-0.94208,-0.1352
519,-0.421,2213.2904599999993,-0.21604,-1.4591300000000003,-0.37984
520,-1.09,1792.8271,-0.5896,-2.0433,-0.5602
521,-0.658,1958.371,-0.37,-1.12373,-0.3395
522,0.0,2484.5456000000004,0.21022,-0.8912100000000001,0.06565000000000003
523,-0.234,2899.3697,0.8782,0.45269000000000004,0.6416
524,0.918,3292.92325,1.68397,0.98626,1.11182
525,-0.469,2253.1950599999996,-0.045099999999999994,-1.2783,-0.10895000000000002
526,-0.187,1921.6283,-0.4188,-1.26505,-0.3868
527,-0.047,2092.405,-0.1923,-0.92164,-0.1739
528,0.56,4419.96093,2.64099,2.7985900000000004,1.4511299999999998
529,-0.345,2008.2783,-0.3038,-1.41258,-0.2765
530,0.752,3906.6291600000004,1.8611499999999999,2.4932000000000003,1.1789299999999998
531,-0.251,2518.46454,0.31086,-0.6089100000000001,0.26061999999999996
532,1.56,4497.323470000001,2.3832,1.8302800000000001,1.43354
533,0.098,1879.9941,-0.474,-1.1995,-0.4416
534,0.0,1414.107,-1.092,-2.6105600000000004,-1.1534
535,0.272,2585.4906,0.75823,-0.57203,0.51956
536,0.017,2448.2562900000003,-0.08585000000000001,0.14189000000000002,-0.16283999999999998
537,-0.089,1590.5818,-0.8579,-2.15219,-0.8595
538,-0.197,1890.2016000000003,-0.40341000000000005,-1.3698000000000001,-0.38278999999999996
539,0.283,2887.9931000000006,0.73267,0.50132,0.52439
540,-0.836,1739.81891,-0.68044,-1.1293499999999999,-1.57647
541,0.147,2161.67232,-0.10934999999999997,-1.5376300000000005,-0.18460000000000001
542,-0.167,2318.59851,-0.05534999999999999,-0.95923,-0.03374999999999999
543,-0.422,2146.20746,-0.23499999999999996,-1.6963299999999997,-0.35042000000000006
544,-0.148,1954.2287800000001,-0.28702,-0.46311,-0.27809
545,-0.319,2553.0292,0.3847499999999999,-0.6161800000000002,0.11140999999999998
546,-0.264,2405.60445,0.07642,0.04752000000000001,0.08870999999999998
547,0.051,2319.28141,-0.006769999999999998,-1.4088600000000002,-0.3471399999999999
548,-0.355,1999.4251,-0.05625999999999999,-0.50627,-0.06455000000000002
549,0.219,2656.83748,0.6687800000000002,1.0774899999999998,0.5078699999999999
550,-0.686,1441.9356,-1.0551,-2.3721300000000003,-1.1047
551,-0.141,3412.9199,1.5594,1.40861,1.0494
552,-0.095,2472.2830000000004,0.22176,-0.8663399999999999,0.27251000000000003
553,-0.161,2346.4373100000003,0.07771999999999998,-0.91867,-0.061960000000000015
554,-0.022,2915.5257200000005,0.5167499999999999,-0.5465,0.34735000000000005
555,0.22,2514.99027,0.50116,-0.49276,0.36815
556,0.462,1619.6306,-0.8194,-2.25325,-0.8142
557,0.074,2897.5806,0.8758,0.73486,0.6401
558,-0.395,1580.9747,-0.8706,-2.5356700000000005,-0.8746
559,-0.218,2753.34904,0.40189,-0.09897,0.30565999999999993
560,-0.222,2631.5738499999998,0.32483,-0.9535199999999999,0.01694000000000001
561,-0.076,2133.3256,-0.138,-0.74026,-0.1255
562,-0.241,2293.6368,0.0747,-0.55453,0.0556
563,-0.025,2243.8305499999997,-0.19936000000000004,-1.0383,-0.19031
564,-0.051,2442.50194,-0.13446000000000002,-0.94208,-0.1352
565,0.294,2739.4335300000002,0.50214,-0.4692800000000001,0.36059
566,0.14,2252.5793599999997,-0.010989999999999967,-1.58926,-0.01914
567,0.43,2992.9793,1.0023,1.02085,0.7211
568,-0.052,2297.42,-0.09329000000000004,-0.03450000000000001,-0.04879999999999999
569,0.31,3342.2588899999996,0.77339,1.51369,0.5601900000000001
570,0.005171583271097834,2431.304384172376,0.08362741535100784,-0.5253435138629509,9.929500543630022e-09
571,-0.295,2221.16699,-0.21211000000000002,-0.6706299999999998,-0.21666000000000002
572,0.044,2780.2583,0.7202,0.12098000000000005,0.5367
573,0.0,2484.5456000000004,0.21022,-0.8912100000000001,0.06565000000000003
574,-0.219,2709.18218,0.29901,0.02897999999999993,0.19900000000000004
575,-0.241,2597.37982,0.14916000000000001,-0.6749,0.08612000000000002
576,0.001,1690.13,-0.8865,-1.29902,-0.9679
577,-0.073,2142.72206,0.030769999999999964,0.18300999999999998,-0.12127999999999999
578,-0.045,2551.6162,-0.16234000000000004,-0.63887,-0.23526000000000002
579,-0.11,1816.4,-0.7358,-1.6657799999999998,-0.7601
580,0.001,900.189,-1.8293,-5.72425,-2.785
581,-0.011,3070.31,0.7609,0.6975900000000002,0.7546
582,-0.049,2311.8232799999996,0.12053,-0.9486100000000001,0.12680000000000002
583,-0.044,2323.57,0.06448999999999998,-0.9811099999999999,0.10958999999999999
584,-0.046,2445.92,0.0156,-0.06676000000000001,0.0985
585,-0.199,2027.5819500000002,-0.23653000000000005,-0.49103,-0.24434
586,-0.226,2577.4341200000003,0.43355000000000005,0.26470000000000005,0.11351000000000003
587,0.012,2499.509,-0.12942,-0.7728400000000001,-0.13716
588,-0.062,2095.11237,-0.11003000000000004,-0.08098999999999994,-0.11861999999999999
589,0.038,2322.68,-0.1315,-0.38616,-0.0506
590,-0.072,2951.56,0.6191,0.41661000000000004,0.6408
591,0.011000000000000005,4636.12,2.6298,2.55729,1.944
592,-0.046,2461.62145,0.007350000000000012,-1.2277200000000001,0.11686999999999999
593,0.014,2709.6353,0.25619999999999993,-0.64618,0.26947
594,-0.067,2486.36826,0.050640000000000004,-0.67168,0.045050000000000014
595,-0.004,2478.53859,0.16130000000000003,0.051930000000000046,0.05200999999999998
596,-0.008,2591.6816,0.14275,-0.8274900000000001,0.13731
597,-0.06,2232.17212,0.0645,-0.0063300000000000465,0.02955000000000003
598,-0.008,2591.6816,0.14275,-0.8274900000000001,0.13731
599,-0.081,2145.3202,0.06470999999999998,-1.2499099999999999,-0.10756999999999997
600,0.037,1802.9689000000003,-0.59923,-1.1482,-0.61957
601,-0.411,2478.31207,0.04875,-0.3473800000000001,0.052089999999999984
602,-0.053,1772.5487100000003,-0.45945,-0.6402300000000001,-0.50248
603,0.219,2656.83748,0.6687800000000002,1.0774899999999998,0.5078699999999999
604,0.013,2547.9204099999997,0.047190000000000024,-0.13097999999999999,0.0032400000000000428
605,-0.036,2199.91055,-0.19851,-0.7133400000000001,-0.14761999999999997
606,-1.01,2116.6190100000003,-0.38423000000000007,-1.57407,-0.7387
607,0.015,2534.48623,0.20627000000000004,-0.3811399999999999,0.26598
608,0.007,2679.46213,-0.10226000000000002,1.18398,0.002389999999999992
609,-0.187,2227.8781100000006,-0.03598999999999999,-0.04947000000000005,-0.06296000000000002
610,0.118,4719.43,2.7293,2.5682600000000004,1.9954
611,0.021,2225.75,-0.2472,-0.27235,-0.1737
612,0.047,2290.73754,-0.21025,-1.05139,-0.33799
613,0.0,2934.89,0.5992,0.6415000000000001,0.6245
614,0.008,6454.19,4.7998,4.59248,2.8989
615,-0.007,2122.5798800000002,-0.43115,-0.15995999999999996,-0.49422999999999995
616,0.005171583271097834,2431.304384172376,0.08362741535100784,-0.5253435138629509,9.929500543630022e-09
617,-0.161,2346.4373100000003,0.07771999999999998,-0.91867,-0.061960000000000015
618,-0.102,2405.4725100000005,0.32871000000000017,0.039329999999999976,0.28779999999999994
619,-0.13,1957.37,-0.5675,-0.9410000000000001,-0.5444
620,-0.04,3554.75,1.3391,1.9064699999999999,1.1774
621,-0.015,2284.582,-0.22151,-0.7942699999999999,-0.18381999999999998
622,-0.259,2410.78143,0.28080999999999995,-0.04082999999999999,0.22477
623,0.035,2125.65101,-0.19410999999999998,0.09989999999999993,-0.20195
624,0.021,1636.68,-0.9503,-1.64468,-1.0607
625,-0.04,2352.18788,-0.23106,0.004689999999999949,-0.4739400000000001
626,-0.052,2297.42,-0.09329000000000004,-0.03450000000000001,-0.04879999999999999
627,0.136,2332.54052,0.18610000000000004,-0.8177899999999999,0.10418999999999998
628,-0.133,2725.5343700000003,0.36975,0.06508999999999995,0.23096999999999998
629,-0.16,2266.67,-0.1983,-0.51156,-0.1211
630,-0.093,2329.713,0.31378999999999996,0.30538999999999994,0.34299999999999997
631,-0.024,2124.34377,-0.13255,-0.72897,-0.22153
632,-0.017,2056.1231,-0.35113000000000005,-0.4290399999999998,-0.3554
633,-0.078,1934.3781999999999,-0.5963799999999999,-2.7596200000000004,-0.7565999999999999
634,-0.086,2437.30747,0.26661999999999997,-0.21842999999999999,0.25728
635,-0.02,2303.49717,-0.09986000000000003,-0.8181100000000001,-0.08946000000000001
636,-0.088,2288.748,-0.18742,-0.49854000000000004,-0.34034000000000003
637,-0.03,2809.5073199999997,0.42081,0.8124800000000001,0.42327000000000004
638,0.005171583271097834,2431.304384172376,0.08362741535100784,-0.5253435138629509,9.929500543630022e-09
639,0.005171583271097834,2431.304384172376,0.08362741535100784,-0.5253435138629509,9.929500543630022e-09
640,0.005171583271097834,2431.304384172376,0.08362741535100784,-0.5253435138629509,9.929500543630022e-09
641,0.005171583271097834,2431.304384172376,0.08362741535100784,-0.5253435138629509,9.929500543630022e-09
642,0.005171583271097834,2431.304384172376,0.08362741535100784,-0.5253435138629509,9.929500543630022e-09
643,0.005171583271097834,2431.304384172376,0.08362741535100784,-0.5253435138629509,9.929500543630022e-09
644,0.005171583271097834,2431.304384172376,0.08362741535100784,-0.5253435138629509,9.929500543630022e-09
645,0.005171583271097834,2431.304384172376,0.08362741535100784,-0.5253435138629509,9.929500543630022e-09
646,0.005171583271097834,2431.304384172376,0.08362741535100784,-0.5253435138629509,9.929500543630022e-09
647,0.005171583271097834,2431.304384172376,0.08362741535100784,-0.5253435138629509,9.929500543630022e-09
648,0.005171583271097834,2431.304384172376,0.08362741535100784,-0.5253435138629509,9.929500543630022e-09
649,0.005171583271097834,2431.304384172376,0.08362741535100784,-0.5253435138629509,9.929500543630022e-09
650,0.005171583271097834,2431.304384172376,0.08362741535100784,-0.5253435138629509,9.929500543630022e-09
651,0.005171583271097834,2431.304384172376,0.08362741535100784,-0.5253435138629509,9.929500543630022e-09
652,0.005171583271097834,2431.304384172376,0.08362741535100784,-0.5253435138629509,9.929500543630022e-09
653,0.005171583271097834,2431.304384172376,0.08362741535100784,-0.5253435138629509,9.929500543630022e-09
654,0.005171583271097834,2431.304384172376,0.08362741535100784,-0.5253435138629509,9.929500543630022e-09
655,0.005171583271097834,2431.304384172376,0.08362741535100784,-0.5253435138629509,9.929500543630022e-09
656,0.005171583271097834,2431.304384172376,0.08362741535100784,-0.5253435138629509,9.929500543630022e-09
657,0.005171583271097834,2431.304384172376,0.08362741535100784,-0.5253435138629509,9.929500543630022e-09
658,0.005171583271097834,2431.304384172376,0.08362741535100784,-0.5253435138629509,9.929500543630022e-09
659,0.005171583271097834,2431.304384172376,0.08362741535100784,-0.5253435138629509,9.929500543630022e-09
660,0.005171583271097834,2431.304384172376,0.08362741535100784,-0.5253435138629509,9.929500543630022e-09
661,0.005171583271097834,2431.304384172376,0.08362741535100784,-0.5253435138629509,9.929500543630022e-09
662,0.005171583271097834,2431.304384172376,0.08362741535100784,-0.5253435138629509,9.929500543630022e-09
663,0.005171583271097834,2431.304384172376,0.08362741535100784,-0.5253435138629509,9.929500543630022e-09
664,0.005171583271097834,2431.304384172376,0.08362741535100784,-0.5253435138629509,9.929500543630022e-09
665,0.005171583271097834,2431.304384172376,0.08362741535100784,-0.5253435138629509,9.929500543630022e-09
666,0.005171583271097834,2431.304384172376,0.08362741535100784,-0.5253435138629509,9.929500543630022e-09
667,0.005171583271097834,2431.304384172376,0.08362741535100784,-0.5253435138629509,9.929500543630022e-09
668,0.005171583271097834,2431.304384172376,0.08362741535100784,-0.5253435138629509,9.929500543630022e-09
669,0.005171583271097834,2431.304384172376,0.08362741535100784,-0.5253435138629509,9.929500543630022e-09
670,0.005171583271097834,2431.304384172376,0.08362741535100784,-0.5253435138629509,9.929500543630022e-09
671,0.005171583271097834,2431.304384172376,0.08362741535100784,-0.5253435138629509,9.929500543630022e-09
672,0.005171583271097834,2431.304384172376,0.08362741535100784,-0.5253435138629509,9.929500543630022e-09
673,0.005171583271097834,2431.304384172376,0.08362741535100784,-0.5253435138629509,9.929500543630022e-09
674,0.005171583271097834,2431.304384172376,0.08362741535100784,-0.5253435138629509,9.929500543630022e-09
675,0.005171583271097834,2431.304384172376,0.08362741535100784,-0.5253435138629509,9.929500543630022e-09
676,0.005171583271097834,2431.304384172376,0.08362741535100784,-0.5253435138629509,9.929500543630022e-09
677,0.005171583271097834,2431.304384172376,0.08362741535100784,-0.5253435138629509,9.929500543630022e-09
678,0.005171583271097834,2431.304384172376,0.08362741535100784,-0.5253435138629509,9.929500543630022e-09
679,0.005171583271097834,2431.304384172376,0.08362741535100784,-0.5253435138629509,9.929500543630022e-09
680,0.005171583271097834,2431.304384172376,0.08362741535100784,-0.5253435138629509,9.929500543630022e-09
681,0.005171583271097834,2431.304384172376,0.08362741535100784,-0.5253435138629509,9.929500543630022e-09
682,0.005171583271097834,2431.304384172376,0.08362741535100784,-0.5253435138629509,9.929500543630022e-09
683,0.005171583271097834,2431.304384172376,0.08362741535100784,-0.5253435138629509,9.929500543630022e-09
684,0.005171583271097834,2431.304384172376,0.08362741535100784,-0.5253435138629509,9.929500543630022e-09
685,0.005171583271097834,2431.304384172376,0.08362741535100784,-0.5253435138629509,9.929500543630022e-09
686,0.005171583271097834,2431.304384172376,0.08362741535100784,-0.5253435138629509,9.929500543630022e-09
687,0.005171583271097834,2431.304384172376,0.08362741535100784,-0.5253435138629509,9.929500543630022e-09
688,0.005171583271097834,2431.304384172376,0.08362741535100784,-0.5253435138629509,9.929500543630022e-09
689,0.005171583271097834,2431.304384172376,0.08362741535100784,-0.5253435138629509,9.929500543630022e-09
690,-0.258,3270.87,1.3231,1.7044,0.9517
691,0.249,2608.94,0.3318,0.6505,0.2438
692,0.327,5394.04,4.5025,4.0362,2.518
693,0.023,3870.72,2.2213,2.4893,1.4789
694,0.014,2380.77,-0.0099,0.2239,-0.0427
695,-0.502,2402.97,0.0234,0.2672,-0.0136
696,0.08,2017.72,-0.5536,-0.5471,-0.5606
697,0.284,2645.66,0.3868,0.7156,0.2876
698,-0.237,2069.26,-0.4764,-0.4296,-0.4817
699,0.275,1821.63,-0.8472,-1.0236,-0.8807
700,-0.028,3088.2,1.0495,1.4365,0.7718
701,0.177,3184.81,1.1942,1.5801,0.8682
702,-0.415,3114.8,1.0893,1.4765,0.7986
703,-0.144,2455.24,0.1016,0.3675,0.0537
704,-0.075,2113.72,-0.4098,-0.3305,-0.4151
705,-0.207,2621.13,0.3501,0.6722,0.2584
706,0.042,2265.7047,-0.23283000000000004,-1.4071200000000001,-0.24210000000000004
707,0.011,2916.84589,0.33057,0.11556999999999999,0.38577
708,-0.077,2583.25378,0.18879999999999994,1.0268099999999998,0.17611
709,-0.077,2583.25378,0.18879999999999994,1.0268099999999998,0.17611
710,-0.05,1957.6731,-0.27430999999999994,-1.1998799999999998,-0.23088000000000003
711,-0.076,1934.6844100000003,-0.4592899999999999,-0.22410999999999998,-0.45088
712,-0.022,2915.5257200000005,0.5167499999999999,-0.5465,0.34735000000000005
713,-0.034,2078.96912,-0.5581200000000001,-1.00751,-0.7374499999999999
714,-0.086,2437.30747,0.26661999999999997,-0.21842999999999999,0.25728
715,0.107,2339.81835,-0.12689000000000003,-0.49285999999999996,-0.15995999999999996
716,-0.04,2352.18788,-0.23106,0.004689999999999949,-0.4739400000000001
717,-0.137,2955.53,0.6239,1.1891199999999997,0.6447
718,-0.101,2200.53189,-0.16086,0.08454000000000002,-0.20682999999999993
719,-0.233,1972.1333000000002,-0.35942,-0.9309000000000001,-0.41434
720,0.393,4263.14,2.1846,2.65572,1.7019
721,-0.053,1772.5487100000003,-0.45945,-0.6402300000000001,-0.50248
722,0.005171583271097834,2431.304384172376,0.08362741535100784,-0.5253435138629509,9.929500543630022e-09
723,-0.027,2444.47782,0.009199999999999986,-0.47521,-0.015589999999999982
724,-0.104,2529.49,0.1154,0.4793299999999999,0.1955
725,-0.077,2608.97,0.2102,0.26519000000000004,0.2848
726,-0.166,2518.9214899999997,0.03774000000000001,-0.4183699999999999,0.008580000000000016
727,-0.143,2618.56256,0.06906000000000001,-0.45820999999999995,-0.000609999999999955
728,-0.027,2549.36,0.1391,-0.15396000000000004,0.2181
729,-0.124,2051.22,-0.4555,-0.82205,-0.4093
730,-0.125,2705.93,0.326,-0.03087000000000001,0.3901
731,-0.03,2809.5073199999997,0.42081,0.8124800000000001,0.42327000000000004
732,-0.006,2060.1,-0.4449,-0.9347,-0.3968
733,0.005171583271097834,2431.304384172376,0.08362741535100784,-0.5253435138629509,9.929500543630022e-09
734,-0.345,2114.73653,-0.06770000000000001,-1.1181100000000002,-0.40308
735,-0.022,2915.5257200000005,0.5167499999999999,-0.5465,0.34735000000000005
736,-0.061,2506.92234,0.08879,-1.31123,0.08557999999999999
737,-0.054,2178.85062,-0.23356999999999997,-1.45844,-0.57569
738,-0.016,2302.65033,-0.13134,-0.7119700000000001,-0.08199999999999999
739,-0.023,2227.5670099999998,-0.10386000000000002,-0.71114,-0.11740999999999994
740,-0.023,2227.5670099999998,-0.10386000000000002,-0.71114,-0.11740999999999994
741,-0.117,1801.8933000000002,-0.43011,-1.3825,-0.37444
742,-0.007,2122.5798800000002,-0.43115,-0.15995999999999996,-0.49422999999999995
743,-0.058,2580.7640199999996,0.21467,-0.55989,0.24653
744,-0.218,4422.74,2.3751,2.9010100000000003,1.808
745,-0.082,2617.9644999999996,0.24609999999999993,-0.5949799999999998,0.14033
746,-0.001,2148.22419,-0.28865999999999997,-0.31208,-0.23364
747,-0.062,2095.11237,-0.11003000000000004,-0.08098999999999994,-0.11861999999999999
748,0.819,3189.43337,1.7880099999999999,1.8163399999999998,1.15038
749,0.013,2547.9204099999997,0.047190000000000024,-0.13097999999999999,0.0032400000000000428
750,0.114,2114.29144,-0.28102,-1.24964,-0.3734600000000001
751,-0.002,2647.9990000000007,-0.002680000000000038,-1.4356600000000002,-0.04530999999999998
752,1.21,3745.8692,2.001,1.7675899999999998,1.2821
753,2.35,5140.2523,3.8506,3.7593700000000005,2.0735
754,-0.307,2164.8666,-0.0961,-0.6607200000000001,-0.0888
755,0.156,3663.7901,1.8921,1.8052599999999999,1.2267
756,0.532,3241.8973600000004,0.9371400000000001,0.49626000000000003,0.3151399999999999
757,1.01,2396.5744,0.2112,-0.41669,0.1654
758,-0.049,2512.69,0.1877,0.4753,0.1261
759,-0.107,3778.19,2.0828,2.3765,1.4031
760,-0.063,3633.1,1.8655,2.1939,1.2805
761,0.028,2352.59,-0.0521,0.1684,-0.08
762,0.078,2749.44,0.5422,0.895,0.408
763,-0.165,2512.46,0.1873,0.4749,0.1258
764,0.236,926.584,-2.1875,-4.1729,-2.996
765,-0.11,2404.06,0.025,0.2693,-0.0122
766,-0.087,2017.98,-0.5532,-0.5465,-0.5602
767,0.056,3576.03,1.78,2.1201,1.231
768,0.049,1307.09,-1.6177,-2.5702,-1.9195
769,-0.041,3078.61,1.0351,1.422,0.762
770,0.0,1550.8,-1.2528,-1.7736,-1.3844
771,-0.105,2115.93,-0.4065,-0.3257,-0.4119
772,-0.087,2401.65,0.0214,0.2646,-0.0154
773,-0.033,1706.25,-1.02,-1.3285,-1.0855
774,-0.001,2331.67,-0.0834,0.1268,-0.1079
775,0.049,1776.97,-0.9141,-1.1392,-0.9583
776,-0.007,2832.51,0.6666,1.0337,0.5012
777,0.133,1742.9,-0.9651,-1.2295,-1.0189
778,-0.015,1842.62,-0.8158,-0.9702,-0.8448
779,-0.034,2579.28,0.2874,0.5972,0.208
780,0.848,3717.04,1.9912,2.3004,1.3521
781,0.578,4354.46,2.9457,3.0382,1.8476
782,0.077,2117.18,-0.4046,-0.3229,-0.41
783,0.169,3017.78,0.944,1.329,0.6996
784,0.008,1783.62,-0.9041,-1.1218,-0.9467
785,0.022,3615.25,1.8388,2.171,1.2651
786,-0.058,2129.47,-0.3862,-0.2959,-0.3919
787,0.071,2303.68,-0.1253,0.0705,-0.1457
788,0.0,2337.69,-0.0744,0.1388,-0.0999
789,-0.132,2181.89,-0.3077,-0.1826,-0.3158
790,-0.052,2472.36,0.1273,0.3999,0.0755
791,-0.105,2542.48,0.2323,0.5302,0.163
792,-0.109,2451.6,0.0962,0.3606,0.0491
793,-0.092,2570.73,0.2746,0.5817,0.1976
794,0.815,3128.07,1.1092,1.4963,0.8119
795,-0.031,2226.9,-0.2403,-0.0874,-0.2519
796,0.443,7297.63,7.3532,5.4452,3.4644
797,-0.063,1900.5,-0.7291,-0.8261,-0.748
798,-0.006,2640.33,0.3788,0.7062,0.2813
799,0.374,5482.67,4.6353,4.1122,2.569
800,0.3,1272.98,-1.6688,-2.6934,-2.0023
801,0.022,1956.92,-0.6446,-0.6897,-0.6564
802,0.575,3798.64,2.1134,2.4016,1.4201
803,-0.117,2091.34,-0.4433,-0.3801,-0.4485
804,0.024,2396.83,0.0142,0.2553,-0.0217
805,-0.367,2179.82,-0.3108,-0.187,-0.3187
806,-0.075,2655.31,0.4012,0.7326,0.299
807,0.322,4577.88,3.2803,3.2714,2.0043
808,-0.106,2604.1494,0.06628,0.15682999999999997,0.09266000000000002
809,-0.673,1865.0894700000001,-0.47279,-1.1465,-0.56728
810,0.031,1851.3797,-0.512,-1.06186,-0.4799
811,0.06,2069.7479,-0.35874999999999996,-0.51698,-0.4136899999999999
812,-0.056,1363.538,-1.1591,-2.9914300000000003,-1.2444
813,0.472,1452.1631,-1.0415,-3.0630200000000003,-1.087
814,0.575,3624.2931900000003,1.5499100000000001,2.6598300000000004,0.9632200000000001
815,-0.136,2840.2173,0.7997,0.25616999999999995,0.5901
816,-0.107,2415.78318,0.6715699999999999,1.12455,0.47524000000000005
817,0.244,2332.0691300000003,0.15785999999999997,-0.56561,0.07736000000000003
818,-0.338,2159.58548,-0.03203999999999997,-0.72913,-0.31706
819,0.484,2470.1322,0.3088,0.12891999999999995,0.241
820,-0.329,1761.15779,-0.59376,-1.80305,-0.7015
821,0.191,2063.2734,-0.2309,-1.18531,-0.209
822,-0.378,1553.12967,-0.6819599999999999,-2.0992800000000003,-0.89864
823,-0.545,1633.7568,-0.8006,-1.44868,-0.7925
824,-0.356,1941.50698,-0.25366,-0.61384,-0.25525000000000003
825,-0.061,2506.92234,0.08879,-1.31123,0.08557999999999999
826,-0.177,2176.0554,-0.18799000000000005,-1.1447600000000002,-0.33319
827,0.026,2209.39592,-0.31955999999999996,-0.58097,-0.49322
828,0.185,2327.97,0.1202,-0.40930999999999995,0.0928
829,0.777,3683.93519,2.04205,2.45802,1.28736
830,-0.254,2224.5051,-0.017,-0.38539,-0.0209
831,-0.297,1670.5306,-0.7519,-2.0748799999999994,-0.7369
832,-0.171,2001.1846800000003,-0.22805,0.09181999999999997,-0.33782000000000006
833,-0.157,423.8382,-2.4055,-6.3415,-4.1631
834,-0.031,1958.739,-0.30287,-0.6389400000000001,-0.24915000000000004
835,0.284,2385.261,0.1962,-0.24237000000000003,0.1536
836,-0.069,2111.371,-0.1671,-1.1564299999999998,-0.1514
837,0.755,3792.2651600000004,1.7754399999999997,2.2326299999999994,1.1411
838,0.361,4713.2072,3.2841,2.77409,1.8566
839,-0.355,2463.2863,0.2997,0.16424,0.234
840,-0.261,2606.14443,0.19317,-0.46698000000000006,0.22736
841,-0.041,2508.12927,0.06059999999999999,-0.8118000000000001,0.1958
842,-0.012,2587.6514999999995,0.08519000000000004,0.017310000000000048,0.05743000000000002
843,0.005171583271097834,2431.304384172376,0.08362741535100784,-0.5253435138629509,9.929500543630022e-09
844,0.005171583271097834,2431.304384172376,0.08362741535100784,-0.5253435138629509,9.929500543630022e-09
845,-0.166,2518.9214899999997,0.03774000000000001,-0.4183699999999999,0.008580000000000016
846,-0.042,2594.8598100000004,0.4251600000000001,-0.34931000000000006,0.29192
847,-0.184,2274.53079,-0.03597999999999999,0.10286999999999999,-0.12059
848,0.038,1709.9207,-0.6996,-1.84177,-0.6786
849,0.041,2169.9150199999995,-0.02419,0.34585,0.020679999999999976
850,0.645,3534.9044799999997,1.6830100000000001,1.8231699999999997,1.0488799999999998
851,-0.048,2095.2407,-0.47734000000000004,-1.04196,-0.4404199999999999
852,-0.232,1841.8139,-0.5247,-1.08063,-0.4929
853,0.152,2526.3235899999995,0.027520000000000017,-1.20632,0.013260000000000011
854,-0.221,2361.89343,-0.034680000000000044,-1.01576,-0.25145999999999996
855,-0.318,2781.9025,0.7223,0.35563,0.5382
856,-0.199,1708.1006,-0.702,-1.72561,-0.6813
857,-0.107,2291.4031,0.0717,-0.4426500000000001,0.0532
858,-0.042,1622.7847,-0.8152,-2.3385400000000005,-0.8094
859,0.215,2317.0703,0.1058,-0.44869000000000003,0.081
860,0.04,2528.3541400000004,0.37746,-1.49889,0.1242
861,-0.58,2537.0199,0.3975,0.20539000000000002,0.3078
862,0.08,2183.3362,-0.0716,-0.18863999999999997,-0.0676
863,-0.355,1961.8147,-0.3655,-0.88271,-0.3351
864,-0.289,2812.91672,0.9531499999999999,0.43954000000000004,0.6793899999999999
865,0.471,3086.8993,1.1269,0.7004300000000001,0.7983
866,-0.257,1937.647,-0.3975,-0.68168,-0.366
867,-0.229,3091.5632,1.1331,0.76513,0.8021
868,-0.223,2594.5141299999996,0.50548,-0.80515,0.16062000000000004
869,-0.003,2616.3689,0.5028,-0.10855000000000006,0.3848
870,-0.239,1823.0031,-0.5496,-1.7391400000000001,-0.5185
871,0.03,1831.545,-0.5383,-0.8607700000000001,-0.5068
872,-0.246,2844.2194,0.805,0.08806,0.5936
873,-0.12,2536.4103600000003,0.38056,-1.05673,0.36910999999999994
874,-0.414,2154.20556,-0.33063000000000003,-0.9161199999999999,-0.32125000000000004
875,-0.047,2486.7611,0.3308,-0.35106000000000004,0.2578
876,-0.155,3015.1201,1.0317,0.6257400000000001,0.7395
877,-0.431,1888.9242600000002,-0.49768999999999997,-1.1949,-0.46906
878,-0.022,2915.5257200000005,0.5167499999999999,-0.5465,0.34735000000000005
879,0.504,2231.1338,-0.0082,-0.5704100000000001,-0.0134
880,-0.819,46.1407,-2.9065,-10.801110000000001,-9.6625
881,-0.058,2987.395,0.9949,0.29427,0.7164
882,-0.186,1538.1202,-0.9275,-1.7936100000000004,-0.9433
883,-0.205,3478.1426,1.6459,0.9598799999999998,1.0967
884,-0.517,2678.7271,0.5855,0.08718999999999999,0.4437
885,-0.183,2362.024,0.1654,-1.24898,0.1291
886,-0.054,1875.6301,-0.4798,-1.53004,-0.4474
887,-0.172,1788.9905,-0.5947,-1.07002,-0.5656
888,0.096,2354.4128,0.1553,-0.7060299999999999,0.121
889,0.478,2924.5404,0.9115,0.14403000000000002,0.6632
890,0.191,2336.8532,0.132,-0.3238,0.1023
891,0.093,2271.0514,0.0447,-0.25361,0.0309
892,-0.073,2910.9106,0.8935,0.87302,0.6515
893,-0.116,1710.5412,-0.6988,-1.50493,-0.6777
894,-0.2,2068.8164,-0.2235,-1.11322,-0.2023
895,0.242,2814.1468,0.7651,-0.017850000000000022,0.567
896,0.145,2748.1381,0.6776,0.30469,0.5077
897,-0.006,3132.5096600000006,0.14571,-0.39239,0.02088000000000002
898,-0.226,4053.9684,2.4097,1.7517200000000002,1.4798
899,-0.252,2863.0095,0.8299,0.09595999999999998,0.61
900,-0.232,3513.0033,1.6921,1.49531,1.1216
901,-0.109,2747.52507,0.45206,0.060450000000000004,0.36971999999999994
902,0.067,1964.5862,-0.3618,-0.9944999999999998,-0.3315
903,0.005,2408.0429,0.2264,0.01932000000000007,0.1773
904,-0.367,1698.3281,-0.715,-1.2239499999999999,-0.6956
905,-0.672,2203.326,-0.0451,-0.58334,-0.0448
906,0.417,2607.918,0.42319000000000007,0.31722,0.36926000000000003
907,0.166,2716.2144,0.6352,0.30752999999999997,0.4784
908,0.555,3671.5978,1.9025,1.35325,1.2321
909,-0.084,1646.911,-0.7832,-2.0876100000000006,-0.7725
910,-0.018,1179.7312,-1.4029,-3.5486900000000006,-1.6063
911,-0.126,2417.0620000000004,0.28078999999999993,0.04414000000000001,0.22967999999999997
912,0.669,4069.465,1.8632300000000002,2.3627700000000003,1.1273399999999998
913,-0.007,2122.5798800000002,-0.43115,-0.15995999999999996,-0.49422999999999995
914,0.165,2592.346,0.4709,0.32445,0.3617
915,-0.922,1790.42291,-0.61791,-1.12935,-1.5003199999999999
916,0.087,2298.3111,0.0809,-0.57027,0.0607
917,-0.295,1755.9499,-0.6385,-1.4845000000000002,-0.6122
918,-0.031,2754.4567,0.6859,0.3259,0.5134
919,0.524,2399.4286,0.215,-0.7410300000000001,0.1684
920,1.22,2943.4547,0.9366,0.62197,0.6793
921,-0.271,2198.3208,-0.0518,-0.8000400000000001,-0.0505
922,-0.049,2171.7643,-0.087,-0.6136999999999999,-0.0809
923,-0.284,2322.3857,0.1128,-0.22425,0.0868
924,-0.17,2644.46583,0.10886000000000003,0.2568099999999999,-0.06622999999999997
925,-0.15,2101.4552799999997,0.17315999999999995,-1.1006899999999997,0.05166999999999997
926,1.17,2239.4276,0.0028,-0.8396000000000001,-0.0042
927,-0.245,2734.653,0.6597,-0.43505000000000005,0.4954
928,0.163,2277.5561,0.0533,-1.0111,0.038
929,-0.271,2746.7834,0.6758,0.12679999999999997,0.5064
930,3.66,5244.59561,4.04171,3.5092799999999995,1.8628
931,0.215,3677.3683,1.9101,1.3151199999999998,1.236
932,0.575,2911.2312,0.8939,0.87302,0.6518
933,0.492,1825.1851,-0.5467,-1.5577299999999998,-0.5155
934,-0.144,1503.694,-0.9732,-2.5749400000000002,-0.9999
935,0.077,2037.7175,0.09889999999999996,-1.7996299999999998,0.04461999999999998
936,0.158,1951.4734,-0.3792,-1.56055,-0.3483
937,0.279,2770.0203,0.7066,0.14667,0.5275
938,0.297,2871.6342,0.8414,0.23157,0.6176
939,-0.47,2939.5457,0.9314,0.03873000000000004,0.676
940,-0.043,2234.5465,-0.0037,-0.74697,-0.0096
941,0.054,2386.77368,0.11473000000000003,-0.39343999999999996,0.14142000000000002
942,-0.206,2018.0715,-0.2909,-0.5934299999999999,-0.2644
943,-0.162,1777.0462,-0.6106,-1.2349099999999997,-0.5823
944,0.064,1505.4003,-0.9709,-2.38677,-0.997
945,-0.024,2691.6228,0.6026,0.32599999999999996,0.4557
946,-0.358,1437.4888,-1.061,-1.9642000000000004,-1.1124
947,-0.598,2251.4752,0.0187,-0.5681999999999999,0.0092
948,-0.228,4875.3695,3.4992,2.24838,1.9412
949,-0.031,1713.3954,-0.695,-2.47979,-0.6735
950,-0.125,2113.7288,-0.164,-0.5891599999999999,-0.1486
951,0.591,2964.7268,0.9648,0.42249,0.6973
952,0.43,3132.3184,1.1872,0.7935000000000001,0.8348
953,0.0,2571.1153,0.4427,0.12226,0.3412
954,-0.201,2150.9679,-0.1146,-0.24242000000000002,-0.1049
955,0.025,1822.8893,-0.5498,-1.72737,-0.5187
956,0.041400000000000006,1377.4057,-1.1407,-3.3289699999999995,-1.2192
957,0.0374,3185.9898,1.2583,0.5503700000000001,0.8773
958,-0.023799999999999998,2260.193,0.0303,-0.95222,0.0189
959,0.427,3148.0889,1.2081,0.6032499999999998,0.8474
960,0.052,1730.5206,-0.6723,-1.95195,-0.6487
961,0.715,3173.239,1.2414,0.69908,0.8673
962,0.045,1948.6812,-0.3829,-1.14866,-0.3519
963,0.053,2378.5391,0.1873,-0.23799,0.1465
964,0.084,2075.3935,-0.2148,-1.04799,-0.1944
965,-0.111,1996.9338,-0.3189,-1.16229,-0.2907
966,-0.205,2178.5585,-0.078,-0.5455500000000001,-0.0731
967,0.4,3075.3583,1.1116,0.9774900000000002,0.789
968,-0.417,1696.4149,-0.7175,-1.6834500000000001,-0.6984
969,-0.069,1291.2521,-1.2549,-2.6064999999999996,-1.3806
970,-0.104,2579.1402,0.4534,0.16944000000000004,0.349
971,0.323,4293.8044,2.7278,2.7406500000000005,1.6235
972,0.432,2301.5686,0.0852,-0.6230499999999999,0.0643
973,0.176,2675.2424199999996,0.23823,0.5497900000000001,0.20445999999999995
974,-0.164,2309.6880599999995,0.29599000000000003,-0.34398000000000006,0.17324
975,0.365,2784.0535,0.7252,0.7481399999999999,0.5401
976,-0.2,2422.9861,0.2463,0.28763,0.1928
977,0.081,2660.6195,0.5615,0.26141,0.4267
978,-0.017,3413.6541,1.5603,1.7009899999999998,1.0499
979,0.139,2934.9128,0.9253,0.6415,0.6721
980,0.431,1538.3271,-0.9272,-1.78403,-0.943
981,0.235,1964.0898,-0.3625,-0.9875,-0.3322
982,-0.129,2125.1456,-0.1488,-1.3087,-0.1351
983,0.372,2652.6153,0.5508,0.10505000000000002,0.4192
984,-0.051,1409.4017,-1.0982,-2.97276,-1.1618
985,-0.024,2317.7011,0.1066,-0.44062,0.0817
986,-0.051,2442.50194,-0.13446000000000002,-0.94208,-0.1352
987,-0.08820000000000001,1862.8068,-0.4968,-1.36279,-0.4645
988,-0.021,1856.4222100000002,-0.67384,-0.8661300000000001,-0.7355799999999999
989,-0.18,2069.02712,-0.033019999999999994,-0.8330500000000001,-0.25162000000000007
990,0.137,2435.4141000000004,0.45220000000000005,-0.030529999999999925,0.23832
991,-0.012,2576.3,0.1712,0.15899,0.2484
992,-0.046,2461.62145,0.007350000000000012,-1.2277200000000001,0.11686999999999999
993,0.146,1946.9443000000003,-0.030779999999999946,-1.91861,-0.08423000000000003
994,-0.044,2785.91,0.4214,0.90892,0.4741
995,-0.218,2797.59,0.4354,0.27793999999999996,0.4862
996,-0.107,2172.13,-0.3112,-0.86326,-0.244
997,-0.021,1803.8,-0.7508,-1.34087,-0.7802
998,-0.084,2960.78,0.6301,0.12076,0.6498
999,-0.034,1395.19,-1.2385,-3.0300700000000003,-1.5212
1000,-0.008,2591.6816,0.14275,-0.8274900000000001,0.13731
1001,0.013,2547.9204099999997,0.047190000000000024,-0.13097999999999999,0.0032400000000000428
1002,-0.082,2617.9644999999996,0.24609999999999993,-0.5949799999999998,0.14033
1003,-0.088,2676.56,0.2909,0.19904000000000002,0.3586
1004,0.031,5066.23,3.1432,3.0229000000000004,2.2
1005,-0.055,2436.49,0.0044,0.26128,0.0874
1006,-0.063,2647.8417400000003,0.11061000000000003,-0.4380400000000001,-0.11377999999999996
1007,-0.088,3240.44,0.9639,1.2903299999999998,0.9103
1008,-0.055,2231.75,-0.24,-0.21345,-0.1659
1009,-0.076,1934.6844100000003,-0.4592899999999999,-0.22410999999999998,-0.45088
1010,-0.061,2113.98,-0.3806,-0.7748299999999999,-0.3223
1011,0.027,2498.20626,0.11364999999999999,0.20640999999999998,-0.06327999999999999
1012,-0.019,2428.6314699999994,-0.04042,-0.5240400000000001,0.06610999999999999
1013,-0.061,2178.69,-0.3033,-0.5455500000000001,-0.2353
1014,0.0,2348.28,-0.1009,-0.27995000000000003,-0.019
1015,-0.018,3168.93,0.8786,0.7329499999999999,0.8459
1016,-0.157,1733.79,-0.8344,-1.9392299999999998,-0.8944
1017,0.009,2830.34,0.4745,0.47252,0.5198
1018,-0.022,2915.5257200000005,0.5167499999999999,-0.5465,0.34735000000000005
1019,-0.01,3068.54,0.7588,0.59919,0.753
1020,0.0,2484.5456000000004,0.21022,-0.8912100000000001,0.06565000000000003
1021,-0.063,2536.22,0.1234,0.23897,0.2032
1022,0.009,2358.17819,-0.19759000000000004,-0.9018800000000002,-0.2807
1023,-0.132,2461.99262,0.20820999999999995,-0.17093000000000005,0.07629
1024,0.0,2484.5456000000004,0.21022,-0.8912100000000001,0.06565000000000003
1025,-0.024,2124.34377,-0.13255,-0.72897,-0.22153
1026,-0.03,2063.24,-0.4411,-1.2101600000000001,-0.3924
1027,0.022,2257.35601,-0.36608,0.15043,-0.43158
1028,-0.056,2331.5016100000003,-0.05066000000000004,-0.11416,-0.06455999999999999
1029,-0.027,2444.47782,0.009199999999999986,-0.47521,-0.015589999999999982
1030,0.004299999999999998,2616.51,0.2192,-0.10855000000000006,0.2931
1031,-0.032,3028.81057,0.60811,-0.06829999999999994,0.485
1032,-0.041,2508.12927,0.06059999999999999,-0.8118000000000001,0.1958
1033,0.026,2209.39592,-0.31955999999999996,-0.58097,-0.49322
1034,-0.002,3393.79,1.147,1.22866,1.0437
1035,0.004,1515.26,-1.0952,-2.2189099999999997,-1.283
1036,-0.009,1996.72,-0.5205,-1.18284,-0.487
1037,-0.165,3527.33,1.3064,1.37792,1.1551
1038,-0.126,2807.39,0.4471,0.24766,0.4963
1039,-0.01,3099.77,0.796,0.45632,0.7822
1040,-0.064,3395.59,1.1491,1.13248,1.0452
1041,-0.703,2910.06,0.5696,0.79369,0.5999
1042,-0.007,2122.5798800000002,-0.43115,-0.15995999999999996,-0.49422999999999995
1043,-0.079,2106.27,-0.3898,-1.2478900000000002,-0.3329
1044,-0.01,2323.2385999999997,0.08265999999999998,-1.1183599999999998,0.009370000000000012
1045,-0.046,2570.24,0.164,0.17584000000000005,0.2416
1046,-0.001,2532.79,0.1193,-0.38682000000000005,0.1992
1047,0.265,2718.87,0.3414,0.48369,0.4038
1048,-0.018,2607.1832999999997,0.40085999999999994,-0.74311,-0.06069
1049,-0.201,3277.3,1.0079,1.5099500000000001,0.9429
1050,0.015,2534.48623,0.20627000000000004,-0.3811399999999999,0.26598
1051,-0.162,1596.952,-0.8495,-1.05515,-0.8495
1052,0.03,2318.2492,0.1073,-0.31638,0.0823
1053,0.366,3813.8634,2.0912,2.0148900000000003,1.3271
1054,0.0,2484.5456000000004,0.21022,-0.8912100000000001,0.06565000000000003
1055,0.049,1838.9391,-0.5285,-1.43038,-0.4968
1056,-0.202,2239.9033,0.0034,-0.57383,-0.0036
1057,0.0,1504.2524,-0.9724,-2.27938,-0.999
1058,0.402,2768.314,0.7043,0.39498999999999995,0.5259
1059,-0.328,2473.8034,0.3137,-0.38039999999999996,0.2447
1060,-0.076,793.8085,-1.9148,-3.8528,-2.5963
1061,0.244,2764.7566,0.6996,0.37016,0.5227
1062,0.0,2219.293,-0.0239,-0.2621300000000001,-0.0267
1063,0.621,2339.4075,0.1354,-0.4361,0.105
1064,-0.586,2316.0672,0.1044,-0.67313,0.08
1065,0.427,2673.46566,0.8431000000000001,-0.2134599999999999,0.52516
1066,1.35,4352.5018,2.8057,2.4717299999999995,1.6575
1067,-0.138,2011.539,-0.21798,-1.04503,-0.19951
1068,0.292,2810.3205,0.76,0.21825999999999998,0.5636
1069,-0.172,1748.8144,-0.648,-1.90624,-0.6224
1070,-0.227,2047.2754,-0.2521,-0.9593,-0.2285
1071,-0.349,2233.016,-0.0057,-0.59623,-0.0113
1072,-0.136,1920.9561,-0.4197,-1.2991599999999999,-0.3877
1073,0.18,1788.3817,-0.22078999999999996,-1.84752,-0.16726999999999995
1074,-0.358,1941.5069799999997,-0.25366,-1.0647300000000002,-0.25525
1075,-0.377,1553.12967,-0.68196,-2.0992800000000003,-0.8986400000000001
1076,-0.176,2301.9354,0.2364800000000001,-1.03575,-0.009619999999999962
1077,-0.062,1893.7688,-0.4557,-1.3668399999999998,-0.4233
1078,-0.085,2850.8864799999997,0.32158,0.031489999999999976,0.32183
1079,0.049,2319.18993,0.1109,-0.60558,0.014929999999999999
1080,-0.32,2861.0882,0.37175,-0.27638999999999986,0.23210000000000003
1081,-0.697,2540.5567,0.4022,0.04424,0.3113
1082,-0.118,2466.68937,0.0902,-0.12330000000000005,0.022099999999999998
1083,0.572,2219.0242,-0.0243,-0.2621300000000001,-0.027
1084,-0.338,1773.6543,-0.6151,-1.76051,-0.5871
1085,-0.001,1485.638,-0.9971,-3.08983,-1.0301
1086,0.36,1942.5488,-0.391,-1.30356,-0.3597
1087,-0.121,2323.7094,0.1146,-0.388,0.0882
1088,0.0,1677.1387,-0.7431,-1.9651799999999997,-0.727
1089,-0.17,2256.6356,0.0256,-1.10063,0.015
1090,0.005,1539.4439,-0.9257,-1.42252,-0.9411
1091,0.057,2262.9997000000003,-0.05604999999999999,-0.69704,-0.32434
1092,-0.173,1832.7682499999999,-0.5138300000000001,-1.77509,-0.53445
1093,0.89,3133.70492,1.2724,0.7493200000000001,0.8469300000000001
1094,0.023,2502.0950999999995,0.11966999999999998,-0.011370000000000064,0.06807999999999997
1095,-0.011,2019.66347,-0.46979999999999994,-0.88555,-0.48201
1096,0.802,5336.4582,4.1109,3.05108,2.1672
1097,-0.016,1897.53,-0.7528,-1.8368,-0.7383
1098,-0.015,1807.11,-0.8776,-2.1056,-0.9047
1099,-0.115,3612.87,1.6164,1.7091,1.4567
1100,-0.003,2497.24,0.0755,-0.3246,0.1978
1101,-0.028,2154.43,-0.3979,-1.1377,-0.3055
1102,-0.038,3016.41,0.7926,0.7155,0.8416
1103,0.0,2702.51,0.359,0.1104,0.4671
1104,-0.031,2118.85,-0.4471,-1.2294,-0.3623
1105,-0.019,1750.39,-0.956,-2.2811,-1.0134
1106,-0.036,2511.64,0.0954,-0.293,0.2174
1107,-0.158,1472.41,-0.7918,-2.8984,-0.6807
1108,0.017,4078.13,2.6498,2.0556,1.3887
1109,-0.07,2397.42,0.6663,0.433,0.5928
1110,-0.136,2963.38,1.3342,1.0803,0.9103
1111,-0.189,755.033,-1.2719,-3.0944,-1.1373
1112,-0.128,2022.05,0.2234,-0.087,0.3378
1113,0.317,1832.65,-0.0001,-0.3874,0.1905
1114,-0.083,1689.61,-0.8801,-1.3071300000000001,-1.0806
1115,0.041,2852.81,0.3781,0.70959,0.3847
1116,0.031,2138.33,-0.3947,-0.13513000000000003,-0.4217
1117,-0.081,2405.73,-0.1055,-0.48711000000000004,-0.0921
1118,0.05,3560.26,1.1433,1.6491,1.0046
1119,0.041,2798.98,0.3199,0.24400999999999998,0.3315
1120,-0.402,2025.96,-0.5163,-0.6212500000000001,-0.5728
1121,0.011,2819.75,0.3423,0.35656999999999994,0.3521
1122,0.261,3319.15,0.8825,1.3095600000000003,0.8084
1123,-0.101,2187.66,-0.3414,-0.82819,-0.3579
1124,0.019,1467.0,-1.1208,-2.40317,-1.4757
1125,0.079,1963.1,-0.5842,-0.89375,-0.6609
1126,-0.054,1966.05,-0.5811,-1.31554,-0.6567
1127,0.024,1742.32,-0.823,-1.9621499999999998,-0.9946
1128,0.224,3549.27,1.1314,1.29236,0.9959
1129,-0.015,2900.1,0.4292,0.11992999999999995,0.4307
1130,0.267,3046.8,0.5879,0.87665,0.5688
1131,-0.054,3022.67,0.5618,0.83088,0.5466
1132,0.165,2660.26,0.1698,0.26141000000000003,0.1892
1133,0.401,2140.01,-0.3929,-0.7943,-0.4195
1134,-0.094,2539.54,0.0392,-0.03760000000000001,0.0593
1135,-0.11,6004.18,3.7867,4.51072,2.4669
1136,0.036,1974.99,-0.5714,-0.9372300000000001,-0.644
1137,-0.091,2792.92,0.3133,0.39471999999999996,0.3254
1138,-0.001,3019.9,0.5588,0.8571099999999999,0.544
1139,-0.035,3595.25,1.1811,1.35107,1.0319
1140,-0.014,3846.6,1.453,1.8336399999999997,1.221
1141,-0.042,1455.47,-1.1333,-2.5255599999999996,-1.4978
1142,0.0,3223.37,0.7789,0.41994999999999993,0.7264
1143,0.159,4196.47,1.8314,2.5054499999999997,1.4646
1144,-0.027,2759.75,0.2774,0.30579999999999996,0.292
1145,-0.403,3124.75,0.6722,1.03865,0.6395
1146,0.144,4286.42,1.9287,2.74065,1.5239
1147,-0.046,2512.85,0.0104,-0.29092,0.0298
1148,0.389,4044.42,1.667,2.1824000000000003,1.3613
1149,0.0,4712.53,2.3896,2.77409,1.7891
1150,-0.071,5125.58,2.8364,3.7593699999999997,2.0242
1151,0.23,2953.8,0.4873,0.8245399999999998,0.4821
1152,-0.142,2630.11,0.1372,0.05974000000000003,0.1574
1153,0.248,3442.06,1.0154,1.1663299999999999,0.9101
1154,-0.077,2481.74,-0.0233,-0.76399,-0.0051
1155,-0.334,3361.6,0.9284,0.75844,0.8439
1156,0.005,1883.01,-0.6709,-1.28199,-0.7774
1157,0.054,2622.92,0.1294,0.28574,0.1497
1158,0.0,3136.81,0.6853,0.8611599999999999,0.6503
1159,-0.112,2412.36,-0.0983,-0.6046199999999999,-0.0844
1160,-0.103,2540.38,0.0402,-0.11549999999999998,0.0602
1161,-0.05,2465.47,-0.0409,-0.21947,-0.0235
1162,0.156,1394.53,-1.1992,-3.24261,-1.6174
1163,0.0,2011.85,-0.5315,-0.6451800000000001,-0.5923
1164,-0.156,2059.12,-0.4804,-1.30769,-0.5273
1165,-0.072,1265.39,-1.3389,-2.70734,-1.8892
1166,0.087,920.585,-1.7119,-3.9399300000000004,-2.7787
1167,-0.165,2211.29,-0.3158,-0.58446,-0.3279
1168,-0.452,1067.24,-1.5532,-3.0787199999999997,-2.3654
1169,-0.096,2762.64,0.2806,0.5397199999999999,0.2949
1170,-0.09,2833.5,0.3572,0.27256,0.3657
1171,-0.027,4141.31,1.7718,1.8301200000000002,1.4276
1172,0.13,3515.61,1.095,1.4969500000000002,0.9692
1173,-0.066,2464.19,-0.0423,0.14327999999999996,-0.0249
1174,0.069,2073.06,-0.4653,-0.88612,-0.5085
1175,-0.183,2798.16,0.319,0.29047999999999996,0.3306
1176,0.025,2888.11,0.4163,1.0747,0.4192
1177,0.07,1160.87,-1.452,-3.52196,-2.1303
1178,0.009,1259.08,-1.3457,-3.31285,-1.9032
1179,-0.162,2531.99,0.0311,-0.17902,0.051
1180,0.277,3074.1,0.6174,0.88827,0.5938
1181,-0.406,3471.58,1.0474,0.5196099999999999,0.934
1182,-0.232,1786.14,-0.7757,-1.5574299999999999,-0.9252
1183,0.22,3040.8,0.5814,0.89699,0.5633
1184,0.323,2777.31,0.2964,0.18756,0.3097
1185,-0.067,1155.82,-1.4574,-3.02171,-2.1425
1186,-0.056,2845.4,0.3701,0.32080000000000003,0.3775
1187,0.316,3091.49,0.6362,0.7651300000000001,0.6095
1188,-0.306,2539.22,0.0389,0.14283,0.059
1189,-0.066,1087.42,-1.5314,-3.9955100000000003,-2.313
1190,-0.182,5664.46,3.4192,4.04163,2.3039
1191,-0.171,1903.5,-0.6487,-1.6560100000000002,-0.7472
1192,0.288,3570.23,1.1541,2.14033,1.0124
1193,-0.174,4970.0754,1.0306,3.2101,0.8085
1194,-0.051,3709.8194,0.0454,1.6587,-0.003
1195,0.188,3929.2623,0.2169,1.9636,0.1564
1196,1.29,4978.0589,1.0369,3.2186,0.8129
1197,0.0,2562.3045,-0.8517,-0.3043,-1.0298
1198,-0.098,5302.7455,1.2907,3.5538,0.9883
1199,0.032,3128.1818,-0.4093,0.7541,-0.4762
1200,0.032,3870.9165,0.1713,1.8842,0.1149
1201,0.06,5209.5081,1.2178,3.4597,0.939
1202,-0.143,4549.4937,0.7018,2.741,0.5631
1203,0.091,2921.8827,-0.5706,0.3923,-0.6655
1204,-0.025,1501.46,-0.7441,-2.13532,-0.7119
1205,0.318,2000.42,0.1799,-0.5762,0.262
1206,-0.07,1380.12,-0.9688,-2.7514399999999997,-0.9979
1207,-0.1,1194.83,-1.3119,-2.35209,-1.4871
1208,-0.001,1654.88,-0.46,-1.97294,-0.3816
1209,-0.06,1870.67,-0.0604,-2.05492,0.0344
1210,-0.024,1572.38,-0.6128,-2.1974400000000003,-0.5552
1211,0.093,2111.46,0.3855,-0.87826,0.4454
1212,-0.068,1267.42,-1.1775,-2.7367,-1.287
1213,-0.226,1935.41,0.0595,-0.69924,0.1499
1214,-0.015,1931.64,0.0525,-1.3749600000000002,0.1433
1215,-0.05,1318.91,-1.0822,-2.6119,-1.1518
1216,0.024,1366.65,-0.9938,-2.5957500000000002,-1.0311
1217,-0.014,1840.45,-0.1164,-1.02952,-0.0209
1218,-0.005,1653.32,-0.4629,-2.1080999999999994,-0.3848
1219,-0.126,1708.52,-0.3607,-1.3950099999999999,-0.2734
1220,0.009,765.354,-2.1072,-5.416510000000001,-2.9983
1221,0.073,1211.25,-0.5663,-4.5607,-0.3259
1222,-0.103,1625.18,-0.515,-1.59513,-0.4431
1223,-0.174,1660.33,-0.4499,-2.2802700000000007,-0.3705
1224,-0.086,2095.97,0.3568,-0.7018800000000001,0.4204
1225,-0.05,1822.77,-0.1491,-1.7273699999999999,-0.0537
1226,0.0,1153.32,-1.3888,-2.94358,-1.6071
1227,0.427,1985.76,0.1527,-0.91647,0.2371
1228,0.783,2265.52,1.6584,1.82,1.0805
1229,-0.021,1761.09,-0.6416,-2.1995899999999997,-0.5523
1230,-0.094,1894.93,-0.658,-1.2491299999999999,-0.7598
1231,0.092,1842.5,-0.7147,-1.11845,-0.8383
1232,-0.135,2039.43,1.2146,1.3953,0.8432
1233,0.365,2176.19,1.4831,1.6575,0.9897
1234,0.08,1088.55,-0.6521,-1.1404,-0.5739
1235,-0.036,1228.43,-0.3775,-0.6523,-0.3011
1236,0.706,1809.2,0.7626,0.9114,0.5728
1237,-0.003,1594.55,0.3412,0.4013,0.2877
1238,-0.031,1296.73,-0.2434,-0.4337,-0.179
1239,0.142,1845.05,0.833,0.9907,0.6171
1240,-0.019,2421.65,1.9649,2.0892,1.231
1241,0.118,612.894,-1.5859,-3.4591,-1.8698
1242,0.117,1738.52,0.6239,0.7504,0.4828
1243,-0.043,620.347,-1.5712,-3.4103,-1.8425
1244,0.49,2025.44,1.1871,1.3675,0.8276
1245,-0.069,1384.52,-0.0711,-0.1692,-0.0311
1246,-0.05,1129.57,-0.5716,-0.9911,-0.4905
1247,-0.08,1174.39,-0.4836,-0.8339,-0.4026
1248,-0.011,1201.95,-0.4295,-0.7403,-0.3503
1249,-0.007,1176.71,-0.479,-0.826,-0.3982
1250,-0.026,1474.61,0.1058,0.0854,0.1112
1251,0.068,1832.51,0.8084,0.9631,0.6017
1252,0.138,959.485,-0.9819,-6.3028,-0.8436
1253,0.476,1180.7,-0.6168,-4.7517,-0.3827
1254,0.189,1151.65,-0.6647,-4.938,-0.438
1255,0.153,761.569,-1.3086,-8.0296,-1.3567
1256,0.144,1003.0,-0.9101,-5.9712,-0.7451
1257,0.091,908.731,-1.0657,-6.7091,-0.9643
1258,-0.128,1770.62,0.3569,-1.7214,0.5178
1259,0.006,2524.31,1.601,0.9313,1.306
1260,0.055,1610.48,0.0926,-2.4304,0.3071
1261,0.081,1310.54,-0.4024,-3.9716,-0.1509
1262,-0.198,1449.17,-0.1736,-3.2197,0.0726
1263,-0.178,1870.61,0.522,-1.3105,0.6399
1264,-0.039,1818.9,0.4366,-1.5202,0.5776
1265,-0.015,1528.65,-0.0424,-2.8204,0.1912
1266,0.059,1568.42,0.0232,-2.6283,0.2483
1267,0.094,1216.97,-0.5569,-4.5255,-0.3155
1268,0.002,1643.84,0.1477,-2.277,0.3527
1269,-0.003,1267.8,-0.473,-4.2195,-0.2245
1270,0.078,860.152,-1.1458,-7.1198,-1.0863
1271,0.109,967.525,-0.9686,-6.2404,-0.8251
1272,0.141,1093.23,-0.7611,-5.3272,-0.5537
1273,0.095,1380.75,-0.2866,-3.5813,-0.0349
1274,0.077,729.136,-1.3621,-8.3548,-1.4533
1275,-0.108,2862.19844,0.39597000000000004,-0.17345000000000005,0.36013999999999996
1276,0.225,3029.5463,1.0508,0.5367399999999999,0.7514
1277,-0.154,2608.48663,0.20143,0.13872999999999994,0.23468000000000006
1278,-0.336,1649.6825,-0.7795,-2.1844200000000003,-0.7683
1279,-0.042,2594.8598100000004,0.4251600000000001,-0.34931000000000006,0.29192
1280,-0.285,1888.7636,-0.4624,-1.1962099999999998,-0.4299
1281,-0.075,2186.5950000000003,-0.10349000000000005,-0.7021200000000001,-0.16461999999999996
1282,-0.79,1581.44,-0.87,-2.5356700000000005,-0.8739
1283,0.049,3449.3214,1.6076,0.92371,1.0759
1284,0.256,1661.2647,-0.7641,-2.3392,-0.7508
1285,-0.16,1944.81924,-0.28041,-0.8517199999999999,-0.41215999999999997
1286,0.122,2309.35812,-0.14500000000000002,-0.48961999999999994,-0.13756000000000002
1287,-0.276,2363.1212400000004,0.47328000000000003,-0.10447999999999995,0.25756999999999997
1288,0.333,3846.74996,1.6480899999999998,2.10338,1.06151
1289,0.152,2106.6346,-0.1734,-1.20725,-0.157
1290,0.04,2528.3541400000004,0.37746,-1.49889,0.1242
1291,-0.299,2348.0632,0.1469,-0.30462,0.1143
1292,0.647,1705.8669,-0.705,-1.2252500000000002,-0.6845
1293,0.052,2643.9492,0.5393,-0.05503999999999998,0.411
1294,0.221,2113.3979,-0.1644,-0.6391199999999999,-0.149
1295,-0.18,2233.5537,-0.005,-0.5954300000000001,-0.0107
1296,0.447,2787.01776,0.7812300000000001,1.67391,0.5610100000000001
1297,0.681,2011.5151,-0.2995,-0.6451800000000001,-0.2725
1298,-0.008,2189.6651,-0.0632,-0.7228600000000001,-0.0603
1299,-0.03,2774.24,0.4075,0.2963,0.462
1300,-0.805,1351.1095899999998,-1.11836,-1.0683,-2.05901
1301,-0.052,2297.42,-0.09329000000000004,-0.03450000000000001,-0.04879999999999999
1302,-0.198,2164.1780000000003,-0.08809,-0.9974100000000001,-0.11787
1303,-0.086,2437.30747,0.26661999999999997,-0.21842999999999999,0.25728
1304,0.013,2547.9204099999997,0.047190000000000024,-0.13097999999999999,0.0032400000000000428
1305,-0.006,1078.6,-1.6164,-3.9654599999999993,-2.2636
1306,-0.008,1804.82,-0.7496,-1.16174,-0.7785
1307,0.009,2358.17819,-0.19759000000000004,-0.9018800000000002,-0.2807
1308,-0.041,2508.12927,0.06059999999999999,-0.8118000000000001,0.1958
1309,-0.027,2444.47782,0.009199999999999986,-0.47521,-0.015589999999999982
1310,-1.17,1109.65231,-1.4685100000000002,-6.105169999999999,-3.36736
1311,-0.121,2422.4189400000005,0.20715000000000003,-0.9796799999999999,0.23209999999999997
1312,0.056,1896.7036,-0.58583,-1.17301,-0.57619
1313,-0.201,1815.55,-0.7368,-1.2911199999999998,-0.7614
1314,0.002,2116.32,-0.3778,-0.77819,-0.3191
1315,0.111,2508.43,0.0902,0.11926,0.1714
1316,-0.217,2771.16,0.4038,-0.09175999999999998,0.4588
1317,-0.016,2383.25,-0.0592,-0.18916999999999998,0.0236
1318,-0.114,2001.9083300000002,-0.2224,-0.5568,-0.22199
1319,0.005171583271097834,2431.304384172376,0.08362741535100784,-0.5253435138629509,9.929500543630022e-09
1320,0.328,3485.68857,1.78353,2.7996499999999997,1.00586
1321,-0.024,2124.34377,-0.13255,-0.72897,-0.22153
1322,-0.1,2577.62,0.1728,0.3472,0.2499
1323,-0.174,2594.28935,0.15663,-0.85028,0.10007000000000002
1324,0.097,3528.41,1.3077,1.37792,1.156
1325,0.131,3459.87,1.6061,1.9662,1.1276
1326,-0.146,3365.05,1.4641,1.8367,1.0406
1327,-0.032,3873.9,2.2261,2.4931,1.4815
1328,-0.091,2689.21,0.452,0.7917,0.3387
1329,0.436,3450.4,1.5919,1.9534,1.119
1330,-0.214,2798.33,0.6154,0.9771,0.4632
1331,0.011,2911.87,0.7854,1.1625,0.5877
1332,0.039,2820.87,0.6492,1.0145,0.4883
1333,-0.479,3290.99,1.3532,1.733,0.9709
1334,0.006,2818.18,0.6451,1.0101,0.4853
1335,-0.017,1856.36,-0.7952,-0.9356,-0.8215
1336,-0.283,2009.2,-0.5663,-0.5669,-0.5739
1337,-0.236,2032.29,-0.5317,-0.5136,-0.5381
1338,-0.259,1613.24,-1.1593,-1.5897,-1.2609
1339,-0.043,1798.98,-0.8811,-1.0819,-0.9198
1340,-0.154,2576.68,0.2835,0.5925,0.2049
1341,-0.17,2087.42,-0.4492,-0.3889,-0.4543
1342,0.513,2590.75,0.3046,0.6179,0.2219
1343,-0.112,1802.63,-0.8757,-1.0724,-0.9135
1344,0.141,3034.03,0.9684,1.354,0.7164
1345,-0.216,1814.06,-0.8585,-1.043,-0.8937
1346,-0.015,2284.582,-0.22151,-0.7942699999999999,-0.18381999999999998
1347,0.74,4147.50784,2.07104,2.53434,1.24699
1348,0.0,2323.71,-0.0953,0.1109,-0.1186
1349,0.703,3691.5230199999996,1.78799,2.05237,1.09588
1350,-0.004,3817.29,2.1413,2.4245,1.4354
1351,-0.025,2272.71,-0.1717,0.0075,-0.1881
1352,0.003,2260.94,-0.1893,-0.0167,-0.2044
1353,0.054,1597.87,-1.1823,-1.6343,-1.2909
1354,0.053,2365.9,-0.0321,0.1947,-0.0623
1355,0.266,3523.43,1.7013,2.0511,1.1846
1356,0.009,2762.94,0.5624,0.9178,0.4234
1357,0.102,4270.55,2.8201,2.9475,1.7867
1358,0.126,2357.49,-0.0447,0.1781,-0.0735
1359,-0.189,2676.1,0.4324,0.7689,0.3234
1360,0.637,5452.83,4.5906,4.0867,2.5519
1361,0.109,1927.33,-0.6889,-0.7607,-0.7041
1362,-0.001,2621.76,0.351,0.6733,0.2592
1363,0.146,3751.23,2.0424,2.3431,1.3807
1364,0.055,2682.43,0.4419,0.78,0.3308
1365,0.043,1739.12,-0.7748,-1.8016,-0.7629
1366,0.099,1728.64,-0.7919,-1.8421,-0.7822
1367,0.165,1672.57,-0.8832,-2.0629,-0.8878
1368,0.599,5637.07,5.5766,6.075,3.0018
1369,0.618,3943.1921,2.2627,1.80702,1.4105
1370,0.383,3877.8452,2.1761,1.33874,1.3687
1371,-0.109,2628.5924,0.519,0.1833,0.3964
1372,-0.03,2300.1932,0.0834,-0.73241,0.0628
1373,-0.206,2500.908,0.3496,0.42225999999999997,0.2719
1374,0.339,3510.7488,1.6891,1.3077100000000002,1.12
1375,0.015,1918.5983,-0.4228,-0.9020699999999999,-0.3907
1376,-0.109,1862.5897,-0.4971,-1.3647200000000002,-0.4648
1377,1.06,7463.7621,6.9326,4.883189999999999,3.0062
1378,0.045,1964.9274,-0.3613,-1.1410199999999997,-0.3311
1379,0.274,2881.3654,0.8543,0.69223,0.626
1380,0.433,2345.33155,0.32115,0.28118,-0.03544999999999997
1381,-0.157,2064.58344,-0.021910000000000006,-0.29995,-0.23417999999999992
1382,-0.129,1835.04731,-0.40429000000000004,-1.32424,-0.57088
1383,-0.055,2360.003,0.04040999999999999,-0.62739,0.05712999999999998
1384,-0.145,2269.1872,0.13040000000000002,-1.19706,0.03038999999999998
1385,-0.129,1835.04731,-0.40429000000000004,-1.32424,-0.57088
1386,0.329,3612.5435699999994,2.1006500000000004,2.9994099999999997,1.16017
1387,-0.076,1934.6844100000003,-0.4592899999999999,-0.22410999999999998,-0.45088
1388,-0.089,2653.55107,0.05944999999999999,0.6918599999999999,-0.15103000000000003
1389,0.122,2309.35812,-0.14500000000000002,-0.48961999999999994,-0.13756000000000002
1390,-0.062,2095.11237,-0.11003000000000004,-0.08098999999999994,-0.11861999999999999
1391,0.625,3062.65965,1.18968,0.6397999999999999,0.7891600000000001
1392,-0.098,2262.3195499999997,-0.11994000000000002,-0.32430000000000003,-0.21076
1393,0.051,2319.28141,-0.006769999999999998,-1.4088600000000002,-0.3471399999999999
1394,-0.062,2095.11237,-0.11003000000000004,-0.08098999999999994,-0.11861999999999999
1395,0.011,2916.84589,0.33057,0.11556999999999999,0.38577
1396,0.028,1870.8003699999997,-0.39953,-1.0944699999999998,-0.34518000000000004
1397,0.071,2243.45,-0.2155,-0.0529,-0.2287
1398,-0.055,2240.02,-0.2207,-0.0601,-0.2335
1399,-0.865,591.258,-2.6897,-6.2647,-4.4011
1400,-0.069,2444.8,0.086,0.3476,0.0404
1401,0.056,4496.68,3.1587,3.188,1.9482
1402,-0.024,3163.17,1.1618,1.5483,0.8469
1403,0.164,2654.71,0.4003,0.7315,0.2983
1404,-0.184,2787.25,0.5988,0.9586,0.4508
1405,-0.128,3676.91,1.9311,2.2498,1.3181
1406,0.151,2955.77,0.8512,1.2322,0.6346
1407,-0.19,1690.56,-1.0435,-1.3715,-1.1144
1408,0.171,2202.86,-0.2763,-0.138,-0.2858
1409,-0.039,2809.91,0.9699,1.4115,0.7728
1410,0.01,1872.52,-0.5574,-1.3067,-0.5263
1411,-0.006,2822.33,0.9902,1.441,0.7869
1412,-0.311,1561.0,-1.065,-2.5252,-1.1087
1413,-0.141,2242.05,0.0447,-0.1006,0.0501
1414,0.055,1376.41,-1.3658,-3.3678,-1.5114
1415,-0.015,2294.07,0.1294,0.053,0.1236
1416,0.118,2639.33,0.692,0.992,0.5723
1417,-0.009,1568.49,-1.0528,-2.4931,-1.0934
1418,0.262,2763.44,0.5632,0.9186,0.4239
1419,0.007,2933.57,0.8179,1.1971,0.611
1420,0.127,2039.14,-0.5215,-0.4979,-0.5276
1421,0.103,2729.22,0.5119,0.8606,0.3849
1422,0.008,2334.94,-0.0785,0.1334,-0.1035
1423,0.022,1814.8,-0.8574,-1.0411,-0.8924
1424,-0.143,2825.85,0.6566,1.0227,0.4938
1425,0.172,3411.18,1.5332,1.9002,1.0832
1426,-0.003,2461.54,0.1111,0.3794,0.0617
1427,-0.044,2302.64,-0.1269,0.0684,-0.1472
1428,0.03,1854.17,-0.7985,-0.9411,-0.8252
1429,-0.063,2710.43,0.4838,0.8284,0.3633
1430,0.094,2525.89,0.2074,0.4997,0.1425
1431,-0.074,2939.63,0.827,1.2067,0.6174
1432,0.319,3816.85,2.1407,2.4239,1.435
1433,0.0,2077.85,-0.4635,-0.4103,-0.4687
1434,0.0,1838.3,-0.8222,-0.9811,-0.8521
1435,-0.017,977.791,-1.7139,-4.57872,-2.1673
1436,-0.018,1890.96,-0.0228,-0.7250399999999999,0.071
1437,-0.111,1370.54,-0.9865,-2.1840999999999995,-1.0215
1438,-0.042,1750.68,-0.2826,-2.2907399999999996,-0.1906
1439,-0.089,1240.0,-1.2283,-3.27286,-1.3612
1440,-0.186,1564.22,-0.6279,-2.14074,-0.5729
1441,-0.006,1398.59,-0.9346,-2.4085599999999996,-0.9527
1442,-0.146,2196.25,0.5425,-0.78941,0.5791
1443,0.317,1822.75,-0.1491,-1.72737,-0.0537
1444,0.178,1958.88,0.103,-0.7884599999999999,0.1908
1445,-0.054,2674.62,1.4284,0.29042,1.2481
1446,-0.1,2609.72,1.3082,0.29163000000000006,1.1647
1447,-0.082,2065.47,0.3003,-1.25664,0.3707
1448,0.475,3267.57,2.5264,1.4323599999999999,1.9279
1449,0.01,2402.04,0.9236,-0.06473,0.8831
1450,-0.053,1662.45,-0.446,-1.43566,-0.3662
1451,0.083,1002.9,-1.6674,-4.5399199999999995,-2.0813
1452,-0.595,1126.48,-1.0746,-3.44657,-1.3047
1453,0.006,2016.36,-0.1933,-0.95594,-0.053
1454,-0.498,1463.89,-0.7405,-2.26189,-0.7415
1455,0.242,1307.27,-0.8956,-3.3149300000000004,-0.9848
1456,-0.017,1707.75,-0.499,-1.4455600000000002,-0.4102
1457,-0.098,2228.66,0.0169,-0.58602,0.1623
1458,0.072,4977.08,2.7387,2.9981400000000002,1.8903
1459,-0.563,1507.88,-0.6969,-2.37588,-0.6778
1460,0.042,2604.88,0.3895,0.36887,0.4977
1461,-0.428,2438.8,0.225,0.06305999999999996,0.356
1462,0.283,5811.04,3.5646,4.132620000000001,2.2235
1463,-0.174,2694.05,0.4778,0.50955,0.5701
1464,-0.184,3807.41,1.5804,2.117,1.3141
1465,-0.329,1789.2,-0.4183,-1.07002,-0.31
1466,-0.14,2050.77,-0.1593,-0.82205,-0.0166
1467,0.013,4996.25,2.7577,3.06159,1.8986
1468,-0.157,1730.0,-0.4769,-1.91978,-0.3824
1469,-0.395,3683.71,1.159,0.3844,1.0
1470,-0.469,1128.33,-1.6294,-3.9041,-2.0021
1471,-0.063,1320.04,-1.4202,-3.3355,-1.6041
1472,0.008,1591.23,-1.1243,-2.6584,-1.13
1473,0.007,1567.53,-0.6218,-1.88751,-0.5657
1474,-0.069,1479.06,-0.7856,-1.8918500000000003,-0.7629
1475,0.003,4241.67,0.636,2.2501900000000004,0.6768
1476,-0.002,2274.68,-1.0182,-0.33093,-0.9143
1477,0.277,3833.51,0.2928,1.85717,0.4184
1478,-0.047,2121.16,-1.1473,-0.60462,-1.0927
1479,-0.004,4364.77,0.7396,2.91281,0.7499
1480,-0.087,1517.68,-0.2057,-1.8605600000000002,-0.2578
1481,-0.165,1227.71,-0.8371,-3.02106,-0.9041
1482,-0.15,1859.52,0.5385,-1.3248999999999997,0.3614
1483,-0.008,1275.85,-0.7323,-2.90046,-0.7869
1484,-0.05,1384.41,-0.4959,-2.7861599999999997,-0.538
1485,-0.096,1702.05,0.1957,-1.30234,0.0917
1486,0.28,1975.63,0.7913,-0.5049,0.546
1487,0.466,3888.84,4.9569,1.8956499999999998,2.6109
1488,0.016,880.62,-1.0603,-1.9963,-1.0522
1489,0.326,3092.84,0.68,2.1273,0.631
1490,-0.168,3128.9161,0.5163,1.235,0.4379
1491,0.321,4330.7333,1.9987,2.2706,1.39
1492,0.108,1632.47,-0.5752,-1.5401599999999998,-0.1531
1493,-0.021,1642.48,-0.5645,-1.7387400000000004,-0.1435
1494,-0.041,1811.35,-0.3841,-1.3140500000000002,0.0102
1495,-0.316,3163.7767,1.2289,1.15814,0.8598
1496,0.027,3963.14,0.4018,1.9362399999999997,0.5033
1497,0.18,2496.03,0.2817,-0.48787,0.4059
1498,-0.122,1061.61,-2.0384,-3.48252,-2.8596
1499,0.0,4143.29,0.5533,1.8334599999999999,0.6169
1500,0.0,3774.04,0.2428,1.6223100000000001,0.3785
1501,-0.129,1759.52,0.3208,-1.6400499999999998,0.1929
1502,0.002,1957.34,0.7515,-0.7211699999999998,0.5177
1503,-0.29,4189.77,5.6121,2.3324900000000004,2.8382
1504,0.002,1238.59,-0.8134,-3.05072,-0.8772
1505,0.005,1768.66,0.3407,-0.9054800000000001,0.2087
1506,-0.11,1820.44,0.4535,-1.37888,0.2966
1507,-0.039,1418.89,-0.4208,-3.07353,-0.463
1508,0.004,1704.41,-0.353,1.4667,0.0496
1509,-0.123,1872.5,-0.1237,2.269,0.3061
1510,0.013,2095.05,0.1799,3.227,0.6125
1511,0.019,2994.96,1.4075,6.2758,1.5874
1512,-0.013,1856.64,-0.1454,2.1964,0.2829
1513,0.032,1620.93,-1.0429,-4.2098,-1.0265
1514,-0.045,903.232,-1.8257,-4.9323,-2.7753
1515,-0.096,2277.81,-0.185,-1.1464999999999999,-0.1069
1516,0.002,2588.444,-0.0005000000000000462,-1.00687,0.007340000000000011
1517,-0.12,2536.4103600000003,0.38056,-1.05673,0.36910999999999994
1518,-0.176,2301.9354,0.2364800000000001,-1.03575,-0.009619999999999962
1519,-0.001,2148.22419,-0.28865999999999997,-0.31208,-0.23364
1520,-0.031,2587.62,0.1848,-0.11714999999999998,0.2611
1521,-0.044,1909.44,-0.6247,-1.50861,-0.6159
1522,-0.071,2342.83,-0.1074,-0.64646,-0.0257
1523,-0.025,2243.8305499999997,-0.19936000000000004,-1.0383,-0.19031
1524,0.877,2972.1446700000006,1.12,0.8875399999999999,0.74806
1525,-0.09,2336.18712,0.19718000000000002,-0.21522999999999998,0.24224
1526,0.035,2125.65101,-0.19410999999999998,0.09989999999999993,-0.20195
1527,-0.359,2006.4108800000001,-0.045609999999999984,-0.9197399999999998,-0.07798000000000002
1528,-0.07,2264.048,-0.0024900000000000143,0.5230400000000001,-0.024919999999999987
1529,-0.113,2097.1366500000004,-0.33591000000000004,-0.46868999999999994,-0.35248
1530,0.059,2481.47046,0.027590000000000003,0.21612000000000003,-0.005449999999999977
1531,-0.124,1344.67,-1.5615,-2.4381,-1.8308
1532,-0.016,2458.74,0.1069,0.3741,0.0582
1533,-0.07,1841.97,-0.8167,-0.9718,-0.8459
1534,-0.027,2624.77,0.3555,0.6787,0.2627
1535,0.173,2905.73,0.7763,1.1526,0.5811
1536,0.094,2606.71,0.3285,0.6465,0.2411
1537,0.498,2898.89,0.766,1.1417,0.5737
1538,0.084,3643.82,1.8816,2.2077,1.2898
1539,0.014,1441.92,-1.4158,-2.1128,-1.6123
1540,0.062,4413.9,3.0348,3.1014,1.8901
1541,0.0,2353.8,-0.0503,0.1708,-0.0784
1542,0.007,1370.04,-1.5235,-2.3511,-1.7723
1543,-0.252,2962.42,0.8611,1.2427,0.6416
1544,0.03,1271.58,-1.6709,-2.6985,-2.0057
1545,-0.078,991.598,-2.0902,-3.857,-2.7839
1546,-0.002,2423.64,0.0543,0.3071,0.0132
1547,-0.114,2851.87,0.6956,1.0654,0.5225
1548,0.132,2263.84,-0.185,-0.0108,-0.2004
1549,0.024,2936.46,0.8223,1.2017,0.614
1550,0.116,2851.72,0.6954,1.0652,0.5224
1551,-0.003,1539.53,-1.2696,-1.8076,-1.4073
1552,-0.023,2078.62,-0.4624,-0.4086,-0.4676
1553,-0.147,2426.26,0.3448,0.4283,0.3029
1554,-0.061,2470.4,0.4167,0.549,0.3606
1555,0.084,2046.31,-0.2743,-0.7124,-0.2423
1556,0.448,3118.67,1.473,2.1098,1.1066
1557,0.003,1746.66,-0.7625,-1.7727,-0.749
1558,0.023,1869.07,-0.5631,-1.3191,-0.5322
1559,-0.04,2388.07,0.2826,0.322,0.2521
1560,0.008,2229.96,0.025,-0.1368,0.0328
1561,0.013,1563.44,-1.0611,-2.5147,-1.1037
1562,0.003,2047.97,-0.2716,-0.7069,-0.2397
1563,-0.029,2494.763,0.013459999999999982,-0.37727000000000005,-0.036660000000000026
1564,0.069,2323.42,0.1773,0.1382,0.1643
1565,-0.043,2090.73,-0.2019,-0.5685,-0.1735
1566,0.021,2175.1,-0.0644,-0.3036,-0.0469
1567,-0.204,3105.92,1.4523,2.0823,1.0935
1568,-0.031,2556.28,0.5567,0.7779,0.47
1569,0.193,3712.56,2.4407,3.2774,1.6646
1570,0.009,2358.17819,-0.19759000000000004,-0.9018800000000002,-0.2807
1571,-0.018,2209.1,-0.009,-0.1997,0.0028
1572,-0.125,2685.47,0.7672,1.1081,0.6278
1573,0.025,2653.81,0.7156,1.0287,0.5899
1574,0.015,1742.57,-0.7692,-1.7884,-0.7565
1575,0.035,2241.29,0.0434,-0.1028,0.0491
1576,-0.06,1504.31,-1.1574,-2.7729,-1.2271
1577,0.035,3286.69,1.7468,2.4612,1.2746
1578,0.15,3206.85,1.6167,2.2965,1.1958
1579,-0.022,2870.69,1.069,1.5548,0.8413
1580,0.037,2132.29,-0.1342,-0.4367,-0.1105
1581,0.073,2436.76,0.3619,0.4572,0.3167
1582,0.018,1933.48,-0.4581,-1.0922,-0.4238
1583,0.517,1670.44,-0.8867,-2.0714,-0.8918
1584,0.028,2604.24,0.6348,0.9024,0.5295
1585,0.102,3499.89,2.0942,2.8822,1.4758
1586,0.066,2664.19,0.7325,1.0548,0.6024
1587,0.047,1367.47,-1.3804,-3.4114,-1.5323
1588,0.055,2082.0,-0.2161,-0.5966,-0.1869
1589,0.139,2823.82,0.9926,1.4446,0.7886
1590,0.063,2935.75,1.175,1.7049,0.9131
1591,-0.125,2219.19,0.0074,-0.1692,0.0173
1592,0.024,2470.49,0.4169,0.5493,0.3607
1593,0.149,1730.3,-0.7892,-1.8357,-0.7791
1594,0.056,2463.5,0.4055,0.5303,0.3517
1595,0.0,2484.5456000000004,0.21022,-0.8912100000000001,0.06565000000000003
1596,0.0,1456.27,-1.2357,-2.9902,-1.3309
1597,0.031,1907.44,-0.5005,-1.183,-0.4672
1598,0.16,3065.15,1.3858,1.9938,1.0512
1599,-0.035,2673.18,0.428,0.7639,0.32
1600,0.041,2931.19,0.8144,1.1933,0.6084
1601,0.026,2536.29,0.223,0.5189,0.1554
1602,-0.012,2455.52,0.1021,0.368,0.0541
1603,0.443,3432.15,1.5646,1.9287,1.1024
1604,0.433,2248.15,-0.2085,-0.0432,-0.2221
1605,0.019,3123.65,1.1026,1.4897,0.8075
1606,0.06,2444.47,0.3745,0.4783,0.3268
1607,0.057,2337.83,0.2007,0.1796,0.184
1608,-0.001,1550.54,-1.0821,-2.5702,-1.1302
1609,-0.048,1576.34,-1.04,-2.4597,-1.0774
1610,0.018,1701.71,-0.8358,-1.9472,-0.8325
1611,-0.036,2460.77,0.4011,0.5228,0.3481
1612,-0.028,2046.31,-0.2743,-0.7124,-0.2423
1613,0.013,1378.97,-1.3616,-3.3554,-1.5055
1614,-0.296,1545.14,-1.0909,-2.5935,-1.1414
1615,-0.062,2498.08,0.4618,0.6236,0.3963
1616,0.122,1928.52,-0.4662,-1.1094,-0.432
1617,-0.255,1625.85,-0.9594,-2.2526,-0.9784
1618,-0.008,2605.52,0.6369,0.9057,0.5311
1619,-0.014,3513.84,2.1169,2.9089,1.4885
1620,0.114,2639.51,0.6923,0.9925,0.5726
1621,-0.005,2346.93,0.2156,0.2056,0.1965
1622,0.126,1947.57,-0.4352,-1.0436,-0.4006
1623,0.138,4453.25,3.6476,4.4959,2.247
1624,0.001,3111.68,1.4617,2.0947,1.0994
1625,-0.013,1417.95,-1.2981,-3.1687,-1.4163
1626,-0.105,1377.84,-1.3635,-3.3608,-1.5081
1627,0.268,2473.0,0.421,0.5561,0.364
1628,0.024,1187.26,-1.674,-4.3575,-1.9845
1629,-0.415,1836.62,-0.6159,-1.4364,-0.5883
1630,-0.092,1535.28,-1.1069,-2.6364,-1.1619
1631,-0.004,1832.84,-0.6221,-1.4502,-0.5949
1632,0.105,1460.36,-1.229,-2.9714,-1.322
1633,0.394,1482.58,-1.1928,-2.8703,-1.2736
1634,0.01,1508.36,-1.1508,-2.7549,-1.2185
1635,0.07,1617.16,0.1037,-2.3994,0.3163
1636,-0.155,171.841,-2.2819,-19.1374,-4.6574
1637,-0.005,1272.79,-0.4648,-4.1902,-0.2158
1638,0.27,1421.17,-1.2929,-3.1535,-1.409
1639,0.005,2606.76,-0.1975,-0.7496,-0.0594
1640,0.028,2180.78,0.1434,-1.0876,0.3075
1641,-0.182,1699.31,-0.36,1.4411,0.0414
1642,0.042,956.403,-1.3735,-3.4609,-1.5261
1643,-0.02,1869.79,-0.8203,-2.0737,-0.7207
1644,-0.26,2307.99,0.0235,-0.44494,0.1474
1645,0.0,1742.72,-0.8226,-2.14575,-0.994
1646,-0.007,2526.21,0.0248,0.022899999999999997,0.0446
1647,0.0,2175.46,-0.3546,-0.8867100000000001,-0.3736
1648,0.064,1903.11,-0.6491,-1.6560099999999998,-0.7477
1649,-0.134,2039.84,-0.5562,-1.4386,-0.4918
1650,-0.186,1509.43,-0.9625,-2.2429,-1.1606
1651,-0.019,928.054,-1.5956,-2.973,-2.0859
1652,-0.098,1811.13,0.7664,0.9157,0.5752
1653,0.21,1872.42,-0.586,-0.9302,-0.6224
1654,0.006,5677.63,1.8437,4.052159999999999,1.4214
1655,0.119,3137.87,-0.2922,0.74905,-0.0929
1656,-0.004,2510.12,-0.8202,-0.0043400000000000105,-0.6629
1657,0.003,3234.76,-0.2108,1.5603799999999999,-0.0152
1658,-0.141,1869.02,-1.3593,-1.9739999999999998,-1.4158
1659,0.002,2588.444,-0.0005000000000000462,-1.00687,0.007340000000000011
1660,0.27,4615.29,0.9503,2.35857,0.8924
1661,0.079,3657.75,0.145,1.6827600000000005,0.2986
1662,0.004,4401.49,0.7705,2.57045,0.7712
1663,0.003,4775.3,1.0848,2.9054100000000003,0.9794
1664,0.01,2096.05,-1.1684,-1.17844,-1.1231
1665,-0.007,4608.29,0.9444,2.3114999999999997,0.8885
1666,-0.198,2164.1780000000003,-0.08809,-0.9974100000000001,-0.11787
1667,-0.098,2262.3195499999997,-0.11994000000000002,-0.32430000000000003,-0.21076
1668,-0.037,2121.08563,-0.16740000000000002,-1.03691,-0.13461000000000004
1669,0.008,2842.14,-0.5409,0.25683999999999996,-0.3457
1670,0.003,2163.05,-1.1121,-0.98547,-1.0428
1671,0.055,4938.58,1.2221,3.6498599999999994,1.0653
1672,0.002,4813.96,1.1173,2.6151,1.0
1673,-0.121,4156.77,0.5646,1.98805,0.6252
1674,0.516,2633.44,0.9449,0.7198,0.7335
1675,0.031,1671.92,-0.1898,-0.6677,0.053
1676,-0.123,2668.0,0.9857,0.7596,0.753
1677,-0.152,1642.38,-0.2247,-0.7221,0.0263
1678,-0.066,2889.19,1.2467,1.0029,0.8723
1679,-0.096,3242.13,1.6632,1.3549,1.045
1680,0.0,1057.18,-0.9153,-2.0671,-0.6334
1681,-0.028,3199.17,1.6125,1.3142,1.025
1682,-0.279,2542.37,0.8374,0.6123,0.6808
1683,0.126,1668.32,-0.1941,-0.6742,0.0498
1684,1.11,3542.24,2.0174,1.6253,1.1776
1685,-0.053,537.294,-1.5288,-4.1322,-1.6463
1686,0.259,1974.22,0.1669,-0.1601,0.3019
1687,0.0,1635.75,-0.2325,-0.7344,0.0202
1688,0.133,1851.88,0.0225,-0.3555,0.2061
1689,-0.016,597.563,-1.4577,-3.8079,-1.4873
1690,0.004,1452.41,-1.242,-3.0079,-1.3394
1691,0.062,2395.94,0.2954,0.344,0.2626
1692,0.043,2151.23,-0.1033,-0.3775,-0.0822
1693,-0.014,1780.02,-0.7082,-1.646,-0.6885
1694,0.005,2324.75,0.1794,0.142,0.1661
1695,0.154,2331.01,0.1896,0.16,0.1747
1696,0.003,3040.65,1.3459,1.9401,1.0255
1697,0.039,2240.18,0.0416,-0.1062,0.0475
1698,0.038,1953.56,-0.4254,-1.023,-0.3907
1699,-0.059,2718.43,0.8209,1.1898,0.6669
1700,-0.23,2805.9,0.9634,1.4019,0.7682
1701,0.328,3077.9,1.4066,2.0216,1.0644
1702,-0.025,3265.32,1.712,2.4176,1.2537
1703,-0.173,2433.48,0.3566,0.4482,0.3124
1704,-0.077,2463.49,0.4055,0.5302,0.3516
1705,0.244,3435.26,1.9889,2.7574,1.4161
1706,-0.054,3718.23,2.45,3.2876,1.6695
1707,0.057,2819.94,0.9863,1.4353,0.7842
1708,0.485,2328.08,0.1848,0.1516,0.1707
1709,-0.129,1509.78,-1.1485,-2.7486,-1.2155
1710,0.18,2637.99,0.6898,0.9886,0.5707
1711,0.91,2610.39,0.6448,0.9182,0.537
1712,0.115,1836.43,-0.6163,-1.437,-0.5886
1713,-0.019,1964.79,-0.4071,-0.9846,-0.3724
1714,0.0,1943.41,-0.4419,-1.0579,-0.4074
1715,-0.165,1720.08,-0.8058,-1.8753,-0.7981
1716,0.015,2518.23,0.4947,0.6774,0.422
1717,0.326,2877.07,1.0794,1.5697,0.8484
1718,0.021,3031.07,1.3303,1.9189,1.0154
1719,-0.021,1848.58,-0.5965,-1.3929,-0.5675
1720,-0.029,1893.43,-0.5234,-1.2324,-0.4908
1721,0.139,2717.66,0.4946,0.8408,0.3716
1722,-0.116,3918.64,2.2931,2.5466,1.5174
1723,-0.028,3743.56,2.0309,2.3336,1.3743
1724,-0.051,2741.64,0.5305,0.8817,0.3991
1725,0.004,3523.44,1.7013,2.0511,1.1846
1726,-0.401,2013.88,-0.5593,-0.556,-0.5666
1727,0.039,1744.23,-0.9631,-1.2259,-1.0166
1728,-0.083,2028.78,-0.537,-0.5217,-0.5435
1729,-0.044,2913.48,1.1387,1.6539,0.8887
1730,-0.099,3150.98,1.5257,2.1788,1.1396
1731,0.0,2437.82,0.3637,0.4601,0.3181
1732,0.012,1830.24,-0.6263,-1.4597,-0.5994
1733,0.774,3136.55,1.5022,2.1481,1.1249
1734,0.031,2946.15,1.1919,1.7286,0.9244
1735,-0.563,1581.55,-1.0316,-2.4376,-1.0668
1736,-0.167,1891.06,-0.5272,-1.2407,-0.4948
1737,0.225,2400.34,0.3026,0.3563,0.2685
1738,0.335,2659.98,0.7257,1.0442,0.5973
1739,0.121,3264.09,1.71,2.415,1.2525
1740,0.101,2692.36,0.7784,1.1253,0.636
1741,-0.17,2591.87,0.6147,0.8705,0.5143
1742,0.022,2663.01,0.7306,1.0518,0.6009
1743,0.217,2035.01,-0.2927,-0.7494,-0.26
1744,-0.098,2595.35,0.6203,0.8795,0.5185
1745,-0.011,2323.06,0.1767,0.1372,0.1638
1746,-0.053,2505.45,0.4739,0.6434,0.4057
1747,0.004,3116.21,1.469,2.1045,1.104
1748,0.028,1774.41,-0.7173,-1.6671,-0.6986
1749,0.018,2385.5,0.2784,0.3148,0.2487
1750,0.006,1407.89,-1.3145,-3.2164,-1.4391
1751,0.0,2621.8,0.6634,0.9474,0.551
1752,0.012,2610.99,0.6458,0.9197,0.5378
1753,0.013,1761.43,-0.7385,-1.7163,-0.7221
1754,0.154,2750.75,0.8736,1.269,0.7047
1755,-0.069,2556.69,0.5573,0.779,0.4705
1756,0.145,2581.57,0.5979,0.8438,0.5015
1757,0.0475,2042.16,-0.281,-0.726,-0.2488
1758,0.168,2841.6,1.0216,1.4866,0.8087
1759,-0.066,2392.98,0.2906,0.3358,0.2587
1760,0.079,3161.52,1.5429,2.2012,1.1503
1761,-0.124,2765.58,0.8977,1.305,0.7219
1762,0.019,3059.25,1.3762,1.9809,1.045
1763,0.003,1961.5,-0.4125,-0.9958,-0.3777
1764,-0.232,1833.88,-0.6204,-1.4464,-0.5931
1765,-0.01,3112.22,1.4625,2.0959,1.0999
1766,-0.009,3546.22,2.1697,2.9703,1.5179
1767,0.377,3355.81,1.8594,2.6007,1.3412
1768,-0.054,3382.57,1.903,2.6539,1.3666
1769,-0.011,1242.08,-1.5847,-4.0553,-1.84
1770,0.017,4268.54,3.3467,4.2122,2.1114
1771,0.0377,2408.6,0.316,0.3793,0.2795
1772,-0.116,2456.4,0.3939,0.5109,0.3424
1773,-0.297,1486.32,-1.1867,-2.8534,-1.2656
1774,-0.316,2315.74,0.1647,0.116,0.1537
1775,0.012,1960.62,-0.4139,-0.9988,-0.3792
1776,-0.122,2617.69,0.6567,0.9369,0.546
1777,-0.08,2405.3,0.3107,0.3701,0.2751
1778,0.319,3809.78,2.5992,3.4505,1.7474
1779,-0.221,2728.91,0.838,1.2156,0.6792
1780,0.07,1837.51,-0.6145,-1.4331,-0.5867
1781,-0.02,2467.02,0.4112,0.5398,0.3562
1782,-0.006,2168.53,-0.0751,-0.3239,-0.0566
1783,0.586,3937.13,2.8067,3.6708,1.8526
1784,0.022,2470.6,0.4171,0.5495,0.3609
1785,0.121,2043.7,-0.2785,-0.7209,-0.2463
1786,-0.234,2272.09,0.0936,-0.0114,0.0927
1787,0.118,2320.16,0.1719,0.1288,0.1598
1788,-0.021,1970.0,-0.3986,-0.9669,-0.3639
1789,0.27,3671.62,2.374,3.2031,1.6291
1790,-0.047,2478.0,0.4291,0.5696,0.3704
1791,-0.064,2332.33,0.1918,0.1638,0.1765
1792,0.045,2929.12,1.1642,1.6898,0.9058
1793,-0.028,2972.76,1.2353,1.7888,0.9532
1794,0.03,1797.32,-0.68,-1.5812,-0.6575
1795,0.006,1501.51,-1.162,-2.7853,-1.233
1796,0.064,2155.7,-0.096,-0.3636,-0.0756
1797,0.032,1349.58,-1.4095,-3.4996,-1.5744
1798,-0.024,1615.2,-0.9767,-2.2966,-0.9995
1799,-0.041,1314.75,-1.4663,-3.6747,-1.6581
1800,0.0,1932.9,-0.4591,-1.0942,-0.4248
1801,-0.027,1592.4,-1.0139,-2.3918,-1.045
1802,0.093,1457.16,-1.2342,-2.9861,-1.329
1803,0.032,2113.21,-0.1653,-0.4969,-0.1393
1804,-0.018,1865.31,-0.5692,-1.3326,-0.5387
1805,0.001,1623.89,-0.9626,-2.2607,-0.9823
1806,0.075,1522.58,-1.1276,-2.692,-1.1884
1807,-0.005,1845.04,-0.6022,-1.4057,-0.5737
1808,-0.097,1427.81,-1.2821,-3.1223,-1.3941
1809,0.061,1611.34,-0.983,-2.3126,-1.0071
1810,-0.007,2464.76,0.4076,0.5337,0.3533
1811,0.048,2818.28,0.9836,1.4314,0.7823
1812,-0.002,1859.92,-0.578,-1.3519,-0.5479
1813,0.044,1681.82,-0.8682,-2.026,-0.8701
1814,0.952,2375.53,0.2622,0.2867,0.2353
1815,0.368,3046.13,1.3548,1.9521,1.0312
1816,0.04,2290.32,0.1233,0.0421,0.1183
1817,-0.331,959.767,-2.0447,-5.7814,-2.665
1818,-0.033,1083.56,-1.843,-4.9694,-2.2769
1819,0.047,2236.7,0.036,-0.1166,0.0425
1820,0.198,2449.65,0.3829,0.4925,0.3336
1821,-0.008,2766.53,0.8993,1.3073,0.723
1822,0.998,3359.18,1.8649,2.6074,1.3444
1823,0.195,3026.45,1.3228,1.9087,1.0105
1824,0.021,3674.46,1.9274,2.2467,1.316
1825,-0.018,2772.91,0.5774,0.9346,0.4346
1826,-0.062,2466.92,0.1191,0.3896,0.0686
1827,0.052,3198.17,1.2142,1.5996,0.8813
1828,0.038,2967.56,0.8688,1.2508,0.647
1829,-0.106,3117.18,1.0929,1.4801,0.801
1830,-0.122,3718.63,1.9936,2.3024,1.3534
1831,0.73,5805.47,5.1186,4.3789,2.7481
1832,-0.036,2014.06,-0.559,-0.5556,-0.5663
1833,-0.08,3300.15,1.3669,1.7459,0.9796
1834,0.004,3950.41,2.3407,2.5843,1.5427
1835,0.33,4785.37,3.591,3.4781,2.1431
1836,0.01,1888.37,-0.7473,-0.8559,-0.768
1837,-0.046,2630.22,0.3637,0.6883,0.2692
1838,-0.263,2786.95,0.5984,0.9581,0.4504
1839,0.056,3914.84,2.2874,2.5421,1.5144
1840,-0.105,3144.4,1.1337,1.5206,0.8282
1841,0.011,2556.42,0.2532,0.5557,0.1801
1842,-0.044,1998.55,-0.5823,-0.5916,-0.5905
1843,-0.053,2253.89,-0.1999,-0.0313,-0.2141
1844,-0.578,3204.28,1.2233,1.6085,0.8873
1845,0.0,2261.19,-0.189,-0.0162,-0.204
1846,-0.053,1994.86,-0.5878,-0.6002,-0.5963
1847,-0.002,1893.55,-0.7395,-0.8431,-0.7594
1848,0.142,2761.89,0.5609,0.916,0.4222
1849,-0.009,1608.91,-1.1658,-1.6022,-1.2693
1850,-0.001,1753.81,-0.9488,-1.2004,-0.9994
1851,0.178,2368.85,-0.0277,0.2006,-0.0584
1852,-0.344,2441.99,0.0818,0.3423,0.0368
1853,-0.006,1877.69,-0.7632,-0.8823,-0.7858
1854,-0.044,2351.59,-0.0536,0.1665,-0.0813
1855,0.127,1920.57,-0.699,-0.7771,-0.7151
1856,0.0,2660.33,0.4088,0.7414,0.3049
1857,-0.209,1947.86,-0.6582,-0.7114,-0.6709
1858,0.027,1736.5,-0.9747,-1.2466,-1.0305
1859,-0.066,2347.46,-0.0598,0.1583,-0.0868
1860,-0.02,1540.9,-1.2676,-1.8035,-1.4045
1861,-0.068,2507.65,0.1801,0.4659,0.1198
1862,0.512,2030.2,-0.5349,-0.5184,-0.5413
1863,0.014,1893.95,-0.7389,-0.8422,-0.7588
1864,0.101,2753.18,0.5478,0.9013,0.4123
1865,-0.15,3448.9698,1.6072,0.7825,1.0756
1866,0.071,2847.9112,0.8099,0.3673,0.5968
1867,0.137,2295.4776,0.0771,-0.71354,0.0576
1868,0.31,2117.3482,-0.1592,-0.69191,-0.1443
1869,0.889,3133.70492,1.2724,0.74932,0.8469300000000001
1870,-0.367,2314.33428,0.09106000000000004,-0.65865,-0.038660000000000014
1871,-0.48,1381.9869,-1.1346,-2.87363,-1.2109
1872,0.315,2618.5303,0.5056,-0.40533,0.3869
1873,0.119,2602.07,0.3215,0.6382,0.2356
1874,-0.041,2757.85,0.5548,0.9092,0.4176
1875,-0.118,2420.85,0.0501,0.3018,0.0096
1876,-0.218,2982.31,0.8909,1.2739,0.6626
1877,0.258,2812.45,0.6366,1.0006,0.479
1878,-0.198,2268.13,-0.1786,-0.0019,-0.1944
1879,0.048,2576.46,0.2832,0.5921,0.2046
1880,-0.011,1985.6,-0.6017,-0.6219,-0.6109
1881,0.066,2141.29,-0.3685,-0.2701,-0.3746
1882,-0.059,2628.67,0.3614,0.6856,0.2674
1883,0.16,2579.01,0.287,0.5967,0.2077
1884,0.472,2457.61,0.1052,0.372,0.0567
1885,-0.27,1917.5228,-0.4242,-0.69551,-0.3921
1886,0.047,2290.73754,-0.21025,-1.05139,-0.33799
1887,-0.278,1794.006,-0.5881,-1.1697799999999998,-0.5586
1888,0.015,2462.9554,0.2993,-0.033600000000000005,0.2337
1889,0.723,3270.4268,1.3703,1.39431,0.9427
1890,-0.21,2104.4319,-0.1763,-1.30551,-0.1596
1891,-0.072,2352.1274,0.1523,-0.51555,0.1186
1892,-0.293,2583.7524,0.4595,0.41223,0.3534
1893,0.529,3300.0303599999997,1.17393,-0.03238999999999996,0.56117
1894,0.096,4186.6476,2.5857,2.21192,1.5603
1895,-0.034,3441.1,1.8073,1.0156,1.4552
1896,0.0,1136.56,-0.5578,-0.9662,-0.4765
1897,-0.009,1068.32,-0.6918,-1.2162,-0.6163
1898,-0.139,1379.2,-0.0815,-0.1847,-0.0398
1899,-0.013,3714.09,0.1924,1.8513199999999999,0.3376
1900,0.005,2230.11,-1.0557,-0.46202,-0.9648
1901,-0.004,1750.4,-0.9506,-2.3129,-0.8882
1902,0.004,3170.83,0.7609,2.279,0.6933
1903,-0.166,1824.63,-0.6355,-1.0877,-0.687
1904,0.028,1665.53,-0.8006,-1.6435,-0.9148
1905,-0.028,1802.39,-0.6586,-1.1624,-0.7176
1906,0.057,2520.07,0.0859,0.8795,0.1195
1907,0.0,1375.03,-0.5402,-1.2646,-0.2398
1908,-0.032,2164.08,0.391,0.1203,0.4395
1909,-0.09,1993.11,0.7242,-0.8361,0.7808
1910,-0.015,1641.06,0.1431,-2.2897,0.3489
1911,-0.003,895.317,-1.0878,-6.8203,-0.9973
1912,0.128,1134.69,-0.6927,-5.0489,-0.471
1913,0.041,1005.94,-0.9052,-5.9494,-0.7386
1914,0.137,1016.33,-0.8881,-5.8725,-0.7157
1915,0.131,903.19,-1.0748,-6.7548,-0.9779
1916,-0.151,1600.34,0.0759,-2.4776,0.2931
1917,0.764,2561.38,1.6621,1.0403,1.3384
1918,0.104,1157.14,-0.6556,-4.9024,-0.4275
1919,-0.173,1914.52,0.5945,-1.137,0.6914
1920,0.0,1455.96,-0.1624,-3.1847,0.083
1921,0.073,2196.83,1.0604,-0.1081,0.9972
1922,0.042,1470.37,-0.1386,-3.1111,0.1048
1923,0.063,1078.0,-0.7863,-5.4321,-0.5849
1924,-0.302,3321.26,2.9164,2.9838,1.9159
1925,0.836,2562.48,2.2414,2.3176,1.3586
1926,-0.001,1777.47,0.7003,0.8399,0.5328
1927,-0.02,1275.49,-0.2851,-0.5004,-0.2163
1928,-0.001,1390.71,-0.8997,-3.1615,-0.8243
1929,-0.024,966.527,-1.8059,-4.4649,-2.3947
1930,-0.678,834.495,-2.2294,-3.9026700000000005,-3.4738
1931,-0.042,2040.44,-1.2152,-1.1324,-1.1918
1932,0.0,1374.25,-1.7754,-2.95919,-2.2008
1933,-0.009,2396.59,-0.9156,-0.4563999999999999,-0.781
1934,0.148,2401.1142,0.2172,-0.6743199999999999,0.1701
1935,0.285,2335.36,-0.0779,0.1342,-0.103
1936,0.007,2515.37,0.1917,0.4803,0.1295
1937,0.067,2723.52,0.5034,0.8508,0.3784
1938,0.136,4039.26,2.4737,2.6879,1.6124
1939,0.037,2827.38,0.6589,1.0252,0.4955
1940,0.089,2932.06,0.8157,1.1947,0.6094
1941,0.081,2331.5,-0.0837,0.1265,-0.1082
1942,0.104,2755.33,0.551,0.9049,0.4147
1943,0.092,2247.11,-0.21,-0.0453,-0.2236
1944,0.097,2475.21,0.1315,0.4052,0.0791
1945,0.486,4263.37,2.8093,2.9396,1.7814
1946,-0.165,2163.35,-0.3355,-0.2224,-0.3425
1947,-0.055,1516.01,-1.3049,-1.8793,-1.4555
1948,0.008,2877.65,0.7342,1.1074,0.5507
1949,-0.482,1426.04,-1.4396,-2.1644,-1.6469
1950,-0.007,1501.38,-1.3268,-1.9245,-1.4858
1951,-0.133,2582.43,0.2921,0.6029,0.2118
1952,0.0,2620.14,0.3486,0.6705,0.2572
1953,0.043,3092.46,1.0559,1.4429,0.7761
1954,0.128,1690.27,-1.0439,-1.3723,-1.1149
1955,0.008,2633.48,0.3686,0.6941,0.2731
1956,-0.208,2093.37,-0.4403,-0.3756,-0.4454
1957,0.001,2543.5556,0.4062,0.07135,0.3142
1958,-0.089,2653.55107,0.05944999999999999,0.6918599999999999,-0.15103000000000003
1959,-0.079,4471.7269,2.9638,2.55994,1.7251
1960,-0.267,1992.363,-0.325,-1.18956,-0.2964
1961,0.538,3200.67072,0.7826999999999998,0.9340700000000002,0.4145600000000001
1962,0.049,2514.6516,0.3678,0.1501,0.2856
1963,0.122,2309.35812,-0.14500000000000002,-0.48961999999999994,-0.13756000000000002
1964,0.68,2347.6289,0.1463,-0.30462,0.1138
1965,-0.072,2435.24,0.16669,-0.20586000000000002,0.15011999999999998
1966,-0.228,2642.4808,0.5374,0.06841000000000003,0.4096
1967,-0.238,1825.8366,-0.5458,-1.45276,-0.5146
1968,-0.19,2096.7276,-0.1865,-0.7854,-0.1688
1969,-0.278,1624.7288,-0.8126,-1.78938,-0.8064
1970,-0.199,1723.9228,-0.681,-1.04229,-0.6582
1971,0.203,2156.2006,-0.1076,-0.74719,-0.0989
1972,-0.024,2124.34377,-0.13255,-0.72897,-0.22153
1973,0.596,2685.06721,0.71482,1.4503100000000002,0.31312999999999996
1974,-0.449,2158.4757,-0.1046,-0.8622499999999998,-0.0962
1975,-0.14,2677.377,0.4990099999999999,0.14767999999999998,0.36056
1976,-0.151,2188.35147,0.030650000000000028,-0.97658,-0.014140000000000019
1977,0.004,2380.41334,-0.38113,-0.09496000000000007,-0.27593
1978,-0.006,3132.5096600000006,0.14571,-0.39239,0.02088000000000002
1979,0.0,2589.2023,0.4667,0.36201,0.3587
1980,-0.096,2390.3386,0.2029,-0.30602000000000007,0.1589
1981,0.127,2424.7174600000003,-0.09924999999999992,-0.6789500000000002,-0.18566999999999997
1982,-0.262,2570.8394099999996,0.16653,0.06795999999999998,0.18274
1983,0.065,1670.3548,-0.7521,-2.1172299999999997,-0.7371
1984,0.932,3370.71077,1.55466,1.52127,1.01844
1985,0.623,4139.729,2.5234,1.8301199999999997,1.5322
1986,0.177,1943.707,-0.3895,-0.96445,-0.3582
1987,-0.165,1604.3771,-0.8396,-1.2119199999999999,-0.8379
1988,-0.471,1600.6749,-0.8445,-1.57415,-0.8437
1989,-0.083,2101.6811,-0.1799,-1.0553700000000001,-0.1629
1990,-0.055,4931.9056,3.5742,3.5953299999999997,1.97
1991,-0.274,2203.3467,-0.0451,-0.35898,-0.0448
1992,0.506,1734.8536,-0.6665,-2.1366299999999994,-0.6424
1993,0.358,2261.6718,0.0323,-0.8939299999999999,0.0205
1994,0.028,1067.2797,-1.552,-3.0787199999999997,-1.8567
1995,0.167,2913.7338,0.8972,1.00027,0.654
1996,-0.274,2771.6853,0.7088,0.22028000000000003,0.529
1997,-0.013,2343.4716000000003,-0.025170000000000005,-0.015200000000000014,-0.06922999999999999
1998,0.221,2144.58662,0.21650999999999998,-0.49924999999999997,0.17006999999999994
1999,0.123,2723.65837,0.27632999999999996,-0.4007200000000001,0.32856
2000,0.3,1384.6032,-1.1311,-2.78398,-1.2061
2001,-0.037,1179.3072,-1.4034,-3.7218600000000004,-1.6072
2002,-0.388,2134.67,-0.1362,-0.49862,-0.1239
2003,-0.02,1996.8821,-0.319,-1.16229,-0.2908
2004,-0.303,2102.8166899999997,-0.19168000000000002,-1.9807000000000001,-0.33963999999999994
2005,0.0,2399.0563,0.2145,-0.4938700000000001,0.168
2006,-0.399,1119.5757,-1.4827,-2.96184,-1.7371
2007,-0.115,1284.1269,-1.2644,-3.4084200000000004,-1.3944
2008,-0.022,1185.3052,-1.3955,-3.7206200000000003,-1.5946
2009,-0.436,1244.954,-1.3164,-3.1307699999999996,-1.4719
2010,0.147,2557.6302,0.4249,-0.19137999999999997,0.328
2011,-0.236,2029.871,-0.2752,-0.91762,-0.2498
2012,0.119,2391.7967,0.2049,-0.03696999999999999,0.1604
2013,0.055,1858.5255,-0.5025,-1.52012,-0.4703
2014,0.005171583271097834,2431.304384172376,0.08362741535100784,-0.5253435138629509,9.929500543630022e-09
2015,0.005171583271097834,2431.304384172376,0.08362741535100784,-0.5253435138629509,9.929500543630022e-09
2016,0.251,3476.6330400000006,1.00998,1.4945899999999999,0.71694
2017,-0.134,2625.6980900000003,0.40951000000000004,0.016690000000000094,0.19577999999999998
2018,0.325,3105.0950000000003,1.06377,1.58444,0.81402
2019,-0.134,2318.33,0.169,0.1235,0.1572
2020,-0.073,1761.92,-0.7377,-1.7144,-0.7212
2021,-0.208,1778.1,-0.7113,-1.6532,-0.6919
2022,0.014,1922.42,-0.4761,-1.1306,-0.4422
2023,0.395,2003.03,-0.3448,-0.8555,-0.3107
2024,0.0,2717.08,0.8187,1.1865,0.6653
2025,-0.278,2750.28,0.8728,1.2678,0.7042
2026,0.023,1129.32,-1.7684,-4.6925,-2.1445
2027,0.0,2562.11,0.5662,0.7931,0.4773
2028,-0.011,1964.68,-0.4073,-0.985,-0.3726
2029,-0.114,2087.96,-0.2064,-0.5774,-0.1778
2030,-0.062,1878.41,-0.5478,-1.2857,-0.5163
2031,0.0,1903.76,-0.5065,-1.1959,-0.4734
2032,-0.034,2383.0,0.2743,0.3078,0.2453
2033,-0.039,1869.05,-0.5631,-1.3191,-0.5323
2034,-0.113,2804.05,0.9604,1.3975,0.7661
2035,-0.035,4444.44,3.0805,3.1335,1.9117
2036,0.059,2911.64,0.7851,1.1621,0.5875
2037,0.044,1452.74,-1.3996,-2.078,-1.5889
2038,-0.003,2636.38,0.3729,0.6993,0.2766
2039,0.0,1660.19,-1.089,-1.456,-1.1711
2040,-0.019,2007.65,-0.5686,-0.5705,-0.5763
2041,-0.192,3741.32,2.0276,2.3308,1.3724
2042,1.49,2492.23,0.157,0.4372,0.1005
2043,0.0,2470.94,0.1251,0.3972,0.0737
2044,0.055,2386.64,-0.0011,0.2354,-0.035
2045,0.0,1983.11,-0.6054,-0.6278,-0.6148
2046,0.348,3232.79,1.266,1.6498,0.915
2047,-0.068,2459.25,0.1076,0.3751,0.0588
2048,0.112,2228.97,-0.2372,-0.0831,-0.2489
2049,-0.018,506.111,-2.8172,-6.9884,-4.8872
2050,0.0,1916.88,-0.7046,-0.7861,-0.7211
2051,0.583,4254.8,2.7965,2.9303,1.7751
2052,-0.006,1353.17,-1.5487,-2.4088,-1.8111
2053,0.056,2085.36,-0.4523,-0.3935,-0.4574
2054,0.258,3574.19,1.7773,2.1177,1.2294
2055,0.324,4405.21,3.0217,3.0922,1.8839
2056,-0.545,1407.95,-1.4667,-2.2239,-1.6869
2057,-0.438,1666.59,-1.0794,-1.4381,-1.1591
2058,-0.16,2232.58,-0.2318,-0.0756,-0.2439
2059,0.777,6398.6,6.8174,6.9239,3.4075
2060,0.0,2407.0,0.3134,0.3749,0.2774
2061,-0.005,3424.96,1.9721,2.7373,1.4065
2062,-0.031,2577.19,0.5908,0.8324,0.4961
2063,0.153,2698.8,0.7889,1.1413,0.6437
2064,0.05,3415.56,1.9568,2.7189,1.3977
2065,-0.129,3195.13,1.5976,2.272,1.1841
2066,0.098,3552.29,2.1796,2.9818,1.5233
2067,-0.173,2050.35,-0.2677,-0.6992,-0.236
2068,0.0,3231.59,1.657,2.348,1.2204
2069,0.0,1143.41,-1.7455,-4.6095,-2.1049
2070,0.391,3202.67,1.6099,2.2878,1.1917
2071,-0.153,2691.84,0.456,0.7963,0.3417
2072,-0.017,2522.46,0.2023,0.4934,0.1383
2073,-0.007,2330.19,-0.0856,0.1239,-0.1099
2074,0.052,2732.56,0.5169,0.8663,0.3887
2075,0.027,2190.52,-0.2948,-0.1642,-0.3034
2076,0.55,4639.86,3.3731,3.3341,2.0464
2077,-0.057,3124.03,1.1032,1.4903,0.8079
2078,-0.032,2281.75,-0.1582,0.026,-0.1757
2079,0.272,2309.78,-0.1162,0.0829,-0.1375
2080,-0.188,2563.74,0.2641,0.569,0.1891
2081,0.099,2671.27,0.4251,0.7605,0.3177
2082,-0.02,2613.63,0.3388,0.6589,0.2494
2083,-0.326,3569.44,1.7702,2.1115,1.2252
2084,-0.029,1695.4,-1.0362,-1.3582,-1.1054
2085,0.351,2423.14,0.0536,0.3062,0.0125
2086,0.053,2116.2,-0.4061,-0.3251,-0.4115
2087,-0.068,2477.92,0.1356,0.4103,0.0825
2088,0.116,1976.16,-0.6158,-0.6441,-0.6258
2089,0.039,2181.2,-0.3087,-0.1841,-0.3168
2090,-0.004,2209.21,-0.2668,-0.1246,-0.2768
2091,0.395,2620.96,0.3498,0.6719,0.2582
2092,0.055,1953.87,-0.6492,-0.697,-0.6613
2093,-0.065,1920.17,-0.6996,-0.7781,-0.7158
2094,-0.113,2364.93,-0.0336,0.1928,-0.0636
2095,0.247,2491.92,0.1566,0.4366,0.1001
2096,0.38,2538.64,0.2265,0.5232,0.1583
2097,-0.03,2458.07,0.1059,0.3729,0.0573
2098,-0.004,1856.62,-0.7948,-0.9349,-0.8211
2099,-0.151,1556.14,-1.2448,-1.7576,-1.3737
2100,-0.026,3137.89,1.1239,1.5109,0.8218
2101,0.007,2648.55,0.3911,0.7207,0.291
2102,-0.039,2529.32,0.2126,0.506,0.1468
2103,-0.369,2892.59,0.7566,1.1315,0.5669
2104,-0.04,2236.89,-0.2253,-0.0666,-0.2378
2105,0.181,3273.42,1.3269,1.708,0.9541
2106,0.261,3364.34,1.463,1.8357,1.0399
2107,0.014,2183.71,-0.305,-0.1787,-0.3132
2108,-0.05,2789.75,0.6026,0.9628,0.4536
2109,0.098,2366.59,-0.0311,0.1961,-0.0614
2110,-0.048,2157.89,-0.0925,-0.3568,-0.0723
2111,0.0,1688.6,-0.8571,-1.999,-0.8572
2112,0.327,4992.51,4.5263,5.2616,2.613
2113,-0.197,1867.42,-0.5658,-1.325,-0.5351
2114,-0.067,1884.72,-0.5376,-1.2632,-0.5056
2115,0.624,3811.22,2.6015,3.4531,1.7486
2116,0.147,1739.97,-0.7734,-1.7984,-0.7613
2117,-0.046,2095.18,-0.1946,-0.5543,-0.1667
2118,0.059,2653.51,0.7151,1.0279,0.5895
2119,-0.355,2207.27,-0.2697,-0.1287,-0.2796
2120,0.237,659.398,-2.5877,-5.757,-4.06
2121,-0.095,1827.92,-0.8378,-1.0075,-0.8699
2122,-0.008,2712.65,0.4871,0.8322,0.3658
2123,-0.02,3232.15,1.2651,1.6489,0.9144
2124,0.042,2432.18,0.0671,0.3235,0.0242
2125,-0.063,1993.51,-0.5898,-0.6034,-0.5984
2126,0.033,3829.48,2.6313,3.4851,1.7639
2127,-0.012,3173.77,1.5628,2.2271,1.1626
2128,0.0,1781.59,-0.7056,-1.6401,-0.6857
2129,0.896,2897.88,1.1133,1.618,0.8715
2130,0.02,2888.26,1.0976,1.5957,0.8609
2131,-0.258,2639.46,0.6922,0.9923,0.5725
2132,0.002,2023.01,-0.3122,-0.7891,-0.2789
2133,-0.002,2391.73,0.2886,0.3323,0.257
2134,0.537,1220.06,-1.6206,-4.1751,-1.8973
2135,-0.078,2167.96,-0.0761,-0.3256,-0.0574
2136,0.028,1129.99,-1.7673,-4.6885,-2.1426
2137,-0.018,2233.65,0.031,-0.1257,0.0381
2138,-0.377,1581.41,-1.0318,-2.4382,-1.0671
2139,-0.065,1700.78,-0.8373,-1.9509,-0.8342
2140,-0.014,2774.29,0.9119,1.326,0.732
2141,-0.087,2135.84,-0.3767,-0.282,-0.3825
2142,0.003,1466.27,-1.2149,-4.8743,-1.2929
2143,0.056,2128.22,-0.3881,-0.2987,-0.3937
2144,0.236,4516.06,3.1877,3.208,1.9617
2145,0.421,2059.68,-0.2525,-0.6687,-0.2214
2146,-0.11349999999999998,2070.15,-0.2354,-0.6348,-0.2052
2147,0.043,2586.2776299999996,0.24498000000000006,0.0706900000000001,0.04797000000000003
2148,-0.082,2617.9644999999996,0.24609999999999993,-0.5949799999999998,0.14033
2149,-0.158,1708.83972,-0.46640999999999994,-0.54827,-0.64332
2150,0.512,2914.4454099999994,0.62558,1.01701,0.43671
2151,-0.086,2437.30747,0.26661999999999997,-0.21842999999999999,0.25728
2152,-0.216,1967.5010899999997,-0.39295,-0.18588000000000007,-0.29203999999999997
2153,-0.13,2407.58687,0.32434999999999997,0.052510000000000015,0.25412
2154,-0.21,2217.7131900000004,0.009780000000000056,-0.99314,0.012729999999999981
2155,-0.186,2430.02611,0.20312999999999998,-0.13039000000000006,0.11998
2156,-0.1,2152.1799,-0.24871,0.14978000000000008,-0.26951
2157,0.03,1769.85,-0.7247,-1.6843,-0.7068
2158,-0.048,1552.32,-1.0792,-2.5625,-1.1265
2159,-0.049,2950.71,1.1994,1.739,0.9293
2160,0.357,2793.69,0.9435,1.3727,0.7543
2161,0.073,2728.91,0.838,1.2156,0.6792
2162,0.338,2424.49,0.3419,0.4234,0.3006
2163,0.0,1565.99,-1.0569,-2.5038,-1.0985
2164,0.236,2373.61,0.259,0.2813,0.2327
2165,0.111,1669.97,-0.8875,-2.0733,-0.8927
2166,-0.033,2258.11,0.0708,-0.0528,0.073
2167,-0.13,2420.41,0.3353,0.4121,0.2952
2168,-0.301,1404.93,-1.3193,-3.2305,-1.4458
2169,-0.103,1945.7807999999998,-0.31005999999999995,0.33016999999999996,-0.28053
2170,0.025,2046.8074500000002,-0.10742,-1.1464199999999998,-0.11944000000000002
2171,0.029,2316.86236,-0.40119999999999995,-0.73404,-0.35488
2172,-0.013,2343.4716000000003,-0.025170000000000005,-0.015200000000000014,-0.06922999999999999
2173,0.065,2815.5487500000004,0.47827000000000003,-0.6784099999999998,0.21980000000000005
2174,0.003,2733.08003,0.14683000000000002,-0.55551,0.16467
2175,0.026,1886.19,-0.5352,-1.258,-0.5031
2176,0.263,3292.27,1.7559,2.4726,1.28
2177,0.047,2453.82,0.3897,0.5039,0.339
2178,0.027,2367.12,0.2485,0.263,0.2239
2179,0.03,2849.31,1.0341,1.5047,0.8174
2180,0.05,2309.49,0.1546,0.0979,0.145
2181,0.001,2472.03,0.4194,0.5534,0.3627
2182,0.144,1451.86,-1.2429,-3.0105,-1.3406
2183,0.324,3801.76,2.5861,3.4364,1.7406
2184,0.013,2953.98,1.2047,1.7464,0.9329
2185,-0.067,3083.49,1.4157,2.0338,1.0702
2186,0.344,1647.86,-0.9235,-2.1626,-0.9354
2187,0.101,3206.51,1.6162,2.2958,1.1955
2188,-0.025,2378.4,0.2668,0.2948,0.2391
2189,0.014,1990.62,-0.365,-0.8971,-0.3306
2190,0.464,2016.13,-0.3234,-0.8119,-0.2898
2191,-0.106,3153.88,0.8606,1.28921,0.8321
2192,0.078,673.729,-2.0996,-4.892619999999999,-3.6205
2193,0.009699999999999999,1876.31,-0.6643,-1.3337099999999997,-0.6664
2194,-0.055,1971.52,-0.5506,-1.79015,-0.5236
2195,-0.215,2326.07,-0.1274,-0.58033,-0.0464
2196,-0.131,2435.29,0.0029,-0.014480000000000026,0.086
2197,-0.0404,2626.37,0.231,0.05695000000000002,0.3039
2198,-0.152,2486.20049,0.32422,-0.84616,0.32404
2199,-0.115,2701.8176900000003,0.27412,-0.29097999999999996,0.20563000000000003
2200,-0.096,2767.4261300000003,0.28432999999999997,-0.18260000000000004,0.21651999999999996
2201,-0.007,2122.5798800000002,-0.43115,-0.15995999999999996,-0.49422999999999995
2202,-0.077,2583.25378,0.18879999999999994,1.0268099999999998,0.17611
2203,-0.01,2323.2385999999997,0.08265999999999998,-1.1183599999999998,0.009370000000000012
2204,-0.075,2186.5950000000003,-0.10349000000000005,-0.7021200000000001,-0.16461999999999996
2205,-0.038,2079.703,-0.21974,0.82302,-0.1674
2206,-0.25,2537.8579500000005,0.43063,-0.5425800000000001,0.37705999999999995
2207,-0.168,2258.3342600000005,-0.29850999999999994,-0.43068999999999996,-0.32954
2208,-0.009,2177.40195,-0.24098999999999995,-1.7229799999999997,-0.32251
2209,-0.018,2607.1832999999997,0.40085999999999994,-0.74311,-0.06069
2210,-0.064,2223.17951,-0.26513,-0.72416,-0.36768000000000006
2211,-0.021,1856.4222100000002,-0.67384,-0.8661300000000001,-0.7355799999999999
2212,0.009,2358.17819,-0.19759000000000004,-0.9018800000000002,-0.2807
2213,-0.003,2670.08859,0.20233999999999996,-0.9130900000000001,0.24846000000000004
2214,-0.002,2647.9990000000007,-0.002680000000000038,-1.4356600000000002,-0.04530999999999998
2215,0.284,3376.07,1.4806,1.8519,1.0508
2216,-0.096,2177.1,-0.3149,-0.1928,-0.3227
2217,-0.094,2388.47,0.0016,0.239,-0.0326
2218,0.431,2520.74,0.1997,0.4902,0.1361
2219,0.475,4076.97,2.5302,2.7312,1.6414
2220,-0.053,3148.45,1.1397,1.5266,0.8323
2221,1.54,3382.66,1.4905,1.861,1.0569
2222,0.267,3989.87,2.3998,2.6306,1.5738
2223,-0.225,4380.11,2.9842,3.0656,1.866
2224,-0.153,2202.96,-0.2762,-0.1378,-0.2857
2225,-0.017,3330.89,1.4129,1.7891,1.0086
2226,0.119,2471.2,0.1255,0.3977,0.074
2227,0.0,3292.45,1.3554,1.735,0.9723
2228,0.0,3287.19,1.3475,1.7276,0.9673
2229,0.059,1639.54,-1.1199,-1.5143,-1.2103
2230,-0.011,1866.91,-0.7794,-0.9092,-0.8038
2231,0.156,2686.79,0.4484,0.7875,0.3359
2232,-0.025,2297.31,-0.1349,0.0576,-0.1544
2233,0.008,1273.14,-1.6686,-2.6928,-2.0019
2234,-0.015,1554.71,-1.2469,-1.7619,-1.3766
2235,0.049,2521.74,0.2012,0.492,0.1374
2236,-0.115,2151.71,-0.3529,-0.2475,-0.3594
2237,-0.048,2231.97,-0.2327,-0.0768,-0.2447
2238,-0.015,3405.96,1.5254,1.893,1.0784
2239,-0.106,1971.11,-0.6234,-0.6561,-0.6338
2240,0.016,2281.44,-0.1586,0.0253,-0.1761
2241,-0.252,1740.06,-0.9694,-1.2371,-1.024
2242,0.011,1942.62,-0.666,-0.7239,-0.6794
2243,0.0,2535.41,0.2217,0.5172,0.1543
2244,0.0,2170.67,-0.3245,-0.2066,-0.3319
2245,-0.7,1801.55,-0.8773,-1.0752,-0.9153
2246,-0.11,2301.17,-0.1291,0.0655,-0.1492
2247,0.135,2068.92,-0.4769,-0.4304,-0.4822
2248,0.003,1979.1,-0.6114,-0.6372,-0.6211
2249,0.028,2058.79,-0.492,-0.4532,-0.4976
2250,0.165,4182.17,2.6877,2.85,1.7212
2251,0.021,4674.45,3.4249,3.3687,2.0696
2252,0.023,2299.87,-0.131,0.0628,-0.1509
2253,0.058,2078.06,-0.4632,-0.4098,-0.4684
2254,0.029,1663.59,-1.0839,-1.4465,-1.1647
2255,0.465,2305.79,-0.1222,0.0748,-0.1429
2256,-0.015,2598.01,0.3154,0.6309,0.2307
2257,0.021,2597.89,0.6245,0.886,0.5217
2258,0.059,2992.23,1.267,1.8326,0.9741
2259,0.13,4202.99,3.2399,4.1085,2.0618
2260,-0.014,2107.26,-0.175,-0.5158,-0.1483
2261,-0.022,2814.15,0.9769,1.4216,0.7776
2262,0.118,1339.4,-1.4261,-3.5503,-1.5986
2263,-0.073,2507.17,0.4767,0.648,0.4079
2264,-0.021,1991.64,-0.3634,-0.8937,-0.3289
2265,-0.006,2436.61,0.3617,0.4568,0.3165
2266,0.331,4448.28,3.6395,4.4884,2.2434
2267,0.173,3771.41,2.5366,3.3827,1.715
2268,-0.034,677.861,-2.504,-8.1085,-3.7772
2269,0.0,3009.96,1.2959,1.8721,0.993
2270,0.051,2365.84,0.2464,0.2594,0.2222
2271,0.049,2393.06,0.2907,0.336,0.2588
2272,0.047,3155.1,1.5324,2.1876,1.1437
2273,0.034,2445.3,0.3758,0.4806,0.3279
2274,0.22,3033.13,1.3337,1.9235,1.0175
2275,-0.124,1484.17,-1.1902,-2.8631,-1.2702
2276,-0.046,1778.31,-0.711,-1.6524,-0.6916
2277,-0.138,2337.41,0.2001,0.1784,0.1835
2278,0.189,1610.6,-0.9842,-2.3157,-1.0086
2279,-0.456,2667.8,0.7384,1.0639,0.6067
2280,0.007,2021.75,-0.3143,-0.7932,-0.2809
2281,-0.206,2032.99,-0.296,-0.7561,-0.2632
2282,-0.035,1813.09,-0.6543,-1.5227,-0.6296
2283,0.631,2873.6,1.0737,1.5616,0.8446
2284,0.09,2507.68,0.4775,0.6493,0.4085
2285,0.134,2508.53,0.4789,0.6516,0.4096
2286,-0.007,1837.28,-0.6149,-1.4339,-0.5871
2287,0.479,2933.5,1.1713,1.6998,0.9106
2288,0.074,1781.44,-0.7059,-1.6406,-0.6859
2289,1.14,1127.07,-1.7721,-4.7058,-2.1509
2290,-0.116,2203.27,-0.2757,-0.1372,-0.2852
2291,0.0,2484.95,0.4405,0.5883,0.3794
2292,0.026,2145.94,-0.1119,-0.394,-0.0901
2293,-0.033,3037.35,1.3405,1.9328,1.022
2294,-0.083,2029.4036500000002,-0.49971999999999994,-1.1865,-0.71102
2295,-0.053,1772.5487100000003,-0.45945,-0.6402300000000001,-0.50248
2296,-0.046,2467.52,0.4121,0.5412,0.3569
2297,0.13,3102.25,1.0705,1.4577,0.786
2298,0.061,5155.35,4.1451,3.8252,2.3763
2299,0.125,2844.69,0.6848,1.0537,0.5146
2300,-0.082,1081.46,-1.9556,-3.453,-2.5125
2301,0.017,2520.24,0.199,0.4893,0.1355
2302,-0.051,2498.75,0.1668,0.4494,0.1087
2303,-0.009,2922.08,0.8007,1.1788,0.5987
2304,-0.13,3056.57,1.0021,1.3885,0.7396
2305,-0.881,2931.03,0.8141,1.1931,0.6083
2306,0.066,3605.8,1.8246,2.1588,1.2569
2307,0.0,2709.99,0.4831,0.8276,0.3628
2308,-0.038,3771.54,2.0728,2.3683,1.3976
2309,-0.003,1981.81,-0.6073,-0.6308,-0.6168
2310,0.008,1853.35,-0.7997,-0.9431,-0.8266
2311,0.014,2433.29,0.0688,0.3256,0.0256
2312,0.127,2554.53,0.2503,0.5523,0.1778
2313,-0.127,3106.4,1.0768,1.4639,0.7902
2314,-0.14,1858.66,-0.7917,-0.9298,-0.8177
2315,0.077,1933.08,-0.6803,-0.7469,-0.6948
2316,0.0,2194.0,-0.2896,-0.1568,-0.2984
2317,-0.009,2889.35,0.7517,1.1263,0.5634
2318,-0.169,2727.73,0.5097,0.858,0.3832
2319,0.192,1806.12,-0.8704,-1.0634,-0.9074
2320,0.117,3243.03,1.2814,1.6645,0.9249
2321,0.461,3722.51,1.9994,2.3073,1.3567
2322,-0.04,2340.25,-0.0706,0.1439,-0.0964
2323,0.515,2860.18,0.708,1.079,0.5316
2324,0.082,2835.51,0.6711,1.0386,0.5045
2325,-0.439,1708.45,-1.0167,-1.3225,-1.0814
2326,0.001,1606.99,-1.1686,-1.6078,-1.2731
2327,0.053,3084.6,1.0441,1.4311,0.7681
2328,0.05,2207.62,-0.2692,-0.128,-0.2791
2329,0.055,1852.6,-0.8008,-0.945,-0.8279
2330,0.034,2349.99,-0.056,0.1633,-0.0834
2331,0.012,2784.98,0.5954,0.9548,0.4482
2332,-0.034,1577.5,-1.2128,-1.6941,-1.331
2333,0.0,1794.59,-0.8877,-1.0933,-0.9275
2334,0.052,3025.42,0.9555,1.3408,0.7075
2335,0.02,1351.97,-1.5505,-2.4129,-1.8139
2336,0.004,2398.64,0.0169,0.2588,-0.0193
2337,0.0,2000.9,-0.5787,-0.5862,-0.5868
2338,1.03,3430.96,1.5628,1.9271,1.1013
2339,0.316,2216.19,-0.2563,-0.1099,-0.2669
2340,-0.063,1853.61,-0.7993,-0.9425,-0.8262
2341,0.092,3075.18,1.03,1.4168,0.7586
2342,0.023,2047.54,-0.5089,-0.4788,-0.5147
2343,-0.311,2075.24,-0.4674,-0.4162,-0.4726
2344,0.019,873.548,-2.267,-4.4474,-3.1804
2345,-0.016,2323.05,-0.0963,0.1096,-0.1195
2346,0.0,2324.7,-0.0938,0.1129,-0.1173
2347,0.107,2151.95,-0.1021,-0.3753,-0.0811
2348,0.003,2392.48,0.2898,0.3344,0.258
2349,-0.004,3555.32,2.1845,2.9875,1.5261
2350,-0.048,2053.56,-0.2625,-0.6887,-0.2309
2351,-0.03,2589.31,0.6105,0.8639,0.5111
2352,-0.051,3441.73,1.9994,2.77,1.4221
2353,-0.019,3496.86,2.0893,2.8764,1.473
2354,-0.117,2766.42,0.8991,1.307,0.7229
2355,-0.13,3234.58,1.6619,2.3542,1.2234
2356,0.297,3704.94,2.4283,3.2636,1.658
2357,0.341,3482.64,2.0661,2.8491,1.4599
2358,-0.055,2646.46,0.7036,1.0101,0.581
2359,-0.012,1938.48,-0.45,-1.0749,-0.4155
2360,0.0,2683.35,0.7637,1.1028,0.6253
2361,0.144,2476.5,0.4267,0.5655,0.3685
2362,0.025,2322.74,0.1761,0.1362,0.1633
2363,-0.077,2511.96,0.4845,0.6607,0.414
2364,0.08,2857.78,1.0479,1.5246,0.8269
2365,0.114,2445.66,0.3764,0.4816,0.3284
2366,0.641,3147.63,1.5202,2.1717,1.1362
2367,0.961,3726.7,2.4638,3.3028,1.6768
2368,0.32,2312.27,0.1591,0.106,0.1489
2369,0.082,1731.42,-0.7874,-1.8313,-0.7771
2370,-0.029,2241.07,0.0431,-0.1035,0.0487
2371,0.0,2480.15,0.4326,0.5754,0.3732
2372,-0.006,2030.03,-0.3008,-0.7659,-0.2678
2373,0.0,1004.85,-1.9712,-5.4742,-2.5181
2374,0.323,957.773,-2.0479,-5.7953,-2.6717
2375,0.04,1370.99,-1.3746,-3.3942,-1.524
2376,0.002,1898.57,-0.515,-1.2142,-0.4821
2377,0.053,2238.25,0.0385,-0.1119,0.0447
2378,-0.054,2345.79,0.2137,0.2024,0.1949
2379,0.108,1993.36,-0.3605,-0.8879,-0.3262
2380,-0.001,2230.17,0.0253,-0.1361,0.0331
2381,-0.048,2095.2407,-0.47734000000000004,-1.04196,-0.4404199999999999
2382,0.0,3190.02,1.202,1.5877,0.8733
2383,-0.154,2782.89,0.5923,0.9513,0.4459
2384,-0.023,4624.14,3.3496,3.3183,2.0358
2385,1.05,2371.74,-0.0234,0.2062,-0.0546
2386,-0.063,2229.05,-0.2371,-0.0829,-0.2488
2387,-0.057,2093.04,-0.4408,-0.3764,-0.4459
2388,0.0,2224.79,-0.2435,-0.0919,-0.2548
2389,0.0,1848.26,-0.8073,-0.9559,-0.8352
2390,0.043,2752.53,0.8765,1.2733,0.7068
2391,0.03,2291.17,0.1247,0.0446,0.1195
2392,-0.002,1507.28,-1.1526,-2.7597,-1.2208
2393,0.007,3016.01,1.3058,1.8856,0.9994
2394,0.027,3295.26,1.7608,2.4787,1.2829
2395,0.068,2988.97,1.2617,1.8253,0.9706
2396,0.0,3300.81,1.7698,2.49,1.2883
2397,-0.074,2559.97,0.5627,0.7875,0.4746
2398,0.1,2049.3,-0.2694,-0.7026,-0.2376
2399,-0.048,1561.74,-1.0638,-2.522,-1.1072
2400,0.094,3568.0,2.2052,3.0113,1.5375
2401,0.561,5626.85,5.5599,6.0629,2.9959
2402,-0.017,1840.15,-0.6102,-1.4235,-0.5821
2403,0.137,4018.31,2.9389,3.8075,1.918
2404,0.034,1634.46,-0.9453,-2.2172,-0.9615
2405,-0.018,1224.72,-1.613,-4.1496,-1.8851
2406,-0.005,2295.74,-0.1372,0.0544,-0.1565
2407,-0.089,2298.96,-0.1324,0.061,-0.1522
2408,-0.243,1914.18,-0.7086,-0.7926,-0.7255
2409,-0.065,2678.87,0.4365,0.7738,0.3266
2410,-0.115,2160.31,-0.34,-0.2289,-0.3469
2411,-0.015,1826.73,-0.6321,-1.4725,-0.6056
2412,-0.022,1867.75,-0.5652,-1.3238,-0.5345
2413,0.024,2364.45,0.2441,0.2554,0.2203
2414,0.151,1710.72,-0.8211,-1.9119,-0.8156
2415,0.225,1561.19,-1.0647,-2.5244,-1.1083
2416,0.026,2329.54,0.1872,0.1558,0.1727
2417,0.035,1755.88,-0.7475,-1.7374,-0.7322
2418,-0.064,1238.4,-1.7206,-2.8217,-2.0884
2419,-0.197,2142.4,-0.3668,-0.2677,-0.3729
2420,0.029,2295.06,-0.1382,0.0531,-0.1575
2421,-0.118,2766.28,0.5674,0.9234,0.4271
2422,-0.112,2216.49,-0.2559,-0.1093,-0.2665
2423,-0.106,2280.69,-0.1598,0.0238,-0.1771
2424,-0.42,1010.93,-2.0612,-3.7671,-2.7235
2425,0.278,1765.91,-0.9306,-1.1683,-0.9779
2426,0.285,3058.0,1.0043,1.3907,0.741
2427,-0.205,1465.0,-1.2215,-2.9502,-1.3118
2428,0.613,2120.32,-0.1537,-0.4744,-0.1285
2429,0.065,2767.5,0.9008,1.3096,0.7241
2430,-0.129,1528.83,-1.1175,-2.6646,-1.1753
2431,0.065,1020.5,-1.9457,-5.3707,-2.4687
2432,-0.03,2096.37,-0.1927,-0.5505,-0.1649
2433,-0.749,2256.25,0.0678,-0.0583,0.0704
2434,0.323,2852.02,1.0386,1.5111,0.8204
2435,0.878,2498.41,0.4624,0.6245,0.3967
2436,-0.006,1676.92,-0.8762,-2.0455,-0.8794
2437,0.0,1858.27,-0.5807,-1.3579,-0.5508
2438,0.0,1395.36,-1.3349,-3.2762,-1.4677
2439,-0.128,3558.67,1.754,2.0975,1.2157
2440,0.0,3309.96,1.3816,1.7598,0.9889
2441,-0.076,1847.27,-0.8088,-0.9584,-0.8369
2442,-0.02,1747.82,-0.9577,-1.2163,-1.0101
2443,0.006,2250.73,-0.2046,-0.0378,-0.2185
2444,0.0,3804.28,2.5902,3.4408,1.7428
2445,0.09,1862.79,-0.5733,-1.3416,-0.543
2446,-0.017,2990.17,1.2637,1.8279,0.9719
2447,0.099,2428.33,0.3482,0.434,0.3056
2448,-0.156,2244.62,0.0489,-0.0929,0.0538
2449,0.504,2948.57,1.1959,1.7341,0.927
2450,0.006,2611.48,0.6466,0.921,0.5384
2451,-0.012,2153.61,-0.0994,-0.3701,-0.0787
2452,0.062,2316.81,0.1665,0.1191,0.1551
2453,0.282,3346.92,1.845,2.5829,1.3327
2454,-0.508,1841.9,-0.6073,-1.4171,-0.5791
2455,-0.014,1670.26,-0.887,-2.0722,-0.8922
2456,0.0,1626.88,-0.9577,-2.2484,-0.9764
2457,0.025,2127.75,-0.1416,-0.451,-0.1173
2458,0.44,2275.51,0.0992,-0.0014,0.0976
2459,0.035,1430.94,-1.277,-3.1077,-1.3871
2460,0.074,1894.51,-0.5216,-1.2285,-0.489
2461,0.043,3056.06,1.371,1.9739,1.0416
2462,-0.126,2515.05,0.4895,0.669,0.4179
2463,0.0,1883.02,-0.5403,-1.2693,-0.5084
2464,0.011,1608.66,-0.9874,-2.3238,-1.0124
2465,-0.016,1817.4,-0.6473,-1.5068,-0.622
2466,-0.015,1672.53,-0.8833,-2.0631,-0.8878
2467,0.217,2878.81,1.0822,1.5737,0.8504
2468,0.281,2408.68,0.3162,0.3796,0.2796
2469,-0.065,2824.36,0.6544,1.0203,0.4922
2470,-0.015,1563.52,-1.2337,-1.7356,-1.3589
2471,0.004,2419.06,0.0475,0.2983,0.0073
2472,-0.137,1363.03,-1.534,-2.375,-1.7884
2473,-0.05,2205.18,-0.2728,-0.1331,-0.2825
2474,-0.305,1587.49,-1.1978,-1.6647,-1.3113
2475,-0.073,2246.79,-0.2105,-0.046,-0.224
2476,-0.184,3634.22,1.8672,2.1954,1.2815
2477,0.256,2060.74,-0.4891,-0.4488,-0.4946
2478,0.0,2052.08,-0.5021,-0.4685,-0.5078
2479,-0.004,1477.59,-1.3624,-1.9989,-1.5358
2480,0.002,2042.51,-0.5164,-0.4902,-0.5224
2481,0.037,2044.52,-0.5134,-0.4857,-0.5193
2482,0.044,1641.09,-1.1176,-1.5099,-1.2073
2483,-0.027,3552.1,2.1793,2.9814,1.5232
2484,0.081,1748.08,-0.7602,-1.7672,-0.7464
2485,-0.009,1447.02,-1.2508,-3.0328,-1.3513
2486,-0.076,1766.3,-0.7305,-1.6978,-0.7132
2487,0.005,1125.78,-1.7742,-4.7135,-2.1546
2488,0.019,1934.31,-0.4568,-1.0893,-0.4224
2489,0.0,3403.54,0.8533,0.0976,0.7993
2490,-0.06,3223.89,0.6573,-0.099,0.6617
2491,-0.008,3140.77,0.5666,-0.1937,0.5954
2492,0.065,2489.88,-0.1437,-1.0356,0.006
2493,0.009,2140.22,-0.5252,-1.5841,-0.378
2494,0.346,3291.55,0.7311,-0.0237,0.7144
2495,-0.01,2668.63,0.0514,-0.7843,0.182
2496,0.112,3330.96,0.7741,0.0194,0.7446
2497,-0.125,7154.11,4.9459,2.791,2.6848
2498,0.008,2279.99,-0.3727,-1.3548,-0.2175
2499,-0.039,3111.61,0.5347,-0.2275,0.5717
2500,-0.901,2129.3,-0.5371,-1.6027,-0.391
2501,-0.019,2635.53,0.0153,-0.8295,0.1503
2502,-0.017,2659.81,0.0417,-0.7963,0.1736
2503,0.045,2290.81,-0.3609,-1.3376,-0.2054
2504,-0.088,1883.82,-0.805,-2.0466,-0.7018
2505,0.034,2324.33,-0.3243,-1.285,-0.1686
2506,-0.123,2453.32,-0.1836,-1.0892,-0.0315
2507,0.411,3148.05,0.5745,-0.1853,0.6012
2508,0.616,1315.5,-1.4252,-3.348,-1.6128
2509,-0.041,2897.13,0.3007,-0.4864,0.3904
2510,0.003,1422.13,-1.3088,-3.0656,-1.4151
2511,-0.067,1751.1,-0.9498,-2.3114,-0.8871
2512,0.031,2496.15,-0.1368,-1.0265,0.0124
2513,-0.02,1834.34,-0.859,-2.1431,-0.7693
2514,-0.062,3617.87,1.0872,0.319,0.9543
2515,0.292,4099.23,1.6124,0.7719,1.2713
2516,-0.037,1885.74,-0.8029,-2.0429,-0.6992
2517,0.009,1837.13,-0.856,-2.1376,-0.7655
2518,-0.032,1859.04,-0.832,-2.0946,-0.7354
2519,-0.026,1200.76,-1.5504,-3.6787,-1.8443
2520,-0.135,1803.41,-0.8927,-2.2047,-0.8125
2521,-0.126,4478.26,2.026,1.0925,1.4958
2522,-0.044,2901.11,0.3051,-0.4815,0.3939
2523,0.0,2815.13,0.2112,-0.5905,0.3176
2524,-0.117,1128.32,-1.6294,-3.9041,-2.0021
2525,0.107,2159.62,-0.5041,-1.5514,-0.3551
2526,-0.009899999999999999,1978.1,-0.7021,-1.8696,-0.5779
2527,1.44,3872.32,1.3648,0.5654,1.1268
2528,-0.162,2168.81,-0.494,-1.536,-0.3443
2529,0.717,2297.17,-0.354,-1.3276,-0.1984
2530,0.06,2908.59,0.3132,-0.4721,0.4005
2531,-0.149,2237.01,-0.4196,-1.4238,-0.2658
2532,0.029,3105.11,0.5277,-0.2351,0.5664
2533,-0.013,1911.45,-0.7749,-1.9939,-0.6648
2534,-0.103,2922.53,0.3284,-0.4548,0.4126
2535,-0.003,1704.98,-1.0002,-2.4082,-0.9549
2536,0.104,3137.82,0.5633,-0.1971,0.593
2537,-0.029,4202.12,1.7247,0.8617,1.3342
2538,-0.008,3408.19,0.8584,0.1025,0.8027
2539,-0.038,4700.98,2.2691,1.2685,1.619
2540,0.088,3664.19,1.1377,0.3651,0.9866
2541,0.069,3057.54,0.4757,-0.2911,0.5272
2542,-0.029,3365.57,0.8119,0.0569,0.7708
2543,0.034,2688.7,0.0733,-0.7571,0.201
2544,0.102,2057.81,-0.6151,-1.7264,-0.4776
2545,0.049,3903.75,1.3991,0.5947,1.1473
2546,-0.032,3375.38,0.8226,0.0675,0.7782
2547,-0.332,1528.07,-1.1932,-2.8052,-1.2328
2548,0.404,2741.6,0.131,-0.6865,0.2504
2549,-0.037,1143.22,-1.6131,-3.8566,-1.9689
2550,0.008,3151.57,0.5784,-0.1813,0.6041
2551,0.321,3645.41,1.1172,0.3465,0.9735
2552,-0.048,1237.47,-1.5103,-3.5696,-1.7679
2553,0.519,1681.68,-1.0256,-2.458,-0.9898
2554,0.181,2407.38,-0.2337,-1.1577,-0.0795
2555,-0.095,2635.92,0.0157,-0.829,0.1507
2556,0.072,2767.21,0.1589,-0.6528,0.274
2557,0.008,3171.1,0.5997,-0.1589,0.6198
2558,0.0,2737.05,0.126,-0.6925,0.2462
2559,-0.008,3283.6,0.7224,-0.0325,0.7082
2560,0.042,2666.56,0.0491,-0.7871,0.18
2561,-0.011,3272.5,0.7103,-0.0448,0.6996
2562,-0.055,3908.08,1.4038,0.5987,1.1501
2563,0.297,2757.01,0.1478,-0.6661,0.2646
2564,0.03,2794.86,0.1891,-0.6167,0.2992
2565,-0.004,3129.99,0.5548,-0.2062,0.5866
2566,0.113,2401.95,-0.2396,-1.1659,-0.0852
2567,-0.027,3629.47,1.0998,0.3306,0.9624
2568,-0.017,3637.38,1.1085,0.3385,0.9679
2569,0.365,3906.51,1.4021,0.5973,1.1491
2570,-0.079,2927.11,0.3334,-0.4491,0.4166
2571,0.013,6219.58,3.9261,2.2834,2.3295
2572,0.022,4807.66,2.3855,1.3498,1.6759
2573,-0.086,3173.24,0.602,-0.1564,0.6215
2574,0.049,3158.46,0.5859,-0.1733,0.6096
2575,0.169,3244.58,0.6798,-0.0758,0.6779
2576,0.0,4973.68,2.5666,1.4729,1.7621
2577,0.029,4371.63,1.9097,1.0051,1.4346
2578,0.0,3454.64,0.9091,0.1516,0.8371
2579,0.033,2663.22,0.0455,-0.7916,0.1768
2580,-0.02,3233.47,0.6677,-0.0883,0.6692
2581,-0.422,2363.58,-0.2815,-1.2243,-0.1261
2582,-0.079,3740.19,1.2206,0.4395,1.0387
2583,0.015,2000.76,-0.6774,-1.8283,-0.549
2584,-0.493,3172.96,0.6017,-0.1567,0.6212
2585,0.001,3980.17,1.4825,0.665,1.1965
2586,0.004,2582.28,-0.0429,-0.9035,0.0985
2587,0.03,2938.08,0.3454,-0.4356,0.4261
2588,0.0,1983.26,-0.6965,-1.8602,-0.5713
2589,-0.106,1733.75,-0.9688,-2.3475,-0.9124
2590,0.013,811.371,-1.9753,-5.0987,-2.8384
2591,-0.014,141.505,-2.7062,-11.4108,-7.2572
2592,-0.011,783.487,-2.0057,-5.2254,-2.9271
2593,-0.091,1870.62,-0.8194,-2.0721,-0.7196
2594,-0.116,1107.06,-1.6526,-3.9731,-2.0504
2595,0.052,1086.15,-1.6754,-4.0422,-2.0987
2596,-0.127,782.467,-2.0068,-5.2301,-2.9304
2597,-0.067,2196.73,-0.4636,-1.4896,-0.3119
2598,-0.081,3131.7,0.5567,-0.2042,0.588
2599,-0.007,2246.06,-0.4097,-1.4091,-0.2555
2600,0.002,2611.19,-0.0113,-0.8631,0.1267
2601,-0.043,1166.51,-1.5877,-3.7835,-1.9177
2602,0.107,1529.98,-1.1911,-2.8007,-1.2296
2603,-0.144,1399.14,-1.3339,-3.1246,-1.4564
2604,-0.177,2455.49,-0.1146,-1.4571,0.077
2605,0.01,2369.27,-0.2105,-1.694,-0.018
2606,0.014,2261.27,-0.3306,-2.0033,-0.1419
2607,-0.104,2772.72,0.2383,-0.6517,0.3999
2608,-0.048,2481.9,-0.0852,-1.3862,0.1054
2609,-0.024,2353.74,-0.2277,-1.7376,-0.0354
2610,-0.098,1233.04,-1.4743,-6.0223,-1.7531
2611,-0.124,2140.22,-0.4653,-2.3679,-0.2881
2612,-0.064,3385.3,0.9197,0.6715,0.9304
2613,-0.049,2651.93,0.1039,-0.947,0.2815
2614,-0.013,3093.98,0.5956,0.075,0.6912
2615,-0.031,2710.94,0.1696,-0.8011,0.34
2616,0.069,2434.68,-0.1377,-1.5135,0.0544
2617,0.006,2632.2,0.082,-0.9965,0.2617
2618,-0.026,3097.44,0.5995,0.0824,0.6942
2619,-0.069,2066.64,-0.5471,-2.5998,-0.3811
2620,0.011,2776.86,0.2429,-0.6418,0.4038
2621,-0.344,1528.0,-1.1462,-4.6011,-1.1834
2622,-0.022,2161.11,-0.442,-2.3036,-0.2623
2623,-0.019,2651.29,0.1032,-0.9486,0.2809
2624,-0.089,3297.91,0.8225,0.4982,0.8608
2625,-0.077,3167.81,0.6778,0.2313,0.7539
2626,-0.018,2174.84,-0.4267,-2.2616,-0.2455
2627,0.026,2078.56,-0.5338,-2.5617,-0.3658
2628,-0.003,2418.67,-0.1555,-1.5572,0.0369
2629,0.0,2323.32,-0.2616,-1.8238,-0.07
2630,-0.018,1776.28,-0.8701,-3.6033,-0.7834
2631,-0.042,2930.76,0.4141,-0.2843,0.5472
2632,-0.063,3862.61,1.4506,1.5459,1.2809
2633,-0.022,2743.59,0.2059,-0.7217,0.3718
2634,0.082,3709.73,1.2805,1.2782,1.1736
2635,-0.08,2680.07,0.1352,-0.877,0.3096
2636,-0.01,1072.75,-1.6526,-6.9449,-2.123
2637,0.005,3391.47,0.9265,0.6836,0.9352
2638,-0.05,2222.6,-0.3736,-2.1176,-0.1878
2639,-0.093,2707.31,0.1655,-0.81,0.3364
2640,-0.325,2488.39,-0.078,-1.3689,0.1124
2641,0.417,2300.54,-0.2869,-1.8892,-0.0962
2642,0.068,3264.73,0.7856,0.4311,0.834
2643,0.026,2618.49,0.0667,-1.0311,0.2478
2644,-0.02,1676.29,-0.9813,-3.9872,-0.9373
2645,0.006,2116.05,-0.4921,-2.4432,-0.3183
2646,0.015,2361.06,-0.2196,-1.717,-0.0272
2647,-0.069,2632.08,0.0819,-0.9968,0.2616
2648,0.014,2298.08,-0.2897,-1.8962,-0.099
2649,-0.035,1581.88,-1.0863,-4.3714,-1.0913
2650,-0.028,1783.37,-0.8622,-3.5769,-0.7728
2651,-0.005,2337.36,-0.246,-1.7839,-0.054
2652,0.007,1629.58,-1.0332,-4.1745,-1.0124
2653,-0.124,1141.54,-0.6814,-5.0039,-0.4576
2654,-0.145,601.622,-1.5726,-9.7912,-1.8802
2655,0.041,2240.44,1.1324,0.0389,1.0408
2656,-0.102,1694.27,0.2309,-2.051,0.4198
2657,0.082,1629.68,0.1243,-2.3417,0.3334
2658,0.02,2234.32,1.1223,0.0184,1.0348
2659,0.142,1526.99,-0.0452,-2.8285,0.1888
2660,0.063,2389.53,1.3785,0.5208,1.184
2661,-0.001,1845.45,0.4805,-1.4118,0.6098
2662,-0.024,3051.52,2.4712,2.3502,1.7276
2663,0.065,1801.54,0.408,-1.5919,0.5563
2664,0.103,2208.29,1.0794,-0.0692,1.0087
2665,0.0,396.245,-1.9116,-12.9098,-2.8069
2666,0.091,1161.57,-0.6483,-4.8739,-0.419
2667,0.171,1262.6,-0.4816,-4.2503,-0.2337
2668,0.007,1730.55,0.2908,-1.8926,0.4669
2669,0.094,1915.03,0.5953,-1.135,0.692
2670,0.175,1246.78,-0.5077,-4.3445,-0.2617
2671,0.131,1377.05,-0.2927,-3.6014,-0.0409
2672,0.096,1097.88,-0.7535,-5.2955,-0.5443
2673,0.178,1609.07,0.0903,-2.4369,0.3052
2674,0.096,901.974,-1.0768,-6.7649,-0.9809
2675,0.222,1505.36,-0.0809,-2.9352,0.1571
2676,-0.04,1272.85,-0.4647,-4.1898,-0.2157
2677,0.303,1139.59,-0.6846,-5.0167,-0.4614
2678,0.18,1407.08,-0.2431,-3.4401,0.0071
2679,-0.007,582.141,-1.6047,-10.0371,-1.9532
2680,-0.255,3390.44,3.0306,3.1381,1.9618
2681,0.114,839.687,-1.1796,-7.2998,-1.1398
2682,0.146,1003.12,-0.9099,-5.9703,-0.7448
2683,0.093,1257.44,-0.4901,-4.2809,-0.2428
2684,-0.002,1662.887,-0.5403,-2.3376,-0.3747
2685,-0.065,4116.1218,2.6984,1.8416,1.906
2686,-0.09629999999999998,1700.8724,-0.4902,-2.2335,-0.3179
2687,0.056,1250.3019,-1.085,-3.6521,-1.0921
2688,0.059,1371.0318,-0.9256,-3.2272,-0.8602
2689,0.028,1977.4707,-0.125,-1.5388,0.0612
2690,0.029,2131.7927,0.0787,-1.1923,0.2503
2691,-0.009,1791.9769,-0.3699,-1.9929,-0.1866
2692,0.087,2047.7933,-0.0322,-1.3777,0.1492
2693,-0.016,1987.1047,-0.1123,-1.5164,0.0735
2694,-0.011,2478.9638,0.5371,-0.4967,0.63
2695,0.03,1297.8718,-1.0222,-3.48,-0.9981
2696,-0.53,1059.9071,-1.3364,-4.4135,-1.5076
2697,0.0,2242.0727,0.2243,-0.9598,0.3772
2698,-0.164,1414.8777,-0.8678,-3.0821,-0.781
2699,-0.003,1500.2928,-0.755,-2.8119,-0.6335
2700,0.0,1685.2474,-0.5108,-2.276,-0.3411
2701,-0.094,1650.8042,-0.5563,-2.3712,-0.393
2702,0.088,2339.6333,0.3531,-0.7634,0.4844
2703,0.211,1831.3529,-0.3179,-1.8927,-0.1319
2704,0.029,1798.947,-0.3607,-1.975,-0.1768
2705,0.01,1031.7424,-1.3736,-4.5376,-1.5753
2706,-0.129,1496.9015,-0.7595,-2.8224,-0.6392
2707,0.062,2043.2183,-0.0382,-1.388,0.1435
2708,0.0,1410.5925,-0.8734,-3.0961,-0.7886
2709,0.036,1495.5879,-0.7612,-2.8264,-0.6414
2710,-0.001,287.5049,-2.3561,-10.4202,-4.7856
2711,0.0254,2497.0373,0.5609,-0.4632,0.6482
2712,-0.081,2310.1669,0.3142,-0.8218,0.4525
2713,0.0,1486.929,-0.7726,-2.8532,-0.6561
2714,-0.002,1271.9057,-1.0565,-3.5732,-1.049
2715,-0.01,2048.6423,-0.0311,-1.3758,0.1502
2716,0.06,1966.98,-0.1389,-1.5633,0.0479
2717,0.05,1817.8246,-0.3358,-1.9269,-0.1506
2718,0.046,2387.5428,0.4164,-0.6699,0.5354
2719,-0.126,2679.47,0.8018,-0.138,0.8257
2720,0.021,1971.32,-0.1331,-1.5532,0.0534
2721,-0.088,2243.8,0.2266,-0.9562,0.3792
2722,-0.001,588.629,-1.9586,-7.123,-2.9862
2723,-0.01,1354.33,-0.9477,-3.2837,-0.891
2724,-0.067,2933.1,1.1366,0.279,1.0533
2725,0.448,2509.79,0.5778,-0.4397,0.6611
2726,0.061,2021.0,-0.0676,-1.4384,0.116
2727,-0.181,1507.8,-0.7451,-2.7889,-0.621
2728,0.065,2205.16,0.1756,-1.0363,0.3355
2729,-0.039,2036.6734,-0.4156,-0.418,-0.4124
2730,0.017,2089.7394,-0.3605,-0.2613,-0.3482
2731,0.0,2035.6474,-0.4166,-0.4211,-0.4137
2732,0.048,2621.17,0.1908,1.1191,0.2177
2733,0.006,2421.5961,-0.0163,0.6366,0.0199
2734,0.007,3585.7564,1.1914,3.0284,1.0004
2735,-0.175,3032.0343,0.617,2.0063,0.5814
2736,0.092,514.4701,-1.9946,-8.7955,-3.8469
2737,-0.159,1975.5224,-0.479,-0.6037,-0.4886
2738,0.247,2979.0985,0.562,1.899,0.5374
2739,0.002,2759.49,0.3342,1.4324,0.3462
2740,-0.078,1168.0881,-1.3166,-3.8043,-1.8007
2741,-0.053,3410.04,1.0091,2.7222,0.8749
2742,0.036,2354.87,-0.0855,0.4664,-0.0499
2743,0.254,3709.41,1.3196,3.235,1.0851
2744,-0.002,2928.4604,0.5095,1.7946,0.4946
2745,-0.030199999999999998,2032.0266,-0.4204,-0.4319,-0.4181
2746,0.029,2591.507,0.16,1.0498,0.1893
2747,0.031,3730.3129,1.3413,3.2692,1.0992
2748,-0.077,2718.95,0.2922,1.3423,0.3092
2749,0.007,2225.847,-0.2193,0.1231,-0.1906
2750,0.053,2920.91,0.5017,1.7788,0.4882
2751,0.024,3111.89,0.6998,2.1647,0.6464
2752,0.081,6457.56,4.1704,6.6132,2.4701
2753,-0.006,3477.23,1.0788,2.8411,0.9237
2754,0.002,2464.37,0.0281,0.7433,0.0637
2755,-0.063,467.965,-2.0429,-9.3718,-4.0831
2756,0.013,2077.76,-0.373,-0.2963,-0.3625
2757,0.004,2508.24,0.0736,0.8508,0.1077
2758,0.014,5472.24,3.1483,5.6043,2.0565
2759,-0.003,5174.77,2.8397,5.2637,1.9168
2760,0.028,3274.03,0.868,2.4742,0.7733
2761,-0.052,2213.32,-0.2323,0.0887,-0.2047
2762,0.003,3091.42,0.6786,2.1245,0.6299
2763,0.01,1722.28,-0.7417,-1.4394,-0.8312
2764,0.097,2172.05,-0.2751,-0.0259,-0.2517
2765,-0.006,4367.98,2.0028,4.2308,1.4934
2766,0.07,2226.26,-0.2189,0.1242,-0.1901
2767,0.235,3503.15,1.1057,2.8864,0.9422
2768,-0.052,2667.78,0.2391,1.2265,0.2618
2769,0.181,1911.8,-0.5451,-0.8035,-0.5705
2770,-0.011,1985.11,-0.4691,-0.5742,-0.4765
2771,0.243,2592.8,0.1613,1.0528,0.1905
2772,0.014,1419.67,-1.0556,-2.6164,-1.3137
2773,-0.015,1582.5,-0.8867,-1.955,-1.0425
2774,-0.001,2535.27,0.1016,0.9161,0.1345
2775,0.012,2009.98,-0.4433,-0.4984,-0.4454
2776,0.039,1689.18,-0.776,-1.5576,-0.8796
2777,-0.206,2834.24,0.4118,1.5953,0.4129
2778,0.363,2649.23,0.2199,1.184,0.2443
2779,0.041,2428.62,-0.009,0.6543,0.0272
2780,0.127,3500.58,0.9592,0.1995,0.8706
2781,0.158,3704.72,1.1819,0.405,1.0145
2782,0.0,3594.19,1.0613,0.2952,0.9376
2783,0.03,3104.8,0.5273,-0.2355,0.5661
2784,-0.618,1668.46,-1.04,-2.4866,-1.0098
2785,0.06,3014.0,0.4282,-0.3431,0.4908
2786,-0.398,2029.79,-0.6457,-1.7761,-0.5124
2787,0.187,2171.86,-0.4907,-1.5309,-0.3408
2788,-0.025,3693.0,1.1692,0.3935,1.0064
2789,0.073,2195.19,-0.4652,-1.4922,-0.3136
2790,0.016,2017.29,-0.6594,-1.7985,-0.5281
2791,0.0,2344.58,-0.3022,-1.2535,-0.1466
2792,0.024,2999.13,0.412,-0.361,0.4783
2793,-0.004,1811.84,-0.8835,-2.1878,-0.8006
2794,-0.091,4407.49,1.9488,1.0347,1.4553
2795,0.027,3186.64,0.6166,-0.1411,0.6322
2796,-0.095,3657.35,1.1303,0.3583,0.9818
2797,0.094,3417.75,0.8688,0.1127,0.8099
2798,-0.023,3381.19,0.8289,0.0737,0.7826
2799,0.115,3548.52,1.0115,0.2488,0.9052
2800,0.193,3577.5,1.0431,0.2783,0.9258
2801,-0.007,2409.82,-0.231,-1.1541,-0.0769
2802,-0.107,4016.58,1.5222,0.698,1.2196
2803,0.153,2737.41,0.1264,-0.692,0.2465
2804,-0.121,2468.28,-0.1672,-1.0672,-0.0161
2805,-0.003,1748.11,-0.9531,-2.3176,-0.8915
2806,0.426,1308.58,-1.4327,-3.3671,-1.6262
2807,-0.007,1486.69,-1.2383,-2.9047,-1.3025
2808,-0.233,1615.23,-1.0981,-2.6041,-1.0921
2809,0.02,2534.58,-0.0949,-0.9711,0.0512
2810,0.42889999999999995,1943.82,-0.7395,-1.933,-0.6222
2811,0.351,2331.34,-0.3167,-1.2741,-0.1609
2812,0.062,2162.1,-0.5013,-1.5472,-0.3522
2813,-0.222,2109.71,-0.5585,-1.6362,-0.4144
2814,-0.176,545.394,-2.2655,-6.537,-3.8453
2815,1.03,2559.57,-0.0676,-0.9355,0.0761
2816,0.029,2700.17,0.0858,-0.7417,0.2118
2817,0.009,2314.88,-0.3346,-1.2997,-0.1789
2818,0.0,2005.41,-0.6723,-1.8199,-0.5431
2819,-0.173,975.212,-1.7965,-4.4325,-2.372
2820,0.019,2453.04,-0.1839,-1.0896,-0.0318
2821,0.665,4277.41,1.8069,0.9261,1.3793
2822,0.085,4790.27,2.3665,1.3367,1.6667
2823,0.0,2361.86,-0.2834,-1.2269,-0.1279
2824,0.004,2176.47,-0.4857,-1.5232,-0.3354
2825,-0.049,3143.01,0.569,-0.1911,0.5972
2826,-0.062,2282.46,-0.37,-1.3509,-0.2147
2827,-0.263,3356.71,0.8022,0.0474,0.7641
2828,0.036,4755.74,2.3288,1.3104,1.6483
2829,0.01,2972.18,0.3826,-0.3937,0.4553
2830,-0.107,2888.08,0.2908,-0.4978,0.3825
2831,-0.126,2868.72,0.2697,-0.5222,0.3654
2832,-0.136,1572.25,-1.145,-2.7019,-1.1605
2833,-0.759,1608.55,-1.1054,-2.6192,-1.1026
2834,-0.039,2471.83,-0.1634,-1.062,-0.0125
2835,-0.389,1696.53,-1.0094,-2.4262,-0.9675
2836,-0.0204,3021.28,0.4362,-0.3343,0.4969
2837,-0.03,2894.27,0.2976,-0.49,0.3879
2838,-0.024,3663.74,1.1372,0.3647,0.9862
2839,-0.073,2483.17,-0.151,-1.0454,-0.0008
2840,-0.043,2554.07,-0.0736,-0.9433,0.0706
2841,-0.046,2560.55,-0.0666,-0.9341,0.077
2842,-0.474,2708.02,0.0944,-0.7311,0.2191
2843,0.002,2686.3,0.0707,-0.7603,0.1987
2844,0.106,3012.44,0.4265,-0.3449,0.4895
2845,0.354,3112.85,0.5361,-0.2261,0.5727
2846,-0.024,2400.47,-0.2412,-1.1681,-0.0868
2847,-0.031,2775.08,0.1675,-0.6425,0.2812
2848,0.16,2604.59,-0.0185,-0.8723,0.1203
2849,0.262,2142.12,-0.5232,-1.5809,-0.3757
2850,-0.096,4063.2,1.5731,0.7398,1.2489
2851,-0.034,2229.2,-0.4281,-1.4365,-0.2746
2852,0.042,2437.92,-0.2004,-1.112,-0.0475
2853,0.923,4383.51,1.9226,1.0149,1.4415
2854,0.122,2670.21,0.0531,-0.7821,0.1835
2855,0.008,1880.35,-0.8088,-2.0533,-0.7065
2856,-0.41,2325.09,-0.3235,-1.2838,-0.1678
2857,0.265,3429.06,0.8811,0.1247,0.8182
2858,0.039,2764.74,0.1562,-0.656,0.2717
2859,0.0,2579.35,-0.0461,-0.9076,0.0956
2860,-0.395,4330.87,1.8652,0.9711,1.4108
2861,0.052,2436.46,-0.202,-1.1142,-0.049
2862,-0.143,2353.74,-0.2922,-1.2394,-0.1367
2863,-0.247,3634.7,1.1055,0.3358,0.9661
2864,0.417,2025.33,-0.6506,-1.7841,-0.518
2865,0.468,2704.41,0.0904,-0.736,0.2158
2866,0.132,3892.85,1.3872,0.5846,1.1402
2867,0.012,1846.12,-0.8461,-2.1199,-0.7531
2868,0.0,2819.19,0.2157,-0.5853,0.3212
2869,-0.172,2828.96,0.2263,-0.5728,0.33
2870,0.172,5373.81,3.0032,1.7534,1.9585
2871,0.071,2937.83,0.3451,-0.4359,0.4258
2872,0.201,3137.11,0.5626,-0.1979,0.5924
2873,-0.467,2763.27,0.1546,-0.6579,0.2704
2874,0.107,3173.42,0.6022,-0.1562,0.6216
2875,-0.005,2815.47,0.2116,-0.5901,0.3179
2876,-0.382,2528.38,-0.1017,-0.98,0.045
2877,-0.111,3285.33,0.7243,-0.0306,0.7096
2878,0.021,3256.0,0.6923,-0.0631,0.6868
2879,0.0,2507.08,-0.1249,-1.0106,0.0235
2880,-0.046,2357.46,-0.2882,-1.2337,-0.1327
2881,-0.032,2617.88,-0.004,-0.8539,0.1332
2882,-0.108,2202.02,-0.4578,-1.4809,-0.3058
2883,-0.065,2153.18,-0.5111,-1.5622,-0.3627
2884,0.083,2472.84,-0.1623,-1.0605,-0.0114
2885,-0.141,3614.23,1.0832,0.3153,0.9517
2886,-0.166,2976.12,0.3869,-0.3889,0.4587
2887,0.01,3031.02,0.4468,-0.3227,0.5051
2888,-0.099,3084.12,0.5047,-0.2597,0.5492
2889,0.017,4458.62,2.0046,1.0765,1.4846
2890,0.264,2553.31,-0.0745,-0.9444,0.0698
2891,0.061,2007.24,-0.6703,-1.8166,-0.5408
2892,-0.043,2212.71,-0.4461,-1.4634,-0.2935
2893,-0.002,2706.83,0.0931,-0.7327,0.218
2894,-0.077,3155.16,0.5823,-0.1771,0.607
2895,-0.078,3494.58,0.9526,0.1933,0.8663
2896,-0.028,3392.47,0.8412,0.0858,0.791
2897,0.027,2491.56,-0.1418,-1.0331,0.0077
2898,0.072,2277.09,-0.3759,-1.3594,-0.2207
2899,-0.101,3683.54,1.1588,0.3842,0.9999
2900,-0.125,3017.86,0.4324,-0.3384,0.4941
2901,-0.084,1666.7632,-0.7993,-1.639,-0.913
2902,0.007,1932.85,-0.5233,-0.7367,-0.5431
2903,-0.01,2216.01,-0.2295,0.0961,-0.2017
2904,0.017,2638.345,0.2086,1.1589,0.234
2905,0.094,1945.68,-0.51,-0.6964,-0.5266
2906,0.076,2202.74,-0.2433,0.0595,-0.2167
2907,0.074,2142.03,-0.3063,-0.1107,-0.2865
2908,0.11,1734.58,-0.7289,-1.3961,-0.8134
2909,0.003,1755.8168,-0.7069,-1.3219,-0.783
2910,-0.075,1829.47,-0.6305,-1.0716,-0.6804
2911,0.034,789.7098,-1.7091,-6.1878,-2.7778
2912,-0.144,2158.6957,-0.289,-0.0635,-0.2671
2913,-0.01,2059.9717,-0.3914,-0.3487,-0.384
2914,-0.108,2955.0791,0.5371,1.8497,0.5172
2915,-0.072,1858.634,-0.6003,-0.9753,-0.6409
2916,0.184,2603.8386,0.1728,1.0787,0.2012
2917,-0.114,3134.3987,0.7231,2.2086,0.6644
2918,0.116,3004.0968,0.588,1.9499,0.5583
2919,0.016,1986.1367,-0.468,-0.5711,-0.4752
2920,-0.004,1730.65,-0.733,-1.4099,-0.8191
2921,0.03,727.7434,-1.7734,-6.6852,-2.9817
2922,0.107,2090.729,-0.3595,-0.2584,-0.347
2923,-0.065,4421.6627,2.0585,4.3052,1.5239
2924,-0.069,2452.7975,0.0161,0.7146,0.0519
2925,0.089,2259.9496,-0.184,0.2157,-0.1526
2926,0.265,2910.6549,0.491,1.7574,0.4794
2927,0.006,4116.4657,1.7419,3.8694,1.3452
2928,0.099,880.7198,-1.6147,-5.5237,-2.5056
2929,0.039,1734.942,-0.7286,-1.3948,-0.8129
2930,0.08,1126.4574,-1.3598,-4.0253,-1.8913
2931,-0.114,1082.4883,-1.4054,-4.2678,-1.9907
2932,-0.083,3663.6835,1.2722,3.1594,1.0541
2933,-0.04,1787.211,-0.6744,-1.214,-0.7387
2934,0.096,2875.9842,0.4551,1.6844,0.4495
2935,-0.002,2829.0203,0.4064,1.5841,0.4083
2936,0.149,2581.77061,0.35922000000000004,-0.9955300000000001,0.32673
2937,-0.064,1947.494,-0.5081,-0.6908,-0.5243
2938,0.002,1810.7746,-0.6499,-1.1342,-0.706
2939,-0.092,2915.62,0.4962,1.7678,0.4837
2940,0.23,3540.58,1.1445,2.9511,0.9688
2941,0.063,1506.59,-0.9655,-2.2544,-1.1653
2942,0.816,4697.3955,2.3445,4.6739,1.675
2943,-0.097,3234.1508,0.8266,2.3995,0.7426
2944,0.089,744.8486,-1.7556,-6.5438,-2.9237
2945,0.0,2927.5656,0.5086,1.7927,0.4939
2946,0.073,1642.0,-0.825,-1.7302,-0.9504
2947,-0.367,1973.5977,-0.481,-0.6097,-0.491
2948,1.03,3062.3394,0.6484,2.0669,0.6063
2949,0.0,2714.9271,0.288,1.3333,0.3055
2950,0.099,3059.8222,0.6458,2.0619,0.6042
2951,0.08,935.9562,-1.5574,-5.1534,-2.3538
2952,-0.015,2437.62,0.0003,0.6768,0.0364
2953,-0.04,3849.9019,1.4654,3.4615,1.178
2954,-0.091,2631.2958,0.2013,1.1426,0.2274
2955,0.014,2602.2155,0.1711,1.0749,0.1996
2956,-0.096,1689.7157,-0.7755,-1.5557,-0.8788
2957,0.156,3411.7024,1.0108,2.7252,0.8761
2958,0.048,1754.9033,-0.7079,-1.3251,-0.7843
2959,0.675,4072.52,1.6963,3.804,1.3184
2960,0.039,2601.7,0.1706,1.0737,0.1991
2961,0.043,971.1115,-1.5209,-4.9289,-2.2617
2962,0.235,3702.5988,1.3126,3.2238,1.0805
2963,0.14,1123.5085,-1.3628,-4.0413,-1.8978
2964,0.24,3885.178,1.502,3.5171,1.2008
2965,0.131,3398.6162,0.9972,2.7018,0.8665
2966,-0.056,1788.2544,-0.6733,-1.2104,-0.7373
2967,-0.007,1033.4711,-1.4562,-4.5499,-2.1064
2968,0.004,1786.2388,-0.6754,-1.2173,-0.7401
2969,-0.003,1570.1393,-0.8995,-2.0028,-1.0621
2970,-0.13,2475.5357,0.0397,0.7708,0.0749
2971,-0.097,1935.8432,-0.5202,-0.7273,-0.5392
2972,-0.02,3852.2349,1.4678,3.4652,1.1795
2973,0.162,3735.261,1.3464,3.2773,1.1025
2974,0.043,3053.1053,0.6388,2.0485,0.5987
2975,0.059,3480.6346,1.0823,2.8471,0.9261
2976,-0.074,1621.6051,-0.8461,-1.8063,-0.9816
2977,0.01,1594.4692,-0.8743,-1.9091,-1.0237
2978,0.001,2830.568,0.408,1.5874,0.4097
2979,0.135,1426.665,-1.0484,-2.5864,-1.3014
2980,0.042,1613.8675,-0.8542,-1.8354,-0.9935
2981,0.009,1868.4105,-0.5901,-0.9433,-0.6278
2982,0.033,2883.9267,0.4633,1.7012,0.4563
2983,0.027,1691.9734,-0.7731,-1.5475,-0.8755
2984,0.009,2521.4661,0.0873,0.8829,0.1209
2985,0.0,2794.7517,0.3708,1.5098,0.3779
2986,0.018,3020.3011,0.6048,1.9827,0.5718
2987,0.115,2889.5312,0.4691,1.713,0.4612
2988,-0.013,2326.767,-0.1146,0.3933,-0.0799
2989,0.199,2661.553,0.2326,1.2123,0.2559
2990,-0.043,2359.6717,-0.0805,0.4788,-0.0448
2991,0.025,2022.2834,-0.4305,-0.4612,-0.4301
2992,-0.052,2893.6937,0.4735,1.7218,0.4648
2993,0.0,3048.3254,0.6339,2.039,0.5948
2994,0.255,3651.0958,1.2591,3.1384,1.0456
2995,0.012,3686.6432,1.296,3.1974,1.0698
2996,0.017,2034.3972,-0.4179,-0.4248,-0.4152
2997,0.04,2591.4136,0.1599,1.0496,0.1892
2998,-0.18,1701.7515,-0.763,-1.5124,-0.8611
2999,0.066,3869.7133,1.4859,3.4928,1.1908
3000,0.03,3533.6208,1.1373,2.9391,0.9639
3001,-0.378,2011.8657,-0.4413,-0.4927,-0.443
3002,-0.123,4106.1956,1.7312,3.8542,1.339
3003,0.098,3375.3492,0.9731,2.6599,0.8494
3004,-0.03,5215.1749,2.8816,5.3111,1.9363
3005,0.042,2784.6216,0.3603,1.4877,0.3688
3006,0.066,3201.3426,0.7926,2.3374,0.7172
3007,-0.009,2624.9929,0.1947,1.128,0.2214
3008,-0.13,2560.843,0.1282,0.9773,0.1596
3009,0.046,3119.5982,0.7078,2.1798,0.6526
3010,0.097,3607.0307,1.2134,3.0644,1.0152
3011,0.07,4402.7242,2.0388,4.2791,1.5132
3012,0.051,2217.0683,-0.2284,0.099,-0.2005
3013,-0.113,1571.9985,-0.8976,-1.9955,-1.0592
3014,0.082,1283.107,-1.1973,-3.2323,-1.5662
3015,0.432,674.0921,-1.829,-7.1513,-3.1728
3016,-0.018,2266.103,-0.1776,0.2323,-0.1458
3017,0.216,3926.987,1.5453,3.5823,1.2275
3018,0.013,413.6999,-2.0992,-10.1213,-4.3904
3019,-0.016,2311.1759,-0.1308,0.3523,-0.0966
3020,-0.02,2995.7147,0.5793,1.9329,0.5513
3021,0.053,3111.3796,0.6993,2.1637,0.646
3022,0.048,3362.6733,0.9599,2.637,0.84
3023,0.027,1799.8952,-0.6612,-1.1709,-0.7211
3024,-0.087,2437.872,0.0006,0.6774,0.0367
3025,-0.09,2422.5212,-0.0153,0.639,0.0209
3026,0.395,3289.2254,0.8838,2.5024,0.7848
3027,-0.044,2188.8424,-0.2577,0.021,-0.2325
3028,-0.083,2129.5089,-0.3193,-0.1465,-0.3011
3029,-0.017,3695.3236,1.305,3.2118,1.0756
3030,-0.01,2652.8495,0.2236,1.1923,0.2477
3031,0.014,3895.184,1.5123,3.5327,1.2072
3032,-0.055,1994.6004,-0.4592,-0.5452,-0.4646
3033,0.059,2713.1436,0.2862,1.3292,0.3039
3034,-0.229,2355.7208,-0.0846,0.4686,-0.049
3035,0.115,2378.8828,-0.0606,0.5282,-0.0245
3036,0.095,6055.9495,3.7538,6.2219,2.3097
3037,-0.168,2087.5599,-0.3628,-0.2677,-0.3508
3038,0.0,1703.42,-0.7613,-1.5065,-0.8587
3039,0.021,1816.3436,-0.6441,-1.1155,-0.6984
3040,0.058,1064.9903,-1.4235,-4.367,-2.0314
3041,0.078,998.7301,-1.4923,-4.7581,-2.1917
3042,0.193,1221.7641,-1.2609,-3.5307,-1.6885
3043,0.004,1173.6893,-1.3108,-3.7752,-1.7887
3044,-0.08,2602.34,0.1712,1.0752,0.1997
3045,-0.058,3388.84,0.9871,2.6842,0.8594
3046,0.086,1880.9417,-0.5771,-0.9026,-0.6111
3047,0.003,1460.7366,-1.013,-2.4427,-1.2425
3048,0.184,1594.6836,-0.8741,-1.9083,-1.0234
3049,-0.037,1827.1124,-0.633,-1.0795,-0.6836
3050,-0.255,2887.322,0.4668,1.7084,0.4593
3051,-0.038,3038.2889,0.6234,2.0189,0.5866
3052,0.043,4035.159,1.6575,3.7479,1.2954
3053,0.137,1481.5534,-0.9914,-2.3565,-1.2071
3054,0.034,2266.8662,-0.1768,0.2344,-0.145
3055,-0.089,5329.871,3.0006,5.4436,1.9906
3056,0.141,2220.08,-0.2253,0.1073,-0.1971
3057,0.008,517.8016,-1.9912,-8.7563,-3.8308
3058,0.026,1278.0597,-1.2025,-3.2564,-1.576
3059,0.005171583271097834,2431.304384172376,0.08362741535100784,-0.5253435138629509,9.929500543630022e-09
3060,0.017,3406.0343,-0.3581,0.88996,-0.0984
3061,-0.005,3022.28892,0.30752,-0.6283400000000001,0.1711
3062,0.003,5700.414,1.5955,4.05216,1.0094
3063,0.01,5886.1175,1.7537,4.02342,1.0784
3064,0.018,4994.4199,0.9944,3.05406,0.725
3065,-0.004,5157.0662,1.1329,3.7593699999999997,0.7939
3066,0.0,2484.5456000000004,0.21022,-0.8912100000000001,0.06565000000000003
3067,0.0,1769.3972,-1.7517,-1.8688600000000002,-1.507
3068,-0.005,2494.8001,-1.134,-0.40407000000000004,-0.7681
3069,0.015,5159.1747,1.1347,3.76999,0.7948
3070,-0.155,5016.6797,1.0133,2.84926,0.7345
3071,0.003,6039.3084,1.8841,4.510720000000001,1.1336
3072,-0.012,4286.8443,0.3919,2.7406499999999996,0.3963
3073,0.005,2908.2523,-0.782,0.5595,-0.4383
3074,-0.068,3597.1642,-0.1954,1.3027900000000001,0.019
3075,0.014,4868.3258,0.887,2.63352,0.6699
3076,0.003,4149.5902,0.275,2.1126899999999997,0.3263
3077,0.278,3671.48,-0.1321,1.6319700000000001,0.063
3078,0.028,4357.742,0.4523,2.9820100000000003,0.4316
3079,0.036,6298.8368,2.1051,3.910499999999999,1.2241
3080,0.029,4433.3495,0.5166,2.67606,0.4686
3081,-0.002,3903.0874,0.0651,1.3405200000000002,0.1946
3082,0.0,3529.3383,-0.2531,1.35732,-0.0219
3083,0.002,3566.6516,-0.2214,1.80976,0.0007
3084,0.005,3090.73026,0.21049,-0.6710900000000001,0.21378000000000003
3085,-0.004,4496.4534,0.5704,2.6199500000000002,0.499
3086,-0.051,2442.50194,-0.13446000000000002,-0.94208,-0.1352
3087,0.026,4116.1601,0.2465,2.1786399999999997,0.3089
3088,-0.002,2647.9990000000007,-0.002680000000000038,-1.4356600000000002,-0.04530999999999998
3089,-0.003,2015.9803,-1.5417,-1.07518,-1.2264
3090,0.029300000000000003,3595.3107,-0.197,1.35107,0.0179
3091,-0.029,4328.601,0.4274,1.8572099999999998,0.4172
3092,-0.007,2906.2941,-0.7836,0.23582,-0.4397
3093,0.0,3477.3685,-0.2974,0.9598800000000001,-0.0539
3094,0.001,3895.0898,0.0583,1.94488,0.1902
3095,-0.038,4978.5232,0.9808,2.9981400000000002,0.7181
3096,0.003,5467.212,1.397,3.738829999999999,0.9195
3097,-0.002,2519.8338,-1.1127,-0.042259999999999985,-0.7466
3098,0.004,2649.1731,-1.0026,0.44959,-0.639
3099,-0.006,6399.3211,2.1906,4.5751,1.2582
3100,0.07569999999999999,3609.0486,-0.1853,1.4471,0.0261
3101,-0.003,3915.1425,0.0754,2.1642900000000003,0.2012
3102,0.001,3624.2579,-0.1723,1.12722,0.0351
3103,0.003,4160.9385,0.2847,2.0319599999999998,0.3322
3104,0.038400000000000004,3376.3485,-0.3834,1.35398,-0.1173
3105,-0.014,3295.3681,-0.4524,1.03078,-0.1695
3106,0.039,6792.5221,2.5254,4.894329999999999,1.3865
3107,0.009,2358.17819,-0.19759000000000004,-0.9018800000000002,-0.2807
3108,0.003,3293.358,-0.4541,1.34164,-0.1708
3109,0.002,5811.9273,1.6905,4.132620000000001,1.0511
3110,-0.002,3082.064,-0.634,1.23068,-0.3134
3111,0.036,3785.9006,-0.0347,2.1140999999999996,0.129
3112,-0.002,1559.3295,-1.9306,-2.28001,-1.7788
3113,-0.111,4992.6365,0.9929,3.05406,0.7242
3114,0.005,4131.8368,0.2599,1.79131,0.3171
3115,-0.002,4364.5509,0.458,2.91281,0.435
3116,-0.054,4077.7911,0.2139,2.0598599999999996,0.2888
3117,0.041,2494.8183,-1.134,-0.40407000000000004,-0.7681
3118,0.003,2496.9715,-1.1322,-0.7571399999999999,-0.7662
3119,0.06,5837.276,1.7121,3.9739700000000004,1.0604
3120,0.049,2319.18993,0.1109,-0.60558,0.014929999999999999
3121,0.027,3944.18,0.1001,1.80702,0.2171
3122,0.001,2624.6186,-1.0235,-0.0016200000000000214,-0.659
3123,0.001,5708.3956,1.6023,4.299239999999999,1.0124
3124,-0.016,3819.9885,-0.0056,2.00343,0.1483
3125,0.006,3578.6189,-0.2112,1.46504,0.0079
3126,-0.004,3234.3247,-0.5043,1.5350800000000002,-0.2097
3127,-0.003,1735.808,-1.7803,-2.18041,-1.5482
3128,-0.028,2607.8402,-1.0378,0.04703999999999997,-0.6728
3129,0.006,3454.8437,-0.3166,0.8508799999999999,-0.0678
3130,-0.067,5456.7939,1.3881,3.7651000000000003,0.9154
3131,-0.007,4362.8101,0.4566,2.91281,0.4341
3132,0.005171583271097834,2431.304384172376,0.08362741535100784,-0.5253435138629509,9.929500543630022e-09
3133,0.007,2741.3779,-0.9241,-0.17165000000000002,-0.5654
3134,-0.003,2670.08859,0.20233999999999996,-0.9130900000000001,0.24846000000000004
3135,0.006,3275.3764,-0.4694,1.23821,-0.1826
3136,-0.004,3661.0968,-0.1409,1.5559100000000001,0.0569
3137,0.005,4289.8367,0.3944,2.7406500000000005,0.3978
3138,-0.037,4465.0658,0.5436,2.67723,0.4839
3139,0.238,2678.9618,0.26809,-1.17139,-0.051889999999999915
3140,0.006,3049.2132,-0.662,0.41740000000000005,-0.3365
3141,-0.169,5788.3396,1.6704,4.1909600000000005,1.0423
3142,-0.019,4255.077,0.3648,2.4678299999999997,0.3803
3143,-0.027,4350.4796,0.4461,2.5982800000000004,0.428
3144,-0.014,3812.4339,-0.0121,2.2113799999999997,0.144
3145,-0.015,3994.8425,0.1432,1.51891,0.2446
3146,0.008,4062.0305,0.2005,1.46243,0.2804
3147,0.1435,4284.5137,0.3899,2.31087,0.3951
3148,0.001,2678.2648200000003,0.21932999999999997,-0.84222,0.27066999999999997
3149,-0.004,2478.53859,0.16130000000000003,0.051930000000000046,0.05200999999999998
3150,-0.042,2594.8598100000004,0.4251600000000001,-0.34931000000000006,0.29192
3151,0.003,3674.3687,-0.1296,1.37655,0.0647
3152,0.011,3468.3697,-0.305,0.52507,-0.0594
3153,0.007,3081.8637,-0.6342,1.23068,-0.3136
3154,0.045,3885.2582,0.0499,1.7095100000000003,0.1847
3155,0.01,3649.1144,-0.1511,0.9860499999999999,0.0498
3156,-0.007,2872.4559,-0.8125,0.19773,-0.4649
3157,0.089,3983.5526,0.1336,1.47639,0.2385
3158,0.003,3781.4782,-0.0384,2.01429,0.1265
3159,0.045,4067.0119,0.2047,1.86335,0.2831
3160,0.0,2484.5456000000004,0.21022,-0.8912100000000001,0.06565000000000003
3161,0.001,2678.2648200000003,0.21932999999999997,-0.84222,0.27066999999999997
3162,-0.003,2670.08859,0.20233999999999996,-0.9130900000000001,0.24846000000000004
3163,-0.058,3182.2852,-0.5486,0.7645500000000001,-0.2446
3164,-0.013,3969.966,0.1221,1.6119800000000002,0.2311
3165,0.033,1594.8569,-1.9003,-1.6548200000000002,-1.7303
3166,0.008,2463.139,-1.161,-0.17726999999999998,-0.7956
3167,0.029,6251.622,2.0649,3.910499999999999,1.208
3168,0.037,5157.4011,1.1332,3.7593699999999997,0.794
3169,0.0,5457.1285,1.3884,3.7650999999999994,0.9156
3170,-0.003,3424.6626,-0.3423,1.07485,-0.0867
3171,0.038,4822.0058,0.8476,2.6151000000000004,0.6494
3172,0.0,6220.1432,2.0381,3.6456900000000005,1.1971
3173,-0.040100000000000004,2800.0918,-0.8741,0.6006300000000001,-0.5198
3174,0.012,3265.844,-0.4775,1.43236,-0.1888
3175,-1.29,63.6761,-3.2041,-10.801110000000001,-8.6281
3176,0.002,3042.0217,-0.6681,0.7818400000000001,-0.3416
3177,-0.004,2478.53859,0.16130000000000003,0.051930000000000046,0.05200999999999998
3178,-0.004,2478.53859,0.16130000000000003,0.051930000000000046,0.05200999999999998
3179,-0.005,4081.0303,0.2166,1.92152,0.2905
3180,-0.012,2203.2302,-1.3823,-0.5944100000000001,-1.0354
3181,0.04,2528.3541400000004,0.37746,-1.49889,0.1242
3182,0.003,2947.5588,-0.7485,0.30587,-0.4094
3183,-0.069,4640.3988,0.6929,2.55729,0.5668
3184,-0.617,4545.8818,0.6125,2.18078,0.5225
3185,0.005,3323.4341,-0.4285,1.2046800000000002,-0.1512
3186,0.005,3169.7925,-0.5593,0.7165099999999999,-0.2531
3187,-0.01,2938.6434,-0.7561,0.05518000000000003,-0.4159
3188,0.005,3962.5145,0.1157,1.81374,0.2271
3189,-0.015,2712.0658,-0.949,0.15078,-0.5885
3190,-0.037,2964.7877,-0.7338,0.32083000000000006,-0.3969
3191,0.004,5509.3526,1.4328,3.8266199999999997,0.9361
3192,0.0,1463.7704,-2.0119,-2.19038,-1.9147
3193,-0.015,5235.7257,1.1998,3.9697700000000005,0.8265
3194,-0.131,4572.4695,0.6351,2.1860299999999997,0.5351
3195,-0.003,4209.0402,0.3256,2.32027,0.3569
3196,-0.125,5150.4963,1.1273,3.7593699999999997,0.7912
3197,0.002,3583.5984,-0.2069,1.7056,0.0109
3198,0.075,4386.7175,0.4769,2.0210100000000004,0.4459
3199,-0.055,4738.8526,0.7768,2.6482400000000004,0.612
3200,0.011,2916.84589,0.33057,0.11556999999999999,0.38577
3201,-0.004,4309.3146,0.411,2.19641,0.4076
3202,-0.01,2323.2385999999997,0.08265999999999998,-1.1183599999999998,0.009370000000000012
3203,-0.004,4278.3291,0.3846,2.8264199999999997,0.392
3204,-0.002,4251.4131,0.3617,2.4678299999999997,0.3785
3205,0.001,4559.7196,0.6242,2.15092,0.5291
3206,-0.031,2128.5262,-1.4459,-0.99989,-1.1096
3207,0.0,3260.8684,-0.4817,0.38617999999999997,-0.1921
3208,-0.006,4882.2072,0.8988,2.47907,0.6761
3209,-0.013,2896.4847,-0.792,0.47974999999999995,-0.447
3210,-0.003,2670.08859,0.20233999999999996,-0.9130900000000001,0.24846000000000004
3211,0.006,6594.3437,2.3567,5.06499,1.3228
3212,-0.005,5488.9791,1.4155,3.738829999999999,0.9281
3213,0.004,975.1182,-2.428,-4.068849999999999,-2.788
3214,-0.007,4256.6097,0.3661,2.47017,0.3811
3215,0.003,4960.7609,0.9657,3.05563,0.7104
3216,-0.003,3792.3752,-0.0292,1.8933500000000003,0.1327
3217,-0.004,2478.53859,0.16130000000000003,0.051930000000000046,0.05200999999999998
3218,-0.007,1804.5451,-1.7218,-1.1930100000000001,-1.4647
3219,0.001,4550.0776,0.616,2.17288,0.5245
3220,0.0,3482.1586,-0.2933,1.1689,-0.0509
3221,0.003,1654.1353,-1.8499,-2.4359499999999996,-1.6518
3222,0.0,3503.2272,-0.2754,1.2498,-0.0379
3223,0.0,2484.5456000000004,0.21022,-0.8912100000000001,0.06565000000000003
3224,-0.003,725.0935,-2.6409,-5.4317,-3.4247
3225,-0.006,3058.4162,-0.6541,0.47363,-0.33
3226,0.004,1919.8627,-1.6236,-1.4381,-1.3315
3227,0.0,1203.9652,-2.2332,-3.0566500000000003,-2.3349
3228,-0.034100000000000005,2609.1898,-1.0366,-0.03719999999999999,-0.6717
3229,-0.004,4510.0301,0.5819,2.5952399999999995,0.5055
3230,-0.0671,3323.0248,-0.4288,1.2046800000000002,-0.1515
3231,0.002,3373.5298,-0.3858,1.19662,-0.1191
3232,-0.001,4419.4529,0.5048,2.9010100000000003,0.4619
3233,0.001,2910.1194,-0.7804,0.72305,-0.4369
3234,-0.007,2841.893,-0.8385,0.25683999999999996,-0.4879
3235,0.004,2756.0418,-0.9116,-0.25473999999999997,-0.5539
3236,0.007,3189.8006,-0.5422,0.57239,-0.2395
3237,0.002,3814.1955,-0.0106,2.0148900000000003,0.145
3238,-0.005,3022.28892,0.30752,-0.6283400000000001,0.1711
3239,-0.003,2855.066,-0.8273,0.55655,-0.478
3240,0.006,4134.259,0.262,1.7817500000000002,0.3184
3241,0.001,4081.4204,0.217,1.92152,0.2907
3242,0.005,4010.951,0.157,2.7018299999999997,0.2532
3243,0.001,3102.9976,-0.6162,0.8164700000000001,-0.2989
3244,-0.004,4205.9473,0.323,2.25307,0.3553
3245,-0.007,4571.9439,0.6346,2.1860299999999997,0.5348
3246,0.003,2733.08003,0.14683000000000002,-0.55551,0.16467
3247,0.003,3663.595,-0.1388,1.80526,0.0584
3248,-0.003,4073.1456,0.2099,1.9945599999999999,0.2863
3249,-0.011,4154.9423,0.2796,1.8168599999999997,0.3291
3250,0.003,5599.599,1.5097,4.02045,0.971
3251,0.002,4397.0162,0.4857,2.5177500000000004,0.4509
3252,-0.007,2381.9488,-1.2301,-0.22939000000000004,-0.8677
3253,-1.29,4236.1224,0.3487,2.15386,0.3707
3254,0.022,3526.8118,-0.2553,1.4482399999999997,-0.0235
3255,-0.002,4371.4775,0.4639,2.21419,0.4384
3256,0.0,4761.7958,0.7963,2.69477,0.6224
3257,0.003,3206.059,-0.5284,0.9307299999999998,-0.2286
3258,-0.002,4977.9528,0.9804,2.9981400000000002,0.7179
3259,0.024,3252.82,0.6888,-0.0666,0.6843
3260,0.027,2949.56,0.3579,-0.4214,0.436
3261,0.064,2066.13,-0.6061,-1.7118,-0.4674
3262,-0.011,1643.98,-1.0667,-2.5402,-1.0473
3263,0.043,3057.19,0.4754,-0.2915,0.5269
3264,-0.551,3134.31,0.5595,-0.2012,0.5901
3265,-0.183,3257.89,0.6944,-0.061,0.6883
3266,0.001,3370.45,0.8172,0.0622,0.7745
3267,0.011,1834.61,-0.8587,-2.1426,-0.7689
3268,-0.022,3358.78,0.8045,0.0496,0.7657
3269,0.014,3260.95,0.6977,-0.0576,0.6907
3270,0.002,4016.9,1.5226,0.6983,1.2198
3271,0.023,2714.33,0.1012,-0.7227,0.225
3272,0.003,2706.36,0.0925,-0.7334,0.2176
3273,-0.046,1431.16,-1.2989,-3.0426,-1.399
3274,-0.033,2083.88,-0.5867,-1.6808,-0.4457
3275,0.028,492.66,-2.323,-6.9051,-4.1029
3276,-0.059,1545.56,-1.1741,-2.7639,-1.2039
3277,-0.075,1687.28,-1.0195,-2.446,-0.9813
3278,0.008,2060.98,-0.6117,-1.7209,-0.4737
3279,-0.181,3205.04,0.6367,-0.1203,0.6468
3280,0.005,1211.69,-1.5384,-3.6459,-1.8213
3281,0.019,712.22,-2.0834,-5.5708,-3.1689
3282,-0.004,863.955,-1.9179,-4.8713,-2.6792
3283,-0.009,1200.97,-1.5501,-3.6781,-1.8439
3284,0.038,1529.82,-1.1913,-2.801,-1.2299
3285,-0.021,1399.75,-1.3332,-3.123,-1.4553
3286,-0.035,1816.0,-0.879,-2.1795,-0.7948
3287,0.019,1496.91,-1.2272,-2.8798,-1.2851
3288,0.047,2123.63,-0.5433,-1.6123,-0.3977
3289,-0.117,2904.75,0.309,-0.4769,0.3971
3290,-0.204,1449.48,-1.279,-2.9965,-1.3668
3291,0.217,2853.84255,0.77438,1.03131,0.5407400000000001
3292,-0.021,1209.68,-1.5406,-3.6519,-1.8255
3293,0.0,3098.37,0.5203,-0.243,0.5609
3294,0.017,928.965,-1.8469,-4.6085,-2.4952
3295,0.151,2690.54,0.0753,-0.7546,0.2027
3296,0.037,2414.5,-0.2259,-1.147,-0.072
3297,0.005,2866.61,0.2674,-0.5248,0.3636
3298,0.032,1232.37,-1.5159,-3.5845,-1.7784
3299,-0.042,1915.6,-0.7703,-1.986,-0.6593
3300,0.099,1729.54,-0.9734,-2.3563,-0.9186
3301,-0.11,2273.34,-0.38,-1.3654,-0.2249
3302,0.0,1209.43,-1.5409,-3.6526,-1.826
3303,0.015,2146.26,-0.5186,-1.5739,-0.3708
3304,-0.173,1135.6,-1.6215,-3.8808,-1.9858
3305,-0.031,2161.56,-0.5019,-1.5481,-0.3528
3306,-0.012,2076.38,-0.5949,-1.6939,-0.4548
3307,0.087,1895.75,-0.5618,-0.8548,-0.5915
3308,0.062,3094.68,0.6819,2.1309,0.6325
3309,0.14,1916.45,-0.5403,-0.7887,-0.5644
3310,0.005,1257.55,-1.2238,-3.3549,-1.6164
3311,-0.022,1761.82,-0.7007,-1.3011,-0.7745
3312,0.017,1425.34,-1.0497,-2.5921,-1.3037
3313,0.007,2824.97,0.4022,1.5753,0.4048
3314,0.0,2097.03,-0.353,-0.2401,-0.3395
3315,0.033,2804.49,0.3809,1.531,0.3866
3316,-0.005,1795.26,-0.666,-1.1866,-0.7275
3317,0.563,6569.73,4.2868,6.7182,2.5131
3318,-0.023,1638.4,-0.8287,-1.7435,-0.9558
3319,0.192,3592.34,1.1982,3.0395,1.005
3320,-0.033,2613.45,-0.0947,1.1012,0.2104
3321,0.046,2810.78871,0.6178300000000001,0.24367,0.5352499999999999
3322,-0.005,2974.43,0.2642,1.8895,0.5335
3323,-0.041,2794.2627,0.085,1.5087,0.3775
3324,0.128,3828.8909,1.1138,3.4281,1.1643
3325,0.392,4139.35,1.4225,3.9032,1.3591
3326,0.0,2019.747,-0.6851,-0.4688,-0.4333
3327,-0.03,2946.49,0.2364,1.832,0.51
3328,-0.056,2078.05,-0.6271,-0.2955,-0.3622
3329,0.114,2885.2,0.1755,1.7039,0.4575
3330,-0.007,3299.62,0.5875,2.5216,0.7927
3331,0.097,3356.54,0.6441,2.6259,0.8354
3332,0.007,3518.14,0.8048,2.9124,0.9529
3333,0.108,3588.37,0.8747,3.0328,1.0023
3334,-0.018,2012.83,-0.692,-0.4897,-0.4418
3335,-0.102,3003.64,0.2932,1.949,0.5579
3336,0.079,3434.4513,0.7216,2.7657,0.8927
3337,-0.264,2019.4049,-0.6854,-0.4699,-0.4337
3338,-0.244,2702.4183,-0.0063,1.3051,0.294
3339,0.02,1700.6348,-1.0024,-1.5164,-0.8627
3340,-0.019,1836.8246,-0.867,-1.0472,-0.6704
3341,-0.029,3713.9709,0.9996,3.2424,1.0882
3342,-0.085,2084.2138,-0.621,-0.2774,-0.3548
3343,0.645,2806.2075,0.0969,1.5347,0.3881
3344,0.017,1621.1409,-1.0814,-1.808,-0.9823
3345,-0.02,2431.0694,-0.2761,0.6604,0.0297
3346,-0.21,2435.32,-0.2719,0.6711,0.034
3347,0.14,2785.0,0.0758,1.4885,0.3692
3348,-0.081,2609.875,-0.0983,1.0928,0.2069
3349,0.518,2950.9318,0.2408,1.8411,0.5137
3350,0.018,1604.5089,-1.098,-1.8709,-1.008
3351,0.008,1879.9006,-0.8241,-0.906,-0.6125
3352,-0.127,2104.4166,-0.6009,-0.2187,-0.3307
3353,0.108,2345.7077,-0.361,0.4426,-0.0596
3354,-0.134,3031.5469,0.321,2.0053,0.581
3355,0.041,3787.7402,1.0729,3.3623,1.1373
3356,0.065,3104.2267,0.3933,2.1497,0.6402
3357,0.281,2510.1007,-0.1975,0.8553,0.1096
3358,0.046,2481.0,-0.2264,0.7843,0.0805
3359,-0.074,1163.0468,-1.5369,-3.8306,-1.8115
3360,-0.083,574.6365,-2.122,-8.1226,-3.571
3361,-0.023,1229.6591,-1.4707,-3.4915,-1.6724
3362,0.001,3224.7,0.5131,2.3817,0.7353
3363,-0.115,3387.76,0.6752,2.6823,0.8586
3364,-0.03,3688.96,0.9747,3.2013,1.0713
3365,0.034,999.9829,-1.6991,-4.7505,-2.1886
3366,0.213,1460.3301,-1.2413,-2.4444,-1.2432
3367,-0.002,1025.0216,-1.6742,-4.5999,-2.1268
3368,-0.458,522.6676,-2.1737,-8.6994,-3.8075
3369,0.373,1033.8444,-1.6654,-4.5477,-2.1055
3370,-0.002,2152.3183,-0.5533,-0.0815,-0.2745
3371,-0.011,2123.3047,-0.5821,-0.1642,-0.3084
3372,-0.001,1536.5384,-1.1656,-2.1345,-1.1161
3373,0.309,5258.6461,2.5355,5.3616,1.957
3374,0.043,1372.4459,-1.3287,-2.8224,-1.3981
3375,0.0,2541.9232,-0.1659,0.9321,0.141
3376,0.04,4806.275,2.0857,4.8135,1.7323
3377,-0.031,1718.9497,-0.9842,-1.4512,-0.836
3378,0.025,3393.63,0.681,2.6928,0.8629
3379,-0.069,1899.8919,-0.8043,-0.8415,-0.5861
3380,-0.352,1181.2752,-1.5188,-3.7359,-1.7727
3381,0.003,2957.0307,0.2469,1.8537,0.5189
3382,-0.007,2115.6043,-0.5898,-0.1864,-0.3175
3383,1.13,3095.0441,0.3841,2.1317,0.6328
3384,-0.009,3971.7738,1.2559,3.6514,1.2559
3385,-0.108,2082.8942,-0.6223,-0.2813,-0.3564
3386,-0.391,2535.14,-0.1726,0.9158,0.1344
3387,0.171,3971.69,1.2558,3.6513,1.2558
3388,0.026,2340.4542,-0.3662,0.429,-0.0652
3389,-0.252,2248.8859,-0.4572,0.1858,-0.1649
3390,-0.038,2763.2851,0.0542,1.4408,0.3496
3391,-0.108,1978.4153,-0.7262,-0.5948,-0.4849
3392,-0.092,2237.7377,-0.4683,0.1556,-0.1773
3393,0.376,2175.7295,-0.53,-0.0156,-0.2475
3394,0.336,1583.9027,-1.1185,-1.9496,-1.0403
3395,0.047,2687.7265,-0.0209,1.2719,0.2804
3396,-0.103,2225.424,-0.4806,0.1219,-0.1911
3397,-0.263,2413.7141,-0.2933,0.6168,0.0118
3398,-0.165,3311.5569,0.5994,2.5436,0.8017
3399,-0.324,3372.6917,0.6602,2.6551,0.8474
3400,-0.063,2677.242,-0.0313,1.2481,0.2706
3401,0.025,2215.0586,-0.4909,0.0935,-0.2027
3402,-0.06,2564.5702,-0.1433,0.9861,0.1632
3403,0.004,3608.9781,0.8952,3.0677,1.0166
3404,0.052,2703.5143,-0.0052,1.3076,0.295
3405,1.13,2879.2404,0.1695,1.6913,0.4523
3406,0.122,2182.1511,-0.5236,0.0023,-0.2401
3407,-0.11,2492.59,-0.2149,0.8127,0.0921
3408,0.015,2289.37,-0.417,0.2945,-0.1203
3409,0.0,2853.43,0.1439,1.6364,0.4298
3410,0.148,3136.57,0.4254,2.2129,0.6661
3411,0.07,4172.84,1.4558,3.9523,1.3792
3412,-0.015,4916.51,2.1953,4.9517,1.7889
3413,-0.102,2987.6451,1.2086,0.364,1.0996
3414,0.181,2193.06,0.1596,-1.0617,0.3216
3415,0.073,1845.4454,-0.2993,-1.8574,-0.1126
3416,-0.107,2876.3447,1.0617,0.1889,1.0041
3417,0.004,3008.7519,1.2365,0.3964,1.1174
3418,-0.1,2325.36,0.3343,-0.7916,0.469
3419,0.04,4801.5026,3.6033,2.5519,2.2937
3420,0.001,1878.5,-0.2557,-1.7755,-0.0679
3421,0.0,1007.64,-1.4054,-4.6466,-1.6348
3422,-0.132,1337.56,-0.9698,-3.3412,-0.9224
3423,-0.004,1185.02,-1.1712,-3.8993,-1.2269
3424,-0.055,2648.26,0.7606,-0.1921,0.7962
3425,-0.007,995.521,-1.4214,-4.7023,-1.6652
3426,0.088,1168.72,-1.1927,-3.9631,-1.2618
3427,-0.047,2476.98,0.5344,-0.5004,0.6279
3428,-0.001,2418.26,0.4569,-0.611,0.5676
3429,-0.005,1356.18,-0.9452,-3.2774,-0.8876
3430,-0.159,1306.52,-1.0108,-3.4494,-0.9814
3431,-0.093,1863.85,-0.275,-1.8116,-0.0876
3432,0.0,1469.51,-0.7956,-2.9075,-0.6857
3433,0.081,2061.62,-0.0139,-1.3467,0.1661
3434,0.005,2119.0,0.0618,-1.2201,0.2352
3435,-0.048,2215.82,0.1897,-1.0141,0.3476
3436,0.102,2652.38,0.766,-0.1849,0.8001
3437,-0.058,2239.86,0.2214,-0.9643,0.3747
3438,-0.001,2186.67,0.1512,-1.0752,0.3143
3439,0.003,2031.66,-0.0535,-1.4142,0.1293
3440,0.075,2281.09,0.2758,-0.8802,0.4206
3441,0.107,2472.84,0.529,-0.5081,0.6237
3442,-0.429,1036.97,-1.3667,-4.5143,-1.5626
3443,0.001,2236.48,0.2169,-0.9713,0.3709
3444,0.002,3027.07,1.2607,0.4244,1.1326
3445,-0.068,2158.7,0.1142,-1.1345,0.2819
3446,-0.004,1465.13,-0.8014,-2.9213,-0.6932
3447,-0.001,1485.01,-0.7752,-2.8591,-0.6593
3448,0.142,1784.15,-0.3802,-2.0131,-0.1976
3449,-0.082,1783.91,-0.8616,-3.5749,-0.772
3450,-0.096,2622.97,0.0717,-1.0197,0.2523
3451,0.748,7571.43,5.576,6.0081,3.0697
3452,-0.174,2290.92,-0.2976,-1.9169,-0.1073
3453,0.017,2448.2562900000003,-0.08585000000000001,0.14189000000000002,-0.16283999999999998
3454,-0.027,3510.95,1.0594,0.9131,1.0272
3455,0.0,3560.87,1.115,1.0067,1.0647
3456,-0.059,2444.62,-0.1267,-1.4865,0.0652
3457,-0.626,1485.45,-1.1936,-4.7882,-1.2584
3458,1.05,373.423,-2.4305,-13.931,-4.9236
3459,-0.075,4042.45,1.6506,1.8476,1.4018
3460,0.071,2652.41,0.1045,-0.9458,0.282
3461,-0.461,1673.66,-0.9842,-3.9977,-0.9415
3462,-0.232,2490.72,-0.0754,-1.3627,0.1149
3463,-0.011,2074.97,-0.5378,-2.5732,-0.3704
3464,-0.016,2129.55,-0.4771,-2.4011,-0.3014
3465,0.366,1318.57,-1.3792,-5.5779,-1.575
3466,-0.036,2715.19,0.1743,-0.7907,0.3442
3467,-0.023,2588.21,0.0331,-1.1082,0.2169
3468,-0.05,2923.88,0.4064,-0.2998,0.5409
3469,-0.085,3549.79,1.1026,0.9861,1.0564
3470,-0.027,2573.71,0.0169,-1.1454,0.202
3471,-0.047,2725.29,0.1855,-0.7661,0.354
3472,-0.249,2537.05,-0.0238,-1.2405,0.1638
3473,-0.243,1183.82,-0.6116,-4.732,-0.3768
3474,0.001,4285.16,4.5074,4.8902,2.4824
3475,0.29,1286.27,-0.4425,-4.1114,-0.1924
3476,0.087,1911.23,0.589,-1.1498,0.6876
3477,-0.001,1690.03,0.2239,-2.0698,0.4143
3478,0.044,1230.57,-0.5344,-4.4424,-0.2908
3479,-0.11,2538.2,0.1047,0.9232,0.1374
3480,0.071,2033.46,-0.4189,-0.4276,-0.4164
3481,-0.035,2014.99,-0.6619,-1.8027,-0.531
3482,0.159,2366.56,-0.2782,-1.2197,-0.1229
3483,-0.167,2966.8,0.3767,-0.4003,0.4507
3484,-0.043,2067.78,-0.6043,-1.7089,-0.4654
3485,0.032,2169.3,-0.4935,-1.5352,-0.3437
3486,0.649,3698.88,1.1756,0.3993,1.0105
3487,0.0,1608.8,-1.1051,-2.6186,-1.1022
3488,-0.047,1663.12,-1.0458,-2.4983,-1.0179
3489,-0.239,3110.28,0.5333,-0.2291,0.5706
3490,-0.262,1983.21,-0.6966,-1.8603,-0.5713
3491,-0.714,1869.57,-0.8206,-2.0742,-0.721
3492,-0.09,1250.71,-1.4958,-3.531,-1.7409
3493,-0.23,1871.07,-0.8189,-2.0713,-0.719
3494,0.084,2521.29,-0.1094,-0.9901,0.0378
3495,-0.238,3352.55,0.7977,0.0429,0.761
3496,-0.335,2503.76,-0.1285,-1.0154,0.0201
3497,0.011,2347.66,-0.2989,-1.2488,-0.1432
3498,-0.19,3002.4,0.4156,-0.357,0.481
3499,0.027,2785.15,0.1785,-0.6293,0.2904
3500,-0.083,1573.47,-1.1437,-2.6991,-1.1585
3501,-0.003,2399.84,-0.2419,-1.1691,-0.0875
3502,-0.014,3370.58,0.8173,0.0623,0.7746
3503,0.184,2057.95,-0.615,-1.7262,-0.4775
3504,-0.259,2431.11,-0.2078,-1.1222,-0.0546
3505,0.0,3115.41,0.5389,-0.2231,0.5748
3506,-0.195,1811.48,-0.8839,-2.1886,-0.8011
3507,0.126,3774.66,1.2583,0.4728,1.0619
3508,0.0,3630.9,1.1014,0.332,0.9634
3509,0.045399999999999996,1731.08,-0.9717,-2.3531,-0.9163
3510,0.153,2402.05,-0.2395,-1.1658,-0.0851
3511,0.008,3641.84,1.1133,0.3429,0.971
3512,0.033,3243.83,0.679,-0.0767,0.6773
3513,-0.079,2778.46,0.1712,-0.638,0.2843
3514,0.02,2355.11,-0.2907,-1.2373,-0.1352
3515,-0.073,2541.57,-0.0873,-0.9611,0.0582
3516,-0.263,3827.44,1.3159,0.5231,1.0972
3517,-0.119,3032.05,0.4479,-0.3214,0.506
3518,-0.013,3123.78,0.548,-0.2134,0.5816
3519,-0.047,2375.41,-0.2686,-1.2062,-0.1134
3520,-0.068,2825.97,0.2231,-0.5766,0.3273
3521,-0.05,2495.52,-0.1375,-1.0274,0.0118
3522,-0.168,2014.52,-0.6624,-1.8035,-0.5316
3523,0.164,3381.22,0.8289,0.0737,0.7826
3524,-0.018,3615.99,1.0851,0.3171,0.953
3525,-0.233,2030.38,-0.6451,-1.7751,-0.5117
3526,0.091,1733.38,-0.9692,-2.3483,-0.913
3527,0.002,2763.5,0.1549,-0.6576,0.2706
3528,-0.019,3109.02,0.5319,-0.2305,0.5696
3529,1.57,3646.39,1.1183,0.3474,0.9742
3530,-0.113,3165.17,0.5932,-0.1657,0.615
3531,0.175,3283.16,0.7219,-0.033,0.7079
3532,-0.064,2858.42,0.2585,-0.5352,0.3563
3533,0.124,2808.45,0.2039,-0.5991,0.3115
3534,-0.082,2982.46,0.3938,-0.3812,0.4641
3535,-0.045,2497.4,-0.1355,-1.0246,0.0137
3536,0.361,2235.65,-0.4211,-1.426,-0.2673
3537,-0.169,3361.69,0.8076,0.0527,0.7679
3538,-0.079,1822.16,-0.8723,-2.1673,-0.7862
3539,0.011,3767.08,1.25,0.4655,1.0568
3540,-0.069,3932.27,1.4302,0.6211,1.1658
3541,0.198,1590.26,-1.1253,-2.6606,-1.1316
3542,0.003,3374.33,0.8214,0.0663,0.7774
3543,-0.068,3729.8,1.2093,0.4294,1.0316
3544,-0.134,3883.76,1.3773,0.5761,1.1343
3545,-0.184,3400.79,0.8503,0.0947,0.7972
3546,0.093,1778.95,-0.9194,-2.2542,-0.8471
3547,-0.131,1267.43,-1.4776,-3.4829,-1.7072
3548,0.361,3466.9,0.9224,0.1644,0.8461
3549,0.077,2103.39,-0.5654,-1.647,-0.422
3550,-0.068,1786.46,-0.9112,-2.239,-0.8364
3551,0.133,2832.02,0.2297,-0.5688,0.3328
3552,-0.065,1869.11,-0.8211,-2.075,-0.7217
3553,0.067,2949.51,0.3579,-0.4215,0.4359
3554,0.225,2115.66,-0.552,-1.6259,-0.4073
3555,0.052,2387.6,-0.2553,-1.1876,-0.1004
3556,0.042,2659.84,0.0418,-0.7962,0.1736
3557,0.152,2544.62,-0.0839,-0.9567,0.0612
3558,0.054,2342.4,-0.3046,-1.2569,-0.1489
3559,0.001,3005.76,0.4192,-0.353,0.4839
3560,0.002,5317.16,2.9414,1.715,1.9316
3561,-0.005,4021.28,1.5274,0.7022,1.2226
3562,0.671,3141.36,0.5672,-0.193,0.5958
3563,0.195,1628.09,-1.0841,-2.5754,-1.0719
3564,0.0,5505.41,3.1468,1.8412,2.0199
3565,-0.09,1974.14,-0.7064,-1.8769,-0.583
3566,0.04,2643.293,0.754,-0.2007,0.7915
3567,-0.128,1724.6492,-0.4588,-2.1695,-0.2829
3568,0.001,3627.5971,2.0535,1.259,1.5881
3569,-0.014,2107.4787,0.0466,-1.2452,0.2214
3570,-0.001,2835.9325,1.0083,0.1237,0.9685
3571,0.59,1333.3443,-0.9754,-3.3557,-0.9303
3572,-0.174,1119.2181,-1.2581,-4.1626,-1.3706
3573,-0.081,1280.956,-1.0446,-3.5405,-1.0311
3574,-0.154,824.726,-1.6469,-5.5696,-2.1385
3575,-0.001,2700.961,0.8301,-0.1012,0.8458
3576,0.013,1953.6846,-0.1564,-1.5946,0.0308
3577,0.073,3415.4789,1.7734,0.9811,1.4364
3578,0.741,1617.4984,-0.6003,-2.4652,-0.4443
3579,-0.042,2370.6904,0.3941,-0.7026,0.5176
3580,0.092,1544.6134,-0.6965,-2.6777,-0.5603
3581,0.029,1383.517,-0.9092,-3.1855,-0.8374
3582,-0.12,1611.8436,-0.6077,-2.4813,-0.4531
3583,-0.002,3065.8309,1.3118,0.4831,1.1646
3584,0.01,3947.414,2.4757,1.6486,1.8007
3585,0.004,1202.2549,-1.1485,-3.8327,-1.1906
3586,0.027,980.5646,-1.4411,-4.7721,-1.7033
3587,0.056,1599.8407,-0.6236,-2.5158,-0.4719
3588,-0.001,2287.7284,0.2846,-0.8668,0.4279
3589,0.038,1423.7814,-0.856,-3.0532,-0.7652
3590,0.119,2066.4193,-0.0076,-1.3359,0.1719
3591,-0.004,1554.8926,-0.6829,-2.6471,-0.5436
3592,0.03,2325.15058,0.02203999999999996,-2.26302,0.011980000000000024
3593,-0.005,3019.0128,1.25,0.4121,1.1259
3594,0.0,1622.6407,-0.5935,-2.4505,-0.4363
3595,0.0,1641.3828,-0.5687,-2.3976,-0.4074
3596,0.002,2351.3945,0.3686,-0.7403,0.497
3597,0.0,2804.5428,0.9669,0.0723,0.9405
3598,0.027,2152.1065,0.1055,-1.1486,0.2742
3599,0.168,2377.2655,0.4028,-0.6898,0.5246
3600,0.049,2520.1449,0.5914,-0.4207,0.6714
3601,0.172,3175.5982,1.4568,0.6453,1.2532
3602,0.001,2556.765,0.6398,-0.3542,0.7077
3603,0.013,3361.4599,1.7021,0.9076,1.3963
3604,0.006,2924.974,1.1259,0.2662,1.0463
3605,0.044,2209.5107,0.1813,-1.0272,0.3404
3606,0.016,1654.5388,-0.5514,-2.3608,-0.3874
3607,0.119,2222.9915,0.1991,-0.9992,0.3557
3608,0.0,1383.04,-0.9098,-3.187,-0.8383
3609,0.185,2035.2,-0.0488,-1.4061,0.1336
3610,-0.033,3734.94,1.2149,0.4344,1.0351
3611,-0.076,2982.86,0.3943,-0.3807,0.4645
3612,-0.067,2622.84,0.0014,-0.847,0.138
3613,-0.003,3884.56,1.3782,0.5768,1.1348
3614,-0.198,2768.19,0.16,-0.6515,0.2749
3615,0.076,3298.0,0.7381,-0.0166,0.7193
3616,-0.478,1914.71,-0.7713,-1.9877,-0.6605
3617,0.043,2225.73,-0.4319,-1.4421,-0.2786
3618,-0.006,2207.36,-0.452,-1.4721,-0.2996
3619,-0.025,3860.61,1.352,0.5544,1.1191
3620,0.035,2857.96,0.258,-0.5358,0.3559
3621,-0.346,3961.62,1.4623,0.6481,1.1846
3622,0.0,4300.59,1.8321,0.9457,1.393
3623,0.001,1838.5,-0.8545,-2.1349,-0.7636
3624,0.002099999999999995,2262.64,-0.3916,-1.3825,-0.2368
3625,-0.152,2899.0,0.3027,-0.4841,0.3921
3626,-0.275,2452.09,-0.1849,-1.091,-0.0328
3627,-0.023,2038.58,-0.6361,-1.7605,-0.5014
3628,-0.218,2942.6,0.3503,-0.43,0.43
3629,-0.276,4048.82,1.5574,0.727,1.2399
3630,-0.066,1792.56,-0.9046,-2.2266,-0.8278
3631,-0.002,2116.56,-0.551,-1.6244,-0.4062
3632,-0.299,3550.35,1.0135,0.2507,0.9065
3633,-0.18,3403.31,0.853,0.0973,0.7991
3634,-0.154,3067.33,0.4864,-0.2795,0.5353
3635,-0.445,2747.41,0.1373,-0.6788,0.2558
3636,0.003,4186.18,1.7073,0.8479,1.3246
3637,-0.041,3047.71,0.465,-0.3027,0.519
3638,0.072,2463.82,-0.1721,-1.0737,-0.0207
3639,0.012,3415.21,0.866,0.11,0.808
3640,-0.04,2480.73,-0.1537,-1.0489,-0.0033
3641,-0.056,2918.31,0.3238,-0.46,0.4089
3642,0.002,2495.61,-0.1374,-1.0272,0.0118
3643,-0.085,2580.3,-0.045,-0.9063,0.0965
3644,-0.111,2730.89,0.1193,-0.7007,0.2405
3645,0.043,4384.33,1.9235,1.0156,1.442
3646,0.056,1881.13,-0.8079,-2.0518,-0.7054
3647,-0.04379999999999999,1969.93,-0.711,-1.8846,-0.5884
3648,-0.016,3144.33,0.5704,-0.1896,0.5982
3649,0.14,3464.31,0.9196,0.1617,0.8442
3650,0.035,2989.03,0.401,-0.3732,0.4697
3651,-0.095,2503.59,-0.1287,-1.0157,0.0199
3652,-0.194,2949.57,0.3579,-0.4214,0.436
3653,-0.523,1990.67,-0.6884,-1.8467,-0.5618
3654,0.0,4862.43,2.4452,1.3909,1.7047
3655,-0.422,2929.49,0.336,-0.4462,0.4186
3656,0.063,4596.75,2.1553,1.1872,1.562
3657,0.046,3157.45,0.5848,-0.1745,0.6088
3658,-0.029,3652.07,1.1245,0.3531,0.9782
3659,-0.01,3845.51,1.3356,0.5402,1.1091
3660,0.463,2715.87,0.1029,-0.7206,0.2265
3661,0.106,4583.65,2.141,1.1768,1.5548
3662,-0.369,3971.48,1.473,0.6571,1.191
3663,-0.075,3451.16,0.9053,0.148,0.8345
3664,-0.088,2770.0,0.162,-0.6491,0.2766
3665,0.027,2754.99,0.1456,-0.6688,0.2628
3666,-0.005,4899.74,2.4859,1.4186,1.7241
3667,0.021,3491.77,0.9496,0.1904,0.8642
3668,0.209,2842.62,0.2412,-0.5553,0.3422
3669,0.0,2668.32,0.051,-0.7847,0.1817
3670,-0.396,2253.08,-0.4021,-1.3978,-0.2476
3671,-0.029,4655.41,2.2193,1.2331,1.5942
3672,0.259,2362.86,-0.2823,-1.2254,-0.1269
3673,-0.262,2566.73,-0.0598,-0.9254,0.0832
3674,-0.489,2257.86,-0.3969,-1.3902,-0.2422
3675,-0.008,3721.06,1.1998,0.4209,1.0256
3676,0.0,2128.81,-0.5377,-1.6035,-0.3916
3677,0.001,1033.63,-1.7327,-4.2217,-2.2244
3678,0.0,4498.68,2.0483,1.109,1.5073
3679,0.019,3622.0,1.0917,0.3231,0.9572
3680,0.016,3026.0,0.4413,-0.3287,0.5009
3681,0.149,4091.94,1.6045,0.7654,1.2668
3682,0.01,2532.0,-0.0977,-0.9748,0.0486
3683,0.156,1552.79,-1.1662,-2.747,-1.1921
3684,-0.015,1881.55,-0.8075,-2.051,-0.7048
3685,0.082,1919.81,-0.7657,-1.978,-0.6538
3686,-0.04,1402.38,-1.3303,-3.1162,-1.4506
3687,-0.312,1654.77,-1.0052,-4.0729,-0.9716
3688,-0.027,2210.17,-0.3874,-2.1548,-0.2027
3689,0.286,1216.68,-0.5574,-4.5273,-0.316
3690,-0.12,2741.2,0.3153,1.3919,0.3296
3691,0.012,1765.82,-0.6965,-1.2873,-0.7688
3692,-0.341,4141.7467,2.7323,1.8702,1.9217
3693,0.053,1618.4626,-0.599,-2.4624,-0.4428
3694,0.036,2390.0855,0.4197,-0.665,0.5381
3695,0.021,3259.8069,1.5679,0.766,1.319
3696,0.145,1344.17,-0.9611,-3.3184,-0.91
3697,0.018,1609.1289,-0.6113,-2.4891,-0.4574
3698,0.01,961.499,-1.4663,-4.8626,-1.7526
3699,0.051,1527.3878,-0.7192,-2.7294,-0.5885
3700,-0.009,3996.7816,2.5409,1.7059,1.832
3701,0.028,2031.5194,-0.0537,-1.4145,0.1291
3702,0.049,2671.7017,0.7915,-0.1514,0.8184
3703,-0.206,3017.3182,1.2478,0.4095,1.1245
3704,-0.002,2281.3896,0.2762,-0.8796,0.421
3705,0.0,3446.1467,1.8139,1.0223,1.4589
3706,0.04,980.9205,-1.4407,-4.7704,-1.7023
3707,0.001,2303.4902,0.3054,-0.8352,0.4452
3708,0.075,2847.5676,1.0237,0.1425,0.9788
3709,0.07,1887.7207,-0.2435,-1.7529,-0.0556
3710,0.0,818.8665,-1.6546,-5.6024,-2.1564
3711,-0.006,2370.878,0.3944,-0.7022,0.5178
3712,-0.001,3101.3978,1.3588,0.5363,1.1937
3713,0.053,2251.7049,0.237,-0.94,0.388
3714,0.04,2936.1647,1.1407,0.2838,1.0559
3715,0.002,2124.1524,0.0686,-1.2089,0.2413
3716,-0.141,772.703,-1.7156,-5.8697,-2.3023
3717,-0.074,1701.9416,-0.4888,-2.2306,-0.3163
3718,-0.066,2446.6873,0.4944,-0.5571,0.597
3719,-0.068,1090.4111,-1.2961,-4.2827,-1.4362
3720,-0.018,2265.8446,0.2557,-0.9112,0.4038
3721,-0.002,2159.1545,0.1148,-1.1335,0.2824
3722,-0.429,2273.5707,0.2659,-0.8955,0.4123
3723,0.022,2894.7633,1.086,0.2183,1.0202
3724,0.055,1786.227,-0.3775,-2.0077,-0.1947
3725,-0.162,1542.2281,-0.6996,-2.6848,-0.5642
3726,-0.058,2547.4513,0.6275,-0.371,0.6985
3727,-0.312,2451.0886,0.5003,-0.5488,0.6015
3728,0.136,2246.08,0.2296,-0.9516,0.3817
3729,-0.069,5218.694,4.1541,2.9362,2.5034
3730,0.216,2519.6655,0.5908,-0.4216,0.6709
3731,0.101,2155.7895,0.1104,-1.1407,0.2785
3732,0.051,2609.3496,0.7092,-0.2603,0.7589
3733,-0.016,2429.032,0.4711,-0.5905,0.5788
3734,-0.001,2793.9134,0.9529,0.0548,0.9309
3735,0.162,2203.7,0.1736,-1.0394,0.3338
3736,0.0,2788.767,0.9461,0.0463,0.9263
3737,-0.012,3791.9263,2.2704,1.4633,1.6996
3738,0.028,1478.83,-0.7833,-2.8783,-0.6698
3739,-0.065,2388.3396,0.4174,-0.6684,0.5362
3740,-0.052,3155.19,1.4298,0.6156,1.2369
3741,0.033,2002.32,-0.0922,-1.4812,0.0927
3742,-0.181,2845.62,1.0211,0.1394,0.9771
3743,-0.039,2445.49,0.4929,-0.5594,0.5957
3744,-0.023,2047.9,-0.032,-1.3774,0.1493
3745,-0.055,1824.45,-0.327,-1.9101,-0.1414
3746,0.976,4103.2,2.6814,1.8271,1.8981
3747,-0.221,1469.51,-0.7956,-2.9075,-0.6857
3748,0.062,1486.41,-0.7733,-2.8548,-0.6569
3749,-0.075,1917.03,-0.2048,-1.6819,-0.0169
3750,0.051,1685.37,-0.5107,-2.2757,-0.3409
3751,-0.002,2788.76,0.946,0.0463,0.9263
3752,0.034,1484.38,-0.776,-2.8611,-0.6604
3753,0.916,3861.41,2.3622,1.547,1.7453
3754,0.229,2187.3137,-0.2593,0.0167,-0.2342
3755,0.038,2804.5661,0.381,1.5312,0.3866
3756,-0.329,1852.13,-0.607,-0.9966,-0.6496
3757,-0.194,2144.66,-0.3036,-0.1033,-0.2834
3758,0.062,1824.61,-0.6356,-1.0878,-0.687
3759,0.032,1524.21,-0.9472,-2.1836,-1.1363
3760,0.122,3664.12,1.2727,3.1601,1.0544
3761,-0.127,2553.85,0.1209,0.9606,0.1527
3762,-0.062,1777.09,-0.6849,-1.2486,-0.7529
3763,0.148,3248.39,0.8414,2.4263,0.7536
3764,-0.003,721.5428,-1.7798,-6.7372,-3.0031
3765,0.057,1424.59,-1.0505,-2.5953,-1.305
3766,0.012,1703.24,-0.7615,-1.5071,-0.8589
3767,0.315,3508.72,1.1114,2.896,0.9462
3768,0.812,2204.25,-0.2417,0.0637,-0.215
3769,0.051,1926.75,-0.5296,-0.756,-0.551
3770,-0.052,2000.0,-0.4536,-0.5287,-0.4578
3771,-0.055,942.058,-1.5511,-5.1138,-2.3375
3772,0.09,3001.13,0.5849,1.9439,0.5559
3773,-0.022,2358.78,-0.0814,0.4765,-0.0457
3774,0.038,3104.12,0.6917,2.1495,0.6401
3775,0.085,1947.52,-0.5081,-0.6907,-0.5242
3776,0.188,2451.94,0.0152,0.7125,0.051
3777,0.012,2479.17,0.0434,0.7798,0.0786
3778,-0.035,3038.61,0.6238,2.0195,0.5869
3779,0.013,3821.92,1.4363,3.417,1.1598
3780,0.005,2522.64,0.0885,0.8857,0.122
3781,0.47,2528.33,0.0944,0.8994,0.1277
3782,0.454,3663.84,1.2724,3.1596,1.0543
3783,0.933,5471.25,3.2399,3.8542,2.2062
3784,0.016,2446.84,-0.1242,-1.4805,0.0676
3785,-0.019,1585.5,-1.0823,-4.3563,-1.0852
3786,0.015,2519.32,-0.0436,-1.287,0.1452
3787,-0.059,1875.88,-0.7593,-3.2417,-0.6384
3788,-0.288,2770.89,0.2363,-0.6561,0.3981
3789,-0.003,1420.08,-1.2663,-5.0864,-1.3779
3790,-0.015,2904.94,0.3854,-0.3429,0.5237
3791,-0.093,3364.43,0.8965,0.6305,0.9139
3792,0.021,1583.04,-1.085,-4.3666,-1.0894
3793,-0.003,1964.87,-0.6603,-2.9345,-0.5153
3794,-0.008,2236.75,-0.3579,-2.0755,-0.1709
3795,-0.001,2387.52,-0.1902,-1.6432,0.0024
3796,-0.017,1307.32,-1.3917,-5.6347,-1.5977
3797,0.035,3424.26,0.963,0.7474,0.9608
3798,-0.017,2358.87,-0.222,-1.7232,-0.0297
3799,0.021,1714.29,-0.939,-3.8387,-0.8777
3800,0.047,1696.66,-0.9586,-3.9072,-0.9052
3801,-0.1,2169.12,-0.4331,-2.279,-0.2525
3802,0.004,1870.97,-0.7647,-3.2591,-0.6454
3803,0.096,1960.24,-0.6654,-2.9502,-0.5215
3804,-0.142,1496.08,-1.1817,-4.741,-1.2394
3805,-0.007,2808.79,0.2784,-0.566,0.4342
3806,0.0,1620.49,-1.0434,-4.2116,-1.0272
3807,-0.019,2242.52,-0.3515,-2.0585,-0.1641
3808,-0.017,1450.93,-1.232,-4.944,-1.3209
3809,-0.008,2208.09,-0.3898,-2.161,-0.2052
3810,-0.021,1893.36,-0.7398,-3.1802,-0.6138
3811,0.009,1008.85,-1.7237,-7.3518,-2.2861
3812,0.0,1406.74,-1.2811,-5.149,-1.403
3813,0.019,2826.19,0.2978,-0.5251,0.4506
3814,-0.045,2212.78,-0.3845,-2.147,-0.1995
3815,0.174,1868.74,-0.7672,-3.267,-0.6485
3816,-0.043,2215.72,-0.3813,-2.1382,-0.196
3817,0.012,1556.62,-1.1144,-4.4781,-1.1341
3818,-0.12,2923.63,0.4062,-0.3004,0.5407
3819,-0.153,2644.13,0.0953,-0.9665,0.2737
3820,-0.074,1960.16,-0.6655,-2.9504,-0.5216
3821,0.054,2333.42,-0.2504,-1.7951,-0.0585
3822,0.054,1920.45,-0.7097,-3.0861,-0.576
3823,0.041,1862.31,-0.7744,-3.2898,-0.6577
3824,-0.027,1051.38,-1.6764,-7.0782,-2.1764
3825,-0.032,1467.53,-1.2135,-4.8686,-1.2906
3826,-0.069,1492.41,-1.1858,-4.7572,-1.246
3827,-0.168,2369.57,-0.2101,-1.6932,-0.0176
3828,-0.019,3120.73,0.6254,0.1321,0.7141
3829,-0.022,1391.05,-1.2986,-5.2233,-1.4328
3830,-0.028,2086.61,-0.5249,-2.5361,-0.3555
3831,-0.042,2078.52,-0.5339,-2.5618,-0.3659
3832,-0.023,3584.44,1.1412,1.0505,1.0823
3833,-0.04,2406.87,-0.1687,-1.5897,0.0239
3834,0.008,2058.52,-0.5561,-2.6259,-0.3916
3835,0.055,2164.39,-0.4384,-2.2935,-0.2583
3836,0.297,3034.92,0.5299,-0.0527,0.64
3837,0.045,1714.49,-0.9388,-3.8379,-0.8774
3838,-0.0028999999999999985,2724.29,0.1844,-0.7685,0.3531
3839,-0.28,1911.08,-0.7201,-3.1185,-0.589
3840,0.001,1430.91,-1.2542,-5.0361,-1.3578
3841,0.011,1676.08,-0.9815,-3.9881,-0.9376
3842,-0.01,1439.74,-1.2444,-4.9953,-1.3414
3843,-0.031,1762.59,-0.8853,-3.6545,-0.8039
3844,-0.037,2057.42,-0.5574,-2.6295,-0.393
3845,-0.004,2728.66,0.1893,-0.7579,0.3573
3846,-0.023,2951.46,0.4371,-0.2376,0.5659
3847,-0.141,2337.3,-0.246,-1.7841,-0.0541
3848,0.008,2489.68,-0.0765,-1.3654,0.1138
3849,-0.029,1902.36,-0.7298,-3.1488,-0.6012
3850,-0.012,2474.05,-0.0939,-1.4072,0.097
3851,-0.003,2745.92,0.2085,-0.7161,0.3741
3852,0.036,2025.39,-0.593,-2.7335,-0.4347
3853,-0.074,1509.8,-1.1665,-4.6805,-1.2152
3854,-0.017,2356.1,-0.2251,-1.731,-0.0328
3855,0.114,1409.95,-1.2775,-5.1339,-1.397
3856,-0.004,3115.06,0.6191,0.12,0.7093
3857,0.0,3868.64,1.4573,1.5563,1.285
3858,-0.008,2748.89,0.2118,-0.7089,0.3769
3859,-0.062,3913.24,1.5069,1.6323,1.3155
3860,-0.272,1783.0,-0.8626,-3.5782,-0.7733
3861,-0.046,3049.71,0.5464,-0.0205,0.6529
3862,-0.048,3522.37,1.0721,0.9347,1.0358
3863,-0.014,2249.57,-0.3436,-2.0377,-0.1557
3864,-0.047,2851.83,0.3263,-0.4652,0.4746
3865,0.0,1029.03,-1.7012,-7.2205,-2.2335
3866,-0.113,4197.59,1.8232,2.0973,1.5019
3867,0.008,2833.94,0.3064,-0.5069,0.4579
3868,0.004,3334.98,0.8637,0.5723,0.8906
3869,-0.021,2007.0,-0.6134,-2.7939,-0.4589
3870,0.011,2989.54,0.4795,-0.1526,0.6
3871,-0.007,2466.63,-0.1022,-1.4271,0.089
3872,-0.066,2622.62,0.0713,-1.0206,0.252
3873,0.038,2090.49,-0.5206,-2.5238,-0.3506
3874,0.001,1971.59,-0.6528,-2.9119,-0.5062
3875,0.019,1976.74,-0.6471,-2.8946,-0.4993
3876,-0.039,3738.41,1.3124,1.3293,1.194
3877,-0.002,2195.51,-0.4038,-2.1989,-0.2204
3878,-0.005,1005.74,-1.7272,-7.3722,-2.2943
3879,-0.063,2458.83,-0.1109,-1.4481,0.0806
3880,0.502,4829.97,2.5266,3.0276,1.8749
3881,-0.029,2828.78,0.3006,-0.519,0.4531
3882,-9.99999999999987e-05,1390.01,-1.2997,-5.2283,-1.4348
3883,-0.027,2860.91,0.3364,-0.4442,0.4831
3884,-0.013,3275.85,0.7979,0.4537,0.843
3885,-0.019,3770.75,1.3484,1.3864,1.2169
3886,-0.01,516.51,-2.2713,-11.7849,-4.0633
3887,0.015,2596.34,0.0421,-1.0874,0.2252
3888,0.009,3945.35,1.5426,1.6865,1.3372
3889,0.028,691.163,-1.4248,-8.7545,-1.5721
3890,-0.108,1786.38,0.383,-1.6551,0.5375
3891,0.119,741.725,-1.3413,-8.2269,-1.4153
3892,0.106,1087.51,-0.7706,-5.3664,-0.5653
3893,0.07,959.205,-0.9823,-6.305,-0.8442
3894,-0.048,1685.2,0.216,-2.0912,0.4079
3895,0.074,851.833,-1.1596,-7.1924,-1.1079
3896,0.14,1503.13,-0.0846,-2.9463,0.1538
3897,-0.289,3838.27,1.4235,1.504,1.2641
3898,-0.007,2706.95,0.1651,-0.8108,0.3361
3899,-0.053,1705.84,-0.9484,-3.8714,-0.8909
3900,0.008,1625.05,-1.0383,-4.193,-1.0198
3901,0.023,2941.61,0.4262,-0.2598,0.557
3902,-0.054,2718.92,0.1784,-0.7816,0.3478
3903,-0.101,2770.87,0.2362,-0.6561,0.3981
3904,-0.03,2234.55,-0.3603,-2.0821,-0.1735
3905,-0.012,2567.95,0.0105,-1.1603,0.196
3906,-0.089,2389.86,-0.1876,-1.6367,0.005
3907,-0.044,2950.92,0.4365,-0.2388,0.5654
3908,0.089,2447.31,1.4739,0.6995,1.2372
3909,-0.401,2795.42,2.0484,1.6944,1.5328
3910,0.15,1959.28,0.6683,-0.9641,0.7428
3911,-0.034,972.466,-0.9605,-6.2024,-0.8137
3912,0.056,1654.1,0.1646,-2.2305,0.3665
3913,0.243,1227.57,-0.5394,-4.4606,-0.2962
3914,-0.09,3221.21,0.7372,0.3422,0.7983
3915,-0.003,3855.5,1.4427,1.5337,1.276
3916,0.012,7843.0,5.8781,6.2418,3.1634
3917,0.011,3667.98,1.2341,1.2032,1.1435
3918,-0.082,3863.74,1.4519,1.5479,1.2817
3919,-0.037,2713.37,0.1723,-0.7951,0.3424
3920,0.0,3013.38,0.506,-0.1,0.6211
3921,0.037,3484.36,1.0299,0.8627,1.007
3922,-0.018,3027.38,0.5216,-0.0692,0.6334
3923,0.292,1714.65,-0.472,-2.1963,-0.2976
3924,0.106,1510.22,-0.7419,-2.7815,-0.617
3925,0.018,1903.7946,-0.2223,-1.7139,-0.0343
3926,0.197,2190.5944,0.1563,-1.0669,0.3188
3927,0.0,2791.5498,0.9497,0.0509,0.9288
3928,0.057,2182.845,0.1461,-1.0832,0.3099
3929,0.043,2459.7146,0.5116,-0.5326,0.6103
3930,-0.004,2162.8723,0.1197,-1.1256,0.2867
3931,-0.002,1803.3916,-0.3548,-1.9636,-0.1706
3932,0.068,2513.8777,0.5831,-0.4322,0.6652
3933,-0.001,2279.4878,0.2737,-0.8835,0.4189
3934,0.0,2162.7664,0.1196,-1.1258,0.2866
3935,-0.144,1624.426,-0.5911,-2.4455,-0.4336
3936,-0.061,930.5334,-1.5072,-5.0134,-1.835
3937,0.018,924.6368,-1.515,-5.0427,-1.8509
3938,0.096,2063.8852,-0.0109,-1.3416,0.1689
3939,-0.107,3546.7325,1.9467,1.155,1.5313
3940,0.074,1565.84,-0.6685,-2.6148,-0.526
3941,0.08,2666.9425,0.7852,-0.1596,0.8139
3942,0.015,1945.9581,-0.1666,-1.6129,0.0208
3943,-0.035,1687.8381,-0.5074,-2.2689,-0.3372
3944,0.004,2271.6334,0.2633,-0.8994,0.4102
3945,-0.014,2947.0399,1.155,0.3009,1.0652
3946,0.001,2951.8728,1.1614,0.3084,1.0693
3947,0.039,1913.4315,-0.2096,-1.6906,-0.0216
3948,0.0634,2619.2614,0.7223,-0.2428,0.7685
3949,-0.014,1952.3615,-0.1582,-1.5977,0.0291
3950,-0.003,2196.5204,0.1642,-1.0544,0.3256
3951,-0.232,1780.2628,-0.3854,-2.0232,-0.2031
3952,0.066,1994.2345,-0.1029,-1.4999,0.0825
3953,0.213,2038.64,-0.0443,-1.3983,0.1379
3954,0.122,2858.4564,1.0381,0.1601,0.9884
3955,0.002,2568.1453,0.6548,-0.3337,0.7189
3956,0.083,1871.0259,-0.2655,-1.7939,-0.078
3957,0.0,1721.8114,-0.4625,-2.1771,-0.2871
3958,0.0084,1799.907,-0.3594,-1.9726,-0.1755
3959,-0.001,1726.727,-0.4561,-2.1639,-0.2799
3960,0.045,2565.5633,0.6514,-0.3383,0.7164
3961,0.0,2703.8407,0.8339,-0.0963,0.8485
3962,0.032,692.3575,-1.8216,-6.3755,-2.5783
3963,-0.184,2386.87,0.4155,-0.6712,0.5347
3964,0.0,1942.6142,-0.171,-1.6208,0.0165
3965,0.053,2131.3807,0.0782,-1.1932,0.2498
3966,0.046,2060.9,-0.0149,-1.3483,0.1652
3967,-0.001,2333.007,0.3444,-0.7765,0.4773
3968,0.099,2699.2704,0.8279,-0.1041,0.8442
3969,0.047,2726.1283,0.8634,-0.0584,0.8691
3970,0.219,3118.4738,1.3813,0.5616,1.2075
3971,-0.043,2125.09,0.0699,-1.2069,0.2424
3972,0.0,1432.26,-0.8448,-3.0258,-0.7503
3973,0.003,1829.29,-0.3206,-1.8979,-0.1347
3974,0.001,1969.56,-0.1355,-1.5573,0.0512
3975,-0.25,1802.14,-0.3565,-1.9668,-0.1724
3976,0.042,2339.68,0.3532,-0.7633,0.4844
3977,0.0,1953.36,-0.1569,-1.5954,0.0304
3978,0.057,2124.83,0.0695,-1.2074,0.2421
3979,-0.398,745.083,-1.752,-6.0374,-2.3938
3980,-0.18,1123.25,-1.2528,-4.146,-1.3616
3981,0.075,3027.16,0.4426,-0.3273,0.5019
3982,0.343,1825.93,-0.8682,-2.1598,-0.781
3983,0.155,1535.36,-1.1852,-2.7879,-1.2207
3984,0.016900000000000005,3493.5,0.9515,0.1922,0.8655
3985,0.032400000000000005,2662.6,0.0448,-0.7925,0.1762
3986,-0.291,3476.74,0.9332,0.1747,0.8533
3987,0.045,2262.45,-0.3918,-1.3828,-0.2371
3988,-0.062,2556.56,-0.0709,-0.9398,0.0731
3989,-0.033,2698.05,0.0835,-0.7445,0.2098
3990,0.298,1847.91,-0.8442,-2.1164,-0.7506
3991,-0.206,1987.09,-0.6923,-1.8532,-0.5664
3992,0.017,2740.03,0.1293,-0.6885,0.249
3993,0.038,2693.29,0.0783,-0.7509,0.2053
3994,-0.121,3707.51,1.185,0.4077,1.0164
3995,0.018,5280.65,2.9016,1.69,1.9141
3996,-0.086,2070.02,-0.6018,-1.705,-0.4626
3997,0.028,3099.27,0.5213,-0.2419,0.5616
3998,0.0,2619.56,-0.0022,-0.8515,0.1349
3999,0.108,3371.38,0.8182,0.0632,0.7752
4000,0.007,2485.97,-0.1479,-1.0413,0.002
4001,0.435,3743.48,1.2242,0.4427,1.0409
4002,-0.022,1570.5,-1.1469,-2.7059,-1.1633
4003,0.011,2278.3,-0.3746,-1.3575,-0.2193
4004,-0.065,2830.46,0.228,-0.5708,0.3314
4005,0.057,2643.35,0.0238,-0.8188,0.1578
4006,0.022,3243.83,0.679,-0.0767,0.6773
4007,0.027,4187.81,1.7091,0.8494,1.3256
4008,-0.073,3038.94,0.4554,-0.3132,0.5117
4009,-0.004,2800.83,0.1956,-0.609,0.3047
4010,0.08,1612.06,-1.1015,-2.6113,-1.0971
4011,0.007,5674.14,3.331,1.9506,2.0965
4012,0.036,4131.56,1.6477,0.8003,1.2912
4013,0.002,2875.81,0.2774,-0.5132,0.3717
4014,-0.041,2543.34,-0.0853,-0.9586,0.0599
4015,0.001,3291.49,0.731,-0.0238,0.7143
4016,0.011,4214.57,1.7383,0.8725,1.3417
4017,-0.089,2875.64,0.2773,-0.5134,0.3715
4018,-0.103,2413.42,-0.2271,-1.1486,-0.0731
4019,0.152,2789.69,0.1835,-0.6234,0.2945
4020,0.11,1378.7,-1.3562,-3.178,-1.4938
4021,0.046,2279.59,-0.3731,-1.3554,-0.2179
4022,0.306,3309.69,0.7509,-0.0038,0.7283
4023,0.017,3183.59,0.6133,-0.1446,0.6297
4024,-0.034,2616.03,-0.006,-0.8564,0.1314
4025,0.004,3177.48,0.6066,-0.1516,0.6249
4026,0.071,6940.68,4.713,2.6812,2.6079
4027,-0.173,2403.69,-0.2377,-1.1633,-0.0834
4028,0.0,2767.31,0.159,-0.6526,0.2741
4029,-0.008,3324.1,0.7666,0.012,0.7393
4030,-0.022,2512.58,-0.1189,-1.0027,0.029
4031,0.0,2007.42,-0.6701,-1.8163,-0.5405
4032,0.062,2109.79,-0.5584,-1.636,-0.4143
4033,0.063,1384.54,-1.3498,-3.1626,-1.483
4034,0.028,1361.04,-1.3755,-3.2247,-1.5265
4035,0.0,2094.0,-0.5757,-1.6632,-0.4334
4036,0.126,1133.23,-1.624,-3.8884,-1.9911
4037,0.0,1164.94,-1.5894,-3.7884,-1.9211
4038,-0.003,1300.86,-1.4411,-3.3885,-1.6412
4039,0.039,1596.2488,-1.3743,-0.9089,-1.533
4040,-0.123,1247.4979,-1.8044,-1.694,-2.2547
4041,-0.169,2214.3395,-0.6118,0.1336,-0.5746
4042,0.204,1939.5602,-0.9508,-0.2885,-0.9626
4043,0.015,4069.8423,1.6769,2.0726,1.208
4044,-0.224,2807.8593,0.1203,0.8901,0.1209
4045,-0.048,2044.17,-0.5721,-2.6723,-0.4101
4046,-0.008,8359.83,6.4529,6.6649,3.333
4047,-0.023,2614.39,0.0622,-1.0415,0.2436
4048,-0.047,2276.7,-0.3134,-1.9582,-0.1239
4049,-0.02,2263.09,-0.3286,-1.9979,-0.1398
4050,-0.028,2819.98,0.2909,-0.5397,0.4448
4051,-0.06,2634.03,0.084,-0.9919,0.2635
4052,0.0,4322.3,1.9619,2.2914,1.5797
4053,0.068,1766.37,-0.8811,-3.6404,-0.7982
4054,0.007,3200.69,0.7143,0.2998,0.7813
4055,-0.05,2497.7,-0.0676,-1.3441,0.1223
4056,0.544,3669.41,1.2357,1.2058,1.1445
4057,-0.061,2442.44,-0.1291,-1.4924,0.0629
4058,0.03,2684.47,0.1401,-0.8661,0.3139
4059,-0.053,2847.11,0.321,-0.4762,0.4702
4060,0.0,3901.4,1.4937,1.6122,1.3074
4061,-0.029,3094.23,0.5959,0.0756,0.6914
4062,-0.001,3085.41,0.5861,0.0566,0.6838
4063,-0.125,3210.88,0.7257,0.3209,0.7898
4064,0.044,1973.28,-0.6509,-2.9062,-0.5039
4065,0.025,2032.46,-0.5851,-2.7104,-0.4254
4066,-0.004,2868.9,0.3453,-0.4257,0.4905
4067,-0.017,2408.65,-0.1667,-1.5848,0.0258
4068,0.598,2853.04,0.3276,-0.4624,0.4758
4069,0.016,1373.92,-1.3176,-5.3054,-1.4657
4070,-0.02,2477.96,-0.0896,-1.3967,0.1012
4071,-0.031,1950.81,-0.6759,-2.9821,-0.5343
4072,-0.023,2130.05,-0.4766,-2.3995,-0.3008
4073,0.1,1037.36,-1.692,-7.1671,-2.2121
4074,0.0,1871.79,-0.7638,-3.2562,-0.6442
4075,-0.025,1652.91,-1.0073,-4.0803,-0.9746
4076,0.0,2042.58,-0.5739,-2.6774,-0.4122
4077,0.151,1719.37,0.2724,-1.9411,0.4525
4078,0.174,1660.6,0.1754,-2.2012,0.3752
4079,0.05,1726.34,0.2839,-1.9108,0.4615
4080,0.22,2967.64,2.3327,2.1416,1.6657
4081,0.258,3018.64,2.4169,2.2691,1.7036
4082,0.377,1164.52,-0.6435,-4.8549,-0.4133
4083,0.133,2015.9,0.7618,-0.751,0.8061
4084,0.134,1744.11,0.3132,-1.8342,0.4843
4085,0.172,1567.89,0.0223,-2.6308,0.2475
4086,0.61,1461.21,-0.1538,-3.1578,0.091
4087,0.084,1618.44,0.1058,-2.3935,0.3181
4088,-0.094,1124.28,-0.7099,-5.1178,-0.4915
4089,0.282,1235.38,-0.5265,-4.4132,-0.2821
4090,-0.081,1424.12,-0.215,-3.3501,0.0338
4091,0.174,1645.75,0.1508,-2.2684,0.3552
4092,-0.007,1385.56,-0.2786,-3.5553,-0.0272
4093,-0.12,2019.4,-0.308,-0.0239,-0.2609
4094,-0.125,2453.63,0.2043,0.7151,0.1965
4095,-0.264,3144.34,1.0192,1.6563,0.7789
4096,0.307,3235.11,1.1263,1.7643,0.8458
4097,0.065,2563.04,0.3334,0.8806,0.2989
4098,-0.088,2146.75,-0.1578,0.2081,-0.1173
4099,-0.077,3156.04,1.033,1.6704,0.7877
4100,-0.012,2755.09,0.5599,1.1548,0.4686
4101,0.038,1913.97,-0.4324,-0.2273,-0.3868
4102,0.013,3210.72,1.0975,1.7356,0.828
4103,0.018,2252.64,-0.0329,0.3908,-0.0042
4104,0.023,4231.87,2.3023,2.7836,1.4765
4105,-0.115,1852.27,-0.5052,-0.3517,-0.4637
4106,-0.017,1231.71,-1.2374,-1.8994,-1.4215
4107,0.0,2031.22,-0.2941,-0.0018,-0.2471
4108,-0.045,3243.09,1.1357,1.7737,0.8516
4109,0.342,1390.05,-1.0506,-1.4407,-1.1376
4110,0.02,2771.68,0.5795,1.1776,0.4827
4111,0.227,1154.83,-1.3281,-2.1439,-1.5728
4112,0.04,1804.49,-0.5616,-0.4508,-0.525
4113,-0.077,2839.78,0.6599,1.2697,0.5397
4114,-0.151,3370.42,1.2859,1.9198,0.942
4115,-0.002,2845.67,0.6668,1.2776,0.5446
4116,-0.104,822.603,-1.72,-3.4303,-2.3689
4117,-0.053,972.856,-1.5428,-2.7942,-1.9752
4118,0.0,1438.71,-0.9932,-1.3102,-1.0569
4119,0.021,1241.29,-1.2261,-1.8701,-1.4033
4120,-0.192,3001.16,0.8503,1.4795,0.6695
4121,0.01,2422.54336,-0.26233,-2.31947,-0.18967999999999993
4122,0.012,1627.75,-0.7701,-0.8419,-0.7671
4123,-0.005,2402.18,0.1436,0.6347,0.1467
4124,0.02,1578.96,-0.8277,-0.9573,-0.8385
4125,-0.102,1267.92,-1.1947,-1.7896,-1.3535
4126,0.335,3084.66,0.9488,1.5836,0.7339
4127,0.002,2623.39,0.4046,0.969,0.3536
4128,0.102,3153.38,1.0299,1.6672,0.7857
4129,0.037,4176.36,2.2368,2.7335,1.4455
4130,-0.683,1787.18,-0.582,-0.4874,-0.5477
4131,-0.26,3058.77,0.9182,1.5516,0.7141
4132,0.007,3580.23,1.5335,2.149,1.0838
4133,0.006,4351.42,2.4433,2.8893,1.542
4134,-0.146,2692.82,0.4865,1.0681,0.4149
4135,0.026,1847.62,-0.5107,-0.3612,-0.4696
4136,0.005,2688.09,0.4809,1.0614,0.4108
4137,-0.074,2882.09,0.7098,1.3258,0.5744
4138,-0.055,2119.89,-0.1895,0.1604,-0.1468
4139,-0.199,2136.31,-0.1701,0.1896,-0.1287
4140,0.014,3560.19,1.5098,2.1277,1.0706
4141,0.126,2170.39,-0.1299,0.2497,-0.0915
4142,-0.098,1468.02,-0.9586,-1.2337,-1.0095
4143,0.531,4115.6,2.1651,2.6779,1.4111
4144,1.28,4378.35,2.4751,2.9127,1.5565
4145,-0.009,1853.57,-0.5037,-0.349,-0.462
4146,0.689,2888.47,0.7173,1.3342,0.5796
4147,0.223,1266.7,-1.1961,-1.7932,-1.3558
4148,0.075,1721.48,0.5904,0.7106,0.4606
4149,-0.034,2406.22,1.9347,2.0634,1.2166
4150,-0.018,1457.21,0.0716,0.0375,0.0844
4151,-0.134,1954.38,1.0476,1.2232,0.747
4152,-0.011,1122.37,-0.5857,-1.0169,-0.5049
4153,-0.015,1595.76,0.3436,0.4043,0.2894
4154,1.01,3910.32,4.8874,4.0252,2.313
4155,0.075,1769.95,0.6856,0.8228,0.5232
4156,0.008,1794.56,0.7339,0.8786,0.5544
4157,-0.053,2039.68,1.2151,1.3958,0.8435
4158,-0.581,2322.01,1.7693,1.9195,1.1362
4159,-0.002,1004.0,-0.8181,-1.4669,-0.7564
4160,-0.107,1935.22,1.01,1.1834,0.7248
4161,-0.016,2393.28,1.9093,2.0416,1.2044
4162,-0.157,1947.32,1.0338,1.2086,0.7388
4163,-0.645,1435.06,0.0282,-0.0244,0.0498
4164,-0.107,3074.83,3.2472,3.054,1.7702
4165,-0.267,866.345,-1.0883,-2.0623,-1.0891
4166,0.034,424.088,-1.9565,-4.9445,-2.6999
4167,0.782,1401.33,-0.0381,-0.1204,-0.0039
4168,-0.078,2983.79,3.0685,2.9326,1.7023
4169,0.039,1222.96,-0.3882,-0.6703,-0.3112
4170,0.005,1857.27,0.857,1.0173,0.632
4171,-0.03959999999999999,781.169,-1.4848,-4.3743099999999995,-1.3102
4172,-0.0673,1814.11,-0.3811,-1.68508,0.0126
4173,-0.2017,933.959,-1.3216,-3.3974,-1.0298
4174,-0.0479,1132.69,-1.1092,-4.03293,-0.727
4175,-0.0376,2362.79,0.2051,-1.0002400000000002,0.4276
4176,-0.028100000000000003,2263.66,0.0992,-1.09804,0.3603
4177,0.05450000000000001,345.994,-1.9498,-7.054879999999999,-2.5873
4178,-0.040900000000000006,1939.78,-0.2468,-0.6902999999999999,0.1178
4179,-0.0166,2473.36,0.3233,-0.3781,0.4994
4180,0.0102,325.593,-1.9716,-7.332179999999999,-2.6825
4181,-0.012,767.189,-1.4997,-5.60314,-1.3385
4182,-0.1443,1316.72,-0.9126,-2.74898,-0.4906
4183,-0.2686,229.1,-2.0747,-11.104270000000003,-3.2328
4184,0.043,639.884,-1.6358,-3.97813,-1.6232
4185,-0.018,1485.52,-0.7322,-3.26218,-0.3012
4186,0.0,2142.6096,0.093,-1.169,0.263
4187,0.059,2546.6917,0.6265,-0.3724,0.6978
4188,0.125,2115.4159,0.0571,-1.2279,0.2309
4189,0.168,2339.6216,0.3531,-0.7634,0.4844
4190,0.129,1662.7205,-0.5406,-2.3381,-0.3749
4191,0.123,1541.2858,-0.7009,-2.6877,-0.5657
4192,0.884,2688.6478,0.8139,-0.1223,0.8343
4193,-0.001,1269.9703,-1.0591,-3.5802,-1.0528
4194,0.032,1525.4071,-0.7218,-2.7354,-0.5918
4195,0.035,2003.3577,-0.0908,-1.4788,0.094
4196,-0.001,823.5418,-1.6484,-5.5762,-2.1421
4197,0.067,2043.3834,-0.038,-1.3876,0.1437
4198,-0.002,1781.8162,-0.3833,-2.0191,-0.2009
4199,0.007,1371.99,-0.9244,-3.224,-0.8584
4200,0.012,1906.6681,-0.2185,-1.7069,-0.0305
4201,0.036,2272.4788,0.2645,-0.8977,0.4111
4202,0.055,2290.4046,0.2881,-0.8614,0.4309
4203,0.008,1659.9856,-0.5442,-2.3456,-0.3791
4204,0.249,1512.1955,-0.7393,-2.7755,-0.6137
4205,0.094,3483.5657,1.8633,1.0721,1.4861
4206,0.02,2143.9513,0.0948,-1.1661,0.2646
4207,-0.011,1911.3388,-0.2123,-1.6956,-0.0243
4208,0.0,2050.8235,-0.0282,-1.3709,0.1529
4209,-0.003,2598.8058,0.6953,-0.279,0.7488
4210,0.138,1980.4343,-0.1211,-1.5319,0.065
4211,0.034,2238.2312,0.2192,-0.9677,0.3729
4212,0.013,2394.1512,0.4251,-0.6572,0.5424
4213,-0.28,2907.8535,1.1033,0.2391,1.0315
4214,0.008,2420.87,0.4604,-0.606,0.5703
4215,0.037,1485.3642,-0.7747,-2.858,-0.6587
4216,0.025,1322.2205,-0.9901,-3.3943,-0.9514
4217,0.0,2681.534,0.8045,-0.1345,0.8276
4218,-0.187,1913.8926,-0.209,-1.6895,-0.021
4219,0.027,3131.9418,1.3991,0.5815,1.2183
4220,-0.007,2078.5108,0.0084,-1.309,0.1866
4221,0.073,2651.0643,0.7643,-0.1872,0.7989
4222,0.0,3305.9023,1.6288,0.8308,1.3544
4223,0.052,2155.53,0.1101,-1.1413,0.2782
4224,-0.059,2400.62,0.4336,-0.6447,0.5492
4225,0.0,2963.9,0.3736,-0.4038,0.4483
4226,0.026,3843.18,1.333,0.538,1.1076
4227,0.117,2225.24,-0.4325,-1.4429,-0.2791
4228,0.156,1687.53,-1.0192,-2.4454,-0.981
4229,-0.023,2157.64,-0.5062,-1.5547,-0.3574
4230,-0.114,2287.07,-0.365,-1.3436,-0.2096
4231,0.035500000000000004,3579.36,1.0452,0.2802,0.9271
4232,0.014,2296.62,-0.3546,-1.3285,-0.199
4233,0.029,1927.63,-0.7572,-1.9633,-0.6434
4234,0.018,1599.81,-1.1149,-2.6389,-1.1164
4235,-0.09,3094.4,0.516,-0.2476,0.5576
4236,0.062,2740.89,0.1302,-0.6874,0.2498
4237,0.1199,4209.21,1.7324,0.8678,1.3385
4238,-0.072,3131.66,0.5566,-0.2042,0.588
4239,0.0,3499.61,0.9581,0.1985,0.8699
4240,-0.037,2352.66,-0.2934,-1.2411,-0.1378
4241,0.047,2971.22,0.3816,-0.3949,0.4545
4242,-0.047,2266.01,-0.388,-1.3771,-0.2331
4243,0.051,3385.97,0.8341,0.0788,0.7861
4244,-0.003,3061.42,0.48,-0.2865,0.5304
4245,-0.577,3535.02,0.9968,0.235,0.8955
4246,-0.031,2820.38,0.217,-0.5838,0.3223
4247,-0.001,2580.57,-0.0447,-0.9059,0.0968
4248,0.009,2901.2,0.3051,-0.4813,0.394
4249,0.003,1942.22,-0.7413,-1.936,-0.6243
4250,-0.405,1997.85,-0.6806,-1.8336,-0.5527
4251,0.008,3150.68,0.5774,-0.1823,0.6034
4252,0.0,1825.34,-0.8688,-2.1609,-0.7818
4253,-0.322,4219.49,1.7437,0.8767,1.3447
4254,-0.057,3610.54,1.0792,0.3116,0.9491
4255,0.0,1893.28,-0.7947,-2.0285,-0.6891
4256,0.0,2158.06,-0.5058,-1.554,-0.3569
4257,0.0,3146.98,0.5733,-0.1865,0.6004
4258,-0.024,2563.87,-0.0629,-0.9294,0.0803
4259,-0.038,3429.24,0.8813,0.1249,0.8184
4260,0.032,4055.67,1.5649,0.7331,1.2442
4261,-0.084,2454.14,-0.1827,-1.088,-0.0307
4262,-0.16,1835.21,-0.858,-2.1414,-0.7681
4263,-0.156,2975.16,0.3859,-0.3901,0.4579
4264,0.0,2325.85,-0.3227,-1.2826,-0.1669
4265,-0.058,1995.05,-0.6836,-1.8387,-0.5562
4266,0.259,3676.34,1.151,0.3771,0.995
4267,0.063,3490.87,0.9486,0.1894,0.8636
4268,0.054,3366.05,0.8124,0.0574,0.7712
4269,0.437,3699.22,1.1759,0.3996,1.0107
4270,0.212,1839.17,-0.8537,-2.1336,-0.7626
4271,0.092,2827.94,0.2252,-0.5741,0.3291
4272,0.023,2394.46,-0.2478,-1.1772,-0.0932
4273,-0.201,2157.8,-0.506,-1.5545,-0.3572
4274,-0.059,2369.49,-0.275,-1.2152,-0.1198
4275,-0.072,2483.24,-0.1509,-1.0453,-0.0008
4276,0.031,2525.24,-0.1051,-0.9845,0.0418
4277,-0.046,3140.5,0.5663,-0.194,0.5951
4278,0.316,2714.02,0.1009,-0.7231,0.2248
4279,0.034,2728.27,0.1164,-0.7041,0.238
4280,0.008,3582.41,1.0485,0.2833,0.9293
4281,0.042,3676.52,1.1512,0.3773,0.9951
4282,-0.008,2779.39,0.1722,-0.6368,0.2852
4283,0.087,2735.06,0.1239,-0.6951,0.2444
4284,0.119,6011.59,3.6992,2.1601,2.2431
4285,0.146,2510.37,-0.1213,-1.0059,0.0268
4286,-0.123,2360.88,-0.2844,-1.2284,-0.129
4287,-0.092,2480.79,-0.1536,-1.0488,-0.0033
4288,0.028,3525.98,0.9869,0.2257,0.889
4289,0.002,2766.31,0.158,-0.6539,0.2732
4290,0.071,2105.84,-0.5627,-1.6428,-0.4191
4291,0.058,2756.73,0.1475,-0.6665,0.2644
4292,-0.038,2443.55,-0.1942,-1.1037,-0.0417
4293,-0.102,2109.71,-0.5585,-1.6362,-0.4144
4294,-0.02,2216.16,-0.4424,-1.4577,-0.2895
4295,-0.009699999999999997,2308.31,-0.3418,-1.3101,-0.1861
4296,0.004,2817.05,0.2133,-0.588,0.3193
4297,0.0,2948.37,0.3566,-0.4229,0.4349
4298,0.011199999999999995,2963.07,0.3727,-0.4048,0.4476
4299,0.030599999999999995,2260.89,-0.3936,-1.3853,-0.2388
4300,0.007,2541.29,-0.0876,-0.9615,0.0579
4301,-0.008,3160.61,0.5882,-0.1709,0.6113
4302,0.126,2196.73,-0.4636,-1.4896,-0.3119
4303,-0.433,1260.19,-1.4855,-3.5036,-1.7218
4304,-0.156,3057.01,0.4752,-0.2917,0.5268
4305,0.026,2737.58,0.1266,-0.6918,0.2467
4306,0.558,1192.28,-1.5596,-3.7044,-1.8623
4307,0.025,2067.14,-0.605,-1.71,-0.4661
4308,-0.142,3638.12,1.1093,0.3392,0.9684
4309,-0.014,2952.25,0.3609,-0.4181,0.4383
4310,0.037,3094.67,0.5163,-0.2473,0.5578
4311,0.041,1897.85,-0.7897,-2.0197,-0.683
4312,0.631,2912.47,0.3174,-0.4673,0.4038
4313,-0.095,2827.38,0.2246,-0.5748,0.3286
4314,0.048,1884.38,-0.8044,-2.0456,-0.701
4315,0.113,1994.31,-0.6844,-1.84,-0.5572
4316,-0.077,3135.03,0.5603,-0.2003,0.5907
4317,-0.075,2178.91,-0.483,-1.5192,-0.3325
4318,-0.017,2625.59,0.0044,-0.8432,0.1407
4319,0.065,3428.9,0.881,0.1245,0.8181
4320,0.057,2910.58,0.3154,-0.4696,0.4022
4321,0.228,3396.36,0.8455,0.0899,0.7939
4322,-0.039,3950.2,1.4498,0.6376,1.1773
4323,-0.282,5567.72,3.2148,1.882,2.0485
4324,0.061,3540.27,1.0025,0.2404,0.8992
4325,-0.036,3002.67,0.4159,-0.3567,0.4812
4326,-0.012,3513.35,0.9731,0.2127,0.8799
4327,0.109,1992.97,-0.6859,-1.8425,-0.5589
4328,0.0,3455.46,0.91,0.1525,0.8377
4329,0.0,2036.7,-0.6382,-1.7638,-0.5038
4330,0.092,3506.6,0.9658,0.2057,0.875
4331,-0.12,3962.3,1.463,0.6487,1.1851
4332,-0.616,3707.01,1.1844,0.4072,1.016
4333,-0.029,4819.45,2.3983,1.3587,1.6821
4334,-0.069,2586.98,-0.0377,-0.8969,0.1031
4335,0.058,2683.68,0.0678,-0.7639,0.1962
4336,0.0,3618.25,1.0876,0.3194,0.9545
4337,-0.154,3112.84,0.5361,-0.2261,0.5727
4338,-0.108,3091.09,0.5124,-0.2515,0.5549
4339,0.043,3553.37,1.0168,0.2538,0.9086
4340,-0.031,4379.15,1.9179,1.0113,1.439
4341,-0.011,2685.05,0.0693,-0.762,0.1975
4342,-0.649,4135.13,1.6516,0.8035,1.2934
4343,0.01,3496.33,0.9545,0.1951,0.8675
4344,0.235,3815.52,1.3028,0.5118,1.0893
4345,-0.438,2757.25,0.1481,-0.6658,0.2649
4346,-0.028,3845.4,1.3355,0.5401,1.1091
4347,0.044,2397.31,-0.2447,-1.1729,-0.0901
4348,-0.01,3494.39,0.9524,0.1931,0.8661
4349,-0.021,3640.6,1.112,0.3417,0.9702
4350,-0.002,3471.49,0.9274,0.1692,0.8495
4351,0.067,6249.21,3.9585,2.3006,2.3415
4352,0.0,3128.91,0.5536,-0.2074,0.5858
4353,0.003,3726.38,1.2056,0.4261,1.0293
4354,0.018,2320.05,-0.329,-1.2917,-0.1733
4355,-0.012,3301.27,0.7417,-0.013,0.7219
4356,0.1,2815.87,0.212,-0.5896,0.3182
4357,0.054,2245.56,-0.4103,-1.41,-0.2561
4358,-0.099,4883.44,2.4681,1.4065,1.7156
4359,-0.007,2228.57,-0.4288,-1.4375,-0.2753
4360,-0.103,2602.84,-0.0204,-0.8747,0.1186
4361,0.003,2359.09,-0.2864,-1.2312,-0.1309
4362,-0.002,3149.32,0.5759,-0.1839,0.6023
4363,0.026,1747.34,-0.9539,-2.3192,-0.8926
4364,-0.164,1300.61,-1.4414,-3.3892,-1.6417
4365,-0.008,1158.25,-1.5967,-3.8093,-1.9357
4366,0.0,1678.94,-1.0286,-2.4639,-0.9939
4367,-0.267,2472.53,-0.1626,-1.0609,-0.0117
4368,-0.01,1350.32,-1.3872,-3.2533,-1.5465
4369,0.186,1736.61,-0.9656,-2.3415,-0.9082
4370,0.028,1707.25,-0.9977,-2.4033,-0.9515
4371,0.026,1737.35,-0.9648,-2.34,-0.9071
4372,0.008,2174.52,-0.4878,-1.5265,-0.3376
4373,0.005,2199.72,-0.4603,-1.4847,-0.3084
4374,-0.026,2789.96,0.1838,-0.6231,0.2948
4375,0.024,3867.96,1.9206,1.77137,1.4834
4376,0.914,2795.97,0.6169,0.31202,0.6436
4377,-0.131,3753.79,1.7817,1.71191,1.4059
4378,0.004,1953.77,-1.1611,-1.7892,-1.121
4379,-0.183,3905.24,1.7185,0.708,1.4289
4380,-0.004,3119.14,0.5585,-0.1025,0.6013
4381,-0.001,3380.45,0.9441,0.1876,0.8975
4382,0.012,2790.38,0.0734,-0.5041,0.1912
4383,0.0,2331.67,-0.6035,-1.1517,-0.47
4384,-0.001,3091.68,0.518,-0.1344,0.5688
4385,0.008,3212.32,0.696,0.0037,0.7097
4386,-0.019,3187.75,0.6598,-0.024,0.6814
4387,0.002,2324.33,-0.6143,-1.1631,-0.4816
4388,-0.021,2643.08,-0.144,-0.6997,-0.0085
4389,-0.001,2560.27,-0.2661,-0.8145,-0.1257
4390,0.001,2699.79,-0.0603,-0.6231,0.0697
4391,-0.001,2899.66,0.2347,-0.3656,0.3327
4392,0.019,2523.95,-0.3197,-0.866,-0.1783
4393,-0.141,4247.13,2.223,1.0107,1.7379
4394,-0.003,3127.5,0.5709,-0.0928,0.6112
4395,0.018,2061.81,-1.0017,-1.5952,-0.9228
4396,0.001,3128.87,0.5729,-0.0913,0.6128
4397,0.007,3231.74,0.7247,0.0254,0.7319
4398,-0.001,3176.9,0.6437,-0.0363,0.6689
4399,0.003,2838.07,0.1438,-0.443,0.2536
4400,0.0,1542.46,-1.768,-2.6414,-1.9911
4401,-0.002,2809.88,0.1022,-0.479,0.2169
4402,-0.002,2264.73,-0.7022,-1.2567,-0.5772
4403,0.065,3188.73,0.6612,-0.0229,0.6826
4404,-0.002,1905.84,-1.2318,-1.8788,-1.2124
4405,0.0,3016.73,0.4074,-0.2229,0.4784
4406,-0.001,2859.15,0.1749,-0.4163,0.2809
4407,0.143,1507.72,-1.8193,-2.7235,-2.075
4408,0.005,3035.11,0.4345,-0.201,0.5008
4409,-0.009,1829.92,-1.3438,-2.0253,-1.362
4410,0.011,3184.27,0.6546,-0.028,0.6774
4411,-0.056,1848.95,-1.3158,-1.988,-1.324
4412,0.002,2187.62,-0.816,-1.3816,-0.7048
4413,-0.004,2094.4,-0.9536,-1.5386,-0.8651
4414,0.012,1770.59,-1.4314,-2.1442,-1.4834
4415,-0.016,2557.37,-0.2704,-0.8185,-0.1298
4416,-0.006,1222.92,-2.2395,-3.4782,-2.8455
4417,0.046,1666.91,-1.5844,-2.3617,-1.7055
4418,-0.003,2339.02,-0.5926,-1.1403,-0.4584
4419,0.001,2488.0,-0.3728,-0.9177,-0.2311
4420,0.007,2473.68,-0.3939,-0.9385,-0.2523
4421,0.001,2297.96,-0.6532,-1.2042,-0.5236
4422,0.004,2000.64,-1.0919,-1.7038,-1.0337
4423,0.008,1827.99,-1.3467,-2.0291,-1.3659
4424,0.007,2254.15,-0.7179,-1.2736,-0.5945
4425,-0.017,3020.6,0.4131,-0.2182,0.4831
4426,0.244,848.9747,-1.6149,-5.436,-2.0656
4427,0.011,2611.0192,0.7114,-0.2574,0.7606
4428,0.025,1121.6056,-1.2549,-4.1528,-1.3653
4429,0.246,3429.2092,1.7916,0.9996,1.4465
4430,-0.389,2627.9577,0.7338,-0.2275,0.7768
4431,0.049,1439.55,-0.8352,-3.0024,-0.7375
4432,0.049,2823.0501,0.9913,0.1027,0.957
4433,0.222,2373.2573,0.3975,-0.6976,0.5203
4434,0.686,3265.36,1.5753,0.7739,1.3233
4435,0.002,2490.51,0.5523,-0.4752,0.6417
4436,0.006,2408.4,0.4439,-0.6298,0.5573
4437,-0.004,2767.69,0.9182,0.0113,0.9072
4438,0.082,2889.73,1.2473,1.0034,0.8726
4439,0.013,1288.43,-0.6424,-1.4632,-0.3372
4440,0.237,4921.74,3.6453,2.63,1.6704
4441,0.247,2252.28,0.4951,0.2423,0.4993
4442,0.09,1795.38,-0.0441,-0.4501,0.1597
4443,-0.02,2548.6,-0.011,-1.2104,0.1759
4444,0.05,2904.01,0.3843,-0.345,0.5228
4445,0.018,2708.75,0.1671,-0.8064,0.3379
4446,-0.035,3111.05,0.6146,0.1115,0.7058
4447,0.117,2724.63,0.1848,-0.7677,0.3534
4448,0.014,2606.86,0.0538,-1.0606,0.236
4449,-0.203,3730.32,1.3034,1.3149,1.1883
4450,-0.02,1742.56,-0.9076,-3.7303,-0.8343
4451,0.028,2938.54,0.4227,-0.2667,0.5542
4452,-0.021,1454.85,-1.2276,-4.9262,-1.3137
4453,-0.016,3283.55,0.8065,0.4692,0.8492
4454,0.025,2782.31,0.249,-0.6288,0.4091
4455,0.017,2401.14,-0.175,-1.6055,0.0175
4456,0.148,2113.54,-0.4949,-2.4511,-0.3215
4457,-0.048,3027.01,0.5211,-0.07,0.6331
4458,0.074,2865.64,0.3416,-0.4332,0.4875
4459,-0.048,2990.11,0.4801,-0.1514,0.6005
4460,-0.042,2189.01,-0.411,-2.2185,-0.2282
4461,-0.116,1800.78,-0.8428,-3.5125,-0.747
4462,-0.042,3859.76,1.4474,1.5411,1.2789
4463,0.001,3077.77,0.5776,0.0402,0.6773
4464,0.016,2825.21,0.2967,-0.5274,0.4497
4465,-0.378,1503.42,-1.1736,-4.7085,-1.2264
4466,0.009,2118.37,-0.4896,-2.436,-0.3154
4467,0.144,1189.84,-1.5224,-6.2586,-1.8478
4468,0.111,1847.55,-0.7908,-3.3426,-0.6788
4469,-0.076,2736.92,0.1985,-0.7379,0.3653
4470,-0.041,2095.87,-0.5146,-2.5067,-0.3438
4471,-0.03,5021.48,2.7396,3.2854,1.9782
4472,-0.1116,1914.91,-0.7159,-3.1052,-0.5837
4473,-0.02,2111.65,-0.497,-2.457,-0.3238
4474,-0.003,2085.43,-0.5262,-2.5398,-0.357
4475,0.007,1913.48,-0.7175,-3.1102,-0.5857
4476,0.01,1859.27,-0.7778,-3.3006,-0.662
4477,-0.211,1238.14,-1.4686,-5.9949,-1.7421
4478,-0.005,2152.68,-0.4514,-2.3295,-0.2727
4479,-0.004,2091.01,-0.52,-2.5221,-0.3499
4480,-0.116,2082.59,-0.5294,-2.5489,-0.3607
4481,0.008,2033.81,-0.5836,-2.706,-0.4236
4482,0.047,2875.81,0.353,-0.4097,0.4969
4483,0.003,3156.36,0.665,0.2073,0.7443
4484,-0.131,899.95,-1.8448,-8.1084,-2.5894
4485,-0.019,3974.15,1.5747,1.7347,1.3565
4486,0.013,3692.18,1.261,1.2468,1.161
4487,-0.016,2742.54,0.2047,-0.7243,0.3708
4488,-0.017,2701.38,0.1589,-0.8245,0.3306
4489,0.0,2947.25,0.4324,-0.2471,0.5621
4490,-0.03,2507.27,-0.057,-1.3188,0.1325
4491,-0.31,270.945,-2.5445,-16.0516,-5.7737
4492,0.007,1766.75,-0.8807,-3.6389,-0.7977
4493,-0.027,2240.13,-0.3541,-2.0655,-0.1669
4494,-0.08,4151.91,1.7724,2.0248,1.4728
4495,0.0,1763.62,-0.8841,-3.6507,-0.8024
4496,-0.044,2057.87,-0.5568,-2.628,-0.3924
4497,-0.006,3064.01,0.5623,0.0105,0.6653
4498,0.007,2071.82,-0.5413,-2.5832,-0.3744
4499,0.001,3248.01,0.767,0.3971,0.8203
4500,0.003,1844.12,-0.7946,-3.3549,-0.6838
4501,0.022,3875.75,1.4652,1.5685,1.2899
4502,0.034,3651.05,1.2153,1.1725,1.1312
4503,-0.006,2738.28,0.2,-0.7346,0.3667
4504,-0.064,2525.4,-0.0368,-1.271,0.1516
4505,-0.029,1904.92,-0.727,-3.1399,-0.5976
4506,0.115,3343.47,0.8731,0.5891,0.8973
4507,-0.025,2538.05,-0.0227,-1.2379,0.1649
4508,-0.028,3361.89,0.8936,0.6255,0.9119
4509,0.036,2284.49,-0.3048,-1.9356,-0.1148
4510,-0.046,3287.24,0.8106,0.4767,0.8522
4511,-0.163,2214.44,-0.3827,-2.142,-0.1976
4512,0.007,1889.11,-0.7446,-3.1951,-0.6197
4513,0.024,3468.86,1.0126,0.8332,0.9952
4514,-0.036,1812.92,-0.8293,-3.468,-0.7291
4515,0.01,2396.36,-0.1803,-1.6187,0.0122
4516,-0.018,3659.07,1.2242,1.1871,1.137
4517,-0.026,3585.35,1.1422,1.0521,1.0829
4518,0.077,4714.65,2.3983,2.8674,1.8107
4519,-0.061,1817.11,-0.8247,-3.4527,-0.723
4520,0.236,1339.45,-1.356,-5.4738,-1.5332
4521,-0.029,3113.96,0.6179,0.1177,0.7083
4522,0.01,1485.5,-1.1935,-4.788,-1.2583
4523,0.013,3298.2,0.8228,0.4987,0.8611
4524,0.007,3102.19,0.6048,0.0926,0.6983
4525,-0.004,2386.27,-0.1916,-1.6466,0.001
4526,-0.032,4129.27,1.7472,1.9885,1.4583
4527,0.046,3593.42,1.1512,1.067,1.0889
4528,-0.02,1500.52,-1.1768,-4.7213,-1.2316
4529,0.004,3610.16,1.1698,1.0979,1.1013
4530,0.036,3198.11,0.7115,0.2944,0.7792
4531,-0.034,963.495,-1.7741,-7.6565,-2.4082
4532,-0.029,3275.44,0.7975,0.4528,0.8427
4533,0.115,1868.32,-0.7677,-3.2685,-0.6491
4534,0.004,3833.08,1.4177,1.4951,1.2605
4535,-0.007,1174.35,-1.5396,-6.3454,-1.8826
4536,-0.048,2378.03,-0.2007,-1.6696,-0.0082
4537,0.0,3667.82,1.2339,1.2029,1.1434
4538,0.002,2676.56,0.1313,-0.8857,0.3061
4539,0.006,3548.89,1.1016,0.9844,1.0558
4540,-0.054,1791.86,-0.8527,-3.5454,-0.7602
4541,0.018,1660.22,-0.9992,-4.0511,-0.9629
4542,-0.1,2964.39,0.4515,-0.2086,0.5775
4543,0.006,2947.58,0.4328,-0.2463,0.5624
4544,-0.019,2796.39,0.2646,-0.5954,0.4225
4545,-0.033,1727.55,-0.9243,-3.7876,-0.8573
4546,0.004,2893.1,0.3722,-0.37,0.5128
4547,-0.054,1058.82,-1.6681,-7.0315,-2.1577
4548,0.009,2546.37,-0.0135,-1.2162,0.1736
4549,0.039,1897.5,-0.7352,-3.1657,-0.608
4550,-0.028,1414.52,-1.2725,-5.1124,-1.3884
4551,0.0,1090.91,-1.6324,-6.8337,-2.0784
4552,0.256,1877.72,-0.7572,-3.2352,-0.6358
4553,0.066,2145.61,-0.4593,-2.3513,-0.2815
4554,0.005,1639.14,-1.0226,-4.1358,-0.9968
4555,-0.211,2420.74,-0.1532,-1.5516,0.0391
4556,-0.028,2412.95,-0.1619,-1.5729,0.0306
4557,-0.092,2184.59,-0.4159,-2.2319,-0.2336
4558,-0.014,3176.68,0.6876,0.2499,0.7613
4559,0.066,1648.41,-1.0123,-4.0984,-0.9819
4560,-0.015,3054.32,0.5515,-0.0105,0.6569
4561,-0.005,3683.64,1.2515,1.2314,1.1548
4562,-0.05,2936.24,0.4202,-0.2719,0.5522
4563,-0.034,1810.6,-0.8319,-3.4764,-0.7325
4564,-0.009,758.935,-2.0017,-9.2372,-3.0419
4565,0.0,3395.74,0.9313,0.6919,0.9385
4566,0.005,4521.46,2.1834,2.59,1.6995
4567,-0.02,2480.63,-0.0866,-1.3896,0.1041
4568,-0.297,2195.33,-0.404,-2.1994,-0.2206
4569,0.0,1843.6,-0.7952,-3.3567,-0.6845
4570,0.065,3027.74,0.522,-0.0684,0.6337
4571,-0.083,2350.68,-0.2312,-1.7462,-0.0389
4572,0.021,2746.46,0.2091,-0.7148,0.3746
4573,-0.06,309.685,-2.0544,-14.7491,-3.3534
4574,-0.164,2542.46,1.6309,0.9849,1.3219
4575,-0.091,2405.38,1.4047,0.5703,1.1987
4576,-0.026,2380.01,1.3628,0.4909,1.1752
4577,-0.201,3082.8,2.5228,2.4264,1.7503
4578,0.075,1547.96,-0.0106,-2.7265,0.2191
4579,0.111,715.925,-1.3839,-8.4915,-1.494
4580,-0.244,2590.35,1.71,1.1245,1.3634
4581,-0.001,2179.35,1.0316,-0.1679,0.9794
4582,0.015,2197.01,1.0607,-0.1075,0.9973
4583,-0.024,2003.84,0.7419,-0.7959,0.7928
4584,0.07,1269.46,-0.4703,-4.2097,-0.2216
4585,0.401,1665.46,0.1834,-2.1793,0.3817
4586,-0.046,885.609,-1.1038,-6.9018,-1.0216
4587,0.001,1396.26,-0.261,-3.4978,-0.0101
4588,-0.003,1561.11,0.0111,-2.6632,0.2379
4589,0.354,2750.54,1.9744,1.5733,1.4968
4590,0.073,1900.56,0.5714,-1.1917,0.6752
4591,0.141,1961.52,0.672,-0.9556,0.7453
4592,-0.057,1398.4,-0.2574,-3.4864,-0.0067
4593,-0.065,1688.15,0.2208,-2.0781,0.4118
4594,0.115,1202.56,-0.5807,-4.6146,-0.3419
4595,0.195,1173.07,-0.6293,-4.8002,-0.3971
4596,-0.023,1889.19,0.5527,-1.2366,0.6618
4597,-0.002,1931.58,0.6226,-1.0706,0.7112
4598,0.074,1876.58,0.5318,-1.2867,0.647
4599,0.01,1513.22,-0.0679,-2.8962,0.1687
4600,-0.065,2424.81,1.4367,0.6304,1.2166
4601,-0.023,1797.52,0.4013,-1.6086,0.5513
4602,0.033,1468.46,-0.1418,-3.1208,0.1019
4603,0.114,1331.49,-0.3679,-3.853,-0.1156
4604,0.051,2643.21,1.7972,1.2756,1.4083
4605,0.108,1554.98,0.001,-2.6926,0.2292
4606,0.181,2176.1438900000003,0.009849999999999992,-0.9807600000000001,0.012870000000000003
4607,0.055,2699.3734400000003,-0.04786999999999999,-0.30348,-0.046020000000000005
4608,-0.066,2655.6453,-0.0675,0.7125,-0.0424
4609,-0.001,2148.22419,-0.28865999999999997,-0.31208,-0.23364
4610,3.25,4870.979,2.6651,2.6452,1.7343
4611,0.029,2173.6536,-0.662,0.0745,-0.6289
4612,0.0,4419.9787,2.1088,2.3356,1.4497
4613,0.095,2627.9741,-0.1016,0.6791,-0.073
4614,0.026,2454.3516,-0.3158,0.4614,-0.2732
4615,0.019,2265.8497,-0.5483,0.2068,-0.5072
4616,-0.067,3175.0426,0.5732,1.2816,0.4808
4617,-0.03,3566.4154,1.0559,1.6519,0.8213
4618,0.029,2752.2229,0.0516,0.8263,0.0622
4619,0.069,2233.1814,-0.5886,0.1606,-0.5498
4620,-0.328,2796.4835,0.1062,0.8771,0.109
4621,-0.008,2298.2801,-0.5083,0.2521,-0.4656
4622,-0.003,2722.9307,0.0155,0.7922,0.0309
4623,0.032,1816.1739,-1.103,-0.4978,-1.155
4624,-0.005,4901.0411,2.7022,2.6648,1.7524
4625,-0.027,2381.9306,-0.4051,0.366,-0.3609
4626,-0.004,2997.2118,0.3538,1.098,0.312
4627,0.129,3307.6279,0.7367,1.4119,0.6006
4628,0.012,2711.3913,0.0013,0.7787,0.0185
4629,0.032,2919.564,0.258,1.0143,0.2351
4630,0.129,4493.3537,2.1993,2.388,1.498
4631,0.044,1923.3553,-0.9708,-0.3152,-0.9871
4632,0.042,1895.382,-1.0053,-0.3619,-1.03
4633,0.074,2433.2137,-0.3419,0.4338,-0.2986
4634,0.073,2430.3802,-0.3454,0.4301,-0.302
4635,0.0,3175.4727,0.5737,1.282,0.4812
4636,0.001,1464.3142,-1.537,-1.1837,-1.7856
4637,0.201,2739.3583,0.0358,0.8114,0.0485
4638,0.033,2553.3282,-0.1937,0.5873,-0.1574
4639,-0.021,1173.4851,-1.8957,-1.8888,-2.4337
4640,0.01,2564.0004,-0.1805,0.6006,-0.1452
4641,0.059,1835.7746,-1.0788,-0.4636,-1.1236
4642,0.052,1650.9131,-1.3068,-0.8017,-1.4344
4643,-0.002,2457.5055,-0.3119,0.4655,-0.2695
4644,0.078,1999.2503,-0.8772,-0.1919,-0.8738
4645,-0.013,1566.8588,-1.4105,-0.9681,-1.5874
4646,0.005,3090.73026,0.21049,-0.6710900000000001,0.21378000000000003
4647,-1.11,3714.4006,1.2385,1.7815,0.9403
4648,0.007,3043.6829,0.4111,1.147,0.357
4649,-0.063,1594.8424,-1.376,-0.9117,-1.5356
4650,0.039,1815.5366,-1.1038,-0.4989,-1.1561
4651,0.022,2469.1912,-0.2975,0.4806,-0.2556
4652,-0.203,2040.3157,-0.8265,-0.1272,-0.8143
4653,-0.013,1843.6133,-1.0691,-0.4501,-1.1111
4654,0.011,2856.0498,0.1797,0.9443,0.1707
4655,0.034,1550.3644,-1.4309,-1.0018,-1.6184
4656,0.0,2118.2376,-0.7304,-0.0078,-0.7045
4657,0.067,2984.8097,0.3385,1.0848,0.2998
4658,0.167,1480.1881,-1.5174,-1.1493,-1.754
4659,-0.002,1894.017,-1.007,-0.3642,-1.0322
4660,0.046,2743.3294,0.0407,0.816,0.0528
4661,-0.005,2367.3912,-0.4231,0.3465,-0.3789
4662,-0.04,3059.9394,0.4312,1.1639,0.3727
4663,-0.024,2611.7877,-0.1216,0.6594,-0.0911
4664,0.036,2438.5808,-0.3352,0.4409,-0.2921
4665,-0.026,3012.5761,0.3728,1.1143,0.327
4666,-0.22,2309.5314,-0.4944,0.2677,-0.4513
4667,0.171,2035.5794,-0.8323,-0.1346,-0.8211
4668,-0.014,2677.1656,-0.0409,0.7382,-0.0187
4669,0.145,3761.8466,1.297,1.8219,0.9775
4670,0.077,2828.3868,0.1456,0.9133,0.1422
4671,0.016,2275.3327,-0.5366,0.2201,-0.495
4672,0.003,2272.3234,-0.5403,0.2159,-0.4989
4673,0.056,2585.9344,-0.1535,0.6278,-0.1203
4674,0.022,2257.35601,-0.36608,0.15043,-0.43158
4675,-0.014,2552.2424,-0.195,0.586,-0.1587
4676,-0.01,1917.6055,-0.9779,-0.3247,-0.9959
4677,-0.158,2576.3377,-0.1653,0.6159,-0.1312
4678,0.062,1485.6794,-1.5106,-1.1376,-1.7432
4679,0.058,2345.3538,-0.4502,0.3167,-0.4063
4680,0.092,2726.7936,0.0203,0.7967,0.0351
4681,0.049,2319.18993,0.1109,-0.60558,0.014929999999999999
4682,-0.133,2389.2837,-0.3961,0.3758,-0.3519
4683,0.712,4310.578,1.9739,2.2557,1.3763
4684,0.019,2953.3927,0.2998,1.051,0.2689
4685,-0.005,2569.7916,-0.1734,0.6078,-0.1386
4686,-0.208,2705.1906,-0.0064,0.7714,0.0118
4687,0.014,2231.6302,-0.5905,0.1583,-0.5518
4688,0.014,2762.6056,0.0644,0.8383,0.0733
4689,0.001,2891.7791,0.2238,0.9839,0.2071
4690,0.045,3855.4356,1.4124,1.9002,1.0495
4691,-0.061,2506.92234,0.08879,-1.31123,0.08557999999999999
4692,0.01,2511.1149,-0.2458,0.5342,-0.2063
4693,0.02,4132.6141,1.7543,2.1214,1.2528
4694,-0.007,4224.9415,1.8682,2.1918,1.3176
4695,-0.001,2347.8667,-0.4471,0.3201,-0.4031
4696,0.055,2611.8084,-0.1216,0.6595,-0.0911
4697,0.03,2185.3631,-0.6476,0.0916,-0.6132
4698,-0.01,2620.1435,-0.1113,0.6696,-0.0818
4699,-0.047,2595.5312,-0.1416,0.6396,-0.1094
4700,-0.008,4189.3156,1.8243,2.1648,1.2928
4701,-0.082,3059.5982,0.4308,1.1636,0.3723
4702,0.135,3790.8126,1.3327,1.8463,1.0
4703,0.071,1795.6813,-1.1283,-0.534,-1.1883
4704,0.058,1660.2616,-1.2953,-0.7837,-1.4179
4705,0.036,3288.0277,0.7125,1.393,0.5832
4706,0.009,2308.1871,-0.4961,0.2658,-0.453
4707,0.018,2170.8336,-0.6655,0.0704,-0.6327
4708,-0.001,2369.1906,-0.4208,0.3489,-0.3766
4709,0.053,2826.7529,0.1436,0.9114,0.1405
4710,-0.038,2335.757,-0.4621,0.3036,-0.4183
4711,-0.271,3049.3602,0.4182,1.1529,0.3625
4712,0.127,3251.2746,0.6672,1.3572,0.5503
4713,0.328,5238.2777,3.1182,2.8768,1.9473
4714,0.07,2859.9692,0.1845,0.9486,0.1747
4715,0.175,5267.3678,3.1541,2.8944,1.9635
4716,-0.01,3352.7334,0.7924,1.4551,0.6403
4717,-0.004,2417.8465,-0.3608,0.4137,-0.3171
4718,0.008,2682.9774,-0.0338,0.7451,-0.0124
4719,0.016,2828.4075,0.1456,0.9133,0.1422
4720,1.55,5760.98,3.7629,3.1799,2.2259
4721,-0.277,2445.2924,-0.327,0.4496,-0.2841
4722,0.142,2524.7241,-0.229,0.5514,-0.1904
4723,0.584,3628.69308,1.43296,1.5744099999999999,0.9266500000000001
4724,0.027,6229.6075,4.341,3.429,2.455
4725,-0.189,3218.5857,0.6269,1.325,0.5207
4726,0.001,2701.3333,-0.0111,0.7668,0.0076
4727,0.003,2633.277,-0.0951,0.6856,-0.0671
4728,-0.049,2351.3828,-0.4428,0.3249,-0.3987
4729,0.009,2283.2852,-0.5268,0.2312,-0.4848
4730,-0.021,2223.2951,-0.6008,0.1464,-0.5628
4731,0.114,2958.6875,0.3063,1.0567,0.2741
4732,0.07,2760.5684,0.0619,0.8359,0.0711
4733,0.033,2101.8569,-0.7506,-0.0325,-0.7273
4734,-0.087,1999.9742,-0.8763,-0.1908,-0.8728
4735,0.0,2741.2301,0.0381,0.8135,0.0505
4736,0.032,2303.5024,-0.5019,0.2593,-0.459
4737,0.021,2870.1554,0.1971,0.96,0.1851
4738,0.074,2175.0632,-0.6603,0.0766,-0.627
4739,0.092,2572.2011,-0.1704,0.6108,-0.1359
4740,0.0,4586.8879,2.3147,2.4537,1.5583
4741,1.75,7983.6102,6.5045,4.2195,3.1817
4742,0.036,3141.8324,0.5322,1.2481,0.45
4743,0.011,3853.4811,1.41,1.8986,1.048
4744,0.03,1172.3566,-1.1879,-3.9488,-1.254
4745,0.004,1961.0437,-0.1467,-1.5773,0.0402
4746,-0.001,220.1546,-2.445,-11.6465,-5.4548
4747,0.0,1225.1075,-1.1183,-3.7459,-1.1433
4748,0.266,1742.5977,-0.4351,-2.1217,-0.2569
4749,0.032,1943.9731,-0.1692,-1.6176,0.0183
4750,-0.195,1291.6375,-1.0305,-3.5022,-1.0103
4751,-0.006,2454.5883,0.5049,-0.5422,0.6051
4752,0.0,2374.5817,0.3992,-0.695,0.5217
4753,0.072,2002.3428,-0.0922,-1.4812,0.0927
4754,-0.001,2367.514,0.3899,-0.7088,0.5142
4755,-0.062,2341.8849,0.3561,-0.759,0.4868
4756,0.003,1940.1801,-0.1743,-1.6266,0.0133
4757,-0.014,2967.9725,1.1826,0.3335,1.083
4758,-0.002,1270.7036,-1.0581,-3.5775,-1.0514
4759,0.0,2556.6716,0.6396,-0.3543,0.7076
4760,0.066,1715.7909,-0.4705,-2.1932,-0.2959
4761,0.157,1630.4956,-0.5831,-2.4283,-0.4242
4762,0.065,2152.2477,0.1057,-1.1483,0.2743
4763,0.023,1479.74,-0.7821,-2.8755,-0.6682
4764,-0.003,2578.5307,0.6685,-0.3151,0.7291
4765,0.056,1213.08,-1.1342,-3.7914,-1.1681
4766,0.124,2707.3848,0.8386,-0.0902,0.8518
4767,0.035,1957.8899,-0.1509,-1.5847,0.0362
4768,0.038,2697.3349,0.8253,-0.1074,0.8424
4769,0.103,3973.32,2.5261,1.9761,1.3497
4770,0.032,1834.51,0.002,-0.3843,0.192
4771,-0.002,2592.8,0.8969,0.6723,0.7102
4772,-0.366,2899.24,1.2586,1.0135,0.8776
4773,0.033,1976.49,0.1696,-0.1566,0.3036
4774,0.29,1563.17,-0.3182,-0.873,-0.0477
4775,0.135,2657.1,0.9728,0.7471,0.7469
4776,0.005,2391.42,0.6593,0.4254,0.5891
4777,-0.14,2193.89,0.4262,0.1621,0.4599
4778,-0.001,2133.43,0.3548,0.0767,0.4181
4779,0.466,3933.29,2.4789,1.9452,1.3345
4780,0.015,3035.81,1.4197,1.1541,0.9465
4781,-0.05,3360.54,1.8029,1.4645,1.0988
4782,0.031,2465.18,0.7463,0.5181,0.6346
4783,-0.401,951.228,-1.0403,-2.3894,-0.7915
4784,-0.001,1194.42,-0.7533,-1.6945,-0.4507
4785,-0.111,2511.18,0.8006,0.5746,0.6623
4786,0.099,2329.72,0.5865,0.3455,0.5499
4787,0.059,2539.49,0.834,0.6088,0.6791
4788,-0.212,2204.4171499999998,-0.12874000000000002,-1.13646,-0.13891
4789,0.228,2349.93,0.6103,0.3719,0.5629
4790,0.033,616.171,-1.4357,-3.7144,-1.4414
4791,0.044,1047.55,-0.9267,-2.095,-0.6471
4792,0.556,2192.41,1.5149,1.6875,1.0065
4793,-0.027,1789.17,0.7233,0.8664,0.5476
4794,0.0,1450.19,0.0579,0.018,0.0735
4795,-0.027,2930.52,1.2955,1.0463,0.8936
4796,-0.007,5425.74,4.2401,2.9278,1.8165
4797,-0.0396,478.628,-1.598,-4.4848,-1.8192
4798,0.31,3329.29,1.7661,1.4359,1.0848
4799,0.04069999999999999,2212.54,0.4482,0.1879,0.4726
4800,-0.231,1792.38,-0.6036,-2.0433,-0.5067
4801,-0.064,1948.22,-0.4141,-0.9597499999999999,-0.291
4802,-0.077,1937.92,-0.4266,-0.6378,-0.3048
4803,-0.028,2085.41,-0.2472,-0.9196200000000001,-0.115
4804,0.236,2232.29,-0.0686,-0.37218999999999997,0.0611
4805,0.194,2576.11,0.3495,0.15814,0.4317
4806,-0.039,3895.35,1.9539,1.94488,1.5016
4807,-0.049,2364.76,0.0925,-0.36211999999999994,0.2102
4808,-0.097,2044.76,-0.2967,-1.1433300000000002,-0.1659
4809,-0.416,1919.67,-0.4488,-1.521,-0.3292
4810,-0.307,3442.74,1.4034,1.14013,1.182
4811,0.01,2990.41,0.8534,0.47912,0.8176
4812,-0.34,503.863,-2.1706,-6.14696,-3.7876
4813,-0.246,2016.36,-0.3312,-0.96219,-0.2021
4814,-0.045,2268.58,-0.0245,-0.45729,0.1028
4815,0.07,1511.09,-0.9457,-2.5366500000000003,-0.9483
4816,0.32,882.285,-1.7104,-3.4019800000000004,-2.3398
4817,0.041,3079.74,0.962,1.1602900000000003,0.8937
4818,0.005,2731.15,0.5381,0.36607,0.5829
4819,-0.005,3461.9,1.4267,0.91282,1.1964
4820,-0.114,1877.43,-0.5002,-1.6923199999999998,-0.3868
4821,-0.111,2271.02,-0.0215,-0.25361,0.1056
4822,-0.15,1960.79,-0.3988,-1.15803,-0.2744
4823,0.151,1785.76,-0.6116,-1.69804,-0.5163
4824,0.01809999999999999,745.142,-1.8772,-4.7341999999999995,-2.7765
4825,0.076,3512.49,1.4883,1.49531,1.2339
4826,0.026,2664.58,0.4571,0.29081000000000007,0.5191
4827,0.361,1955.23,-0.4055,-1.25225,-0.2818
4828,-0.431,1096.4,-1.45,-3.5563500000000006,-1.778
4829,0.085,1976.94,-0.3791,-1.09641,-0.2532
4830,0.09,1743.72,-0.6628,-1.61172,-0.5779
4831,-0.086,2376.45,0.1067,-0.36478,0.223
4832,0.007,1928.09,-0.4386,-1.21469,-0.3179
4833,-0.135,2461.71,0.2104,0.06855000000000004,0.3142
4834,0.0,1747.99,-0.6576,-1.9493499999999997,-0.5716
4835,0.037,1828.27,-0.5599,-1.6238299999999999,-0.4554
4836,0.016,2564.76,0.3357,0.00872999999999997,0.4203
4837,0.0,2803.74,0.6263,0.8194799999999999,0.6508
4838,0.129,2329.69,0.0498,-0.55583,0.1716
4839,-0.127,2578.05,0.3519,0.3472,0.4337
4840,0.029,2568.12,0.3398,0.07557,0.4237
4841,-0.052,1744.51,-0.6618,-1.14638,-0.5767
4842,-0.09,1526.34,-0.9271,-2.5365200000000003,-0.9223
4843,-0.294,2074.83,-0.2601,-0.78124,-0.1282
4844,-0.042,1941.4,-0.4224,-1.04286,-0.3001
4845,0.022,1567.94,-0.8765,-1.8875100000000002,-0.8528
4846,-0.007,2117.03,-0.2088,-0.72482,-0.0761
4847,-0.266,998.813,-1.5687,-4.41521,-2.019
4848,-0.011,1564.09,-0.8812,-2.14074,-0.8591
4849,-0.128,2337.2,0.059,-0.39282,0.1799
4850,-0.037,1467.72,-0.9984,-2.4144799999999997,-1.0236
4851,0.053,2085.0,-0.2477,-0.8706800000000001,-0.1155
4852,-0.103,1094.27,-1.4526,-3.61189,-1.783
4853,0.131,3025.53,0.8961,0.46475,0.8478
4854,-0.089,2486.67,0.2407,-0.3510599999999999,0.3403
4855,-0.135,1584.29,-0.8567,-2.25401,-0.8259
4856,0.21,2356.1,0.082,-0.34903000000000006,0.2007
4857,-0.067,1671.36,-0.7508,-1.7431899999999998,-0.6876
4858,-0.001,2064.3,-0.2729,-1.17775,-0.1413
4859,-0.046,2529.61,0.293,0.47933000000000003,0.3846
4860,0.014,984.691,-1.5858,-3.76314,-2.0559
4861,-0.108,2400.06,-0.2417,-1.1688,-0.0872
4862,0.378,4131.38,1.6475,0.8002,1.2911
4863,0.226,3643.97,1.1157,0.345,0.9725
4864,0.02,1817.19,-0.8777,-2.1772,-0.7931
4865,0.07,2592.58,-0.0316,-0.8891,0.1086
4866,-0.113,2032.86,-0.6424,-1.7707,-0.5086
4867,0.381,3979.4,1.4817,0.6643,1.196
4868,-0.019,1989.38,-0.6898,-1.849,-0.5634
4869,0.013,2354.24,-0.2917,-1.2386,-0.1361
4870,0.036,2260.75,-0.3937,-1.3855,-0.239
4871,0.06,2823.05,0.2199,-0.5803,0.3247
4872,-0.123,1499.28,-1.2246,-2.8741,-1.2811
4873,-0.019,1283.07,-1.4605,-3.4384,-1.6761
4874,-0.046,2381.32,-0.2621,-1.1972,-0.1071
4875,-0.071,1825.81,-0.8683,-2.16,-0.7811
4876,0.044,1455.25,-1.2727,-2.9821,-1.3567
4877,-0.041,3183.01,0.6127,-0.1453,0.6293
4878,0.003,2177.56,-0.4845,-1.5214,-0.3341
4879,-0.046,2066.5,-0.6057,-1.7112,-0.4669
4880,-0.25,2017.51,-0.6591,-1.7981,-0.5278
4881,-0.083,2310.14,-0.3398,-1.3072,-0.1841
4882,0.002,2067.55,-0.6045,-1.7093,-0.4656
4883,-0.048,3438.14,0.8911,0.1342,0.825
4884,-0.139,2045.44,-0.6286,-1.7483,-0.4929
4885,0.262,2301.32,-0.3494,-1.321,-0.1938
4886,-0.021,2959.37,0.3686,-0.4094,0.4444
4887,-0.541,4145.66,1.6631,0.8127,1.2999
4888,0.013,3440.86,0.894,0.1371,0.827
4889,-0.114,2089.31,-0.5808,-1.6714,-0.4391
4890,-0.026,5032.2,2.6305,1.5153,1.7918
4891,0.021,3733.26,1.2131,0.4328,1.034
4892,-0.531,3387.11,0.8354,0.08,0.787
4893,-0.143,3109.12,0.532,-0.2304,0.5697
4894,-0.119,2941.55,0.3492,-0.4313,0.4291
4895,0.006,2002.76,-0.6752,-1.8247,-0.5464
4896,-0.032,3385.65,0.8338,0.0785,0.7859
4897,0.006,3340.52,0.7845,0.0298,0.7518
4898,0.037,1890.6,-0.7976,-2.0336,-0.6927
4899,0.131,2999.59,0.4125,-0.3604,0.4786
4900,0.181,2373.93,-0.2702,-1.2084,-0.115
4901,0.031,1802.8,-0.8934,-2.206,-0.8133
4902,-0.056,4397.02,1.9374,1.0261,1.4493
4903,0.528,6303.84,4.0181,2.3322,2.3636
4904,-0.02,2552.17,-0.0757,-0.946,0.0687
4905,0.006,2142.4,-0.5228,-1.5804,-0.3754
4906,0.008,768.646,-2.0219,-5.2947,-2.9756
4907,-0.364,2128.62,-0.5379,-1.6038,-0.3918
4908,0.26,2893.81,0.2971,-0.4906,0.3875
4909,0.345,2764.174,0.7735100000000001,0.7968900000000001,0.50369
4910,0.027,3688.17,1.6608,2.2617,1.1536
4911,-0.016,1903.03,-0.4453,-0.2491,-0.4002
4912,0.001,1758.5,-0.7041,-1.3126,-0.7792
4913,0.031,1401.78,-1.0742,-2.6936,-1.3453
4914,-0.071,2445.12,0.0081,0.6955,0.0441
4915,0.05,2222.36,-0.223,0.1136,-0.1945
4916,-0.11,3537.77,1.1416,2.9463,0.9668
4917,0.031,3960.46,1.5801,3.634,1.2487
4918,-0.106,3335.1,0.9313,2.5868,0.8194
4919,0.013,2470.06,0.034,0.7574,0.0694
4920,0.041,2119.91,-0.3292,-0.174,-0.3124
4921,0.411,4192.86,1.8211,3.9815,1.3912
4922,2.53,7948.6,12.815,6.8918,3.915
4923,-0.0875,974.235,-0.8765,-1.5884,-0.8243
4924,-0.252,2075.54,1.2855,1.4662,0.8828
4925,0.024,2918.44,2.9402,2.8431,1.6523
4926,-0.015,933.192,-0.9571,-1.7622,-0.9214
4927,-0.083,2683.3,2.4786,2.5037,1.4627
4928,0.633,5148.3,7.3177,5.1366,2.9341
4929,-0.0766,543.265,-1.7226,-3.9457,-2.1417
4930,0.0,1907.82,0.9562,1.1258,0.6926
4931,0.072,1705.71,0.5595,0.6735,0.4398
4932,-0.163,1892.35,0.9259,1.0929,0.6742
4933,-0.037,2050.43,1.2362,1.417,0.8553
4934,0.07,925.947,-0.9713,-1.7937,-0.939
4935,-0.231,714.346,-1.3867,-2.841,-1.5243
4936,-0.215,863.963,-1.093,-2.0734,-1.0953
4937,0.679,2884.51,2.8736,2.7959,1.6259
4938,0.07,1849.28,0.8413,0.9999,0.6222
4939,-0.06,1416.93,-0.0074,-0.0757,0.0211
4940,0.257,1120.13,-0.5901,-1.025,-0.5094
4941,0.678,3117.53,3.331,3.1097,1.8014
4942,0.004,899.762,-1.0227,-1.9095,-1.0037
4943,0.196,1585.89,0.3242,0.3793,0.2754
4944,-0.079,1754.98,0.6562,0.7885,0.5041
4945,-0.117,842.366,-1.1354,-2.1756,-1.1524
4946,-0.014,889.364,-1.0431,-1.9564,-1.03
4947,-0.336,1937.5,1.0145,1.1882,0.7274
4948,0.015,1270.86,-0.2942,-0.5151,-0.2245
4949,0.56,2741.1,2.5921,2.5898,1.5108
4950,0.023,1092.08,-0.6452,-1.1274,-0.5666
4951,-0.011,1314.77,-0.208,-0.3779,-0.1478
4952,-0.023,1478.96,0.1143,0.0973,0.1178
4953,0.006,1511.5637,-1.4787,-1.0825,-1.6926
4954,0.017,1804.4507,-1.1174,-0.5185,-1.174
4955,-0.132,1899.0739,-1.0007,-0.3557,-1.0243
4956,0.093,1887.988,-1.0144,-0.3743,-1.0415
4957,-0.091,2543.0639999999994,0.1637,0.6569200000000001,0.12729
4958,-0.012,1990.8531,-0.8875,-0.2053,-0.8861
4959,0.104,1519.1025,-1.4694,-1.0667,-1.678
4960,-0.0268,1462.4734,-1.5393,-1.1877,-1.7893
4961,0.129,3188.7303,0.5901,1.2953,0.4934
4962,0.0,2014.7209,-0.8581,-0.1674,-0.8512
4963,-0.011,2193.0467,-0.6381,0.1028,-0.6029
4964,-0.636,1721.2237,-1.2201,-0.6689,-1.3123
4965,-0.071,3410.2932,0.8634,1.5093,0.6901
4966,-0.027,1891.3282,-1.0103,-0.3687,-1.0363
4967,0.006,2137.5759,-0.7065,0.0212,-0.6779
4968,0.032,2888.3148,0.2195,0.9801,0.2036
4969,-0.09,2393.2755,-0.3911,0.3811,-0.347
4970,-0.046,4578.2115,2.304,2.4476,1.5528
4971,-0.163,3019.9909,0.3819,1.1221,0.3342
4972,0.0,2610.3399,-0.1234,0.6577,-0.0928
4973,0.037,2394.8887,-0.3891,0.3833,-0.345
4974,0.002,1722.1751,-1.2189,-0.6671,-1.3107
4975,0.157,2756.68,0.0571,0.8315,0.067
4976,-0.148,3124.2935,0.5106,1.2303,0.4336
4977,0.092,2403.2342,-0.3788,0.3943,-0.3349
4978,-0.08,2222.3437,-0.602,0.1451,-0.564
4979,0.145,2495.3237,-0.2653,0.5141,-0.2247
4980,0.046,3279.827,0.7024,1.385,0.5759
4981,0.013,2269.1796,-0.5442,0.2115,-0.5029
4982,0.028,2501.0838,-0.2581,0.5215,-0.218
4983,-0.011,2730.22,-0.0154,-0.5827,0.111
4984,-0.001,2852.4,0.1649,-0.4248,0.2722
4985,0.004,2391.56,-0.5151,-1.0602,-0.3766
4986,0.0,2789.23,0.0717,-0.5056,0.1897
4987,0.002,2611.85,-0.19,-0.7425,-0.0522
4988,0.002,2696.35,-0.0654,-0.6277,0.065
4989,0.003,3399.46,0.9722,0.2079,0.9182
4990,-0.011,3152.77,0.6081,-0.0638,0.6408
4991,0.002,2416.92,-0.4777,-1.0222,-0.3378
4992,-0.005,1727.99,-0.1237,-0.5669,0.1024
4993,0.138,4052.6,2.6197,2.0365,1.3793
4994,-0.143,476.634,-1.6004,-4.4975,-1.8255
4995,0.032,1816.16,-0.0196,-0.415,0.1769
4996,0.421,3004.27,1.3825,1.1222,0.9309
4997,0.017,2220.17,0.4572,0.1984,0.4778
4998,-0.071,649.903,-1.3959,-3.5518,-1.3616
4999,-0.025,1759.17,-0.0869,-0.5123,0.1292
5000,-0.004,1831.42,-0.0016,-0.3894,0.1895
5001,0.054,1620.59,-0.2504,-0.7629,0.0063
5002,0.01,334.906,-1.7677,-5.573,-2.353
5003,-0.111,2156.27,0.3818,0.1092,0.434
5004,0.004,605.278,-1.4486,-3.7688,-1.4681
5005,-0.081,491.015,-1.5834,-4.4069,-1.781
5006,0.117,1164.51,-0.7886,-1.7719,-0.4886
5007,-0.103,1507.77,-0.3835,-0.9832,-0.1018
5008,-0.444,1497.56,-0.3956,-1.0039,-0.112
5009,0.049,1939.33,0.1257,-0.2146,0.2752
5010,-0.025,1643.23,-0.2237,-0.7205,0.0271
5011,-0.053,1824.01,-0.0103,-0.4018,0.1834
5012,0.012,2309.2,0.5622,0.3185,0.5367
5013,-1.29,83.5212,-2.0643,-9.7889,-4.4208
5014,0.435,3030.65707,1.08544,0.2811800000000001,0.56816
5015,-0.213,2422.8215,-0.3547,0.4202,-0.3111
5016,-0.024,2524.5866,-0.2292,0.5513,-0.1906
5017,0.097,1893.3242,-1.0078,-0.3653,-1.0332
5018,0.012,2593.9697,-0.1436,0.6376,-0.1112
5019,-0.222,3080.4165,0.4565,1.1852,0.3922
5020,0.026,1172.0993,-1.8974,-1.8925,-2.4372
5021,0.131,3487.2941,0.9583,1.5804,0.7555
5022,-0.045,2307.2475,-0.4972,0.2645,-0.4542
5023,0.028,2063.1493,-0.7983,-0.0917,-0.7817
5024,0.053,1068.5186,-2.0252,-2.1871,-2.708
5025,-0.215,2764.3439,0.0666,0.8403,0.0751
5026,0.776,3704.7985,1.2266,1.7732,0.9328
5027,-0.106,2409.834,-0.3707,0.4031,-0.3268
5028,-0.009,2177.40195,-0.24098999999999995,-1.7229799999999997,-0.32251
5029,0.015,2319.5383,-0.4821,0.2814,-0.4387
5030,-0.011,2588.9813,-0.1497,0.6315,-0.1168
5031,-0.101,2684.9836,-0.0313,0.7475,-0.0102
5032,-0.602,2973.6021,0.3247,1.0728,0.2888
5033,0.216,2619.1201,-0.1125,0.6684,-0.0829
5034,0.055,2247.646,-0.5708,0.1811,-0.5309
5035,0.0,2314.1144,-0.4888,0.274,-0.4455
5036,0.036,2850.5931,0.173,0.9382,0.1651
5037,-0.067,2750.5919,0.0496,0.8244,0.0605
5038,0.015,2128.9305,-0.7172,0.0083,-0.6898
5039,0.122,1087.2177,-2.0021,-2.1319,-2.6573
5040,-0.019,1481.5222,-1.5158,-1.1465,-1.7514
5041,0.028,1492.091,-1.5027,-1.1238,-1.7306
5042,-0.013,2318.7456,-0.4831,0.2803,-0.4397
5043,0.045,1774.3678,-1.1545,-0.572,-1.2232
5044,0.016,2071.1535,-0.7885,-0.0794,-0.7703
5045,-0.017,1574.863,-1.4006,-0.9519,-1.5725
5046,-0.34,1746.105,-1.1894,-0.6231,-1.2702
5047,0.086,1524.418,-1.4629,-1.0556,-1.6678
5048,0.113,2530.3822200000004,-0.11845999999999998,0.09247999999999998,-0.07315
5049,0.004,2380.41334,-0.38113,-0.09496000000000007,-0.27593
5050,-0.004,2478.53859,0.16130000000000003,0.051930000000000046,0.05200999999999998
5051,0.02,1539.8989,-1.4438,-1.0234,-1.6382
5052,0.042,2265.7047,-0.23283000000000004,-1.4071200000000001,-0.24210000000000004
5053,0.164,1730.8825,-1.2082,-0.651,-1.2959
5054,-0.059,2290.95,-0.2094,-0.7994,-0.0961
5055,0.006,2954.25,0.7067,0.6008,0.7707
5056,0.0,3453.5,1.3963,1.4607,1.3029
5057,0.007,3232.54,1.0911,1.0965,1.0775
5058,-0.056,2841.68,0.5513,0.3869,0.6382
5059,0.01,3085.61,0.8882,0.8404,0.919
5060,-0.03,2478.96,0.0503,-0.3651,0.1727
5061,-0.0165,2478.23,0.0493,-0.3667,0.1717
5062,0.019,3224.94,1.0806,1.0836,1.0695
5063,0.001,3013.76,0.7889,0.7106,0.8386
5064,-0.002,3402.4,1.3257,1.3786,1.2521
5065,-0.007,5263.24,3.8958,3.7812,2.7394
5066,-0.032,3878.47,1.9832,2.0998,1.6986
5067,-0.102,5302.31,3.9498,3.8219,2.7647
5068,-0.054,2225.42,-0.2999,-0.9592,-0.195
5069,-0.069,4097.25,2.2854,2.402,1.8857
5070,0.011,3253.68,1.1203,1.1324,1.0998
5071,0.0,3153.29,0.9816,0.9599,0.9929
5072,-0.035,3832.22,1.9194,2.0337,1.6577
5073,-0.048,3689.29,1.7219,1.8244,1.5281
5074,-0.061,3020.37,0.7981,0.7227,0.8461
5075,-0.034,2256.0,-0.2577,-0.884,-0.1485
5076,-0.006,2901.64,0.6341,0.5019,0.7094
5077,-0.011,2910.22,0.6459,0.5181,0.7195
5078,0.009,2319.36,-0.1701,-0.7315,-0.0541
5079,0.002,3742.29,1.7952,1.9029,1.5767
5080,-0.031,2132.03,-0.4289,-1.1952,-0.3411
5081,0.021,2595.7,0.2115,-0.1117,0.3296
5082,-0.039,4120.25,2.3172,2.4328,1.9047
5083,-0.025,3255.16,1.1223,1.1349,1.1013
5084,-0.04,2194.14,-0.3431,-1.0371,-0.2433
5085,-0.026,2219.72,-0.3078,-0.9733,-0.2038
5086,0.042,1841.58,-0.8622,-1.0314,-0.6639
5087,-0.093,2437.76,-0.2694,0.6772,0.0365
5088,-0.006,2384.41,-0.3225,0.5423,-0.0187
5089,0.016,1815.6,-0.8881,-1.118,-0.6994
5090,0.326,3179.73,0.4683,2.2961,0.7003
5091,0.01,3315.67,0.6035,2.5512,0.8048
5092,-0.064,2993.14,0.4835,-0.1446,0.6032
5093,-0.009,3239.72,0.7577,0.3801,0.8135
5094,0.006,2067.92,-0.5457,-2.5957,-0.3794
5095,-0.02,2373.47,-0.2058,-1.6823,-0.0133
5096,-0.011,1132.4,-1.5863,-6.5864,-1.9793
5097,0.01,3822.0,1.4054,1.4759,1.2528
5098,-0.085,2293.85,-0.2944,-1.9085,-0.1039
5099,-0.011,2124.39,-0.4829,-2.4171,-0.3079
5100,-0.046,2998.55,0.4895,-0.1327,0.608
5101,-0.271,2550.48,-0.0089,-1.2055,0.1779
5102,-0.041,2214.99,-0.3821,-2.1403,-0.1969
5103,-0.017,1770.58,-0.8764,-3.6246,-0.7919
5104,-0.051,2628.8,0.0782,-1.005,0.2582
5105,0.025,2937.09,0.4211,-0.2699,0.5529
5106,-0.015,3295.06,0.8193,0.4924,0.8585
5107,0.09,1305.13,-1.3941,-5.6458,-1.6022
5108,-0.014,3042.51,0.5384,-0.0362,0.6466
5109,0.058,2053.71,-0.5615,-2.6414,-0.3978
5110,-0.078,1804.0,-0.8392,-3.5006,-0.7422
5111,-0.092,1660.27,-0.9991,-4.0509,-0.9628
5112,-0.016,1611.52,-1.0533,-4.2484,-1.042
5113,0.022,2046.9,-0.5691,-2.6634,-0.4066
5114,-0.009,2081.32,-0.5308,-2.5529,-0.3623
5115,0.116,3497.52,1.0445,0.8877,1.017
5116,0.009,2973.6,0.4617,-0.1881,0.5858
5117,0.019,1533.51,-1.1401,-4.5772,-1.1738
5118,-0.038,1993.12,-0.6289,-2.8399,-0.4773
5119,0.003,2425.19,-0.1483,-1.5394,0.044
5120,-0.001,2360.79,-0.2199,-1.7178,-0.0275
5121,-0.031,1305.54,-1.3937,-5.6437,-1.6013
5122,-0.007,1997.08,-0.6245,-2.8267,-0.4721
5123,-0.048,2699.6,0.157,-0.8289,0.3289
5124,-0.103,3184.68,0.6965,0.2666,0.768
5125,-0.067,2255.5,-0.337,-2.0202,-0.1487
5126,0.029,3718.21,1.29,1.2934,1.1796
5127,-0.351,2864.26,0.3401,-0.4364,0.4862
5128,-0.02,1822.72,-0.8184,-3.4322,-0.7148
5129,0.0,2769.76,0.235,-0.6588,0.397
5130,-0.019,2400.93,-0.1753,-1.606,0.0173
5131,0.003,3237.32,0.7551,0.3752,0.8116
5132,0.001,3068.4,0.5672,0.02,0.6692
5133,0.022,3905.64,1.4985,1.6194,1.3103
5134,0.0,3349.93,0.8803,0.6019,0.9024
5135,-0.005,2675.8,0.1305,-0.8876,0.3053
5136,0.058,1332.35,-1.3639,-5.509,-1.5473
5137,-0.057,2739.3830000000003,0.19146999999999997,-0.30123,0.1568
5138,-0.008,2034.67,-0.5827,-2.7032,-0.4225
5139,0.003,2752.87,0.2162,-0.6993,0.3808
5140,-0.012,2814.93,0.2852,-0.5516,0.44
5141,0.027,1740.74,-0.9096,-3.7372,-0.8371
5142,0.047,2081.46,-0.5306,-2.5525,-0.3621
5143,0.008,1761.22,-0.8868,-3.6597,-0.806
5144,0.008,2201.82,-0.3967,-2.1799,-0.2127
5145,0.035,2106.15,-0.5031,-2.4743,-0.3308
5146,-0.101,1668.92,-0.9895,-4.0165,-0.949
5147,-0.033,2084.03,-0.5278,-2.5443,-0.3588
5148,-0.01,1660.06,-0.9993,-4.0517,-0.9631
5149,-0.105,2260.31,-0.3317,-2.0061,-0.1431
5150,-0.713,4012.15,1.6169,1.7978,1.3818
5151,0.067,2872.31,0.3491,-0.4178,0.4937
5152,0.054,2482.83,-0.0842,-1.3837,0.1064
5153,0.073,2702.26,0.1599,-0.8223,0.3315
5154,-0.011,2629.83,0.0794,-1.0024,0.2593
5155,-0.058,2258.17,-0.3341,-2.0124,-0.1456
5156,-0.137,2229.1,-0.3664,-2.0982,-0.18
5157,0.013,4392.39,2.0399,2.398,1.6225
5158,-0.099,2657.92,0.1106,-0.932,0.2875
5159,-0.01,2222.2,-0.3741,-2.1188,-0.1883
5160,-0.03,2742.87,0.2051,-0.7235,0.3711
5161,-0.041,1873.82,-0.7616,-3.249,-0.6413
5162,0.084,2767.54,0.3426,1.4502,0.3535
5163,0.054,3122.7,0.711,2.1859,0.655
5164,0.091,2568.62,0.1362,0.9957,0.1671
5165,-0.001,2749.29,0.3237,1.4099,0.3369
5166,0.048,2671.31,0.2428,1.2346,0.2651
5167,-0.139,3123.25,0.7116,2.1869,0.6555
5168,0.031,2014.72,-0.4383,-0.484,-0.4395
5169,0.125,2752.13,0.3266,1.4162,0.3395
5170,0.0,2950.27,0.5321,1.8398,0.5132
5171,-0.017,3045.51,0.6309,2.0333,0.5925
5172,0.024,1759.12,-0.7035,-1.3105,-0.7783
5173,0.002,1993.93,-0.4599,-0.5472,-0.4654
5174,-0.219,3228.21,0.8205,2.3883,0.738
5175,-0.004,1896.73,-0.5607,-0.8517,-0.5902
5176,-0.06,2777.75,0.0686,1.4726,0.3627
5177,0.253,6059.67,3.332,6.2256,2.3112
5178,0.029,3303.97,0.5919,2.5297,0.796
5179,0.003,1346.82,-1.1312,-2.9372,-1.4452
5180,0.08,2832.21,0.4097,1.5909,0.4111
5181,0.097,1484.755,-0.9881,-2.3433,-1.2017
5182,0.045,2558.44,0.1257,0.9715,0.1572
5183,-0.001,2699.0838,0.2716,1.2976,0.2909
5184,0.0,2351.8752,-0.0886,0.4586,-0.053
5185,0.007,1886.2,-0.5717,-0.8856,-0.6041
5186,0.071,3210.9063,0.8025,2.3556,0.7246
5187,-0.013,2897.7164,0.4776,1.7302,0.4683
5188,-0.086,2710.89,0.2838,1.3242,0.3018
5189,0.581,3575.99,1.1812,3.0118,0.9936
5190,-0.039,2435.27,-0.0021,0.6709,0.034
5191,0.154,3753.38,1.3652,3.3068,1.1146
5192,0.076,2120.14,-0.329,-0.1733,-0.3121
5193,0.14,3666.67,1.2753,3.1643,1.0562
5194,0.011,2245.25,-0.1992,0.176,-0.1689
5195,0.102,4200.27,1.8288,3.9922,1.3956
5196,0.044,2550.9,0.1179,0.9536,0.1499
5197,0.209,2091.22,-0.359,-0.257,-0.3464
5198,-0.009,2581.23,0.1493,1.0256,0.1794
5199,-0.028,3725.4,1.3362,3.2612,1.0959
5200,0.0,3602.89,1.2091,3.0574,1.0123
5201,-0.001,2806.01,0.3825,1.5343,0.3879
5202,0.128,4379.04,2.0143,4.2462,1.4997
5203,0.113,2658.19,0.2292,1.2046,0.2528
5204,0.047,2053.93,-0.3977,-0.3666,-0.3914
5205,0.0,5648.59,3.3312,5.7976,2.1357
5206,-0.172,3382.54,0.9806,2.6729,0.8547
5207,0.047,3078.62,0.6653,2.0992,0.6195
5208,-0.181,2687.46,0.2595,1.2713,0.2801
5209,0.012,1441.31,-1.0332,-2.5242,-1.2759
5210,0.416,3227.11,0.8193,2.3862,0.7372
5211,0.05,3091.85,0.679,2.1254,0.6302
5212,-0.056,2953.28,0.5353,1.846,0.5157
5213,0.027,3022.19,0.6067,1.9865,0.5733
5214,0.0,3153.51,0.743,2.2457,0.6796
5215,-0.06,2219.44,-0.226,0.1055,-0.1978
5216,0.02,2182.34,-0.1158,0.2705,-0.0787
5217,0.006,2235.29,-0.0533,0.3615,-0.0224
5218,0.234,3598.51,1.555,2.1683,1.0958
5219,-0.026,2786.49,0.597,1.1978,0.4952
5220,0.106,1551.22,-0.8604,-1.0246,-0.8801
5221,0.19,2393.04,0.1328,0.6202,0.1378
5222,0.079,2538.39,0.3043,0.844,0.2762
5223,-0.007,2558.44,0.3279,0.8738,0.2947
5224,-0.032,2863.36,0.6877,1.3011,0.5591
5225,0.007,2177.28,-0.1218,0.2617,-0.0841
5226,0.008199999999999995,2115.93,-0.1942,0.1533,-0.1512
5227,-0.125,3848.55,1.85,2.4233,1.2535
5228,0.194,2245.88,-0.0408,0.3794,-0.0113
5229,0.386,3597.01,1.5533,2.1667,1.0948
5230,0.247,2951.34,0.7915,1.4159,0.6302
5231,0.011,2779.74,0.589,1.1886,0.4895
5232,-0.081,3321.65,1.2284,1.8645,0.9078
5233,0.089,2228.51,-0.0613,0.35,-0.0295
5234,0.137,2639.14,0.4231,0.9917,0.3676
5235,-0.067,3019.82,0.8723,1.503,0.684
5236,0.041,2547.45,0.315,0.8575,0.2846
5237,0.001,2226.38,-0.0638,0.3463,-0.0317
5238,0.109,3426.31,1.3519,1.9822,0.9806
5239,-0.167,3218.94,1.1072,1.7453,0.834
5240,-0.012900000000000003,2525.13,0.2886,0.8241,0.2639
5241,0.004,3909.52,1.922,2.4829,1.2905
5242,-0.004,3002.06,0.8513,1.4806,0.6702
5243,-0.001,1577.93,-0.8289,-0.9598,-0.84
5244,0.024,2538.13,0.304,0.8436,0.276
5245,0.108,3747.48,1.7308,2.3223,1.191
5246,-0.001,2151.05,-0.1527,0.2157,-0.1126
5247,-0.018,2329.05,0.0573,0.5174,0.0741
5248,-0.023,2373.56,0.1098,0.5892,0.1186
5249,-0.009,2606.18,0.3843,0.944,0.3381
5250,0.154,3665.11,1.6336,2.2379,1.1388
5251,-0.118,3155.51,1.0324,1.6698,0.7873
5252,0.208,3027.73,0.8816,1.5129,0.6902
5253,0.139,3261.93,1.1579,1.7957,0.8652
5254,0.004,1660.64,-0.7313,-0.766,-0.7201
5255,0.004,1660.9,-0.731,-0.7654,-0.7197
5256,0.06,4931.21,3.1274,3.364,1.8357
5257,-0.042,2537.62,0.3034,0.8428,0.2755
5258,0.042,2336.84,0.0665,0.5301,0.082
5259,-0.093,2776.47,0.5852,1.1842,0.4867
5260,0.069,1707.78,-0.6757,-0.6598,-0.6544
5261,0.298,2811.19,0.6261,1.2313,0.5159
5262,0.0,2812.17,0.6273,1.2326,0.5167
5263,0.253,2769.52,0.577,1.1747,0.4809
5264,0.319,2666.13,0.455,1.0303,0.3915
5265,-0.14,3065.87,0.9266,1.5604,0.7196
5266,0.036,2783.31,0.5932,1.1935,0.4925
5267,-0.009,2475.76,0.2304,0.7492,0.2176
5268,0.182,3335.88,1.2452,1.8807,0.9178
5269,-0.231,3046.11,0.9033,1.5359,0.7044
5270,-0.036,1955.45,-0.3835,-0.146,-0.3364
5271,-0.096,1858.97,-0.4973,-0.338,-0.4552
5272,-0.036,2274.02,-0.0076,0.4267,0.018
5273,-0.018,4146.71,2.2018,2.7064,1.4288
5274,3.02,7225.27,5.834,4.8139,2.733
5275,0.439,2357.5,0.0909,0.5635,0.1026
5276,-0.05,1747.47,-0.6289,-0.5726,-0.6004
5277,0.064,1679.95,-0.7085,-0.7221,-0.6929
5278,-0.019,1539.84,-0.8738,-1.0525,-0.8974
5279,0.046,1655.64,-0.7372,-0.7774,-0.7272
5280,-0.086,1585.43,-0.82,-0.9418,-0.8289
5281,-0.021,1856.4222100000002,-0.67384,-0.8661300000000001,-0.7355799999999999
5282,0.013,2547.9204099999997,0.047190000000000024,-0.13097999999999999,0.0032400000000000428
5283,-0.089,2406.25,0.1484,0.6411,0.1507
5284,0.071,1511.78,-0.9069,-1.1223,-0.9406
5285,-0.051,1269.02,-1.1934,-1.7863,-1.3515
5286,0.016,1198.59,-1.2765,-2.0028,-1.4855
5287,0.039,2422.97,0.1681,0.6674,0.167
5288,0.164,2743.09,0.5458,1.1383,0.4583
5289,-0.148,1854.71,-0.5023,-0.3467,-0.4606
5290,0.02,2651.86,0.4381,1.0099,0.3789
5291,0.029,2163.69,-0.1378,0.238,-0.0988
5292,0.013,2116.01,-0.1941,0.1534,-0.1511
5293,-0.031,2770.01,0.5775,1.1753,0.4813
5294,0.116,1864.71,-0.4905,-0.3263,-0.448
5295,0.167,1889.07,-0.4618,-0.277,-0.4175
5296,0.047,1902.44,-0.446,-0.2503,-0.4009
5297,0.019,2139.3,-0.1666,0.1949,-0.1254
5298,0.032,2917.6,0.7517,1.3723,0.6032
5299,0.027,1137.41,-1.3486,-2.2015,-1.6085
5300,0.062,2058.55,-0.2619,0.049,-0.2158
5301,0.12,1786.71,-0.5826,-0.4884,-0.5483
5302,0.047,3250.26,1.1442,1.782,0.8567
5303,0.268,2612.6,0.3918,0.9533,0.3439
5304,0.004899999999999997,1394.92,-1.0448,-1.4275,-1.1294
5305,0.013,2892.57,0.7221,1.3396,0.5829
5306,0.042,2172.16,-0.1278,0.2528,-0.0896
5307,0.0,2905.76,0.7377,1.3569,0.5936
5308,0.415,2394.58,0.1346,0.6227,0.1393
5309,-0.1,3485.42,1.4216,2.0471,1.0208
5310,0.169,2687.17,0.4798,1.0601,0.41
5311,0.034,1787.97,-0.5811,-0.4857,-0.5466
5312,-0.213,2048.73945,-0.22271999999999997,-1.1527,-0.25234999999999996
5313,-0.098,4279.91,2.359,2.8264,1.503
5314,-0.378,1371.05,-1.073,-1.4929,-1.1699
5315,0.09,1834.71,-0.5259,-0.3878,-0.4861
5316,-0.01,2283.52,0.0036,0.4425,0.0278
5317,0.003,2292.17,0.0138,0.4568,0.0366
5318,0.309,2624.54,0.4059,0.9706,0.3546
5319,0.052,2015.12,-0.3131,-0.032,-0.2658
5320,0.055,1680.88,-0.7074,-0.72,-0.6916
5321,0.038,1428.49,-1.0052,-1.3372,-1.0736
5322,-0.027,2111.37,-0.1995,0.1451,-0.1563
5323,0.018,1637.12,-0.7591,-0.8201,-0.7536
5324,0.061,2633.05,0.416,0.9829,0.3622
5325,0.162,2168.01,-0.1327,0.2455,-0.0941
5326,0.068,2799.68,0.6126,1.2158,0.5063
5327,-0.206,2587.08,0.3617,0.9161,0.3208
5328,-0.03,2590.25,0.3655,0.9207,0.3237
5329,0.22,2156.79,-0.1459,0.2258,-0.1063
5330,-0.111,2637.03,0.4207,0.9886,0.3657
5331,-0.049,2395.46,0.1356,0.6241,0.1401
5332,-0.062,3273.94,1.1721,1.8096,0.8738
5333,0.157,2655.9,0.4429,1.0157,0.3825
5334,0.002,3084.61,0.9487,1.5835,0.7339
5335,0.033,3253.12,1.1475,1.7854,0.8588
5336,-0.192,2747.25,0.5507,1.144,0.4619
5337,-0.066,4559.45,2.6888,3.0665,1.6516
5338,0.069,3641.19,1.6054,2.2131,1.1235
5339,0.141,4216.0,2.2836,2.7693,1.4677
5340,0.03,3046.31,0.9035,1.5361,0.7046
5341,-0.02,2365.44,0.1002,0.5762,0.1105
5342,-0.031,2752.02,0.5563,1.1506,0.466
5343,0.051,3782.34,1.7719,2.3574,1.2128
5344,-0.015,1547.79,-0.8645,-1.033,-0.8853
5345,0.404,3854.28,1.8568,2.4289,1.257
5346,-0.089,2581.8,0.3555,0.9083,0.316
5347,-0.039,2495.44,0.2536,0.7792,0.2362
5348,0.004,2012.51,-0.3162,-0.0369,-0.2689
5349,0.276,2325.12,0.0527,0.511,0.0702
5350,-0.085,3277.12,1.1758,1.8133,0.8761
5351,0.0,2771.32,0.5791,1.1771,0.4824
5352,0.03,2047.47,-0.2749,0.0285,-0.2284
5353,-0.005,4017.36,2.0492,2.5862,1.3544
5354,-0.093,4059.98,2.0995,2.6262,1.3791
5355,-0.207,3559.53,1.509,2.127,1.0702
5356,-0.218,3264.94,1.1615,1.7992,0.8673
5357,-0.006,3377.31,1.2941,1.9276,0.9468
5358,-0.069,2825.33,0.6428,1.2504,0.5277
5359,-0.232,3883.19,1.8909,2.4573,1.2746
5360,0.01,2568.67,0.34,0.889,0.3041
5361,0.0,2693.8,0.4876,1.0695,0.4158
5362,0.033,2995.91,0.8441,1.4728,0.6654
5363,0.278,2664.96,0.4536,1.0286,0.3905
5364,0.023,2215.65,-0.0765,0.328,-0.0431
5365,0.629,2284.89,0.0052,0.4448,0.0292
5366,-0.037,2376.09,0.1128,0.5933,0.1211
5367,-0.013,2494.91,0.253,0.7784,0.2357
5368,-0.178,2870.19,0.6957,1.3101,0.5647
5369,-0.066,2195.14,-0.1007,0.2927,-0.0649
5370,0.875,3913.16,1.9263,2.4864,1.2926
5371,0.004,2420.1,0.1647,0.6629,0.1642
5372,-0.059,2853.75,0.6763,1.2883,0.5512
5373,0.005,3003.8,0.8534,1.4828,0.6716
5374,-0.001,2384.65,0.1229,0.6069,0.1295
5375,0.011,1935.74,-0.4067,-0.1844,-0.3602
5376,0.207,3156.07,1.033,1.6705,0.7877
5377,0.174,2650.16,0.4361,1.0075,0.3774
5378,0.128,3555.04,1.5037,2.1222,1.0672
5379,0.001,1975.19,-0.3602,-0.1079,-0.3128
5380,-0.03,3305.88,1.2098,1.8464,0.8966
5381,0.0,2289.11,0.0102,0.4518,0.0335
5382,0.123,3863.23,1.0771,1.51922,0.9908
5383,0.0,2698.41,-0.2888,-0.12361,-0.1506
5384,0.016,3382.01,0.5128,0.9234899999999999,0.5676
5385,-0.084,5108.61,2.5374,3.6890799999999997,1.8797
5386,-0.048,2930.27,-0.0169,0.28737,0.1116
5387,-0.052,4091.65,1.3449,1.56819,1.1735
5388,0.045,3947.55,1.176,1.80702,1.0595
5389,-0.045,4177.99,1.4462,2.1078,1.24
5390,0.001,4779.64,2.1517,2.86242,1.6679
5391,-0.044,3642.61,0.8184,1.1283400000000001,0.8038
5392,-0.067,2809.81,-0.1581,0.20720999999999998,-0.0219
5393,0.002,3279.26,0.3923,1.00732,0.4695
5394,-0.002,3376.13,0.5059,1.3539800000000002,0.5621
5395,-0.004,3024.4,0.0935,0.8044100000000001,0.2122
5396,-0.234,2908.32,-0.0426,0.5595,0.0877
5397,0.072,3336.16,0.459,1.2302899999999999,0.5242
5398,-0.296,3554.53,0.7151,1.7217899999999997,0.7259
5399,-0.07,4727.4,2.0904,2.72361,1.633
5400,0.001,1131.09,-2.1266,-4.14694,-2.9155
5401,-0.021,2923.34,-0.025,0.29223,0.1041
5402,0.279,3229.63,1.6485,1.3431,1.0392
5403,0.0,2417.51,0.6901,0.4585,0.6053
5404,0.025,3273.38,1.7001,1.3842,1.0594
5405,0.002,4794.45,3.4951,2.55,1.6312
5406,-0.222,2998.89,1.3762,1.1167,0.9282
5407,0.012,1968.84,0.1606,-0.1685,0.2978
5408,-0.075,3098.38,1.4936,1.2164,0.9771
5409,0.006,513.358,-1.5571,-4.2712,-1.7145
5410,0.557,7090.05,5.6744,4.7422,2.6886
5411,0.035,2909.91,0.7426,1.3623,0.597
5412,-0.011,1698.3,-0.6869,-0.6809,-0.6674
5413,0.11,3158.12,1.0354,1.6729,0.7892
5414,0.254,2785.94,0.5963,1.1971,0.4947
5415,0.027,2479.33,0.2346,0.7546,0.2209
5416,0.163,3318.52,1.2247,1.8609,0.9056
5417,0.05,2806.4,0.6205,1.2249,0.5119
5418,-0.063,3350.35,1.2622,1.8971,0.928
5419,0.232,4084.34,2.1282,2.6489,1.3932
5420,-0.051,2047.47,-0.2749,0.0285,-0.2284
5421,0.166,1969.5,-0.3669,-0.1188,-0.3196
5422,-0.01,1409.23,-1.0279,-1.3887,-1.1055
5423,0.734,4280.19,2.3593,2.8267,1.5032
5424,0.019,2411.2,0.1542,0.6489,0.1555
5425,-0.26,1881.3,-0.471,-0.2927,-0.4272
5426,0.177,2496.61,0.255,0.781,0.2373
5427,0.241,2186.72,-0.1106,0.2781,-0.0739
5428,0.043,3047.79,0.9053,1.538,0.7057
5429,-0.098,2017.49,-0.3103,-0.0275,-0.2631
5430,0.0,2074.97,-0.2425,0.0791,-0.1971
5431,0.04,2367.63,0.1028,0.5797,0.1127
5432,0.019,1248.46,-1.2176,-1.8482,-1.3898
5433,-0.196,2421.38,0.1662,0.6649,0.1654
5434,0.543,3557.58,1.5067,2.1249,1.0689
5435,0.005,2545.23,0.3123,0.8542,0.2825
5436,-0.187,2482.91,0.2388,0.7601,0.2243
5437,0.708,3901.55,1.9126,2.4752,1.2857
5438,0.083,1075.98,-1.4211,-2.4121,-1.7388
5439,0.025,1803.87,-0.5623,-0.4521,-0.5259
5440,0.002,3076.52,0.9392,1.5736,0.7277
5441,0.463,4284.82,2.3648,2.8308,1.5057
5442,0.029,2783.01,0.5929,1.1931,0.4923
5443,-0.027,1805.43,-0.5605,-0.4488,-0.5238
5444,0.045,2518.37,0.2807,0.8139,0.2576
5445,0.06,1841.37,-0.5181,-0.3741,-0.4775
5446,-0.199,2684.27,0.4764,1.056,0.4074
5447,0.028,2474.2,0.2285,0.7468,0.2161
5448,0.504,2895.59,0.7257,1.3436,0.5854
5449,0.003,1687.06,-0.7001,-0.7061,-0.683
5450,-0.007,2530.39,0.2948,0.832,0.2688
5451,0.016,2136.66,-0.1697,0.1903,-0.1283
5452,-0.008,1715.65,-0.6664,-0.6424,-0.6436
5453,-0.079,2417.04,0.1611,0.6581,0.1612
5454,0.323,3563.48,1.5137,2.1312,1.0728
5455,-0.149,2309.34,0.034,0.4851,0.0542
5456,-0.077,2461.79,0.2139,0.7277,0.2043
5457,-0.047,3609.73,1.5683,2.1801,1.1031
5458,-0.005,1688.89,-0.698,-0.702,-0.6805
5459,0.044,2760.24,0.566,1.1619,0.473
5460,0.0,2639.31,0.4233,0.9919,0.3678
5461,0.609,1958.67,-0.3797,-0.1398,-0.3325
5462,-0.016,2774.38,0.5827,1.1813,0.485
5463,-0.004,1670.27,-0.72,-0.7441,-0.7065
5464,-0.044,2918.2,0.7524,1.3731,0.6037
5465,0.255,3437.92,1.3656,1.9951,0.9886
5466,0.349,3081.8,0.9454,1.5801,0.7318
5467,-0.092,2149.04,-0.1551,0.2122,-0.1148
5468,-0.061,2183.0,-0.115,0.2717,-0.0779
5469,0.044,2430.39,0.1769,0.679,0.1741
5470,0.442,3401.74,1.3229,1.9549,0.9637
5471,-0.029,1886.42,-0.4649,-0.2824,-0.4208
5472,0.015,1938.97,-0.4029,-0.1781,-0.3563
5473,0.645,4469.68,2.5829,2.9911,1.6049
5474,0.233,3693.58,1.6672,2.2673,1.157
5475,0.019,1724.54,-0.6559,-0.6227,-0.6314
5476,-0.038,2784.88,0.5951,1.1956,0.4939
5477,0.71,4998.8,3.2071,3.4157,1.8677
5478,0.882,5237.96,3.4893,3.5931,1.9775
5479,0.043,3540.41,1.4865,2.1065,1.0576
5480,0.0,2612.19,0.3913,0.9527,0.3435
5481,0.137,1702.5,-0.6819,-0.6715,-0.6616
5482,-0.024,2273.97,-0.0077,0.4266,0.0179
5483,-0.063,3182.07,1.0637,1.7016,0.8069
5484,1.87,5373.06,3.6487,3.6897,2.0373
5485,0.446,3407.18,1.3293,1.961,0.9675
5486,0.0,4200.62,2.2654,2.7555,1.4591
5487,0.0,3123.88,0.995,1.6315,0.7636
5488,-0.048,2568.87,0.3402,0.8893,0.3043
5489,0.206,2183.2,-0.1148,0.272,-0.0777
5490,0.598,2226.72,-0.0634,0.3469,-0.0314
5491,0.002,2223.58,-0.0671,0.3416,-0.0347
5492,-0.002,2033.47,-0.2914,0.0024,-0.2445
5493,-0.088,1841.46,-0.518,-0.3739,-0.4774
5494,-0.083,2282.11,0.0019,0.4401,0.0263
5495,0.37,2347.47,0.079,0.5473,0.0926
5496,-0.294,3743.48,1.7261,2.3182,1.1885
5497,2.28,2912.89,0.7461,1.3662,0.5994
5498,-0.14,1535.26,-0.8792,-1.0638,-0.9044
5499,0.011,3849.97,1.8517,2.4247,1.2544
5500,0.055,2342.53,0.0732,0.5393,0.0877
5501,0.047,3053.07,0.9115,1.5445,0.7098
5502,0.235,4485.76,2.6018,3.0047,1.6134
5503,0.024,2276.14,-0.0051,0.4302,0.0202
5504,-0.032,2143.66,-0.1614,0.2027,-0.1206
5505,0.022,2311.75,0.0369,0.4891,0.0566
5506,-0.125,2895.78,0.7259,1.3438,0.5856
5507,0.562,3499.42,1.4381,2.0624,1.0302
5508,0.013,1628.38,-0.7694,-0.8404,-0.7661
5509,0.069,1964.07,-0.3733,-0.1293,-0.3261
5510,-0.333,3034.8,0.89,1.5218,0.6957
5511,1.08,3931.07,1.9474,2.5038,1.3034
5512,0.155,2627.2,0.4091,0.9745,0.357
5513,0.054,2985.28,0.8315,1.4593,0.657
5514,0.7366999999999999,7284.21,5.9035,4.8447,2.752
5515,0.0516,4590.2,2.725,3.0921,1.6674
5516,0.006,1700.68,-0.6841,-0.6756,-0.6642
5517,0.023,1689.66,-0.6971,-0.7003,-0.6794
5518,0.484,497.087,-2.1041,-5.3394,-3.5503
5519,0.009,2182.39,-0.1157,0.2706,-0.0786
5520,0.017,1693.49,-0.6926,-0.6917,-0.6741
5521,0.083,3103.62,0.9711,1.6069,0.7483
5522,0.021,1864.58,-0.4907,-0.3265,-0.4481
5523,0.016,2170.3,-0.13,0.2495,-0.0916
5524,0.34,2442.7,0.1914,0.6982,0.186
5525,0.011,1438.26,-0.9937,-1.3114,-1.0576
5526,-0.002,2057.54,-0.263,0.0471,-0.2169
5527,-0.123,1716.59,-0.6653,-0.6403,-0.6423
5528,0.042,1330.57,-1.1207,-1.6066,-1.2403
5529,0.084,1888.58,-0.4624,-0.278,-0.4181
5530,0.058,1466.08,-0.9609,-1.2387,-1.0126
5531,0.248,3241.36,1.1337,1.7716,0.8503
5532,0.017,1492.65,-0.9295,-1.1706,-0.9705
5533,0.021,1062.14,-1.4374,-2.4612,-1.7692
5534,0.027,1397.65,-1.0416,-1.42,-1.1248
5535,0.057,380.952,-2.2411,-6.3472,-4.1739
5536,-0.009,740.667,-1.8167,-3.8281,-2.615
5537,0.032,1251.13,-1.2145,-1.8401,-1.3848
5538,0.002,793.347,-1.7546,-3.5676,-2.4538
5539,-0.04,883.976,-1.6476,-3.1575,-2.2
5540,0.176,2743.14,0.5458,1.1383,0.4584
5541,0.073,1697.92,-0.6873,-0.6818,-0.668
5542,0.012,2111.91,-0.1989,0.146,-0.1557
5543,-0.113,807.058,-1.7384,-3.5027,-2.4136
5544,0.0,1958.01,-0.3805,-0.141,-0.3333
5545,-0.288,3981.62,1.583,1.7471,1.3615
5546,0.0,2845.74,0.3195,-0.4794,0.469
5547,0.01,3971.46,1.5717,1.7302,1.3547
5548,-0.061,2481.17,-0.086,-1.3881,0.1047
5549,-0.017,3418.29,0.9564,0.7358,0.9561
5550,0.042,3035.33,0.5304,-0.0519,0.6404
5551,0.0,3252.39,0.7718,0.406,0.8239
5552,0.018,3101.8,0.6043,0.0917,0.6979
5553,0.21,2635.5,0.0857,-0.9882,0.265
5554,0.033,2479.93,-0.0874,-1.3915,0.1033
5555,-0.069,3851.18,1.4379,1.5263,1.273
5556,-0.142,3287.67,0.8111,0.4775,0.8526
5557,0.017,3120.58,0.6252,0.1318,0.714
5558,-0.03,2810.91,0.2808,-0.561,0.4362
5559,0.0,2226.22,-0.064,0.3461,-0.0319
5560,0.721,4073.53,2.1155,2.6389,1.387
5561,-0.108,1681.66,-0.7065,-0.7183,-0.6906
5562,-0.025,1146.5,-1.3379,-2.1714,-1.5898
5563,-0.063,3389.45,0.9243,0.6797,0.9336
5564,-0.086,2260.49,-0.3315,-2.0056,-0.1429
5565,0.021,2669.39,0.1234,-0.9035,0.299
5566,-0.029,2867.78,0.344,-0.4283,0.4895
5567,0.031,3078.62,0.5785,0.042,0.678
5568,0.007,3058.97,0.5567,-0.0004,0.661
5569,0.0,4681.77,2.3618,2.821,1.7921
5570,0.01,4199.54,1.8254,2.1004,1.5032
5571,-0.028,2964.16,0.4512,-0.2091,0.5773
5572,-0.027,2277.83,-0.3122,-1.9549,-0.1226
5573,-0.063,2678.02,0.133,-0.8821,0.3075
5574,-0.014,2808.23,0.2778,-0.5674,0.4337
5575,0.0,2747.08,0.2098,-0.7133,0.3752
5576,-0.02,1710.28,-0.9435,-3.8542,-0.884
5577,-0.075,2433.81,-0.1387,-1.5159,0.0534
5578,0.069,4154.93,1.7757,2.0296,1.4748
5579,-0.04,3351.97,0.8826,0.6059,0.9041
5580,0.124,2618.54,0.0668,-1.0309,0.2478
5581,0.001,2104.95,-0.5045,-2.4781,-0.3323
5582,0.201,5242.14,2.9851,3.5706,2.0925
5583,-0.046,1948.18,-0.6789,-2.9911,-0.5379
5584,0.0,2495.81,-0.0697,-1.3491,0.1203
5585,0.11,3534.29,1.0854,0.9571,1.0448
5586,-0.067,1717.25,-0.9357,-3.8273,-0.8732
5587,-0.089,3741.39,1.3158,1.3346,1.1961
5588,0.131,2992.13,0.4823,-0.1469,0.6023
5589,-0.154,4654.82,2.3318,2.7828,1.7767
5590,0.034,903.778,-1.8406,-8.0803,-2.5781
5591,0.007,3093.77,0.5954,0.0746,0.691
5592,-0.303,1420.29,-1.266,-5.0855,-1.3776
5593,0.0,1837.98,-0.8014,-3.377,-0.6926
5594,-0.037,2346.37,-0.2359,-1.7584,-0.0438
5595,-0.065,2930.26,0.4135,-0.2854,0.5467
5596,0.01,2668.43,0.1223,-0.9058,0.298
5597,-0.123,2947.72,0.4329,-0.246,0.5625
5598,-0.064,4389.96,2.0372,2.3944,1.621
5599,-0.143,1779.68,-0.8663,-3.5906,-0.7783
5600,-0.063,3379.75,0.9135,0.6607,0.926
5601,-0.023,8305.59,6.3926,6.6218,3.3157
5602,0.04,2626.0668,0.7313,-0.2309,0.775
5603,0.036,2465.414,0.5192,-0.5219,0.6162
5604,0.029,2173.2124,0.1334,-1.1036,0.2987
5605,0.006,2109.5868,0.0494,-1.2406,0.224
5606,0.047,2258.2115,0.2456,-0.9267,0.3953
5607,0.0,4832.3433,3.644,2.5814,2.3098
5608,0.069,2364.0912,0.3854,-0.7154,0.5106
5609,0.0,1815.0166,-0.3395,-1.934,-0.1544
5610,-0.423,3387.2146,1.7361,0.9428,1.4155
5611,0.0,2252.3509,0.2379,-0.9387,0.3887
5612,0.1,3846.7298,2.3428,1.5295,1.7357
5613,-0.003,2573.7996,0.6623,-0.3236,0.7244
5614,-0.026,2396.1663,0.4277,-0.6533,0.5445
5615,-0.001,2591.799,0.686,-0.2914,0.742
5616,-0.002,1591.944,-0.634,-2.5386,-0.4844
5617,0.035,2656.1164,0.7709,-0.1784,0.8037
5618,0.046,1951.0383,-0.1599,-1.6008,0.0274
5619,0.036,1874.5286,-0.2609,-1.7853,-0.0733
5620,-0.001,2687.7382,0.8127,-0.1238,0.8334
5621,0.105,2355.4629,0.374,-0.7323,0.5014
5622,-0.011,373.1788,-2.243,-9.2207,-4.131
5623,0.186,889.5956,-1.5612,-5.2207,-1.9481
5624,-0.064,1223.7495,-1.1201,-3.7511,-1.1461
5625,0.001,2089.9751,0.0235,-1.2837,0.2005
5626,-0.003,1934.1296,-0.1822,-1.641,0.0055
5627,-0.001,1841.3839,-0.3047,-1.8675,-0.1182
5628,-0.0126,1894.5105,-0.2345,-1.7364,-0.0466
5629,0.005,1444.5001,-0.8286,-2.9866,-0.7289
5630,-0.052,1499.2778,-0.7563,-2.815,-0.6353
5631,-0.043,1729.7187,-0.4521,-2.1559,-0.2756
5632,-0.182,2224.7894,0.2015,-0.9955,0.3578
5633,0.047,1924.615,-0.1948,-1.6637,-0.0069
5634,-0.007,1323.9848,-0.9878,-3.3882,-0.948
5635,0.045,1432.1206,-0.845,-3.0263,-0.7505
5636,-0.156,1144.4049,-1.2248,-4.06,-1.3147
5637,-0.184,2961.1079,1.1736,0.3228,1.0772
5638,0.004,1381.672,-0.9116,-3.1916,-0.8407
5639,-0.001,699.3025,-1.8125,-6.3295,-2.5532
5640,0.003,956.6147,-1.4728,-4.886,-1.7654
5641,-0.003,3479.2845,1.8577,1.0665,1.483
5642,0.052,1858.3854,-0.2822,-1.8252,-0.095
5643,0.029,1884.3254,-0.248,-1.7612,-0.0602
5644,-0.273,2453.0667,0.5029,-0.5451,0.6035
5645,0.049,1660.4612,-0.5435,-2.3443,-0.3784
5646,0.014,1772.3766,-0.3958,-2.0436,-0.2143
5647,0.007,1058.6997,-1.338,-4.4188,-1.5104
5648,0.0,1279.8624,-1.046,-3.5444,-1.0333
5649,-0.001,1684.166,-0.5122,-2.279,-0.3427
5650,-0.004,547.7354,-2.0126,-7.4546,-3.1672
5651,-0.158,1615.4389,-0.603,-2.471,-0.4475
5652,0.04,1059.0933,-1.3375,-4.4171,-1.5095
5653,0.015,1961.8941,-0.1456,-1.5753,0.0413
5654,0.0,616.9402,-1.9212,-6.9067,-2.8682
5655,0.0,2298.3854,0.2987,-0.8454,0.4396
5656,0.132,1378.1496,-0.9162,-3.2034,-0.8472
5657,0.001,1761.0013,-0.4108,-2.0733,-0.2305
5658,0.026,1378.0058,-0.9164,-3.2038,-0.8474
5659,0.0,1952.3378,-0.1582,-1.5978,0.0291
5660,0.0,1782.0178,-0.3831,-2.0186,-0.2006
5661,-0.196,1917.806,-0.2038,-1.68,-0.0158
5662,-0.053,2548.0941,0.6283,-0.3698,0.6992
5663,-0.019,2315.0125,0.3206,-0.8122,0.4578
5664,0.018,2014.0486,-0.0767,-1.4543,0.1074
5665,0.04,2051.1064,-0.0278,-1.3702,0.1532
5666,-0.148,2356.4243,0.3753,-0.7304,0.5024
5667,0.005,2185.5498,0.1497,-1.0775,0.313
5668,0.0,2263.3317,0.2524,-0.9163,0.401
5669,-0.005,1477.8498,-0.7846,-2.8814,-0.6715
5670,0.06,1313.01,-1.0022,-3.4266,-0.969
5671,0.306,2433.7859,0.4774,-0.5815,0.5837
5672,0.154,2048.3003,-0.0315,-1.3765,0.1498
5673,-0.012,2324.292,0.3329,-0.7937,0.4678
5674,0.052,1963.66,-0.1433,-1.5711,0.0436
5675,-0.317,1341.67,-0.9644,-3.327,-0.9147
5676,0.356,1797.36,-0.3628,-1.9791,-0.179
5677,0.485,2273.31,0.2655,-0.896,0.412
5678,-0.001,1877.15,-0.3138,-1.6923199999999998,0.0662
5679,0.172,2325.54,0.1653,-0.5437000000000001,0.4026
5680,-0.112,3497.57,1.4176,1.46469,1.0437
5681,-0.166,3522.56,1.4443,1.4643399999999998,1.0549
5682,0.061,3991.71,1.9456,1.5154999999999998,1.2513
5683,-0.004,2389.01,0.2332,-0.14819,0.4449
5684,-0.136,2498.98,0.3507,-0.20265,0.5156
5685,-0.001,3489.29,1.4088,0.8927800000000001,1.04
5686,0.024,2480.6,0.331,-0.6032399999999999,0.504
5687,0.059,1017.98,-1.2318,-3.43341,-0.8946
5688,-0.182,779.695,-1.4864,-4.059060000000001,-1.3131
5689,-0.09,1734.81,-0.4659,-2.1366299999999994,-0.0576
5690,0.025,1678.95,-0.5255,-1.14832,-0.109
5691,0.053,2281.89,0.1187,-0.26954,0.3729
5692,0.14,2566.67,0.423,-0.22991,0.5576
5693,-0.015,2300.18,0.1382,-0.73241,0.3854
5694,-0.406,2442.87,0.2907,-0.24301999999999996,0.48
5695,0.022,497.783,-1.7876,-5.07363,-2.0171
5696,0.354,3134.08,1.0293,0.5789600000000001,0.8713
5697,0.093,2567.38,0.4237,0.07525,0.558
5698,0.856,1851.35,-0.3413,-1.1779300000000001,0.0445
5699,-0.002,2817.09,0.6906,0.06036000000000001,0.7038
5700,-0.086,290.698,-2.0089,-10.612,-2.86
5701,-0.127,2203.47,0.0349,-0.35898,0.318
5702,-0.004,1869.68,-0.3217,-1.8247900000000001,0.06
5703,-0.042,4473.3,2.4602,2.6806399999999995,1.4302
5704,0.034,1825.74,-0.3687,-1.45276,0.0226
5705,0.059,849.943,-1.4113,-4.27438,-1.1778
5706,0.23,842.742,-1.419,-3.7981899999999995,-1.1911
5707,-0.288,2016.35,-0.165,-0.95594,0.1786
5708,-0.257,2740.32,0.6085,0.33507000000000003,0.6604
5709,-0.122,1992.82,-0.1902,-1.31902,0.1601
5710,-0.001,1997.82,-0.1848,-0.7098500000000001,0.1641
5711,0.092,2055.81,-0.1229,-0.47302999999999995,0.209
5712,0.059,1527.81,-0.687,-2.42211,-0.2571
5713,0.157,5043.4,3.0694,2.9759700000000002,1.6187
5714,-0.007,1890.11,-0.2999,-1.05885,0.077
5715,0.091,2268.56,0.1045,-0.45729,0.3637
5716,-0.032,2021.59,-0.1594,-0.82725,0.1827
5717,0.0,1557.61,-0.6552,-1.6497100000000002,-0.2268
5718,0.141,749.11,-1.5191,-5.3866700000000005,-1.3759
5719,0.198,1968.67,-0.216,-1.13313,0.141
5720,0.013,1636.17,-0.5712,-1.42002,-0.1495
5721,-0.022,1801.85,-0.3942,-1.2919599999999998,0.0019
5722,0.203,4026.47,1.9828,1.7828500000000003,1.2649
5723,0.001,2447.0,0.2951,-0.3430000000000001,0.4826
5724,0.028,1719.43,-0.4823,-1.6443100000000002,-0.0716
5725,0.095,638.629,-1.6371,-4.00229,-1.6263
5726,-0.1,1234.78,-1.0001,-2.89996,-0.5915
5727,0.085,2178.5,0.0082,-0.54555,0.3001
5728,-0.196,2248.12,0.0826,-0.40734000000000004,0.3495
5729,-0.149,1317.19,-0.9121,-2.74898,-0.49
5730,0.072,2438.08,0.2856,0.06305999999999996,0.4769
5731,-0.132,1326.7,-0.9019,-2.7539700000000003,-0.4788
5732,0.0,5018.23,3.0425,2.9759700000000002,1.6108
5733,0.0,1323.69,-0.9051,-3.03872,-0.4823
5734,-0.022699999999999998,1458.67,-0.7609,-1.9001899999999998,-0.3299
5735,0.053,4047.67,2.0054,1.98519,1.2732
5736,-0.055,1253.26,-0.9804,-2.4770099999999995,-0.5682
5737,-0.228,2594.84,0.4531,0.02629999999999997,0.5747
5738,-0.053,2110.69,-0.0642,-1.0180500000000001,0.2504
5739,-0.004,2009.03,-0.1728,-0.98155,0.1729
5740,-0.022,611.954,-1.6656,-4.76559,-1.6932
5741,0.022,1623.47,-0.5848,-1.9471199999999995,-0.1618
5742,0.056,1120.16,-1.1226,-2.96184,-0.7444
5743,0.022,2777.91,0.6487,0.11023999999999998,0.6818
5744,0.028,1986.96,-0.1964,-0.94119,0.1555
5745,-0.079,1337.3,-0.8906,-2.80572,-0.4663
5746,0.056,1444.53,-0.776,-2.31343,-0.3451
5747,-0.008,2752.04,0.6211,0.83633,0.6671
5748,0.165,1504.33,-0.7121,-2.2793799999999997,-0.2815
5749,-0.118,1164.63,-1.0751,-3.92138,-0.6833
5750,-0.004,2637.74,0.4989,0.34082,0.6005
5751,-0.088,1470.47,-0.7483,-2.52737,-0.3172
5752,-0.158,2215.51,-0.2301,0.0947,-0.2022
5753,-0.022,3890.3,1.5073,3.5251,1.2041
5754,0.186,2864.59,0.4433,1.6602,0.4395
5755,-0.134,3119.46,0.7077,2.1795,0.6525
5756,0.007,4011.29,1.6328,3.7117,1.2806
5757,-0.09,2646.11,0.2166,1.1768,0.2414
5758,0.005,1900.81,-0.5565,-0.8386,-0.5848
5759,-0.002,3217.87,0.8097,2.3688,0.73
5760,-0.032,3586.99,1.1926,3.0305,1.0013
5761,-0.137,1888.74,-0.569,-0.8774,-0.6008
5762,0.009,1964.96,-0.49,-0.6364,-0.502
5763,-0.44,3067.59,0.6538,2.0774,0.6106
5764,-0.034,1861.29,-0.5975,-0.9666,-0.6373
5765,0.18,2678.06,0.2498,1.2499,0.2714
5766,0.246,2971.04,0.5537,1.8825,0.5307
5767,0.08,2379.86,-0.0596,0.5307,-0.0235
5768,0.051,1557.88,-0.9122,-2.0505,-1.0817
5769,0.003,1966.82,-0.488,-0.6306,-0.4996
5770,0.034,2753.02,0.3275,1.4181,0.3403
5771,0.009,1713.78,-0.7505,-1.4695,-0.8435
5772,0.027,3157.59,0.7472,2.2536,0.6828
5773,0.451,4462.29,2.1006,4.361,1.5468
5774,0.03,4406.81,2.0431,4.2847,1.5155
5775,-0.007,2869.19,0.448,1.67,0.4436
5776,-0.007,1647.16,-0.8196,-1.7111,-0.9425
5777,0.052,1961.67,-0.4934,-0.6466,-0.5061
5778,0.0,2848.39,0.4265,1.6256,0.4254
5779,-0.002,1494.19,-0.9783,-2.3047,-1.1859
5780,0.595,4396.63,2.0325,4.2706,1.5097
5781,-0.083,1996.17,-0.4576,-0.5404,-0.4626
5782,0.098,3783.99,1.397,3.3563,1.1349
5783,0.015,2042.96,-0.2802,0.0201,-0.2336
5784,0.462,4780.76,2.9499,3.2464,1.763
5785,0.015,2056.35,-0.2644,0.0449,-0.2183
5786,0.125,2693.16,0.4869,1.0686,0.4152
5787,0.001,2403.01,0.1446,0.636,0.1475
5788,-0.016,3169.3,1.0486,1.6863,0.7975
5789,-0.09,3791.37,1.7826,2.3664,1.2184
5790,0.545,2729.36,0.5296,1.1192,0.4466
5791,0.305,3025.56,0.879,1.5102,0.6885
5792,0.065,2536.01,0.3015,0.8404,0.274
5793,-0.054,2118.26,-0.1914,0.1574,-0.1486
5794,-0.562,247.943,-2.398,-7.9721,-5.1795
5795,0.055,820.702,-1.7223,-3.4391,-2.3743
5796,0.049,1295.35,-1.1623,-1.7084,-1.3033
5797,0.047,804.681,-1.7412,-3.5138,-2.4206
5798,-0.068,2195.38,-0.1004,0.2931,-0.0647
5799,0.049,1101.03,-1.3916,-2.3248,-1.6848
5800,-0.036,911.743,-1.6149,-3.0402,-2.1275
5801,-0.078,484.032,-2.1195,-5.4402,-3.6127
5802,-0.071,1499.15,-0.9218,-1.1541,-0.9603
5803,0.023,1601.161,-1.3682,-0.8991,-1.524
5804,0.007,1769.3006,-1.1608,-0.5811,-1.2316
5805,0.269,2918.49,0.9979799999999999,0.35839999999999994,0.6709200000000001
5806,0.088,2524.569,-0.2292,0.5512,-0.1906
5807,-0.511,2159.1892,-0.6799,0.0532,-0.6484
5808,-0.065,1441.8115,-1.5648,-1.233,-1.8309
5809,0.102,2136.9347,-0.7073,0.0202,-0.6788
5810,0.005,1474.4797,-1.5245,-1.1617,-1.7653
5811,0.024,1803.7579,-1.1183,-0.5197,-1.1751
5812,-0.086,1936.7577,-0.9542,-0.2931,-0.9668
5813,0.198,2042.9838,-0.8232,-0.123,-0.8105
5814,-0.01,1518.9267,-1.4696,-1.0671,-1.6784
5815,0.157,4634.5407,2.3735,2.4866,1.5886
5816,0.134,3265.4112,0.6846,1.371,0.563
5817,-0.18,3781.5158,1.3213,1.8385,0.9928
5818,-0.055,2346.4396,-0.4489,0.3182,-0.4049
5819,-0.023,1224.8401,-1.8324,-1.7524,-2.3084
5820,-0.221,2029.6331,-0.8397,-0.1439,-0.8296
5821,-0.018,1711.4512,-1.2322,-0.687,-1.3289
5822,-0.001,2536.0168,-0.2151,0.5657,-0.1774
5823,-0.026,4140.7838,1.7644,2.1277,1.2586
5824,0.009,3265.4526,0.6847,1.371,0.563
5825,-0.11,3551.4109,1.0374,1.6385,0.8089
5826,-0.107,2505.21,-0.2531,0.5267,-0.2132
5827,-0.014,2398.1773,-0.3851,0.3876,-0.341
5828,0.034,1900.3665,-0.9991,-0.3535,-1.0224
5829,-0.089,2768.8104,0.0721,0.8454,0.0798
5830,-0.001,5038.08,2.8712,2.7526,1.8331
5831,0.051,3791.3711,1.3334,1.8468,1.0004
5832,-0.087,3174.8833,0.573,1.2814,0.4807
5833,-0.037,2661.7363,-0.06,0.7198,-0.0357
5834,0.055,2166.4075,-0.671,0.0639,-0.6387
5835,0.009,2358.17819,-0.19759000000000004,-0.9018800000000002,-0.2807
5836,0.143,2388.8494,-0.3966,0.3752,-0.3524
5837,-0.291,2219.9135,-0.605,0.1416,-0.5672
5838,0.021,2114.1114,-0.7355,-0.014,-0.7102
5839,0.711,3360.1998,0.8016,1.4622,0.6468
5840,-0.264,2314.9296,-0.4878,0.2751,-0.4445
5841,0.163,2853.9609,0.1771,0.9419,0.1686
5842,0.044,3632.4559,1.1374,1.7104,0.875
5843,0.016,1803.3856,-1.1188,-0.5203,-1.1757
5844,1.33,5573.8537,3.5321,3.0746,2.1292
5845,-0.058,2580.7640199999996,0.21467,-0.55989,0.24653
5846,-0.319,4993.54,2.5883,1.4874,1.7722
5847,-0.03,3401.89,0.8515,0.0958,0.7981
5848,0.0,3815.54,1.3029,0.5118,1.0893
5849,0.056,2062.97,-0.6095,-1.7174,-0.4713
5850,0.136,1961.22,-0.7205,-1.9007,-0.5996
5851,0.12,2893.93,0.2972,-0.4904,0.3876
5852,-0.061,3320.02,0.7622,0.0075,0.7362
5853,0.274,5608.01,3.2588,1.9081,2.0668
5854,0.0,4552.18,2.1067,1.1518,1.5373
5855,0.185,2366.04,-0.2788,-1.2205,-0.1234
5856,-0.106,3482.39,0.9393,0.1806,0.8574
5857,0.189,4899.51,2.4857,1.4184,1.7239
5858,-0.134,3464.29,0.9196,0.1617,0.8442
5859,-0.197,1697.48,-1.0083,-2.4241,-0.9661
5860,-0.096,4095.56,1.6084,0.7686,1.269
5861,0.4,4524.97,2.077,1.1301,1.5221
5862,-0.024,3904.28,1.3997,0.5952,1.1476
5863,0.03,3409.16,0.8594,0.1036,0.8035
5864,-0.23,3339.05,0.7829,0.0282,0.7507
5865,-0.318,1813.07,-0.8822,-2.1854,-0.7989
5866,-0.029,2169.86,-0.4929,-1.5343,-0.3431
5867,-0.215,2425.47,-0.214,-1.1306,-0.0605
5868,-0.25,3018.03,0.4326,-0.3382,0.4942
5869,-0.078,3075.32,0.4951,-0.27,0.5419
5870,0.556,5284.34,2.9056,1.6926,1.9159
5871,-0.008,1389.34,-1.3446,-3.1501,-1.4743
5872,0.193,1937.46,-0.7465,-1.9449,-0.6305
5873,0.033,3044.36,0.4614,-0.3067,0.5162
5874,-0.303,2404.28,-0.2371,-1.1624,-0.0828
5875,-0.001,2287.66,-0.3643,-1.3426,-0.2089
5876,0.065,3308.09,0.7491,-0.0055,0.7271
5877,-0.028,3933.48,1.4316,0.6222,1.1665
5878,-0.169,3085.87,0.5067,-0.2576,0.5506
5879,-0.273,3112.37,0.5356,-0.2266,0.5723
5880,-0.006,2644.72,0.0253,-0.8169,0.1591
5881,0.028,3689.99,1.1659,0.3905,1.0044
5882,-0.027,3754.67,1.2364,0.4535,1.0485
5883,0.091,2797.59,0.1921,-0.6132,0.3017
5884,-0.064,3859.24,1.3506,0.5531,1.1182
5885,-0.443,2885.19,0.2877,-0.5014,0.38
5886,-0.025,4694.59,2.2621,1.2635,1.6155
5887,0.045,1708.62,-0.9962,-2.4004,-0.9495
5888,-0.032,3358.39,0.804,0.0492,0.7654
5889,-0.116,3351.78,0.7968,0.042,0.7604
5890,0.155,2420.04,-0.2199,-1.1387,-0.0662
5891,-0.099,2933.18,0.34,-0.4416,0.4218
5892,0.042,2790.31,0.1841,-0.6226,0.2951
5893,-0.033,2691.18,0.076,-0.7538,0.2033
5894,0.0,3260.82,0.6976,-0.0577,0.6906
5895,-0.007,3802.16,1.2883,0.4991,1.0804
5896,0.148,4330.15,1.8644,0.9705,1.4104
5897,0.0,2094.51,-0.5751,-1.6624,-0.4328
5898,-0.128,4815.53,2.394,1.3557,1.6801
5899,0.009,3256.81,0.6932,-0.0622,0.6874
5900,-0.069,2638.34,0.0183,-0.8256,0.153
5901,0.061,1582.54,-1.1338,-2.6782,-1.1439
5902,-0.365,936.647,-1.8386,-4.5786,-2.4743
5903,-0.001,3477.07,0.9335,0.1751,0.8535
5904,-0.322,3629.45,1.0998,0.3306,0.9624
5905,-0.016,2347.04,-0.2995,-1.2497,-0.1439
5906,0.377,2766.41,0.1581,-0.6538,0.2733
5907,0.012,2710.0,0.0965,-0.7285,0.221
5908,0.045,3223.38,0.6567,-0.0996,0.6613
5909,0.012,2712.43,0.0992,-0.7252,0.2233
5910,-0.016,3121.0,0.545,-0.2166,0.5793
5911,-0.016,1395.02,-1.3384,-3.1353,-1.4639
5912,0.009,3428.68,0.8807,0.1243,0.818
5913,0.618,2137.46,-0.5282,-1.5888,-0.3813
5914,-0.15,2960.29,0.3696,-0.4082,0.4452
5915,0.114,3023.91,0.439,-0.3312,0.4991
5916,0.057,2833.37,0.2311,-0.5671,0.334
5917,0.036,1625.09,-1.0873,-2.5821,-1.0766
5918,0.108,1300.46,-1.4416,-3.3897,-1.642
5919,0.009,2320.5,-0.3285,-1.291,-0.1728
5920,-0.028,1933.34,-0.751,-1.9526,-0.6359
5921,-0.043,2346.15,-0.3005,-1.2511,-0.1449
5922,0.04,2135.82,-0.53,-1.5916,-0.3832
5923,-0.169,1267.0,-0.9657,-2.7367,-0.551
5924,-0.078,1564.37,-0.648,-2.14074,-0.22
5925,0.084,587.032,-1.6922,-7.2939300000000005,-1.7585
5926,-0.074,2673.2,0.5368,0.32138,0.6215
5927,0.005171583271097834,2431.304384172376,0.08362741535100784,-0.5253435138629509,9.929500543630022e-09
5928,-0.167,2995.18,0.8808,1.03159,0.8001
5929,0.002,1481.04,-0.737,-1.9203800000000002,-0.306
5930,-0.154,1237.64,-0.9971,-2.92686,-0.5879
5931,0.0324,2111.58,-0.0633,-1.15643,0.2511
5932,-0.047200000000000006,2482.18,0.3327,-0.72956,0.505
5933,0.0421,2805.04,0.6777,0.91709,0.6971
5934,-0.007400000000000001,803.826,-1.4606,-3.70574,-1.2653
5935,0.005171583271097834,2431.304384172376,0.08362741535100784,-0.5253435138629509,9.929500543630022e-09
5936,-0.287,2093.91,-0.0822,-0.73628,0.2379
5937,0.027,459.582,-1.8284,-5.82416,-2.1423
5938,0.005,1215.95,-1.0202,-3.34143,-0.6156
5939,0.012,1680.74,-0.5236,-1.00836,-0.1073
5940,-0.017,2600.01,0.4586,0.67135,0.5779
5941,-0.074,2521.7,0.3749,0.36104,0.5298
5942,-0.172,3919.85,1.8688,2.27423,1.2227
5943,-0.02,2372.49,0.2155,-0.41906999999999994,0.434
5944,0.089,159.558,-2.149,-10.068679999999999,-3.7982
5945,-0.052,2309.7,0.1484,-0.27625,0.3919
5946,-0.088,4880.08,2.8948,2.47907,1.567
5947,-0.016,1652.52,-0.5538,-1.96356,-0.1339
5948,-0.126,1882.17,-0.3084,-1.1315000000000002,0.0704
5949,-0.001,2737.09,0.6051,-0.4516800000000001,0.6586
5950,-0.309,2422.11,0.2685,0.31162,0.4665
5951,0.026,238.142,-2.065,-11.104270000000001,-3.1722
5952,0.032,2306.47,0.145,-0.72359,0.3897
5953,-0.003,3849.18,1.7933,1.9873100000000001,1.1942
5954,0.006,366.466,-1.9279,-7.07311,-2.4972
5955,0.185,3199.94,1.0996,1.2067799999999997,0.904
5956,-0.021,2253.16,0.088,-0.48108000000000006,0.353
5957,-0.007,2287.0,0.1242,-0.53752,0.3764
5958,0.156,584.978,-1.6944,-7.2939300000000005,-1.764
5959,0.078,2087.67,-0.0888,-1.0706099999999998,0.2332
5960,-0.275,2586.2,0.4439,0.13247000000000003,0.5695
5961,-0.071,588.529,-1.6906,-7.293930000000001,-1.7545
5962,0.149,1825.87,-0.3686,-1.45276,0.0227
5963,0.017,2099.56,-0.991,-1.0018,-0.9487
5964,0.022,3165.77,0.2592,0.8605500000000001,0.3575
5965,-0.065,2162.64,-0.917,-0.98547,-0.8545
5966,-0.128,2869.28,-0.0884,0.27903,0.0447
5967,-0.009,2903.37,-0.0484,-0.08584,0.0823
5968,-0.68,2368.2,-0.676,-0.38951,-0.5658
5969,-0.043,2588.98,-0.4171,0.17121,-0.2823
5970,-0.222,4771.03,2.1416,2.7462400000000007,1.6622
5971,0.0,4173.35,1.4407,2.1078,1.2364
5972,0.236,2742.73,-0.2368,0.12087,-0.0988
5973,0.073,3049.03,0.1224,0.5086400000000001,0.238
5974,-0.076,2418.0,-0.6176,-0.4136,-0.4996
5975,0.008,3405.7,0.5406,1.01746,0.5898
5976,0.011,3242.5,0.3492,1.13373,0.4336
5977,0.025,3932.12,1.1579,2.00214,1.047
5978,0.065,2668.74,-0.3236,-0.3981199999999999,-0.1858
5979,-0.019,3520.76,0.6755,1.4643399999999998,0.6955
5980,-0.079,3961.41,1.1922,1.64649,1.0706
5981,-0.163,3413.27,0.5495,1.54983,0.5969
5982,-0.068,2678.59,-0.312,0.08719000000000002,-0.174
5983,-0.07,2377.56,-0.665,-0.4014399999999999,-0.5532
5984,-0.04,3020.64,0.0891,1.0145499999999998,0.2082
5985,-0.035,3258.58,0.3681,0.19971999999999998,0.4494
5986,-0.056,3331.88,0.454,1.26389,0.5201
5987,0.009,2926.75,-0.021,0.6144499999999999,0.1078
5988,-0.046,3204.83,0.3051,1.15956,0.3965
5989,-0.019,2282.08,-0.777,-0.1584,-0.6836
5990,-0.119,3194.05,0.2924,0.8790699999999999,0.3858
5991,-0.058,2564.12,-0.4462,0.01213000000000002,-0.313
5992,-0.058,2094.92,-0.9964,-0.8453000000000002,-0.9557
5993,-0.154,2840.61,-0.122,0.25616999999999995,0.0128
5994,0.019,2551.4,-0.4612,-0.05681999999999997,-0.3288
5995,-0.05,2243.4,-0.8223,-0.9733900000000002,-0.7379
5996,-0.016,1752.2,-1.3983,-1.9979099999999999,-1.5238
5997,0.125,3153.28,0.442,2.2452,0.6794
5998,0.014,2527.41,-0.1803,0.8972,0.1267
5999,-0.011,2990.32,0.28,1.9219,0.5468
6000,0.048,4904.97,2.1838,4.9374,1.7831
6001,0.216,4302.29,1.5845,4.1385,1.4555
6002,-0.134,931.544,-1.7671,-5.1822,-2.3655
6003,0.17,4918.56,2.1973,4.9542,1.79
6004,0.007,3802.6,1.0877,3.3861,1.1471
6005,-0.059,5505.39,2.7808,5.6411,2.0715
6006,-0.118,3463.33,0.7503,2.8167,0.9137
6007,-0.004,2435.0,-0.2722,0.6703,0.0337
6008,-0.038,5248.63,2.5255,5.35,1.9522
6009,-0.006,5925.07,3.1982,6.0888,2.2551
6010,-0.094,1764.29,0.6745,0.8099,0.516
6011,0.161,3739.44,4.5519,3.8447,2.2121
6012,-0.124,1472.57,0.1018,0.0798,0.108
6013,-0.109,1073.02,-0.6826,-1.1985,-0.6064
6014,-0.036,1595.59,0.3433,0.4039,0.2891
6015,0.073,1014.91,-0.7967,-1.4233,-0.732
6016,0.334,2403.9,1.9301,2.0595,1.2144
6017,-0.143,1898.5,0.9379,1.106,0.6815
6018,-0.053,1959.51,1.0577,1.2338,0.7529
6019,0.092,1189.67,-0.4536,-0.7817,-0.3735
6020,0.081,2883.0259499999997,0.6866399999999999,0.12703000000000003,0.5096299999999999
6021,0.084,3205.92,3.5046,3.2227,1.8645
6022,-0.004,1997.82,1.1329,1.312,0.7967
6023,0.072,1370.34,-0.0989,-0.2108,-0.0544
6024,0.006,1723.61,0.5946,0.7156,0.4634
6025,0.061,2368.34,1.8603,1.9993,1.1808
6026,0.061,1367.72,-0.104,-0.2185,-0.0587
6027,-0.003,1021.47,-0.7838,-1.3973,-0.7175
6028,-0.081,2157.58,1.4465,1.6228,0.9703
6029,-0.032,1508.74,0.1728,0.1778,0.1628
6030,-0.05,1474.59,0.1058,0.0854,0.1111
6031,-0.087,1348.95,-0.1409,-0.2743,-0.0899
6032,-0.086,1868.94,0.8799,1.0426,0.6461
6033,0.642,1234.75,-0.3651,-0.6315,-0.2895
6034,0.053,1918.0,0.9762,1.1473,0.7046
6035,-0.05,734.561,-1.347,-2.7283,-1.4614
6036,0.022,691.485,-1.4316,-2.9722,-1.5977
6037,0.019,807.658,-1.2035,-2.3454,-1.2474
6038,-0.064,2223.17951,-0.26513,-0.72416,-0.36768000000000006
6039,0.024,492.341,-1.8225,-4.3427,-2.3636
6040,0.029,1197.28,-0.4386,-0.756,-0.3591
6041,0.131,716.245,-1.383,-2.8303,-1.5183
6042,-0.041,2000.39,1.138,1.3172,0.7996
6043,0.005,950.216,-0.9237,-1.6892,-0.8806
6044,0.003,823.944,-1.1715,-2.2648,-1.2023
6045,0.188,686.211,-1.4419,-3.0031,-1.6149
6046,0.032,1073.62,-0.6814,-1.1962,-0.6051
6047,-0.066,658.637,-1.4961,-3.1687,-1.7074
6048,-0.155,2053.14,1.2415,1.4223,0.8583
6049,-0.049,1547.65,0.2492,0.2807,0.2203
6050,0.037,1576.9,0.3066,0.3563,0.2625
6051,0.0546,2500.58,2.1199,2.2188,1.3034
6052,0.568,3603.15,4.2844,3.6947,2.1282
6053,-0.027099999999999996,1990.31,1.1182,1.2968,0.7881
6054,-0.052,1099.49,-0.6306,-1.1001,-0.5514
6055,0.002,1511.36,0.1779,0.1848,0.1667
6056,-0.079,2001.73,1.1406,1.3199,0.8011
6057,0.113,1130.58,-0.5696,-0.9875,-0.4884
6058,0.009,1190.82,-0.4513,-0.7778,-0.3713
6059,-0.082,940.255,-0.9432,-1.7318,-0.9044
6060,-0.119,1753.65,0.6536,0.7854,0.5024
6061,0.026,1201.17,-0.431,-0.7429,-0.3518
6062,-0.007,858.459,-1.1038,-2.0992,-1.1098
6063,0.06,889.009,-1.0438,-1.958,-1.0309
6064,0.016,1647.91,0.446,0.5342,0.362
6065,0.551,1995.65,1.1287,1.3076,0.7942
6066,0.02,1227.85,-0.3786,-0.6542,-0.3022
6067,-0.257,1959.38,1.0575,1.2335,0.7528
6068,0.008,2201.2,1.5322,1.7036,1.0155
6069,0.242,1339.17,-0.1601,-0.3037,-0.1063
6070,0.054,1555.99,0.2656,0.3024,0.2324
6071,-0.058,1298.81,-0.2393,-0.4273,-0.1754
6072,-0.222,381.032,-2.041,-5.3761,-2.9411
6073,-0.038,1710.77,0.5694,0.6854,0.4465
6074,-0.051,2055.34,1.2458,1.4267,0.8607
6075,0.086,686.274,-1.4418,-3.0028,-1.6147
6076,0.0,2081.67,1.2975,1.4781,0.8895
6077,0.06,1354.1,-0.1308,-0.2589,-0.0813
6078,0.002,946.779,-0.9304,-1.7038,-0.8888
6079,0.091,1239.18,-0.3564,-0.6171,-0.2815
6080,-0.048,1048.32,-0.7311,-1.2925,-0.6589
6081,0.048,2034.77,1.2055,1.386,0.838
6082,-0.151,1019.51,-0.7876,-1.405,-0.7218
6083,-0.075,1616.29,0.3839,0.456,0.3182
6084,1.4,1767.07,0.6799,0.8162,0.5196
6085,0.264,675.209,-1.4635,-3.0684,-1.6514
6086,0.015,1361.24,-0.1168,-0.2377,-0.0694
6087,-0.051,796.685,-1.2251,-2.4006,-1.2782
6088,-0.022,2915.5257200000005,0.5167499999999999,-0.5465,0.34735000000000005
6089,-0.119,1578.04,0.3088,0.3592,0.2642
6090,-0.101,859.728,-1.1013,-2.0932,-1.1064
6091,0.038,1340.88,-0.1567,-0.2985,-0.1034
6092,-0.071,984.679,-0.856,-1.5454,-0.8002
6093,0.435,2755.18,2.6197,2.6105,1.5224
6094,0.18,799.9,-1.2187,-2.3844,-1.2691
6095,-0.279,1632.85,0.4164,0.4971,0.3412
6096,-0.228,2056.76,1.2486,1.4295,0.8623
6097,-0.13,1171.12,-0.49,-0.8452,-0.4089
6098,-0.016,1612.63,0.3767,0.4468,0.3131
6099,-0.201,1059.79,-0.7086,-1.2486,-0.6344
6100,0.0,1944.26,1.0278,1.2022,0.7353
6101,-0.036,1004.21,-0.8177,-1.4661,-0.7559
6102,0.041,1682.51,0.5139,0.6182,0.4089
6103,0.097,990.741,-0.8441,-1.5206,-0.7864
6104,-0.053,1505.92,0.1673,0.1703,0.1586
6105,-0.507,543.046,-1.723,-3.9473,-2.1426
6106,-0.019,1315.66,-0.2062,-0.3752,-0.1463
6107,-0.267,1885.35,0.9121,1.0779,0.6658
6108,0.005,1625.33,0.4017,0.4785,0.3308
6109,-0.093,1234.34,-0.3659,-0.6329,-0.2903
6110,-0.108,1661.72,0.4731,0.5679,0.3808
6111,-0.004,1582.03,0.3167,0.3694,0.2699
6112,0.031,2324.8189700000003,-0.04799000000000001,0.14556,0.028470000000000006
6113,0.061,1060.7,-0.7068,-1.2451,-0.6324
6114,0.005,1270.55,-0.2948,-0.5161,-0.225
6115,-0.083,1253.27,-0.3287,-0.5714,-0.2559
6116,-0.048,732.947,-1.3502,-2.7372,-1.4663
6117,-0.042,753.983,-1.3089,-2.623,-1.4025
6118,-0.179,1390.11,-0.0601,-0.1529,-0.022
6119,0.076,627.803,-1.5566,-3.3621,-1.8156
6120,0.102,462.963,-1.8802,-4.5908,-2.5023
6121,0.274,621.908,-1.5682,-3.4002,-1.8369
6122,-0.141,2158.11,1.4476,1.6238,0.9709
6123,0.066,1028.06,-0.7708,-1.3713,-0.703
6124,-0.05,1214.83,-0.4042,-0.6972,-0.3262
6125,0.036,545.692,-1.7178,-3.9277,-2.1316
6126,0.295,788.147,-1.2418,-2.4441,-1.3025
6127,-0.142,2340.12,1.8049,1.9509,1.1537
6128,0.069,2062.23,1.2594,1.4402,0.8683
6129,-0.317,3426.68,3.9379,3.4918,2.0149
6130,0.007,665.8,-1.482,-3.125,-1.6831
6131,-0.054,1085.35,-0.6584,-1.1523,-0.5806
6132,-0.132,1541.01,0.2361,0.2633,0.2106
6133,0.132,863.892,-1.0931,-2.0737,-1.0955
6134,-0.053,1035.81,-0.7556,-1.341,-0.686
6135,-0.025,835.627,-1.1486,-2.208,-1.1706
6136,0.023,899.755,-1.0227,-1.9095,-1.0037
6137,-0.081,2145.3202,0.06470999999999998,-1.2499099999999999,-0.10756999999999997
6138,0.171,1600.68,0.3533,0.4168,0.2963
6139,0.061,721.079,-1.3735,-2.8031,-1.5032
6140,0.096,1126.21,-0.5782,-1.0031,-0.4972
6141,-0.201,2156.1,1.4436,1.62,0.9688
6142,-0.104,1530.85,0.2162,0.2366,0.1956
6143,0.056,1051.98,-0.7239,-1.2784,-0.6511
6144,1.05,2042.74,1.2211,1.4018,0.8468
6145,0.035,1063.21,-0.7018,-1.2355,-0.6271
6146,0.001,1230.73,-0.373,-0.6447,-0.2969
6147,1.34,1902.84,0.9465,1.1152,0.6867
6148,0.525,1232.72,-0.3691,-0.6382,-0.2932
6149,0.085,1310.86,-0.2157,-0.39,-0.1545
6150,-0.04,1654.28,0.4585,0.5498,0.3707
6151,-0.343,921.999,-0.9791,-1.8109,-0.9486
6152,0.871,1868.95,0.8799,1.0426,0.6461
6153,0.033,2024.99,1.1863,1.3666,0.8271
6154,0.101,1169.72,-0.4927,-0.85,-0.4116
6155,0.933,2536.53,2.1905,2.2765,1.3357
6156,-0.055,1820.23,0.7843,0.936,0.5865
6157,-0.008,1437.13,0.0322,-0.0186,0.053
6158,0.717,4248.8,5.5519,4.3607,2.5005
6159,0.148,2670.35,2.4532,2.4842,1.4517
6160,0.039,1092.28,-0.6448,-1.1266,-0.5662
6161,-0.008,3191.2,0.6648,-0.0201,0.6854
6162,0.001,3208.65,0.6906,-0.0005,0.7055
6163,-0.002,3603.2,1.2728,0.4178,1.1325
6164,-0.001,2979.02,0.3518,-0.2682,0.4321
6165,-0.016,3034.0,0.4329,-0.2023,0.4994
6166,-0.003,2711.1,-0.0436,-0.6081,0.0851
6167,0.003,2708.78,-0.047,-0.6111,0.0819
6168,0.006,1061.92,-2.4771,-3.9869,-3.365
6169,0.032,2314.76,-0.6284,-1.1779,-0.4968
6170,0.033,3038.94,0.4402,-0.1964,0.5054
6171,-0.006,4089.16,1.9899,0.874,1.5984
6172,0.003,3475.85,1.0849,0.288,1.0
6173,0.0,3160.12,0.619,-0.0554,0.6494
6174,0.005,2368.37,-0.5493,-1.0954,-0.4125
6175,-0.002,1636.49,-0.5752,-2.4114,-0.4149
6176,-0.155,2154.6,0.1088,-1.1433,0.2771
6177,0.749,4057.7998,2.6214,1.7758,1.8701
6178,0.0,892.682,-1.5572,-5.2047,-1.9394
6179,-0.001,1186.34,-1.1695,-3.8941,-1.2241
6180,-0.021,911.227,-1.5327,-5.11,-1.8877
6181,0.021,1289.52,-1.0333,-3.5098,-1.0144
6182,0.146,650.097,-1.8774,-6.6656,-2.7366
6183,0.101,2423.56,0.164,0.12414,0.2738
6184,-0.033,1221.95,-1.2973,-3.50043,-1.4976
6185,-0.055,2094.38,-0.2363,-0.73628,-0.1039
6186,0.075,4138.59,2.2497,1.6395,1.6584
6187,-0.005,2008.74,-0.3405,-1.0801,-0.2119
6188,-0.145,3429.68,0.5687,0.81419,0.6122
6189,-0.041,2856.61,-0.1033,0.20932999999999996,0.0306
6190,-0.097,2419.42,-0.6159,-0.39113000000000003,-0.4977
6191,0.011,3298.44,0.4148,0.93322,0.4881
6192,-0.058,4421.74,1.732,2.9010100000000003,1.4203
6193,-0.075,4274.87,1.5598,2.76487,1.3129
6194,-0.142,2130.82,-0.9543,-1.26852,-0.9017
6195,-0.076,2676.31,-0.3147,0.19904000000000002,-0.1768
6196,-0.051,3083.77,0.1631,0.9793100000000001,0.274
6197,-0.155,2406.09,-0.6315,-0.48710999999999993,-0.5153
6198,-0.055,2619.67,-0.3811,0.009149999999999991,-0.2448
6199,-0.037,2318.81,-0.7339,-0.37073000000000006,-0.6328
6200,0.013,2224.15,-0.8449,-0.38306000000000007,-0.7653
6201,-0.022,3803.56,1.0071,2.43979,0.9413
6202,0.0,2602.9,-0.4008,0.39889,-0.2652
6203,0.043,2131.0981,0.0778,-1.1938,0.2495
6204,-0.004,1892.22,-0.2376,-1.742,-0.0496
6205,0.0,1908.5128,-0.2161,-1.7024,-0.0281
6206,0.031,1787.47,-0.3759,-2.0045,-0.1929
6207,0.042,2395.7914,0.4272,-0.654,0.5441
6208,-0.2,1728.1279,-0.4542,-2.1602,-0.2779
6209,0.14,1092.64,-1.2932,-4.2733,-1.4311
6210,0.122,1922.8656,-0.1971,-1.6679,-0.0092
6211,0.135,1578.44,-0.6518,-2.5779,-0.5058
6212,-0.002,2656.43,-0.1243,-0.6815,0.0101
6213,-0.003,1820.88,-1.3572,-2.0432,-1.3803
6214,0.002,2230.18,-0.7532,-1.3121,-0.6338
6215,-0.036,3730.19,1.4602,0.5427,1.26
6216,0.002,2572.63,-0.2479,-0.7971,-0.1079
6217,-0.001,2861.79,0.1788,-0.413,0.2843
6218,-0.008,4294.43,2.2928,1.0506,1.7787
6219,0.023,3597.88,1.2649,0.4124,1.1271
6220,0.0,3168.23,0.631,-0.0462,0.6588
6221,0.001,2517.66,-0.329,-0.875,-0.1874
6222,0.0,3917.81,1.737,0.7196,1.4407
6223,0.0,3488.35,1.1033,0.3009,1.0132
6224,0.006,3206.67,0.6877,-0.0027,0.7032
6225,0.001,3879.53,1.6805,0.6842,1.4046
6226,0.0,3561.11,1.2107,0.3754,1.0892
6227,0.0,3302.55,0.8292,0.1036,0.8117
6228,0.001,4014.49,1.8797,0.8075,1.5305
6229,0.007,1970.98,-1.1357,-1.7576,-1.0887
6230,0.016,2708.7,-0.0471,-0.6112,0.0818
6231,-0.024,3384.07,0.9494,0.1915,0.9015
6232,0.004,2125.82,-0.9072,-1.4849,-0.8103
6233,0.008,3492.21,1.109,0.3049,1.0173
6234,0.0,3096.58,0.5252,-0.1287,0.5746
6235,0.005,3461.36,1.0635,0.2729,0.9846
6236,0.009,3617.91,1.2945,0.4324,1.1475
6237,-0.014,4001.66,1.8608,0.796,1.5187
6238,0.003,3688.56,1.3987,0.5022,1.2187
6239,-0.003,4317.07,2.3262,1.0696,1.7981
6240,-0.002,1576.44,-1.7179,-2.5629,-1.9109
6241,0.006,3308.72,0.8383,0.1103,0.8186
6242,0.018,3576.91,1.234,0.3913,1.1055
6243,0.02,2813.38,0.1073,-0.4745,0.2214
6244,0.001,3463.98,1.0674,0.2757,0.9874
6245,-0.001,3718.17,1.4424,0.531,1.2482
6246,-0.004,3351.69,0.9017,0.1568,0.8661
6247,-0.045,3168.36,0.6311,-0.046,0.659
6248,0.001,1785.04,-1.4101,-2.1149,-1.4535
6249,-0.004,3648.05,1.339,0.4624,1.1781
6250,0.0,3486.51,1.1006,0.299,1.0113
6251,0.004,3131.6,0.5769,-0.0881,0.616
6252,-0.004,3174.48,0.6402,-0.0391,0.6661
6253,-0.003,3749.86,1.4892,0.5616,1.2794
6254,-0.004,3062.8,0.4754,-0.1682,0.5342
6255,0.0,2484.5456000000004,0.21022,-0.8912100000000001,0.06565000000000003
6256,0.002,2861.51,0.1784,-0.4133,0.2839
6257,0.0,1348.81,-2.0538,-3.125,-2.4849
6258,-0.005,3026.43,0.4217,-0.2113,0.4902
6259,-0.001,1702.0,-1.5326,-2.2866,-1.6288
6260,-0.004,3048.18,0.4538,-0.1855,0.5166
6261,0.001,2823.11,0.1217,-0.4621,0.2342
6262,-0.011,2988.82,0.3662,-0.2564,0.4442
6263,-0.01,2736.04,-0.0068,-0.575,0.1188
6264,-0.006,3348.1,0.8964,0.153,0.8621
6265,0.003,2724.7,-0.0235,-0.59,0.1035
6266,-0.001,2899.21,0.234,-0.3662,0.3321
6267,-0.002,2613.57,-0.1875,-0.7402,-0.0498
6268,-0.001,2309.88,-0.6356,-1.1855,-0.5046
6269,0.0,3227.22,0.718,0.0204,0.7267
6270,0.001,2285.84,-0.6711,-1.2233,-0.5431
6271,-0.003,3370.65,0.9296,0.1772,0.8868
6272,0.001,2865.49,0.1842,-0.4083,0.289
6273,0.0,2882.87,0.2099,-0.3865,0.3113
6274,0.0,2092.28,-0.9567,-1.5423,-0.8688
6275,0.0,2708.47,-0.0475,-0.6116,0.0815
6276,0.0,2197.46,-0.8015,-1.3654,-0.6883
6277,0.0,3225.81,0.7159,0.0188,0.7251
6278,0.003,2937.51,0.2905,-0.3188,0.3804
6279,0.002,2359.08,-0.563,-1.1096,-0.427
6280,0.003,2670.1,-0.1041,-0.663,0.029
6281,0.004,2443.16,-0.439,-0.9833,-0.298
6282,0.002,2815.19,0.11,-0.4722,0.2238
6283,-0.003,2084.64,-0.968,-1.5555,-0.8823
6284,0.005,2626.11,-0.169,-0.7229,-0.0322
6285,0.01,2969.65,0.3379,-0.2796,0.4205
6286,0.0,2586.98,-0.2267,-0.777,-0.0874
6287,0.008,2506.72,-0.3452,-0.8907,-0.2035
6288,-0.003,2361.27,-0.5598,-1.1062,-0.4236
6289,0.007,2060.37,-1.0038,-1.5977,-0.9254
6290,0.002,3002.05,0.3857,-0.2405,0.4604
6291,0.011,2296.5,-0.6554,-1.2065,-0.526
6292,-0.005,2709.22,-0.0464,-0.6106,0.0825
6293,0.005,1839.55,-1.3296,-2.0064,-1.3427
6294,0.001,2512.64,-0.3364,-0.8822,-0.1948
6295,0.004,2846.57,0.1563,-0.4322,0.2646
6296,-0.033,2509.68,-0.3408,-0.8864,-0.1991
6297,0.005,2192.13,-0.8094,-1.3742,-0.6972
6298,0.005,2800.34,0.0881,-0.4913,0.2043
6299,0.004,2995.22,0.3757,-0.2487,0.452
6300,0.007,2671.16,-0.1025,-0.6616,0.0304
6301,0.004,2564.1,-0.2605,-0.8091,-0.1202
6302,0.004,2101.58,-0.943,-1.5263,-0.8525
6303,0.025,1878.96,0.0545,-0.3112,0.2278
6304,0.174,4196.76,2.7898,2.1432,1.4317
6305,0.11,3095.31,1.4899,1.2134,0.9756
6306,-0.035,1679.0,-0.1815,-0.6547,0.0593
6307,-0.065,448.429,-1.6337,-4.6835,-1.9167
6308,-0.129,2456.76,0.7364,0.5077,0.6295
6309,-0.287,1883.09,0.0594,-0.3044,0.2311
6310,-0.038,3129.48,1.5303,1.2469,0.992
6311,0.103,2972.69,1.3452,1.0899,0.915
6312,-0.014,1717.06,-0.1366,-0.5863,0.0929
6313,-0.054,1994.67,0.1911,-0.1287,0.3174
6314,-0.074,1905.92,0.0863,-0.2676,0.2492
6315,0.021,2117.89,0.3365,0.0544,0.4071
6316,-0.028,1864.88,0.0379,-0.3341,0.2166
6317,0.009,2509.68,0.7988,0.5728,0.6614
6318,0.163,1839.94,0.0085,-0.3752,0.1964
6319,-0.034,2040.94,0.2457,-0.0586,0.3517
6320,-0.025,1787.8,-0.0531,-0.463,0.1534
6321,0.178,3560.42,2.0388,1.641,1.1853
6322,0.0,2376.07,0.6412,0.4057,0.5794
6323,-0.074,1842.05,0.0109,-0.3717,0.1981
6324,-0.105,499.703,-1.5732,-4.3534,-1.7548
6325,-0.112,2117.11,0.3356,0.0533,0.4066
6326,0.072,1502.5,-0.3898,-0.9939,-0.107
6327,-0.113,2344.64,0.6041,0.365,0.5595
6328,-0.002,1673.62,-0.1878,-0.6645,0.0545
6329,0.025,2211.74,0.4472,0.1868,0.4721
6330,0.004,2145.18,0.3687,0.0935,0.4263
6331,-0.006,2587.91,0.8911,0.6665,0.7074
6332,0.011,2520.07,0.8111,0.5854,0.6676
6333,-0.032,2637.52,0.9497,0.7245,0.7358
6334,-0.017,430.788,-1.6545,-4.8058,-1.9767
6335,0.004,310.698,-1.7962,-5.8016,-2.4651
6336,0.768,4100.34,2.676,2.0722,1.3968
6337,0.053,2430.07,0.7049,0.4743,0.6131
6338,-0.298,2135.41,0.3571,0.0796,0.4195
6339,-0.011,2446.86,0.7247,0.4954,0.6234
6340,0.411,1610.73,-0.262,-0.7815,-0.0029
6341,0.0,1057.57,-0.9148,-2.0659,-0.6329
6342,0.0,2217.19,0.4537,0.1943,0.4758
6343,-0.177,1813.03,-0.0233,-0.4202,0.1743
6344,-0.023,3464.89,1.9261,1.5579,1.1446
6345,-0.076,1740.26,-0.1092,-0.5453,0.113
6346,-0.112,1461.81,-0.4378,-1.0777,-0.1481
6347,-0.091,2197.87,0.4309,0.1676,0.4627
6348,-0.213,1891.62,0.0694,-0.2906,0.2379
6349,-0.02,2385.4,0.6522,0.4177,0.5853
6350,-0.518,224.845,-1.8975,-6.786,-2.9479
6351,0.025,856.754,-1.1518,-2.7087,-0.9481
6352,-0.031,2073.97,0.2846,-0.0096,0.3757
6353,-0.105,2358.48,0.6204,0.383,0.5683
6354,-0.093,2321.03,0.5762,0.3341,0.5443
6355,0.138,3166.4,0.7563,2.2705,0.6898
6356,0.248,3243.61,0.8364,2.4173,0.7499
6357,-0.025,2802.97,0.3793,1.5277,0.3852
6358,-0.035,1678.21,-0.7874,-1.5973,-0.8959
6359,-0.023,1740.32,-0.723,-1.3759,-0.8051
6360,-0.132,2203.59,-0.2424,0.0619,-0.2157
6361,-0.045,1592.15,-0.8767,-1.918,-1.0274
6362,0.017,1918.73,-0.5379,-0.7814,-0.5614
6363,-0.174,1886.76,-0.5711,-0.8838,-0.6034
6364,0.238,2659.56,0.2306,1.2077,0.254
6365,-0.074,6909.82,4.6396,7.0257,2.6392
6366,-0.142,2282.29,-0.1608,0.2757,-0.1281
6367,-0.015,1833.17,-0.6267,-1.0593,-0.6753
6368,0.04,1636.65,-0.8305,-1.75,-0.9585
6369,-0.013,3132.74,0.7214,2.2054,0.6631
6370,0.391,3568.16,1.1731,2.9984,0.9882
6371,0.03,2643.15,0.2136,1.17,0.2386
6372,-0.137,2164.63,-0.2828,-0.0468,-0.2603
6373,0.056,2093.16,-0.357,-0.2513,-0.3441
6374,-0.004,2031.43,-0.421,-0.4337,-0.4189
6375,0.187,3335.83,0.9321,2.5881,0.82
6376,0.007,1916.97,-0.5397,-0.787,-0.5637
6377,-0.016,4788.54,2.4391,4.791,1.723
6378,0.143,1630.19,-0.8372,-1.7741,-0.9684
6379,0.118,2097.09,-0.3529,-0.2399,-0.3394
6380,0.002,3419.08,1.0011,0.2286,0.9394
6381,0.0,4170.3,2.1096,0.9449,1.6707
6382,0.004,2497.73,-0.3584,-0.9036,-0.2167
6383,0.0,2212.47,-0.0803,0.3225,-0.0465
6384,0.362,3748.22,1.7317,2.323,1.1915
6385,0.337,3495.9,1.434,2.0585,1.0278
6386,-0.007,1974.54,-0.361,-0.1091,-0.3136
6387,0.23,4289.01,2.3697,2.8345,1.508
6388,0.325,2211.16,-0.0818,0.3203,-0.0478
6389,0.065,3239.15,1.131,1.7691,0.8487
6390,-0.072,2402.15,0.1435,0.6347,0.1467
6391,-0.018,8106.02,6.8731,5.2504,3.0031
6392,0.425,3903.11,1.9144,2.4767,1.2866
6393,-0.044,3246.28,1.1395,1.7774,0.8539
6394,-0.034,3023.17,0.8762,1.5072,0.6867
6395,-0.09,2887.22,0.7158,1.3326,0.5786
6396,-0.013,3525.75,1.4692,2.0908,1.0478
6397,-0.104,2395.72,0.1301,0.16377,0.2439
6398,0.025,1591.89,-0.8474,-1.9046599999999998,-0.8136
6399,-0.538,2071.28,-0.2644,-0.9271600000000001,-0.1326
6400,-0.015,2048.42,-0.2922,-0.73074,-0.1613
6401,-0.054,2819.71,0.6458,0.35656999999999994,0.6655
6402,-0.11,2759.68,0.5728,0.3057999999999999,0.6098
6403,-0.0561,1775.87,-0.6237,-1.5034399999999999,-0.5307
6404,0.232,3461.91,1.4268,0.91282,1.1964
6405,-0.089,3373.35,1.3191,1.37558,1.1294
6406,1.41,6908.55,5.6183,4.76782,2.9844
6407,0.002,2917.38,0.7645,0.86579,0.7536
6408,0.065,1136.56,-1.4011,-3.80415,-1.685
6409,-0.194,2882.56,0.1728,1.6983,0.4552
6410,-0.177,3359.75,0.4867,0.49727,0.5466
6411,-0.012,2598.81,-0.4056,0.19635000000000002,-0.2702
6412,-0.032,2605.94,-0.3972,0.06912999999999997,-0.2615
6413,-0.097,3143.56,0.2332,0.56574,0.3351
6414,-0.021,4661.6,2.0133,2.57463,1.5884
6415,-0.004,3114.28,0.1989,0.6498299999999999,0.3053
6416,-0.022,3407.93,0.5432,1.1782499999999998,0.5919
6417,-0.045,2970.38,0.0301,0.55269,0.1548
6418,0.162,3779.82,0.9793,1.7253399999999999,0.9214
6419,-0.071,3311.59,0.4302,0.83255,0.5007
6420,-0.069,4223.87,1.5,1.72507,1.2747
6421,0.06,2067.24,-1.0289,-1.7235099999999999,-0.998
6422,-0.079,5027.52,2.4423,2.9759700000000007,1.8288
6423,-0.061,3840.9,1.0509,1.41348,0.9724
6424,0.038,3012.9,0.08,0.60555,0.2
6425,-0.676,2894.09,-0.0593,0.35408,0.0721
6426,-0.059,2814.38,-0.1528,-0.16499999999999998,-0.0168
6427,-0.01,4425.55,1.7365,2.8309500000000005,1.4231
6428,-0.086,3533.13,0.69,1.3176199999999998,0.7067
6429,0.243,4073.32,1.3234,1.9945599999999999,1.1593
6430,-0.047,1535.6,-1.6523,-2.37787,-1.9434
6431,-0.009,2918.27,-0.031,0.9397399999999999,0.0985
6432,-0.149,2552.0,-0.4605,-0.05681999999999997,-0.328
6433,-0.095,3319.85,0.4399,1.3095600000000003,0.5086
6434,-0.013,3775.67,0.9744,1.75942,0.9179
6435,0.177,4277.97,1.5634,2.8264199999999997,1.3152
6436,-0.04,2971.86,0.0319,0.70951,0.1564
6437,-0.114,3948.08,1.1766,1.80702,1.0599
6438,-0.167,2401.45,-0.637,-0.6992299999999999,-0.5214
6439,-0.113,2974.45,0.0349,0.48441,0.1592
6440,0.471,4116.87,1.3745,2.17864,1.1931
6441,0.076,2902.15,-0.0499,-0.11639999999999999,0.0809
6442,-0.061,4307.69,1.5983,2.4583699999999995,1.3372
6443,-0.299,3823.09,1.03,2.02349,0.9576
6444,0.023,3461.53,0.6061,0.7915500000000001,0.6416
6445,-0.067,3802.72,1.0061,2.3136,0.9406
6446,0.06,5105.27,2.5335,3.43797,1.8776
6447,0.015,2139.08,-0.9446,-0.9328299999999998,-0.8894
6448,0.05,4675.75,2.0298,2.55162,1.598
6449,-0.09,3666.58,0.8465,1.69346,0.8246
6450,0.031,3375.76,0.5055,1.55133,0.5618
6451,-0.08,3560.47,0.7221,1.6491,0.7312
6452,-0.035,2318.75,-0.734,-0.37073000000000006,-0.6329
6453,-0.112,4018.77,1.2595,1.79711,1.1164
6454,-0.079,3330.56,0.4525,1.1585800000000002,0.5189
6455,-0.082,4198.66,1.4704,2.50716,1.2557
6456,-0.075,3227.27,0.3314,1.00945,0.4187
6457,-0.037,4992.37,2.4011,3.05406,1.8065
6458,-0.137,3482.62,0.6308,1.61526,0.6609
6459,0.083,3698.98,0.8845,1.4311900000000002,0.8526
6460,0.055,3552.28,0.7125,1.45296,0.7239
6461,-0.022,2899.32,-0.0532,0.24275999999999995,0.0778
6462,-0.139,3467.74,0.6133,0.52507,0.6473
6463,-0.084,2602.3,-0.4015,0.45913000000000004,-0.2659
6464,0.008,2142.75,-0.9403,-0.8689099999999998,-0.8839
6465,0.064,3557.74,0.7189,1.9485199999999996,0.7288
6466,-0.058,3517.53,0.6717,1.7872799999999998,0.6926
6467,-0.032,7386.64,5.2086,4.88319,3.0528
6468,0.002,3656.09,0.8342,1.3218200000000002,0.8155
6469,-0.394,2358.73,-0.6871,-0.56528,-0.5785
6470,-0.144,4001.17,1.2388,2.6627,1.1024
6471,-0.088,2005.75,-1.101,-1.4298,-1.0941
6472,0.014,1639.14,-1.5309,-2.05548,-1.7359
6473,0.309,2312.82,-0.7409,-0.15250000000000002,-0.641
6474,-0.544,2060.3,-1.037,-1.0913400000000002,-1.0087
6475,0.022,1856.12,-1.2764,-1.0319800000000001,-1.3406
6476,0.294,2567.34,-0.4425,0.047009999999999996,-0.309
6477,0.066,3143.58,0.2332,0.71147,0.3351
6478,-0.034,2266.25,-0.7955,-0.74966,-0.7057
6479,-0.09,2228.73,-0.8395,-0.70362,-0.7588
6480,-0.048,1575.39,-1.6056,-2.3971,-1.8621
6481,0.0,2714.44,-0.27,-0.15882999999999997,-0.1318
6482,-0.203,2823.68,-0.1419,0.34368000000000004,-0.0063
6483,-0.024,1638.02,-1.5322,-1.9829500000000002,-1.7381
6484,-0.007,2274.58,-0.7858,-0.46349999999999997,-0.694
6485,0.024,1712.12,-1.4453,-2.1086800000000006,-1.5974
6486,-0.174,3226.45,0.3304,0.9972800000000002,0.4179
6487,-0.148,2465.39,-0.562,-0.38082000000000005,-0.4378
6488,-0.022,2662.87,-0.3304,0.45874000000000004,-0.1928
6489,-0.052,3410.06,0.5457,1.25568,0.5939
6490,0.019,2478.14,-0.5471,-0.15421999999999997,-0.4214
6491,-0.074,1546.88,-1.6391,-1.8152000000000001,-1.9201
6492,-0.026,4004.76,1.243,2.78003,1.1053
6493,-0.02,1545.9,-1.6402,-1.9791599999999998,-1.9222
6494,0.012,2974.09,0.0345,0.4844099999999999,0.1588
6495,-0.088,3817.8,1.0238,2.00567,0.9532
6496,-0.092,1737.57,-0.9131,-3.7493,-0.8419
6497,-0.055,2098.52,-0.5116,-2.4984,-0.3404
6498,0.002,3777.78,1.3562,1.3987,1.2219
6499,0.002,2534.96,-0.0262,-1.246,0.1616
6500,0.059,2347.15,-0.2351,-1.7562,-0.0429
6501,-0.055,2846.44,0.3203,-0.4778,0.4696
6502,-0.024,2806.48,0.2758,-0.5715,0.432
6503,0.143,1389.39,-1.3004,-5.2312,-1.436
6504,0.008,1306.38,-1.3927,-5.6394,-1.5996
6505,0.008,2743.03,0.2053,-0.7231,0.3713
6506,0.1,1105.64,-0.7406,-5.2428,-0.5286
6507,0.265,1304.42,-0.4125,-4.0066,-0.1613
6508,0.044,1660.0,0.1744,-2.2039,0.3744
6509,0.145,1496.82,-0.095,-2.9777,0.1445
6510,0.094,1541.03,-0.022,-2.76,0.2091
6511,0.077,1218.72,-0.554,-4.5147,-0.3123
6512,0.015,2542.19,1.6305,0.9841,1.3217
6513,0.074,1178.13,-0.621,-4.768,-0.3875
6514,0.102,1397.4,-0.2591,-3.4917,-0.0083
6515,0.045,2485.52,1.5369,0.8154,1.2716
6516,0.142,1030.23,-0.8651,-5.771,-0.6856
6517,0.0,2519.4,0.3048,0.17193999999999998,0.426
6518,0.038,1954.63,-0.2545,-1.2450499999999998,-0.1199
6519,-0.013,1840.55,-0.3675,-1.02952,-0.2492
6520,-0.652,2869.38,0.6514,0.27903,0.7057
6521,-0.558,1061.78,-1.1387,-3.4825199999999996,-1.4319
6522,-0.504,2356.06,0.1431,-0.5287499999999999,0.2818
6523,-0.525,2049.34,-0.1607,-1.03657,-0.0181
6524,-0.167,1997.73,-0.2118,-0.7098500000000001,-0.073
6525,0.027,1767.02,-0.4403,-1.7394100000000001,-0.3368
6526,0.017,1295.56,-0.9072,-2.09984,-1.0041
6527,0.25,5423.15,3.1805,3.5611800000000002,2.0749
6528,0.059,1413.22,-0.7906,-2.80708,-0.8172
6529,0.028,1808.99,-0.3987,-1.7785199999999999,-0.2864
6530,0.014,1988.32,-0.2211,-1.09619,-0.0831
6531,0.237,3314.05,1.0918,1.22685,1.0156
6532,0.072,1879.93,-0.3285,-1.1840700000000002,-0.2037
6533,-0.556,1677.91,-0.5285,-1.80202,-0.4481
6534,-0.07,4897.1,2.6595,2.88486,1.8555
6535,-0.188,2789.53,0.5723,-0.09032,0.645
6536,0.029,1009.58,-1.1904,-5.29415,-1.5402
6537,0.018,1724.58,-0.4823,-1.2985599999999997,-0.3891
6538,-0.043,2396.8,0.1834,-0.04198000000000004,0.3187
6539,-0.041,1818.02,-0.3898,-1.7729400000000002,-0.2757
6540,0.038,897.336,-1.3015,-5.019329999999999,-1.7935
6541,-0.275,1243.26,-0.959,-3.30531,-1.0927
6542,-0.659,894.921,-1.3039,-4.602069999999999,-1.7993
6543,0.051,1476.28,-0.7282,-1.71185,-0.7234
6544,-0.347,376.928,-1.8169,-7.462649999999999,-3.6564
6545,0.005,1683.62,-0.5229,-1.80607,-0.4408
6546,0.025,1385.04,-0.8185,-2.7839799999999997,-0.8605
6547,0.0,3812.11,1.585,2.20829,1.3167
6548,0.086,2540.45,0.3257,0.04354000000000001,0.4439
6549,-0.116,2686.23,0.47,0.46785,0.5639
6550,-0.382,2113.34,-0.0973,-0.6391199999999999,0.048
6551,-0.018,1096.77,-1.104,-3.6761700000000004,-1.3622
6552,-0.386,1932.8,-0.2761,-1.15514,-0.144
6553,-0.255,2263.08,0.051,-1.09804,0.1952
6554,-0.399,2167.37,-0.0438,-0.77177,0.1023
6555,-0.594,2638.32,0.4226,0.4722200000000001,0.5252
6556,-0.141,4086.43,1.8567,1.7624599999999997,1.4662
6557,-0.081,1894.63,-0.3139,-1.2491300000000003,-0.1869
6558,0.039,2925.16,0.7067,0.20598999999999998,0.7471
6559,0.05,3471.72,1.2479,0.5196099999999999,1.1156
6560,-0.221,2346.94,0.134,-0.5715399999999999,0.2735
6561,-0.162,1866.86,-0.3414,-1.54257,-0.2187
6562,-0.26,2945.7,0.727,0.6749700000000001,0.7622
6563,-0.195,3581.19,1.3563,1.25318,1.1823
6564,-0.232,2260.63,0.13603,-1.03537,-0.03694999999999996
6565,-0.161,2562.61,0.3476,0.27637000000000006,0.4625
6566,-0.414,1999.07,-0.2105,-0.73755,-0.0715
6567,-0.137,3440.65,1.2172,1.3398400000000001,1.0962
6568,-0.694,1930.01,-0.2789,-1.2626899999999999,-0.1471
6569,-0.355,1735.58,-0.4714,-2.13663,-0.3754
6570,0.029,1067.11,-1.1334,-3.0787199999999997,-1.4211
6571,-0.082,663.577,-1.533,-4.770989999999999,-2.442
6572,0.043,1947.66,-0.2614,-1.02094,-0.1275
6573,0.032,2790.58,0.5734,-0.09032000000000001,0.6458
6574,-0.013,2343.4716000000003,-0.025170000000000005,-0.015200000000000014,-0.06922999999999999
6575,0.512,2931.91,0.7133,0.59961,0.7521
6576,-0.075,2420.33,0.2067,0.014250000000000007,0.3397
6577,-0.689,2561.16,0.3462,0.23640999999999995,0.4613
6578,-0.524,3566.36,1.3416,1.8097599999999996,1.1734
6579,-0.554,1667.54,-0.5388,-1.38855,-0.4614
6580,-0.077,2492.15,0.2778,-0.040029999999999996,0.4026
6581,0.193,2840.29,0.6226,0.25616999999999995,0.6838
6582,-0.66,1421.28,-0.7827,-2.83772,-0.805
6583,-0.521,2199.22,-0.0123,-0.96875,0.1337
6584,-0.094,2846.63,0.6289,0.23011999999999996,0.6886
6585,0.101,2346.15,0.1333,-0.5200199999999999,0.2728
6586,-0.01,2495.31,0.281,-0.3341,0.4053
6587,0.015,1945.81,-0.2632,-0.70645,-0.1296
6588,-0.703,2383.44,0.1702,-0.02767999999999999,0.3067
6589,-0.381,2574.96,0.3598,-0.03964,0.4729
6590,-0.078,1907.85,-0.3008,-1.0762500000000002,-0.172
6591,-0.019,1228.57,-0.9735,-2.79604,-1.1182
6592,-0.003,1516.23,-0.6886,-2.2350000000000003,-0.666
6593,0.02,1351.65,-0.8516,-2.9468900000000002,-0.913
6594,0.002,1331.67,-0.8714,-2.8448700000000002,-0.945
6595,-0.014199999999999999,1044.6,-1.1557,-3.86742,-1.4669
6596,-0.184,2544.64,0.3298,-0.27820999999999996,0.4474
6597,-0.018,1937.56,-0.2714,-0.6786599999999999,-0.1387
6598,-0.138,1392.76,-0.8109,-3.22975,-0.8486
6599,0.503,1257.3,-0.9451,-2.94496,-1.0686
6600,1.02,1167.84,-1.0336,-3.0243599999999997,-1.2272
6601,-0.557,3049.9,0.8302,0.6711600000000001,0.8369
6602,-0.511,1549.95,-0.6552,-1.49009,-0.6187
6603,-0.134,1030.05,-1.1701,-3.8787399999999996,-1.4971
6604,0.015,1186.27,-1.0154,-3.32551,-1.1936
6605,-0.135,1740.46,-0.4666,-1.4128900000000002,-0.3694
6606,0.466,3884.07,1.6563,1.42542,1.357
6607,-0.458,1958.43,-0.2507,-1.04185,-0.1157
6608,-0.252,3172.28,0.9514,0.8620099999999999,0.9216
6609,-0.59,1856.8,-0.3514,-0.7805499999999999,-0.2303
6610,0.293,2115.12,-0.0955,-0.6172,0.0498
6611,-0.271,857.502,-1.341,-4.41604,-1.8911
6612,-0.49,1908.81,-0.2999,-1.0244900000000001,-0.1709
6613,0.017,2075.32,-0.135,-0.74208,0.009
6614,-0.532,1855.22,-0.3529,-0.6323399999999999,-0.2321
6615,0.007,1336.41,-0.8667,-2.5947899999999997,-0.9374
6616,0.186,2682.79,0.4666,0.19682000000000008,0.5611
6617,-0.033,2076.52,-0.1338,-0.9602999999999999,0.0102
6618,0.011,1158.39,-1.043,-3.3292,-1.2447
6619,-0.356,1480.57,-0.7239,-1.9203800000000002,-0.7171
6620,0.0,2447.56,0.2337,-0.28582,0.3638
6621,-0.273,1806.61,-0.4011,-1.5025600000000001,-0.2892
6622,0.025,1549.0,-0.6562,-1.2419799999999999,-0.62
6623,-0.382,2898.89,0.6806,0.45220000000000005,0.7277
6624,0.064,3264.0,1.0422,1.36856,0.9829
6625,-0.128,716.332,-1.4808,-5.2552,-2.2776
6626,-0.452,776.41,-1.4213,-4.89715,-2.1046
6627,-0.017,1925.7,-0.2831,-1.14405,-0.1519
6628,0.102,2963.23,0.7444,0.4846399999999999,0.7749
6629,-0.209,1504.71,-0.7,-2.40543,-0.6824
6630,-0.629,1263.39,-0.939,-3.11271,-1.0582
6631,0.003,1773.94,-0.4334,-1.76051,-0.3284
6632,0.048,1172.19,-1.0293,-2.94334,-1.2192
6633,-0.021,1946.64,-0.2624,-0.8437999999999999,-0.1287
6634,-0.033,4511.5,2.2776,2.5952399999999995,1.6791
6635,-0.128,1810.59,-0.3971,-1.48868,-0.2845
6636,-0.039,4099.07,1.3825,3.8436,1.3347
6637,0.09,1791.15,-0.9124,-1.2006,-0.7332
6638,0.209,3206.39,0.4948,2.347,0.7211
6639,-0.278,1184.95,-1.5152,-3.717,-1.7649
6640,0.04,2073.28,-0.6319,-0.3095,-0.3679
6641,-0.091,2850.42,0.1409,1.63,0.4272
6642,-0.201,1935.32,-0.769,-0.729,-0.5399
6643,-0.105,3302.84,2.886,2.9422,1.9036
6644,0.046,1629.32,0.1237,-2.3434,0.3329
6645,0.323,1851.6,0.4906,-1.3869,0.6172
6646,0.064,1664.94,0.1825,-2.1817,0.381
6647,0.028,2451.7,1.4811,0.7129,1.2411
6648,-0.202,2948.01,0.0039,0.30587,0.1308
6649,0.013,3736.55,0.9285,1.51247,0.8848
6650,-0.03,4488.08,1.8098,2.57603,1.4677
6651,-0.019,4193.83,1.4647,2.17939,1.252
6652,-0.199,3935.22,1.1615,2.00214,1.0495
6653,-0.118,4045.08,1.2903,2.1824,1.1371
6654,-0.062,4791.04,2.165,3.01549,1.6755
6655,-0.045,3928.92,1.1541,2.2228,1.0444
6656,0.294,4249.58,1.5301,2.3249699999999995,1.294
6657,0.096,4044.03,1.2891,2.1824000000000003,1.1363
6658,-0.134,4128.91,1.3886,1.3576,1.2024
6659,-0.03,2866.15,-0.0921,-0.08886999999999999,0.0412
6660,-0.069,3313.26,0.4322,0.9464799999999999,0.5023
6661,-0.082,2950.11,0.0064,0.38541,0.1331
6662,-0.128,1970.77,-1.142,-1.5114100000000001,-1.15
6663,-0.053,2304.68,-0.7505,-0.45587999999999995,-0.6522
6664,-0.046,2436.17,-0.5963,0.18026999999999999,-0.4758
6665,0.004,2144.04,-0.9388,-0.8975199999999999,-0.882
6666,-0.046,3608.79,0.7787,1.60262,0.7741
6667,0.0,2017.78,-1.0869,-0.62774,-1.075
6668,-0.244,4871.53,2.2594,2.2894200000000002,1.7285
6669,0.002,2210.13,-0.8613,-0.6643899999999998,-0.7855
6670,-0.116,3655.6,0.8336,1.3218200000000002,0.8151
6671,0.011,3364.65,0.4925,0.9258099999999999,0.5513
6672,0.003,1086.58,-2.1788,-3.51288,-3.0431
6673,-0.006,1838.58,-1.297,-1.7709499999999998,-1.3708
6674,0.114,1941.85,-1.1759,-1.0503699999999998,-1.197
6675,-0.122,2193.05,-0.8814,-0.5610200000000001,-0.8101
6676,0.011,3496.24,0.6468,0.8797499999999999,0.6733
6677,-0.046,3222.12,0.6553,-0.101,0.6603
6678,0.016,1791.4,-0.9059,-2.229,-0.8294
6679,0.009,2454.19,-0.1826,-1.0879,-0.0306
6680,0.009,3224.33,0.6577,-0.0985,0.662
6681,-0.064,2836.19,0.2342,-0.5635,0.3365
6682,0.206,2611.95,-0.0105,-0.8621,0.1275
6683,0.061,1647.48,-1.0629,-2.5325,-1.0419
6684,-0.059,3215.47,0.6481,-0.1085,0.655
6685,-0.026,2822.63,0.2194,-0.5809,0.3243
6686,0.03,2496.31,-0.1367,-1.0262,0.0126
6687,0.0,1614.03,-1.0994,-2.6068,-1.094
6688,-0.265,1765.72,-0.9339,-2.2813,-0.8661
6689,-0.051,2461.67,-0.1745,-1.0769,-0.0229
6690,0.131,2514.27,-0.1171,-1.0002,0.0307
6691,0.106,2902.94,0.307,-0.4792,0.3955
6692,0.027,3544.64,1.0073,0.2448,0.9024
6693,0.002,1918.19,-0.7675,-1.9811,-0.6559
6694,0.132,3552.7,1.0161,0.2531,0.9081
6695,-0.058,3119.79,0.5437,-0.218,0.5784
6696,0.179,3357.92,0.8035,0.0487,0.765
6697,0.521,2611.43,-0.011,-0.8628,0.127
6698,0.038,2149.33,-0.5153,-1.5687,-0.3672
6699,-0.014,3471.06,0.927,0.1688,0.8491
6700,0.288,3087.76,0.5087,-0.2554,0.5522
6701,0.038,2215.24,-0.4434,-1.4592,-0.2906
6702,-0.085,2940.85,0.3484,-0.4321,0.4285
6703,-0.125,3904.93,1.4004,0.5958,1.1481
6704,-0.026,3420.67,0.872,0.1158,0.812
6705,0.414,3667.55,1.1414,0.3684,0.9889
6706,0.0,2882.4,0.2846,-0.5049,0.3775
6707,-0.045,2959.29,0.3685,-0.4095,0.4443
6708,0.044,2925.2,0.3313,-0.4515,0.4149
6709,0.12,2617.86,-0.004,-0.8539,0.1332
6710,-0.006,3057.19,0.4754,-0.2915,0.5269
6711,-0.08,2987.22,0.399,-0.3754,0.4682
6712,0.061,4096.72,1.6097,0.7696,1.2698
6713,-0.11,2378.67,-0.265,-1.2012,-0.1099
6714,0.04,4058.45,1.5679,0.7356,1.2459
6715,0.034,2556.54,-0.0709,-0.9398,0.0731
6716,-0.322,2414.7,-0.2257,-1.1467,-0.0718
6717,0.063,2951.75,0.3603,-0.4187,0.4378
6718,0.055,4022.69,1.5289,0.7035,1.2235
6719,0.021,2526.42,-0.1038,-0.9828,0.043
6720,-0.154,3541.46,1.0038,0.2416,0.9001
6721,-0.093,4396.01,1.9363,1.0253,1.4487
6722,0.165,4025.02,1.5314,0.7056,1.2249
6723,-0.01,4402.48,1.9433,1.0306,1.4524
6724,-0.012,5332.33,2.958,1.7254,1.9388
6725,0.109,3695.88,1.1723,0.3963,1.0084
6726,0.009,3649.58,1.1218,0.3506,0.9764
6727,-0.013,1951.75,-0.7309,-1.9182,-0.6119
6728,0.036,2329.92,-0.3182,-1.2763,-0.1625
6729,-0.007,1986.84,-0.6926,-1.8537,-0.5667
6730,-0.061,3091.49,0.5128,-0.251,0.5552
6731,0.025,2308.0,-0.3421,-1.3105,-0.1865
6732,-0.108,3367.18,0.8136,0.0586,0.772
6733,0.016,1423.98,-1.3068,-3.0609,-1.4118
6734,0.0,2234.27,-0.4226,-1.4282,-0.2689
6735,-0.063,3477.32,0.9338,0.1753,0.8537
6736,0.013,2889.99,0.2929,-0.4954,0.3842
6737,0.025,2051.38,-0.6222,-1.7378,-0.4856
6738,-0.007,2342.78,-0.3042,-1.2563,-0.1485
6739,-0.017,2557.84,-0.0695,-0.938,0.0743
6740,-0.036,2329.97,-0.3182,-1.2762,-0.1624
6741,-0.068,3161.3,0.589,-0.1701,0.6119
6742,-0.002,3160.53,0.5881,-0.171,0.6113
6743,0.014,3034.51,0.4506,-0.3185,0.508
6744,-0.169,3502.12,0.9609,0.2011,0.8717
6745,-0.123,3681.12,1.1562,0.3818,0.9983
6746,0.08,2255.46,-0.3995,-1.394,-0.2449
6747,0.39,2396.08,-0.246,-1.1748,-0.0914
6748,-0.061,2149.39,-0.5152,-1.5686,-0.3671
6749,0.066,1589.08,-1.1266,-2.6633,-1.1335
6750,0.003,2738.64,0.1278,-0.6904,0.2477
6751,0.102,1368.32,-1.3675,-3.2053,-1.5129
6752,0.059,3147.54,0.574,-0.1859,0.6008
6753,-0.018,1832.34,-0.8612,-2.1471,-0.7721
6754,-0.012,3594.07,1.0612,0.2951,0.9375
6755,0.2283,4106.61,1.6205,0.7784,1.2759
6756,0.041,2000.74,-0.6774,-1.8284,-0.549
6757,-0.045,2238.05,-0.4185,-1.4221,-0.2646
6758,0.007,2795.83,0.1902,-0.6155,0.3001
6759,0.436,5451.31,3.0878,1.8054,1.9948
6760,0.096,2639.91,0.02,-0.8235,0.1545
6761,-0.028,1815.53,-0.8795,-2.1805,-0.7955
6762,0.027,1115.6,-1.6433,-3.9452,-2.0309
6763,-0.148,1299.27,-1.4429,-3.393,-1.6443
6764,0.042,804.044,-1.9832,-5.1316,-2.8614
6765,0.011,3939.06,1.7684,0.7391,1.4607
6766,-0.008,2999.26,0.3816,-0.2438,0.457
6767,0.0,3030.21,0.4273,-0.2068,0.4948
6768,0.006,2739.63,-0.0015,-0.5703,0.1236
6769,-0.001,2926.19,0.2738,-0.3328,0.3662
6770,0.0,2880.99,0.2071,-0.3889,0.3089
6771,-0.001,3360.91,0.9153,0.1667,0.8762
6772,-0.157,2392.9,0.661,0.4273,0.59
6773,-0.004,3391.78,1.8398,1.4927,1.1126
6774,0.077,1381.21,-0.5329,-1.2509,-0.2331
6775,-0.008,1647.3071,-0.5609,-2.381,-0.3984
6776,0.318,1529.965,-0.7158,-2.7216,-0.5843
6777,0.119,2332.4088,0.3436,-0.7777,0.4766
6778,0.0,3885.52,2.394,1.5757,1.7609
6779,0.098,2059.65,-0.0165,-1.3511,0.1637
6780,0.126,1849.91,-0.2934,-1.8462,-0.1065
6781,-0.001,3146.3,1.5501,1.2633,1.0001
6782,0.053,660.047,-1.384,-3.5046,-1.3385
6783,-0.078,402.412,-1.688,-5.0135,-2.0786
6784,0.0,1170.79,-0.7812,-1.7555,-0.4806
6785,-0.019,447.686,-1.6346,-4.6885,-1.9192
6786,0.055,1612.7,-0.2597,-0.7778,-0.001
6787,-0.003,2794.09,1.1345,0.9007,0.8222
6788,-0.028,1536.47,-0.3497,-0.9256,-0.0735
6789,0.013,1953.16,0.1421,-0.1929,0.2859
6790,0.021,249.185,-1.8688,-6.4732,-2.7946
6791,-0.016,816.08,-1.1998,-2.8571,-1.0209
6792,0.046,3236.35,1.6564,1.3495,1.0423
6793,0.007,4063.11,2.6321,2.0444,1.3832
6794,-0.129,436.011,-1.6483,-4.7691,-1.9587
6795,-0.004,1101.99,-0.8624,-1.9404,-0.5713
6796,0.0,2422.41,0.6958,0.4647,0.6084
6797,0.004,1591.82,-0.2844,-0.8176,-0.0205
6798,-0.444,1457.3,-0.4431,-1.0872,-0.1528
6799,-0.061,2441.26,0.7181,0.4884,0.62
6800,-0.037,726.311,-1.3058,-3.2127,-1.1953
6801,-0.02,1963.72,0.1545,-0.1764,0.2939
6802,0.002,2221.04,-0.7667,-1.327,-0.649
6803,0.003,1664.6,-1.5878,-2.3667,-1.7106
6804,0.0,1810.72,-1.3722,-2.0634,-1.4009
6805,-0.001,2416.83,-0.4778,-1.0223,-0.3379
6806,-0.004,2960.44,0.3243,-0.2908,0.409
6807,-0.001,2559.38,-0.2675,-0.8157,-0.1269
6808,-0.003,2755.62,0.0221,-0.5493,0.1451
6809,-0.003,2893.57,0.2257,-0.3732,0.3249
6810,-0.001,2369.28,-0.548,-1.094,-0.4111
6811,0.001,1953.17,-1.162,-1.7903,-1.1221
6812,-0.065,2626.2,-0.1689,-0.7228,-0.032
6813,0.0,1498.49,-1.8329,-2.7457,-2.0976
6814,-0.002,2366.54,-0.552,-1.0982,-0.4153
6815,0.002,2381.87,-0.5294,-1.0749,-0.3916
6816,0.0,1719.15,-1.5073,-2.2504,-1.5919
6817,0.006,1582.23,-1.7093,-2.5496,-1.8974
6818,0.002,1913.7,-1.2202,-1.8639,-1.1973
6819,0.001,2111.59,-0.9282,-1.5092,-0.835
6820,0.009,3607.81,1.0762,0.3089,0.9472
6821,-0.155,3541.22,1.0035,0.2413,0.8999
6822,-0.038,2342.95,-0.304,-1.2561,-0.1483
6823,-0.133,2187.17,-0.474,-1.5055,-0.3229
6824,-0.163,3679.66,1.1546,0.3804,0.9973
6825,-0.177,3442.76,0.8961,0.1391,0.8284
6826,-0.111,2961.66,0.3711,-0.4066,0.4463
6827,-0.113,1455.41,-1.2725,-2.9817,-1.3564
6828,-0.07,2076.95,-0.5943,-1.6929,-0.4541
6829,0.007,3977.57,1.4797,0.6626,1.1948
6830,-0.262,2133.6,-0.5324,-1.5953,-0.3858
6831,-0.013,2464.37,-0.1715,-1.0729,-0.0201
6832,-0.098,2244.19,-0.4118,-1.4122,-0.2576
6833,0.0,2139.73,-0.5258,-1.5849,-0.3786
6834,0.006,2867.4,0.2683,-0.5238,0.3643
6835,-0.033,3071.66,0.4912,-0.2744,0.5389
6836,0.005,2279.21,-0.3736,-1.356,-0.2183
6837,0.034,3107.21,0.5299,-0.2327,0.5681
6838,-0.059,2680.95,0.0648,-0.7676,0.1936
6839,0.048,2671.59,0.0546,-0.7802,0.1848
6840,0.015,2335.17,-0.3125,-1.2681,-0.1568
6841,-0.05,4577.41,2.1342,1.1719,1.5513
6842,-0.023,2932.2,0.339,-0.4428,0.421
6843,0.0,2856.14,0.256,-0.5381,0.3543
6844,0.17,3474.7,0.9309,0.1726,0.8518
6845,0.048,3149.16,0.5757,-0.184,0.6021
6846,0.012,3421.53,0.8729,0.1167,0.8127
6847,-0.056,2328.84,-0.3194,-1.278,-0.1637
6848,0.227,1659.43,-1.0499,-2.5063,-1.0236
6849,0.026,4630.24,2.1919,1.2135,1.5805
6850,-0.047,2839.41,0.2377,-0.5594,0.3394
6851,-0.023,2981.19,0.3924,-0.3827,0.463
6852,0.008,2461.73,-0.1744,-1.0768,-0.0228
6853,-0.086,3460.06,0.915,0.1573,0.8411
6854,-0.075,2772.13,0.1643,-0.6463,0.2785
6855,-0.018,2080.53,-0.5904,-1.6866,-0.4498
6856,-0.058,2459.34,-0.177,-1.0803,-0.0253
6857,-0.078,1782.16,-0.9159,-2.2477,-0.8425
6858,0.0,1758.52,-0.9417,-2.2961,-0.8764
6859,-0.239,2142.58,-0.5226,-1.5801,-0.3752
6860,-0.016,3409.7,0.86,0.1041,0.8039
6861,0.0,3378.06,0.8255,0.0703,0.7802
6862,0.008,1619.41,-1.0935,-2.5948,-1.0855
6863,0.015,2328.86,-0.3194,-1.2779,-0.1636
6864,0.368,2358.29,-0.2873,-1.2324,-0.1318
6865,0.0,3269.67,0.7072,-0.0479,0.6974
6866,-0.044,2565.04,-0.0617,-0.9278,0.0815
6867,0.008,3335.63,0.7792,0.0245,0.7481
6868,0.059,2418.93,-0.2211,-1.1404,-0.0673
6869,0.126,2248.88,-0.4067,-1.4046,-0.2523
6870,0.001,3605.52,1.0737,0.3066,0.9456
6871,0.051,337.673,-2.4921,-8.2716,-5.0596
6872,0.015,2669.76,0.0526,-0.7827,0.183
6873,-0.006,1710.1,-0.9946,-2.3973,-0.9473
6874,-0.03,661.79,-2.1385,-5.8367,-3.355
6875,0.111,1902.18,-0.785,-2.0115,-0.6772
6876,0.02,1265.4,-1.4798,-3.4887,-1.7113
6877,0.015,1096.16,-1.6645,-4.0089,-2.0755
6878,-0.129,824.935,-1.9604,-5.0387,-2.7964
6879,-0.172,2252.19,-0.403,-1.3993,-0.2486
6880,0.0,1340.65,-1.3977,-3.2794,-1.5648
6881,-0.02,909.893,-1.8677,-4.6836,-2.5478
6882,0.03,3286.25,1.2131,0.95311,1.0617
6883,-0.263,1967.61,-0.3905,-1.2608799999999998,-0.2654
6884,-0.027,2432.41,0.1748,-0.32721,0.2832
6885,0.07,2816.92,0.6424,-0.006650000000000017,0.6629
6886,-0.013,2161.36,-0.1549,-1.0548499999999998,-0.0225
6887,0.059,3440.97,1.4013,1.16633,1.1807
6888,0.057699999999999994,4478.01,2.6624,2.5524499999999994,1.8624
6889,0.003,2992.27,0.8556,0.58579,0.8192
6890,0.189,2327.15,0.0468,-0.57797,0.1688
6891,0.024,1385.92,-1.0979,-2.7820099999999996,-1.172
6892,0.0,1749.8,-0.6554,-2.23978,-0.5689
6893,-0.146,1902.08,-0.4702,-1.2527300000000001,-0.353
6894,0.352,4045.97,2.137,2.1824000000000003,1.5998
6895,0.043,1322.43,-1.1751,-3.2125600000000007,-1.2932
6896,-0.192,2098.97,-0.2307,-1.01772,-0.0982
6897,0.052,2470.99,0.2217,0.21497000000000002,0.3239
6898,0.001,1895.63,-0.478,-1.1536300000000002,-0.3618
6899,0.189,2104.2,-0.2244,-1.40655,-0.0918
6900,0.044,5595.91,4.0219,4.02045,2.4391
6901,0.412,2355.25,0.0809,-0.52997,0.1998
6902,0.08,2154.16,-0.1636,-1.02248,-0.0311
6903,-0.909,2087.48,-0.2447,-1.0706099999999998,-0.1124
6904,0.682,4295.4,2.4404,2.8736099999999998,1.7546
6905,-0.065,1398.86,-1.0822,-2.4085600000000005,-1.1479
6906,-0.034,1007.66,-1.5579,-5.29415,-1.9962
6907,0.0,5212.24,3.5554,4.1180200000000005,2.2553
6908,0.020999999999999998,647.291,-1.6279,-4.20821,-1.6052
6909,0.09390000000000001,2558.88,0.4147,-0.28169999999999995,0.5528
6910,-0.045700000000000005,2551.56,0.4068,-0.056819999999999996,0.5483
6911,0.14789999999999998,1399.99,-0.8236,-2.0820100000000004,-0.3943
6912,0.026500000000000003,703.12,-1.5682,-4.7859,-1.4754
6913,-0.023100000000000002,1642.44,-0.5645,-1.73874,-0.1435
6914,0.0513,1963.57,-0.2214,-1.05746,0.1369
6915,-0.018000000000000002,461.25,-1.8266,-5.1505600000000005,-2.1366
6916,0.06949999999999999,681.197,-1.5916,-5.43842,-1.5251
6917,0.1125,2171.04,0.0003,-0.7033699999999999,0.2947
6918,0.008399999999999998,1298.28,-0.9323,-2.35579,-0.5128
6919,-0.3244,174.135,-2.1334,-10.76319,-3.6617
6920,0.017500000000000005,1725.8,-0.4755,-1.81491,-0.0658
6921,-0.011500000000000002,1562.88,-0.6496,-2.3037,-0.2215
6922,-0.009899999999999996,1494.6,-0.7225,-2.44239,-0.2916
6923,0.0003999999999999976,1393.61,-0.8304,-3.06807,-0.4015
6924,0.000999999999999998,1336.66,-0.8913,-2.59479,-0.467
6925,-0.0413,1548.93,-0.6645,-1.24198,-0.2356
6926,0.0058000000000000005,1925.86,-0.2617,-1.14405,0.1065
6927,-0.055600000000000004,2281.3,0.1181,-0.18261999999999998,0.3725
6928,-0.0015000000000000013,2186.17,0.0164,-0.6721,0.3056
6929,0.051,2592.58,0.4507,0.32642,0.5734
6930,0.092,1865.51,-0.3262,-1.05991,0.0565
6931,-0.0186,913.505,-1.3434,-4.501589999999999,-1.0646
6932,-0.1881,1998.87,-0.1837,-0.73755,0.1649
6933,-0.0256,312.564,-1.9855,-8.40691,-2.7465
6934,-0.0864,532.102,-1.7509,-6.56344,-1.9126
6935,0.004400000000000001,1663.52,-0.542,-1.71862,-0.1235
6936,-0.0223,2734.22,0.602,-0.43166000000000004,0.6569
6937,0.04340000000000001,2062.7,-0.1155,-1.0810300000000002,0.2143
6938,-0.0009999999999999996,1342.24,-0.8853,-2.8602199999999995,-0.4605
6939,-0.054799999999999995,429.51,-1.8606,-6.341500000000001,-2.2484
6940,0.0893,3026.59,0.9144,0.54794,0.8165
6941,0.107,587.983,-1.6912,-7.2939300000000005,-1.7559
6942,-0.001100000000000006,1896.31,-0.2933,-1.41737,0.0822
6943,-0.27849999999999997,207.603,-2.0977,-11.59275,-3.3869
6944,-0.004,1710.6,-0.4917,-1.6335900000000003,-0.0797
6945,0.075,585.139,-1.6943,-7.2939300000000005,-1.7635
6946,-0.029,2433.97,0.2812,-0.08996000000000001,0.4742
6947,-0.02119999999999999,1111.97,-1.1314,-3.8799099999999997,-0.756
6948,-0.045,2020.84,-0.1602,-0.64926,0.1821
6949,0.0522,4601.39,2.5971,2.18676,1.4746
6950,0.001,3105.59,0.9988,0.95059,0.857
6951,0.035,511.535,-1.7729,-6.737729999999999,-1.9744
6952,-0.043000000000000003,2123.97,-0.05,-1.27966,0.2602
6953,0.04240000000000001,1195.85,-1.0417,-2.3837400000000004,-0.6418
6954,-0.04990000000000001,2581.75,0.4391,0.18081,0.5668
6955,0.001,2899.8323,1.0927,0.2264,1.0246
6956,0.034,2073.585,0.0019,-1.32,0.1807
6957,-0.001,2078.393,0.0082,-1.3093,0.1865
6958,-0.164,2792.76,2.6935,2.6653,1.5529
6959,0.003,1480.92,0.1182,0.1027,0.1208
6960,-0.007,2699.95,2.5113,2.5287,1.4766
6961,0.015,1541.21,0.2365,0.2638,0.2109
6962,0.078,1422.58,0.0037,-0.0597,0.0301
6963,0.0,1921.35,0.9828,1.1543,0.7085
6964,-0.162,1610.82,0.3732,0.4423,0.3106
6965,-0.033,1427.38,0.0131,-0.0461,0.0377
6966,-0.147,936.838,-0.9499,-1.7464,-0.9126
6967,-0.065,1128.7,-0.5733,-0.9942,-0.4922
6968,-0.012,2665.71,2.4441,2.4772,1.4478
6969,0.074,1854.74,0.852,1.0118,0.6289
6970,-0.093,2112.97,1.359,1.5384,0.9232
6971,-0.009,1305.86,-0.2255,-0.4054,-0.1632
6972,-0.347,1210.08,-0.4135,-0.713,-0.3351
6973,-0.102,960.45,-1.2932,-5.354730000000001,-0.9859
6974,-0.184,1552.75,-0.6604,-2.0305600000000004,-0.2317
6975,-0.083,1287.04,-0.9443,-3.4042000000000003,-0.5264
6976,0.048,1792.73,-0.404,-2.0433,-0.006
6977,0.013,2178.45,0.0082,-0.5455500000000001,0.3
6978,-0.046,253.961,-2.0481,-10.981639999999999,-3.0715
6979,0.044,431.14,-1.8588,-6.3415,-2.2425
6980,0.135,1348.79,-0.8783,-2.7700000000000005,-0.4528
6981,-0.205,994.475,-1.2569,-4.06049,-0.9313
6982,-0.049,3083.15,0.9748,1.4192799999999999,0.8456
6983,-0.252,3284.77,1.1903,0.7548699999999999,0.9451
6984,-0.12,2473.94,0.3239,-0.38039999999999996,0.4998
6985,0.026,4334.71,2.3121,1.9354600000000002,1.3808
6986,-0.274,1289.58,-0.9416,-2.92143,-0.5233
6987,0.106,2672.62,0.5362,0.20244,0.6211
6988,-0.011,1116.55,-1.1265,-3.3439,-0.7495
6989,-0.119,888.178,-1.3705,-4.454330000000001,-1.1087
6990,-0.141,2277.37,0.1139,-1.0110999999999999,0.3698
6991,-0.002,1413.86,-0.8088,-2.632,-0.3788
6992,-0.012,2361.13,0.2034,-1.18018,0.4265
6993,-0.694,2284.0,0.121,-0.48676,0.3743
6994,0.038,2634.06,0.495,0.14813,0.5983
6995,-0.076,2872.49,0.7498,0.42849000000000004,0.7344
6996,-0.003,2506.24,0.3584,-0.041510000000000005,0.5202
6997,-0.003,2695.65,0.5608,0.06261999999999997,0.6346
6998,-0.21,2687.55,0.5521,0.46412,0.6299
6999,0.23,1834.19,-0.3597,-1.4135700000000002,0.0299
7000,-0.094,1768.35,-0.43,-1.66039,-0.0275
7001,0.229,3586.08,1.5122,1.8934900000000003,1.0829
7002,-0.155,616.199,-1.6611,-4.76559,-1.6824
7003,0.001,2738.49,0.6066,-0.24287,0.6594
7004,-0.215,788.214,-1.4773,-4.08196,-1.2961
7005,-0.035,4059.34,2.0179,1.4624300000000001,1.2777
7006,0.074,1389.86,-0.8344,-2.4721,-0.4057
7007,-0.172,554.224,-1.7273,-5.97938,-1.8487
7008,-0.026,1979.5,-0.2044,-1.1372,0.1496
7009,0.045,2214.38,0.0466,-0.8155299999999999,0.3257
7010,0.073,2902.49,0.7818,0.14517000000000002,0.7507
7011,-0.171,3281.36,1.1866,1.08826,0.9435
7012,-0.051,2385.95,0.2299,-0.36359,0.4429
7013,-0.09,2251.96,0.0867,-0.5682,0.3521
7014,0.015,2311.35,0.1502,-0.16902999999999996,0.393
7015,-0.008,1917.3,-0.2709,-0.69551,0.0995
7016,-0.091,2945.47,0.8277,0.6749700000000001,0.7738
7017,-0.002,3176.65,1.0747,0.67028,0.8925
7018,0.015,2546.36,0.4013,-0.0518,0.5451
7019,0.026,396.025,-1.8963,-7.94435,-2.3756
7020,0.22,1635.6,-0.5719,-1.51384,-0.1501
7021,-0.051,2342.87,0.1839,-0.48461,0.4143
7022,-0.014,3118.22,1.0123,1.00884,0.8633
7023,-0.153,3156.55,1.0533,1.2172399999999999,0.8825
7024,-0.239,4785.16,2.7934,2.84059,1.5361
7025,-0.007,859.087,-1.4016,-3.94075,-1.161
7026,-0.075,3257.53,1.1612,0.17645999999999998,0.932
7027,-0.016,1867.46,-0.3241,-1.7482199999999999,0.0581
7028,-0.011,3402.47,1.316,0.83542,1.0004
7029,0.073,2963.95,0.8475,0.42249,0.7836
7030,-0.015,2656.26,0.5187,0.24281000000000003,0.6115
7031,-0.016,2264.76,0.1004,-0.74102,0.361
7032,-0.071,3330.15,1.2388,1.10366,0.9666
7033,0.015,2874.2,0.7516,0.24709999999999996,0.7354
7034,-0.131,2901.39,0.7806,0.19033,0.7501
7035,-0.065,2801.21,0.6736,0.65527,0.6949
7036,-0.031,2709.58,0.5757,0.12144999999999999,0.6427
7037,0.008,2953.71,0.8365,0.82454,0.7782
7038,0.014,2481.27,0.3317,-0.81707,0.5044
7039,-0.23,3144.1,1.04,1.04511,0.8763
7040,-0.029,2421.6,0.268,0.08847000000000002,0.4662
7041,-0.132,5445.27,3.4987,3.7650999999999994,1.7391
7042,0.0,1730.77,-0.4702,-1.9055000000000004,-0.0613
7043,0.002,1332.41,-0.8958,-2.8448700000000002,-0.472
7044,-0.081,2752.49,0.6215,0.77537,0.6674
7045,0.041,2670.74,0.5342,-0.33920000000000006,0.62
7046,-0.13,4279.19,2.2528,2.63752,1.3605
7047,-0.01,2038.18,-0.1417,-0.73233,0.1955
7048,-0.233,834.943,-1.4274,-4.00868,-1.2057
7049,0.0,2764.91,0.6348,0.35678000000000004,0.6745
7050,-0.064,3057.89,0.9479,0.6322500000000001,0.8327
7051,-0.013,3031.22,0.9194,0.79484,0.8189
7052,-0.182,3055.26,0.945,0.71698,0.8313
7053,0.0,3096.06,0.9886,0.62867,0.8521
7054,-0.117,837.057,-1.4251,-3.47761,-1.2017
7055,-0.179,1773.67,-0.4243,-1.76051,-0.0228
7056,-0.213,2924.29,0.8051,0.14403,0.7625
7057,-0.018,2727.48,0.5948,0.03777000000000004,0.653
7058,-0.022,2426.32,0.273,-0.33288,0.4693
7059,-0.031,1892.85,-0.297,-1.03097,0.0793
7060,0.122,2243.96,0.0782,-0.77233,0.3466
7061,-0.188,3620.91,1.5494,0.90005,1.0981
7062,-0.002,3470.81,1.3891,0.6681100000000001,1.0316
7063,-0.068,3026.77,0.9146,0.39008,0.8166
7064,0.01,2777.94,0.6487,0.11023999999999998,0.6818
7065,-0.028,2499.1,0.3508,-0.20265,0.5157
7066,0.381,2191.39,0.022,-0.13029000000000002,0.3093
7067,0.003,4665.59,2.6657,2.57963,1.4963
7068,-0.012,2146.97,-0.5586,-0.0967,-0.2807
7069,-0.003,3440.43,0.7276,2.7763,0.8971
7070,-0.004,1839.74,-0.8641,-1.0375,-0.6664
7071,0.025,2377.53,-0.3293,0.5247,-0.0259
7072,-0.085,3115.04,0.404,2.1709,0.6489
7073,-0.059,2613.02,-0.0952,1.1002,0.21
7074,0.34,2313.14,-0.3934,0.3575,-0.0945
7075,0.031,3561.87,0.8483,2.9876,0.9837
7076,0.102,4842.81,2.122,4.8596,1.7512
7077,-0.052,4046.32,1.33,3.7647,1.3023
7078,0.098,4356.86,1.6388,4.2153,1.487
7079,-0.125,2187.41,-0.5184,0.017,-0.2341
7080,0.032,2504.86,-0.2027,0.8426,0.1044
7081,0.012,1634.44,-1.0682,-1.7583,-0.9619
7082,0.049,1950.78,-0.7537,-0.6805,-0.52
7083,0.134,3066.94,0.3562,2.0761,0.61
7084,0.0,2883.85,0.1741,1.701,0.4563
7085,-0.273,3373.56,0.6611,2.6567,0.8481
7086,-0.037,2206.06,-0.4998,0.0687,-0.2129
7087,0.017,3243.16,1.1058,1.1146,1.0887
7088,0.006,3791.88,1.8636,1.9754,1.6216
7089,-0.025,3557.47,1.5399,1.624,1.4041
7090,0.007,3776.06,1.8418,1.9524,1.6073
7091,-0.003,3941.59,2.0704,2.1887,1.7536
7092,-0.02,3308.38,1.1959,1.2243,1.1566
7093,-0.027,2424.17,-0.0254,-0.4881,0.0966
7094,0.02,2655.11,0.2936,0.0129,0.4067
7095,0.001,2451.07,0.0118,-0.4274,0.1342
7096,-0.043,3073.74,0.8718,0.8192,0.9058
7097,0.073,3106.43,0.9169,0.8774,0.9419
7098,-0.007,3994.87,2.144,2.2626,1.7994
7099,-0.141,5024.42,3.566,3.5255,2.5811
7100,0.0,4429.15,2.7438,2.831,2.1512
7101,0.015,2495.83,0.0736,-0.3277,0.1959
7102,-0.011,3916.23,2.0354,2.1531,1.7316
7103,-0.03,3214.83,1.0666,1.0663,1.0588
7104,-0.008,3010.76,0.7848,0.7051,0.8352
7105,0.012,3025.41,0.805,0.7319,0.8518
7106,0.032,3385.69,1.3026,1.3515,1.2353
7107,-0.032,4940.27,3.4498,3.4324,2.5235
7108,-0.026,3002.2,0.773,0.6895,0.8255
7109,-0.004,3154.89,0.9839,0.9626,0.9947
7110,-0.009,2397.25,-0.0626,-0.5496,0.0585
7111,-0.044,2050.46,-0.5415,-1.41,-0.4741
7112,-0.017,3853.14,1.9483,2.0637,1.6762
7113,-0.048,5106.7,3.6796,3.6149,2.6365
7114,-0.033,4156.94,2.3678,2.4816,1.935
7115,0.024,4760.45,3.2014,3.2282,2.3971
7116,-0.008,4683.52,3.0951,3.1385,2.3416
7117,-0.022,3229.82,1.0873,1.0919,1.0747
7118,0.005,2787.21,0.476,0.2803,0.5723
7119,0.006,2645.28,0.28,-0.0075,0.3941
7120,-0.007,4120.62,2.3177,2.4333,1.905
7121,-0.038,2518.71,0.1052,-0.2775,0.227
7122,-0.028,2367.58,-0.1035,-0.6182,0.016
7123,0.018,2425.75,-0.0232,-0.4846,0.0988
7124,-0.025,1783.39,-0.9104,-2.1783,-0.9497
7125,-0.017,2774.96,0.4591,0.256,0.5572
7126,-0.035,2768.79,0.4506,0.2438,0.5496
7127,-0.019,1975.06,-0.6457,-1.6163,-0.6018
7128,-0.004,1077.12,-1.8859,-4.9539,-2.6679
7129,-0.02,3015.26,0.791,0.7134,0.8403
7130,-0.064,1242.18,-1.6579,-4.1691,-2.1821
7131,-0.023,3860.96,1.9591,2.0749,1.6831
7132,-0.002,2977.29,0.7386,0.6436,0.7971
7133,0.03,2967.39,0.7249,0.6252,0.7858
7134,-0.014,3274.97,1.1497,1.1684,1.122
7135,-0.009,3625.04,1.6332,1.7276,1.4682
7136,-0.131,2872.7,0.5941,0.4467,0.6752
7137,-0.099,3938.66,2.0664,2.1846,1.7511
7138,0.03,3232.98,1.0917,1.0973,1.078
7139,-0.01,3681.93,1.7118,1.8134,1.5213
7140,-0.04,2416.22,-0.0364,-0.5062,0.0854
7141,-0.033,3166.82,1.0003,0.9834,1.0075
7142,0.235,3544.08,1.5214,1.6032,1.3912
7143,-0.007,2381.43,-0.0844,-0.5861,0.0359
7144,0.002,2534.51,0.127,-0.243,0.2483
7145,0.007,2640.77,0.2738,-0.0169,0.3883
7146,-0.017,2824.7,0.5278,0.3539,0.6178
7147,-0.018,2626.16,0.2536,-0.0474,0.3694
7148,-0.02,2993.01,0.7603,0.6726,0.8151
7149,-0.001,3864.84,1.9644,2.0804,1.6866
7150,-0.049,2816.11,0.5159,0.3371,0.6074
7151,-0.093,3559.21,1.5423,1.6267,1.4057
7152,-0.012,2605.74,0.2254,-0.0904,0.3428
7153,0.002,1930.36,-0.7074,-1.7423,-0.6798
7154,-0.01,2231.93,-0.2909,-0.9431,-0.1851
7155,0.001,2174.73,-0.3699,-1.086,-0.2736
7156,0.021,1420.22,-1.412,-3.4318,-1.7257
7157,0.03,2237.5,-0.2832,-0.9294,-0.1766
7158,0.005,2443.81,0.0017,-0.4437,0.1241
7159,0.004,1971.83,-0.6501,-1.6253,-0.6074
7160,-0.016,2273.6733,-0.2332,-0.841,-0.1219
7161,-0.411,2386.5156,-0.0774,-0.5743,0.0432
7162,-0.021,2486.64,0.0609,-0.348,0.1833
7163,0.051,3512.54,1.4778,1.554,1.3607
7164,0.006,1967.57,-0.656,-1.6372,-0.6147
7165,-0.009,2378.81,-0.088,-0.5921,0.0322
7166,0.017,1475.5,-1.3357,-3.2216,-1.5956
7167,-0.002,1613.57,-1.145,-2.7292,-1.2907
7168,0.012,1711.75,-1.0094,-2.404,-1.0894
7169,-0.013,2088.79,-0.4886,-1.308,-0.411
7170,0.01,2089.11,-0.4882,-1.3072,-0.4105
7171,-0.004,2201.37,-0.3331,-1.019,-0.2321
7172,0.002,2208.99,-0.3226,-1.0,-0.2203
7173,-0.003,1920.2,-0.7214,-1.7714,-0.6978
7174,-0.032,2447.92,0.0074,-0.4345,0.1298
7175,-0.025600000000000005,2316.25,-0.1744,-0.7389,-0.0587
7176,0.046,1708.54,-1.0138,-2.4144,-1.0958
7177,-0.004,2353.63,-0.1228,-0.6507,-0.0041
7178,0.003,2235.35,-0.2862,-0.9346,-0.1798
7179,-0.067,1974.34,-0.6467,-1.6183,-0.603
7180,0.001,2304.39,-0.1908,-0.7672,-0.0762
7181,0.056,1376.03,-1.473,-3.6058,-1.8334
7182,0.013,1952.25,-0.6772,-1.6802,-0.6414
7183,-0.067,1807.95,-0.5847,-1.31936,-0.4843
7184,0.53,1935.93,-0.429,-0.9278299999999999,-0.3074
7185,0.019,1317.93,-1.1806,-2.63994,-1.3021
7186,-0.121,1951.84,-0.4097,-1.39617,-0.2862
7187,0.34,2475.37,0.227,0.0010700000000000154,0.3285
7188,-0.045,2586.24,0.3618,0.13247,0.4419
7189,0.009,1252.19,-1.2605,-2.23374,-1.4344
7190,-0.136,2137.8,-0.1835,-0.13579999999999998,-0.0508
7191,0.198,1293.34,-1.2105,-1.8790099999999998,-1.3508
7192,0.03,2055.88,-0.2831,-0.6526400000000001,-0.1519
7193,-0.067,2687.03,0.4844,0.49973,0.5408
7194,0.052,1479.53,-0.9841,-2.13777,-1.0029
7195,0.201,2575.94,0.3493,0.15814,0.4315
7196,0.215,3016.98,0.8857,0.72521,0.8405
7197,-0.051,1762.85,-0.6395,-2.32117,-0.5497
7198,-0.085,2850.8864799999997,0.32158,0.031489999999999976,0.32183
7199,0.134,2747.37,0.5578,0.07624999999999997,0.5982
7200,0.02,1293.96,-1.2097,-1.8790099999999998,-1.3495
7201,-0.265,2379.64,0.1106,-0.31782000000000005,0.2265
7202,0.006,2292.65,0.0048,-0.7020100000000001,0.1301
7203,-0.444,1130.82,-1.4081,-3.5445400000000005,-1.6981
7204,-0.059,2306.77,0.022,-0.72359,0.146
7205,0.046,1435.28,-1.0379,-1.9098000000000002,-1.0814
7206,-0.164,2047.8,-0.293,-0.9268199999999999,-0.1621
7207,-0.145,1592.79,-0.8463,-1.8278000000000003,-0.8121
7208,-0.049,2953.15,0.808,0.7743800000000001,0.7851
7209,0.091,1610.72,-0.8245,-2.47351,-0.7832
7210,-0.006,3125.74,0.5683,-0.0949,0.6091
7211,0.002,3545.94,1.1883,0.36,1.0735
7212,-0.001,2770.84,0.0446,-0.5295,0.1653
7213,0.012,2603.73,-0.202,-0.7538,-0.0637
7214,0.001,4270.18,2.257,1.0302,1.7579
7215,0.003,1950.82,-1.1654,-1.7947,-1.1265
7216,0.003,3113.7,0.5505,-0.1088,0.5949
7217,0.0,3408.31,0.9852,0.2172,0.9278
7218,0.003,3767.69,1.5155,0.5787,1.2969
7219,-0.003,3620.88,1.2989,0.4354,1.1505
7220,-0.002,3217.64,0.7039,0.0096,0.7158
7221,0.004,1817.8,-1.3617,-2.0493,-1.3865
7222,0.007,2733.02,-0.0112,-0.579,0.1147
7223,0.0,4577.49,2.7104,1.2808,2.0138
7224,-0.006,1156.92,-2.3369,-3.6781,-3.0497
7225,-0.003,1866.38,-1.29,-1.9542,-1.2894
7226,0.003,3062.96,0.4756,-0.168,0.5344
7227,-0.032,2614.02,-0.1868,-0.7395,-0.0492
7228,-0.043,3031.74,0.4295,-0.205,0.4967
7229,-0.011,4768.76,2.9927,1.4285,2.1645
7230,0.001,3639.86,1.3269,0.4543,1.1698
7231,0.0,3128.6,0.5725,-0.0916,0.6125
7232,0.036,2816.21,0.1115,-0.4709,0.2251
7233,0.0,3952.1,1.7876,0.7511,1.4728
7234,-0.008,3683.8,1.3917,0.4975,1.214
7235,0.0,2968.56,0.3363,-0.2809,0.4191
7236,0.002,3175.83,0.6422,-0.0375,0.6676
7237,0.0,3224.97,0.7147,0.0178,0.7242
7238,-0.001,2876.35,0.2003,-0.3947,0.3029
7239,-0.051,2882.12,0.2088,-0.3875,0.3103
7240,0.0,2471.48,-0.3972,-0.9417,-0.2556
7241,0.002,4242.56,2.2162,1.0068,1.734
7242,0.008,2180.64,-0.8263,-1.3931,-0.7165
7243,0.0,2478.9,-0.3862,-0.9309,-0.2446
7244,0.001,4123.42,2.0404,0.9041,1.6291
7245,0.002,3078.58,0.4987,-0.1497,0.5531
7246,-0.002,2537.79,-0.2993,-0.8463,-0.1581
7247,0.006,2538.85,-0.2978,-0.8447,-0.1566
7248,0.028,2571.66,-0.2493,-0.7984,-0.1093
7249,-0.001,3465.21,1.0692,0.2769,0.9887
7250,0.001,2607.14,-0.197,-0.749,-0.0589
7251,-0.002,2521.82,-0.3229,-0.869,-0.1814
7252,-0.001,2804.88,0.0948,-0.4854,0.2103
7253,-0.01,4136.42,2.0596,0.9154,1.6407
7254,0.0,1879.05,-1.2714,-1.9298,-1.2645
7255,0.001,2404.55,-0.4959,-1.0407,-0.3567
7256,-0.001,2678.89,-0.0911,-0.6511,0.0411
7257,0.004,2725.47,-0.0224,-0.589,0.1046
7258,0.111,1728.46,-1.4936,-2.231,-1.572
7259,0.02,2217.12,-0.7725,-1.3333,-0.6555
7260,0.0,2047.1,-1.0234,-1.621,-0.9492
7261,0.007,2390.93,-0.516,-1.0612,-0.3776
7262,0.012,2387.57,-0.521,-1.0663,-0.3828
7263,-0.005,2457.68,-0.4175,-0.9619,-0.2762
7264,-0.01,2593.45,-0.2172,-0.768,-0.0783
7265,0.096,1396.8,-1.983,-2.999,-2.3562
7266,0.0,2269.05,-0.6959,-1.2498,-0.5702
7267,0.01,1674.8,-1.5727,-2.3447,-1.6881
7268,0.006,2044.39,-1.0274,-1.6258,-0.9541
7269,0.0,1162.4,-2.3288,-3.6611,-3.0323
7270,0.065,2305.34,-0.6423,-1.1926,-0.5118
7271,-0.012,2243.72,-0.7332,-1.2903,-0.6116
7272,0.005,1971.23,-1.1353,-1.7572,-1.0882
7273,-0.002,2499.4,-0.356,-0.9012,-0.2142
7274,0.002,1992.49,-1.104,-1.7185,-1.0487
7275,0.019,2101.64,-0.9429,-1.5262,-0.8524
7276,0.0,2207.11,-0.7873,-1.3496,-0.6721
7277,0.007,3353.64,0.9045,0.1589,0.8682
7278,0.011,2426.91,-0.4629,-1.0073,-0.3226
7279,0.008,2168.71,-0.8439,-1.4129,-0.7367
7280,0.0,2668.22,-0.1069,-0.6655,0.0264
7281,-0.052,1757.94,-1.4501,-2.17,-1.5098
7282,0.006,1544.11,-1.7656,-2.6376,-1.9872
7283,0.02,2408.38,-0.4903,-1.035,-0.3508
7284,0.001,2192.98,-0.8081,-1.3728,-0.6958
7285,0.005,2980.2,0.3535,-0.2668,0.4335
7286,0.004,1385.08,-2.0003,-3.0294,-2.3872
7287,0.06,1205.22,-2.2657,-3.5307,-2.8991
7288,-0.01,4243.26,2.2173,1.0074,1.7346
7289,0.0,3527.78,1.1615,0.3415,1.0546
7290,0.012,3068.99,0.4845,-0.1609,0.5416
7291,-0.002,4385.22,2.4267,1.1261,1.8558
7292,0.0,2436.21,-0.4492,-0.9935,-0.3085
7293,0.001,1957.18,-1.1561,-1.7829,-1.1146
7294,-0.057,1698.81,-1.5373,-2.2934,-1.6357
7295,0.229,3776.64,1.5287,0.5873,1.3056
7296,0.166,2984.6,0.36,-0.2615,0.439
7297,-0.15,2279.94,-0.6798,-1.2326,-0.5526
7298,0.006,2856.6,0.1711,-0.4195,0.2776
7299,0.001,3426.11,1.0115,0.236,0.9469
7300,-0.007,3457.07,1.0572,0.2685,0.9801
7301,-0.016,4153.52,2.0848,0.9303,1.6559
7302,-0.015,2022.83,-1.0592,-1.664,-0.9931
7303,0.103,3152.17,0.6073,-0.0645,0.6401
7304,0.0,2284.32,-0.6733,-1.2257,-0.5455
7305,-0.001,3258.6,0.7643,0.0552,0.7624
7306,-0.044,982.301,-2.5946,-4.2678,-3.6517
7307,-0.012,2466.67,-0.4043,-0.9487,-0.2628
7308,0.005,3258.15,0.7636,0.0547,0.7619
7309,0.005,3244.14,0.743,0.0392,0.746
7310,0.005,2780.31,0.0585,-0.5172,0.1779
7311,0.08,2807.19,0.0982,-0.4825,0.2133
7312,0.0,2859.71,0.1757,-0.4156,0.2816
7313,0.0,3136.59,0.5843,-0.0824,0.6219
7314,-0.03610000000000001,953.839,-2.6366,-4.3737,-3.7599
7315,0.002,2973.39,0.3434,-0.275,0.4251
7316,0.002,2453.65,-0.4235,-0.9678,-0.2823
7317,0.002,2930.19,0.2797,-0.3278,0.3712
7318,0.0,2546.02,-0.2872,-0.8346,-0.1462
7319,-0.01,3008.19,0.3948,-0.2331,0.468
7320,0.037,3961.49,1.8015,0.7596,1.4816
7321,0.005,3489.5,1.105,0.3021,1.0144
7322,0.008,3880.54,1.682,0.6852,1.4055
7323,0.005,3287.05,0.8063,0.0866,0.7944
7324,0.002,3730.84,1.4611,0.5433,1.2607
7325,0.0,3421.07,1.004,0.2307,0.9415
7326,0.203,2101.53,-0.9431,-1.5264,-0.8526
7327,-0.006,2063.7,-0.9989,-1.5919,-0.9195
7328,-0.001,3159.21,0.6176,-0.0565,0.6483
7329,0.001,2466.77,-0.4041,-0.9486,-0.2626
7330,0.031,3427.65,1.0138,0.2376,0.9486
7331,0.009,1670.24,-1.5795,-2.3545,-1.6982
7332,-0.005,3381.15,0.9451,0.1884,0.8983
7333,0.002,2362.41,-0.5581,-1.1045,-0.4218
7334,0.001,3537.88,1.1764,0.3518,1.0651
7335,-0.004,3229.77,0.7218,0.0232,0.7296
7336,0.808,3882.64,1.6851,0.6871,1.4075
7337,0.0,2522.81,-0.3214,-0.8676,-0.1799
7338,0.0,1579.3,-1.7137,-2.5563,-1.9042
7339,0.0,2438.87,-0.4453,-0.9896,-0.3045
7340,0.005,3119.58,0.5592,-0.102,0.6018
7341,-0.003,2195.71,-0.8041,-1.3683,-0.6912
7342,-0.003,2729.3,-0.0167,-0.5839,0.1097
7343,0.002,2843.32,0.1515,-0.4363,0.2604
7344,0.008,1687.46,-1.5541,-2.3175,-1.6604
7345,-0.007,2056.27,-1.0098,-1.6049,-0.9327
7346,-0.002,2842.11,0.1497,-0.4379,0.2588
7347,0.0,3858.4,1.6494,0.6645,1.3845
7348,-0.076,1984.87,-1.1152,-1.7323,-1.0628
7349,0.0,2332.59,-0.6021,-1.1503,-0.4685
7350,0.013,2597.35,-0.2114,-0.7626,-0.0727
7351,0.0,1798.22,-1.3906,-2.0883,-1.4264
7352,0.002,1756.06,-1.4528,-2.1739,-1.5137
7353,-0.004,3343.26,0.8892,0.1477,0.8568
7354,-0.022,2265.47,-0.7012,-1.2555,-0.576
7355,0.002,2638.64,-0.1505,-0.7057,-0.0147
7356,-0.002,3032.85,0.4312,-0.2037,0.498
7357,0.0,2703.77,-0.0544,-0.6178,0.0751
7358,0.001,2679.62,-0.09,-0.6502,0.0421
7359,0.004,2240.67,-0.7377,-1.2952,-0.6166
7360,0.008,2074.02,-0.9837,-1.5739,-0.9011
7361,-0.007,2211.84,-0.7803,-1.3419,-0.6642
7362,0.011,2412.92,-0.4836,-1.0282,-0.3439
7363,-0.01,2238.04,-0.7416,-1.2995,-0.6209
7364,0.002,2662.26,-0.1157,-0.6736,0.0182
7365,0.0,2633.02,-0.1588,-0.7134,-0.0225
7366,0.0,3225.49,0.7154,0.0184,0.7248
7367,-0.179,1998.4482,-0.0973,-1.4901,0.0878
7368,-0.099,1626.87,-0.5879,-2.4385,-0.4298
7369,0.033,1699.2805,-0.4923,-2.2378,-0.3202
7370,-0.009,3126.1817,1.3915,0.573,1.2137
7371,-0.001,2527.2883,0.6009,-0.4076,0.6785
7372,0.004,3489.2775,1.8709,1.0797,1.4902
7373,-0.003,1963.22,-0.1438,-1.5721,0.043
7374,0.01,1575.93,-0.6551,-2.5852,-0.5098
7375,0.336,2808.67,0.9723,0.0791,0.9442
7376,0.092,2261.4998,0.25,-0.92,0.3989
7377,0.371,3319.2692,1.6464,0.8494,1.3645
7378,-0.41,1701.2,-0.4898,-2.2326,-0.3174
7379,0.0,2480.6,0.5392,-0.4936,0.6316
7380,0.002,1117.86,-1.2599,-4.1682,-1.3737
7381,-0.012,542.446,-2.0195,-7.4993,-3.1916
7382,0.037,709.629,-1.7988,-6.262,-2.5164
7383,0.038,1775.03,-0.3923,-2.0367,-0.2105
7384,0.238,1938.0,-0.1771,-1.6318,0.0105
7385,0.493,3404.72,1.7592,0.9666,1.4285
7386,-0.34,2635.24,0.7434,-0.2148,0.7838
7387,-0.008,2494.12,0.5571,-0.4686,0.6453
7388,0.065,1650.07,-0.5573,-2.3733,-0.3942
7389,0.836,2822.86,2.7526,2.7086,1.5772
7390,0.027,1744.36,0.6353,0.764,0.4904
7391,0.157,832.74,-1.1543,-2.222,-1.1784
7392,0.011,1066.89,-0.6946,-1.2216,-0.6193
7393,0.077,1584.05,0.3206,0.3746,0.2728
7394,0.13,1095.78,-0.6379,-1.1137,-0.559
7395,-0.058,1403.19,-0.0344,-0.1151,-0.0009
7396,0.142,2284.2073499999997,0.43382,-0.6412499999999999,0.3356200000000001
7397,0.439,3027.1781,0.3908,1.1297,0.3411
7398,-0.087,2599.8435,-0.1363,0.6448,-0.1046
7399,-0.127,2136.4,-0.0368,-0.46568,0.2694
7400,0.05169999999999999,378.589,-1.915,-7.462649999999999,-2.4462
7401,-0.082,2657.87,0.5204,0.29449999999999993,0.6124
7402,-0.004599999999999995,1658.05,-0.5479,-2.5605900000000004,-0.1287
7403,-0.009,1602.11,-0.6076,-1.59781,-0.1826
7404,-0.021,2595.61,0.4539,0.12655,0.5752
7405,-0.06,1788.08,-0.4089,-0.6892100000000001,-0.0101
7406,0.006,2584.6,0.4421,-0.015710000000000002,0.5685
7407,-0.044,3010.4,0.8971,0.5934300000000001,0.8081
7408,-0.07,1947.64,-0.2384,-1.02094,0.1241
7409,-0.08,948.635,-1.3059,-3.41826,-1.0053
7410,-0.434,1998.81,-0.1838,-0.7375499999999999,0.1649
7411,-0.073,2554.03,0.4095,0.12021000000000001,0.5498
7412,0.214,3019.82,0.9072,0.8571099999999999,0.813
7413,-0.083,3703.44,1.6376,1.53524,1.1335
7414,0.088,2059.73,-0.1187,-0.78169,0.212
7415,0.024399999999999998,1839.84,-0.3536,-1.3158400000000001,0.0347
7416,-0.143,3587.44,1.5137,1.9825400000000002,1.0835
7417,0.183,2712.95,0.5793,0.14803,0.6447
7418,0.094,1329.54,-0.8989,-2.8495700000000004,-0.4754
7419,0.012,1003.9,-1.2468,-4.52877,-0.9165
7420,0.023,3270.19,1.1747,1.39431,0.9381
7421,0.015,1642.97,-0.564,-1.73874,-0.143
7422,-0.016,2894.66,0.7734,0.37529,0.7465
7423,0.0615,2357.75,0.1998,-0.5188900000000001,0.4242
7424,-0.013,1317.51,-0.9117,-2.6418100000000004,-0.4897
7425,-0.047,2398.0,0.2428,-0.48797000000000007,0.4508
7426,0.0,3173.36,1.0712,0.8431700000000001,0.8909
7427,-0.07310000000000001,295.868,-2.0033,-9.467960000000001,-2.8324
7428,0.104,1857.67,-0.3346,-0.6177599999999999,0.0499
7429,-0.332,1134.6,-1.1072,-3.3313499999999996,-0.7243
7430,-0.34,3278.46,1.1835,1.39203,0.9421
7431,0.017999999999999995,3570.76,1.4958,2.14033,1.0762
7432,1.39,4009.41,1.9645,2.52281,1.2582
7433,-0.184,2000.0,-0.1825,-0.8713600000000001,0.1658
7434,-0.107,2244.15,0.0784,-0.7074800000000001,0.3467
7435,0.014,3101.65,0.9946,0.7646499999999999,0.855
7436,-0.19,1824.03,-0.3705,-1.8624800000000001,0.0212
7437,-0.05,1068.26,-1.1781,-3.52339,-0.8189
7438,-0.005,3461.78,1.3794,0.91282,1.0275
7439,-0.023600000000000003,2344.44,0.1855,-0.33423,0.4154
7440,-0.088,2276.65,0.1131,-0.8586199999999999,0.3693
7441,0.005,1560.35,-0.6523,-1.89327,-0.224
7442,0.596,938.951,-0.9458,-1.7374,-0.9075
7443,0.084,692.863,-1.4289,-2.9642,-1.5932
7444,0.004,2542.39,-0.2925,-0.8397,-0.1515
7445,0.0,2533.28,-0.306,-0.8527,-0.1647
7446,0.001,3075.93,0.4948,-0.1528,0.5499
7447,-0.002,2754.2,0.02,-0.5512,0.1432
7448,-0.005,2759.67,0.0281,-0.544,0.1505
7449,0.01,2924.72,0.2716,-0.3346,0.3643
7450,0.001,3494.52,1.1124,0.3073,1.0197
7451,-0.01,4452.46,2.526,1.181,1.9118
7452,0.009,2828.34,0.1294,-0.4554,0.241
7453,0.002,2712.96,-0.0408,-0.6056,0.0876
7454,0.003,1932.27,-1.1928,-1.8291,-1.1617
7455,0.001,3206.83,0.6879,-0.0025,0.7034
7456,0.078,3757.47,1.5004,0.5689,1.2869
7457,0.0,1109.52,-2.4069,-3.8289,-3.2036
7458,0.0,2484.5456000000004,0.21022,-0.8912100000000001,0.06565000000000003
7459,-0.006,1731.28,-1.4894,-2.2251,-1.566
7460,-0.016,2997.91,0.3796,-0.2454,0.4553
7461,0.0,2648.06,-0.1366,-0.6929,-0.0015
7462,0.001,3806.04,1.5721,0.6153,1.3342
7463,0.0,3152.25,0.6074,-0.0644,0.6402
7464,0.001,1588.47,-1.7001,-2.5355,-1.8829
7465,0.0,3732.41,1.4635,0.5448,1.2622
7466,0.006,1659.8,-1.5949,-2.3771,-1.7212
7467,0.0,2727.7,-0.0191,-0.586,0.1076
7468,0.007,3046.57,0.4514,-0.1874,0.5146
7469,0.025,2837.4,0.1428,-0.4439,0.2527
7470,0.0,2666.53,-0.1094,-0.6678,0.0241
7471,0.0,2869.96,0.1908,-0.4027,0.2948
7472,0.001,3527.13,1.1605,0.3408,1.0539
7473,0.001,3312.31,0.8436,0.1142,0.8226
7474,0.0,3450.69,1.0477,0.2618,0.9733
7475,-0.029,3197.68,0.6744,-0.0128,0.6929
7476,0.001,2722.72,-0.0264,-0.5926,0.1008
7477,-0.005,3328.86,0.868,0.1322,0.8409
7478,0.011,3299.34,0.8244,0.1001,0.8081
7479,0.007,2960.25,0.3241,-0.291,0.4088
7480,-0.008,2424.45,-0.4666,-1.011,-0.3263
7481,-0.001,4335.55,2.3534,1.085,1.8138
7482,0.001,2774.16,0.0495,-0.5251,0.1698
7483,0.0,2747.38,0.0099,-0.5601,0.134
7484,-0.002,3753.94,1.4952,0.5655,1.2834
7485,-0.01,3664.16,1.3627,0.4783,1.1943
7486,-0.002,2803.51,0.0928,-0.4872,0.2085
7487,-0.011,4121.47,2.0375,0.9024,1.6274
7488,-0.002,3477.34,1.0871,0.2895,1.0016
7489,0.001,1893.14,-1.2506,-1.9029,-1.237
7490,0.0,2397.82,-0.5059,-1.0508,-0.367
7491,0.017,3051.87,0.4593,-0.1811,0.521
7492,-0.008,2328.91,-0.6075,-1.156,-0.4744
7493,0.016,2404.26,-0.4964,-1.0411,-0.3571
7494,-0.001,1954.23,-1.1604,-1.7884,-1.1201
7495,-0.145,2001.16,-1.0912,-1.7028,-1.0327
7496,0.0,2446.46,-0.4341,-0.9784,-0.2931
7497,0.009,728.09,-2.9697,-5.3468,-4.7534
7498,0.006,3509.21,1.1341,0.3224,1.0352
7499,0.0,3214.16,0.7293,0.3276,0.7925
7500,0.324,2845.21,0.3189,-0.4806,0.4685
7501,-0.012,3509.27,1.0576,0.91,1.0259
7502,-0.208,2372.31,-0.2071,-1.6855,-0.0146
7503,0.071,2356.95,1.3247,0.4181,1.1535
7504,-0.016,1949.64,0.6524,-1.001,0.7318
7505,0.077,1913.72,0.5931,-1.1401,0.6905
7506,-0.082,3673.68,1.1481,0.3745,0.9931
7507,-0.034,2588.46,-0.0361,-0.8948,0.1045
7508,0.133,3697.16,1.1737,0.3976,1.0093
7509,-0.015,2367.5,-0.2772,-1.2183,-0.1219
7510,-0.201,3769.01,1.2521,0.4674,1.0581
7511,-0.017,3443.85,0.8973,0.1403,0.8292
7512,0.064,3047.96,0.4653,-0.3024,0.5192
7513,-0.001,2950.79,0.3593,-0.4199,0.437
7514,-0.111,3531.65,0.9931,0.2315,0.8931
7515,-0.1,2353.38,-0.2926,-1.24,-0.1371
7516,0.141,2574.69,-0.0511,-0.9142,0.091
7517,-0.015,2990.63,0.4027,-0.3713,0.4711
7518,0.0,3169.51,0.5979,-0.1607,0.6185
7519,-0.235,1583.93,-1.1322,-2.6751,-1.1417
7520,0.096,3192.58,0.6231,-0.1344,0.6369
7521,0.002,2796.65,0.1911,-0.6144,0.3009
7522,0.018,1966.56,-0.7147,-1.8908,-0.5927
7523,-0.087,2009.87,-0.6675,-1.8119,-0.5374
7524,0.211,2694.2,0.0793,-0.7497,0.2062
7525,0.062,2962.83,0.3724,-0.4051,0.4474
7526,0.0,2363.82,-0.2812,-1.2239,-0.1258
7527,0.0,2173.48,-0.4889,-1.5282,-0.3389
7528,-0.12,3262.01,0.6989,-0.0564,0.6915
7529,0.159,1653.62,-1.0562,-2.519,-1.0325
7530,0.135,2872.77,0.2741,-0.517,0.369
7531,0.509,4207.67,1.7308,0.8665,1.3376
7532,-0.079,2665.18,0.0476,-0.7889,0.1787
7533,-0.09,2156.53,-0.5074,-1.5566,-0.3587
7534,0.015,3361.33,0.8072,0.0523,0.7676
7535,0.006,1855.91,-0.8355,-2.1007,-0.7397
7536,-0.093,1949.31,-0.7335,-1.9228,-0.6151
7537,-0.036,2658.88,0.0407,-0.7975,0.1727
7538,0.021,2860.72,0.261,-0.5323,0.3583
7539,-0.089,2568.29,-0.0581,-0.9232,0.0847
7540,-0.139,1757.75,-0.9426,-2.2977,-0.8775
7541,-0.212,2084.04,-0.5865,-1.6805,-0.4455
7542,0.0,1316.57,-1.424,-3.345,-1.6107
7543,-0.079,1587.3,-1.1286,-2.6674,-1.1363
7544,0.024,2070.36,-0.6015,-1.7044,-0.4622
7545,0.031,2832.62,0.2303,-0.5681,0.3333
7546,0.06,1581.45,-1.1349,-2.6807,-1.1457
7547,-0.033,2586.9,-0.0378,-0.897,0.103
7548,-0.144,2262.91,-0.3913,-1.3821,-0.2365
7549,-0.231,2274.55,-0.0172,-0.33311999999999997,0.1096
7550,-0.245,1912.97,-0.4569,-1.2006,-0.3383
7551,-0.057,2460.01,0.2083,-0.27166999999999997,0.3124
7552,0.025,2109.35,-0.2181,-1.15906,-0.0855
7553,-0.298,1822.23,-0.5673,-1.72737,-0.464
7554,0.474,3341.66,1.2805,1.18476,1.1049
7555,0.0,1744.8407,-0.4321,-2.1158,-0.2537
7556,0.056,2642.8379,0.7534,-0.2015,0.791
7557,0.003,2724.1703,0.8608,-0.0617,0.8673
7558,0.026,3373.3041,1.7178,0.9238,1.4052
7559,0.117,2998.7913,1.2233,0.3811,1.109
7560,0.0,4700.4507,3.4699,2.4538,2.2401
7561,-0.135,1959.39,-0.08960000000000005,-0.71105,-0.14494
7562,0.029,2426.3974,0.4677,-0.5955,0.576
7563,0.026,1351.38,-0.9516,-3.2938,-0.8965
7564,-0.004,2091.6715,0.0257,-1.2799,0.2025
7565,0.0,1618.79,-0.5986,-2.4615,-0.4423
7566,-0.348,1763.56,-0.4074,-2.0666,-0.2268
7567,0.201,1485.6747,-0.7743,-2.8571,-0.6582
7568,-0.322,2288.4914,0.2856,-0.8653,0.4288
7569,-0.298,1960.8547,-0.147,-1.5777,0.04
7570,0.079,1968.8387,-0.1364,-1.559,0.0502
7571,0.054,2873.5768,1.058,0.1845,1.0017
7572,-0.014,1504.3523,-0.7496,-2.7995,-0.6268
7573,-0.179,1995.9224,-0.1007,-1.496,0.0846
7574,0.183,1497.06,-0.7593,-2.8219,-0.639
7575,0.114,1955.7519,-0.1537,-1.5897,0.0334
7576,-0.037,1360.47,-0.9396,-3.2629,-0.8796
7577,-0.506,2328.4796,0.3384,-0.7854,0.4724
7578,-0.081,2300.8733,0.3019,-0.8404,0.4424
7579,-0.019,2632.7547,0.7401,-0.2191,0.7814
7580,0.031,3716.1116,2.1703,1.3702,1.6487
7581,0.093,1911.26,-0.2124,-1.6958,-0.0244
7582,-0.046,1781.59,-0.3836,-2.0197,-0.2012
7583,0.063,1810.71,-0.3452,-1.945,-0.1604
7584,-0.183,1474.96,-0.7884,-2.8904,-0.6764
7585,0.401,3786.36,2.2631,1.4565,1.6959
7586,-0.336,1973.43,-0.1304,-1.5482,0.0561
7587,0.092,1641.45,-0.5686,-2.3974,-0.4073
7588,0.262,753.396,-1.741,-5.9863,-2.3659
7589,0.001,1708.77,-0.4798,-2.2121,-0.3062
7590,-0.014,1536.86,-0.7067,-2.7009,-0.573
7591,-0.05,2364.72,0.3862,-0.7142,0.5112
7592,0.035,1435.03,-0.8412,-3.0169,-0.7454
7593,0.588,3881.3,2.3884,1.5707,1.7582
7594,-0.163,4551.49,1.8841,2.17288,1.5123
7595,0.045,1523.4252,-1.4641,-1.0577,-1.6697
7596,0.04,2789.6275,0.0978,0.8693,0.1018
7597,0.174,3080.4463,0.4565,1.1852,0.3922
7598,0.059,2348.4252,-0.4464,0.3209,-0.4024
7599,-0.064,2673.6806,-0.0452,0.7341,-0.0226
7600,-0.099,2395.47,0.9114,0.23947000000000007,0.8738
7601,0.001,2425.28,0.9666,-0.42546,0.9158
7602,0.015,2626.21,1.3387,0.03861999999999999,1.186
7603,-0.025,2210.31,0.5686,-0.34822,0.6007
7604,-0.023,1901.77,-0.0028,-1.28929,0.0904
7605,-0.043,1897.09,-0.0115,-1.12131,0.082
7606,0.073,2768.25,1.6018,0.6371600000000001,1.3649
7607,-0.132,1889.59,-0.0254,-1.15361,0.0686
7608,0.091,3690.73,1.3003,3.2042,1.0725
7609,0.613,2745.05,0.3193,1.4005,0.3331
7610,-0.039,2448.47,0.0116,0.7039,0.0475
7611,0.055,1976.5,-0.478,-0.6007,-0.4873
7612,0.07,1891.69,-0.566,-0.8679,-0.5969
7613,0.113,2387.78,-0.0514,0.551,-0.0152
7614,-0.006,1739.99,-0.7233,-1.3771,-0.8056
7615,-0.019,2366.88,-0.073,0.4974,-0.0372
7616,0.0,2436.05,-0.0013,0.6729,0.0348
7617,-0.015,2970.53,0.5532,1.8815,0.5303
7618,-0.066,2243.02,-0.2015,0.1699,-0.1714
7619,-0.124,3642.98,1.2507,3.1248,1.04
7620,-0.055,2055.08,-0.3965,-0.3632,-0.39
7621,-0.02,3391.19,0.9895,2.6884,0.8611
7622,-0.022,2463.1,0.0268,0.7402,0.0624
7623,-0.007,1912.85,-0.544,-0.8001,-0.5691
7624,0.227,2982.46,0.2722,1.9059,0.5403
7625,0.342,4211.35,1.4941,4.0083,1.4022
7626,-0.014,3017.96,0.3075,1.978,0.5698
7627,0.0,3155.31,0.4441,2.2492,0.681
7628,-0.41,2209.8,-0.4961,0.079,-0.2087
7629,0.04,2717.58,0.0088,1.3392,0.308
7630,-0.018,2514.07,-0.1936,0.865,0.1135
7631,-0.038,2010.05,-0.6947,-0.4982,-0.4453
7632,-0.039,2395.24,-0.3117,0.57,-0.0074
7633,0.029,1550.84,-1.1513,-2.0781,-1.093
7634,0.125,1877.7,-0.8263,-0.9131,-0.6154
7635,0.037,2443.22,-0.264,0.6908,0.0421
7636,-0.135,3360.15,0.4872,0.5549499999999999,0.547
7637,-0.018,3172.52,0.2672,0.86201,0.3642
7638,-0.151,3228.13,1.118,1.7561,0.8407
7639,0.042,2006.49,-0.3233,-0.0482,-0.2759
7640,0.081,2649.32,0.4352,1.0063,0.3767
7641,-0.152,1767.27,-0.6055,-0.5299,-0.574
7642,-0.02,1782.16,-0.5879,-0.4981,-0.5543
7643,0.073,1976.89,-0.3582,-0.1046,-0.3108
7644,0.05,1456.52,-0.9721,-1.2635,-1.028
7645,-0.022,1945.54,-0.3952,-0.1653,-0.3483
7646,-0.147,1770.57,-0.6016,-0.5228,-0.5696
7647,0.051,1909.46,-0.4378,-0.2363,-0.3923
7648,0.047,1036.4,-1.4678,-2.5543,-1.8267
7649,-0.003,2297.53,0.0201,0.4657,0.0421
7650,0.051,1340.04,-1.1096,-1.5797,-1.2236
7651,-0.278,2053.77,0.8243,-0.6118,0.8475
7652,-0.299,1212.23,-0.5647,-4.5547,-0.3241
7653,0.134,779.819,-1.2784,-7.8526,-1.3041
7654,0.193,1304.47,-0.4125,-4.0063,-0.1612
7655,-0.128,1671.27,0.193,-2.1533,0.3894
7656,-0.016,1409.27,-0.6497,-2.97276,-0.4835
7657,0.008,2067.93,0.2293,-1.0655300000000003,0.4474
7658,0.144,2312.24,0.5554,-0.16277,0.7186
7659,-0.085,1844.72,-0.0686,-1.53948,0.1701
7660,-0.087,2102.38,0.2753,-1.31552,0.4876
7661,0.032,2139.02,0.3242,-0.27712000000000003,0.5295
7662,-0.142,3761.15,2.4892,1.57179,1.8999
7663,0.085,1766.23,-0.1733,-1.4362099999999998,0.0646
7664,0.0,2349.7,0.6054,-0.19587,0.7576
7665,-0.021,1511.53,-0.7255,-2.53665,-0.6892
7666,0.047999999999999994,2034.74,0.2434,-0.9796400000000001,0.3198
7667,-0.038,1499.62,-0.7475,-1.95477,-0.716
7668,-0.006,796.557,-2.0495,-3.64786,-2.8627
7669,0.194,1571.79,-0.6139,-2.16499,-0.5565
7670,-0.036,1805.95,-0.1802,-1.3374399999999997,-0.0851
7671,0.0,1607.37,-0.548,-1.8370700000000002,-0.4805
7672,-0.078,1768.86,-0.2489,-1.3495599999999999,-0.1556
7673,-0.009,1506.9,-0.734,-1.97097,-0.6996
7674,-0.016,1478.56,-0.7865,-1.8918500000000003,-0.764
7675,-0.035,1130.01,-1.432,-2.9868900000000003,-1.6764
7676,0.145,2388.12,0.8978,-0.23645,0.8634
7677,0.115,2164.65,0.484,-0.66072,0.5299
7678,0.0,1928.55,0.0468,-1.15538,0.1378
7679,-0.097,1922.29,0.0352,-0.67657,0.1268
7680,-0.051,1759.41,-0.2664,-1.6626099999999997,-0.1737
7681,-0.084,1798.12,-0.1947,-1.3594000000000002,-0.0999
7682,-0.018,2813.66,0.5126,0.3323,0.6044
7683,-0.069,2447.98,0.0075,-0.4343,0.1299
7684,0.068,1635.74,-1.1143,-2.6541,-1.2442
7685,-0.031,2947.27,0.6971,0.5878,0.7626
7686,0.007,2543.3392,0.1392,-0.2239,0.2601
7687,-0.012,2674.8096,0.3208,0.0536,0.4319
7688,0.007,2272.81,-0.2344,-0.8431,-0.1232
7689,0.027,2141.18,0.364,0.0878,0.4235
7690,0.396,2283.96,0.5325,0.2849,0.5202
7691,-0.069,376.844,-1.7182,-5.2136,-2.1767
7692,0.368,1905.05,0.0853,-0.269,0.2485
7693,0.037,2068.27,0.2779,-0.018,0.3716
7694,0.01,2288.61,0.5379,0.2912,0.5233
7695,-0.006,3185.96,1.5969,1.3015,1.0188
7696,0.04,2956.08,1.3256,1.0728,0.9066
7697,0.142,2349.7,0.61,0.3716,0.5627
7698,0.015,1407.09,-0.5024,-1.1942,-0.2053
7699,0.466,782.176,-1.2398,-2.9866,-1.0844
7700,-0.053,916.686,-1.0811,-2.5023,-0.8469
7701,-0.23,1594.4,-0.2813,-0.8126,-0.0181
7702,-0.089,2180.37,0.4102,0.1432,0.4507
7703,0.031,2034.99,0.2386,-0.0675,0.3473
7704,-0.01,1568.77,-0.3116,-0.8621,-0.0424
7705,0.378,2607.3,0.914,0.6893,0.7186
7706,-0.156,1998.63,0.1957,-0.1226,0.3203
7707,0.0,1698.96,-0.1579,-0.6187,0.077
7708,-0.265,2580.4,0.8823,0.6577,0.703
7709,0.005,864.589,-1.1426,-2.6809,-0.9345
7710,0.0,1236.09,-0.7042,-1.5898,-0.3993
7711,0.039,1475.48,-0.4216,-1.0493,-0.1342
7712,0.045,1525.75,-0.3623,-0.947,-0.084
7713,0.033,1105.71,-0.858,-1.9301,-0.5662
7714,0.015,1154.2,-0.8008,-1.799,-0.5019
7715,0.049,517.193,-1.5525,-4.2485,-1.7034
7716,0.037,1403.84,-0.5062,-1.2013,-0.2087
7717,-0.045,2120.48,0.3395,0.0581,0.409
7718,0.065,365.789,-1.7312,-5.3043,-2.2212
7719,-0.228,1896.18,0.0748,-0.2833,0.2415
7720,0.683,1051.52,-0.922,-2.0835,-0.6414
7721,-0.06,3349.74,1.7902,1.4546,1.0939
7722,0.039,1049.31,-0.9246,-2.0899,-0.6446
7723,0.281,1618.21,-0.2532,-0.7674,0.0041
7724,0.05,3242.15,1.6632,1.3549,1.045
7725,0.196,2331.74,0.5888,0.3482,0.5512
7726,-0.118,1692.68,-0.1653,-0.63,0.0715
7727,-0.086,656.398,-1.3883,-3.5215,-1.3468
7728,0.0,1667.74,-0.1948,-0.6753,0.0492
7729,0.13,2226.68,0.4649,0.2074,0.4822
7730,-0.019,1490.64,-0.4038,-1.0181,-0.1189
7731,-0.046,3058.68,1.4467,1.177,0.9578
7732,0.144,1549.7,-0.3341,-0.8994,-0.0607
7733,-0.137,2010.92,0.2102,-0.1039,0.3295
7734,0.029,1666.61,-0.1961,-0.6774,0.0482
7735,0.134,1422.61,-0.484,-1.1607,-0.1889
7736,0.013,1423.33,-0.4832,-1.1592,-0.1881
7737,-0.051,2307.31,-0.6394,-1.1896,-0.5087
7738,0.0,2840.56,0.1474,-0.4398,0.2568
7739,0.006,3691.83,1.4036,0.5054,1.222
7740,-0.001,2340.97,-0.5897,-1.1373,-0.4553
7741,-0.002,3314.89,0.8474,0.117,0.8254
7742,0.0,3596.8,1.2633,0.4113,1.126
7743,-0.027,1589.23,-1.699,-2.5337,-1.8812
7744,0.009,3092.75,0.5196,-0.1331,0.57
7745,-0.004,3001.65,0.3851,-0.2409,0.4599
7746,0.003,2415.79,-0.4793,-1.0239,-0.3395
7747,-0.028,2326.31,-0.6114,-1.16,-0.4785
7748,0.001,2081.7,-0.9723,-1.5606,-0.8875
7749,0.009,2263.77,-0.7037,-1.2582,-0.5788
7750,-0.001,2309.53,-0.6361,-1.1861,-0.5051
7751,-0.001,2329.2,-0.6071,-1.1555,-0.4739
7752,0.0,2700.55,-0.0592,-0.6221,0.0707
7753,0.4,1566.37,-0.4401,-1.9517700000000002,-0.2269
7754,1.15,1399.74,-0.6625,-2.4202800000000004,-0.4999
7755,-0.226,1946.04,0.0667,-0.51509,0.3
7756,0.022,896.328,-1.3343,-5.019329999999999,-1.5816
7757,-0.111,1275.25,-0.8286,-2.81587,-0.726
7758,0.002,1311.65,-0.78,-2.37567,-0.6577
7759,-0.013,1242.78,-0.8719,-3.58361,-0.7886
7760,0.055,2222.14,0.4352,-0.39663999999999994,0.6221
7761,0.006,2954.56,1.4127,1.11429,1.3138
7762,0.1,1191.24,-0.9407,-2.64773,-0.8914
7763,-0.056,2228.91,0.4442,-0.45538999999999996,0.6294
7764,-0.032,3066.35,0.1427,0.8960799999999999,0.256
7765,-0.092,2008.11,-1.0982,-1.41258,-1.0903
7766,-0.104,2236.28,-0.8307,-0.86767,-0.748
7767,-0.03,3672.28,0.8532,1.3541400000000001,0.8296
7768,-0.012,2817.27,-0.1494,-0.03171999999999999,-0.0135
7769,-0.042,2904.51,-0.0471,0.26139,0.0835
7770,0.006,3839.72,1.0495,1.37452,0.9714
7771,0.057,4160.34,1.4255,2.03196,1.2265
7772,-0.036,2118.02,-0.9693,-0.9096800000000002,-0.9208
7773,0.048,3982.81,1.2173,1.47639,1.0878
7774,-0.069,2689.24,-0.2995,0.35551999999999995,-0.1614
7775,0.0944,4315.66,1.6076,2.01351,1.3431
7776,-0.074,2723.33,-0.2596,-0.09039,-0.1214
7777,-0.078,3059.27,0.1344,0.9906600000000003,0.2486
7778,-0.014,2122.19,-0.9644,-0.7222700000000001,-0.9146
7779,0.002,1071.09,-2.197,-2.7994899999999996,-3.0887
7780,0.017,3598.05,0.7661,1.30458,0.7646
7781,0.042,2124.74,-0.9615,-1.2047499999999998,-0.9108
7782,-0.029,2579.28,-0.4285,0.16944,-0.2942
7783,-0.043,3036.06,0.1072,0.71552,0.2244
7784,0.014,3868.88,1.0837,1.8660899999999998,0.9955
7785,0.002,1033.74,-2.2408,-3.9790299999999994,-3.2016
7786,-0.021,3532.9,0.6897,1.31762,0.7065
7787,-0.075,1993.45,-1.1154,-1.32635,-1.1136
7788,0.014,2850.04,-0.111,0.8814799999999998,0.0233
7789,-0.051,2201.75,-0.8712,-0.7006400000000002,-0.7975
7790,-0.036,2140.56,-0.9429,-0.85448,-0.8872
7791,0.283,2542.96,-0.4711,-0.38882,-0.3393
7792,-0.055,3233.88,0.3391,1.56576,0.4252
7793,-0.057,3575.31,0.7395,1.52854,0.7444
7794,-0.038,1394.72,-1.8175,-3.0326499999999994,-2.2494
7795,-0.16,1860.04,-1.2718,-1.5349100000000002,-1.3339
7796,-0.098,1483.87,-1.7129,-3.09275,-2.0524
7797,-0.068,1369.39,-1.8472,-2.5841000000000003,-2.3077
7798,0.031,2641.12,-0.356,0.41836,-0.2188
7799,-0.053,2549.31,-0.4636,-0.23834,-0.3314
7800,-0.047,2420.09,-0.6151,-0.24112999999999993,-0.4968
7801,-0.01,2408.77,-0.6284,-0.53423,-0.5117
7802,0.108,1370.42,-1.846,-2.4830599999999996,-2.3053
7803,0.005,2631.49,-0.3672,0.02887999999999997,-0.2305
7804,-0.024,2558.55,-0.4528,-0.28226999999999997,-0.3199
7805,0.0,2138.608,0.0877,-1.1776,0.2583
7806,-0.116,3786.7742,2.2636,1.457,1.6961
7807,0.002,2750.9484,0.8961,-0.0166,0.8919
7808,-0.156,3349.5562,1.6864,0.8912,1.3874
7809,0.173,1804.7189,-0.3531,-1.9603,-0.1688
7810,-0.005,2270.5062,0.2618,-0.9017,0.4089
7811,0.041,6310.9442,5.5961,3.8126,2.9817
7812,0.007,2262.3453,0.2511,-0.9183,0.3999
7813,-0.428,1521.0992,-0.7275,-2.7484,-0.5989
7814,-0.26,1999.9943,-0.0953,-1.4866,0.0897
7815,-0.153,870.0,-1.5871,-5.3233,-2.0041
7816,0.046,1942.3779,-0.1713,-1.6214,0.0162
7817,-0.123,1761.4521,-0.4102,-2.0721,-0.2298
7818,-0.03,2311.61,0.3161,-0.819,0.4541
7819,-0.478,1199.32,-1.1523,-3.844,-1.1968
7820,0.0,2389.28,0.4187,-0.6666,0.5372
7821,-0.264,1269.61,-0.6646,-1.5081,-0.3592
7822,0.02,494.403,-1.5794,-4.3859,-1.7708
7823,0.078,811.261,-1.2055,-2.8752,-1.0298
7824,-0.232,2434.44,0.71,0.4798,0.6158
7825,-0.012,656.871,-1.3877,-3.5193,-1.3457
7826,0.002,2248.37,-0.7264,-1.2829,-0.6039
7827,-0.012,3258.76,0.7645,0.0554,0.7625
7828,-0.001,1725.13,-1.4985,-2.2379,-1.5791
7829,-0.012,2655.94,-0.125,-0.6822,0.0094
7830,-0.015,2452.57,-0.4251,-0.9694,-0.2839
7831,0.0,2176.09,-0.833,-1.4007,-0.7242
7832,0.001,2670.43,-0.1036,-0.6626,0.0294
7833,0.065,1264.17,-0.8434,-2.88165,-0.7472
7834,-0.018,3569.36,0.7325,2.3143200000000004,0.7391
7835,0.232,1983.8314,-0.8962,-0.2166,-0.8965
7836,0.015,3195.3281,0.5982,1.3019,0.4995
7837,-0.021,2874.5712,0.2025,0.9649,0.1896
7838,0.025,3429.6728,0.8873,1.5274,0.7067
7839,0.056,2980.3009,0.333,1.0799,0.2954
7840,-0.001,3238.5755,0.6515,1.3447,0.5388
7841,0.0,2445.9956,-0.3261,0.4505,-0.2832
7842,-0.183,1965.2687,-0.9191,-0.2465,-0.924
7843,0.535,2531.3942,-0.2208,0.5599,-0.1827
7844,0.04839999999999999,3772.1569,1.3097,1.8306,0.9855
7845,0.609,3232.4431,0.644,1.3387,0.5333
7846,0.143,2171.6609,-0.6645,0.0716,-0.6316
7847,0.016,3858.6104,1.4164,1.9028,1.0519
7848,0.027600000000000003,2992.94,0.8785,1.02085,0.7989
7849,0.0984,2295.94,0.1337,-0.5876899999999999,0.3825
7850,0.15,2638.64,0.4999,0.5554,0.601
7851,-0.031,311.779,-1.9863,-8.40691,-2.7504
7852,0.0,2021.62,-0.1594,-0.82725,0.1827
7853,-0.052,2559.16,0.415,-0.10212000000000003,0.553
7854,-0.04669999999999999,1912.76,-0.2757,-1.21852,0.0957
7855,-0.0372,1055.74,-1.1914,-3.42758,-0.8374
7856,0.145,2474.99,0.325,0.0010700000000000043,0.5005
7857,-0.154,2016.88,-0.1645,-0.82081,0.179
7858,0.004,1366.68,-0.8592,-2.37933,-0.4321
7859,0.047,2294.43,0.1321,-0.67362,0.3815
7860,0.112,2721.55,0.5885,0.27823999999999993,0.6496
7861,0.227,500.886,-1.7843,-5.40916,-2.0074
7862,0.007,2787.84,0.6593,0.4518299999999999,0.6874
7863,-0.12,3366.66,1.2778,0.79872,0.9838
7864,0.768,2829.13,0.7034,0.26691,0.7105
7865,-0.134,1433.48,-0.7878,-2.29488,-0.3572
7866,0.005,4385.27,2.3661,2.02101,1.399
7867,-0.011,3592.48,1.5191,1.45518,1.0857
7868,-0.011,2991.31,0.8767,0.5956100000000001,0.7981
7869,0.024,2064.22,-0.1139,-1.17775,0.2154
7870,-0.346,2359.89,0.202,-0.8027999999999998,0.4257
7871,-0.081,1205.01,-1.0319,-3.14511,-0.6298
7872,-0.041,1832.68,-0.3613,-1.02198,0.0286
7873,0.092,3506.06,1.4267,1.22064,1.0475
7874,-0.025,2565.35,0.4216,-0.16840000000000002,0.5568
7875,-0.174,1518.86,-0.6966,-1.7695899999999998,-0.2664
7876,0.502,2045.23,-0.1342,-1.41168,0.2009
7877,-0.142,2347.55,0.1889,-0.5125500000000001,0.4174
7878,-0.625,2894.34,0.7731,0.35448,0.7463
7879,0.54,1761.24,-0.4376,-2.1995899999999997,-0.0339
7880,-0.021,2745.94,0.6145,0.06612999999999997,0.6636
7881,0.0172,2737.32,0.6053,-0.37733000000000005,0.6587
7882,0.15,2314.89,0.154,-0.5481100000000001,0.3954
7883,-0.198,902.12,-1.3556,-5.151689999999999,-1.0843
7884,-0.13,2894.23,0.773,0.35448,0.7463
7885,-0.105,3139.5,1.0351,0.4191200000000001,0.874
7886,-0.08,3514.42,1.4356,1.49695,1.0512
7887,0.134,1988.25,-0.1951,-1.09619,0.1565
7888,-0.071,3924.37,1.8737,2.117,1.2246
7889,0.126,1143.76,-1.0974,-3.41642,-0.7117
7890,0.629,5414.51,3.4659,3.5611800000000002,1.7302
7891,-0.212,2993.39,0.8789,1.10244,0.7992
7892,0.011,2597.6,0.456,0.17617,0.5764
7893,-0.12,497.241,-1.7882,-5.07363,-2.0188
7894,0.014,1910.6,-0.278,-1.2062099999999998,0.094
7895,-0.005,3028.73,0.9167,0.48147,0.8176
7896,-0.155,2548.84,0.4039,-0.17786000000000002,0.5466
7897,-0.213,2268.6,0.1045,-0.45729,0.3637
7898,-0.02,1840.11,-0.3533,-1.1397400000000002,0.0349
7899,0.109,2247.74,0.0822,-0.29873000000000005,0.3492
7900,-0.133,1551.52,-0.3319,-0.8959,-0.0589
7901,-0.067,2027.12,0.2294,-0.0794,0.3415
7902,0.037,1337.85,-1.1564,-2.80572,-1.2633
7903,0.284,2792.6,0.6128,0.7235099999999999,0.6405
7904,-0.117,2530.93,0.2946,0.11692,0.3859
7905,-0.023,1668.05,-0.7548,-1.7426400000000002,-0.6927
7906,-0.118,2489.51,0.2442,-0.6013200000000001,0.3432
7907,0.0,1887.14,-0.4884,-0.96858,-0.3734
7908,0.528,7570.48,6.4233,5.404999999999999,3.2212
7909,-0.068,2481.66,0.2347,-0.60191,0.3351
7910,0.0,3159.82,1.0594,0.55103,0.9602
7911,-0.072,2722.25,0.5272,-0.016639999999999988,0.5745
7912,-0.004,2108.65,-0.219,-1.26413,-0.0863
7913,0.025,2489.86,0.2446,-0.60132,0.3436
7914,0.002,2582.8,0.3577,0.18081000000000005,0.4384
7915,-0.086,2328.5,0.0484,-0.58293,0.1703
7916,-0.065,1959.76,-0.4,-1.6622,-0.2758
7917,-0.069,1616.26,0.3839,0.4559,0.3182
7918,-0.033,939.887,-0.9439,-1.7333,-0.9053
7919,0.81,1763.48,0.6729,0.808,0.515
7920,-0.16,2377.57,1.8784,2.015,1.1895
7921,-0.081,1298.03,-0.2409,-0.4297,-0.1767
7922,-0.002,1368.67,-0.1022,-0.2157,-0.0571
7923,0.0,1675.94,0.501,0.6023,0.4
7924,0.016,662.992,-1.4875,-3.1421,-1.6926
7925,0.13,1424.07,0.0066,-0.0554,0.0324
7926,-0.054,154.125,-2.4865,-9.0188,-4.9769
7927,0.196,1558.22,0.2699,0.3082,0.2356
7928,0.102,3456.78,1.3741,0.8542,1.0253
7929,-0.049,2342.21,0.1832,-0.55427,0.4139
7930,-0.168,438.399,-1.8511,-6.29923,-2.2163
7931,0.147,1690.54,-0.5132,-1.4358,-0.0982
7932,0.23259999999999997,5108.6,3.139,3.6890799999999997,1.6388
7933,0.0,2524.64,0.3781,0.05199000000000002,0.5317
7934,3.19,9498.53,7.2164,5.86351,3.2806
7935,-0.083,3540.24,1.3158,1.2552299999999998,1.1576
7936,-0.032,2970.52,0.7516,0.55269,0.7802
7937,-0.072,2187.38,-0.024,-0.82819,0.1221
7938,-0.541,1640.5,-0.5656,-1.9161000000000001,-0.4966
7939,-0.225,684.247,-1.5126,-4.83604,-2.3761
7940,-0.091,3466.89,1.2431,0.7898200000000001,1.1126
7941,0.035,3264.51,1.0427,1.47382,0.9832
7942,-0.002,4063.32,1.9517,0.8511,1.575
7943,0.005,3426.58,1.0122,0.2365,0.9474
7944,-0.002,1838.0,-1.3319,-2.0095,-1.3458
7945,0.0,3793.31,1.5533,0.6032,1.3218
7946,0.248,3184.07,0.6543,-0.0282,0.6772
7947,0.001,4060.35,1.9474,0.8485,1.5723
7948,0.0163,3298.36,0.823,0.099,0.807
7949,-0.006,2757.48,0.0249,-0.5469,0.1475
7950,0.001,2749.41,0.0129,-0.5575,0.1368
7951,-0.006,3360.47,0.9146,0.1663,0.8757
7952,0.0,3065.74,0.4797,-0.1648,0.5377
7953,0.001,2929.74,0.279,-0.3284,0.3707
7954,0.001,2996.82,0.378,-0.2467,0.454
7955,0.002,2635.77,-0.1547,-0.7097,-0.0187
7956,-0.066,2892.17,0.2236,-0.3749,0.3231
7957,0.024,4072.02,1.9646,0.8589,1.5829
7958,0.0,2726.09,-0.0215,-0.5882,0.1054
7959,-0.001,2904.98,0.2425,-0.359,0.3394
7960,0.019,2391.93,-0.5146,-1.0597,-0.3761
7961,-0.004,2871.36,0.1929,-0.401,0.2965
7962,0.0,2918.18,0.262,-0.3426,0.3561
7963,-0.03,1864.75,-1.2925,-1.9574,-1.2926
7964,0.004,2341.89,-0.5884,-1.1359,-0.4539
7965,-0.003,2064.0,-0.9984,-1.5913,-0.9189
7966,-0.007,2914.47,0.2565,-0.3472,0.3514
7967,-0.016,2302.65033,-0.13134,-0.7119700000000001,-0.08199999999999999
7968,-0.042,2594.8598100000004,0.4251600000000001,-0.34931000000000006,0.29192
7969,0.014,2709.6353,0.25619999999999993,-0.64618,0.26947
7970,-0.034,2078.96912,-0.5581200000000001,-1.00751,-0.7374499999999999
7971,-0.009,2177.40195,-0.24098999999999995,-1.7229799999999997,-0.32251
7972,-0.15,2101.4552799999997,0.17315999999999995,-1.1006899999999997,0.05166999999999997
7973,0.0,2484.5456000000004,0.21022,-0.8912100000000001,0.06565000000000003
7974,-0.007900000000000008,2456.62,0.7362,0.5075,0.6294
7975,0.042,2575.22,0.8762,0.6515,0.7
7976,0.025,2192.87,0.425,0.1606,0.4593
7977,0.018,2319.6,0.5745,0.3322,0.5434
7978,-0.206,4116.44,2.695,2.0842,1.4027
7979,0.031,1854.84,0.026,-0.3506,0.2085
7980,-0.025,2067.03,0.2764,-0.0198,0.3707
7981,-0.194,1981.09,0.175,-0.1495,0.3071
7982,-0.068,1940.06,0.1266,-0.2134,0.2758
7983,0.066,3345.47,1.7852,1.4507,1.092
7984,-0.433,1891.04,0.0688,-0.2916,0.2374
7985,-0.019,773.162,-1.2505,-3.022,-1.1018
7986,-0.025,336.9,-1.7653,-5.555,-2.3442
7987,-0.159,2657.83,0.9737,0.748,0.7473
7988,0.096,983.664,-0.858,-1.5495,-0.8026
7989,0.04,1320.9,-0.196,-0.3592,-0.1373
7990,0.343,2138.4,1.4089,1.5867,0.9502
7991,0.008,987.179,-0.8511,-1.5351,-0.7945
7992,0.08,1948.0582600000002,-0.39062,-1.6891000000000003,-0.51293
7993,0.032,846.674,-1.1269,-2.155,-1.1409
7994,-0.077,1467.22,0.0913,0.0651,0.0998
7995,0.023,860.566,-1.0997,-2.0893,-1.1042
7996,-0.06,1842.04,0.8271,0.9841,0.6134
7997,-0.013,1352.19,-0.1345,-0.2646,-0.0845
7998,0.104,749.618,-1.3175,-2.6464,-1.4156
7999,0.046,1493.89,0.1436,0.1379,0.1405
8000,0.844,2901.34,2.9066,2.8194,1.6391
8001,0.006,1359.35,-0.1205,-0.2433,-0.0725
8002,-0.031200000000000006,2303.16,1.7323,1.8866,1.1178
8003,0.117,1389.67,-0.061,-0.1542,-0.0228
8004,0.033,1568.32,0.2898,0.3343,0.2502
8005,1.12,2818.54,2.7441,2.7024,1.5737
8006,-0.3,852.702,-1.1151,-2.1263,-1.1249
8007,0.045,1788.81,0.7226,0.8656,0.5472
8008,0.039,643.851,-1.5251,-3.2603,-1.7587
8009,-0.003,875.0,-1.0713,-2.0221,-1.0667
8010,-0.068,1716.64,0.5809,0.6993,0.4542
8011,0.019,818.035,-1.1831,-2.2939,-1.2186
8012,1.07,1113.62,-0.6029,-1.0485,-0.5226
8013,-0.059,2234.82,1.5982,1.7649,1.0497
8014,0.522,1801.39,0.7473,0.8939,0.563
8015,0.206,2380.8,1.8848,2.0205,1.1926
8016,-0.138,1811.72,0.7676,0.917,0.5759
8017,0.176,834.298,-1.1512,-2.2144,-1.1742
8018,-0.376,1737.7,0.6223,0.7485,0.4817
8019,0.438,2221.65,1.5723,1.741,1.0364
8020,0.074,1522.8,-0.9486,-2.1892,-1.1386
8021,0.081,4301.24,1.9336,4.137,1.4549
8022,-0.139,1845.71,-0.6137,-1.0178,-0.6583
8023,0.059,2747.36,0.3217,1.4056,0.3352
8024,-0.03,1614.14,-0.8539,-1.8344,-0.9931
8025,0.12,1666.52,-0.7996,-1.6399,-0.9134
8026,0.007,1874.37,-0.5839,-0.9239,-0.6198
8027,0.41,5313.95,2.9841,5.4254,1.9831
8028,0.005,1375.55,-1.1014,-2.8086,-1.3925
8029,0.122,2492.61,0.0574,0.8127,0.0921
8030,0.106,2212.25,-0.2334,0.0858,-0.2059
8031,-0.013,1710.08,-0.7544,-1.4827,-0.8489
8032,0.176,2693.07,0.2653,1.284,0.2853
8033,-0.117,2344.47,-0.0963,0.4394,-0.0609
8034,-0.088,3547.24,1.1514,2.9626,0.9735
8035,0.068,1961.61,-0.4934,-0.6468,-0.5062
8036,0.002,1778.66,-0.6832,-1.2432,-0.7507
8037,-0.103,1701.66,-0.7631,-1.5128,-0.8612
8038,0.047,1964.09,-0.4909,-0.6391,-0.5031
8039,0.013,1300.3,-1.1794,-3.1513,-1.533
8040,-0.001,1697.55,-0.7674,-1.5275,-0.8673
8041,0.026,2556.14,0.1233,0.9661,0.155
8042,0.06,2528.56,0.0947,0.9,0.1279
8043,0.044,1935.32,-0.5207,-0.729,-0.5399
8044,0.051,1805.12,-0.8985,-1.1532,-0.7138
8045,-0.008,1104.54,-1.6173,-6.7514,-2.0454
8046,-0.016,2033.58,-0.5839,-2.7067,-0.4239
8047,-0.081,895.112,-1.8502,-8.1441,-2.6037
8048,-0.207,1512.01,-1.164,-4.6708,-1.2113
8049,0.0,2541.62,1.6295,0.9824,1.3212
8050,0.243,1443.7,-0.1827,-3.2479,0.0642
8051,-0.016,2498.51,1.5584,0.8544,1.2832
8052,-0.11,1840.45,0.4722,-1.4321,0.6037
8053,0.207,576.794,-1.6135,-10.1061,-1.9737
8054,-0.023,964.39,-0.9738,-6.2647,-0.8323
8055,-0.101,2301.73,1.2336,0.2408,1.1008
8056,-0.18,3486.92,3.1898,3.348,2.0241
8057,-0.086,2623.04,1.7639,1.2183,1.3913
8058,0.129,1395.5,-0.2622,-3.5019,-0.0113
8059,0.225,1180.24,-0.6175,-4.7546,-0.3836
8060,0.0,1244.13,-0.5121,-4.3604,-0.2664
8061,-0.192,2077.81,0.864,-0.5248,0.8734
8062,0.053,2140.94,0.9682,-0.3009,0.9399
8063,-0.012,1539.01,-0.4766,-1.42252,-0.2697
8064,-0.018,706.835,-1.5872,-4.9833099999999995,-2.1578
8065,0.003,770.207,-1.5027,-5.57828,-1.9495
8066,-0.045,996.931,-1.2001,-4.05359,-1.3235
8067,0.721,1714.78,-0.242,-1.8220499999999997,-0.0072
8068,0.049,1719.2,-0.2361,-1.50734,-0.0009
8069,0.099,950.09,-1.2626,-3.8246100000000007,-1.4403
8070,-0.018,2258.14,-0.2547,-0.8788,-0.1453
8071,-0.065,2293.68,-0.2056,-0.7928,-0.092
8072,-0.018,2011.26,-0.5957,-1.5163,-0.5399
8073,0.008,1902.62,-0.7457,-1.822,-0.7292
8074,-0.061,1557.04,-1.223,-2.9255,-1.4123
8075,-0.011,2006.26,-0.6026,-1.53,-0.5484
8076,-0.031,2290.28,-0.2103,-0.801,-0.0971
8077,0.03,1473.84,-1.3379,-3.2278,-1.5994
8078,0.001,1580.9821,-1.19,-2.8415,-1.3603
8079,-0.022,2123.6,-0.4405,-1.217,-0.3546
8080,-0.018,2259.29,-0.2531,-0.876,-0.1435
8081,-0.003,1835.43,-0.8385,-2.02,-0.8517
8082,-0.023,2051.19,-0.5405,-1.408,-0.4729
8083,0.012,2382.95,-0.0823,-0.5826,0.0381
8084,-0.037,2171.53,-0.3743,-1.0941,-0.2786
8085,-0.013,4758.14,3.1982,3.2256,2.3955
8086,-0.007,4116.14,2.3115,2.4273,1.9013
8087,-0.026,2638.02,0.27,-0.0226,0.3847
8088,0.01,2251.14,-0.2644,-0.8959,-0.1559
8089,0.041,1982.07,-0.636,-1.5968,-0.5897
8090,0.007,1979.98,-0.6389,-1.6026,-0.5933
8091,0.018,1828.61,-0.8479,-2.0405,-0.8644
8092,0.004,2585.93,0.198,-0.1324,0.3167
8093,0.013,2170.25,-0.3761,-1.0974,-0.2806
8094,-0.006,2283.18,-0.2201,-0.8181,-0.1077
8095,-0.039,2276.24,-0.2297,-0.8348,-0.1181
8096,-0.011,2101.36,-0.4712,-1.275,-0.3905
8097,-0.042,1783.2523,-0.9106,-2.1787,-0.95
8098,-0.038,2951.03,0.7023,0.5948,0.7669
8099,0.005,2311.75,-0.1807,-0.7496,-0.0653
8100,-0.015,3698.4,1.7345,1.838,1.5365
8101,-0.017,1774.43,-0.9228,-2.206,-0.9669
8102,0.003,1685.22,-1.046,-2.49,-1.1427
8103,0.173,1835.29,-0.8387,-2.0204,-0.8519
8104,-0.007,2348.34,-0.1301,-0.6631,-0.0118
8105,0.023,2055.38,-0.5347,-1.3968,-0.4659
8106,-0.007,1504.65,-1.2954,-3.114,-1.5289
8107,-0.029,2690.5,0.3425,0.0858,0.4519
8108,-0.003,2251.84,-0.2634,-0.8942,-0.1548
8109,0.0,2080.26,-0.5004,-1.3306,-0.4249
8110,-0.017,2078.9,-0.5023,-1.3342,-0.4272
8111,-0.049,1414.43,-1.42,-3.4543,-1.7396
8112,-0.019,2492.65,0.0692,-0.3347,0.1915
8113,-0.068,3391.38,1.8393,1.4924,1.1124
8114,0.117,3983.62,2.5382,1.984,1.3536
8115,0.061,1598.33,-0.2767,-0.8051,-0.0144
8116,0.017,2773.38,1.11,0.8779,0.8111
8117,-0.001,2521.09,0.8123,0.5866,0.6682
8118,-0.027,3736.38,2.2465,1.7883,1.2576
8119,0.0,2388.17,0.6554,0.4212,0.5871
8120,0.0,1603.0,-0.2712,-0.7962,-0.0101
8121,3.66,1944.04,0.1313,-0.2072,0.2788
8122,-0.18,282.791,-1.8292,-6.0882,-2.6057
8123,-0.084,1074.04,-0.8954,-2.0188,-0.6097
8124,0.158,3065.48,1.4547,1.1838,0.9611
8125,-0.02,2434.61,0.7102,0.48,0.6159
8126,0.05,2429.18,0.7038,0.4732,0.6126
8127,0.613,2420.43,0.6935,0.4622,0.6072
8128,-0.628,147.653,-1.9886,-8.0638,-3.5747
8129,0.006,1492.67,-0.4014,-1.0139,-0.1169
8130,-0.008,3206.88,0.688,-0.0024,0.7035
8131,-0.12229999999999999,1958.24,-0.2271,-1.04185,0.1327
8132,0.02,1509.29,-0.7068,-2.44084,-0.2763
8133,0.007,2799.62,0.6719,0.44297000000000003,0.6941
8134,-0.167,2061.02,-0.1173,-1.02405,0.213
8135,0.274,3094.2,0.9866,0.70846,0.8512
8136,-0.016599999999999997,2066.64,-0.1113,-1.5665100000000003,0.2173
8137,0.044,1713.59,-0.6994,-2.3466699999999996,-0.623
8138,-0.097,2724.56,0.1124,-0.7091,0.2346
8139,0.304,2316.25,-0.3331,-1.2976,-0.1774
8140,-0.021,1256.26,-0.3229,-0.5618,-0.2506
8141,0.04,2239.59,1.6075,1.7735,1.0546
8142,-0.098,1608.33,0.3683,0.436,0.3071
8143,-0.009,2171.1,-0.4309,-2.273,-0.2501
8144,0.153,1842.33,0.4753,-1.4244,0.606
8145,-0.049,2032.81,0.7897,-0.6885,0.8247
8146,0.0,3528.76,3.2589,3.4372,2.0507
8147,-0.078,1391.54,-0.2687,-3.5231,-0.0176
8148,0.088,248.353,-2.1557,-16.3947,-3.8424
8149,0.066,1207.77,-0.5721,-4.5822,-0.3323
8150,0.196,767.368,-1.299,-7.9729,-1.3399
8151,0.048,1701.91,0.2435,-2.0174,0.4298
8152,0.079,1187.02,-0.6063,-4.7118,-0.3708
8153,-0.002,1964.0,0.6761,-0.9461,0.7481
8154,-0.042,1872.74,-0.8171,-2.068,-0.7167
8155,-0.025,1790.45,-0.9069,-2.2309,-0.8308
8156,-0.02,2569.72,-0.0566,-0.9212,0.0861
8157,0.041,1809.33,-0.8863,-2.1929,-0.8041
8158,0.0,1848.73,-0.8433,-2.1148,-0.7495
8159,0.006,2128.51,-0.538,-1.604,-0.3919
8160,-0.136,3984.62,1.4874,0.669,1.1993
8161,-0.021,2877.37,0.2791,-0.5112,0.3731
8162,-0.011,1847.29,-0.8449,-2.1176,-0.7515
8163,-0.056,2968.65,0.3787,-0.398,0.4523
8164,-0.003,2987.7,0.3995,-0.3748,0.4686
8165,0.026,2634.79,0.0144,-0.8305,0.1496
8166,0.002,2365.16,-0.2798,-1.2219,-0.1244
8167,0.021,2325.94,-0.3226,-1.2825,-0.1668
8168,-0.009,2327.56,-0.3208,-1.2799,-0.1651
8169,0.001,1772.88,-0.9261,-2.2666,-0.8558
8170,-0.162,1184.49,-1.5681,-3.7281,-1.8789
8171,0.034,1553.23,-1.1657,-2.746,-1.1914
8172,-0.025,1754.25,-0.9464,-2.3049,-0.8826
8173,0.066,2430.84,-0.2081,-1.1226,-0.0549
8174,0.001,1672.53,-1.0356,-2.4778,-1.0036
8175,-0.734,1930.42,-0.2568,-1.06434,0.1102
8176,0.0020999999999999977,2116.61,-0.0579,-0.7149300000000001,0.2548
8177,-0.754,1857.35,-0.3349,-0.61837,0.0496
8178,-0.074,1551.52,-0.6617,-1.72167,-0.233
8179,-0.075,3378.45,1.2904,0.77613,0.9893
8180,0.0,1623.68,-0.5846,-1.76463,-0.1616
8181,0.133,2111.99,-0.0628,-0.8294499999999999,0.2514
8182,0.005171583271097834,2431.304384172376,0.08362741535100784,-0.5253435138629509,9.929500543630022e-09
8183,0.033,2237.78,0.0716,-0.78885,0.3422
8184,0.012499999999999995,1568.39,-0.6437,-1.9075400000000002,-0.216
8185,-0.295,1610.58,-0.5986,-2.16815,-0.1743
8186,-0.594,1626.16,-0.5819,-1.0919699999999999,-0.1592
8187,-0.004,2777.58,0.6483,0.18755999999999998,0.6816
8188,0.034600000000000006,1360.71,-0.8656,-2.6868299999999996,-0.439
8189,-0.091,922.161,-1.3342,-3.44921,-1.0498
8190,-0.002,2440.16,0.2878,-0.16128000000000003,0.4782
8191,-0.058,2507.17,0.3594,0.06888999999999998,0.5208
8192,-0.101,805.113,-1.4592,-3.7057399999999996,-1.2628
8193,-0.626,395.511,-1.8969,-7.94435,-2.3777
8194,0.013,2222.18,0.0549,-0.53658,0.3312
8195,-0.001,1040.7,-1.1416,-3.3163899999999997,-1.2193
8196,-0.026,1061.83,-1.1134,-3.4825199999999996,-1.1705
8197,-0.05,2182.13,0.3818,-0.20610999999999996,0.5779
8198,0.013,2215.33,0.4261,-0.8391399999999999,0.6146
8199,0.023,1167.07,-0.973,-3.64881,-0.9411
8200,0.014,2429.28,0.7116,0.15982000000000002,0.8384
8201,-0.078,2272.97,0.503,-0.48893,0.677
8202,0.037,2841.58,1.2619,0.25683999999999996,1.2191
8203,0.062,2668.5,1.0309,-0.19361,1.0665
8204,0.012,2956.71,1.4155,1.04394,1.3155
8205,-0.044,2596.87,0.9353,0.17545,1.0004
8206,0.072,3307.98,1.8844,1.07715,1.5881
8207,-0.18,905.061,-1.3227,-4.9323,-1.5581
8208,0.065,3712.41,2.4241,2.03315,1.8682
8209,0.467,2113.71,0.2904,-0.5891599999999999,0.5006
8210,0.014,2189.26,0.3913,-0.8834099999999999,0.5859
8211,-0.175,1916.72,0.0991,-0.2504,0.2576
8212,0.011,1689.61,-0.1689,-0.6355,0.0687
8213,-1.29,134.174,-2.0045,-8.3543,-3.7172
8214,-0.054,1101.28,-0.8632,-1.9423,-0.5722
8215,-0.019,1030.22,-0.9471,-2.1459,-0.6721
8216,0.023,2018.24,0.2189,-0.0928,0.3349
8217,0.0,1026.75,-0.9512,-2.1562,-0.6771
8218,-0.33,846.154,-1.1643,-2.7467,-0.9667
8219,0.0,1300.81,-0.6278,-1.434,-0.3229
8220,-0.364,1158.13,-0.7962,-1.7887,-0.4969
8221,-0.029,1738.54,-0.1112,-0.5483,0.1115
8222,0.079,2284.31,0.5329,0.2854,0.5204
8223,0.042,2484.21,0.7688,0.5416,0.6461
8224,-0.155,2388.49,0.6558,0.4216,0.5873
8225,0.117,3002.74,1.3807,1.1206,0.9301
8226,0.077,2912.64,1.2744,1.0276,0.8845
8227,0.058,2209.55,0.4446,0.1838,0.4706
8228,0.32,3159.19,1.5653,1.2758,1.0062
8229,-0.174,3494.69,1.9613,1.584,1.1574
8230,-0.112,539.212,-1.5266,-4.1213,-1.641
8231,-0.03,1550.56,-0.333,-0.8978,-0.0599
8232,-0.256,2218.7,0.4554,0.1964,0.4768
8233,-0.055,1690.36,-0.1681,-0.6342,0.0694
8234,0.014,2356.0,-0.5676,-1.1143,-0.4318
8235,0.003,3326.2,0.8641,0.1293,0.838
8236,0.0,2835.94,0.1406,-0.4457,0.2508
8237,0.001,3103.59,0.5356,-0.1205,0.5829
8238,0.0,2063.24,-0.9996,-1.5927,-0.9203
8239,0.001,2918.97,0.2631,-0.3417,0.3571
8240,0.004,2171.29,0.3995,0.1304,0.4444
8241,-0.075,474.236,-1.6032,-4.5129,-1.833
8242,0.077,850.505,-1.6128,-5.4278,-2.0611
8243,-0.197,2472.73,1.0545,-0.24448000000000003,0.9816
8244,0.008,1858.14,-0.0836,-0.85426,0.0116
8245,0.053,1800.45,-0.5664,-0.4593,-0.5303
8246,0.015,2108.81,-0.2026,0.1405,-0.1591
8247,-0.019,1953.16,-0.3862,-0.1504,-0.3392
8248,-0.031,1722.41,-0.6584,-0.6274,-0.6343
8249,0.288,2721.32768,0.41913,-0.5531099999999999,0.40996
8250,0.018,960.67,-1.5572,-2.842,-2.0048
8251,-0.037,1685.88,-0.4026,-1.70213,-0.3187
8252,-0.037,2560.98,0.1636,-0.1858,0.2837
8253,0.011,1771.59,-0.9267,-2.2149,-0.9723
8254,-0.019,2573.8956,0.1814,-0.1581,0.3008
8255,-0.169,1985.15,-0.2243,-0.9171700000000002,-0.0866
8256,-0.466,3088.46,0.8684,0.5138,0.864
8257,-0.182,3717.91,1.4917,1.8837100000000002,1.2629
8258,0.24,6244.97,3.9943,3.910499999999999,2.3785
8259,-0.24,3673.14,1.4474,1.4588300000000003,1.2369
8260,-0.008,2227.71,-0.2967,-0.9535,-0.1915
8261,-0.035,2565.38,0.1696,-0.1764,0.2895
8262,-0.061,2781.18,0.4677,0.2684,0.5649
8263,0.01,2648.88,0.285,0.0,0.3987
8264,-0.091,2174.46,-0.3703,-1.0867,-0.274
8265,-0.016,2678.06,0.3253,0.0603,0.4361
8266,-0.022,2568.72,0.1743,-0.1692,0.294
8267,0.075,2884.11,0.6099,0.4685,0.6887
8268,-0.043,3900.32,2.0134,2.1307,1.7177
8269,-0.07,4248.22,2.4939,2.6013,2.009
8270,-0.145,2649.57,0.2859,0.0014,0.3996
8271,-0.063,2948.83,0.6993,0.5907,0.7644
8272,-0.037,2867.13,0.5864,0.436,0.6686
8273,-0.056,3431.5,1.3659,1.4255,1.2812
8274,-0.013,2755.27,0.4319,0.2168,0.533
8275,-0.093,2974.75,0.7351,0.6389,0.7942
8276,-0.044,2235.59,-0.2858,-0.9341,-0.1795
8277,-0.034,2422.22,-0.0281,-0.4926,0.0938
8278,0.004,2316.72,-0.1738,-0.7378,-0.058
8279,-0.036,2086.3,-0.492,-1.3146,-0.415
8280,-0.04,2764.9,0.4452,0.236,0.5449
8281,-0.02,2693.14,0.3461,0.0912,0.4552
8282,-0.025,2447.11,0.0063,-0.4363,0.1287
8283,-0.019,3182.97,1.0226,1.0114,1.0249
8284,-0.064,2940.07,0.6872,0.5743,0.7543
8285,-0.005,1905.45,-0.7418,-1.8138,-0.7241
8286,-0.041,1532.25,-1.2573,-3.0139,-1.467
8287,-0.008,2307.69,-0.1863,-0.7593,-0.0713
8288,-0.01,2541.25,0.1363,-0.2284,0.2573
8289,-0.04,3044.74,0.8317,0.7669,0.8735
8290,-0.014,2153.1,-0.3998,-1.1411,-0.3076
8291,-0.041,2947.57,0.6975,0.5883,0.7629
8292,0.0,3091.13,0.8958,0.8502,0.9251
8293,-0.049,2990.44,0.7567,0.6679,0.8122
8294,0.025,2117.44,-0.449,-1.233,-0.3645
8295,-0.104,3164.15,0.9966,0.9788,1.0046
8296,-0.002,1880.82,-0.7758,-1.8855,-0.7684
8297,-0.001,2323.14,-0.1649,-0.7225,-0.0485
8298,0.007,2262.59,-0.2486,-0.868,-0.1386
8299,-0.004,2090.5,-0.4862,-1.3035,-0.4082
8300,-0.028,2384.5,-0.0802,-0.579,0.0403
8301,-0.014,2513.57,0.0981,-0.2887,0.22
8302,0.019,2221.06,-0.3059,-0.97,-0.2017
8303,-0.006,2541.57,0.1368,-0.2277,0.2578
8304,-0.156,3088.38,0.892,0.8453,0.922
8305,-0.387,2268.19,-0.2408,-0.8543,-0.1301
8306,-0.013,3466.38,1.4141,1.4812,1.3156
8307,-0.084,3164.18,0.9967,0.9788,1.0047
8308,0.004,2970.632,0.7294,0.6313,0.7895
8309,-0.073,2645.979,0.281,-0.006,0.395
8310,-0.012,2381.2225,-0.0847,-0.5866,0.0356
8311,-0.005,1973.8516,-0.6473,-1.6196,-0.6039
8312,-0.005,2211.0337,-0.3198,-0.9949,-0.2171
8313,0.013,1800.0049,-0.8875,-2.1273,-0.9181
8314,-0.02,1807.137,-0.8776,-2.1055,-0.9046
8315,-0.036,3134.5932,0.9558,0.9271,0.9727
8316,-0.013,2683.83,0.3332,0.0722,0.4434
8317,0.005,2557.42,0.1587,-0.1935,0.279
8318,-0.146,2288.96,-0.2121,-0.8042,-0.0991
8319,-0.015,2468.73,0.0362,-0.3878,0.1586
8320,-0.002,2591.82,0.2062,-0.1199,0.3245
8321,-0.488,1370.37,-1.4809,-3.6285,-1.8475
8322,-0.071,2457.39,0.0205,-0.4132,0.143
8323,0.039,2309.87,0.0347,0.486,0.0547
8324,-0.029,2945.03,0.784,1.4078,0.6252
8325,0.05,2662.79,0.451,1.0255,0.3886
8326,0.036,2176.41,-0.1228,0.2602,-0.085
8327,0.106,1688.18,-0.6988,-0.7036,-0.6815
8328,0.488,3505.47,1.4453,2.0689,1.0343
8329,0.0,1942.71,-0.3985,-0.1708,-0.3518
8330,0.055,1912.63,-0.434,-0.23,-0.3884
8331,0.102,1866.71,-0.4882,-0.3222,-0.4455
8332,0.693,3608.45,1.5668,2.1788,1.1023
8333,0.002,393.996,-2.2257,-6.2197,-4.0951
8334,-0.084,1776.31,-0.5948,-0.5105,-0.562
8335,0.063,3907.69,1.9198,2.4811,1.2894
8336,0.063,3184.83,1.067,1.7049,0.809
8337,0.14,518.909,-2.0784,-5.1766,-3.4496
8338,0.118,2003.41,0.7412,-0.7975,0.7923
8339,0.139,1934.41,0.6273,-1.0597,0.7144
8340,-0.192,523.426,-1.7016,-10.8313,-2.1892
8341,0.111,1058.55,-0.8184,-5.5682,-0.6253
8342,0.046,1559.62,0.0087,-2.6704,0.2358
8343,0.255,963.17,-0.9758,-6.2742,-0.8351
8344,0.133,1389.89,-0.2715,-3.532,-0.0202
8345,-0.042,1098.27,-0.7528,-5.2928,-0.5435
8346,0.122,1183.19,-0.6126,-4.736,-0.378
8347,0.031,2436.0886,-0.3383,0.4376,-0.2951
8348,-0.463,2191.1336,-0.6405,0.1,-0.6054
8349,0.232,2372.6756,-0.4165,0.3536,-0.3723
8350,0.02,2073.7802,-0.7852,-0.0753,-0.7666
8351,0.061,347.9732,-2.914,-5.7563,-5.9893
8352,-0.039,1900.09,-0.4726,-0.86513,-0.3558
8353,0.051,2319.28141,-0.006769999999999998,-1.4088600000000002,-0.3471399999999999
8354,-0.051,2876.87,0.5999,0.4546,0.6802
8355,0.0,1690.2,-1.0391,-2.4738,-1.1326
8356,-0.023,2334.04,-0.1499,-0.6968,-0.0326
8357,-0.115,3197.79,1.0431,1.037,1.0407
8358,-0.017,3549.0841,1.0346,1.6364,0.807
8359,0.059,2502.51,0.2619,0.79,0.2428
8360,-0.06,2357.78,0.084,-0.5188900000000001,0.2026
8361,0.092,1695.41,-0.7215,-1.9118400000000002,-0.6506
8362,0.05,1703.58,-0.7116,-0.89822,-0.6382
8363,-0.037,1613.82,-0.8207,-1.95206,-0.7782
8364,-0.235,3093.25,0.5147,-0.249,0.5567
8365,0.003,2233.81,-0.4231,-1.429,-0.2694
8366,0.089,1617.4,0.3861,0.4587,0.3198
8367,0.361,2116.42,1.3657,1.545,0.9268
8368,-0.767,2461.77,0.7423,0.5139,0.6325
8369,0.321,2631.54,0.9426,0.7176,0.7324
8370,0.586,3424.27,1.8782,1.5219,1.1269
8371,0.057,2531.01,0.824,0.5986,0.6741
8372,0.005171583271097834,2431.304384172376,0.08362741535100784,-0.5253435138629509,9.929500543630022e-09
8373,-0.062,2311.17,0.15,-0.20834000000000003,0.3929
8374,0.005171583271097834,2431.304384172376,0.08362741535100784,-0.5253435138629509,9.929500543630022e-09
8375,0.0,2328.65,0.1687,-0.27052000000000004,0.4047
8376,-0.549,1861.01,-0.3472,-1.7692800000000002,-0.2254
8377,0.0,2181.49,-0.0298,-0.43104,0.1163
8378,-0.108,4683.89,2.4484,2.56556,1.7597
8379,-0.027,3017.53,0.0854,0.6186200000000001,0.2049
8380,-0.099,4119.97,1.3781,2.1786399999999997,1.1955
8381,-0.17,5152.58,2.589,3.7593699999999997,1.9069
8382,-0.034,2936.97,-0.009,0.22237,0.1189
8383,-0.171,3769.41,0.9671,1.46064,0.9126
8384,-0.021,4082.34,1.334,1.9215199999999997,1.1663
8385,0.05,4941.48,2.3414,3.3034100000000004,1.7739
8386,0.0,2276.13,-0.7839,-0.8586199999999999,-0.6919
8387,-0.052,2192.44,-0.8821,-0.59365,-0.811
8388,0.398,2411.3,-0.6254,-0.46905,-0.5084
8389,-0.427,2525.92,-0.491,0.025970000000000028,-0.3607
8390,0.019,3079.32,0.1579,1.02166,0.2694
8391,0.032,3497.16,0.6478,0.9282199999999998,0.6741
8392,-0.089,3604.62,0.7738,1.6366699999999998,0.7704
8393,-0.023,3326.1,0.4473,0.9216199999999999,0.5146
8394,0.042,4183.28,1.4524,2.4114600000000004,1.244
8395,0.014,3406.37,0.5414,0.88996,0.5905
8396,0.003,4424.03,1.7347,2.8268700000000004,1.422
8397,-0.005,3141.41,0.2307,0.49707999999999986,0.3329
8398,0.001,3149.6,0.2403,0.47099,0.3412
8399,-0.019,1839.39,-1.2961,-1.7566499999999998,-1.3694
8400,0.085,4368.19,1.6692,2.7253700000000003,1.3816
8401,-0.034,2498.14,-0.5236,-0.24817999999999998,-0.3959
8402,-0.692,3256.17,0.3653,0.39651,0.447
8403,-0.015,2115.15,-0.9727,-0.74659,-0.9252
8404,-0.041,3198.61,0.2978,1.13089,0.3903
8405,0.233,3989.49,1.2251,1.50216,1.0931
8406,0.014,3117.44,0.2026,0.7685500000000001,0.3085
8407,-0.027,4542.62,1.8737,2.18078,1.5061
8408,-0.116,4322.97,1.6162,1.9821300000000002,1.3485
8409,-0.016,3271.87,0.3837,1.1771600000000002,0.4623
8410,0.013,3508.2,0.6608,1.4910800000000002,0.6842
8411,-0.063,3594.7,0.7622,1.35107,0.7616
8412,0.001,4128.24,1.3878,1.5093899999999998,1.2019
8413,-0.038,2121.58,-0.9652,-0.72432,-0.9155
8414,0.038,2491.78,-0.5311,-0.09673000000000001,-0.404
8415,-0.019,3370.38,0.4992,1.12131,0.5567
8416,-0.051,4059.59,1.3073,1.4624300000000001,1.1485
8417,-0.309,1704.49,-1.4542,-1.5181099999999998,-1.6116
8418,0.144,3652.77,0.8303,1.2493500000000002,0.8126
8419,-0.129,3017.46,0.0853,0.76597,0.2049
8420,0.002,2562.85,-0.4477,0.26539999999999997,-0.3145
8421,-0.223,3343.61,0.4678,0.8423,0.5313
8422,0.002,3799.65,1.0025,1.96711,0.938
8423,-0.026,2047.69,-1.0518,-0.9513399999999999,-1.0282
8424,-0.041,2992.04,0.0555,0.58579,0.1779
8425,0.006,3732.02,0.9232,1.2577099999999999,0.8809
8426,0.239,3833.81,1.0426,1.85717,0.9665
8427,-0.031,1980.47,-1.1306,-1.0044099999999998,-1.1344
8428,0.168,2547.76,-0.4654,-0.15070999999999998,-0.3333
8429,0.0,3678.43,0.8604,1.03323,0.8349
8430,0.004,4023.78,1.2653,1.7884499999999999,1.1203
8431,-0.007,3482.26,0.6304,1.1689,0.6606
8432,-0.021,2179.29,-0.8975,-0.6790499999999999,-0.8301
8433,-0.053,3416.75,0.5535,1.07585,0.6002
8434,-0.026,3179.45,0.2753,0.71813,0.3712
8435,-0.037,2542.77,-0.4713,-0.23263000000000006,-0.3395
8436,-0.001,1668.78,-1.4961,-2.1728099999999997,-1.6789
8437,-0.025,1858.45,-1.2737,-1.5201200000000001,-1.3366
8438,-0.002,1945.86,-1.1712,-1.12642,-1.1905
8439,-0.025,2773.82,-0.2003,0.29629999999999995,-0.0629
8440,0.116,2764.75,-0.211,0.21203,-0.0733
8441,-0.028,2270.94,-0.79,-0.57336,-0.6991
8442,0.009,1080.55,-2.1859,-3.87881,-3.0608
8443,-0.066,3288.12,0.4027,1.18512,0.4781
8444,0.237,3054.83,0.1292,0.6411800000000001,0.244
8445,-0.022,1626.08,-1.5462,-2.0568599999999995,-1.7614
8446,-0.013,1709.76,-1.4481,-1.9708100000000002,-1.6018
8447,0.003,1022.02,-2.2545,-3.3024700000000005,-3.2378
8448,0.111,3400.94,0.535,1.00894,0.5854
8449,-0.052,3633.47,0.8077,1.2123000000000002,0.7958
8450,-0.149,2334.85,-0.7151,-0.48249,-0.6109
8451,0.013,1461.9,-1.7387,-2.14431,-2.0998
8452,0.006,3377.82,0.5079,0.77613,0.5637
8453,-0.036,3164.92,0.2583,1.02,0.3566
8454,-0.042,2826.22,-0.1389,0.39349999999999996,-0.0034
8455,0.007,3188.47,0.2859,0.82779,0.3802
8456,-0.019,1383.36,-1.8308,-2.74761,-2.2754
8457,0.081,3597.87,0.7659,1.30458,0.7645
8458,-0.008600000000000002,1364.98,-1.8523,-2.9837499999999997,-2.3179
8459,0.153,2474.09,-0.5518,-0.25250999999999996,-0.4266
8460,0.218,4464.18,1.7818,2.67723,1.4507
8461,0.0,1022.74,-2.2537,-2.93236,-3.2356
8462,-0.017,1772.8,-1.3741,-1.95242,-1.4867
8463,0.035,2425.35,-0.609,-0.5892299999999999,-0.4899
8464,0.013,1796.77,-1.346,-1.3702000000000003,-1.444
8465,-0.091,3841.3,1.0514,1.41348,0.9727
8466,-0.093,3259.73,0.3694,0.38618,0.4505
8467,-0.022,3319.27,0.4392,1.30956,0.5081
8468,-0.015,3132.94,0.2208,0.67502,0.3243
8469,-0.036,2655.76,-0.3388,0.23959000000000003,-0.2013
8470,-0.043,3479.0,0.6265,1.0887,0.6576
8471,0.035,2662.18,-0.3313,0.24492000000000003,-0.1936
8472,-0.083,2074.61,-1.0202,-0.78124,-0.9867
8473,-0.11,2996.89,0.0612,0.34065000000000006,0.1831
8474,-0.0443,1426.34,-1.7804,-2.1893599999999998,-2.1781
8475,-0.091,2832.59,-0.1314,0.39433999999999997,0.0038
8476,-0.06,1411.66,-1.7976,-3.35655,-2.211
8477,-0.003,2010.79,-1.0951,-0.80854,-1.0861
8478,0.113,2217.22,-0.853,-0.5888199999999999,-0.7753
8479,-0.078,1083.23,-2.1827,-3.63889,-3.0529
8480,-0.064,4132.13,1.3924,1.79131,1.2049
8481,0.242,1375.7,-1.8398,-2.99193,-2.293
8482,-0.027,1838.5668,-1.0754,-0.4588,-1.1192
8483,-0.38,2373.7407,-0.4152,0.355,-0.371
8484,0.117,2167.6071,-0.6695,0.0656,-0.6371
8485,-0.077,2583.25378,0.18879999999999994,1.0268099999999998,0.17611
8486,-0.042,3079.9085,0.4558,1.1847,0.3917
8487,0.063,3951.8167,1.5313,1.9789,1.1218
8488,0.173,5964.6214,4.0141,3.2905,2.3277
8489,-0.003,2883.3613,0.2134,0.9746,0.1986
8490,0.04,1933.2726,-0.9585,-0.2988,-0.9721
8491,0.123,2708.8721,-0.0018,0.7757,0.0157
8492,0.004,1880.8421,-1.0232,-0.3864,-1.0526
8493,0.172,4957.004,2.7712,2.7009,1.7856
8494,-0.003,3523.7169,1.0033,1.6136,0.786
8495,0.151,2566.441,-0.1775,0.6037,-0.1424
8496,0.017,2025.7137,-0.8445,-0.15,-0.8353
8497,0.406,3884.3189,1.4481,1.924,1.0714
8498,0.255,4042.1689,1.6428,2.0509,1.188
8499,-0.077,2841.4582,0.1617,0.928,0.1557
8500,0.003,3743.3666,1.2742,1.8062,0.9631
8501,0.001,2011.329,-0.8623,-0.1727,-0.8562
8502,0.008,2657.6825,-0.065,0.7149,-0.0401
8503,0.076,2854.9226,0.1783,0.943,0.1695
8504,0.108,2682.1915,-0.0347,0.7442,-0.0132
8505,0.0,3767.9686,1.3046,1.8271,0.9823
8506,0.052,3235.8764,0.6482,1.3421,0.5364
8507,0.011,3627.006,1.1307,1.7056,0.8706
8508,-0.002,3436.0845,0.8952,1.5333,0.7122
8509,-0.086,2839.5864,0.1594,0.9259,0.1538
8510,0.068,3061.501,0.4331,1.1656,0.3741
8511,0.076,3423.5818,0.8798,1.5217,0.7015
8512,0.447,4448.4176,2.1439,2.356,1.4685
8513,0.0,2723.1431,0.0158,0.7925,0.0311
8514,0.024,3261.8745,0.6803,1.3675,0.5598
8515,-0.004,2889.2041,0.2206,0.981,0.2045
8516,-0.313,2079.4163,-0.7783,-0.0667,-0.7587
8517,-0.023,1786.25,-0.2167,-1.34029,-0.1224
8518,-0.008,1706.07,-0.3652,-1.30457,-0.2782
8519,0.018,1553.44,-0.6479,-2.17842,-0.5963
8520,-0.095,1614.56,-0.5347,-1.9515699999999998,-0.4654
8521,-0.052,856.439,-1.9386,-4.41604,-2.6169
8522,-0.183,977.528,-1.7143,-4.578720000000001,-2.1682
8523,-0.018,1290.49,-1.1348,-2.64157,-1.2257
8524,-0.086,1616.6,-0.5309,-1.2406000000000001,-0.4611
8525,-0.022,3391.61,0.5241,1.4868700000000001,0.5767
8526,-0.038,2770.38,-0.2044,0.24005,-0.0669
8527,-0.023,1978.43,-1.133,-1.4696900000000002,-1.1377
8528,0.025,4124.43,1.3834,1.6815199999999997,1.1989
8529,-0.198,4384.23,1.688,2.02101,1.3932
8530,-0.152,3192.75,0.2909,0.7108099999999999,0.3845
8531,-0.02,2606.29,-0.3968,0.06912999999999996,-0.2611
8532,0.004,3580.56,0.7456,1.3583200000000002,0.7491
8533,0.118,3668.27,0.8485,1.6149200000000001,0.8261
8534,0.262,3304.8,0.4223,1.19145,0.4942
8535,-0.062,3547.31,0.7066,1.4573,0.7194
8536,-0.048,2591.75,-0.4138,0.41383000000000003,-0.2789
8537,-0.029,2475.33,-0.5504,-0.16058999999999998,-0.425
8538,-0.009,3551.61,0.7117,1.33918,0.7233
8539,0.019,4003.89,1.242,2.78003,1.1046
8540,-0.047,1879.25,-0.0445,-1.41947,0.0499
8541,0.121,2970.55,1.9764,0.6141300000000001,1.6043
8542,-0.062,2785.39,1.6335,0.84056,1.3858
8543,0.0,2501.61,1.108,0.09441,1.021
8544,-0.015,3637.26,3.211,1.04652,2.2918
8545,0.005,2298.87,0.7326,-0.46636,0.7341
8546,0.0,2505.24,1.1147,0.06593999999999998,1.0259
8547,-0.097,1746.47,-0.2904,-1.3268400000000002,-0.1988
8548,-0.002,2473.27,1.0555,-0.3781,0.9823
8549,0.121,1414.31,-0.9055,-2.61056,-0.9148
8550,0.009,2447.06,1.007,-0.17520999999999998,0.9462
8551,-0.015,2586.79,1.2657,0.13634,1.1347
8552,0.041,2306.17,0.7461,-0.6761000000000001,0.7449
8553,-0.014,2430.9,0.9771,0.03190999999999998,0.9237
8554,0.001,2125.14,0.4108,-1.3087,0.4673
8555,-0.002,2451.02,1.0143,-0.17325,0.9517
8556,0.058,2667.83,1.4158,0.15329000000000004,1.2394
8557,0.227,3115.91,2.2456,1.08135,1.7665
8558,0.004,2062.63,0.2951,-0.9000299999999999,0.366
8559,-0.012,1896.61,-0.0124,-1.2681,0.0811
8560,0.004,1593.79,-0.5731,-1.5405600000000002,-0.5093
8561,-0.047,1386.33,-0.9573,-2.9864300000000004,-0.9826
8562,-0.011,1980.32,0.1427,-0.9597499999999999,0.2278
8563,-0.377,1717.94,-0.3432,-1.1814200000000001,-0.2547
8564,-0.074,1412.15,-0.9095,-2.93838,-0.92
8565,0.001,1683.67,-0.4067,-1.80607,-0.3231
8566,-0.016,1641.6,-0.4846,-1.80989,-0.409
8567,-0.012,1494.72,-0.7566,-2.23907,-0.7271
8568,-0.107,2243.11,0.6293,-0.68025,0.6507
8569,0.62,2090.56,0.3468,-1.06383,0.4117
8570,0.098,1018.4,-0.8846,-5.8573,-0.7112
8571,0.026,1116.02,-0.7235,-5.173,-0.5079
8572,0.004,1576.23,0.0361,-2.5911,0.2593
8573,0.067,1256.53,-0.4916,-4.2863,-0.2444
8574,0.056,583.175,-1.603,-10.0239,-1.9493
8575,0.042,989.455,-0.9324,-6.0729,-0.7753
8576,0.062,1594.39,0.0661,-2.5055,0.2848
8577,-0.06,2684.05,1.4458,0.4978300000000001,1.26
8578,0.004,2505.2,1.1146,0.06593999999999998,1.0259
8579,0.002,3002.54,2.0356,0.61801,1.6407
8580,-0.018,2881.34,1.8112,0.6922299999999999,1.5008
8581,-0.022,2899.25,1.8444,0.78278,1.5219
8582,0.001,2331.52,0.793,-0.16533000000000003,0.782
8583,0.194,4264.78,4.3731,2.5248299999999997,2.8322
8584,-0.039,1787.7,-0.214,-1.2286899999999998,-0.1196
8585,0.0,3463.87,2.8899,0.91353,2.126
8586,-0.079,1864.59,-0.0717,-1.29963,0.0233
8587,-0.007,2474.41,1.0576,-0.16229999999999997,0.9839
8588,0.006,1731.77,-0.3176,-1.87713,-0.2275
8589,0.007,2438.71,0.9915,0.22331999999999996,0.9346
8590,0.001,2453.52,1.0189,-0.27911,0.9551
8591,0.04,2401.05,0.9218,-0.34147999999999995,0.8817
8592,-0.005,3528.37,3.0094,1.37792,2.1886
8593,-0.004,3207.1,2.4144,1.16421,1.8645
8594,-0.042,2588.36,1.2686,0.40193,1.1368
8595,0.003,1848.12,-0.1022,-1.3189399999999998,-0.0068
8596,-0.097,1682.34,-0.4091,-1.35462,-0.3258
8597,-0.009,1713.56,-0.3513,-2.47979,-0.2634
8598,-0.075,1945.92,0.079,-0.51509,0.1683
8599,0.003,1720.4,-0.3387,-1.24234,-0.2499
8600,-0.107,1949.51,0.0856,-1.52446,0.1745
8601,0.281,2633.5,1.3522,0.16292,1.1955
8602,0.294,3465.65,2.8932,0.80023,2.1277
8603,0.002,1811.82,-0.1694,-1.31321,-0.0741
8604,0.003,2094.62,0.3543,-0.81538,0.4182
8605,-0.12,2059.58,0.2894,-0.78169,0.361
8606,-0.038,1392.99,-0.945,-3.0563499999999997,-0.9664
8607,0.004,2279.17,0.6961,-1.12307,0.7049
8608,-0.013,1307.4,-1.1035,-3.3149300000000004,-1.1816
8609,-0.012,1830.03,-0.1357,-1.0599,-0.0402
8610,0.002,1461.05,-0.8189,-1.9580099999999998,-0.8045
8611,0.005,1861.24,-0.0779,-1.85291,0.0172
8612,-0.048,1902.43,-0.0016,-1.2305,0.0915
8613,-0.001,1509.73,-0.7288,-2.1603000000000003,-0.6932
8614,0.008,2069.21,0.3073,-1.1127299999999998,0.3768
8615,0.003,4057.774,0.3174,2.1343,0.2457
8616,-0.419,2070.85,-0.1394,-0.9776800000000001,0.0043
8617,-0.205,1981.48,-0.2279,-0.6460299999999999,-0.0905
8618,0.156,3928.96,1.7007,2.2228,1.3817
8619,-0.185,3554.03,1.3294,1.7217899999999997,1.166
8620,-0.089,3699.15,1.4732,1.4311900000000002,1.252
8621,-0.571,3123.51,0.9031,1.02627,0.8882
8622,-0.528,1012.55,-1.1874,-4.725759999999999,-1.5339
8623,-0.143,3502.27,1.2782,1.2498,1.1344
8624,-0.032,7375.3541,2.911,5.3041,1.9038
8625,0.388,4358.5411,0.5525,2.5136,0.4441
8626,0.055,4004.7954,0.276,2.0646,0.2093
8627,0.441,7200.6374,2.7744,5.1769,1.8373
8628,-0.042,3597.8125,-0.0422,1.4961,-0.0881
8629,0.013,3134.6141,-0.4043,0.765,-0.4705
8630,0.006,4126.4817,0.3711,2.2233,0.2923
8631,-0.245,4027.4946,0.2937,2.0945,0.2249
8632,0.003,3691.5462,0.0311,1.6325,-0.0167
8633,0.285,4173.5968,0.408,2.2836,0.3238
8634,0.389,3898.3728,0.1928,1.9217,0.1345
8635,-0.036,3131.8323,-0.4065,0.7603,-0.473
8636,0.129,3921.7028,0.211,1.9533,0.1511
8637,0.566,6331.8315,2.0952,4.4948,1.4805
8638,0.333,3837.5968,0.1453,1.8383,0.0909
8639,0.004,2523.5038,-0.882,-0.3852,-1.0722
8640,0.293,3687.9578,0.0283,1.6274,-0.0194
8641,-0.057,3448.5147,-0.1589,1.2713,-0.2057
8642,-0.02,3738.1339,0.0675,1.699,0.0181
8643,0.0217,500.625,-1.7846,-5.40916,-2.0082
8644,-0.422,4624.49,1.9697,2.33327,1.563
8645,-0.074,3165.68,0.2591,0.8605500000000001,0.3574
8646,0.011,2618.14,-0.1808,-0.7339,-0.0434
8647,0.0,3562.18,1.2123,0.3765,1.0903
8648,0.001,2083.97,-0.969,-1.5566,-0.8835
8649,-0.004,2778.52,0.0559,-0.5195,0.1755
8650,0.002,2606.05,-0.1986,-0.7505,-0.0604
8651,-0.002,2450.34,-0.4284,-0.9727,-0.2872
8652,-0.001,2063.36,-0.9994,-1.5925,-0.9201
8653,0.002,2186.46,-0.8177,-1.3835,-0.7067
8654,-0.151,2673.2049,-0.0458,0.7335,-0.0231
8655,0.52,3245.2043,0.6597,1.3512,0.5448
8656,-0.089,2237.0801,-0.5838,0.1661,-0.5447
8657,1.86,8260.675,6.8463,4.3282,3.2816
8658,-0.028,2688.7789,-0.0266,0.752,-0.0061
8659,-0.003,1901.1628,-0.9981,-0.3522,-1.0211
8660,0.02,2601.7566,-0.134,0.6472,-0.1024
8661,-0.02,1922.0213,-0.9724,-0.3174,-0.9892
8662,-0.056,3144.2833,0.5352,1.2506,0.4523
8663,0.118,2865.8604,0.58717,-1.45846,0.32193000000000005
8664,-0.097,3114.1383,0.4981,1.2199,0.4241
8665,0.062,2228.8484,-0.5939,0.1544,-0.5555
8666,0.001,2226.4596,-0.5969,0.151,-0.5586
8667,0.056,3170.6433,0.5678,1.2772,0.4767
8668,0.0,2926.4743,0.2666,1.0219,0.242
8669,-0.013,3138.8954,0.5286,1.2451,0.4473
8670,-0.036,5113.4269,2.9642,2.7999,1.8766
8671,-0.067,3096.072,0.4758,1.2013,0.407
8672,0.044,1997.18,-0.3343,-0.0659,-0.2868
8673,0.067,1746.15,-0.6304,-0.5755,-0.6022
8674,0.0,1952.9,-0.3865,-0.1509,-0.3395
8675,-0.01,2080.0,-0.2365,0.0883,-0.1914
8676,-0.459,1083.49,-1.4122,-2.3857,-1.7225
8677,0.024,2845.39,0.6665,1.2772,0.5443
8678,-0.063,2514.7,0.2763,0.8084,0.2542
8679,-0.297,2048.98,-0.2731,0.0313,-0.2267
8680,0.379,3401.8690800000004,0.8524400000000002,0.5693300000000001,0.6476600000000001
8681,0.068,2194.89987,-0.002080000000000015,-1.03657,-0.24309999999999996
8682,-0.002,1682.11,-0.706,-0.7173,-0.6899
8683,0.145,3159.07,1.0366,1.6741,0.7899
8684,0.49,1197.61,-1.2776,-2.0059,-1.4874
8685,0.0,4850.73,3.1157,2.6019400000000004,2.0693
8686,0.637,6282.61,4.8571,3.9105000000000003,2.7386
8687,-0.466,2207.37,-0.0989,-0.6254799999999999,0.032
8688,0.04,1932.86,-0.4328,-1.15514,-0.3115
8689,-0.025,2957.85,0.8138,0.52562,0.7892
8690,-0.065,1838.69,-0.5473,-1.5375199999999998,-0.4407
8691,0.037,1916.23,-0.453,-0.7491399999999999,-0.3339
8692,-0.154,1881.63,-0.4951,-1.30639,-0.381
8693,0.138,2595.39,0.373,0.16874,0.451
8694,0.426,3558.67,1.334,1.77385,1.1688
8695,-0.247,1834.52,-0.3734,-1.50964,-0.2562
8696,-0.081,1770.03,-0.4373,-1.51099,-0.3332
8697,-0.624,1317.32,-0.8856,-2.7489800000000004,-0.9683
8698,-0.176,3222.51,1.0011,0.58327,0.9553
8699,-0.033,1685.91,-0.5206,-1.70213,-0.4379
8700,-0.446,1723.32,-0.4835,-0.75234,-0.3907
8701,0.081,1711.91,0.26,-1.9736,0.4428
8702,0.089,2171.79,1.0191,-0.1939,0.9717
8703,0.071,529.56,-1.6915,-10.7443,-2.1634
8704,0.072,941.671,-1.0113,-6.4429,-0.8852
8705,0.158,2961.54,0.8598,1.2413,0.6407
8706,-0.071,4016.14,2.9354,3.8039,1.9163
8707,0.076,2234.19,0.0319,-0.1241,0.0389
8708,-0.087,1565.57,-1.0576,-2.5056,-1.0993
8709,0.067,1578.01,-1.0373,-2.4526,-1.074
8710,-0.032,1798.79,-0.6776,-1.5757,-0.6549
8711,0.016,2929.52,0.6726,0.5545,0.742
8712,0.022,2781.58,0.4683,0.2692,0.5654
8713,0.005,2463.6184,0.0291,-0.3993,0.1516
8714,-0.005,2374.9617,-0.0933,-0.6011,0.0267
8715,-0.013,2295.0085,-0.2038,-0.7896,-0.0901
8716,-0.107,2636.4187,0.2678,-0.026,0.3827
8717,-0.006,1937.1315,-0.6981,-1.723,-0.6679
8718,-0.005,2022.2774,-0.5805,-1.4862,-0.5213
8719,0.0,2241.9162,-0.2771,-0.9185,-0.1698
8720,-0.039,2148.4383,-0.4062,-1.153,-0.315
8721,0.013,1855.61,-0.8107,-1.9598,-0.8144
8722,-0.001,2264.43,-0.246,-0.8635,-0.1358
8723,0.0,2318.64,-0.1711,-0.7332,-0.0551
8724,0.015,6172.3106,5.1514,4.6587,3.2827
8725,-0.092,2886.73,0.6135,0.4735,0.6918
8726,-0.083,1861.79,-0.8021,-1.9414,-0.8031
8727,0.005,2040.68,-0.555,-1.4363,-0.4904
8728,-0.003,2086.89,-0.4912,-1.313,-0.4141
8729,-0.018,1808.29,-0.876,-2.102,-0.9025
8730,-0.024,1791.71,-0.8989,-2.1527,-0.9339
8731,0.008,1650.61,-1.0938,-2.6043,-1.2134
8732,0.005,2897.79,0.6288,0.4945,0.7049
8733,0.003,1519.43,-1.275,-3.0601,-1.4956
8734,0.07,1581.42,0.0447,-2.5666,0.2666
8735,-0.121,1921.62,0.6062,-1.1093,0.6997
8736,-1.29,237.301,-2.1739,-16.734,-3.9432
8737,0.0,3497.03,1.1161,0.3099,1.0224
8738,-0.011,3117.5,0.5561,-0.1044,0.5994
8739,0.007,4446.78,2.5176,1.1764,1.9071
8740,0.005,2987.21,0.3638,-0.2583,0.4422
8741,-0.002,2817.05,0.1128,-0.4698,0.2262
8742,0.001,2513.1,-0.3358,-0.8815,-0.1941
8743,0.021,2089.83,-0.9603,-1.5465,-0.8731
8744,0.005,2243.46,-0.7336,-1.2907,-0.612
8745,0.001,2512.01,-0.3374,-0.8831,-0.1957
8746,-0.016499999999999997,2385.29,-0.5243,-1.0697,-0.3863
8747,0.002,2485.5,-0.3765,-0.9213,-0.2348
8748,-0.005,2474.87,-0.3922,-0.9368,-0.2506
8749,0.001,2267.69,-0.6979,-1.252,-0.5724
8750,0.003,2345.27,-0.1344,-0.6703,-0.0162
8751,-0.007,1792.02,-0.8985,-2.1517,-0.9333
8752,-0.014500000000000002,2358.62,-0.1159,-0.6391,0.0031
8753,0.013,1699.14,-1.0268,-2.4447,-1.1146
8754,-0.045,1887.94,-0.766,-1.8647,-0.7556
8755,-0.104,3043.16,0.8295,0.7641,0.8717
8756,-0.244,1968.71,-0.6544,-1.634,-0.6128
8757,-0.02,1812.29,-0.8705,-2.0898,-0.8949
8758,-0.057,1953.69,-0.6752,-1.6762,-0.6389
8759,0.015,1472.26,-1.2541,-2.94,-1.3272
8760,-0.12,1317.44,-1.423,-3.3427,-1.6091
8761,0.053,1080.69,-1.309,-4.324,-1.4587
8762,-0.194,2851.38,0.6336,0.73022,0.6922
8763,0.062,1498.0,-0.7067,-2.68356,-0.692
8764,0.438,3761.52,1.5349,1.28336,1.288
8765,-0.007,1706.91,-0.7075,-1.3293300000000001,-0.6331
8766,0.0,2214.7,-0.09,-0.81479,0.0406
8767,-0.042,3943.3,2.0122,1.80702,1.5333
8768,0.093,1530.67,-0.9219,-1.9148600000000002,-0.915
8769,-0.097,1547.83,-0.901,-1.63063,-0.8862
8770,-0.293,1444.02,-1.0272,-2.2626199999999996,-1.0657
8771,-0.028,1534.5,-0.9172,-2.37787,-0.9085
8772,-0.1,792.549,-1.8195,-3.80008,-2.6171
8773,0.0,3458.85,1.423,0.8897200000000002,1.1941
8774,-0.126,1338.38,-1.1557,-2.99828,-1.2622
8775,0.156,2921.84,0.77,0.28991,0.7575
8776,-0.121,2248.58,-0.0488,-0.40734000000000004,0.0799
8777,0.073,2525.94,0.2885,0.02290000000000002,0.3808
8778,0.106,1771.2758,-1.4701,-2.2624,-2.0541
8779,0.5,5617.2976,1.5366,3.8595,1.1482
8780,-0.053,1663.4881,-1.5544,-2.5953,-2.2282
8781,0.009,3166.6619,-0.3792,0.819,-0.4423
8782,-0.001,2185.7665,-1.1461,-1.1473,-1.4708
8783,0.021,1732.1442,-1.5007,-2.3809,-2.1161
8784,-0.274,3052.1938,-0.4687,0.6237,-0.5444
8785,-0.01,3866.5525,0.1679,1.8782,0.1118
8786,0.01,3292.7123,-0.2807,1.026,-0.334
8787,0.528,3751.3708,0.0779,1.7178,0.0279
8788,0.057,3791.5779,0.1093,1.7743,0.0575
8789,0.0,4139.8014,0.3815,2.2404,0.3013
8790,0.034,2147.7104,-1.1758,-1.2404,-1.5195
8791,-0.156,2839.82,0.6221,0.3496,0.6834
8792,-0.01,1450.18,-0.754,-2.59152,-0.7617
8793,-0.64,1525.47,-0.6795,-2.3792799999999996,-0.6529
8794,-0.155,4679.29,2.4438,2.5516199999999998,1.7576
8795,0.033,2180.09,-0.0312,-0.58916,0.1149
8796,0.0,1987.54,-0.2219,-1.06867,-0.084
8797,-0.621,937.402,-1.2619,-3.5182,-1.6997
8798,0.072,1607.59,-0.2657,-0.7875,-0.0058
8799,0.034,1915.31,0.0974,-0.2526,0.2565
8800,-0.565,1184.68,-0.7648,-1.7195,-0.4629
8801,-0.051,1776.87,-0.066,-0.4817,0.1442
8802,0.001,2267.39,0.5129,0.2627,0.5093
8803,-0.463,2402.83,0.6727,0.4399,0.5962
8804,0.07,2507.39,0.7961,0.57,0.66
8805,0.0,2800.71,1.1423,0.9079,0.8258
8806,-0.238,1739.94,-0.1096,-0.5459,0.1127
8807,0.093,2060.98,0.2693,-0.0288,0.3663
8808,0.038,2002.88,0.2007,-0.1161,0.3235
8809,0.023,1923.12,0.1066,-0.2402,0.2626
8810,-0.117,1721.99,-0.1307,-0.5775,0.0972
8811,-0.216,1714.13,-0.4727,-2.1977,-0.2983
8812,-0.032,1188.73,-0.4554,-0.7849,-0.3753
8813,-0.082,2047.5,1.2304,1.4112,0.8521
8814,0.633,1547.34,0.2486,0.2799,0.2198
8815,0.035,1661.93,0.4735,0.5684,0.3811
8816,-0.028,2394.3986,-0.03505000000000001,-0.26258000000000004,-0.22638999999999992
8817,0.009,3081.377,0.4576,1.1862,0.3931
8818,0.021,3428.5043,0.8858,1.5263,0.7057
8819,-0.401,2369.3457,-0.4206,0.3491,-0.3764
8820,-0.434,2846.4427,0.1679,0.9335,0.1608
8821,0.033,2300.43,-0.1963,-0.7766,-0.082
8822,0.005,2076.54,-0.5055,-1.3404,-0.431
8823,0.007,2679.46213,-0.10226000000000002,1.18398,0.002389999999999992
8824,0.009,2008.08,-0.6001,-1.525,-0.5453
8825,-0.063,2720.79,0.3843,0.1475,0.49
8826,-0.051,1833.97,-0.8405,-2.0243,-0.8544
8827,-0.078,1237.57,-1.6643,-4.1896,-2.1948
8828,-0.048,1955.32,-0.6729,-1.6716,-0.636
8829,-0.084,2023.26,-0.5791,-1.4835,-0.5196
8830,-0.011,2143.89,-0.4125,-1.1647,-0.3222
8831,-0.012,1789.41,-0.9021,-2.1598,-0.9382
8832,-0.562,3044.35,0.8247,1.05416,0.833
8833,-0.068,4475.88,2.2424,2.46987,1.662
8834,-0.113,1449.28,-0.7549,-2.687,-0.7631
8835,0.023,2011.58,-0.1981,-0.6451800000000001,-0.0581
8836,0.013,2823.4023,-0.6476,0.2104,-0.7606
8837,0.009,3009.34,0.7828,0.7025,0.8336
8838,0.012,1818.76,-0.8616,-2.0702,-0.8828
8839,-0.007,2085.24,-0.4935,-1.3174,-0.4168
8840,0.041,2142.53,-0.4144,-1.1682,-0.3244
8841,0.09940000000000002,3758.79,1.8179,1.9272,1.5917
8842,-0.014,2706.06,0.364,0.1176,0.4715
8843,-0.093,1840.68,-0.8313,-2.0042,-0.842
8844,-0.183,2007.17,-0.6013,-1.5275,-0.5468
8845,-0.013,3626.55,1.6353,1.7299,1.4696
8846,0.001,2182.4842,-0.3592,-1.0664,-0.2614
8847,-0.088,2905.5405,0.6395,0.5093,0.714
8848,-0.049,1672.2,-1.064,-2.5327,-1.1691
8849,-0.099,2759.57,0.4379,0.2254,0.5383
8850,-0.086,3654.1347,1.6734,1.7717,1.4955
8851,0.14,3185.8651,1.0266,1.0165,1.028
8852,-0.033,3625.21,1.6334,1.7279,1.4684
8853,-0.079,983.904,-2.0146,-5.452,-2.9762
8854,-0.033,2201.37,-0.3331,-1.019,-0.2321
8855,0.005,1798.53,-0.8895,-2.1318,-0.9209
8856,-0.013,914.027,-2.1111,-5.8574,-3.2272
8857,-0.018,1171.41,-1.7556,-4.492,-2.382
8858,-0.004,1744.86,-0.9636,-2.2986,-1.0242
8859,-0.01,726.838,-2.3697,-7.1182,-4.0077
8860,-0.025,1966.0,-0.6582,-1.6416,-0.6175
8861,0.003,1341.59,-1.5206,-3.7454,-1.9198
8862,-0.037,2793.63,0.4849,0.293,0.5801
8863,-0.069,2061.37,-0.5265,-1.3808,-0.456
8864,0.051,1748.87,-0.9581,-2.2859,-1.0163
8865,-0.058,1930.39,-0.7074,-1.7422,-0.6798
8866,-0.051,2038.22,-0.5584,-1.443,-0.4945
8867,0.005,2151.81,-0.4016,-1.1444,-0.3097
8868,-0.008,2651.37,0.2884,0.0052,0.4019
8869,-0.04,1646.68,-1.0992,-2.6174,-1.2215
8870,-0.116,2722.13,0.3861,0.1502,0.4917
8871,0.04,1392.08,-1.4509,-3.542,-1.7939
8872,-0.046,2627.72,0.2558,-0.0442,0.3714
8873,-0.01,2166.6,-0.3811,-1.1066,-0.2863
8874,0.049,1751.78,-0.9541,-2.2768,-1.0107
8875,-0.076,2177.83,-0.3656,-1.0782,-0.2687
8876,-0.118,1578.03,-1.194,-2.8518,-1.3666
8877,-0.072,2815.27,0.5148,0.3355,0.6064
8878,-0.037,2237.05,-0.2838,-0.9305,-0.1773
8879,-0.071,2242.34,-0.2765,-0.9175,-0.1692
8880,0.003,2081.65,-0.4985,-1.3269,-0.4226
8881,-0.026,2590.33,0.2041,-0.1231,0.3225
8882,-0.345,2597.53,0.6346,0.3216,0.5639
8883,0.0,1173.87,-1.1149,-5.1929,-1.7927
8884,-0.363,3352.06,1.5618,2.0925,1.3207
8885,-0.05,1209.24,-1.0714,-4.9868,-1.7047
8886,-0.056,1792.45,-0.3548,-2.2544,-0.537
8887,-0.418,1648.39,-0.5318,-2.8361,-0.7856
8888,-0.292,2506.33,0.5225,0.0734,0.4578
8889,-0.395,2626.92,0.6707,0.3997,0.5973
8890,-0.338,1867.77,-0.2622,-1.9686,-0.4148
8891,-0.338,1992.12,-0.1094,-1.5211,-0.2236
8892,-0.101,3160.87,1.3268,1.6847,1.1464
8893,-0.312,2675.45,0.7303,0.5268,0.6516
8894,-0.295,2435.24,0.4351,-0.1264,0.3724
8895,-0.376,2640.82,0.6878,0.4364,0.6129
8896,-0.466,2637.71,0.6839,0.4282,0.6094
8897,-0.307,1485.43,-0.7321,-3.5588,-1.0944
8898,-0.244,2586.57,0.6211,0.2922,0.5513
8899,-0.321,2124.54,0.0533,-1.0742,-0.0326
8900,-0.003,3763.42,2.0673,2.8965,1.6643
8901,-0.299,2025.6,-0.0683,-1.4053,-0.1741
8902,-0.102,2500.53,0.5154,0.0573,0.4509
8903,-0.098,2328.74,0.3043,-0.437,0.2397
8904,-0.349,2624.42,0.6676,0.3931,0.5944
8905,0.536,1358.15,-0.8885,-4.1807,-1.3602
8906,-0.021,1788.25,-0.3599,-2.2707,-0.5439
8907,0.004,1546.6,-0.6569,-3.2786,-0.9747
8908,-0.355,2741.68,0.8117,0.6966,0.7242
8909,-0.003,1739.56,-0.4198,-2.4623,-0.6258
8910,-0.39,2925.49,1.0376,1.1473,0.9167
8911,-0.048,2139.42,0.0716,-1.0257,-0.0119
8912,-0.377,1850.15,-0.2839,-2.0344,-0.443
8913,0.011,2327.75,0.303,-0.4399,0.2385
8914,0.057,1711.61,-0.4541,-2.5748,-0.6739
8915,-0.341,2640.07,0.6868,0.4344,0.6121
8916,0.256,3576.28,1.8373,2.5422,1.5129
8917,-0.388,1451.07,-0.7743,-3.7213,-1.1638
8918,-0.118,1141.44,-1.1548,-5.3873,-1.8758
8919,0.457,3015.01,1.1476,1.3566,1.0062
8920,-0.332,2904.07,1.0113,1.0962,0.8949
8921,-0.12,2068.35,-0.0157,-1.2603,-0.1122
8922,0.5,1707.32,-0.4594,-2.5922,-0.6813
8923,0.0,1662.4,-0.5146,-2.7773,-0.7605
8924,-0.093,3920.85,2.2607,3.1811,1.7859
8925,-0.382,3282.07,1.4758,1.946,1.2581
8926,-0.327,1314.55,-0.942,-4.4072,-1.457
8927,-0.39,2878.17,0.9794,1.034,0.8683
8928,0.395,1094.43,-1.2125,-5.6792,-2.0006
8929,-0.025,2106.0,0.0305,-1.1351,-0.0586
8930,-0.408,3332.76,1.5381,2.0524,1.3036
8931,0.0,3325.64,1.5293,2.0376,1.2972
8932,0.0,2096.22,0.0185,-1.1674,-0.0724
8933,-0.308,2300.99,0.2702,-0.5202,0.2041
8934,-0.222,1129.39,-1.1696,-5.461,-1.9073
8935,-0.047,1490.64,-0.7256,-3.5345,-1.084
8936,-0.39,2942.05,1.0579,1.1865,0.9335
8937,-0.335,2065.15,-0.0197,-1.2711,-0.1167
8938,-0.333,1392.09,-0.8468,-4.0093,-1.2869
8939,0.0,1337.95,-0.9133,-4.2847,-1.4046
8940,0.446,3214.79,1.3931,1.8022,1.1966
8941,-0.396,3629.81,1.9031,2.6454,1.557
8942,0.396,2129.97,0.06,-1.0565,-0.025
8943,0.39,1692.25,-0.4779,-2.6538,-0.7077
8944,-0.346,1349.27,-0.8994,-4.2262,-1.3796
8945,-0.427,2564.25,0.5937,0.232,0.5256
8946,-0.405,2830.38,0.9207,0.9178,0.8187
8947,-0.601,1668.13,-0.5334,-2.3231,-0.3668
8948,-0.067,2147.13,0.099,-1.1593,0.2683
8949,0.15,1816.26,-0.3379,-1.9309,-0.1527
8950,-0.357,2318.07,0.3246,-0.8061,0.4611
8951,0.039,2040.43,-0.0419,-1.3943,0.1401
8952,-0.052,1532.86,-0.3539,-0.9328,-0.0771
8953,-0.195,769.788,-1.2544,-3.0353,-1.1083
8954,0.0,1635.45,-0.2329,-0.735,0.02
8955,-0.077,3167.86,1.5756,1.2841,1.0103
8956,0.002,1621.36,-0.2495,-0.7614,0.007
8957,0.0,1194.14,-0.7537,-1.6952,-0.451
8958,0.029,1261.69,-0.3122,-0.5444,-0.2408
8959,0.0,1219.11,-0.3958,-0.683,-0.3183
8960,-0.131,1120.5,-0.5894,-1.0236,-0.5087
8961,-0.044,693.595,-1.4274,-2.9599,-1.5908
8962,0.001,1350.41,-2.0514,-3.1207,-2.4805
8963,-0.006,1854.48,-1.3076,-1.9773,-1.313
8964,0.001,1755.36,-1.4539,-2.1753,-1.5152
8965,0.001,2179.29,-0.8283,-1.3954,-0.7188
8966,-0.001,2090.19,-0.9598,-1.5459,-0.8725
8967,-0.003,2460.44,-0.4135,-0.9579,-0.2721
8968,0.007,1978.25,-1.125,-1.7443,-1.0751
8969,0.001,2266.4,-0.6998,-1.2541,-0.5745
8970,0.008,2315.08,-0.6279,-1.1774,-0.4963
8971,0.022,3609.61,1.2823,0.4242,1.1391
8972,0.001,2334.96,-0.5986,-1.1466,-0.4648
8973,-0.007,2065.95,-0.9956,-1.5879,-0.9154
8974,-0.126,2553.59,-0.4586,0.12021000000000001,-0.326
8975,-0.004,3528.46,0.6845,1.37792,0.7025
8976,0.046,2075.54,-0.2418,0.0801,-0.1965
8977,0.255,2177.79,-0.1212,0.2626,-0.0836
8978,-0.085,1529.52,-0.886,-1.078,-0.9132
8979,0.011,1658.32,-0.7341,-0.7713,-0.7234
8980,0.128,917.293,-1.0515,-6.639,-0.9435
8981,0.247,976.085,-0.9545,-6.1746,-0.8055
8982,0.199,1069.43,-0.8004,-5.4918,-0.6026
8983,-0.079,2719.21,1.511,0.4836899999999999,1.3042
8984,-0.045,2587.15,0.2992,0.6114,0.2176
8985,0.062,2088.55,-0.4475,-0.3864,-0.4526
8986,0.005,1957.68,-0.4187,-1.0089,-0.384
8987,-0.002,1626.86,-0.9577,-2.2485,-0.9764
8988,0.008,2756.9903,-0.6995,0.0841,-0.8267
8989,0.11,2816.7425,-0.6528,0.1979,-0.7672
8990,0.029,4258.406,0.4743,2.3903,0.3796
8991,0.584,4432.3471,0.6102,2.6027,0.4907
8992,0.376,4531.4481,0.6877,2.72,0.5521
8993,-0.498,2535.1171,-0.8729,-0.3609,-1.0594
8994,0.178,4906.9209,0.9812,3.1423,0.773
8995,0.122,3530.4904,-0.0948,1.3959,-0.1405
8996,-0.101,2315.7983,-1.0444,-0.8408,-1.3105
8997,-0.011,5025.7634,1.0741,3.2692,0.8394
8998,0.151,2482.6763,-0.9139,-0.4717,-1.1174
8999,-0.17,3194.4801,-0.3575,0.8654,-0.418
9000,0.074,5936.8963,1.7864,4.1531,1.3017
9001,0.682,4803.2491,0.9002,3.029,0.7137
9002,-0.025,2527.4852,-0.8789,-0.3769,-1.0678
9003,-0.165,3244.046,-0.3187,0.947,-0.3753
9004,0.124,4991.4199,1.0473,3.2328,0.8204
9005,-0.225,3457.1704,-0.1521,1.2846,-0.1987
9006,0.0,2610.0504,-0.8144,-0.2064,-0.9786
9007,-0.023,3671.5668,0.0155,1.6037,-0.0318
9008,0.018,2885.564,-0.599,0.3259,-0.7002
9009,0.007,4015.8916,0.2847,2.0792,0.2169
9010,-0.091,5494.1428,1.4403,3.7419,1.0867
9011,-0.021,2275.1155,-1.0762,-0.9348,-1.3596
9012,0.05,1897.9363,-1.3711,-1.8961,-1.8625
9013,-0.006,2136.428,-1.1846,-1.2684,-1.5341
9014,-0.247,1834.7715,-1.4205,-2.0756,-1.9564
9015,-0.069,2686.8968,-0.7543,-0.0525,-0.8981
9016,-0.143,2614.2179,-0.8111,-0.1979,-0.9742
9017,0.029,2738.4793,-0.714,0.0484,-0.8454
9018,0.0,2428.1465,-0.9566,-0.5895,-1.179
9019,0.0,4784.7278,0.8857,3.0085,0.703
9020,-0.014,5008.4831,1.0606,3.2509,0.8298
9021,0.055,3391.6478,-0.2033,1.1831,-0.2518
9022,-0.397,3324.7704,-0.2556,1.0774,-0.3071
9023,-0.154,3722.2083,0.0551,1.6764,0.0062
9024,0.177,5137.1292,1.1612,3.3855,0.9002
9025,-0.009,3492.3103,-0.1246,1.3382,-0.1707
9026,0.027,3550.3354,-0.0793,1.4256,-0.125
9027,0.757,7477.1334,2.9905,5.3768,1.9418
9028,-0.089,1384.4585,-1.7725,-3.5689,-2.7375
9029,-0.04,5526.9144,1.4659,3.7735,1.1032
9030,0.086,5110.7795,1.1406,3.3582,0.8859
9031,0.0,3409.8899,-0.1891,1.2115,-0.2369
9032,-0.043,2325.7673,-1.0366,-0.818,-1.2986
9033,0.04,3027.5607,-0.488,0.5807,-0.5669
9034,0.09,4020.1315,0.288,2.0848,0.2199
9035,0.01,1927.91,-1.1993,-1.8373,-1.17
9036,0.002,2000.87,-1.0916,-1.7033,-1.0333
9037,0.009,2284.05,-0.6737,-1.2261,-0.546
9038,0.019,1873.79,-1.2791,-1.9399,-1.2748
9039,-0.018,4707.4988,0.8253,2.9222,0.6579
9040,0.516,3979.1282,0.2559,2.0305,0.1914
9041,0.0,1785.2,-0.6997,-1.6265,-0.6792
9042,0.127,1560.36,-1.0661,-2.5279,-1.11
9043,-0.116,1892.23,-0.5253,-1.2366,-0.4928
9044,0.132,1278.26,-1.5257,-3.8631,-1.7481
9045,0.0,1528.33,-1.1183,-2.6668,-1.1764
9046,0.179,2208.98,-0.0092,-0.2001,0.0026
9047,-0.041,3171.68,1.5594,2.2227,1.1605
9048,0.519,4405.73,3.0225,3.0927,1.8843
9049,-0.015,1708.68,-1.0163,-1.3219,-1.081
9050,-0.355,1939.93,0.0679,-0.6903,0.1578
9051,0.019,1309.64,-1.0993,-2.92426,-1.1758
9052,0.0,1621.37,-0.5221,-2.19274,-0.4511
9053,0.049,2767.78,1.1034,0.8718,0.808
9054,0.03,1066.67,-1.6967,-4.1077,-2.1446
9055,-0.025,1800.2,-0.8963,-2.2112,-0.817
9056,0.092,1859.89,-0.8311,-2.093,-0.7342
9057,-0.033,2727.24,0.1153,-0.7055,0.2371
9058,-0.006,1363.19,-1.3731,-3.219,-1.5225
9059,0.183,1275.35,-0.2854,-0.5009,-0.2165
9060,-0.116,1679.65,0.5083,0.6113,0.405
9061,0.052,896.504,-1.0291,-1.9241,-1.0119
9062,-0.167,2086.49,-0.0901,-0.74617,0.2323
9063,0.744,1606.82,-0.5989,-1.78047,-0.5412
9064,-0.187,2374.4,0.1612,-0.45784,0.2985
9065,0.033,1594.04,-0.0395,-1.1768100000000001,-0.1082
9066,-0.232,2064.85,0.9856,-1.15412,0.6807
9067,0.0,1697.6,0.186,-1.19427,0.0837
9068,0.0,2249.14,1.3868,-0.51422,0.9413
9069,-0.075,1249.47,-0.7897,-2.3576,-0.8505
9070,-0.001,1487.46,-0.2715,-3.31753,-0.3191
9071,-0.07,2084.44,1.0282,-0.39746,0.7095
9072,-0.026,1200.98,-0.8953,-2.75397,-0.9712
9073,-0.191,2185.38,1.248,-0.49422,0.8537
9074,0.008,1868.49,-0.8217,-2.0763,-0.7225
9075,0.029,2216.48,-0.442,-1.4572,-0.2891
9076,-0.008,2878.44,0.2803,-0.5099,0.374
9077,0.008,1114.69,-1.6443,-3.9482,-2.033
9078,-0.046,1031.54,-1.735,-4.229,-2.2296
9079,-0.065,422.367,-2.3997,-7.4621,-4.4929
9080,0.065,1109.72,-1.6497,-3.9644,-2.0443
9081,0.019,1381.8,-1.3528,-3.1698,-1.4881
9082,0.083,1849.46,-0.8425,-2.1134,-0.7485
9083,-0.065,1750.34,-0.9507,-2.313,-0.8882
9084,0.127,1203.96,-1.5469,-3.669,-1.8375
9085,-0.255,1065.55,-1.6979,-4.1115,-2.1473
9086,0.874,2171.41,-0.4912,-1.5317,-0.3413
9087,0.04,1792.47,-0.9047,-2.2268,-0.8279
9088,0.049,1653.61,-1.0562,-2.519,-1.0325
9089,0.05,626.481,-2.177,-6.0352,-3.494
9090,-0.198,1524.95,-1.1966,-2.8126,-1.238
9091,0.021,1207.24,-1.5433,-3.6592,-1.8306
9092,0.072,871.495,-1.9096,-4.8398,-2.6571
9093,0.542,6510.933,2.2352,4.6427,1.5579
9094,0.336,8988.8801,4.1724,6.3537,2.4529
9095,0.546,6028.0448,1.8577,4.2339,1.344
9096,-0.083,4937.8105,1.0054,3.1756,0.7904
9097,0.016,4885.8039,0.9647,3.1194,0.761
9098,0.477,6002.2121,1.8375,4.2111,1.3321
9099,0.355,3099.0296,-0.4321,0.7045,-0.5022
9100,-0.096,3309.9513,-0.2672,1.0537,-0.3195
9101,-0.004,3726.3034,0.0583,1.6822,0.0093
9102,0.155,4648.8325,0.7795,2.8556,0.6231
9103,-0.002,4486.2461,0.6524,2.6668,0.5243
9104,0.307,6042.2434,1.8688,4.2464,1.3505
9105,-0.221,3656.4892,0.0037,1.5819,-0.0432
9106,0.379,3722.8391,0.0556,1.6773,0.0067
9107,0.577,5712.7894,1.6112,3.9489,1.195
9108,0.089,3340.117,-0.2436,1.1019,-0.2943
9109,0.25,3606.7267,-0.0352,1.5092,-0.0812
9110,-0.111,4816.6618,0.9107,3.0438,0.7215
9111,-0.011,4744.2519,0.8541,2.9634,0.6794
9112,-0.085,6966.851,2.5916,5.0018,1.7457
9113,-0.189,2690.7334,-0.7513,-0.0449,-0.8942
9114,-0.039,6075.801,1.895,4.2758,1.3659
9115,0.311,3641.4012,-0.0081,1.56,-0.0547
9116,-0.009,2952.5758,-0.5466,0.4477,-0.6365
9117,0.0,2535.3136,-0.8728,-0.3605,-1.0592
9118,0.708,5207.2434,1.216,3.4574,0.9378
9119,-0.162,3057.3541,-0.4647,0.6327,-0.5397
9120,0.376,2867.2081,-0.6133,0.2921,-0.7179
9121,0.037,4058.715,0.3181,2.1355,0.2464
9122,0.022,3004.7271,-0.5058,0.5406,-0.5879
9123,0.242,4046.0572,0.3083,2.1189,0.2377
9124,0.0,3324.9566,-0.2555,1.0777,-0.3069
9125,-0.007,1721.8959,-1.5087,-2.4123,-2.1325
9126,0.149,2979.2461,-0.5257,0.4954,-0.6115
9127,0.661,12109.7269,6.6121,7.9349,3.2799
9128,0.026,4069.1494,0.3263,2.1491,0.2535
9129,0.272,2852.844,-0.6246,0.2654,-0.7318
9130,0.195,3860.0271,0.1628,1.8693,0.1071
9131,0.038,1666.84,-0.7563,-1.6431199999999997,-0.6946
9132,0.05,1601.0,-0.8363,-1.57415,-0.7988
9133,0.226,2962.22,0.8191,0.46512999999999993,0.7931
9134,-0.025,2221.99,-0.0811,-0.70344,0.0491
9135,0.123,2554.55,0.3233,0.28957,0.41
9136,-0.278,2588.53,0.3646,0.08086999999999997,0.4442
9137,-0.043,1858.57,-0.5231,-1.5201200000000001,-0.4129
9138,-0.128,2095.13,-0.5744,-1.6613,-0.432
9139,-0.197,1756.36,-0.0902,-0.5172,0.1268
9140,-0.057,2354.93,0.6162,0.3784,0.5661
9141,0.002,1978.82,-0.6405,-1.6058,-0.5953
9142,-0.175,1258.6,-1.6352,-4.0969,-2.1374
9143,0.004,2009.27,-0.5984,-1.5217,-0.5433
9144,-0.02,2106.19,-0.4646,-1.2624,-0.3827
9145,-0.017,1441.7,-1.3823,-3.3492,-1.6745
9146,0.024,1738.71,-0.9721,-2.318,-1.0362
9147,-0.056,1365.47,-1.4876,-3.6483,-1.8597
9148,-0.043,2576.86,0.1855,-0.1518,0.3048
9149,-0.015,1568.06,-0.6208,-1.9075399999999998,-0.5646
9150,-0.163,3433.6853,-0.1705,1.2484,-0.2177
9151,-0.011,3770.78,1.8024,1.46064,1.4175
9152,-0.025,2223.14,-0.0797,-0.4397499999999999,0.0505
9153,0.014,2274.7,-0.017,-0.33311999999999997,0.1098
9154,-0.044,1852.82,-0.5301,-0.7550800000000001,-0.4209
9155,-0.351,2181.14,-0.1308,-0.34141999999999995,0.0011
9156,-0.113,2361.63,0.0887,-1.1295600000000001,0.2068
9157,0.05,1713.54,-0.6995,-2.3466699999999996,-0.6231
9158,-0.451,1682.98,-0.5235,-1.5100099999999999,-0.4416
9159,-0.056,747.754,-1.4497,-4.7341999999999995,-2.1854
9160,-0.091,2053.47,-0.1566,-0.73228,-0.0138
9161,-0.034,2842.45,0.6247,0.2775,0.6854
9162,-0.15,2990.63,0.7715,0.6880200000000001,0.7947
9163,0.01,1769.62,-0.9251,-1.1586,-0.9713
9164,-0.064,2243.14,-0.2754,-0.9155,-0.168
9165,0.196,1342.52,-0.3497,-3.7913,-0.0973
9166,0.127,979.88,-0.9482,-6.1456,-0.7969
9167,0.066,670.288,-1.4592,-8.9837,-1.6402
9168,0.015,1247.6,-0.5063,-4.3396,-0.2602
9169,0.1,861.798,-1.1431,-7.1055,-1.0821
9170,0.036,1008.74,-0.9006,-5.9286,-0.7324
9171,-0.003,1383.3,-0.2824,-3.5675,-0.0308
9172,0.004,1572.41,0.0298,-2.6093,0.2539
9173,-0.004,1853.4,0.4936,-1.3796,0.6193
9174,0.087,737.449,-1.3413,-2.7125,-1.4525
9175,0.236,1375.91,-0.088,-0.1944,-0.0452
9176,0.503,1830.93,0.8053,0.9596,0.5997
9177,0.033,1024.2,-0.7784,-1.3865,-0.7114
9178,-0.036,1157.21,-0.5173,-0.8934,-0.4359
9179,-0.287,1847.08,-0.361,-1.3977799999999998,-0.2416
9180,0.025,1286.36,-0.9163,-3.4042000000000003,-1.0194
9181,-0.003,1639.46,-0.5666,-2.10945,-0.498
9182,-0.001,3223.46,0.7124,0.0161,0.7224
9183,0.018,3867.85,1.6633,0.6733,1.3935
9184,0.001,2993.46,0.3731,-0.2508,0.4499
9185,-0.006,2324.99,-0.6133,-1.162,-0.4806
9186,-0.139,1748.24,-0.9013,-3.7087,-0.8256
9187,0.04,1020.74,-1.7105,-7.2741,-2.255
9188,0.303,1233.8,-1.4735,-6.0182,-1.7515
9189,0.124,912.849,-2.1211,-6.1169,-2.8253
9190,0.172,1260.26,-1.5551,-3.958,-1.7935
9191,0.76,2964.57,1.222,1.7703,0.9443
9192,0.001,1822.31,-0.3855,-1.7273699999999999,-0.2706
9193,-0.072,1504.44,-0.7003,-2.2793799999999997,-0.6827
9194,0.035,2519.45,0.4967,0.6807,0.4235
9195,0.306,1923.5,-0.4744,-1.1268,-0.4404
9196,0.061,2393.23,0.291,0.3365,0.259
9197,-0.036,2199.91055,-0.19851,-0.7133400000000001,-0.14761999999999997
9198,0.15,1947.32,-0.4356,-1.0444,-0.401
9199,-0.123,1682.34,-0.8673,-2.0239,-0.8691
9200,0.027,1160.13,-1.7182,-4.5123,-2.0584
9201,0.0,2126.61,-0.1434,-0.4546,-0.1191
9202,0.005,2010.35,-0.3329,-0.8311,-0.299
9203,0.016,1244.56,-1.5807,-4.042,-1.8336
9204,0.049,1597.36,-1.0058,-2.371,-1.035
9205,0.0,1121.24,-1.7816,-4.7405,-2.1675
9206,0.942,1712.78,-0.8177,-1.9038,-0.8117
9207,-0.088,1819.74,-0.6434,-1.4982,-0.6178
9208,0.035,1917.9,-0.4835,-1.1464,-0.4497
9209,0.151,1900.03,-0.5126,-1.2091,-0.4797
9210,-0.018,2064.63,-0.2444,-0.6527,-0.2137
9211,0.468,1810.8,-0.658,-1.5312,-0.6336
9212,-0.056,2799.05,0.9523,1.3855,0.7604
9213,-0.035,1455.52,-0.3411,-2.2231999999999994,-0.3853
9214,-0.067,1491.64,-0.2624,-1.5279,-0.3106
9215,-0.19,1642.63,0.0663,-1.73874,-0.0167
9216,-0.078,1644.26,0.0699,-1.8473600000000001,-0.0136
9217,-0.065,1358.51,-0.5523,-2.57004,-0.5955
9218,-0.19,1535.19,-0.1676,-2.29169,-0.2229
9219,-0.066,1162.04,-0.9801,-3.8264900000000006,-1.0716
9220,-0.053,1094.13,-1.1279,-3.61189,-1.2551
9221,-0.041,724.623,-1.9324,-5.4317,-2.5106
9222,-0.073,1431.53,-0.3933,-2.42837,-0.436
9223,0.043,1435.53,-0.3846,-2.10507,-0.4274
9224,-0.104,2087.81,1.0356,-1.07061,0.7144
9225,0.005,1414.83,-0.0116,-0.0817,0.0177
9226,-0.002,1398.33,-0.044,-0.1291,-0.0087
9227,0.052,2307.25,-0.343,-1.3117,-0.1873
9228,0.063,1619.74,-0.7796,-0.8606,-0.7786
9229,0.205,2409.84,0.1526,0.6468,0.1542
9230,0.084,1094.85,-1.3988,-2.3462,-1.698
9231,0.0,1725.85,-0.6544,-0.6199,-0.6297
9232,0.01,1668.15,-0.7225,-0.7489,-0.7095
9233,0.016,2289.2619,-0.24986999999999998,-0.5145799999999999,-0.19403
9234,0.263,975.556,-1.5396,-2.7837,-1.9687
9235,0.011,1801.4,-0.5926,-1.7296599999999998,-0.4937
9236,-0.081,4628.19,2.8451,2.33327,1.9477
9237,0.063,2315.62,0.0327,-0.67313,0.1559
9238,-0.662,1019.07,-0.9603,-2.1791,-0.6884
9239,-0.031,1666.02,-0.9927,-4.028,-0.9536
9240,0.008,3138.9989,0.5287,1.2452,0.4474
9241,0.046,2009.5606,-0.8644,-0.1755,-0.8588
9242,0.012,2233.9467,-0.5877,0.1617,-0.5488
9243,0.0,3152.4633,0.5453,1.2589,0.4599
9244,-0.019,2530.46,0.294,0.29213000000000006,0.3855
9245,0.074,2300.48,0.0143,-0.62379,0.1389
9246,0.856,11449.2,11.1402,6.032819999999999,4.2918
9247,0.0,2453.65,0.2006,-0.44762,0.3057
9248,-0.034,1490.39,-0.9322,-1.1763,-0.974
9249,-0.141,1659.84,-0.7323,-0.7678,-0.7212
9250,-0.033,2056.85,-0.2639,0.0458,-0.2177
9251,-0.051,2663.83,0.4479,0.25861999999999996,0.5459
9252,0.12819999999999998,1767.1,0.0166,-1.7394100000000001,0.0235
9253,-0.768,1484.32,-0.5003,-2.96651,-0.496
9254,-0.267,1696.82,-0.1119,-1.60962,-0.0974
9255,-0.125,1938.96,0.3307,-0.49871999999999994,0.3
9256,0.023,1515.89,-0.4426,-2.235,-0.4333
9257,-0.249,1645.83,-0.2051,-1.8758800000000004,-0.1883
9258,0.271,3216.82,2.6663,1.02057,1.8085
9259,-0.859,1743.94,-0.0257,-1.61172,-0.0158
9260,0.513,1511.57,-0.4504,-2.5514099999999997,-0.4418
9261,-0.221,2214.41,0.8342,-0.8155299999999999,0.6958
9262,0.378,2099.67,0.6244,-1.0018,0.5373
9263,0.09,1162.23,-1.089,-3.8264900000000006,-1.2246
9264,-0.357,1129.38,-1.149,-2.9868900000000003,-1.31
9265,-0.404,1305.47,-0.8271,-4.101170000000001,-0.8784
9266,-0.234,2928.19,2.1388,0.63907,1.5283
9267,-0.203,1454.29,-0.5551,-2.6268199999999995,-0.5569
9268,0.008,2464.8,1.2918,0.017069999999999984,1.015
9269,-0.036,2360.3,1.1008,-0.8612399999999999,0.8859
9270,-0.008,2188.65,0.7871,-0.80854,0.6609
9271,-0.014,1132.73,-1.1429,-4.03293,-1.3012
9272,0.184,2813.87,1.9298,0.16437000000000004,1.4097
9273,-0.422,1257.93,-0.914,-2.9449600000000005,-0.9889
9274,-0.069,1351.07,-0.7438,-2.64595,-0.7762
9275,0.36,1076.21,-1.2462,-3.7371300000000005,-1.4536
9276,0.306,2147.46,0.7118,-0.7789,0.6043
9277,0.007,1109.5,-1.1853,-3.9436999999999998,-1.3629
9278,-0.068,1191.96,-1.0346,-2.64773,-1.1494
9279,-0.09,2648.87,1.6282,0.5924400000000001,1.2296
9280,0.486,1637.99,-0.2194,-1.9054600000000002,-0.2025
9281,0.045,2578.78,1.5001,0.051700000000000024,1.1497
9282,-0.059,1843.25,0.1558,-1.32003,0.1492
9283,-0.12,2260.54,0.9185,-0.9056899999999999,0.7572
9284,-0.01,2249.78,0.8988,-0.71656,0.743
9285,-0.465,1055.74,-1.2836,-3.42758,-1.5108
9286,-0.135,1074.96,-1.2485,-3.9410099999999995,-1.4571
9287,-0.091,1139.69,-1.1301,-3.5943600000000004,-1.2829
9288,0.032,1261.82,-0.9069,-3.3557199999999994,-0.9797
9289,-0.337,2644.28,1.6198,0.01433000000000002,1.2244
9290,-0.648,1432.91,-0.5942,-2.42659,-0.601
9291,-0.48,2090.67,0.608,-1.06383,0.5245
9292,0.195,2557.51,1.4613,0.11781000000000001,1.125
9293,0.015,2532.72,1.4159,-0.17902,1.096
9294,0.011,1724.72,-0.0609,-1.2985600000000002,-0.0488
9295,-0.256,4372.93,4.7794,2.21419,2.7235
9296,-0.075,1856.86,0.1806,-0.7226299999999999,0.1711
9297,0.0,2628.28,0.3608,0.6849,0.2669
9298,0.0,1493.86,-1.338,-1.9479,-1.5015
9299,-0.184,1849.53,-0.8054,-0.9527,-0.8331
9300,-0.017,2288.23,-0.1485,0.0392,-0.1668
9301,-0.505,2341.57,-0.0686,0.1466,-0.0947
9302,-0.136,2649.48,0.3925,0.7224,0.2921
9303,0.105,2666.67,0.4183,0.7525,0.3123
9304,-0.196,1911.85,-0.7121,-0.7983,-0.7293
9305,0.456,2331.14,-0.0842,0.1258,-0.1086
9306,0.057,1988.06,-0.598,-0.6162,-0.607
9307,1.22,2546.97,0.239,0.5384,0.1686
9308,-0.191,1602.98,-1.1746,-1.6194,-1.2809
9309,-0.085,1948.3,-0.6575,-0.7103,-0.6702
9310,-0.014,2333.6,-0.0805,0.1307,-0.1053
9311,0.0,2463.37,0.1138,0.3829,0.0641
9312,-0.025,2051.27,-0.5033,-0.4703,-0.509
9313,-0.018,953.488,-1.4705,-4.33748,-1.8142
9314,0.605,2018.28,0.4757,-0.5934299999999999,0.4195
9315,0.009,1814.45,0.1031,-1.3543299999999998,0.1023
9316,0.187,1434.2,-0.5919,-2.29488,-0.5983
9317,-0.086,1846.88,0.1624,-1.24389,0.1551
9318,0.084,1427.19,-0.6047,-1.9184999999999999,-0.6129
9319,-0.208,2970.34,2.2158,0.8676600000000001,1.5709
9320,0.071,2078.88,0.5864,-1.06264,0.5076
9321,-0.35,1702.37,-0.1017,-1.2297,-0.0877
9322,0.119,2206.21,0.8192,-0.46943,0.6847
9323,0.003,1761.27,-0.7013,-1.303,-0.7753
9324,-0.175,2878.74,0.4579,1.6902,0.4519
9325,-0.072,1977.05,-0.4774,-0.599,-0.4866
9326,0.005,1846.88,-0.6125,-1.0139,-0.6567
9327,-0.146,2749.8,0.3242,1.411,0.3374
9328,0.266,2578.75,0.1467,1.0197,0.177
9329,0.1,1900.31,-0.557,-0.8402,-0.5855
9330,0.034,3232.65,0.8251,2.3967,0.7415
9331,-0.123,1750.14,-0.7128,-1.3416,-0.7911
9332,-0.056,1467.35,0.0915,0.0655,0.1
9333,0.09,1801.32,0.7472,0.8938,0.5629
9334,0.03,1447.14,-1.2506,-3.0323,-1.3511
9335,0.093,1464.78,-1.2218,-2.9512,-1.3123
9336,-0.126,1747.57,-0.761,-1.7692,-0.7474
9337,0.035,1691.57,-0.8523,-1.9873,-0.8516
9338,-0.039,1919.65,-0.4807,-1.1403,-0.4468
9339,0.17,3372.67,1.8869,2.6342,1.3572
9340,0.001,1777.13,-0.7129,-1.6569,-0.6937
9341,0.034,1609.18,-0.9865,-2.3216,-1.0114
9342,0.883,2406.41,0.3125,0.3732,0.2766
9343,-0.049,1940.0,-0.6699,-0.7302,-0.6836
9344,-0.191,1552.8,-1.2498,-1.7676,-1.3804
9345,0.043,1941.07,-0.6683,-0.7276,-0.6819
9346,0.254,1707.33,-1.0184,-1.3255,-1.0835
9347,-0.024,1174.29,-0.9534,-3.0345999999999997,-1.0397
9348,-0.083,844.421,-1.6716,-4.23371,-2.0445
9349,0.0,3281.34,1.7381,2.4503,1.2693
9350,-0.006,1128.96,-1.8845,-3.2527,-2.378
9351,-0.088,1439.95,-1.4188,-2.1192,-1.6166
9352,-0.175,3081.54,1.0395,1.4265,0.765
9353,0.005,2446.06,0.0879,0.35,0.042
9354,0.051,2709.3,0.4821,0.8264,0.362
9355,-0.323,3855.96,2.1992,2.4714,1.4669
9356,0.116,698.111,-1.4186,-2.9338,-1.5762
9357,0.077,1765.21,0.348,-1.7443,0.511
9358,-0.177,3440.72,1.3569,1.1663299999999999,1.0179
9359,-0.125,770.109,-2.0984,-5.578280000000001,-2.9773
9360,0.009,1750.86,-0.9501,-2.3119,-0.8875
9361,-0.073,1286.01,-1.4573,-3.4302,-1.6703
9362,-0.015,1358.98,-1.3777,-3.2302,-1.5303
9363,0.034,1959.47,-0.7225,-1.9039,-0.6019
9364,-0.321,2102.62,-0.5663,-1.6484,-0.423
9365,0.02,1729.16,-0.9738,-2.3571,-0.9191
9366,0.043,2189.45,-0.4715,-1.5017,-0.3203
9367,-0.219,1441.49,-1.2877,-3.0166,-1.3808
9368,0.045,2220.11,-0.438,-1.4513,-0.285
9369,-0.018,1479.61,-1.2461,-2.922,-1.3146
9370,-0.121,1636.83,-1.0745,-2.556,-1.0584
9371,0.0,1240.4,-1.5071,-3.561,-1.7619
9372,0.029,1656.38,-1.0532,-2.513,-1.0282
9373,0.382,1905.89,-0.7809,-2.0044,-0.6722
9374,-0.047,1783.69,-0.9143,-2.2446,-0.8404
9375,-0.096,1875.87,-0.8137,-2.062,-0.7125
9376,-0.026,818.711,-1.9672,-5.0661,-2.8156
9377,0.007,1010.85,-1.7576,-4.3025,-2.281
9378,-0.078,1109.36,-1.6501,-3.9655,-2.0451
9379,0.033,835.252,-1.9492,-4.9937,-2.7649
9380,0.037,1694.09,-1.012,-2.4314,-0.9711
9381,-0.019,2442.6,-0.1953,-1.1051,-0.0426
9382,0.008,1846.97,-0.8452,-2.1182,-0.7519
9383,0.116,2145.85,-0.5191,-1.5746,-0.3713
9384,0.002,2146.01,0.8712,-0.67476,0.5702
9385,0.388,2192.32,0.9494,-0.12334,0.6293
9386,0.256,2112.28,0.8142,-0.66725,0.5264
9387,0.022,2257.35601,-0.36608,0.15043,-0.43158
9388,0.513,1727.34,0.1636,-1.9670599999999996,-0.0302
9389,0.104,972.97,-1.1113,-3.82735,-1.6178
9390,0.0,971.52,-1.1138,-3.83393,-1.622
9391,-0.198,1045.59,-0.9886,-3.03579,-1.4188
9392,0.314,1488.43,-0.2402,-2.25847,-0.442
9393,0.093,1892.18,0.4422,-0.37176,0.2219
9394,-0.175,2087.11,0.7716,-0.74452,0.4932
9395,0.045,1647.58,0.0288,-1.95342,-0.161
9396,-0.363,1607.4,-0.0391,-1.83707,-0.2293
9397,0.114,550.905,-1.8247,-6.043200000000001,-3.1901
9398,0.431,1546.48,-0.1421,-1.80496,-0.3362
9399,0.066,1447.27,-0.3097,-2.44811,-0.5196
9400,0.0,2484.5456000000004,0.21022,-0.8912100000000001,0.06565000000000003
9401,-0.071,1873.27,0.4102,-0.66993,0.1941
9402,0.498,1773.76,0.2421,-1.76051,0.0431
9403,0.0,1349.35,-0.4752,-2.77,-0.7134
9404,0.28,2661.03,1.7416,0.61625,1.1654
9405,-0.036,1103.45,-0.8908,-2.9081400000000004,-1.2698
9406,0.0,1742.85,0.1898,-1.7555800000000001,-0.0055
9407,0.053,998.243,-1.0686,-4.06369,-1.5469
9408,0.0,2016.12,0.6517,-0.91051,0.3975
9409,0.359,2539.91,1.5369,0.42917000000000005,1.0365
9410,-0.236,1583.06,-0.0802,-2.06564,-0.2715
9411,0.339,2513.32,1.492,0.07744999999999999,1.0073
9412,-0.011,2019.66347,-0.46979999999999994,-0.88555,-0.48201
9413,0.0,2824.51,2.0179,0.9304000000000002,1.3303
9414,-0.381,1842.47,0.3582,-0.7817999999999999,0.1483
9415,-0.031,1812.88,0.3082,-1.30221,0.1035
9416,0.232,1450.52,-0.3042,-2.59152,-0.5134
9417,0.235,2755.33,1.901,0.28836,1.2617
9418,-0.845,1113.64,-0.8736,-3.898859999999999,-1.2444
9419,0.292,1896.34,0.4492,-1.1232799999999998,0.228
9420,-0.071,647.808,-1.6609,-4.20821,-2.7423
9421,0.297,1844.76,0.362,-1.53948,0.1517
9422,0.345,2903.87,2.152,0.49314,1.407
9423,-0.01,826.826,-1.3583,-4.22493,-2.0679
9424,-0.134,1512.37,-0.1997,-2.37283,-0.3979
9425,0.612,1552.98,-0.1311,-2.17842,-0.3246
9426,-0.146,1342.13,-0.4874,-3.1637899999999997,-0.7282
9427,0.718,3665.4767,1.6881700000000002,2.40285,1.03205
9428,0.617,2788.66,1.9573,0.23695999999999998,1.295
9429,-0.057,2739.3830000000003,0.19146999999999997,-0.30123,0.1568
9430,-0.003,2670.08859,0.20233999999999996,-0.9130900000000001,0.24846000000000004
9431,0.395,2571.79454,0.20577000000000006,0.2187100000000001,0.050590000000000024
9432,-0.007,985.549,-1.0901,-3.763140000000001,-1.5823
9433,0.446,1205.01,-0.7192,-3.14511,-1.0263
9434,-0.05,1330.12,-0.5077,-2.8495700000000004,-0.7531
9435,-0.145,2401.51,1.303,-0.18068,0.8814
9436,0.056,1662.05,0.0533,-1.49573,-0.1368
9437,0.216,1212.17,-0.7071,-3.16891,-1.0099
9438,0.159,2213.33,0.985,-0.56857,0.6557
9439,0.367,2630.5356899999997,0.5774100000000001,0.20312999999999998,0.39157999999999993
9440,-0.294,2169.8242299999997,-0.15810999999999997,-0.66112,-0.18546
9441,-0.035,1188.62,-0.7469,-3.08936,-1.0642
9442,0.415,2490.51,1.4534,-0.25146,0.9821
9443,0.199,1815.95,0.3134,-1.6245299999999996,0.1082
9444,-0.057,1248.6,-0.6455,-2.7046599999999996,-0.928
9445,0.427,2270.15,1.081,-0.25098999999999994,0.7258
9446,0.267,2080.65,0.7607,-0.6612000000000001,0.4846
9447,0.329,1877.55,0.4175,-1.6923199999999998,0.2004
9448,0.63,2484.67,1.4435,-0.30795999999999996,0.9756
9449,-0.011,1178.43,-0.7641,-3.76795,-1.088
9450,0.16,1055.63,-0.9716,-3.42758,-1.3923
9451,-0.178,1782.38,0.2566,-1.8966399999999997,0.0565
9452,0.378,3370.80084,0.75103,0.73099,0.5188800000000001
9453,-0.127,1617.56,-0.0219,-1.4049800000000001,-0.2119
9454,0.271,2057.08,0.7209,-0.5667099999999999,0.4531
9455,-0.108,2862.19844,0.39597000000000004,-0.17345000000000005,0.36013999999999996
9456,0.486,2731.44,1.8606,0.36607,1.2376
9457,0.824,3210.17,2.6697,0.8999999999999998,1.6845
9458,-0.146,1985.34,0.5996,-0.91647,0.3549
9459,0.152,1490.62,-0.2365,-1.5279000000000003,-0.438
9460,-0.016,2063.58,0.7319,-0.8499999999999999,0.4618
9461,0.427,2888.52,2.1261,1.1298799999999998,1.3924
9462,0.229,2233.32,1.0187,-0.33975999999999995,0.6805
9463,0.281,2695.4,1.7997,0.24387999999999996,1.2009
9464,0.0,1954.94,0.5483,-0.7955599999999999,0.3122
9465,0.49,2016.16,0.6517,-0.91051,0.3975
9466,0.005171583271097834,2431.304384172376,0.08362741535100784,-0.5253435138629509,9.929500543630022e-09
9467,0.0,2217.22,0.9915,-0.33658000000000005,0.6605
9468,-0.2,2477.34983,0.4794899999999999,-0.01366999999999997,0.37077
9469,-0.056,3831.5161,2.1146,1.9509599999999998,1.3387
9470,-0.093,2144.1116,-0.1237,-0.82026,-0.1129
9471,0.071,1405.52,-1.0323,-1.3987,-1.1117
9472,0.195,1630.31,-0.7671,-0.8359,-0.7634
9473,-0.184,1435.24,-0.9972,-1.3194,-1.0625
9474,0.973,5627.4,3.9488,3.8652,2.1459
9475,-0.062,1528.67,-0.887,-1.0801,-0.9145
9476,0.03,1952.12,-0.3874,-0.1525,-0.3404
9477,-0.058,2144.34,-0.1606,0.2039,-0.1199
9478,-0.028,2182.96,-0.1151,0.2716,-0.078
9479,0.086,1799.4,-0.5676,-0.4615,-0.5317
9480,0.161,2529.2,0.2934,0.8302,0.2677
9481,0.305,3249.49,1.1432,1.7812,0.8562
9482,0.183,1354.97,-1.0919,-1.5377,-1.1976
9483,-0.46,1237.97,-1.23,-1.8802,-1.4096
9484,-0.013,1759.36,-0.6148,-0.5469,-0.5845
9485,-0.074,1644.62,-0.7502,-0.8028,-0.7428
9486,0.034,1008.71,-0.9006,-5.9288,-0.7325
9487,0.152,1392.58,-0.267,-3.5175,-0.0159
9488,-0.099,1422.71,-0.2173,-3.3575,0.0316
9489,-0.032,1524.25,-0.0497,-2.8419,0.1848
9490,0.135,1998.11,0.7324,-0.8173,0.7864
9491,-0.011,1163.48,-0.6452,-4.8616,-0.4153
9492,0.087,1219.42,-0.5528,-4.5105,-0.311
9493,0.104,1090.24,-0.7661,-5.3477,-0.5598
9494,0.072,1168.9,-0.6362,-4.8268,-0.405
9495,0.005,976.701,-0.9535,-6.1699,-0.8041
9496,-0.053,2305.53,-0.7495,-0.5386500000000001,-0.6511
9497,-0.237,3013.56,0.0808,0.68298,0.2007
9498,-0.052,2731.48,-0.25,0.16872000000000004,-0.1119
9499,-0.021,4470.32,1.789,2.55994,1.4551
9500,-0.094,2225.08,-0.8438,-0.29248,-0.764
9501,-0.006,2722.96,-0.26,-0.09038999999999998,-0.1218
9502,0.132,3160.79,0.2534,0.60386,0.3525
9503,-0.007,2281.45,-0.7777,-0.49071999999999993,-0.6844
9504,0.012,2453.45,-0.576,-0.38969000000000004,-0.4533
9505,-0.07,2656.38,-0.3381,0.07323999999999999,-0.2005
9506,-0.084,2043.7,-1.0565,-1.28396,-1.0344
9507,-0.51,3510.27,0.6632,1.3077100000000002,0.686
9508,-0.011,1925.91,-1.1946,-1.1440499999999998,-1.2232
9509,-0.765,1096.2,-2.1675,-3.5563499999999997,-3.0151
9510,0.01,2395.48,-0.644,-0.26347,-0.5293
9511,-0.135,3047.77,0.1209,0.68034,0.2366
9512,-0.055,3826.05,1.0335,2.12182,0.9601
9513,0.0,2083.15,-1.0102,-1.3590200000000001,-0.9736
9514,-0.578,1899.45,-1.2256,-0.9564,-1.2672
9515,-0.038,2481.18,-0.5435,-0.72587,-0.4175
9516,0.012,2389.26,-0.6513,-0.32328,-0.5376
9517,-0.118,3402.22,0.5365,0.83542,0.5866
9518,-0.147,3190.42,0.2882,0.57239,0.3821
9519,-0.076,2962.97,0.0214,0.26695,0.1469
9520,0.052,3054.25,0.1285,0.6512800000000001,0.2434
9521,-0.059,2970.02,0.0297,0.42325,0.1545
9522,-0.0194,2318.34,1.1624,-0.17433,0.7839
9523,-0.012,2587.6514999999995,0.08519000000000004,0.017310000000000048,0.05743000000000002
9524,0.006399999999999994,748.881,-2.4452,-5.3866700000000005,-3.2159
9525,-0.011,2014.41,0.907,-0.97576,0.79
9526,-0.003,2032.49,0.9549,-0.9381700000000001,0.8262
9527,-0.083,1708.86,0.0976,-1.2840599999999998,0.1239
9528,-0.097,1435.52,-0.6264,-2.10507,-0.5819
9529,-0.077,2208.88,1.4221,-0.046839999999999986,1.1633
9530,0.23,2589.92,1.6214,0.66203,1.0904
9531,-0.062,3541.08,1.3166,1.25523,1.1581
9532,0.022,3794.98,1.5681,1.7972800000000002,1.307
9533,-0.122,2138.44,-0.0724,0.021520000000000015,0.0734
9534,-0.545,3015.97,0.7966,0.74832,0.8129
9535,-0.044,1171.97,-0.4883,-0.8423,-0.4073
9536,-0.097,2001.07,-0.6771,-1.8278,-0.5486
9537,-0.177,1505.96,-1.2173,-2.858,-1.2698
9538,-0.01,2301.58,-0.3492,-1.3206,-0.1935
9539,0.157,2126.54,0.0718,-1.2037,0.2441
9540,-0.013,1133.49,-1.2392,-4.1042,-1.3388
9541,-0.131,1038.19,-1.3651,-4.5089,-1.5596
9542,-0.028,2497.57,0.5616,-0.4622,0.6488
9543,0.029,2763.88,0.9132,0.005,0.9037
9544,0.0,1950.95,-0.16,-1.601,0.0273
9545,0.035,2401.63,0.435,-0.6428,0.5502
9546,-0.06,1733.41,0.2955,-1.8802,0.4706
9547,0.228,854.005,-1.156,-7.1734,-1.1023
9548,-0.12079999999999999,1857.59,0.3837,-0.61776,0.1709
9549,0.0,2312.48,1.1525,-0.11327000000000001,0.7769
9550,0.048,2952.59,2.2344,0.7176900000000002,1.4531
9551,-0.334,2194.47,0.9531,-0.7237600000000001,0.632
9552,-0.102,2405.4725100000005,0.32871000000000017,0.039329999999999976,0.28779999999999994
9553,0.186,1783.26,-0.9147,-2.2455,-0.841
9554,-0.162,2055.86,-0.6173,-1.7299,-0.48
9555,-0.001,1633.83,-1.0778,-2.5627,-1.063
9556,0.095,1867.41,-0.8229,-2.0783,-0.724
9557,0.036,2128.1,-0.1953,-0.88508,-0.0626
9558,-0.081,438.685,-1.6452,-4.7505,-1.9496
9559,0.235,1188.02,-0.7609,-1.7109,-0.4587
9560,-0.223,1878.02,0.5457,-1.57672,0.5061
9561,-0.062,1878.42,0.5468,-1.45788,0.507
9562,-0.051,1662.45,-0.0253,-1.5791800000000003,0.0124
9563,-0.062,1189.07,-1.3226,-3.0881,-1.5035
9564,-0.005,2081.42,-0.2521,-1.43486,-0.12
9565,-0.088,1148.47,-1.3867,-3.20634,-1.658
9566,0.105,597.663,-2.0565,-6.188409999999999,-3.3465
9567,-0.047,2226.41,-0.0758,-0.08436999999999999,0.0543
9568,-0.024,2721.95,0.5269,-0.016639999999999988,0.5742
9569,-0.052,3176.31,1.0794,0.67028,0.9736
9570,0.021,2699.89,0.5,0.08223000000000003,0.5531
9571,-0.042,2275.48,-0.0161,-0.43267,0.1107
9572,-0.164,3184.99,1.09,0.65391,0.9807
9573,-0.025,3011.63,0.8792,0.65601,0.8359
9574,-0.086,1364.34,-1.1241,-2.6869899999999998,-1.2125
9575,-0.142,437.159,-1.844,-12.1762,-2.5889
9576,0.005,2070.98,0.3105,-0.9836500000000001,0.3797
9577,0.276,1413.12,-0.9077,-2.9383800000000004,-0.9177
9578,-0.077,5560.5858,1.4923,3.8057,1.12
9579,0.035,2756.2974,-0.7,0.0828,-0.8274
9580,-0.162,1739.15,0.6251,0.7519,0.4836
9581,0.067,163.887,-2.1444,-10.76319,-3.7564
9582,0.071,1297.54,-0.9331,-2.18771,-0.5136
9583,0.051,1731.92,-0.475,-1.87713,-0.38
9584,-0.048,897.57,-1.3013,-5.019329999999999,-1.793
9585,-0.546,2691.56,0.4753,0.326,0.5681
9586,-0.002,2870.65,0.1918,-0.4019,0.2956
9587,0.001,1087.24,-1.3003,-4.2962,-1.4435
9588,-0.002,1119.69,-1.2575,-4.1606,-1.3696
9589,-0.115,2064.74,-0.3865,-0.3346,-0.3782
9590,0.098,1532.1,-0.939,-2.1521,-1.1234
9591,0.096,2349.43,-0.0911,0.4523,-0.0556
9592,-0.027,2701.1,0.2737,1.3021,0.2928
9593,0.007,2248.54,-0.1958,0.1849,-0.1653
9594,-0.084,2898.42,-0.0542,0.45220000000000005,0.0768
9595,0.176,3189.72,0.2873,0.5723900000000001,0.3814
9596,-0.038,2621.02,-0.3795,0.34913,-0.2431
9597,-0.022,1194.09,-2.0527,-2.3520900000000005,-2.7432
9598,-0.108,2954.53,0.0116,1.12822,0.1378
9599,-0.045,1951.05,-1.1651,-1.59306,-1.182
9600,-0.024,2232.05,-0.8356,-0.31289,-0.7541
9601,0.125,2149.69,-0.9322,-0.34204,-0.8736
9602,-0.004,2895.3,-0.0579,0.19268999999999997,0.0734
9603,-0.02,2154.97,-0.926,-1.06905,-0.8658
9604,-0.077,2591.99,-0.4136,0.34934000000000004,-0.2786
9605,-0.098,3316.86,0.4364,1.3197800000000002,0.5058
9606,0.038,4084.08,1.3361,1.7911199999999998,1.1677
9607,-0.108,2558.11,-0.4533,-0.14653,-0.3204
9608,-0.05,2367.89,-0.6763,-0.3151,-0.5662
9609,-0.108,2951.46,0.008,0.44062,0.1345
9610,0.023,3889.51,1.1079,1.8956500000000003,1.0124
9611,0.013,3154.63,0.2462,1.46257,0.3463
9612,0.029,1479.73,-1.7178,-2.2621499999999997,-2.0613
9613,-0.061,2814.44,-0.1527,-0.16499999999999998,-0.0167
9614,-0.031,3195.59,0.2942,0.85172,0.3873
9615,0.001,1695.54,-0.6901,-0.6871,-0.6713
9616,-0.004,1705.58,-0.6783,-0.6647,-0.6574
9617,-0.043,2312.92,0.0383,0.491,0.0578
9618,0.008,1429.08,-1.0045,-1.3357,-1.0726
9619,-0.16,1053.87,-1.4472,-2.4909,-1.7875
9620,0.072,1478.1,-0.9467,-1.2077,-0.9935
9621,0.021,1028.21,-1.4775,-2.5843,-1.8454
9622,-0.05,5640.31,3.964,3.8739,2.1513
9623,0.043,3404.62,1.3263,1.9581,0.9657
9624,0.035,2224.17,-0.0664,0.3426,-0.0341
9625,-0.024,2512.83,0.2741,0.8056,0.2525
9626,-0.155,2587.15,0.3618,0.9162,0.3209
9627,-0.051,1631.82,-0.7653,-0.8324,-0.7612
9628,-0.276,2590.59,0.3659,0.9212,0.324
9629,-0.102,2705.73,0.5017,1.0862,0.4261
9630,-0.145,2522.36,0.2854,0.8199,0.2614
9631,0.029,1419.9,-1.0153,-1.3601,-1.0878
9632,0.0,1884.74,-0.5732,-0.8903,-0.6061
9633,-0.128,1270.96,-0.8902,-2.6154900000000003,-0.9582
9634,-0.104,1264.33,-0.9023,-2.88165,-0.9738
9635,-0.001,1125.14,-1.0759,-3.48675,-1.3073
9636,0.052,1423.95,-0.78,-2.04441,-0.801
9637,-0.099,2889.55,0.6714,0.8743399999999999,0.7208
9638,0.08,2026.7,-0.1831,-0.5861,-0.042
9639,-0.189,1399.42,-0.8043,-2.3703999999999996,-0.8383
9640,-0.085,1150.25,-1.0511,-3.22853,-1.2599
9641,-0.248,2399.57,0.1862,-0.7410300000000001,0.3212
9642,-0.001,1772.6,-0.4347,-1.9101399999999997,-0.3301
9643,0.22,2279.62,0.0674,-1.12307,0.2109
9644,-0.018,2238.3,0.0264,-0.6829799999999999,0.1716
9645,-0.656,2234.99,0.0232,-0.90574,0.1684
9646,-0.101,1289.94,-1.012,-2.92143,-1.0149
9647,-0.053,1515.52,-0.4145,-2.2189099999999997,-0.3623
9648,-0.073,1494.12,-0.4712,-2.27253,-0.4199
9649,-0.101,1940.03,0.71,-0.6902999999999999,0.6377
9650,-0.087,2417.76,1.9754,-0.10648000000000002,1.5292
9651,-0.054000000000000006,1210.68,-1.222,-3.55741,-1.2716
9652,0.142,2414.49,1.9668,-0.5840099999999999,1.5237
9653,-0.079,2028.36,0.944,-0.73955,0.818
9654,0.069,1280.57,-1.0368,-2.96904,-1.0444
9655,-0.038,1239.25,-1.1463,-3.27286,-1.1772
9656,-0.047,1249.44,-1.1193,-2.3576,-1.144
9657,-0.156,724.395,-2.5101,-5.4317,-3.3504
9658,-0.053,843.579,-2.1944,-4.02201,-2.7341
9659,-0.0412,1437.83,-0.6203,-1.9642000000000004,-0.5754
9660,-0.068,1896.67,0.5951,-1.1213099999999998,0.5461
9661,-0.121,2518.24,2.2416,0.03551,1.6941
9662,-0.015200000000000002,1368.84,-0.803,-2.1383199999999998,-0.7745
9663,-0.052,1866.55,0.5153,-1.0246599999999997,0.4813
9664,-0.133,1485.07,-0.4951,-2.9656800000000003,-0.4445
9665,-0.0039000000000000007,1741.16,0.1832,-1.69893,0.1997
9666,-0.029099999999999997,1593.68,-0.2075,-1.39963,-0.1587
9667,-0.029,1718.05,0.122,-1.1814200000000001,0.1456
9668,0.005000000000000003,1517.55,-0.4091,-1.8605600000000002,-0.3569
9669,-0.02649999999999999,1599.27,-0.1926,-1.6605800000000002,-0.1445
9670,-0.049499999999999995,1908.33,0.626,-0.69639,0.5709
9671,-0.062,1736.49,0.1708,-1.3839700000000001,0.1888
9672,-0.066,2181.15,1.3487,-0.30851999999999996,1.1121
9673,-0.094,2095.89,1.1228,-0.70188,0.9506
9674,-0.007,2342.06,1.7749,-0.30532000000000004,1.4004
9675,-0.135,1386.85,-0.7553,-2.44611,-0.7216
9676,0.001,1951.95,0.7416,-1.03196,0.6625
9677,-0.075,1389.65,-0.7479,-2.4721,-0.7134
9678,-0.503,1690.21,0.0482,-1.30727,0.0794
9679,0.0622,1206.16,-1.2339,-3.45548,-1.2868
9680,0.058,1977.19,0.8084,-0.96893,0.7145
9681,-0.0648,2075.98,1.0701,-0.6271700000000001,0.912
9682,-0.053,2622.18,2.5169,0.33839,1.858
9683,-0.004800000000000003,1911.33,0.634,-1.1153499999999998,0.5773
9684,-0.137,1646.45,-0.0677,-2.08761,-0.0268
9685,0.0444,1964.69,0.7753,-1.05746,0.6888
9686,0.005999999999999998,1397.21,-0.7279,-2.63542,-0.6915
9687,-0.0012999999999999995,2105.11,1.1473,-1.4267800000000002,0.9684
9688,-0.139,1799.96,0.339,-0.71656,0.3342
9689,0.001,1626.6,-0.1203,-1.0919699999999999,-0.0759
9690,-0.125,1868.8,0.5213,-1.26347,0.4862
9691,-0.163,2240.37,1.5055,-0.26504000000000005,1.2206
9692,-0.002,1163.53,-1.1996,-3.9836,-1.273
9693,-0.004,1065.88,-1.3285,-4.3876,-1.4934
9694,0.161,1813.48,-0.3415,-1.9379,-0.1566
9695,0.578,1380.5,-0.9131,-3.1955,-0.8429
9696,-0.276,3736.66,5.469,1.6120899999999998,3.2926
9697,-0.169,1652.06,-0.0528,-2.1552700000000002,-0.013
9698,-0.055,1596.79,-0.1992,-0.97362,-0.1508
9699,-0.055,1533.74,-0.3662,-2.21686,-0.314
9700,-0.163,1810.13,0.3659,-1.1911999999999998,0.357
9701,-0.126,2460.22,2.0879,-0.11259,1.5997
9702,-0.047,1251.27,-1.1145,-2.35229,-1.1381
9703,-0.148,2158.92,1.2898,-0.38743999999999995,1.0706
9704,0.007,2141.13,1.2427,-0.6956,1.0371
9705,-0.051,1906.0999,-0.7409,-1.812,-0.7229
9706,-0.004,1413.5705,-1.4212,-3.4577,-1.7417
9707,-0.038,2202.5645,-0.3315,-1.016,-0.2302
9708,0.012,1284.8235,-1.599,-3.9833,-2.0671
9709,0.012,3222.8592,1.0777,1.08,1.0673
9710,0.227,1590.3,-0.8493,-2.15219,-0.8162
9711,-0.028,580.946,-1.4773,-3.894,-1.5295
9712,0.192,3345.8461,0.7839,1.4485,0.6343
9713,0.005,2935.8849,0.2782,1.0321,0.2514
9714,0.017,2569.0677,-0.1743,0.6069,-0.1394
9715,0.082,3045.7098,0.4136,1.1491,0.359
9716,-0.9,2658.4064,-0.0641,0.7158,-0.0393
9717,0.021,2228.3036700000002,-0.08349,-0.90998,-0.20232
9718,-0.057,2347.3704,-0.4477,0.3194,-0.4037
9719,0.108,4038.8907,0.3026,2.1095,0.2328
9720,0.0,4812.8562,0.9077,3.0396,0.7193
9721,-0.305,2279.9449,-1.0724,-0.9235,-1.3538
9722,0.96,4185.1377,0.417,2.2982,0.3315
9723,0.073,1805.3401,-1.4435,-2.1614,-2.0012
9724,0.034,2312.4684,-1.047,-0.8484,-1.3145
9725,-0.022,7129.882,2.7191,5.1245,1.8099
9726,0.047,1973.9761,-1.3116,-1.6878,-1.7535
9727,-0.032,3208.0479,-0.3469,0.8879,-0.4063
9728,0.027,4555.2435,0.7063,2.7477,0.5666
9729,0.192,3665.3723,0.0106,1.5948,-0.0365
9730,-0.245,6203.3199,1.9947,4.386,1.4236
9731,0.379,8817.1417,4.0381,6.2514,2.3993
9732,-0.065,3223.06,0.3264,0.45233,0.4145
9733,-0.09,3146.68,0.2369,0.86418,0.3382
9734,-0.038,2950.87,0.0073,0.3533799999999999,0.1339
9735,0.19,2307.76,-0.7468,-0.5784199999999999,-0.648
9736,-0.037,1259.04,-1.2522,-3.31285,-1.4203
9737,0.048,1387.69,-0.9548,-2.6838699999999998,-0.9793
9738,-0.032,2096.14,0.3571,-0.7018800000000001,0.4207
9739,0.013,973.172,-0.8786,-1.5928,-0.8268
9740,-0.156,1249.22,-0.3367,-0.5845,-0.2632
9741,-0.055,1203.05,-0.4273,-0.7366,-0.3482
9742,-0.032,1149.73,-0.532,-0.9196,-0.4505
9743,0.062,1137.97,-0.5551,-0.9611,-0.4737
9744,-0.17,1126.61,-0.5774,-1.0017,-0.4964
9745,-0.007,1330.74,-0.1766,-0.3292,-0.1206
9746,-0.168,780.758,-1.2563,-2.4822,-1.3238
9747,-0.163,788.449,-1.2412,-2.4426,-1.3017
9748,0.001,2852.2339,0.175,0.94,0.1668
9749,0.152,3455.4538,0.9191,1.5512,0.7287
9750,0.0,3130.9223,0.5188,1.237,0.4398
9751,0.013,3546.2713,1.0311,1.6339,0.8047
9752,0.093,1975.186,-0.9068,-0.2305,-0.9093
9753,0.002,3326.6939,0.7602,1.4302,0.6175
9754,0.01,3318.6587,0.7503,1.4225,0.6104
9755,0.029,2013.966,-0.859,-0.1686,-0.8523
9756,0.018,3009.8254,0.3694,1.1113,0.3243
9757,0.013,3018.5534,0.3802,1.1206,0.3328
9758,0.038,2178.8481,-0.6556,0.0821,-0.6219
9759,0.384,4261.1568,1.9129,2.219,1.3426
9760,0.02,3767.8135,1.3044,1.8269,0.9822
9761,0.001,3267.0762,0.6867,1.3726,0.5645
9762,-0.011,3488.8873,-0.1273,1.333,-0.1734
9763,0.0,1910.77,0.962,1.132,0.6961
9764,0.0,1433.55,-0.8699,-2.29488,-0.8689
9765,-0.097,1836.85,0.4367,-1.56876,0.4163
9766,0.001,1376.85,-0.7818,-2.82153,-0.7509
9767,0.007,1807.36,-0.4003,-1.52582,-0.2883
9768,-0.138,1258.18,-0.9442,-3.31285,-1.0671
9769,0.01,2227.81,0.0609,-0.3492,0.3352
9770,-0.07,1794.63,-0.4019,-1.1539,-0.0044
9771,-0.001,1741.34,-0.4589,-1.82573,-0.0517
9772,-0.121,1290.81,-0.9403,-2.64157,-0.5218
9773,-0.425,1504.74,-0.7117,-2.40543,-0.281
9774,-0.332,1147.35,-0.9993,-3.49234,-0.9825
9775,-0.02,2009.81,0.1518,-0.90489,0.3782
9776,-0.148,1289.97,-0.809,-2.64157,-0.6982
9777,0.025,2046.8074500000002,-0.10742,-1.1464199999999998,-0.11944000000000002
9778,-0.024,2124.34377,-0.13255,-0.72897,-0.22153
9779,-0.007,2122.5798800000002,-0.43115,-0.15995999999999996,-0.49422999999999995
9780,0.117,1391.2,-1.0492,-1.4376,-1.1357
9781,-0.054,2455.02,0.2059,0.7173,0.1978
9782,-0.074,1829.92,0.4183,-1.07284,0.401
9783,-0.124,1319.7,-0.9332,-2.61592,-0.9225
9784,-0.015,2010.21,0.8959,-0.80166,0.7816
9785,0.0,1954.59,-0.5007,-0.6686,-0.5152
9786,-0.085,1891.24,0.5807,-0.8118299999999999,0.5345
9787,-0.093,1622.3,-0.1316,-1.99553,-0.0866
9788,-0.089,925.389,-1.9777,-3.55464,-2.3594
9789,-0.237,2227.62,1.4718,-0.08406,1.1975
9790,-0.069,1751.1,0.2095,-1.84133,0.2227
9791,0.12,1981.74,0.8205,-0.5485499999999999,0.7238
9792,-0.051,1380.4,-0.7724,-2.7514399999999997,-0.7405
9793,-0.044,1476.53,-0.5178,-1.58595,-0.4679
9794,-0.042,1991.1,0.8453,-0.94826,0.7429
9795,-0.034,1628.87,-0.1142,-2.05941,-0.0703
9796,-0.112,1515.75,-0.4139,-2.235,-0.3617
9797,-0.224,1897.85,0.5983,-1.2189099999999997,0.5486
9798,-0.045,1722.23,0.1331,-0.9276800000000002,0.1554
9799,-0.114,1452.34,-0.5818,-3.06302,-0.5348
9800,0.028,1966.22,0.7794,-1.3855,0.692
9801,-0.015,1926.7,0.6747,-1.00294,0.6097
9802,-0.036,2031.12,0.9513,-0.8988099999999999,0.8235
9803,-0.031,1704.23,0.0854,-0.71546,0.1129
9804,-0.048,985.172,-1.8193,-3.76314,-2.106
9805,-0.072,1511.81,-0.4243,-2.37283,-0.3723
9806,0.011,1927.2,0.676,-1.2146899999999998,0.6108
9807,-0.083,2792.51,-0.1784,0.39472000000000007,-0.0416
9808,-0.055,1921.4,-1.1999,-1.21665,-1.2307
9809,-0.119,1964.12,-1.1498,-1.13407,-1.1608
9810,-0.067,2320.25,-0.7322,-0.25593000000000005,-0.6308
9811,-0.003,3126.34,0.213,0.4959999999999999,0.3176
9812,0.039,2933.02,-0.0137,0.6146900000000001,0.1146
9813,-0.055,2839.38,-0.1235,0.34900000000000003,0.0114
9814,-0.019,1868.23,1.0351,-1.06927,0.9957
9815,0.244,1805.72,-0.6663,-1.55,-0.6426
9816,0.252,4092.31,1.6049,0.7657,1.267
9817,0.067,3108.46,0.5313,-0.2312,0.5691
9818,-0.15,3502.09,0.9608,0.2011,0.8717
9819,0.139,2431.65,-0.2072,-1.1214,-0.054
9820,0.039,2504.04,-0.1282,-1.015,0.0204
9821,0.001,1982.67,-0.6971,-1.8613,-0.572
9822,-0.052,1971.1,-0.7098,-1.8825,-0.5869
9823,-0.137,2029.21,-0.6464,-1.7772,-0.5131
9824,-0.008,1510.94,-1.2119,-2.846,-1.2614
9825,-0.039,1828.47,-0.8654,-2.1547,-0.7774
9826,-0.042,2241.58,0.6265,-0.61928,0.6484
9827,0.595,1519.42,-0.7108,-1.7678700000000003,-0.6715
9828,0.024,1652.2,-0.465,-2.44633,-0.3871
9829,0.493,1654.47,-0.2104,-0.6997,0.0373
9830,-0.132,2211.6,0.4471,0.1866,0.472
9831,0.023,2957.3,0.4911,0.61478,0.4854
9832,-0.086,2979.85,0.5155,0.4742100000000001,0.5066
9833,-0.13,2551.11,0.0518,-0.08353000000000001,0.072
9834,-0.097,1680.99,0.0238,-0.88107,0.0573
9835,-0.085,1434.53,-0.629,-2.29488,-0.5847
9836,-0.043,1114.21,-1.4775,-3.89886,-1.6078
9837,-0.004,1343.19,-0.871,-2.86022,-0.8511
9838,-0.09,1402.66,-0.7134,-2.161,-0.6757
9839,-0.153,1583.61,-0.2341,-2.255,-0.1844
9840,-0.268,1778.06,0.2809,-1.0966200000000002,0.2846
9841,-0.083,1860.4,0.4991,-1.5816400000000002,0.4679
9842,-0.05,2186.49,1.3628,-0.43410000000000004,1.122
9843,0.0,1212.76,-1.2165,-3.1689099999999994,-1.2647
9844,0.053,1481.7,-0.5041,-1.9174300000000002,-0.4537
9845,-0.105,1414.58,-0.6819,-2.63926,-0.6414
9846,-0.058,1657.76,-0.0377,-2.0868200000000003,0.0009
9847,-0.073,1434.21,-0.6299,-2.29488,-0.5856
9848,-0.088,1086.77,-1.5502,-3.51288,-1.7087
9849,0.207,4341.3641,0.5391,2.4926,0.4332
9850,-0.035,3837.8657,0.1455,1.8387,0.0911
9851,0.466,2473.1,-0.553,-0.5276099999999999,-0.4279
9852,0.08,2357.65,-0.6883,-0.7065400000000001,-0.58
9853,-0.119,2147.56,-0.9347,-0.9514900000000001,-0.8768
9854,-0.065,2188.48,-0.8867,-0.8708400000000001,-0.8168
9855,-0.073,2437.53,-0.5947,-0.08197000000000003,-0.474
9856,0.031,3438.67,0.5793,1.6023799999999997,0.6205
9857,-0.057,4068.77,1.3181,1.8738499999999998,1.1557
9858,-0.004,2044.8,-1.0552,-1.0168300000000001,-1.0327
9859,0.056,3642.09,0.8178,1.12752,0.8033
9860,-0.053,3592.05,0.7591,1.7169899999999998,0.7593
9861,-0.049,2675.11,-0.3161,0.37938,-0.1782
9862,-0.01,2740.35,-0.2396,0.19637,-0.1015
9863,0.002,3372.72,0.5019,1.12208,0.5589
9864,0.013,3104.1,0.1869,1.01553,0.2949
9865,0.001,2053.9,-1.0445,-1.16096,-1.0186
9866,-0.099,3967.55,1.1994,1.74631,1.0756
9867,-0.089,3505.13,0.6572,1.14833,0.6814
9868,-0.059,3099.15,0.1811,0.40854999999999997,0.2898
9869,0.0,2345.78,-0.7023,-0.44637000000000004,-0.596
9870,-0.035,3277.06,0.3897,1.5099500000000001,0.4674
9871,-0.012,1231.3,-2.0091,-3.1119800000000004,-2.6456
9872,-0.078,2751.58,-0.2264,0.8363299999999999,-0.0885
9873,-0.062,2616.81,-0.3845,0.032239999999999915,-0.2483
9874,-0.039,2648.38,-0.3474,0.44928999999999997,-0.2101
9875,0.052,3679.57,0.8617,0.8077300000000001,0.8359
9876,-0.106,2754.08,-0.2235,0.23420999999999997,-0.0856
9877,-0.045,2403.94,-0.6341,-0.31168,-0.5181
9878,0.0,1212.39,-2.0313,-3.16891,-2.6948
9879,0.226,3599.97,0.7684,1.5807600000000002,0.7663
9880,-0.09,2305.75,-0.7492,-0.5861800000000001,-0.6508
9881,-0.064,2958.84,0.0166,0.22589999999999993,0.1425
9882,0.354,2540.04,-0.4745,0.06079,-0.343
9883,-0.045,3291.05,0.4062,1.23158,0.4809
9884,-0.055,3328.48,0.45,0.91408,0.5169
9885,-0.066,3075.34,0.1532,0.74401,0.2653
9886,-0.058,3234.23,0.3395,1.5350800000000002,0.4255
9887,-0.294,1998.92,-1.109,-0.8261999999999998,-1.1049
9888,0.119,2985.52,0.0479,0.27820999999999996,0.171
9889,-0.061,2511.74,-0.5077,-0.20893999999999996,-0.3786
9890,-0.064,3138.8,0.2276,0.5156000000000001,0.3303
9891,-0.051,2942.4,-0.0027,0.4284,0.1247
9892,-0.039,2476.24,-0.5493,0.13835000000000003,-0.4239
9893,-0.065,3367.13,0.4954,0.7987200000000001,0.5536
9894,-0.016,3865.91,1.0802,1.8885999999999998,0.993
9895,-0.068,3179.49,0.2753,0.7181299999999999,0.3712
9896,-0.043,3631.09,0.8049,1.30435,0.7937
9897,-0.16,2348.62,-0.6989,-0.13865,-0.5922
9898,-0.105,2895.69,-0.0574,0.40271,0.0738
9899,-0.003,2545.52,2.3138,0.07146,1.7378
9900,-0.017,2904.89,0.4344,0.23510999999999999,0.4354
9901,-0.073,2373.75,-0.1401,-0.4990799999999999,-0.1296
9902,-0.073,3016.77,3.0582,0.8529499999999999,1.8366
9903,-0.184,838.01,-1.6856,-3.47761,-2.0677
9904,0.033,926.578,-1.4927,-3.554639999999999,-1.7616
9905,-0.013,1512.35,-0.2173,-2.37283,-0.2685
9906,0.213,1146.99,-1.0128,-3.49234,-1.1113
9907,0.109,1854.57,0.5278,-0.8162799999999999,0.3533
9908,-0.035,2950.12,0.7314,0.55076,0.7654
9909,0.144,2212.91,0.0013,-0.48856,0.147
9910,-0.213,1002.2,-1.1977,-4.53992,-1.556
9911,-0.014,1948.93,0.7332,-0.95975,0.5046
9912,-0.136,775.701,-1.8212,-4.897150000000001,-2.3031
9913,-0.03,1315.15,-0.6467,-2.53385,-0.6944
9914,-0.154,2039.8,0.9311,-0.53206,0.6435
9915,-0.103,1476.61,-0.2952,-1.58595,-0.3414
9916,0.285,4129.61,1.8994,1.3576,1.4888
9917,-0.055,2862.34,0.6444,0.36984999999999996,0.7004
9918,0.186,3320.0,1.0977,1.30956,1.0194
9919,-0.453,3689.77,1.4639,1.63964,1.2466
9920,-0.217,2751.2,0.5344,0.87227,0.6153
9921,-0.018,2512.44,0.5812,-0.4348,0.6637
9922,0.037,1230.33,-1.1114,-3.7263,-1.1326
9923,0.083,966.713,-1.4594,-4.8376,-1.739
9924,0.012,2603.93,0.702,-0.2699,0.7537
9925,-0.035,2387.9,-0.1248,-0.3327,-0.1129
9926,-0.222,2544.96,0.0451,-0.27739,0.0653
9927,0.265,1717.72,-0.8497,-1.2066299999999999,-1.0344
9928,0.012,4678.82,2.3531,2.5516199999999998,1.769
9929,0.049,2588.62,0.0923,0.26264,0.1129
9930,-0.048,974.638,-1.8472,-4.06885,-2.1496
9931,-0.025,1837.16,0.4375,-1.7438200000000001,0.417
9932,-0.083,1149.75,-1.3834,-3.12395,-1.4807
9933,-0.175,2453.06,2.0689,-0.045589999999999985,1.5879
9934,-0.0373,1627.78,-0.1171,-1.4558500000000003,-0.073
9935,-0.08,1639.44,-0.0862,-1.92606,-0.0441
9936,-0.097,1489.64,-0.483,-1.92269,-0.4321
9937,-0.081,1625.8,-0.1224,-1.30613,-0.0779
9938,-0.067,1140.14,-1.4088,-3.4240899999999996,-1.5147
9939,-0.152,2068.16,1.0494,-1.0281200000000001,0.8967
9940,-0.085,1591.87,-0.2122,-1.9643000000000002,-0.1633
9941,-0.152,1912.85,0.638,-1.28702,0.5805
9942,-0.014799999999999999,1367.37,-0.8069,-2.18043,-0.7789
9943,-0.01,1172.15,-1.324,-2.94334,-1.4026
9944,0.314,1669.28,-0.0072,-1.7885600000000004,0.029
9945,-0.069,1397.93,-0.726,-2.80497,-0.6894
9946,-0.107,1430.24,-0.6404,-2.44108,-0.5969
9947,-0.223,2410.54,1.9563,0.29868000000000006,1.5171
9948,-0.12,1424.2,-0.6564,-2.04441,-0.614
9949,0.024,1349.15,-0.8552,-2.98483,-0.8332
9950,0.074,1694.32,0.0591,-1.51922,0.0893
9951,-0.756,1957.38,-0.4978,-0.6599,-0.5116
9952,-0.016,2619.91,0.245,-0.0606,0.3612
9953,0.02,1905.9095,-0.9923,-0.3442,-1.0138
9954,-0.001,2252.9023,-0.5643,0.1886,-0.524
9955,0.098,975.932,-0.9547,-6.1758,-0.8058
9956,0.063,2210.4,1.0828,-0.0621,1.0108
9957,0.126,1417.85,-0.2253,-3.3831,0.024
9958,0.178,1327.98,-0.3737,-3.8727,-0.1215
9959,-0.038,1049.78,-0.8328,-5.6304,-0.6438
9960,0.003,1513.54,-0.0674,-2.8947,0.1691
9961,0.125,1363.98,-0.3142,-3.6727,-0.0621
9962,-0.053,2169.45,1.0152,-0.2019,0.9693
9963,0.115,1726.59,0.2843,-1.9097,0.4618
9964,0.273,1470.54,-0.1384,-3.1102,0.1051
9965,0.15,1414.65,-0.2306,-3.4,0.019
9966,0.231,1127.55,-0.7045,-5.0961,-0.485
9967,0.076,1204.51,-0.5775,-4.6024,-0.3383
9968,-0.004,1581.24,-0.2968,-0.8379,-0.0305
9969,-0.031,1516.91,-0.3728,-0.9647,-0.0927
9970,0.039,1160.12,-1.3218,-2.1266,-1.5621
9971,0.178,960.806,-1.557,-2.8415,-2.0045
9972,-0.058,2208.49,-0.0849,0.3157,-0.0507
9973,0.064,1531.47,-0.8837,-1.0732,-0.9102
9974,0.187,1980.63,-0.3538,-0.0975,-0.3064
9975,0.339,2199.13,-0.096,0.2996,-0.0607
9976,-0.035,2042.78,-0.5736,-2.6768,-0.4119
9977,-0.149,2739.59,0.3136,1.3883,0.3281
9978,-0.024,2633.75,0.2641,-0.0316,0.3792
9979,-0.011,3113.12,0.1975,0.58026,0.3041
9980,-0.023,2471.53,-0.5548,-0.12780999999999998,-0.4299
9981,-0.143,3076.12,0.1541,0.74401,0.2661
9982,0.014,3231.68,0.3365,1.1536199999999999,0.423
9983,0.018,2593.9,-0.4113,0.28636,-0.2762
9984,-0.053,2940.25,-0.0052,0.02761000000000004,0.1224
9985,0.0,2552.37,-0.46,-0.05682,-0.3276
9986,-0.001,2168.33,-0.9103,-0.97424,-0.8462
9987,-0.066,3731.34,0.9224,1.12149,0.8803
9988,0.498,2969.53,0.0291,0.52514,0.1539
9989,-0.115,4416.28,1.7256,2.89759,1.4164
9990,-0.059,2453.9,-0.5755,-0.33462,-0.4527
9991,-0.03,2905.02,-0.0465,0.23510999999999999,0.0841
9992,-0.04,3776.58,0.9755,1.8565199999999997,0.9187
9993,-0.046,3004.1,0.0697,0.68579,0.1907
9994,0.002,2677.79,-0.313,0.17700999999999997,-0.175
9995,-0.047,1747.14,-1.4042,-1.6642100000000002,-1.533
9996,-0.083,3339.0,0.4624,1.0398200000000002,0.5269
9997,0.015,3280.02,0.3932,1.00732,0.4702
9998,0.339,2140.05,-0.1657,0.1963,-0.1246
9999,0.493,2882.48,0.7102,1.3264,0.5747
10000,-0.02,1144.46,-1.3403,-2.1781,-1.594
10001,-0.046,2447.28,0.0065,-0.4359,0.1289
10002,-0.12,1655.84,-1.0866,-2.5869,-1.2026
10003,-0.067,3030.23,0.1003,0.6115400000000001,0.2183
10004,-0.048,3173.04,0.2678,0.8624499999999999,0.3648
10005,-0.023,2825.01,-0.1403,0.48577999999999993,-0.0048
10006,-0.038,2626.2,-0.3734,0.05695,-0.2369
10007,0.118,3247.03,0.3545,0.8490199999999998,0.4381
10008,0.191,2782.21,-0.1905,0.56808,-0.0533
10009,-0.043,5052.94,2.4721,2.9697500000000003,1.8448
10010,-0.046,3352.99,0.4788,0.9653799999999999,0.5402
10011,-0.088,3023.53,0.0925,0.7010500000000001,0.2112
10012,-0.008,2233.82,-0.8335,-0.6812099999999999,-0.7515
10013,-0.009,3649.46,0.8264,0.98605,0.8097
10014,0.109,2749.22,-0.2292,0.47084000000000004,-0.0913
10015,-0.055,2931.56,-0.0154,0.34041,0.113
10016,-0.091,2802.95,-0.1662,0.61839,-0.0297
10017,0.104,2779.19,-0.1941,0.14296999999999999,-0.0568
10018,-0.123,3887.72,1.1058,1.69945,1.0109
10019,0.444,2654.1,-0.3407,0.48261000000000004,-0.2033
10020,0.001,1277.05,-0.7297,-2.8971900000000006,-0.784
10021,-0.044,1250.09,-0.7883,-2.3576,-0.849
10022,-0.128,1468.41,-0.313,-2.42531,-0.3584
10023,-0.046,1500.68,-0.2427,-1.76675,-0.2922
10024,-0.153,1953.27,0.7427,-0.6831999999999999,0.5113
10025,-0.04,2154.33,1.1804,-0.46038999999999997,0.81
10026,-0.055,916.716,-1.5142,-4.01177,-1.7942
10027,-0.122,2246.41,1.3809,-0.32082000000000005,0.9376
10028,-0.024,1773.47,0.3512,-1.57232,0.217
10029,-0.07,1172.2,-0.9579,-2.94334,-1.0451
10030,-0.425,1543.67,-0.1491,-2.0919499999999998,-0.2061
10031,-0.158,1825.5,0.4645,-1.45276,0.3051
10032,-0.056,1561.05,-0.1113,-2.02482,-0.1719
10033,-0.009,1380.35,-0.5047,-2.7514399999999997,-0.5469
10034,-0.164,1700.37,0.192,-1.42724,0.0886
10035,-0.15,2161.5,1.2966,-0.8876800000000001,1.0755
10036,-0.076,1838.91,0.4421,-1.4703799999999998,0.4209
10037,-0.101,2183.9,1.356,-0.45213000000000003,1.1172
10038,0.005,1006.45,-1.7629,-4.780490000000001,-2.0195
10039,-0.091,1597.84,-0.1964,-1.2126599999999998,-0.1482
10040,0.04,1557.29,0.2681,0.3058,0.2343
10041,0.046,2207.4,1.5443,1.715,1.0219
10042,-0.1,3143.03,3.3811,3.1427,1.8197
10043,0.013,1128.96,-0.5728,-0.9932,-0.4917
10044,0.109,1484.19,0.1246,0.1116,0.1258
10045,-0.11,1023.18,-0.7804,-1.3905,-0.7137
10046,0.024,1308.29,-0.2207,-0.3979,-0.159
10047,0.004,1686.82,0.5224,0.6285,0.4147
10048,-0.028,1751.01,-0.6539,-2.2907400000000004,-0.5671
10049,0.019,4109.38,2.2142,2.36457,1.6401
10050,0.0,2468.2,0.2183,-0.32196,0.321
10051,-0.177,1989.25,-0.3642,-1.05891,-0.2371
10052,-0.058,1959.03,0.7552,-0.7884599999999999,0.5203
10053,-0.13,1754.1,0.309,-1.07884,0.1835
10054,0.129,1638.23,0.0567,-1.8690200000000001,-0.0248
10055,-0.029,1566.31,-0.0999,-1.9517700000000004,-0.1617
10056,-0.032,1981.4,0.8039,-0.6460299999999999,0.5549
10057,-0.203,1570.09,-0.0916,-2.02954,-0.1543
10058,-0.114,1667.94,0.1214,-1.6463899999999998,0.0299
10059,0.057,1894.5,-0.314,-1.24913,-0.1871
10060,-0.112,1534.09,-0.6709,-2.32299,-0.6408
10061,-0.065,2099.32,-0.2137,0.1234,-0.1697
10062,0.342,3517.3,1.4592,2.0817,1.0422
10063,-0.015,1987.15,-0.3461,-0.085,-0.2987
10064,0.552,3130.78,1.0032,1.6399,0.7688
10065,-0.092,2567.03,0.3381,0.8866,0.3026
10066,0.45,2230.18,-0.0594,0.3528,-0.0277
10067,0.0,2521.6,0.2845,0.8188,0.2606
10068,-0.232,978.0,-1.5367,-2.7742,-1.9628
10069,-0.097,2084.05,-0.2318,0.0957,-0.1869
10070,0.243,2157.55,-0.145,0.2272,-0.1055
10071,0.021,845.794,-1.6927,-3.3249,-2.3036
10072,0.36,1634.98,-0.7616,-0.8251,-0.7566
10073,-0.001,1898.57,-0.4506,-0.258,-0.4057
10074,0.049,2492.5,0.2501,0.7748,0.2334
10075,0.265,1430.83,-1.0024,-1.331,-1.0698
10076,0.39,1044.84,-1.4578,-2.5235,-1.8077
10077,0.493,1891.77,-0.4586,-0.2716,-0.4141
10078,0.034,1696.05,-0.6895,-0.6859,-0.6706
10079,-0.015,1456.37,-1.2714,-2.9793,-1.3547
10080,-0.461,2059.11,0.8331,-0.5924,0.8533
10081,-0.226,1318.23,-1.1353,-1.642,-1.2622
10082,0.041,1669.05,-0.4338,-1.8361399999999999,-0.3527
10083,-0.218,1681.04,-0.4116,-1.06559,-0.3284
10084,-0.075,1332.04,-1.0578,-2.8448700000000002,-1.1182
10085,0.025,1684.72,-0.4047,-1.35356,-0.321
10086,-0.04,1906.89,0.0067,-1.0870400000000002,0.0995
10087,0.004,1243.0,-1.2227,-3.1535199999999994,-1.353
10088,0.073,2183.29,1.2435,-0.06707999999999999,0.8507
10089,-0.018,2512.06,1.9593,0.05364000000000002,1.2784
10090,-0.033,1874.33,0.5708,-0.7035300000000001,0.3856
10091,0.608,3649.33,4.4354,1.1723199999999998,2.4171
10092,-0.043,1515.87,-0.2097,-2.235,-0.2615
10093,0.087,1038.35,-1.7276,-4.2052,-2.2129
10094,-0.013,1384.05,-0.5295,-1.2446,-0.23
10095,0.049,2246.55,0.4883,0.2345,0.4955
10096,0.242,906.622,-1.093,-2.536,-0.8634
10097,0.0,2729.9,1.0587,0.8297,0.7874
10098,-0.362,1850.26,0.0206,-0.3582,0.2048
10099,-0.112,1591.54,-0.2847,-0.8181,-0.0208
10100,0.158,1389.55,-0.5231,-1.2325,-0.2241
10101,0.838,2286.53,0.5355,0.2884,0.5219
10102,-0.102,1522.52,-0.3661,-0.9535,-0.0872
10103,-0.019,1987.07,0.1821,-0.1403,0.3116
10104,0.005,1707.12,-0.1483,-0.604,0.0842
10105,-0.341,1626.59,-0.2433,-0.7516,0.0118
10106,0.005,1462.51,-0.437,-1.0763,-0.1474
10107,-0.579,1103.64,-0.8605,-1.9358,-0.569
10108,0.066,1540.98,-0.3444,-0.9167,-0.0692
10109,0.063,1907.56,0.583,-1.1642,0.6833
10110,0.14,1221.55,-0.5493,-4.4974,-0.3071
10111,0.085,822.528,-1.2079,-7.4541,-1.1857
10112,0.08,700.886,-1.4087,-8.6501,-1.5411
10113,-0.002,1419.55,-0.2225,-3.3741,0.0267
10114,0.128,1255.67,-0.493,-4.2914,-0.2459
10115,0.071,1590.91,0.0603,-2.5218,0.2799
10116,-0.206,2651.12,1.8103,1.2979,1.415
10117,0.073,2067.29,0.8466,-0.5627,0.8621
10118,0.069,1757.92,0.336,-1.7752,0.5018
10119,0.124,1756.77,0.3341,-1.7801,0.5003
10120,0.181,1222.92,-0.5471,-4.489,-0.3046
10121,0.154,1564.83,0.0173,-2.6454,0.2432
10122,0.148,1077.18,-0.7876,-5.4378,-0.5866
10123,0.128,1088.21,-0.7694,-5.3616,-0.5639
10124,0.137,1783.54,0.3783,-1.667,0.5339
10125,0.022,1673.79,-1.0618,-2.5275,-1.1659
10126,0.011,2113.48,-0.4545,-1.2433,-0.3709
10127,-0.002,2129.85,-0.4319,-1.2008,-0.3446
10128,-0.011,1807.69,-0.8768,-2.1038,-0.9036
10129,-0.006,1893.81,-0.7579,-1.8476,-0.745
10130,-0.066,1695.78,-1.0314,-2.4556,-1.1214
10131,-0.031,1854.77,-0.8118,-1.9622,-0.816
10132,-0.022,1906.25,-0.7407,-1.8115,-0.7227
10133,-0.003,2718.5,0.3811,0.1428,0.4872
10134,-0.055,2533.57,0.1257,-0.2451,0.247
10135,-0.007,2165.79,-0.3822,-1.1087,-0.2876
10136,-0.043,1662.83,-1.0769,-2.5637,-1.1883
10137,-0.03,2235.17,-0.2864,-0.9351,-0.1801
10138,0.132,2686.79,0.3373,0.0782,0.4472
10139,0.017,2002.54,-0.6077,-1.5402,-0.5547
10140,0.467,3609.6,1.6119,1.7041,1.4537
10141,-0.038,2451.66,0.0126,-0.426,0.135
10142,-0.023,2535.61,0.1285,-0.2407,0.2498
10143,0.006,2411.27,-0.0432,-0.5175,0.0784
10144,-0.092,2014.81,-0.5908,-1.5066,-0.5339
10145,-0.043,1632.6,-1.1187,-2.6647,-1.2508
10146,-0.05,1930.19,-0.7077,-1.7428,-0.6801
10147,-0.008,1479.87,-1.3296,-3.2054,-1.5855
10148,-0.012,2032.89,-0.5658,-1.4574,-0.5034
10149,0.027,2846.72,0.5582,0.3966,0.6443
10150,0.011,1901.57,-0.7472,-1.8251,-0.731
10151,-0.048,1699.01,-1.0269,-2.4452,-1.1149
10152,-0.001,2726.34,0.392,0.1587,0.497
10153,-0.014,1730.5,-0.9835,-2.3441,-1.0523
10154,0.002,2351.54,-0.1257,-0.6556,-0.0071
10155,-0.041,2219.71,-0.3078,-0.9733,-0.2038
10156,-0.049,1567.67,0.5198,-1.9517699999999998,0.684
10157,0.038,578.832,-1.1755,-7.2939300000000005,-1.086
10158,0.195,729.794,-0.9167,-4.8436,-0.6745
10159,-0.237,991.819,-0.4675,-3.5743400000000003,-0.1296
10160,0.096,466.634,-1.3678,-5.116199999999999,-1.4685
10161,0.024,460.364,-1.3786,-5.82416,-1.4925
10162,0.0,369.909,-1.5337,-7.536930000000001,-1.8806
10163,0.001,1025.66,-0.4094,-2.6416700000000004,-0.07
10164,-0.086,914.201,-0.6005,-4.501589999999999,-0.2743
10165,-0.087,1985.29,1.2358,-0.61926,1.1037
10166,-0.037,1053.04,-0.3625,-2.8937299999999997,-0.0232
10167,0.032,827.011,-0.75,-4.22493,-0.4524
10168,-0.017,1190.82,-0.1263,-2.64773,0.1953
10169,-0.048,1185.4,-0.1356,-3.7206200000000003,0.1872
10170,0.149,1888.95,1.0706,-1.18794,1.0153
10171,-0.076,1354.38,0.1541,-2.4623800000000005,0.424
10172,0.134,628.577,-1.0902,-4.039669999999999,-0.9397
10173,0.145,1429.9,0.2836,-2.4410800000000004,0.5205
10174,-0.103,403.148,-1.4767,-6.869839999999999,-1.728
10175,-0.662,1515.68,0.4307,-1.91607,0.624
10176,0.037,508.675,-1.2958,-6.401730000000001,-1.3154
10177,-0.08,2055.28,1.3558,-0.00991000000000002,1.1653
10178,-0.008,1732.12,0.8017,-2.03986,0.8613
10179,0.006,1465.44,0.3445,-2.21265,0.5641
10180,-0.035,1628.31,0.6238,-1.65778,0.7514
10181,0.012,315.27,-1.6273,-8.40691,-2.164
10182,-0.171,358.073,-1.554,-7.05488,-1.9383
10183,-0.095,1410.92,0.2511,-2.66327,0.4967
10184,-0.117,1501.04,0.4056,-1.7370999999999999,0.6068
10185,0.272,797.442,-0.8007,-3.64786,-0.5171
10186,-0.037,2163.13,1.5407,-0.98547,1.2563
10187,0.033,1910.76,1.108,-1.05897,1.0357
10188,-0.154,912.548,-0.6034,-4.50614,-0.2776
10189,0.02,1756.41,0.8434,-0.9692999999999999,0.886
10190,-0.064,444.635,-1.4056,-6.22428,-1.5542
10191,0.048,2402.3552,-0.9767,-0.6462,-1.2087
10192,-0.109,5106.2086,1.137,3.3535,0.8835
10193,-0.101,3650.274,-0.0012,1.5729,-0.0479
10194,1.64,5150.0145,1.1713,3.3988,0.9072
10195,-0.132,3303.9223,-0.2719,1.0441,-0.3245
10196,0.352,4845.3073,0.9331,3.0752,0.7379
10197,-0.013,824.606,-1.9608,-5.0401,-2.7974
10198,0.181,1300.34,-0.4193,-4.03,-0.1682
10199,-0.011,1829.8,-0.0885,-1.07284,0.1504
10200,0.034,2385.52,1.9219,-0.20239000000000001,1.4302
10201,-0.054,1608.06,0.589,-1.91933,0.7292
10202,0.067,1778.11,0.8806,-1.1850200000000002,0.9078
10203,-0.017,1304.36,0.0684,-3.9875499999999997,0.3572
10204,0.014,888.393,-0.6448,-4.321949999999999,-0.3252
10205,-0.037,1870.11,1.0383,-1.31365,0.9975
10206,0.091,735.106,-0.9076,-4.947570000000001,-0.6616
10207,-0.057,2628.35,2.3382,0.09137999999999999,1.6025
10208,0.12,535.572,-1.2496,-6.31407,-1.2239
10209,-0.141,1916.22,1.1173,-0.4094100000000001,1.0408
10210,-0.062,588.436,-1.159,-7.293930000000001,-1.0568
10211,0.052,1603.38,0.581,-1.5960499999999997,0.724
10212,-0.056,941.905,-0.553,-3.16306,-0.2213
10213,0.139,519.774,-1.2767,-7.7611099999999995,-1.2771
10214,0.001,1248.52,-0.0274,-2.7365000000000004,0.2794
10215,-0.041,1545.22,0.4813,-1.9835,0.6583
10216,0.022,2683.21,2.4323,0.5603400000000001,1.6393
10217,-0.012,625.874,-1.0948,-4.06137,-0.9473
10218,-0.119,860.153,-0.6932,-3.4915,-0.3826
10219,-0.144,687.945,-0.9884,-4.740399999999999,-0.7794
10220,-0.114,1236.87,-0.0473,-2.63405,0.2628
10221,0.005,1098.53,-0.2845,-2.73053,0.052
10222,-0.001,1296.28,0.0545,-1.89302,0.3461
10223,0.22,340.271,-1.5845,-7.996509999999999,-2.0287
10224,-0.107,2119.7,1.4662,-0.52769,1.2202
10225,0.332,3866.26,1.4743,1.8695300000000004,1.2353
10226,-0.003,2184.19,-0.3451,-0.33521999999999996,-0.3624
10227,0.114,1847.98,-0.7088,-1.7460999999999998,-0.83
10228,-0.013,1697.73,-0.8713,-1.94509,-1.0672
10229,-0.038,1812.14,-0.7475,-2.02043,-0.8847
10230,-0.067,2553.67,0.0545,0.12021000000000004,0.0748
10231,-0.014,1508.35,-1.0761,-2.37588,-1.398
10232,-0.686,3165.6381,1.2313,1.02,0.8613
10233,-0.196,1418.67,-1.7894,-3.07353,-2.1953
10234,0.039,1272.84,-1.9604,-2.82268,-2.5401
10235,0.072,1842.57,-1.2923,-1.41677,-1.3639
10236,-0.088,2134.38,-0.9502,-0.6444899999999999,-0.8964
10237,-0.184,1879.79,-1.2487,-1.29695,-1.3003
10238,-0.05,2674.94,-0.3163,0.37938,-0.1784
10239,-0.257,1286.25,-1.9447,-3.4042000000000003,-2.5068
10240,0.005,3245.55,0.3528,0.78146,0.4366
10241,-0.005,1667.82,-1.07,-2.5472,-1.1781
10242,-0.046,2727.29,0.3933,0.1606,0.4982
10243,-0.029,2534.09,0.1264,-0.244,0.2477
10244,0.002,1956.8,-0.6709,-1.6674,-0.6335
10245,-0.02,1784.59,-0.9087,-2.1746,-0.9474
10246,0.056,2031.04,-0.5684,-1.4624,-0.5065
10247,-0.049,1781.82,-0.9126,-2.1832,-0.9527
10248,-0.001,2755.66,0.4325,0.2176,0.5334
10249,-0.083,1577.69,-1.1945,-2.853,-1.3674
10250,0.239,1802.33,-0.8842,-2.1201,-0.9137
10251,-0.046,1156.31,-1.7765,-4.5634,-2.4262
10252,-0.036,2544.53,0.1409,-0.2213,0.2617
10253,-0.058,3143.78,0.9685,0.9432,0.9826
10254,-0.037,1737.45,-0.9739,-2.322,-1.0387
10255,-0.003,2155.92,-0.3959,-1.1339,-0.3032
10256,-0.041,1575.5,-1.1975,-2.8607,-1.3721
10257,-0.032,2344.46,-0.1355,-0.6722,-0.0174
10258,-0.047,3421.7,1.3524,1.4097,1.2714
10259,0.003,1601.11,-1.1622,-2.7719,-1.3172
10260,0.133,1609.48,-1.1506,-2.7432,-1.2994
10261,-0.072,3589.07,1.5835,1.6727,1.4342
10262,-0.108,2824.21,0.5271,0.3529,0.6172
10263,-0.124,1650.92,-1.0934,-2.6032,-1.2128
10264,-0.058,2580.7640199999996,0.21467,-0.55989,0.24653
10265,-0.219,2021.3704,-0.8499,-0.1569,-0.8416
10266,0.005,3789.944,1.3317,1.8456,0.9993
10267,-0.008,2224.7636,-0.599,0.1485,-0.5608
10268,0.029,1515.1935,-1.4742,-1.0749,-1.6856
10269,-0.144,3474.7197,0.9428,1.5689,0.745
10270,-0.754,1595.0492,-1.3757,-0.9113,-1.5352
10271,0.094,3795.1043,1.338,1.8499,1.0033
10272,0.004,3335.0084,0.7705,1.4382,0.6248
10273,0.035,2708.2102,-0.0027,0.7749,0.015
10274,0.01,2018.6506,-0.8532,-0.1612,-0.8455
10275,0.08,3365.3705,0.8079,1.4671,0.6513
10276,0.005,3417.2322,0.8719,1.5158,0.6961
10277,0.058,4174.2897,1.8057,2.1534,1.2822
10278,0.259,4607.2396,2.3398,2.4678,1.5713
10279,0.002,2860.1243,0.1847,0.9488,0.1749
10280,0.021,2775.2324,0.08,0.8528,0.0866
10281,0.022,3108.8953,0.4916,1.2145,0.4191
10282,1.35,4457.0939,2.1546,2.3622,1.4742
10283,0.0,3623.4279,1.1263,1.7025,0.8677
10284,0.0,4493.5368,2.1995,2.3882,1.4981
10285,0.0,3632.5283,1.1375,1.7104,0.8751
10286,0.032,2606.2344,-0.1284,0.6527,-0.0974
10287,0.098,3674.5451,1.1893,1.7471,0.9087
10288,-0.008,4887.0656,2.685,2.6557,1.744
10289,-0.146,2347.1269999999995,0.23756999999999998,-0.72992,0.16640000000000002
10290,0.04,2528.3541400000004,0.37746,-1.49889,0.1242
10291,0.235,4412.0988,2.0991,2.3299,1.4445
10292,0.025,3610.946,1.1109,1.6915,0.8576
10293,0.179,2059.8083899999997,-0.19061,-1.0652,-0.28021
10294,-0.038,2079.703,-0.21974,0.82302,-0.1674
10295,0.0,3510.6661,0.9872,1.6017,0.7751
10296,0.022,2707.1658,-0.0039,0.7737,0.0139
10297,0.112,2946.6088,0.2914,1.0437,0.2621
10298,-0.032,2711.2816,0.0011,0.7786,0.0183
10299,0.642,5003.2504,2.8283,2.7305,1.8128
10300,-0.568,1968.216,-0.9154,-0.2417,-0.9196
10301,0.277,6578.8031,4.7717,3.6028,2.6148
10302,0.104,4464.6948,2.164,2.3677,1.4792
10303,-0.075,3607.585,1.1067,1.6885,0.8549
10304,0.086,3165.028,0.5608,1.2715,0.4715
10305,0.049,5041.1203,2.875,2.7545,1.8349
10306,-0.006,3220.7781,0.6296,1.3272,0.5227
10307,0.182,4848.6889,2.6376,2.6305,1.7209
10308,-0.018,3102.2975,0.4834,1.2077,0.4129
10309,0.011,4126.8437,1.7472,2.1169,1.2487
10310,-0.008,3113.766,0.4976,1.2195,0.4237
10311,-0.057,3418.2353,0.8732,1.5167,0.697
10312,0.012,3018.9464,0.3806,1.121,0.3331
10313,0.038,2553.3385,-0.1937,0.5873,-0.1574
10314,2.36,7328.5803,5.6966,3.9467,2.9309
10315,0.049,3712.6529,1.2363,1.78,0.939
10316,0.009,3656.8718,1.1675,1.7317,0.8946
10317,0.046,3500.2007,0.9743,1.5922,0.7664
10318,0.01,3616.2097,1.1174,1.6961,0.8619
10319,-0.118,3813.2637,1.3604,1.8651,1.0173
10320,-0.034,2848.3352,0.1702,0.9357,0.1628
10321,0.209,4338.5306,2.0083,2.2763,1.3953
10322,0.008,4758.9779,2.527,2.571,1.6662
10323,0.511,4672.2659,2.42,2.5124,1.6123
10324,0.009,4441.1062,2.1349,2.3508,1.4637
10325,-0.155,3548.1017,1.0333,1.6355,0.8062
10326,0.002,3403.2508,0.8547,1.5027,0.6841
10327,-0.028,2583.8558,-0.156,0.6252,-0.1226
10328,-0.633,2489.5119,-0.2724,0.5067,-0.2316
10329,0.059,3840.1925,1.3936,1.8876,1.0379
10330,0.0,2634.3318,-0.0938,0.6868,-0.066
10331,-0.112,3960.7206,0.2415,2.0059,0.1786
10332,-0.02,6318.7601,2.085,4.4838,1.4747
10333,-0.001,2191.63,-1.1415,-1.1331,-1.4634
10334,-0.06,3069.9912,-0.4548,0.6545,-0.5283
10335,0.024,5899.9157,1.7575,4.1199,1.2844
10336,0.24,5017.1595,1.0674,3.2601,0.8346
10337,0.258,4758.9883,0.8656,2.9799,0.688
10338,0.115,3291.3369,-0.2818,1.0238,-0.3351
10339,0.162,1911.349,-1.3606,-1.8588,-1.843
10340,0.202,3393.5092,-0.2019,1.186,-0.2503
10341,0.152,3564.7512,-0.068,1.4471,-0.1137
10342,0.114,3584.5859,-0.0525,1.4765,-0.0983
10343,-0.04,3000.9835,-0.5087,0.5339,-0.5914
10344,-0.411,2405.6851,-0.9741,-0.6388,-1.2048
10345,-0.004,3451.8964,-0.1562,1.2765,-0.203
10346,0.682,4899.0822,0.9751,3.1338,0.7686
10347,0.622,2275.54,-0.016,-0.44204999999999994,0.1107
10348,0.0,3276.78,1.2016,1.26044,1.0542
10349,-0.012,2813.02,0.6376,0.33763,0.6593
10350,0.11,1883.21,-0.4931,-1.28199,-0.3788
10351,0.134,1991.74,-0.3611,-1.3256100000000002,-0.2339
10352,-0.031,1037.08,-1.5221,-3.73148,-1.9218
10353,-0.038,1420.06,-1.0564,-3.37252,-1.109
10354,-0.029,1609.91,-0.8255,-2.19387,-0.7845
10355,-0.066,1935.55,-0.4295,-0.69924,-0.3079
10356,-0.28,2750.73,0.5619,0.9069800000000001,0.6014
10357,0.117,1906.62,-0.4647,-1.59621,-0.3469
10358,0.354,3191.71,1.0982,0.69798,0.9861
10359,-0.092,2098.82,-0.2309,-1.01772,-0.0984
10360,0.0,3118.82,1.0095,0.81157,0.9264
10361,0.045,3650.1,1.6556,0.9860500000000002,1.3334
10362,0.542,5654.4,4.0931,4.0416300000000005,2.466
10363,-0.189,1421.52,-1.0546,-2.83772,-1.1064
10364,-0.054,2360.15,0.0869,-1.0105,0.2052
10365,0.137,2198.29,-0.11,-0.8000399999999999,0.0214
10366,0.049,2155.92,-0.1615,-0.70549,-0.029
10367,0.354,2087.15,-0.2451,-1.1025399999999999,-0.1128
10368,0.11,2738.23,0.5467,-0.24287,0.5896
10369,-0.043,2293.95,0.0064,-0.5364,0.1316
10370,-0.012,1732.01,-0.677,-1.97269,-0.5953
10371,0.018,1939.62,-0.4245,-0.6902999999999999,-0.3025
10372,0.086,3071.47,0.9519,0.7057100000000001,0.8868
10373,-0.373,2542.46,0.3086,-0.23263000000000003,0.3977
10374,-0.178,1337.59,-1.1567,-2.80572,-1.2638
10375,0.072,2191.5294999999996,-0.18433999999999998,-1.8165400000000003,-0.20294999999999996
10376,0.143,1385.88,-1.0979,-2.7820100000000005,-1.172
10377,0.598,1099.47,-1.4463,-2.6894899999999997,-1.7708
10378,-0.14,1932.46,-0.4332,-1.15514,-0.3121
10379,0.0,1253.44,-1.259,-2.75405,-1.4318
10380,0.025,2681.17,0.4773,0.15786,0.5351
10381,-0.002,2111.69,-0.2153,-1.2774800000000002,-0.0826
10382,-0.068,3710.53,1.7291,1.84383,1.3759
10383,0.218,3531.87,1.5118,1.30501,1.2482
10384,-0.142,1269.83,-1.2391,-2.16899,-1.3982
10385,-0.132,3725.48,1.7473,1.57263,1.3863
10386,-0.014,1979.1,-0.3765,-1.2832700000000001,-0.2504
10387,-0.153,1924.08,-0.4434,-0.8569599999999999,-0.3233
10388,-0.151,1989.63,-0.3637,-0.81972,-0.2366
10389,0.053,2236.12,-0.064,-0.80288,0.0655
10390,-0.029,2076.54,-0.258,-0.7325299999999999,-0.126
10391,-0.01,1843.82,-0.541,-1.51734,-0.4335
10392,-0.067,3427.03,1.3843,0.8329000000000001,1.1702
10393,-0.11,2059.05,-0.2793,-1.14321,-0.1479
10394,-0.315,1369.57,-1.1178,-2.2411299999999996,-1.2027
10395,-0.035,1887.94,-0.4874,-1.16093,-0.3724
10396,-0.043,2068.86,-0.2674,-1.11322,-0.1356
10397,-0.018,2721.97,0.5269,-0.016639999999999988,0.5742
10398,-0.125,2116.01,-0.21,-0.8686900000000002,-0.0773
10399,0.012,2231.91,-0.0691,-0.22514000000000003,0.0606
10400,-0.592,1320.19,-0.8828,-2.61592,-0.9636
10401,-0.15,1504.88,-0.6999,-2.40543,-0.6821
10402,-0.269,1242.98,-0.9592,-3.30531,-1.0932
10403,-0.115,4519.38,1.8465,2.60266,1.4898
10404,0.618,3771.76,0.9698,1.60933,0.9146
10405,-0.052,2468.83,-0.558,0.047210000000000016,-0.4334
10406,-0.002,2995.23,0.0593,1.03159,0.1813
10407,-0.093,2502.51,2.1999,0.17189999999999997,1.6688
10408,-0.156,1532.48,-0.3696,-2.11044,-0.3173
10409,-0.128,1698.67,0.0707,-1.2239499999999999,0.0996
10410,-0.144,2345.12,1.783,-0.39505,1.4057
10411,-0.116,1540.37,-0.3487,-1.42091,-0.2965
10412,-0.135,1711.74,0.1053,-1.55325,0.1307
10413,-0.007,1643.55,-0.0754,-1.8145900000000001,-0.0339
10414,-0.207,1981.4,0.8196,-0.6460299999999999,0.7231
10415,0.002,2418.53,1.9775,0.010270000000000024,1.5305
10416,-0.253,933.555,-1.956,-3.52137,-2.3239
10417,0.048,1446.47,-0.7739,-2.44811,-0.343
10418,0.0,2505.56,0.3577,-0.07965,0.5198
10419,-0.023,1934.11,-0.2529,-1.0870600000000001,0.1132
10420,0.204,2401.78,0.2468,-0.49347,0.4533
10421,0.082,1991.12,-0.192,-1.2317,0.1588
10422,-0.116,2520.56,0.3737,0.29003,0.5291
10423,-0.142,2310.58,0.1494,-0.17043,0.3925
10424,-0.155,1816.69,-0.3784,-1.6234899999999999,0.0148
10425,0.06,1260.69,-0.9724,-3.23258,-0.5589
10426,-0.146,3178.27,0.7301,0.67718,0.687
10427,-0.055,3283.81,0.8443,0.9521499999999999,0.7784
10428,0.033,4388.46,2.0391,1.83479,1.5898
10429,-0.117,1212.9,-1.0236,-1.4349,-0.8783
10430,0.0,1500.62,-0.631,0.3805,-0.2978
10431,-0.166,807.692,-1.5763,-4.9016,-1.9868
10432,-0.216,1456.4,-0.6914,0.1254,-0.3793
10433,0.203,2082.73,0.1631,3.1767,0.5964
10434,-0.103,2395.74,0.5901,4.3712,0.9783
10435,-0.23,1961.26,-0.0026,2.664,0.4324
10436,-0.208,1874.65,-0.1208,2.2788,0.3092
10437,-0.093,1847.29,-0.1581,2.1534,0.2691
10438,0.0,1873.2,-0.1228,2.2722,0.3071
10439,0.015,2615.14,0.8894,5.1187,1.2174
10440,-0.122,1982.4,0.0262,2.7555,0.4617
10441,-0.012,2138.67,0.2394,3.4028,0.6687
10442,-0.046,2408.16,0.607,4.4153,0.9924
10443,-0.113,1893.22,-0.0955,2.3629,0.3361
10444,-0.15,851.383,-1.5167,-4.4526,-1.8432
10445,-0.203,807.523,-1.5766,-4.9034,-1.9874
10446,0.07,740.396,-1.6682,-5.6432,-2.2239
10447,-0.227,1709.68,-0.3458,1.493,0.058
10448,0.063,1784.53,-0.9133,-2.2429,-0.8392
10449,-0.067,2879.03,-0.077,0.7710899999999999,0.0555
10450,-0.11,2605.18,0.3831,0.9425,0.3372
10451,0.197,3589.74,1.5447,2.1591,1.09
10452,0.038,1598.74,-0.194,-1.52926,-0.1459
10453,0.161,1800.0,0.3391,-0.7165600000000001,0.3343
10454,-0.15,1405.59,-0.7057,-2.46558,-0.6672
10455,-0.081,2094.69,1.1197,-0.7165700000000002,0.9483
10456,-0.058,1791.87,0.3175,-2.0433,0.3159
10457,-0.055,1950.59,0.738,-1.5054400000000001,0.6596
10458,0.003,2125.49,1.2012,-1.1925700000000001,1.0074
10459,-0.228,2337.03,1.7616,-0.19827999999999996,1.3917
10460,-0.062,1756.11,0.2228,-1.44449,0.2343
10461,-0.071,1252.12,-1.1122,-2.23374,-1.1354
10462,-0.105,1580.22,-0.2431,-2.13397,-0.1931
10463,-0.073,1348.12,-0.8579,-2.98735,-0.8363
10464,-0.001,1498.02,-0.4608,-2.68356,-0.4094
10465,-0.099,1593.64,-0.2076,-1.39963,-0.1588
10466,-0.111,1382.09,-0.7679,-2.5742899999999995,-0.7355
10467,0.116,1981.51,0.8199,-0.6460299999999999,0.7233
10468,-0.044,1608.02,-0.1695,-1.8370700000000002,-0.1224
10469,-0.105,1997.04,0.861,-0.48617,0.755
10470,-0.115,1568.73,-0.2735,-1.9075400000000002,-0.2226
10471,-0.048,1923.04,0.665,-0.6659299999999999,0.602
10472,-0.026,1687.95,0.0423,-1.3360999999999998,0.074
10473,-0.043,1993.29,0.8511,-1.08354,0.7473
10474,-0.022,1432.75,-0.6337,-2.42659,-0.5898
10475,-0.148,1386.42,-0.7565,-2.7529300000000005,-0.7229
10476,-0.084,1950.73,0.7383,-1.5054400000000001,0.6599
10477,-0.032,1425.76,-0.6523,-2.2626199999999996,-0.6096
10478,-0.065,2164.97,1.3058,-0.6607199999999999,1.0819
10479,-0.073,1707.35,0.0936,-1.13737,0.1203
10480,-0.179,1424.48,-0.6556,-2.25488,-0.6132
10481,-0.353,2016.67,0.913,-0.82081,0.7946
10482,-0.107,1593.23,-0.2086,-1.52183,-0.1599
10483,-0.077,1319.18,-0.9346,-2.6119,-0.9241
10484,-0.111,1669.87,-0.0056,-1.75447,0.0304
10485,-0.041,1826.4,0.409,-1.45276,0.3932
10486,-0.072,1702.14,0.0798,-1.3023399999999998,0.1079
10487,-0.021,1871.28,1.0403,-0.63713,0.9986
10488,0.017,1586.6,0.5522,-1.86998,0.7053
10489,-0.104,2518.69,2.1502,0.17194,1.5268
10490,-0.019,1568.28,0.5208,-1.9075400000000002,0.6847
10491,0.002,1181.09,-0.143,-3.8560199999999996,0.1808
10492,-0.038,1358.6,0.1614,-2.2675600000000005,0.4296
10493,-0.08,318.508,-1.6218,-7.332179999999999,-2.1459
10494,-0.056,1333.33,0.118,-2.88607,0.3962
10495,0.034,753.025,-0.8768,-5.625310000000001,-0.6189
10496,0.048,648.001,-1.0569,-4.20821,-0.8856
10497,-0.033,1117.29,-0.2523,-2.96771,0.0821
10498,-0.037,1134.33,-0.2231,-2.9616099999999994,0.109
10499,-0.15,2039.89,1.3294,-0.5320600000000001,1.152
10500,-0.105,1897.65,1.0855,-1.1549999999999998,1.0235
10501,-0.14,1251.08,-0.9715,-1.1706,-0.7938
10502,-0.269,3057.06,0.947,0.6315500000000001,0.8322
10503,-0.053,1701.32,-0.5016,-1.78294,-0.0882
10504,-0.056,1707.07,-0.4955,-1.41829,-0.0829
10505,0.156,1731.45,-0.4694,-1.9055,-0.0606
10506,-0.134,2621.12,0.4812,0.34913000000000005,0.5906
10507,0.014,643.176,-1.6323,-4.2138100000000005,-1.6152
10508,-0.039,2988.54,0.8738,0.20751,0.7966
10509,0.0,2700.26,0.5657,-0.04790999999999997,0.6373
10510,0.422,2554.36,0.4098,0.28957,0.55
10511,0.0,2685.72,0.5502,0.37203,0.6288
10512,-0.154,3249.64,1.1527,1.27784,0.9282
10513,-0.106,1329.82,-0.8986,-2.8495700000000004,-0.4751
10514,0.01,1550.91,-0.6623,-1.6450900000000002,-0.2336
10515,0.046,1548.94,-0.6645,-1.24198,-0.2356
10516,-0.044,407.182,-1.8844,-6.82906,-2.3321
10517,-0.045,2645.43,-0.3509,0.03227000000000002,-0.2137
10518,-0.012,2272.3,1.6718,1.8321,1.0873
10519,-0.051,1179.47,-1.0221,-3.4601300000000004,-1.2059
10520,0.001,3096.79,0.8766,0.71095,0.8698
10521,0.081,2371.31,0.1582,-0.74814,0.2957
10522,-0.085,5424.75,3.182,3.5611800000000002,2.0756
10523,-0.616,1584.81,-0.6207,-2.0836099999999997,-0.5709
10524,-0.365,2608.92,0.3935,0.26009,0.5011
10525,0.017800000000000003,3461.35,1.2377,0.7915500000000002,1.1091
10526,-0.028,1876.31,-0.332,-1.3337099999999997,-0.2078
10527,0.042,1578.72,-0.8634,-1.9385099999999997,-0.8351
10528,-0.005,1376.45,-0.2937,-3.6047,-0.0418
10529,0.048,2429.47,1.4444,0.6448,1.2209
10530,-0.505,1318.34,-0.8846,-2.63994,-0.9666
10531,0.179,638.077,-1.5364,-3.2966,-1.779
10532,0.008,909.3,-1.004,-1.8669,-0.9799
10533,0.065,4483.6608,2.9797,2.57603,1.7317
10534,0.162,1883.11,-0.5749,-0.8956,-0.6082
10535,-0.078,1361.99,-1.3744,-3.2221,-1.5247
10536,-0.378,872.327,-1.9087,-4.8364,-2.6547
10537,-0.094,2829.45,0.5344,0.3631,0.6235
10538,0.034,1441.31,0.0404,-0.0068,0.0596
10539,0.036,1703.3,0.5547,0.6678,0.4366
10540,-0.753,971.396,-0.8821,-1.6002,-0.8309
10541,0.203,2135.62,-0.9487,-0.42578999999999995,-0.8945
10542,-0.385,1521.56,-1.6687,-1.8073900000000003,-1.9726
10543,0.006,3290.05,0.405,1.17665,0.48
10544,0.157,3135.54,0.2238,0.73828,0.327
10545,-0.019,3094.4,0.1756,0.4812100000000001,0.2849
10546,-0.065,2608.48,-0.3942,0.07108999999999999,-0.2584
10547,0.127,2857.84,-0.1018,0.07170999999999995,0.032
10548,-0.041,2887.58,0.4157,1.00369,0.4186
10549,-0.028,2106.48,-0.4292,-1.2478900000000002,-0.4637
10550,0.0,2698.51,0.2112,-0.12304999999999996,0.2292
10551,0.031,2255.84,-0.2676,-0.80144,-0.2721
10552,-0.337,4809.71,2.573,2.44287,1.8167
10553,-0.031,2665.58,0.1756,0.18977,0.1948
10554,-0.024,1720.46,-0.9973,-2.3761,-1.0721
10555,0.026,1760.13,-0.9425,-2.2506,-0.9945
10556,-0.769,566.606,-1.6291,-7.11733,-2.7813
10557,-0.234,2534.16,0.3194,-0.16934999999999997,0.4385
10558,-0.27,3919.76,1.6916,2.27423,1.3766
10559,-0.646,933.573,-1.2656,-3.52137,-1.7085
10560,-0.31,2368.0,0.1549,-0.34475,0.2927
10561,-0.86,1783.82,-0.4236,-2.4954899999999998,-0.3165
10562,0.004,2089.29,-0.1211,-1.28986,0.0234
10563,-0.422,1726.07,-0.4808,-1.83413,-0.3873
10564,-0.141,1887.77,-0.3207,-0.86966,-0.1947
10565,-0.333,1613.17,-0.5926,-1.6794700000000002,-0.5327
10566,-0.051,5033.91,2.795,2.9759700000000002,1.9147
10567,0.001,7496.39,3.3732,4.994919999999999,2.1311
10568,0.012,4899.11,1.1889,2.88486,1.0448
10569,0.003,3271.13,-0.1802,1.2691400000000002,0.0133
10570,-0.014,3325.32,-0.1346,1.21806,0.0553
10571,0.009,3908.24,0.3556,1.19054,0.4677
10572,0.002,2588.444,-0.0005000000000000462,-1.00687,0.007340000000000011
10573,-0.002,2323.2,-0.9774,-0.55243,-0.8604
10574,0.002,3317.36,-0.1413,1.3197800000000002,0.0491
10575,-0.002,2539.92,-0.7951,-0.15621000000000002,-0.6327
10576,0.018,3222.6,-0.221,0.47669000000000006,-0.0249
10577,0.002,2588.444,-0.0005000000000000462,-1.00687,0.007340000000000011
10578,0.004,3959.48,0.3987,1.5378399999999999,0.501
10579,-0.024,2673.28,-0.683,0.17994,-0.5021
10580,0.011,4173.8,0.579,2.1078,0.6356
10581,0.976,5571.22,1.7542,3.57138,1.3731
10582,0.013,3502.27,0.0142,1.2498,0.1877
10583,0.0,1984.98,-1.2618,-1.1771299999999998,-1.2621
10584,0.017,2149.97,-1.1231,-0.72475,-1.0583
10585,0.014,3640.78,0.1307,1.1267200000000002,0.2867
10586,-0.006,3035.62,-0.3782,0.71552,-0.1775
10587,-0.059,4118.7878,0.3651,2.2134,0.2871
10588,-0.598,3275.58,1.0537,1.23821,0.9905
10589,-0.147,1836.32,-0.3716,-1.55706,-0.2541
10590,-0.004,1769.27,-0.9299,-2.2221,-0.9768
10591,0.0,2253.95,-0.1998,-0.0312,-0.2141
10592,-0.02,1752.03,-0.2801,-1.7868600000000001,-0.188
10593,-0.007,1751.69,-0.2807,-1.7868600000000001,-0.1887
10594,-0.013,1645.86,-0.4767,-1.8758800000000004,-0.4002
10595,-0.039,1622.45,-0.5201,-1.9955299999999998,-0.4488
10596,0.0,3206.88,0.7611,0.93073,0.7121
10597,-0.012,2371.47,-0.1425,-0.7229599999999999,-0.1322
10598,0.002,3226.55,0.7823,0.9972800000000002,0.7292
10599,0.003,2758.4,0.276,0.14711,0.2906
10600,-0.128,2756.28,0.2737,0.02310000000000001,0.2884
10601,-0.141,2811.13,0.333,0.32069000000000003,0.3436
10602,-0.085,1451.02,-1.1381,-2.78091,-1.5064
10603,0.064,1729.03,-0.8374,-2.3422400000000003,-1.0161
10604,0.003,5321.85,3.0487,3.05108,2.1294
10605,0.018,1832.15,-0.7259,-1.1573,-0.854
10606,0.072,2296.33,-0.2238,-0.71218,-0.2223
10607,-0.062,2066.18,-0.4728,-1.39914,-0.5178
10608,0.313,2713.73,0.2277,-0.15883,0.2449
10609,0.021,1853.72,-0.7026,-0.97552,-0.8213
10610,-0.025,2078.6,-0.4593,-1.0896500000000002,-0.501
10611,-0.106,3590.84,1.1764,1.86724,1.0285
10612,0.173,3434.86,1.0076,1.7242799999999998,0.9042
10613,-0.002,1315.7,-0.6102,-1.3992,-0.3058
10614,0.182,3319.35,1.7543,1.4268,1.0803
10615,0.079,1443.47,-0.4594,-1.1163,-0.1671
10616,-0.008,2221.04,0.4582,0.1996,0.4784
10617,0.273,1686.9,-0.1721,-0.6404,0.0663
10618,0.002,2327.56,0.5839,0.3427,0.5485
10619,-0.032,1679.06,-0.1814,-0.6546,0.0594
10620,-0.206,478.578,-1.5981,-4.4851,-1.8194
10621,0.042,2265.7047,-0.23283000000000004,-1.4071200000000001,-0.24210000000000004
10622,0.03,1698.25,-0.1588,-0.6199,0.0764
10623,0.024,950.708,-1.0409,-2.3911,-0.7923
10624,-0.034,1036.67,-0.9395,-2.1269,-0.6627
10625,0.01,1024.03,-0.9544,-2.1643,-0.6811
10626,0.012,1058.48,-0.9138,-2.0633,-0.6316
10627,0.131,2220.76,0.4579,0.1992,0.4782
10628,-0.114,890.065,-1.1125,-2.5923,-0.891
10629,0.068,124.01,-2.0165,-8.5931,-3.8343
10630,0.044,1005.43,-0.9764,-2.2203,-0.7086
10631,-0.057,1981.96,0.1761,-0.1482,0.3078
10632,-0.085,1370.72,-0.5453,-1.2742,-0.2445
10633,-0.05,893.293,-1.1087,-2.5812,-0.8856
10634,0.038,2169.74,0.3977,0.1283,0.4434
10635,-0.151,1036.38,-0.9398,-2.1277,-0.6632
10636,-0.085,1615.3,-0.2566,-0.7729,0.0014
10637,0.01,508.011,-1.5634,-4.3031,-1.7301
10638,-0.012,392.365,-1.6999,-5.0906,-2.1164
10639,0.002,1921.7,0.1049,-0.2425,0.2615
10640,-0.3,1775.31,-0.0678,-0.4844,0.1429
10641,-0.007,1178.63,-0.772,-1.7351,-0.4706
10642,0.54,3014.18,1.3942,1.1322,0.9358
10643,0.0,1831.01,-0.0021,-0.3901,0.1891
10644,-0.102,2405.4725100000005,0.32871000000000017,0.039329999999999976,0.28779999999999994
10645,-0.29,1779.79,-0.0625,-0.4767,0.1466
10646,0.145,929.916,-1.0655,-2.4586,-0.8254
10647,-0.083,1624.19,-0.2462,-0.7561,0.0096
10648,0.497,2586.06,0.889,0.6643,0.7063
10649,0.136,2561.63,0.8601,0.6354,0.6921
10650,-0.012,1994.67,0.1911,-0.1287,0.3174
10651,0.255,3299.29,1.7307,1.4083,1.0712
10652,-0.042,1998.82,0.196,-0.1223,0.3205
10653,0.869,1269.31,-0.665,-1.5088,-0.3596
10654,0.194,1101.89,-0.8625,-1.9406,-0.5714
10655,-0.586,1667.51,-0.195,-0.6757,0.049
10656,-0.099,1626.58,-0.2433,-0.7516,0.0118
10657,0.002,1672.44,-0.1892,-0.6667,0.0534
10658,-0.098,2153.05,0.378,0.1047,0.4318
10659,-0.042,3021.21,1.4025,1.1394,0.9393
10660,0.047,1793.71,-0.0461,-0.4529,0.1583
10661,0.058,2647.11,0.961,0.7356,0.7413
10662,-0.346,3601.86,2.0877,1.6763,1.2027
10663,0.004,874.644,-1.1307,-2.6456,-0.9172
10664,-0.074,865.385,-2.1366,-3.74927,-2.6308
10665,0.013,3386.27,-0.0833,0.9440800000000001,0.1016
10666,-0.079,1959.75,-0.6668,-1.6591,-0.6283
10667,-0.062,1351.38,-1.5071,-3.7053,-1.895
10668,0.022,1623.9,-1.1307,-2.6941,-1.269
10669,-0.017,2523.23,0.1114,-0.2676,0.2331
10670,-0.004,2275.97,-0.2301,-0.8355,-0.1185
10671,-0.006,2020.7,-0.5826,-1.4905,-0.5239
10672,0.361,3100.3,0.9085,0.8665,0.9352
10673,-0.008,2707.0,0.3652,0.1195,0.4727
10674,0.016,1981.93,-0.6362,-1.5972,-0.59
10675,-0.036,2962.59,0.7183,0.6163,0.7803
10676,0.217,1760.04,-0.9427,-2.2509,-0.9946
10677,-0.117,2116.67,-0.4501,-1.235,-0.3658
10678,-0.048,2188.84,-0.3504,-1.0504,-0.2515
10679,-0.087,1727.87,-0.9871,-2.3524,-1.0575
10680,0.008,1712.5,-1.0083,-2.4016,-1.088
10681,0.001,2467.41,-0.8561,-0.32196,-0.7067
10682,0.002,3382.57,-0.0864,0.9234900000000001,0.0989
10683,0.011,3694.19,0.1756,1.3645900000000002,0.3239
10684,-0.001,3838.55,0.297,1.3745200000000002,0.4218
10685,0.007,2715.83,-0.6472,0.22768000000000002,-0.4617
10686,0.002,2941.78,-0.4571,0.21198,-0.2577
10687,-0.006,3874.24,0.327,1.7518799999999999,0.4454
10688,-0.054,6704.51,2.7073,5.24465,1.846
10689,0.003,5247.14,1.4816,3.7364999999999995,1.2201
10690,0.015,3954.35,0.3944,1.52968,0.4977
10691,0.003,5519.08,1.7103,3.7330699999999992,1.3491
10692,0.056,2108.65,-1.1578,-1.3149,-1.1078
10693,0.0,2475.37,-0.8494,-0.16058999999999996,-0.6984
10694,0.009,3673.51,0.1582,1.45883,0.3096
10695,-0.059,1668.78,-0.4343,-1.69649,-0.3533
10696,0.005,1687.72,-0.3992,-1.3360999999999998,-0.3149
10697,-0.055,2417.7741,-0.9647,-0.6122,-1.1909
10698,-0.064,2223.17951,-0.26513,-0.72416,-0.36768000000000006
10699,0.254,4403.8981,0.588,2.5685,0.4729
10700,-0.459,2376.93,-0.0906,-0.5965,0.0295
10701,-0.058,2754.26,0.4305,0.2148,0.5317
10702,-0.015,1717.3,0.5822,0.7008,0.4551
10703,0.123,1635.28,0.4212,0.5031,0.3446
10704,0.006,2043.13,1.2219,1.4026,0.8473
10705,-0.022,2281.51,1.6898,1.8484,1.0964
10706,0.03,2948.32,0.8022,0.2218,0.7809
10707,-0.024,2347.17,1.6003,-0.68137,1.0714
10708,0.007,2846.97,-0.5369,0.34459,-0.3413
10709,0.003,2357.21,-0.9488,-0.6457499999999999,-0.8233
10710,0.006,2495.7891,0.19171,-0.76509,0.21748000000000003
10711,0.001,4164.8,0.5714,2.2384,0.6301
10712,-0.001,3639.8,0.1299,1.12672,0.286
10713,-0.008,3757.0,0.2284,1.89529,0.3669
10714,0.0,4398.21,0.7677,2.51775,0.7693
10715,-0.043,2048.89,-1.2081,-0.75833,-1.1812
10716,0.037,3455.39,-0.0252,0.84171,0.1532
10717,-0.019,3223.83,-0.2199,0.41994999999999993,-0.0239
10718,-0.018,3284.67,-0.1688,0.7548699999999999,0.0239
10719,0.849,8598.79,4.3003,5.863510000000001,2.4815
10720,0.023,1904.2,-1.3297,-1.73108,-1.3682
10721,0.096,2191.68,-1.088,-0.73112,-1.0092
10722,0.027,2608.09,-0.7378,0.02156999999999999,-0.5651
10723,0.044,4915.9,1.2031,3.2615199999999995,1.0535
10724,0.036,4754.71,1.0675,2.69477,0.9684
10725,0.018,2675.4,-0.6812,0.37938000000000005,-0.5
10726,0.005,1134.3,-1.9772,-3.3313499999999996,-2.6905
10727,-0.001,2442.38,-0.8771,-0.43949999999999995,-0.7327
10728,0.002,2839.43,-0.5432,0.15655000000000002,-0.3481
10729,0.328,341.598,-1.9545,-7.996509999999999,-2.6073
10730,0.001,2258.66,-0.396,-1.3889,-0.2413
10731,-0.135,1769.49,-0.9298,-2.2736,-0.8606
10732,-0.071,2517.05,0.0149,0.12686,0.0344
10733,-0.063,4520.24,2.1816,2.60266,1.6725
10734,-0.108,3873.71,1.4823,1.75069,1.2407
10735,-0.025,3249.22,0.8068,1.2997200000000002,0.7488
10736,-0.03,1920.63,-0.7209,-1.7701,-0.697
10737,-0.079,2428.45,-0.0195,-0.4784,0.1026
10738,-0.01,2132.8,0.9547,-0.3294,0.9314
10739,0.126,1392.2,-0.2677,-3.5196,-0.0166
10740,-0.089,1845.59,0.4807,-1.4112,0.6099
10741,0.037,1303.79,-0.4136,-4.0102,-0.1623
10742,0.048,894.553,-1.0891,-6.8266,-0.9992
10743,0.098,1328.81,-0.3723,-3.8681,-0.1201
10744,-0.065,1467.77,-0.1429,-3.1243,0.1009
10745,0.082,1850.49,0.4888,-1.3914,0.6158
10746,-0.028,249.286,-2.1541,-16.3668,-3.8341
10747,0.014,1626.41,0.4038,0.4812,0.3323
10748,0.053,2004.11,0.1867,-1.15009,0.2683
10749,0.026,1391.45,-0.5208,-1.2283,-0.222
10750,-0.002,1052.28,-0.9211,-2.0813,-0.6404
10751,0.022,1339.01,-0.5827,-1.3456,-0.2795
10752,0.18,1430.0,-0.7915,-2.4410800000000004,-0.361
10753,0.19,2501.94,0.3538,0.01743999999999999,0.5175
10754,0.002,3582.76,1.5087,1.56616,1.0815
10755,-0.367,1332.99,-0.5898,-1.3594,-0.2863
10756,0.032,2022.37,0.2237,-0.0865,0.338
10757,0.0,1824.76,-0.3697,-1.793,0.0218
10758,-0.223,3679.81,1.6124,0.80773,1.1235
10759,-0.028,1722.55,-0.3347,-0.75234,-0.2456
10760,0.027,3271.58,1.145,1.1627,1.1185
10761,-0.003,2212.33,-0.318,-0.9916,-0.2151
10762,-0.038,2784.51,0.4723,0.275,0.5689
10763,-0.081,2965.21,0.7219,0.6212,0.7833
10764,-0.032,2077.08,-0.5048,-1.339,-0.4301
10765,0.007,1800.81,-0.8863,-2.1248,-0.9166
10766,0.107,1965.82,-0.6584,-1.6421,-0.6178
10767,-0.022,2837.6,0.5456,0.379,0.6333
10768,-0.087,2395.31,-0.0652,-0.5541,0.0557
10769,-0.004,2657.49,0.2969,0.0179,0.4098
10770,0.153,2931.71,0.6756,0.5586,0.7445
10771,-0.053,2496.39,0.0744,-0.3265,0.1966
10772,-0.049,1847.78,-0.8215,-1.983,-0.8288
10773,-0.012,1898.16,-0.7519,-1.8349,-0.7372
10774,-0.094,2803.08,0.498,0.3116,0.5916
10775,-0.161,2089.25,-0.488,-1.3068,-0.4102
10776,-0.2,2552.62,0.152,-0.2038,0.2726
10777,-0.02,1225.6,-1.6808,-4.2431,-2.2279
10778,-0.067,3511.64,1.4766,1.5526,1.3599
10779,-0.069,2512.09,0.096,-0.292,0.218
10780,-0.068,2582.52,0.1933,-0.1397,0.3122
10781,0.034,2467.14,0.034,-0.3914,0.1565
10782,0.106,1682.24,-1.0501,-2.4998,-1.1487
10783,-0.004,1988.14,-0.6276,-1.5799,-0.5793
10784,-0.089,2504.57,0.0857,-0.3085,0.2078
10785,-0.195,3182.69,1.0223,1.011,1.0246
10786,-0.015,2339.22,-0.1427,-0.6846,-0.025
10787,-0.031,2737.45,0.4073,0.1811,0.5108
10788,-0.132,1625.72,-0.4604,1.0635,-0.0794
10789,-0.263,1613.66,0.0032,-1.4946,-0.0709
10790,0.019,1823.13,0.4593,-1.7391399999999997,0.3012
10791,-0.006,1913.97,0.6571,-1.1404899999999998,0.4494
10792,-0.021,3450.22,-0.0296,0.92493,0.1494
10793,0.009,3970.18,0.4077,1.6119800000000002,0.5079
10794,-0.001,4903.05,1.1923,3.2396299999999996,1.0468
10795,0.001,4287.76,0.6748,2.74065,0.7044
10796,0.045,3568.1,0.0696,1.9208599999999998,0.2352
10797,0.0,5009.98,2.7113,3.2719099999999997,1.9604
10798,-0.029,2081.04,-0.4567,-1.4134,-0.4977
10799,0.025,1493.77,-1.0919,-1.94222,-1.4251
10800,0.015,2708.24,0.2217,-0.2415,0.2393
10801,0.099,2486.01,-0.0187,-0.47425999999999996,-0.0003
10802,-0.142,2928.77,0.4602,0.5041,0.4583
10803,0.1,2103.29,-0.4326,-1.35214,-0.468
10804,-0.094,3897.67,1.5082,1.65195,1.2579
10805,-0.096,2351.34,-0.1643,-0.27296,-0.1561
10806,-0.314,2279.86,-0.2416,-0.9294400000000002,-0.2425
10807,0.002,1951.71,0.0897,-1.39617,0.1784
10808,-0.03,1471.02,0.3541,-2.39546,0.5709
10809,0.092,665.487,-1.0269,-4.770989999999999,-0.8383
10810,-0.053,1349.75,0.1462,-2.69879,0.418
10811,0.133,423.104,-1.4425,-6.3415,-1.6423
10812,-0.083,651.106,-1.0516,-4.19276,-0.8771
10813,-0.161,2327.52,0.1675,-0.40930999999999995,0.404
10814,-0.225,4242.21,2.2133,2.25019,1.3469
10815,-0.018,188.328,-2.1183,-10.55684,-3.5392
10816,-0.017,1580.82,-0.6247,-2.2437700000000005,-0.5763
10817,-0.01,2845.56,0.6278,0.3208,0.6878
10818,0.462,2179.03,-0.0322,-0.5119499999999999,0.1138
10819,-0.066,1501.01,-0.7037,-1.76675,-0.6877
10820,-0.004,2737.32,1.5445,-0.24333999999999997,1.3267
10821,0.185,4764.3554,0.8698,2.9858,0.6912
10822,0.403,8115.793,3.4898,5.8116,2.1693
10823,0.0,3915.9013,0.2065,1.9455,0.147
10824,-0.03,3115.0173,-0.4196,0.7318,-0.4879
10825,0.008,1340.38,-1.398,-3.2801,-1.5653
10826,0.106,1511.96,-1.2108,-2.8436,-1.2597
10827,0.059,3358.4211,0.7994,1.4605,0.6453
10828,-0.056,2741.95,-0.6252,0.14966,-0.4373
10829,-0.013,3660.49,0.1473,1.5546200000000003,0.3005
10830,0.0,3481.61,-0.0032,1.42311,0.1725
10831,0.0,4433.38,0.7973,2.67606,0.7897
10832,0.003,5768.74,1.9203,4.16079,1.4621
10833,-0.003,1559.77,-1.6194,-2.0985199999999997,-1.8776
10834,-0.089,3732.48,0.2078,1.2577099999999999,0.3502
10835,0.014,3112.24,-0.3138,0.47620000000000007,-0.1138
10836,0.001,3130.61,-0.2983,0.38708000000000004,-0.0988
10837,-0.005,3653.02,0.141,1.2493500000000002,0.2953
10838,0.001,5145.2,1.3959,3.7593699999999997,1.1699
10839,0.004,3193.56,-0.2454,0.8790699999999999,-0.048
10840,0.35,3548.93,0.0535,1.34025,0.2215
10841,0.016,3069.28,-0.3499,0.5991899999999999,-0.1493
10842,0.0,3870.14,0.3236,1.86815,0.4427
10843,-0.239,2345.58,-0.9585,-0.38862,-0.836
10844,-0.019,3471.03,-0.0121,0.52979,0.1648
10845,-0.024,6208.52,2.2901,3.6456900000000005,1.6497
10846,0.0,4085.27,0.5045,1.6419899999999998,0.5809
10847,0.005,2877.22,-0.5114,0.20844999999999997,-0.3143
10848,0.007,5972.03,2.0913,4.31437,1.5505
10849,0.0,5716.09,1.876,4.29924,1.4387
10850,0.0,3087.57,-0.3345,0.7004300000000001,-0.1342
10851,0.058,1729.31,-1.4768,-1.95355,-1.6142
10852,0.047,1755.86,-1.4545,-1.7223799999999998,-1.5753
10853,-0.04,3404.03,-0.0684,1.00393,0.115
10854,-0.001,2611.07,-0.7353,0.045219999999999996,-0.5622
10855,0.072,2633.75,-0.7162,-0.15113000000000001,-0.5401
10856,-0.03,1706.8,-0.3498,1.4786,0.0534
10857,-0.077,872.542,-1.1332,-2.6529,-0.9208
10858,-1.24,156.501,-1.9782,-7.8872,-3.4881
10859,-0.376,244.614,-1.8742,-6.5296,-2.8222
10860,0.08,1830.25,-0.003,-0.3914,0.1885
10861,-0.056,2218.82,0.4556,0.1966,0.4769
10862,-0.002,1839.63,0.0081,-0.3758,0.1962
10863,0.001,1415.08,-0.4929,-1.1769,-0.1968
10864,-0.164,1557.41,-0.325,-0.8843,-0.0533
10865,0.0,1055.59,-0.9172,-2.0717,-0.6357
10866,0.014,1817.69,-0.0178,-0.4124,0.1782
10867,-0.032,3083.11,1.4755,1.2013,0.9697
10868,0.0,1745.12,-0.1034,-0.5368,0.1172
10869,0.022,2257.35601,-0.36608,0.15043,-0.43158
10870,-0.144,2854.69,1.206,0.9662,0.8544
10871,-0.369,2649.73,0.9641,0.7386,0.7427
10872,0.0,1833.41,0.0008,-0.3861,0.1911
10873,-0.022,2418.09,0.6907,0.4592,0.6057
10874,0.174,2911.58,1.2731,1.0265,0.8839
10875,-0.085,2184.65,0.4153,0.1492,0.4536
10876,-1.29,19.5457,-2.1398,-14.1103,-6.5404
10877,0.272,2183.87,0.4143,0.1481,0.4531
10878,-0.029,1937.6,0.1237,-0.2173,0.2739
10879,0.0,2546.47,0.8422,0.6172,0.6832
10880,0.093,2661.64,0.9782,0.7523,0.7495
10881,0.069,876.914,-1.128,-2.6377,-0.9133
10882,0.001,310.606,-1.7963,-5.8025,-2.4656
10883,0.01,1613.87,-0.2583,-0.7756,0.0001
10884,0.037,1805.47,-0.0322,-0.433,0.1681
10885,0.086,2202.78,0.4367,0.1744,0.466
10886,0.217,1335.44,-0.5869,-1.3538,-0.2835
10887,0.056,920.245,-1.0769,-2.4905,-0.8411
10888,0.003,1500.83,-0.3917,-0.9973,-0.1087
10889,-0.025,1553.25,-1.2283,-2.939,-1.4206
10890,-0.019,1899.58,-0.7499,-1.8308,-0.7346
10891,-0.055,2424.43,-0.025,-0.4875,0.0969
10892,0.0,2635.52,0.2665,-0.0279,0.3815
10893,-0.113,3422.6,1.3536,1.4112,1.2723
10894,-0.019,2495.57,0.0732,-0.3283,0.1955
10895,0.17,2694.05,0.3474,0.0931,0.4564
10896,-0.034,2100.74,-0.4721,-1.2766,-0.3915
10897,-0.027,2575.23,0.1833,-0.1553,0.3026
10898,0.116,5908.33,4.7868,4.418,3.1336
10899,-0.007,1977.24,-0.6427,-1.6102,-0.598
10900,0.055,1367.39,-1.485,-3.6405,-1.8549
10901,0.079,2134.07,-0.4261,-1.1899,-0.3379
10902,-0.103,2505.81,0.0874,-0.3058,0.2095
10903,-0.029,1823.05,-0.8556,-2.0572,-0.8748
10904,-0.019,1676.66,-1.0578,-2.5181,-1.16
10905,-0.009,1406.17,-1.4314,-3.4866,-1.7596
10906,0.09,2531.33,0.1226,-0.25,0.244
10907,-0.068,2698.58,0.3536,0.1024,0.4621
10908,-0.091,2980.35,0.7428,0.6492,0.8006
10909,0.007,2454.95,0.0171,-0.4187,0.1396
10910,-0.034,2184.02,-0.3571,-1.0626,-0.259
10911,-0.124,1821.2,-0.8582,-2.0628,-0.8782
10912,0.0,1534.54,-1.2541,-3.0057,-1.4619
10913,0.019,2150.99,0.2562,3.4518,0.6843
10914,0.0,2085.18,0.1664,3.1867,0.5996
10915,-0.172,1448.16,-0.7026,0.077,-0.3948
10916,0.021,1917.42,-0.0624,2.4712,0.3708
10917,-0.007,4012.38,2.7955,8.7711,2.3853
10918,-0.093,1490.95,-0.6442,0.3254,-0.3154
10919,-0.033,4284.19,2.4267,2.63752,1.7479
10920,-0.0339,1725.85,-0.6845,-1.99346,-0.6046
10921,0.322,2845.21,0.6768,0.32080000000000003,0.6888
10922,0.0,3976.73,2.0528,1.8513199999999999,1.5552
10923,0.025,2129.31,-0.1938,-1.23033,-0.0611
10924,0.158,2969.74,0.8282,0.52514,0.7996
10925,-0.273,2280.13,-0.0104,-0.7867,0.1159
10926,0.128,3245.65,1.1638,0.8641300000000001,1.0295
10927,0.024,1647.85,-0.7794,-2.24466,-0.7242
10928,0.036,2377.42,0.1079,-0.24025,0.224
10929,-0.081,3418.23,1.3736,1.08792,1.1636
10930,-0.021,2385.94,0.1182,-0.24237000000000003,0.2333
10931,-0.07,2508.97,0.2679,0.22836999999999996,0.3634
10932,0.026,1664.57,-0.759,-2.3583400000000005,-0.6981
10933,0.076,1591.02,-0.8485,-2.15219,-0.815
10934,0.398,2760.29,0.5735,0.6146,0.6104
10935,0.003,4174.95,0.5799,2.1078,0.6363
10936,0.036,1254.22,-1.351,-2.7540500000000003,-1.914
10937,-0.019,1185.9,-1.4249,-3.7206199999999994,-2.0706
10938,-0.018,2401.69,-0.1099,-0.54581,-0.0968
10939,-0.018,1610.5,-0.9656,-2.39069,-1.2147
10940,0.0,1789.9,-0.7716,-1.90924,-0.9193
10941,-0.005,2222.76,-0.3034,-0.5275599999999999,-0.3134
10942,0.058,1404.55,-1.1884,-2.50253,-1.5974
10943,0.164,1966.7,-0.5804,-1.30647,-0.6558
10944,-0.134,1295.3,-0.6899,-2.09984,-0.7407
10945,0.946,3774.6,4.7082,1.62231,2.52
10946,-0.135,2245.7,1.3794,-0.4121200000000001,0.9367
10947,-0.111,2153.78,1.1792,-1.10174,0.8093
10948,-0.046,2596.79,2.1438,0.17545000000000002,1.3796
10949,-0.013,2061.46,0.9782,-0.72026,0.6757
10950,-0.057,1761.55,0.3252,-1.8753,0.1964
10951,0.672,1929.2,0.9982,1.1708,0.7177
10952,0.009,1293.84,-0.2491,-0.4428,-0.184
10953,-0.024,1503.65,0.1628,0.1642,0.1552
10954,-0.059,1799.23,0.7431,0.8891,0.5603
10955,-0.033,1702.89,0.5539,0.6668,0.4361
10956,-0.119,1500.36,0.1563,0.1553,0.1502
10957,0.042,1309.01,-0.2193,-0.3957,-0.1577
10958,0.038,2573.1732,-0.1692,0.612,-0.1348
10959,-0.321,2243.0781,-1.1013,-1.01,-1.399
10960,0.449,1649.89,0.4499,0.5391,0.3647
10961,-0.088,1120.9,-0.5886,-1.0222,-0.5079
10962,-0.16,2191.59,1.5133,1.686,1.0056
10963,0.497,2822.28,2.7514,2.7078,1.5767
10964,-0.003,1553.69,-1.6245,-2.1726900000000002,-1.8875
10965,-0.043,1206.03,-1.0329,-1.4834,-0.8938
10966,0.013,1403.71,-1.0763,-2.17056,-1.139
