SAMPLE_ID,mRNA_Normal
TCGA-OR-A5J1-01,
TCGA-OR-A5J2-01,
TCGA-OR-A5J3-01,
TCGA-OR-A5J4-01,
TCGA-OR-A5J5-01,
TCGA-OR-A5J6-01,
TCGA-OR-A5J7-01,
TCGA-OR-A5J8-01,
TCGA-OR-A5J9-01,
TCGA-OR-A5JA-01,
TCGA-OR-A5JB-01,
TCGA-OR-A5JC-01,
TCGA-OR-A5JD-01,
TCGA-OR-A5JE-01,
TCGA-OR-A5JF-01,
TCGA-OR-A5JG-01,
TCGA-OR-A5JH-01,
TCGA-OR-A5JI-01,
TCGA-OR-A5JJ-01,
TCGA-OR-A5JK-01,
TCGA-OR-A5JL-01,
TCGA-OR-A5JM-01,
TCGA-OR-A5JO-01,
TCGA-OR-A5JP-01,
TCGA-OR-A5JQ-01,
TCGA-OR-A5JR-01,
TCGA-OR-A5JS-01,
TCGA-OR-A5JT-01,
TCGA-OR-A5JU-01,
TCGA-OR-A5JV-01,
TCGA-OR-A5JW-01,
TCGA-OR-A5JX-01,
TCGA-OR-A5JY-01,
TCGA-OR-A5JZ-01,
TCGA-OR-A5K0-01,
TCGA-OR-A5K1-01,
TCGA-OR-A5K2-01,
TCGA-OR-A5K3-01,
TCGA-OR-A5K4-01,
TCGA-OR-A5K5-01,
TCGA-OR-A5K6-01,
TCGA-OR-A5K8-01,
TCGA-OR-A5K9-01,
TCGA-OR-A5KB-01,
TCGA-OR-A5KO-01,
TCGA-OR-A5KP-01,
TCGA-OR-A5KQ-01,
TCGA-OR-A5KS-01,
TCGA-OR-A5KT-01,
TCGA-OR-A5KU-01,
TCGA-OR-A5KV-01,
TCGA-OR-A5KW-01,
TCGA-OR-A5KX-01,
TCGA-OR-A5KY-01,
TCGA-OR-A5KZ-01,
TCGA-OR-A5L1-01,
TCGA-OR-A5L2-01,
TCGA-OR-A5L3-01,
TCGA-OR-A5L4-01,
TCGA-OR-A5L5-01,
TCGA-OR-A5L6-01,
TCGA-OR-A5L8-01,
TCGA-OR-A5L9-01,
TCGA-OR-A5LA-01,
TCGA-OR-A5LB-01,
TCGA-OR-A5LC-01,
TCGA-OR-A5LD-01,
TCGA-OR-A5LE-01,
TCGA-OR-A5LF-01,
TCGA-OR-A5LG-01,
TCGA-OR-A5LH-01,
TCGA-OR-A5LI-01,
TCGA-OR-A5LJ-01,
TCGA-OR-A5LK-01,
TCGA-OR-A5LL-01,
TCGA-OR-A5LM-01,
TCGA-OR-A5LN-01,
TCGA-OR-A5LO-01,
TCGA-OR-A5LP-01,
TCGA-OR-A5LR-01,
TCGA-OR-A5LS-01,
TCGA-OR-A5LT-01,
TCGA-OR-A5OG-01,
TCGA-OU-A5PI-01,
TCGA-P6-A5OF-01,
TCGA-P6-A5OH-01,
TCGA-PA-A5YG-01,
TCGA-PK-A5H8-01,
TCGA-PK-A5H9-01,
TCGA-PK-A5HA-01,
TCGA-PK-A5HB-01,
TCGA-PK-A5HC-01,
TCGA-2F-A9KO-01,2.0556
TCGA-2F-A9KP-01,0.433
TCGA-2F-A9KQ-01,1.0803
TCGA-2F-A9KR-01,-3.0944
TCGA-2F-A9KT-01,-0.087
TCGA-2F-A9KW-01,-0.3874
TCGA-4Z-AA7M-01,0.7198
TCGA-4Z-AA7N-01,-0.6677
TCGA-4Z-AA7O-01,0.7596
TCGA-4Z-AA7Q-01,-0.7221
TCGA-4Z-AA7R-01,1.0029
TCGA-4Z-AA7S-01,1.3549
TCGA-4Z-AA7W-01,-2.0671
TCGA-4Z-AA7Y-01,1.3142
TCGA-4Z-AA80-01,0.6123
TCGA-4Z-AA81-01,-0.6742
TCGA-4Z-AA82-01,1.6253
TCGA-4Z-AA83-01,-4.1322
TCGA-4Z-AA84-01,-0.1601
TCGA-4Z-AA86-01,-0.7344
TCGA-4Z-AA87-01,-0.3555
TCGA-4Z-AA89-01,-3.8079
TCGA-5N-A9KI-01,-1.2646
TCGA-5N-A9KM-01,0.1203
TCGA-BL-A0C8-01,1.0034
TCGA-BL-A13I-01,-1.4632
TCGA-BL-A13J-01,2.63
TCGA-BL-A3JM-01,0.2423
TCGA-BL-A5ZZ-01,-0.4501
TCGA-BT-A0S7-01,1.9761
TCGA-BT-A0YX-01,-0.3843
TCGA-BT-A20J-01,0.6723
TCGA-BT-A20N-01,1.0135
TCGA-BT-A20O-01,-0.1566
TCGA-BT-A20P-01,-0.873
TCGA-BT-A20Q-01,0.7471
TCGA-BT-A20R-01,0.4254
TCGA-BT-A20T-01,0.1621
TCGA-BT-A20U-01,0.0767
TCGA-BT-A20V-01,1.9452
TCGA-BT-A20W-01,1.1541
TCGA-BT-A20X-01,1.4645
TCGA-BT-A2LA-01,0.5181
TCGA-BT-A2LB-01,-2.3894
TCGA-BT-A2LD-01,-1.6945
TCGA-BT-A3PH-01,0.5746
TCGA-BT-A3PJ-01,0.3455
TCGA-BT-A3PK-01,0.6088
TCGA-BT-A42B-01,
TCGA-BT-A42C-01,0.3719
TCGA-BT-A42E-01,-3.7144
TCGA-BT-A42F-01,-2.095
TCGA-C4-A0EZ-01,1.0463
TCGA-C4-A0F0-01,2.9278
TCGA-C4-A0F1-01,-4.4848
TCGA-C4-A0F6-01,1.4359
TCGA-C4-A0F7-01,0.1879
TCGA-CF-A1HR-01,-0.5669
TCGA-CF-A1HS-01,2.0365
TCGA-CF-A27C-01,-4.4975
TCGA-CF-A3MF-01,-0.415
TCGA-CF-A3MG-01,1.1222
TCGA-CF-A3MH-01,0.1984
TCGA-CF-A3MI-01,-3.5518
TCGA-CF-A47S-01,-0.5123
TCGA-CF-A47T-01,-0.3894
TCGA-CF-A47V-01,-0.7629
TCGA-CF-A47W-01,-5.573
TCGA-CF-A47X-01,0.1092
TCGA-CF-A47Y-01,-3.7688
TCGA-CF-A5U8-01,-4.4069
TCGA-CF-A5UA-01,-1.7719
TCGA-CF-A7I0-01,-0.9832
TCGA-CF-A8HX-01,-1.0039
TCGA-CF-A8HY-01,-0.2146
TCGA-CF-A9FF-01,-0.7205
TCGA-CF-A9FH-01,-0.4018
TCGA-CF-A9FL-01,0.3185
TCGA-CF-A9FM-01,-9.7889
TCGA-CU-A0YN-01,1.3431
TCGA-CU-A0YO-01,0.4585
TCGA-CU-A0YR-01,1.3842
TCGA-CU-A3KJ-01,2.55
TCGA-CU-A3QU-01,1.1167
TCGA-CU-A3YL-01,-0.1685
TCGA-CU-A5W6-01,1.2164
TCGA-CU-A72E-01,-4.2712
TCGA-DK-A1A3-01,-0.3112
TCGA-DK-A1A5-01,2.1432
TCGA-DK-A1A6-01,1.2134
TCGA-DK-A1A7-01,-0.6547
TCGA-DK-A1AA-01,-4.6835
TCGA-DK-A1AB-01,0.5077
TCGA-DK-A1AC-01,-0.3044
TCGA-DK-A1AD-01,1.2469
TCGA-DK-A1AE-01,1.0899
TCGA-DK-A1AF-01,-0.5863
TCGA-DK-A1AG-01,-0.1287
TCGA-DK-A2HX-01,-0.2676
TCGA-DK-A2I1-01,0.0544
TCGA-DK-A2I2-01,-0.3341
TCGA-DK-A2I4-01,0.5728
TCGA-DK-A2I6-01,-0.3752
TCGA-DK-A3IK-01,-0.0586
TCGA-DK-A3IL-01,-0.463
TCGA-DK-A3IM-01,1.641
TCGA-DK-A3IN-01,0.4057
TCGA-DK-A3IQ-01,-0.3717
TCGA-DK-A3IS-01,-4.3534
TCGA-DK-A3IT-01,0.0533
TCGA-DK-A3IU-01,-0.9939
TCGA-DK-A3IV-01,0.365
TCGA-DK-A3WW-01,-0.6645
TCGA-DK-A3WX-01,0.1868
TCGA-DK-A3WY-01,0.0935
TCGA-DK-A3X1-01,0.6665
TCGA-DK-A3X2-01,0.5854
TCGA-DK-A6AV-01,0.7245
TCGA-DK-A6AW-01,-4.8058
TCGA-DK-A6B0-01,-5.8016
TCGA-DK-A6B1-01,2.0722
TCGA-DK-A6B2-01,0.4743
TCGA-DK-A6B5-01,0.0796
TCGA-DK-A6B6-01,0.4954
TCGA-DK-AA6L-01,-0.7815
TCGA-DK-AA6M-01,-2.0659
TCGA-DK-AA6P-01,0.1943
TCGA-DK-AA6Q-01,-0.4202
TCGA-DK-AA6R-01,1.5579
TCGA-DK-AA6S-01,-0.5453
TCGA-DK-AA6T-01,-1.0777
TCGA-DK-AA6U-01,0.1676
TCGA-DK-AA6W-01,-0.2906
TCGA-DK-AA6X-01,0.4177
TCGA-DK-AA71-01,-6.786
TCGA-DK-AA74-01,-2.7087
TCGA-DK-AA75-01,-0.0096
TCGA-DK-AA76-01,0.383
TCGA-DK-AA77-01,0.3341
TCGA-E5-A2PC-01,0.4273
TCGA-E5-A4TZ-01,1.4927
TCGA-E5-A4U1-01,-1.2509
TCGA-E7-A3X6-01,1.2633
TCGA-E7-A3Y1-01,-3.5046
TCGA-E7-A4IJ-01,-5.0135
TCGA-E7-A4XJ-01,-1.7555
TCGA-E7-A519-01,-4.6885
TCGA-E7-A541-01,-0.7778
TCGA-E7-A5KE-01,0.9007
TCGA-E7-A5KF-01,-0.9256
TCGA-E7-A677-01,-0.1929
TCGA-E7-A678-01,-6.4732
TCGA-E7-A6MD-01,-2.8571
TCGA-E7-A6ME-01,1.3495
TCGA-E7-A6MF-01,2.0444
TCGA-E7-A7DU-01,-4.7691
TCGA-E7-A7DV-01,-1.9404
TCGA-E7-A7PW-01,0.4647
TCGA-E7-A7XN-01,-0.8176
TCGA-E7-A85H-01,-1.0872
TCGA-E7-A8O7-01,0.4884
TCGA-E7-A97P-01,-3.2127
TCGA-E7-A97Q-01,-0.1764
TCGA-FD-A3B3-01,0.0878
TCGA-FD-A3B4-01,0.2849
TCGA-FD-A3B5-01,-5.2136
TCGA-FD-A3B6-01,-0.269
TCGA-FD-A3B7-01,-0.018
TCGA-FD-A3B8-01,0.2912
TCGA-FD-A3N5-01,1.3015
TCGA-FD-A3N6-01,1.0728
TCGA-FD-A3NA-01,0.3716
TCGA-FD-A3SJ-01,-1.1942
TCGA-FD-A3SL-01,-2.9866
TCGA-FD-A3SM-01,-2.5023
TCGA-FD-A3SN-01,-0.8126
TCGA-FD-A3SO-01,0.1432
TCGA-FD-A3SP-01,-0.0675
TCGA-FD-A3SQ-01,-0.8621
TCGA-FD-A3SR-01,0.6893
TCGA-FD-A3SS-01,-0.1226
TCGA-FD-A43N-01,-0.6187
TCGA-FD-A43P-01,0.6577
TCGA-FD-A43S-01,-2.6809
TCGA-FD-A43U-01,-1.5898
TCGA-FD-A43X-01,-1.0493
TCGA-FD-A43Y-01,-0.947
TCGA-FD-A5BR-01,-1.9301
TCGA-FD-A5BS-01,-1.799
TCGA-FD-A5BT-01,-4.2485
TCGA-FD-A5BU-01,-1.2013
TCGA-FD-A5BV-01,0.0581
TCGA-FD-A5BX-01,-5.3043
TCGA-FD-A5BY-01,-0.2833
TCGA-FD-A5BZ-01,-2.0835
TCGA-FD-A5C0-01,1.4546
TCGA-FD-A5C1-01,-2.0899
TCGA-FD-A62N-01,-0.7674
TCGA-FD-A62O-01,1.3549
TCGA-FD-A62P-01,0.3482
TCGA-FD-A62S-01,-0.63
TCGA-FD-A6TA-01,-3.5215
TCGA-FD-A6TB-01,-0.6753
TCGA-FD-A6TC-01,0.2074
TCGA-FD-A6TD-01,-1.0181
TCGA-FD-A6TE-01,1.177
TCGA-FD-A6TF-01,-0.8994
TCGA-FD-A6TG-01,-0.1039
TCGA-FD-A6TH-01,-0.6774
TCGA-FD-A6TI-01,-1.1607
TCGA-FD-A6TK-01,-1.1592
TCGA-FJ-A3Z7-01,-1.5081
TCGA-FJ-A3Z9-01,-4.3859
TCGA-FJ-A3ZE-01,-2.8752
TCGA-FJ-A3ZF-01,0.4798
TCGA-FJ-A871-01,-3.5193
TCGA-FT-A3EE-01,-0.8959
TCGA-FT-A61P-01,-0.0794
TCGA-G2-A2EC-01,0.5075
TCGA-G2-A2EF-01,0.6515
TCGA-G2-A2EJ-01,0.1606
TCGA-G2-A2EK-01,0.3322
TCGA-G2-A2EL-01,2.0842
TCGA-G2-A2EO-01,-0.3506
TCGA-G2-A2ES-01,-0.0198
TCGA-G2-A3IB-01,-0.1495
TCGA-G2-A3IE-01,-0.2134
TCGA-G2-A3VY-01,1.4507
TCGA-G2-AA3B-01,-0.2916
TCGA-G2-AA3C-01,-3.022
TCGA-G2-AA3D-01,-5.555
TCGA-G2-AA3F-01,0.748
TCGA-GC-A3BM-01,1.4924
TCGA-GC-A3I6-01,1.984
TCGA-GC-A3OO-01,-0.8051
TCGA-GC-A3RB-01,0.8779
TCGA-GC-A3RC-01,0.5866
TCGA-GC-A3RD-01,1.7883
TCGA-GC-A3WC-01,0.4212
TCGA-GC-A3YS-01,-0.7962
TCGA-GC-A4ZW-01,-0.2072
TCGA-GC-A6I1-01,-6.0882
TCGA-GC-A6I3-01,-2.0188
TCGA-GD-A2C5-01,1.1838
TCGA-GD-A3OP-01,0.48
TCGA-GD-A3OQ-01,0.4732
TCGA-GD-A3OS-01,0.4622
TCGA-GD-A6C6-01,-8.0638
TCGA-GD-A76B-01,-1.0139
TCGA-GU-A42P-01,-0.2504
TCGA-GU-A42Q-01,-0.6355
TCGA-GU-A42R-01,-8.3543
TCGA-GU-A762-01,-1.9423
TCGA-GU-A763-01,-2.1459
TCGA-GU-A764-01,-0.0928
TCGA-GU-A766-01,-2.1562
TCGA-GU-A767-01,-2.7467
TCGA-GU-AATO-01,-1.434
TCGA-GU-AATP-01,-1.7887
TCGA-GU-AATQ-01,-0.5483
TCGA-GV-A3JV-01,0.2854
TCGA-GV-A3JW-01,0.5416
TCGA-GV-A3JX-01,0.4216
TCGA-GV-A3JZ-01,1.1206
TCGA-GV-A3QF-01,1.0276
TCGA-GV-A3QG-01,0.1838
TCGA-GV-A3QH-01,1.2758
TCGA-GV-A3QI-01,1.584
TCGA-GV-A3QK-01,-4.1213
TCGA-GV-A40E-01,-0.8978
TCGA-GV-A40G-01,0.1964
TCGA-GV-A6ZA-01,-0.6342
TCGA-H4-A2HO-01,0.1304
TCGA-H4-A2HQ-01,-4.5129
TCGA-HQ-A2OE-01,0.5139
TCGA-HQ-A2OF-01,0.7176
TCGA-HQ-A5ND-01,1.5219
TCGA-HQ-A5NE-01,0.5986
TCGA-K4-A3WS-01,-0.7875
TCGA-K4-A3WU-01,-0.2526
TCGA-K4-A3WV-01,-1.7195
TCGA-K4-A4AB-01,-0.4817
TCGA-K4-A4AC-01,0.2627
TCGA-K4-A54R-01,0.4399
TCGA-K4-A5RH-01,0.57
TCGA-K4-A5RI-01,0.9079
TCGA-K4-A5RJ-01,-0.5459
TCGA-K4-A6FZ-01,-0.0288
TCGA-K4-A6MB-01,-0.1161
TCGA-K4-A83P-01,-0.2402
TCGA-K4-AAQO-01,-0.5775
TCGA-KQ-A41N-01,-0.9328
TCGA-KQ-A41O-01,-3.0353
TCGA-KQ-A41P-01,-0.735
TCGA-KQ-A41Q-01,1.2841
TCGA-KQ-A41R-01,-0.7614
TCGA-KQ-A41S-01,-1.6952
TCGA-LC-A66R-01,0.8718
TCGA-LT-A5Z6-01,-0.5172
TCGA-LT-A8JT-01,0.3784
TCGA-MV-A51V-01,-2.1791
TCGA-PQ-A6FI-01,-4.7505
TCGA-PQ-A6FN-01,-1.7109
TCGA-R3-A69X-01,-3.894
TCGA-S5-A6DX-01,-0.6997
TCGA-S5-AA26-01,0.1866
TCGA-SY-A9G0-01,-0.8379
TCGA-SY-A9G5-01,-0.9647
TCGA-UY-A78K-01,-1.2446
TCGA-UY-A78L-01,0.2345
TCGA-UY-A78M-01,-2.536
TCGA-UY-A78N-01,0.8297
TCGA-UY-A78O-01,-0.3582
TCGA-UY-A78P-01,-0.8181
TCGA-UY-A8OB-01,-1.2325
TCGA-UY-A8OC-01,0.2884
TCGA-UY-A8OD-01,-0.9535
TCGA-UY-A9PA-01,-0.1403
TCGA-UY-A9PB-01,-0.604
TCGA-UY-A9PD-01,-0.7516
TCGA-UY-A9PE-01,-1.0763
TCGA-UY-A9PF-01,-1.9358
TCGA-UY-A9PH-01,-0.9167
TCGA-XF-A8HB-01,-1.3992
TCGA-XF-A8HC-01,1.4268
TCGA-XF-A8HD-01,-1.1163
TCGA-XF-A8HE-01,0.1996
TCGA-XF-A8HF-01,-0.6404
TCGA-XF-A8HG-01,0.3427
TCGA-XF-A8HH-01,-0.6546
TCGA-XF-A8HI-01,-4.4851
TCGA-XF-A9SG-01,
TCGA-XF-A9SH-01,-0.6199
TCGA-XF-A9SI-01,-2.3911
TCGA-XF-A9SJ-01,-2.1269
TCGA-XF-A9SK-01,-2.1643
TCGA-XF-A9SL-01,-2.0633
TCGA-XF-A9SM-01,0.1992
TCGA-XF-A9SP-01,-2.5923
TCGA-XF-A9ST-01,-8.5931
TCGA-XF-A9SU-01,-2.2203
TCGA-XF-A9SV-01,-0.1482
TCGA-XF-A9SW-01,-1.2742
TCGA-XF-A9SX-01,-2.5812
TCGA-XF-A9SY-01,0.1283
TCGA-XF-A9SZ-01,-2.1277
TCGA-XF-A9T0-01,-0.7729
TCGA-XF-A9T2-01,-4.3031
TCGA-XF-A9T3-01,-5.0906
TCGA-XF-A9T4-01,-0.2425
TCGA-XF-A9T5-01,-0.4844
TCGA-XF-A9T6-01,-1.7351
TCGA-XF-A9T8-01,1.1322
TCGA-XF-AAME-01,-0.3901
TCGA-XF-AAMF-01,
TCGA-XF-AAMG-01,-0.4767
TCGA-XF-AAMH-01,-2.4586
TCGA-XF-AAMJ-01,-0.7561
TCGA-XF-AAML-01,0.6643
TCGA-XF-AAMQ-01,0.6354
TCGA-XF-AAMR-01,-0.1287
TCGA-XF-AAMT-01,1.4083
TCGA-XF-AAMW-01,-0.1223
TCGA-XF-AAMX-01,-1.5088
TCGA-XF-AAMY-01,-1.9406
TCGA-XF-AAMZ-01,-0.6757
TCGA-XF-AAN0-01,-0.7516
TCGA-XF-AAN1-01,-0.6667
TCGA-XF-AAN2-01,0.1047
TCGA-XF-AAN3-01,1.1394
TCGA-XF-AAN4-01,-0.4529
TCGA-XF-AAN5-01,0.7356
TCGA-XF-AAN7-01,1.6763
TCGA-XF-AAN8-01,-2.6456
TCGA-YC-A89H-01,-1.2283
TCGA-YC-A8S6-01,-2.0813
TCGA-YC-A9TC-01,-1.3456
TCGA-YF-AA3L-01,-1.3594
TCGA-YF-AA3M-01,-0.0865
TCGA-ZF-A9R0-01,-2.6529
TCGA-ZF-A9R1-01,-7.8872
TCGA-ZF-A9R2-01,-6.5296
TCGA-ZF-A9R3-01,-0.3914
TCGA-ZF-A9R4-01,0.1966
TCGA-ZF-A9R5-01,-0.3758
TCGA-ZF-A9R7-01,-1.1769
TCGA-ZF-A9R9-01,-0.8843
TCGA-ZF-A9RC-01,-2.0717
TCGA-ZF-A9RD-01,-0.4124
TCGA-ZF-A9RE-01,1.2013
TCGA-ZF-A9RF-01,-0.5368
TCGA-ZF-A9RG-01,
TCGA-ZF-A9RL-01,0.9662
TCGA-ZF-A9RM-01,0.7386
TCGA-ZF-A9RN-01,-0.3861
TCGA-ZF-AA4N-01,0.4592
TCGA-ZF-AA4R-01,1.0265
TCGA-ZF-AA4T-01,0.1492
TCGA-ZF-AA4U-01,-14.1103
TCGA-ZF-AA4V-01,0.1481
TCGA-ZF-AA4W-01,-0.2173
TCGA-ZF-AA4X-01,0.6172
TCGA-ZF-AA51-01,0.7523
TCGA-ZF-AA52-01,-2.6377
TCGA-ZF-AA53-01,-5.8025
TCGA-ZF-AA54-01,-0.7756
TCGA-ZF-AA56-01,-0.433
TCGA-ZF-AA58-01,0.1744
TCGA-ZF-AA5H-01,-1.3538
TCGA-ZF-AA5N-01,-2.4905
TCGA-ZF-AA5P-01,-0.9973
TCGA-3C-AAAU-01,0.3844
TCGA-3C-AALI-01,-3.9041
TCGA-3C-AALJ-01,-3.3355
TCGA-3C-AALK-01,-2.6584
TCGA-4H-AAAK-01,-2.0737
TCGA-5L-AAT0-01,-2.3129
TCGA-5T-A9QA-01,-4.4649
TCGA-A1-A0SB-01,0.0976
TCGA-A1-A0SD-01,-0.099
TCGA-A1-A0SE-01,-0.1937
TCGA-A1-A0SF-01,-1.0356
TCGA-A1-A0SG-01,-1.5841
TCGA-A1-A0SH-01,-0.0237
TCGA-A1-A0SI-01,-0.7843
TCGA-A1-A0SJ-01,0.0194
TCGA-A1-A0SK-01,2.791
TCGA-A1-A0SM-01,-1.3548
TCGA-A1-A0SN-01,-0.2275
TCGA-A1-A0SO-01,-1.6027
TCGA-A1-A0SP-01,-0.8295
TCGA-A1-A0SQ-01,-0.7963
TCGA-A2-A04N-01,-1.3376
TCGA-A2-A04P-01,-2.0466
TCGA-A2-A04Q-01,-1.285
TCGA-A2-A04R-01,-1.0892
TCGA-A2-A04T-01,-0.1853
TCGA-A2-A04U-01,-3.348
TCGA-A2-A04V-01,-0.4864
TCGA-A2-A04W-01,-3.0656
TCGA-A2-A04X-01,-2.3114
TCGA-A2-A04Y-01,-1.0265
TCGA-A2-A0CK-01,-2.1431
TCGA-A2-A0CL-01,0.319
TCGA-A2-A0CM-01,0.7719
TCGA-A2-A0CO-01,-2.0429
TCGA-A2-A0CP-01,-2.1376
TCGA-A2-A0CQ-01,-2.0946
TCGA-A2-A0CR-01,-3.6787
TCGA-A2-A0CS-01,-2.2047
TCGA-A2-A0CT-01,1.0925
TCGA-A2-A0CU-01,-0.4815
TCGA-A2-A0CV-01,-0.5905
TCGA-A2-A0CW-01,-3.9041
TCGA-A2-A0CX-01,-1.5514
TCGA-A2-A0CZ-01,-1.8696
TCGA-A2-A0D0-01,0.5654
TCGA-A2-A0D1-01,-1.536
TCGA-A2-A0D2-01,-1.3276
TCGA-A2-A0D3-01,-0.4721
TCGA-A2-A0D4-01,-1.4238
TCGA-A2-A0EM-01,-0.2351
TCGA-A2-A0EN-01,-1.9939
TCGA-A2-A0EO-01,-0.4548
TCGA-A2-A0EP-01,-2.4082
TCGA-A2-A0EQ-01,-0.1971
TCGA-A2-A0ER-01,0.8617
TCGA-A2-A0ES-01,0.1025
TCGA-A2-A0ET-01,1.2685
TCGA-A2-A0EU-01,0.3651
TCGA-A2-A0EV-01,-0.2911
TCGA-A2-A0EW-01,0.0569
TCGA-A2-A0EX-01,-0.7571
TCGA-A2-A0EY-01,-1.7264
TCGA-A2-A0ST-01,0.5947
TCGA-A2-A0SU-01,0.0675
TCGA-A2-A0SV-01,-2.8052
TCGA-A2-A0SW-01,-0.6865
TCGA-A2-A0SX-01,-3.8566
TCGA-A2-A0SY-01,-0.1813
TCGA-A2-A0T0-01,0.3465
TCGA-A2-A0T1-01,-3.5696
TCGA-A2-A0T2-01,-2.458
TCGA-A2-A0T3-01,-1.1577
TCGA-A2-A0T4-01,-0.829
TCGA-A2-A0T5-01,-0.6528
TCGA-A2-A0T6-01,-0.1589
TCGA-A2-A0T7-01,-0.6925
TCGA-A2-A0YC-01,-0.0325
TCGA-A2-A0YD-01,-0.7871
TCGA-A2-A0YE-01,-0.0448
TCGA-A2-A0YF-01,0.5987
TCGA-A2-A0YG-01,-0.6661
TCGA-A2-A0YH-01,-0.6167
TCGA-A2-A0YI-01,-0.2062
TCGA-A2-A0YJ-01,-1.1659
TCGA-A2-A0YK-01,0.3306
TCGA-A2-A0YL-01,0.3385
TCGA-A2-A0YM-01,0.5973
TCGA-A2-A0YT-01,-0.4491
TCGA-A2-A1FV-01,2.2834
TCGA-A2-A1FW-01,1.3498
TCGA-A2-A1FX-01,-0.1564
TCGA-A2-A1FZ-01,-0.1733
TCGA-A2-A1G0-01,-0.0758
TCGA-A2-A1G1-01,1.4729
TCGA-A2-A1G4-01,1.0051
TCGA-A2-A1G6-01,0.1516
TCGA-A2-A259-01,-0.7916
TCGA-A2-A25A-01,-0.0883
TCGA-A2-A25B-01,-1.2243
TCGA-A2-A25C-01,0.4395
TCGA-A2-A25D-01,-1.8283
TCGA-A2-A25E-01,-0.1567
TCGA-A2-A25F-01,0.665
TCGA-A2-A3KC-01,-0.9035
TCGA-A2-A3KD-01,-0.4356
TCGA-A2-A3XS-01,-1.8602
TCGA-A2-A3XT-01,-2.3475
TCGA-A2-A3XU-01,-5.0987
TCGA-A2-A3XV-01,-11.4108
TCGA-A2-A3XW-01,-5.2254
TCGA-A2-A3XX-01,-2.0721
TCGA-A2-A3XY-01,-3.9731
TCGA-A2-A3XZ-01,-4.0422
TCGA-A2-A3Y0-01,-5.2301
TCGA-A2-A4RW-01,-1.4896
TCGA-A2-A4RX-01,-0.2042
TCGA-A2-A4RY-01,-1.4091
TCGA-A2-A4S0-01,-0.8631
TCGA-A2-A4S1-01,-3.7835
TCGA-A2-A4S2-01,-2.8007
TCGA-A2-A4S3-01,-3.1246
TCGA-A7-A0CD-01,0.1995
TCGA-A7-A0CE-01,0.405
TCGA-A7-A0CG-01,0.2952
TCGA-A7-A0CH-01,-0.2355
TCGA-A7-A0CJ-01,-2.4866
TCGA-A7-A0D9-01,-0.3431
TCGA-A7-A0DA-01,-1.7761
TCGA-A7-A0DB-01,-1.5309
TCGA-A7-A0DC-01,0.3935
TCGA-A7-A13D-01,-1.4922
TCGA-A7-A13E-01,-1.7985
TCGA-A7-A13F-01,-1.2535
TCGA-A7-A13G-01,-0.361
TCGA-A7-A13H-01,-2.1878
TCGA-A7-A26E-01,1.0347
TCGA-A7-A26F-01,-0.1411
TCGA-A7-A26G-01,0.3583
TCGA-A7-A26H-01,0.1127
TCGA-A7-A26I-01,0.0737
TCGA-A7-A26J-01,0.2488
TCGA-A7-A2KD-01,0.2783
TCGA-A7-A3IY-01,-1.1541
TCGA-A7-A3IZ-01,0.698
TCGA-A7-A3J0-01,-0.692
TCGA-A7-A3J1-01,-1.0672
TCGA-A7-A3RF-01,-2.3176
TCGA-A7-A425-01,-3.3671
TCGA-A7-A426-01,-2.9047
TCGA-A7-A4SA-01,-2.6041
TCGA-A7-A4SB-01,-0.9711
TCGA-A7-A4SC-01,-1.933
TCGA-A7-A4SD-01,-1.2741
TCGA-A7-A4SE-01,-1.5472
TCGA-A7-A4SF-01,-1.6362
TCGA-A7-A56D-01,-6.537
TCGA-A7-A5ZV-01,-0.9355
TCGA-A7-A5ZW-01,-0.7417
TCGA-A7-A5ZX-01,-1.2997
TCGA-A7-A6VV-01,-1.8199
TCGA-A7-A6VW-01,-4.4325
TCGA-A7-A6VX-01,-1.0896
TCGA-A7-A6VY-01,0.9261
TCGA-A8-A06N-01,1.3367
TCGA-A8-A06O-01,-1.2269
TCGA-A8-A06P-01,-1.5232
TCGA-A8-A06Q-01,-0.1911
TCGA-A8-A06R-01,-1.3509
TCGA-A8-A06T-01,0.0474
TCGA-A8-A06U-01,1.3104
TCGA-A8-A06X-01,-0.3937
TCGA-A8-A06Y-01,-0.4978
TCGA-A8-A06Z-01,-0.5222
TCGA-A8-A075-01,-2.7019
TCGA-A8-A076-01,-2.6192
TCGA-A8-A079-01,-1.062
TCGA-A8-A07B-01,-2.4262
TCGA-A8-A07C-01,-0.3343
TCGA-A8-A07E-01,-0.49
TCGA-A8-A07F-01,0.3647
TCGA-A8-A07G-01,-1.0454
TCGA-A8-A07I-01,-0.9433
TCGA-A8-A07J-01,-0.9341
TCGA-A8-A07L-01,-0.7311
TCGA-A8-A07O-01,-0.7603
TCGA-A8-A07P-01,-0.3449
TCGA-A8-A07R-01,-0.2261
TCGA-A8-A07S-01,-1.1681
TCGA-A8-A07U-01,-0.6425
TCGA-A8-A07W-01,-0.8723
TCGA-A8-A07Z-01,-1.5809
TCGA-A8-A081-01,0.7398
TCGA-A8-A082-01,-1.4365
TCGA-A8-A083-01,-1.112
TCGA-A8-A085-01,1.0149
TCGA-A8-A086-01,-0.7821
TCGA-A8-A08A-01,-2.0533
TCGA-A8-A08B-01,-1.2838
TCGA-A8-A08C-01,0.1247
TCGA-A8-A08G-01,-0.656
TCGA-A8-A08H-01,-0.9076
TCGA-A8-A08I-01,0.9711
TCGA-A8-A08J-01,-1.1142
TCGA-A8-A08L-01,-1.2394
TCGA-A8-A08O-01,0.3358
TCGA-A8-A08P-01,-1.7841
TCGA-A8-A08R-01,-0.736
TCGA-A8-A08T-01,0.5846
TCGA-A8-A08X-01,-2.1199
TCGA-A8-A08Z-01,-0.5853
TCGA-A8-A090-01,-0.5728
TCGA-A8-A091-01,1.7534
TCGA-A8-A092-01,-0.4359
TCGA-A8-A093-01,-0.1979
TCGA-A8-A094-01,-0.6579
TCGA-A8-A095-01,-0.1562
TCGA-A8-A096-01,-0.5901
TCGA-A8-A097-01,-0.98
TCGA-A8-A099-01,-0.0306
TCGA-A8-A09A-01,-0.0631
TCGA-A8-A09B-01,-1.0106
TCGA-A8-A09C-01,-1.2337
TCGA-A8-A09D-01,-0.8539
TCGA-A8-A09G-01,-1.4809
TCGA-A8-A09I-01,-1.5622
TCGA-A8-A09M-01,-1.0605
TCGA-A8-A09N-01,0.3153
TCGA-A8-A09Q-01,-0.3889
TCGA-A8-A09R-01,-0.3227
TCGA-A8-A09T-01,-0.2597
TCGA-A8-A09V-01,1.0765
TCGA-A8-A09W-01,-0.9444
TCGA-A8-A09X-01,-1.8166
TCGA-A8-A09Z-01,-1.4634
TCGA-A8-A0A1-01,-0.7327
TCGA-A8-A0A2-01,-0.1771
TCGA-A8-A0A4-01,0.1933
TCGA-A8-A0A6-01,0.0858
TCGA-A8-A0A7-01,-1.0331
TCGA-A8-A0A9-01,-1.3594
TCGA-A8-A0AB-01,0.3842
TCGA-A8-A0AD-01,-0.3384
TCGA-AC-A23C-01,-0.0666
TCGA-AC-A23E-01,-0.4214
TCGA-AC-A23G-01,-1.7118
TCGA-AC-A23H-01,-2.5402
TCGA-AC-A2B8-01,-0.2915
TCGA-AC-A2BK-01,-0.2012
TCGA-AC-A2BM-01,-0.061
TCGA-AC-A2FB-01,0.0622
TCGA-AC-A2FE-01,-2.1426
TCGA-AC-A2FF-01,0.0496
TCGA-AC-A2FG-01,-0.0576
TCGA-AC-A2FK-01,0.6983
TCGA-AC-A2FM-01,-0.7227
TCGA-AC-A2FO-01,-0.7334
TCGA-AC-A2QH-01,-3.0426
TCGA-AC-A2QI-01,-1.6808
TCGA-AC-A2QJ-01,-6.9051
TCGA-AC-A3BB-01,-2.7639
TCGA-AC-A3EH-01,-2.446
TCGA-AC-A3HN-01,-1.7209
TCGA-AC-A3OD-01,-0.1203
TCGA-AC-A3QP-01,-3.6459
TCGA-AC-A3QQ-01,-5.5708
TCGA-AC-A3TM-01,-4.8713
TCGA-AC-A3TN-01,-3.6781
TCGA-AC-A3W5-01,-2.801
TCGA-AC-A3W6-01,-3.123
TCGA-AC-A3W7-01,-2.1795
TCGA-AC-A3YI-01,-2.8798
TCGA-AC-A3YJ-01,-1.6123
TCGA-AC-A4ZE-01,-0.4769
TCGA-AC-A5EH-01,-2.9965
TCGA-AC-A5EI-01,
TCGA-AC-A5XS-01,-3.6519
TCGA-AC-A5XU-01,-0.243
TCGA-AC-A62V-01,-4.6085
TCGA-AC-A62X-01,-0.7546
TCGA-AC-A62Y-01,-1.147
TCGA-AC-A6IV-01,-0.5248
TCGA-AC-A6IW-01,-3.5845
TCGA-AC-A6IX-01,-1.986
TCGA-AC-A6NO-01,-2.3563
TCGA-AC-A7VB-01,-1.3654
TCGA-AC-A7VC-01,-3.6526
TCGA-AC-A8OP-01,-1.5739
TCGA-AC-A8OQ-01,-3.8808
TCGA-AC-A8OR-01,-1.5481
TCGA-AC-A8OS-01,-1.6939
TCGA-AN-A03X-01,-1.8027
TCGA-AN-A03Y-01,-1.2197
TCGA-AN-A041-01,-0.4003
TCGA-AN-A046-01,-1.7089
TCGA-AN-A049-01,-1.5352
TCGA-AN-A04A-01,0.3993
TCGA-AN-A04C-01,-2.6186
TCGA-AN-A04D-01,-2.4983
TCGA-AN-A0AJ-01,-0.2291
TCGA-AN-A0AK-01,-1.8603
TCGA-AN-A0AL-01,-2.0742
TCGA-AN-A0AM-01,-3.531
TCGA-AN-A0AR-01,-2.0713
TCGA-AN-A0AS-01,-0.9901
TCGA-AN-A0AT-01,0.0429
TCGA-AN-A0FD-01,-1.0154
TCGA-AN-A0FF-01,-1.2488
TCGA-AN-A0FJ-01,-0.357
TCGA-AN-A0FK-01,-0.6293
TCGA-AN-A0FL-01,-2.6991
TCGA-AN-A0FN-01,-1.1691
TCGA-AN-A0FS-01,0.0623
TCGA-AN-A0FT-01,-1.7262
TCGA-AN-A0FV-01,-1.1222
TCGA-AN-A0FW-01,-0.2231
TCGA-AN-A0FX-01,-2.1886
TCGA-AN-A0FY-01,0.4728
TCGA-AN-A0FZ-01,0.332
TCGA-AN-A0G0-01,-2.3531
TCGA-AN-A0XL-01,-1.1658
TCGA-AN-A0XN-01,0.3429
TCGA-AN-A0XO-01,-0.0767
TCGA-AN-A0XP-01,-0.638
TCGA-AN-A0XR-01,-1.2373
TCGA-AN-A0XS-01,-0.9611
TCGA-AN-A0XT-01,0.5231
TCGA-AN-A0XU-01,-0.3214
TCGA-AN-A0XV-01,-0.2134
TCGA-AN-A0XW-01,-1.2062
TCGA-AO-A03L-01,-0.5766
TCGA-AO-A03M-01,-1.0274
TCGA-AO-A03N-01,-1.8035
TCGA-AO-A03O-01,0.0737
TCGA-AO-A03P-01,0.3171
TCGA-AO-A03R-01,-1.7751
TCGA-AO-A03T-01,-2.3483
TCGA-AO-A03U-01,-0.6576
TCGA-AO-A03V-01,-0.2305
TCGA-AO-A0J2-01,0.3474
TCGA-AO-A0J3-01,-0.1657
TCGA-AO-A0J4-01,-0.033
TCGA-AO-A0J5-01,-0.5352
TCGA-AO-A0J6-01,-0.5991
TCGA-AO-A0J7-01,-0.3812
TCGA-AO-A0J8-01,-1.0246
TCGA-AO-A0J9-01,-1.426
TCGA-AO-A0JA-01,0.0527
TCGA-AO-A0JB-01,-2.1673
TCGA-AO-A0JC-01,0.4655
TCGA-AO-A0JD-01,0.6211
TCGA-AO-A0JE-01,-2.6606
TCGA-AO-A0JF-01,0.0663
TCGA-AO-A0JG-01,0.4294
TCGA-AO-A0JI-01,0.5761
TCGA-AO-A0JJ-01,0.0947
TCGA-AO-A0JL-01,-2.2542
TCGA-AO-A0JM-01,-3.4829
TCGA-AO-A124-01,0.1644
TCGA-AO-A125-01,-1.647
TCGA-AO-A126-01,-2.239
TCGA-AO-A128-01,-0.5688
TCGA-AO-A129-01,-2.075
TCGA-AO-A12A-01,-0.4215
TCGA-AO-A12B-01,-1.6259
TCGA-AO-A12D-01,-1.1876
TCGA-AO-A12E-01,-0.7962
TCGA-AO-A12F-01,-0.9567
TCGA-AO-A12G-01,-1.2569
TCGA-AO-A12H-01,-0.353
TCGA-AO-A1KO-01,1.715
TCGA-AO-A1KP-01,0.7022
TCGA-AO-A1KQ-01,-0.193
TCGA-AO-A1KR-01,-2.5754
TCGA-AO-A1KS-01,1.8412
TCGA-AO-A1KT-01,-1.8769
TCGA-AQ-A04H-01,0.4344
TCGA-AQ-A04J-01,-0.3807
TCGA-AQ-A04L-01,-0.847
TCGA-AQ-A0Y5-01,0.5768
TCGA-AQ-A1H2-01,-0.6515
TCGA-AQ-A1H3-01,-0.0166
TCGA-AQ-A54N-01,-1.9877
TCGA-AQ-A54O-01,-1.4421
TCGA-AQ-A7U7-01,-1.4721
TCGA-AR-A0TP-01,0.5544
TCGA-AR-A0TQ-01,-0.5358
TCGA-AR-A0TR-01,0.6481
TCGA-AR-A0TS-01,0.9457
TCGA-AR-A0TT-01,-2.1349
TCGA-AR-A0TU-01,-1.3825
TCGA-AR-A0TV-01,-0.4841
TCGA-AR-A0TW-01,-1.091
TCGA-AR-A0TX-01,-1.7605
TCGA-AR-A0TY-01,-0.43
TCGA-AR-A0TZ-01,0.727
TCGA-AR-A0U0-01,-2.2266
TCGA-AR-A0U1-01,-1.6244
TCGA-AR-A0U2-01,0.2507
TCGA-AR-A0U3-01,0.0973
TCGA-AR-A0U4-01,-0.2795
TCGA-AR-A1AH-01,-0.6788
TCGA-AR-A1AI-01,0.8479
TCGA-AR-A1AJ-01,-0.3027
TCGA-AR-A1AK-01,-1.0737
TCGA-AR-A1AL-01,0.11
TCGA-AR-A1AM-01,-1.0489
TCGA-AR-A1AN-01,-0.46
TCGA-AR-A1AO-01,-1.0272
TCGA-AR-A1AP-01,-0.9063
TCGA-AR-A1AQ-01,-0.7007
TCGA-AR-A1AR-01,1.0156
TCGA-AR-A1AS-01,-2.0518
TCGA-AR-A1AT-01,-1.8846
TCGA-AR-A1AU-01,-0.1896
TCGA-AR-A1AV-01,0.1617
TCGA-AR-A1AW-01,-0.3732
TCGA-AR-A1AX-01,-1.0157
TCGA-AR-A1AY-01,-0.4214
TCGA-AR-A24H-01,-1.8467
TCGA-AR-A24K-01,1.3909
TCGA-AR-A24L-01,-0.4462
TCGA-AR-A24M-01,1.1872
TCGA-AR-A24N-01,-0.1745
TCGA-AR-A24O-01,0.3531
TCGA-AR-A24P-01,0.5402
TCGA-AR-A24Q-01,-0.7206
TCGA-AR-A24R-01,1.1768
TCGA-AR-A24S-01,0.6571
TCGA-AR-A24T-01,0.148
TCGA-AR-A24U-01,-0.6491
TCGA-AR-A24V-01,-0.6688
TCGA-AR-A24W-01,1.4186
TCGA-AR-A24X-01,0.1904
TCGA-AR-A24Z-01,-0.5553
TCGA-AR-A250-01,-0.7847
TCGA-AR-A251-01,-1.3978
TCGA-AR-A252-01,1.2331
TCGA-AR-A254-01,-1.2254
TCGA-AR-A255-01,-0.9254
TCGA-AR-A256-01,-1.3902
TCGA-AR-A2LE-01,0.4209
TCGA-AR-A2LH-01,-1.6035
TCGA-AR-A2LJ-01,-4.2217
TCGA-AR-A2LK-01,1.109
TCGA-AR-A2LM-01,0.3231
TCGA-AR-A2LN-01,-0.3287
TCGA-AR-A2LO-01,0.7654
TCGA-AR-A2LQ-01,-0.9748
TCGA-AR-A5QM-01,-2.747
TCGA-AR-A5QN-01,-2.051
TCGA-AR-A5QP-01,-1.978
TCGA-AR-A5QQ-01,-3.1162
TCGA-B6-A0I1-01,-0.3273
TCGA-B6-A0I2-01,-2.1598
TCGA-B6-A0I5-01,-2.7879
TCGA-B6-A0I6-01,0.1922
TCGA-B6-A0I8-01,-0.7925
TCGA-B6-A0I9-01,0.1747
TCGA-B6-A0IA-01,-1.3828
TCGA-B6-A0IB-01,-0.9398
TCGA-B6-A0IC-01,-0.7445
TCGA-B6-A0IE-01,-2.1164
TCGA-B6-A0IG-01,-1.8532
TCGA-B6-A0IH-01,-0.6885
TCGA-B6-A0IJ-01,-0.7509
TCGA-B6-A0IK-01,0.4077
TCGA-B6-A0IM-01,1.69
TCGA-B6-A0IN-01,-1.705
TCGA-B6-A0IO-01,-0.2419
TCGA-B6-A0IP-01,-0.8515
TCGA-B6-A0IQ-01,0.0632
TCGA-B6-A0RE-01,-1.0413
TCGA-B6-A0RG-01,0.4427
TCGA-B6-A0RH-01,-2.7059
TCGA-B6-A0RI-01,-1.3575
TCGA-B6-A0RL-01,-0.5708
TCGA-B6-A0RM-01,-0.8188
TCGA-B6-A0RN-01,-0.0767
TCGA-B6-A0RO-01,0.8494
TCGA-B6-A0RP-01,-0.3132
TCGA-B6-A0RQ-01,-0.609
TCGA-B6-A0RS-01,-2.6113
TCGA-B6-A0RT-01,1.9506
TCGA-B6-A0RU-01,0.8003
TCGA-B6-A0RV-01,-0.5132
TCGA-B6-A0WS-01,-0.9586
TCGA-B6-A0WT-01,-0.0238
TCGA-B6-A0WV-01,0.8725
TCGA-B6-A0WW-01,-0.5134
TCGA-B6-A0WX-01,-1.1486
TCGA-B6-A0WY-01,-0.6234
TCGA-B6-A0WZ-01,-3.178
TCGA-B6-A0X0-01,-1.3554
TCGA-B6-A0X1-01,-0.0038
TCGA-B6-A0X4-01,-0.1446
TCGA-B6-A0X5-01,-0.8564
TCGA-B6-A0X7-01,-0.1516
TCGA-B6-A1KC-01,2.6812
TCGA-B6-A1KF-01,-1.1633
TCGA-B6-A1KI-01,-0.6526
TCGA-B6-A1KN-01,0.012
TCGA-B6-A2IU-01,-1.0027
TCGA-B6-A3ZX-01,-1.8163
TCGA-B6-A400-01,-1.636
TCGA-B6-A401-01,-3.1626
TCGA-B6-A402-01,-3.2247
TCGA-B6-A408-01,-1.6632
TCGA-B6-A409-01,-3.8884
TCGA-B6-A40B-01,-3.7884
TCGA-B6-A40C-01,-3.3885
TCGA-BH-A0AU-01,-0.4038
TCGA-BH-A0AV-01,0.538
TCGA-BH-A0AW-01,-1.4429
TCGA-BH-A0AY-01,-2.4454
TCGA-BH-A0AZ-01,-1.5547
TCGA-BH-A0B0-01,-1.3436
TCGA-BH-A0B1-01,0.2802
TCGA-BH-A0B2-01,-1.3285
TCGA-BH-A0B3-01,-1.9633
TCGA-BH-A0B4-01,-2.6389
TCGA-BH-A0B5-01,-0.2476
TCGA-BH-A0B7-01,-0.6874
TCGA-BH-A0B8-01,0.8678
TCGA-BH-A0B9-01,-0.2042
TCGA-BH-A0BA-01,0.1985
TCGA-BH-A0BC-01,-1.2411
TCGA-BH-A0BD-01,-0.3949
TCGA-BH-A0BF-01,-1.3771
TCGA-BH-A0BG-01,0.0788
TCGA-BH-A0BJ-01,-0.2865
TCGA-BH-A0BL-01,0.235
TCGA-BH-A0BM-01,-0.5838
TCGA-BH-A0BO-01,-0.9059
TCGA-BH-A0BP-01,-0.4813
TCGA-BH-A0BQ-01,-1.936
TCGA-BH-A0BR-01,-1.8336
TCGA-BH-A0BS-01,-0.1823
TCGA-BH-A0BT-01,-2.1609
TCGA-BH-A0BV-01,0.8767
TCGA-BH-A0BW-01,0.3116
TCGA-BH-A0BZ-01,-2.0285
TCGA-BH-A0C0-01,-1.554
TCGA-BH-A0C1-01,-0.1865
TCGA-BH-A0C3-01,-0.9294
TCGA-BH-A0C7-01,0.1249
TCGA-BH-A0DD-01,0.7331
TCGA-BH-A0DE-01,-1.088
TCGA-BH-A0DG-01,-2.1414
TCGA-BH-A0DH-01,-0.3901
TCGA-BH-A0DI-01,-1.2826
TCGA-BH-A0DK-01,-1.8387
TCGA-BH-A0DL-01,0.3771
TCGA-BH-A0DO-01,0.1894
TCGA-BH-A0DP-01,0.0574
TCGA-BH-A0DQ-01,0.3996
TCGA-BH-A0DS-01,-2.1336
TCGA-BH-A0DT-01,-0.5741
TCGA-BH-A0DV-01,-1.1772
TCGA-BH-A0DX-01,-1.5545
TCGA-BH-A0DZ-01,-1.2152
TCGA-BH-A0E0-01,-1.0453
TCGA-BH-A0E1-01,-0.9845
TCGA-BH-A0E2-01,-0.194
TCGA-BH-A0E6-01,-0.7231
TCGA-BH-A0E7-01,-0.7041
TCGA-BH-A0E9-01,0.2833
TCGA-BH-A0EA-01,0.3773
TCGA-BH-A0EB-01,-0.6368
TCGA-BH-A0EE-01,-0.6951
TCGA-BH-A0EI-01,2.1601
TCGA-BH-A0GY-01,-1.0059
TCGA-BH-A0GZ-01,-1.2284
TCGA-BH-A0H0-01,-1.0488
TCGA-BH-A0H3-01,0.2257
TCGA-BH-A0H5-01,-0.6539
TCGA-BH-A0H6-01,-1.6428
TCGA-BH-A0H7-01,-0.6665
TCGA-BH-A0H9-01,-1.1037
TCGA-BH-A0HA-01,-1.6362
TCGA-BH-A0HB-01,-1.4577
TCGA-BH-A0HF-01,-1.3101
TCGA-BH-A0HI-01,-0.588
TCGA-BH-A0HK-01,-0.4229
TCGA-BH-A0HL-01,-0.4048
TCGA-BH-A0HN-01,-1.3853
TCGA-BH-A0HO-01,-0.9615
TCGA-BH-A0HP-01,-0.1709
TCGA-BH-A0HQ-01,-1.4896
TCGA-BH-A0HU-01,-3.5036
TCGA-BH-A0HW-01,-0.2917
TCGA-BH-A0HX-01,-0.6918
TCGA-BH-A0HY-01,-3.7044
TCGA-BH-A0RX-01,-1.71
TCGA-BH-A0W3-01,0.3392
TCGA-BH-A0W4-01,-0.4181
TCGA-BH-A0W5-01,-0.2473
TCGA-BH-A0W7-01,-2.0197
TCGA-BH-A0WA-01,-0.4673
TCGA-BH-A18F-01,-0.5748
TCGA-BH-A18G-01,-2.0456
TCGA-BH-A18H-01,-1.84
TCGA-BH-A18I-01,-0.2003
TCGA-BH-A18J-01,-1.5192
TCGA-BH-A18K-01,-0.8432
TCGA-BH-A18L-01,0.1245
TCGA-BH-A18M-01,-0.4696
TCGA-BH-A18N-01,0.0899
TCGA-BH-A18P-01,0.6376
TCGA-BH-A18Q-01,1.882
TCGA-BH-A18R-01,0.2404
TCGA-BH-A18S-01,-0.3567
TCGA-BH-A18T-01,0.2127
TCGA-BH-A18U-01,-1.8425
TCGA-BH-A18V-01,0.1525
TCGA-BH-A1EN-01,-1.7638
TCGA-BH-A1EO-01,0.2057
TCGA-BH-A1ES-01,0.6487
TCGA-BH-A1ET-01,0.4072
TCGA-BH-A1EU-01,1.3587
TCGA-BH-A1EV-01,-0.8969
TCGA-BH-A1EW-01,-0.7639
TCGA-BH-A1EX-01,0.3194
TCGA-BH-A1EY-01,-0.2261
TCGA-BH-A1F0-01,-0.2515
TCGA-BH-A1F2-01,0.2538
TCGA-BH-A1F5-01,1.0113
TCGA-BH-A1F6-01,-0.762
TCGA-BH-A1F8-01,0.8035
TCGA-BH-A1FB-01,0.1951
TCGA-BH-A1FC-01,0.5118
TCGA-BH-A1FD-01,-0.6658
TCGA-BH-A1FE-01,0.5401
TCGA-BH-A1FG-01,-1.1729
TCGA-BH-A1FH-01,0.1931
TCGA-BH-A1FJ-01,0.3417
TCGA-BH-A1FL-01,0.1692
TCGA-BH-A1FM-01,2.3006
TCGA-BH-A1FN-01,-0.2074
TCGA-BH-A1FR-01,0.4261
TCGA-BH-A1FU-01,-1.2917
TCGA-BH-A201-01,-0.013
TCGA-BH-A202-01,-0.5896
TCGA-BH-A203-01,-1.41
TCGA-BH-A204-01,1.4065
TCGA-BH-A208-01,-1.4375
TCGA-BH-A209-01,-0.8747
TCGA-BH-A28O-01,-1.2312
TCGA-BH-A28Q-01,-0.1839
TCGA-BH-A2L8-01,-2.3192
TCGA-BH-A42T-01,-3.3892
TCGA-BH-A42U-01,-3.8093
TCGA-BH-A42V-01,-2.4639
TCGA-BH-A5IZ-01,-1.0609
TCGA-BH-A5J0-01,-3.2533
TCGA-BH-A6R8-01,-2.3415
TCGA-BH-A6R9-01,-2.4033
TCGA-BH-A8FY-01,-2.34
TCGA-BH-A8FZ-01,-1.5265
TCGA-BH-A8G0-01,-1.4847
TCGA-BH-AB28-01,-0.6231
TCGA-C8-A12K-01,-1.1688
TCGA-C8-A12L-01,0.8002
TCGA-C8-A12M-01,0.345
TCGA-C8-A12N-01,-2.1772
TCGA-C8-A12O-01,-0.8891
TCGA-C8-A12P-01,-1.7707
TCGA-C8-A12Q-01,0.6643
TCGA-C8-A12T-01,-1.849
TCGA-C8-A12U-01,-1.2386
TCGA-C8-A12V-01,-1.3855
TCGA-C8-A12W-01,-0.5803
TCGA-C8-A12X-01,-2.8741
TCGA-C8-A12Y-01,-3.4384
TCGA-C8-A12Z-01,-1.1972
TCGA-C8-A130-01,-2.16
TCGA-C8-A131-01,-2.9821
TCGA-C8-A132-01,-0.1453
TCGA-C8-A133-01,-1.5214
TCGA-C8-A134-01,-1.7112
TCGA-C8-A135-01,-1.7981
TCGA-C8-A137-01,-1.3072
TCGA-C8-A138-01,-1.7093
TCGA-C8-A1HE-01,0.1342
TCGA-C8-A1HF-01,-1.7483
TCGA-C8-A1HG-01,-1.321
TCGA-C8-A1HI-01,-0.4094
TCGA-C8-A1HJ-01,0.8127
TCGA-C8-A1HK-01,0.1371
TCGA-C8-A1HL-01,-1.6714
TCGA-C8-A1HM-01,1.5153
TCGA-C8-A1HN-01,0.4328
TCGA-C8-A1HO-01,0.08
TCGA-C8-A26V-01,-0.2304
TCGA-C8-A26W-01,-0.4313
TCGA-C8-A26X-01,-1.8247
TCGA-C8-A26Y-01,0.0785
TCGA-C8-A26Z-01,0.0298
TCGA-C8-A273-01,-2.0336
TCGA-C8-A274-01,-0.3604
TCGA-C8-A275-01,-1.2084
TCGA-C8-A278-01,-2.206
TCGA-C8-A27A-01,1.0261
TCGA-C8-A27B-01,2.3322
TCGA-C8-A3M7-01,-0.946
TCGA-C8-A3M8-01,-1.5804
TCGA-C8-A8HP-01,-5.2947
TCGA-C8-A8HQ-01,-1.6038
TCGA-C8-A8HR-01,-0.4906
TCGA-C8-A9FZ-01,
TCGA-D8-A13Y-01,1.4874
TCGA-D8-A13Z-01,0.0958
TCGA-D8-A140-01,0.5118
TCGA-D8-A141-01,-1.7174
TCGA-D8-A142-01,-1.9007
TCGA-D8-A143-01,-0.4904
TCGA-D8-A145-01,0.0075
TCGA-D8-A147-01,1.9081
TCGA-D8-A1J8-01,1.1518
TCGA-D8-A1J9-01,-1.2205
TCGA-D8-A1JA-01,0.1806
TCGA-D8-A1JB-01,1.4184
TCGA-D8-A1JC-01,0.1617
TCGA-D8-A1JD-01,-2.4241
TCGA-D8-A1JE-01,0.7686
TCGA-D8-A1JF-01,1.1301
TCGA-D8-A1JG-01,0.5952
TCGA-D8-A1JH-01,0.1036
TCGA-D8-A1JI-01,0.0282
TCGA-D8-A1JJ-01,-2.1854
TCGA-D8-A1JK-01,-1.5343
TCGA-D8-A1JL-01,-1.1306
TCGA-D8-A1JM-01,-0.3382
TCGA-D8-A1JN-01,-0.27
TCGA-D8-A1JP-01,1.6926
TCGA-D8-A1JS-01,-3.1501
TCGA-D8-A1JT-01,-1.9449
TCGA-D8-A1JU-01,-0.3067
TCGA-D8-A1X5-01,-1.1624
TCGA-D8-A1X6-01,-1.3426
TCGA-D8-A1X7-01,-0.0055
TCGA-D8-A1X8-01,0.6222
TCGA-D8-A1X9-01,-0.2576
TCGA-D8-A1XA-01,-0.2266
TCGA-D8-A1XB-01,-0.8169
TCGA-D8-A1XC-01,0.3905
TCGA-D8-A1XD-01,0.4535
TCGA-D8-A1XF-01,-0.6132
TCGA-D8-A1XG-01,0.5531
TCGA-D8-A1XJ-01,-0.5014
TCGA-D8-A1XK-01,1.2635
TCGA-D8-A1XL-01,-2.4004
TCGA-D8-A1XM-01,0.0492
TCGA-D8-A1XO-01,0.042
TCGA-D8-A1XQ-01,-1.1387
TCGA-D8-A1XR-01,-0.4416
TCGA-D8-A1XS-01,-0.6226
TCGA-D8-A1XT-01,-0.7538
TCGA-D8-A1XU-01,-0.0577
TCGA-D8-A1XV-01,0.4991
TCGA-D8-A1XW-01,0.9705
TCGA-D8-A1XY-01,-1.6624
TCGA-D8-A1XZ-01,1.3557
TCGA-D8-A1Y0-01,-0.0622
TCGA-D8-A1Y1-01,-0.8256
TCGA-D8-A1Y2-01,-2.6782
TCGA-D8-A1Y3-01,-4.5786
TCGA-D8-A27E-01,0.1751
TCGA-D8-A27F-01,0.3306
TCGA-D8-A27G-01,-1.2497
TCGA-D8-A27H-01,-0.6538
TCGA-D8-A27I-01,-0.7285
TCGA-D8-A27K-01,-0.0996
TCGA-D8-A27L-01,-0.7252
TCGA-D8-A27M-01,-0.2166
TCGA-D8-A27N-01,-3.1353
TCGA-D8-A27P-01,0.1243
TCGA-D8-A27R-01,-1.5888
TCGA-D8-A27T-01,-0.4082
TCGA-D8-A27V-01,-0.3312
TCGA-D8-A27W-01,-0.5671
TCGA-D8-A3Z5-01,-2.5821
TCGA-D8-A3Z6-01,-3.3897
TCGA-D8-A4Z1-01,-1.291
TCGA-D8-A73U-01,-1.9526
TCGA-D8-A73W-01,-1.2511
TCGA-D8-A73X-01,-1.5916
TCGA-E2-A105-01,-0.101
TCGA-E2-A107-01,-2.229
TCGA-E2-A108-01,-1.0879
TCGA-E2-A109-01,-0.0985
TCGA-E2-A10A-01,-0.5635
TCGA-E2-A10B-01,-0.8621
TCGA-E2-A10C-01,-2.5325
TCGA-E2-A10E-01,-0.1085
TCGA-E2-A10F-01,-0.5809
TCGA-E2-A14N-01,-1.0262
TCGA-E2-A14O-01,-2.6068
TCGA-E2-A14P-01,-2.2813
TCGA-E2-A14Q-01,-1.0769
TCGA-E2-A14R-01,-1.0002
TCGA-E2-A14S-01,-0.4792
TCGA-E2-A14T-01,0.2448
TCGA-E2-A14U-01,-1.9811
TCGA-E2-A14V-01,0.2531
TCGA-E2-A14W-01,-0.218
TCGA-E2-A14X-01,0.0487
TCGA-E2-A14Y-01,-0.8628
TCGA-E2-A14Z-01,-1.5687
TCGA-E2-A150-01,0.1688
TCGA-E2-A152-01,-0.2554
TCGA-E2-A153-01,-1.4592
TCGA-E2-A154-01,-0.4321
TCGA-E2-A155-01,0.5958
TCGA-E2-A156-01,0.1158
TCGA-E2-A158-01,0.3684
TCGA-E2-A159-01,-0.5049
TCGA-E2-A15A-01,-0.4095
TCGA-E2-A15C-01,-0.4515
TCGA-E2-A15D-01,-0.8539
TCGA-E2-A15E-01,-0.2915
TCGA-E2-A15F-01,-0.3754
TCGA-E2-A15G-01,0.7696
TCGA-E2-A15H-01,-1.2012
TCGA-E2-A15I-01,0.7356
TCGA-E2-A15J-01,-0.9398
TCGA-E2-A15K-01,-1.1467
TCGA-E2-A15L-01,-0.4187
TCGA-E2-A15M-01,0.7035
TCGA-E2-A15O-01,-0.9828
TCGA-E2-A15P-01,0.2416
TCGA-E2-A15R-01,1.0253
TCGA-E2-A15S-01,0.7056
TCGA-E2-A15T-01,1.0306
TCGA-E2-A1AZ-01,1.7254
TCGA-E2-A1B0-01,0.3963
TCGA-E2-A1B1-01,0.3506
TCGA-E2-A1B4-01,-1.9182
TCGA-E2-A1B5-01,-1.2763
TCGA-E2-A1B6-01,-1.8537
TCGA-E2-A1BC-01,-0.251
TCGA-E2-A1BD-01,-1.3105
TCGA-E2-A1IE-01,0.0586
TCGA-E2-A1IF-01,-3.0609
TCGA-E2-A1IG-01,-1.4282
TCGA-E2-A1IH-01,0.1753
TCGA-E2-A1II-01,-0.4954
TCGA-E2-A1IJ-01,-1.7378
TCGA-E2-A1IK-01,-1.2563
TCGA-E2-A1IL-01,-0.938
TCGA-E2-A1IN-01,-1.2762
TCGA-E2-A1IO-01,-0.1701
TCGA-E2-A1IU-01,-0.171
TCGA-E2-A1L6-01,-0.3185
TCGA-E2-A1L7-01,0.2011
TCGA-E2-A1L8-01,0.3818
TCGA-E2-A1L9-01,-1.394
TCGA-E2-A1LA-01,-1.1748
TCGA-E2-A1LB-01,-1.5686
TCGA-E2-A1LE-01,-2.6633
TCGA-E2-A1LG-01,-0.6904
TCGA-E2-A1LH-01,-3.2053
TCGA-E2-A1LI-01,-0.1859
TCGA-E2-A1LK-01,-2.1471
TCGA-E2-A1LL-01,0.2951
TCGA-E2-A1LS-01,0.7784
TCGA-E2-A2P5-01,-1.8284
TCGA-E2-A2P6-01,-1.4221
TCGA-E2-A3DX-01,-0.6155
TCGA-E2-A56Z-01,1.8054
TCGA-E2-A570-01,-0.8235
TCGA-E2-A573-01,-2.1805
TCGA-E2-A574-01,-3.9452
TCGA-E2-A576-01,-3.393
TCGA-E2-A9RU-01,-5.1316
TCGA-E9-A1N3-01,0.3089
TCGA-E9-A1N4-01,0.2413
TCGA-E9-A1N5-01,-1.2561
TCGA-E9-A1N6-01,-1.5055
TCGA-E9-A1N8-01,0.3804
TCGA-E9-A1N9-01,0.1391
TCGA-E9-A1NA-01,-0.4066
TCGA-E9-A1NC-01,-2.9817
TCGA-E9-A1ND-01,-1.6929
TCGA-E9-A1NE-01,0.6626
TCGA-E9-A1NF-01,-1.5953
TCGA-E9-A1NG-01,-1.0729
TCGA-E9-A1NH-01,-1.4122
TCGA-E9-A1NI-01,-1.5849
TCGA-E9-A1QZ-01,-0.5238
TCGA-E9-A1R0-01,-0.2744
TCGA-E9-A1R2-01,-1.356
TCGA-E9-A1R3-01,-0.2327
TCGA-E9-A1R4-01,-0.7676
TCGA-E9-A1R5-01,-0.7802
TCGA-E9-A1R6-01,-1.2681
TCGA-E9-A1R7-01,1.1719
TCGA-E9-A1RA-01,-0.4428
TCGA-E9-A1RB-01,-0.5381
TCGA-E9-A1RC-01,0.1726
TCGA-E9-A1RD-01,-0.184
TCGA-E9-A1RE-01,0.1167
TCGA-E9-A1RF-01,-1.278
TCGA-E9-A1RG-01,-2.5063
TCGA-E9-A1RH-01,1.2135
TCGA-E9-A1RI-01,-0.5594
TCGA-E9-A226-01,-0.3827
TCGA-E9-A227-01,-1.0768
TCGA-E9-A228-01,0.1573
TCGA-E9-A229-01,-0.6463
TCGA-E9-A22A-01,-1.6866
TCGA-E9-A22B-01,-1.0803
TCGA-E9-A22D-01,-2.2477
TCGA-E9-A22E-01,-2.2961
TCGA-E9-A22G-01,-1.5801
TCGA-E9-A22H-01,0.1041
TCGA-E9-A243-01,0.0703
TCGA-E9-A244-01,-2.5948
TCGA-E9-A245-01,-1.2779
TCGA-E9-A247-01,-1.2324
TCGA-E9-A248-01,-0.0479
TCGA-E9-A249-01,-0.9278
TCGA-E9-A24A-01,0.0245
TCGA-E9-A295-01,-1.1404
TCGA-E9-A2JS-01,-1.4046
TCGA-E9-A2JT-01,0.3066
TCGA-E9-A3HO-01,-8.2716
TCGA-E9-A3Q9-01,-0.7827
TCGA-E9-A3QA-01,-2.3973
TCGA-E9-A3X8-01,-5.8367
TCGA-E9-A54X-01,-2.0115
TCGA-E9-A54Y-01,-3.4887
TCGA-E9-A5FK-01,-4.0089
TCGA-E9-A5FL-01,-5.0387
TCGA-E9-A5UO-01,-1.3993
TCGA-E9-A5UP-01,-3.2794
TCGA-E9-A6HE-01,-4.6836
TCGA-EW-A1IW-01,0.3745
TCGA-EW-A1IX-01,-0.8948
TCGA-EW-A1IY-01,0.3976
TCGA-EW-A1IZ-01,-1.2183
TCGA-EW-A1J1-01,0.4674
TCGA-EW-A1J2-01,0.1403
TCGA-EW-A1J3-01,-0.3024
TCGA-EW-A1J5-01,-0.4199
TCGA-EW-A1J6-01,0.2315
TCGA-EW-A1OV-01,-1.24
TCGA-EW-A1OW-01,-0.9142
TCGA-EW-A1OX-01,-0.3713
TCGA-EW-A1OY-01,-0.1607
TCGA-EW-A1OZ-01,-2.6751
TCGA-EW-A1P0-01,-0.1344
TCGA-EW-A1P1-01,-0.6144
TCGA-EW-A1P3-01,-1.8908
TCGA-EW-A1P4-01,-1.8119
TCGA-EW-A1P5-01,-0.7497
TCGA-EW-A1P6-01,-0.4051
TCGA-EW-A1P7-01,-1.2239
TCGA-EW-A1P8-01,-1.5282
TCGA-EW-A1PA-01,-0.0564
TCGA-EW-A1PB-01,-2.519
TCGA-EW-A1PC-01,-0.517
TCGA-EW-A1PD-01,0.8665
TCGA-EW-A1PE-01,-0.7889
TCGA-EW-A1PF-01,-1.5566
TCGA-EW-A1PG-01,0.0523
TCGA-EW-A1PH-01,-2.1007
TCGA-EW-A2FR-01,-1.9228
TCGA-EW-A2FS-01,-0.7975
TCGA-EW-A2FV-01,-0.5323
TCGA-EW-A2FW-01,-0.9232
TCGA-EW-A3E8-01,-2.2977
TCGA-EW-A3U0-01,-1.6805
TCGA-EW-A423-01,-3.345
TCGA-EW-A424-01,-2.6674
TCGA-EW-A6S9-01,-1.7044
TCGA-EW-A6SA-01,-0.5681
TCGA-EW-A6SB-01,-2.6807
TCGA-EW-A6SC-01,-0.897
TCGA-EW-A6SD-01,-1.3821
TCGA-GI-A2C8-01,-0.7091
TCGA-GI-A2C9-01,-1.2976
TCGA-GM-A2D9-01,-2.068
TCGA-GM-A2DA-01,-2.2309
TCGA-GM-A2DB-01,-0.9212
TCGA-GM-A2DC-01,-2.1929
TCGA-GM-A2DD-01,-2.1148
TCGA-GM-A2DF-01,-1.604
TCGA-GM-A2DH-01,0.669
TCGA-GM-A2DI-01,-0.5112
TCGA-GM-A2DK-01,-2.1176
TCGA-GM-A2DL-01,-0.398
TCGA-GM-A2DM-01,-0.3748
TCGA-GM-A2DN-01,-0.8305
TCGA-GM-A2DO-01,-1.2219
TCGA-GM-A3NW-01,-1.2825
TCGA-GM-A3NY-01,-1.2799
TCGA-GM-A3XG-01,-2.2666
TCGA-GM-A3XL-01,-3.7281
TCGA-GM-A3XN-01,-2.746
TCGA-GM-A4E0-01,-2.3049
TCGA-GM-A5PV-01,-1.1226
TCGA-GM-A5PX-01,-2.4778
TCGA-HN-A2NL-01,-0.249
TCGA-HN-A2OB-01,-1.429
TCGA-JL-A3YW-01,-2.94
TCGA-JL-A3YX-01,-3.3427
TCGA-LD-A66U-01,-4.1077
TCGA-LD-A74U-01,-2.2112
TCGA-LD-A7W5-01,-2.093
TCGA-LD-A7W6-01,-0.7055
TCGA-LD-A9QF-01,-3.219
TCGA-LL-A440-01,-2.0763
TCGA-LL-A441-01,-1.4572
TCGA-LL-A442-01,-0.5099
TCGA-LL-A50Y-01,-3.9482
TCGA-LL-A5YL-01,-4.229
TCGA-LL-A5YM-01,-7.4621
TCGA-LL-A5YN-01,-3.9644
TCGA-LL-A5YO-01,-3.1698
TCGA-LL-A5YP-01,-2.1134
TCGA-LL-A6FP-01,-2.313
TCGA-LL-A6FQ-01,-3.669
TCGA-LL-A6FR-01,-4.1115
TCGA-LL-A73Y-01,-1.5317
TCGA-LL-A73Z-01,-2.2268
TCGA-LL-A740-01,-2.519
TCGA-LL-A7SZ-01,-6.0352
TCGA-LL-A7T0-01,-2.8126
TCGA-LL-A8F5-01,-3.6592
TCGA-LL-A9Q3-01,-4.8398
TCGA-LQ-A4E4-01,-1.6613
TCGA-MS-A51U-01,-1.3117
TCGA-OK-A5Q2-01,-2.3119
TCGA-OL-A5D6-01,-3.4302
TCGA-OL-A5D7-01,-3.2302
TCGA-OL-A5D8-01,-1.9039
TCGA-OL-A5DA-01,-1.6484
TCGA-OL-A5RU-01,-2.3571
TCGA-OL-A5RV-01,-1.5017
TCGA-OL-A5RW-01,-3.0166
TCGA-OL-A5RX-01,-1.4513
TCGA-OL-A5RY-01,-2.922
TCGA-OL-A5RZ-01,-2.556
TCGA-OL-A5S0-01,-3.561
TCGA-OL-A66H-01,-2.513
TCGA-OL-A66I-01,-2.0044
TCGA-OL-A66J-01,-2.2446
TCGA-OL-A66K-01,-2.062
TCGA-OL-A66L-01,-5.0661
TCGA-OL-A66N-01,-4.3025
TCGA-OL-A66O-01,-3.9655
TCGA-OL-A66P-01,-4.9937
TCGA-OL-A6VO-01,-2.4314
TCGA-OL-A6VQ-01,-1.1051
TCGA-OL-A6VR-01,-2.1182
TCGA-OL-A97C-01,-1.5746
TCGA-PE-A5DC-01,-1.8278
TCGA-PE-A5DD-01,-2.858
TCGA-PE-A5DE-01,-1.3206
TCGA-PL-A8LV-01,-2.2455
TCGA-PL-A8LX-01,-1.7299
TCGA-PL-A8LY-01,-2.5627
TCGA-PL-A8LZ-01,-2.0783
TCGA-S3-A6ZF-01,0.7657
TCGA-S3-A6ZG-01,-0.2312
TCGA-S3-A6ZH-01,0.2011
TCGA-S3-AA0Z-01,-1.1214
TCGA-S3-AA10-01,-1.015
TCGA-S3-AA11-01,-1.8613
TCGA-S3-AA12-01,-1.8825
TCGA-S3-AA14-01,-1.7772
TCGA-S3-AA15-01,-2.846
TCGA-S3-AA17-01,-2.1547
TCGA-UL-AAZ6-01,-2.9793
TCGA-UU-A93S-01,-4.2052
TCGA-V7-A7HQ-01,-5.0401
TCGA-W8-A86G-01,-2.2429
TCGA-WT-AB41-01,-3.2221
TCGA-WT-AB44-01,-4.8364
TCGA-XX-A899-01,-1.3889
TCGA-XX-A89A-01,-2.2736
TCGA-Z7-A8R5-01,-3.2801
TCGA-Z7-A8R6-01,-2.8436
TCGA-2W-A8YY-01,
TCGA-4J-AA1J-01,
TCGA-BI-A0VR-01,
TCGA-BI-A0VS-01,
TCGA-BI-A20A-01,
TCGA-C5-A0TN-01,
TCGA-C5-A1BE-01,
TCGA-C5-A1BF-01,
TCGA-C5-A1BI-01,
TCGA-C5-A1BJ-01,
TCGA-C5-A1BK-01,
TCGA-C5-A1BL-01,
TCGA-C5-A1BM-01,
TCGA-C5-A1BN-01,
TCGA-C5-A1BQ-01,
TCGA-C5-A1M5-01,
TCGA-C5-A1M6-01,
TCGA-C5-A1M7-01,
TCGA-C5-A1M8-01,
TCGA-C5-A1M9-01,
TCGA-C5-A1ME-01,
TCGA-C5-A1MF-01,
TCGA-C5-A1MH-01,
TCGA-C5-A1MI-01,
TCGA-C5-A1MJ-01,
TCGA-C5-A1MK-01,
TCGA-C5-A1ML-01,
TCGA-C5-A1MN-01,
TCGA-C5-A1MP-01,
TCGA-C5-A1MQ-01,
TCGA-C5-A2LS-01,
TCGA-C5-A2LT-01,
TCGA-C5-A2LV-01,
TCGA-C5-A2LX-01,
TCGA-C5-A2LY-01,
TCGA-C5-A2LZ-01,
TCGA-C5-A2M1-01,
TCGA-C5-A2M2-01,
TCGA-C5-A3HD-01,
TCGA-C5-A3HE-01,
TCGA-C5-A3HF-01,
TCGA-C5-A3HL-01,
TCGA-C5-A7CG-01,
TCGA-C5-A7CH-01,
TCGA-C5-A7CJ-01,
TCGA-C5-A7CK-01,
TCGA-C5-A7CL-01,
TCGA-C5-A7CM-01,
TCGA-C5-A7CO-01,
TCGA-C5-A7UC-01,
TCGA-C5-A7UE-01,
TCGA-C5-A7UH-01,
TCGA-C5-A7UI-01,
TCGA-C5-A7X3-01,
TCGA-C5-A7X5-01,
TCGA-C5-A7X8-01,
TCGA-C5-A7XC-01,
TCGA-C5-A8XH-01,
TCGA-C5-A8XI-01,
TCGA-C5-A8XJ-01,
TCGA-C5-A8XK-01,
TCGA-C5-A8YQ-01,
TCGA-C5-A8YR-01,
TCGA-C5-A8YT-01,
TCGA-C5-A8ZZ-01,
TCGA-C5-A907-01,
TCGA-DG-A2KH-01,
TCGA-DG-A2KJ-01,
TCGA-DG-A2KK-01,
TCGA-DG-A2KL-01,
TCGA-DG-A2KM-01,
TCGA-DR-A0ZL-01,
TCGA-DR-A0ZM-01,
TCGA-DS-A0VK-01,
TCGA-DS-A0VL-01,
TCGA-DS-A0VM-01,
TCGA-DS-A0VN-01,
TCGA-DS-A1OA-01,
TCGA-DS-A3LQ-01,
TCGA-DS-A5RQ-01,
TCGA-DS-A7WF-01,
TCGA-DS-A7WH-01,
TCGA-DS-A7WI-01,
TCGA-EA-A1QS-01,
TCGA-EA-A1QT-01,
TCGA-EA-A3HQ-01,
TCGA-EA-A3HR-01,
TCGA-EA-A3HS-01,
TCGA-EA-A3HT-01,
TCGA-EA-A3HU-01,
TCGA-EA-A3QD-01,
TCGA-EA-A3QE-01,
TCGA-EA-A3Y4-01,
TCGA-EA-A410-01,
TCGA-EA-A411-01,
TCGA-EA-A439-01,
TCGA-EA-A43B-01,
TCGA-EA-A44S-01,
TCGA-EA-A4BA-01,
TCGA-EA-A50E-01,
TCGA-EA-A556-01,
TCGA-EA-A5FO-01,
TCGA-EA-A5O9-01,
TCGA-EA-A5ZD-01,
TCGA-EA-A5ZE-01,
TCGA-EA-A5ZF-01,
TCGA-EA-A6QX-01,
TCGA-EA-A78R-01,
TCGA-EA-A97N-01,
TCGA-EK-A2GZ-01,
TCGA-EK-A2H0-01,
TCGA-EK-A2H1-01,
TCGA-EK-A2IP-01,
TCGA-EK-A2PG-01,
TCGA-EK-A2PI-01,
TCGA-EK-A2PK-01,
TCGA-EK-A2PL-01,
TCGA-EK-A2PM-01,
TCGA-EK-A2R7-01,
TCGA-EK-A2R8-01,
TCGA-EK-A2R9-01,
TCGA-EK-A2RA-01,
TCGA-EK-A2RB-01,
TCGA-EK-A2RC-01,
TCGA-EK-A2RD-01,
TCGA-EK-A2RE-01,
TCGA-EK-A2RJ-01,
TCGA-EK-A2RK-01,
TCGA-EK-A2RL-01,
TCGA-EK-A2RM-01,
TCGA-EK-A2RN-01,
TCGA-EK-A2RO-01,
TCGA-EK-A3GJ-01,
TCGA-EK-A3GK-01,
TCGA-EK-A3GM-01,
TCGA-EK-A3GN-01,
TCGA-EX-A1H5-01,
TCGA-EX-A1H6-01,
TCGA-EX-A3L1-01,
TCGA-EX-A69L-01,
TCGA-EX-A69M-01,
TCGA-EX-A8YF-01,
TCGA-FU-A23K-01,
TCGA-FU-A23L-01,
TCGA-FU-A2QG-01,
TCGA-FU-A3EO-01,
TCGA-FU-A3HY-01,
TCGA-FU-A3HZ-01,
TCGA-FU-A3NI-01,
TCGA-FU-A3TQ-01,
TCGA-FU-A3TX-01,
TCGA-FU-A3WB-01,
TCGA-FU-A3YQ-01,
TCGA-FU-A40J-01,
TCGA-FU-A57G-01,
TCGA-FU-A5XV-01,
TCGA-FU-A770-01,
TCGA-GH-A9DA-01,
TCGA-HG-A2PA-01,
TCGA-HG-A9SC-01,
TCGA-HM-A3JJ-01,
TCGA-HM-A3JK-01,
TCGA-HM-A4S6-01,
TCGA-HM-A6W2-01,
TCGA-IR-A3L7-01,
TCGA-IR-A3LA-01,
TCGA-IR-A3LB-01,
TCGA-IR-A3LC-01,
TCGA-IR-A3LF-01,
TCGA-IR-A3LH-01,
TCGA-IR-A3LI-01,
TCGA-IR-A3LK-01,
TCGA-IR-A3LL-01,
TCGA-JW-A5VG-01,
TCGA-JW-A5VH-01,
TCGA-JW-A5VI-01,
TCGA-JW-A5VJ-01,
TCGA-JW-A5VK-01,
TCGA-JW-A5VL-01,
TCGA-JW-A69B-01,
TCGA-JW-A852-01,
TCGA-JW-AAVH-01,
TCGA-JX-A3PZ-01,
TCGA-JX-A3Q0-01,
TCGA-JX-A3Q8-01,
TCGA-JX-A5QV-01,
TCGA-LP-A4AU-01,
TCGA-LP-A4AV-01,
TCGA-LP-A4AW-01,
TCGA-LP-A4AX-01,
TCGA-LP-A5U2-01,
TCGA-LP-A5U3-01,
TCGA-LP-A7HU-01,
TCGA-MA-AA3W-01,
TCGA-MA-AA3X-01,
TCGA-MA-AA3Y-01,
TCGA-MA-AA3Z-01,
TCGA-MA-AA41-01,
TCGA-MA-AA42-01,
TCGA-MA-AA43-01,
TCGA-MU-A51Y-01,
TCGA-MU-A5YI-01,
TCGA-MU-A8JM-01,
TCGA-MY-A5BD-01,
TCGA-MY-A5BE-01,
TCGA-MY-A5BF-01,
TCGA-MY-A913-01,
TCGA-PN-A8MA-01,
TCGA-Q1-A5R1-01,
TCGA-Q1-A5R2-01,
TCGA-Q1-A5R3-01,
TCGA-Q1-A6DT-01,
TCGA-Q1-A6DV-01,
TCGA-Q1-A6DW-01,
TCGA-Q1-A73O-01,
TCGA-Q1-A73P-01,
TCGA-Q1-A73Q-01,
TCGA-Q1-A73R-01,
TCGA-Q1-A73S-01,
TCGA-R2-A69V-01,
TCGA-RA-A741-01,
TCGA-UC-A7PD-01,
TCGA-UC-A7PF-01,
TCGA-UC-A7PG-01,
TCGA-UC-A7PI-01,
TCGA-VS-A8EB-01,
TCGA-VS-A8EC-01,
TCGA-VS-A8EG-01,
TCGA-VS-A8EH-01,
TCGA-VS-A8EI-01,
TCGA-VS-A8EJ-01,
TCGA-VS-A8EL-01,
TCGA-VS-A8Q8-01,
TCGA-VS-A8Q9-01,
TCGA-VS-A8QA-01,
TCGA-VS-A8QC-01,
TCGA-VS-A8QF-01,
TCGA-VS-A8QH-01,
TCGA-VS-A8QM-01,
TCGA-VS-A94W-01,
TCGA-VS-A94X-01,
TCGA-VS-A94Y-01,
TCGA-VS-A94Z-01,
TCGA-VS-A950-01,
TCGA-VS-A952-01,
TCGA-VS-A953-01,
TCGA-VS-A954-01,
TCGA-VS-A957-01,
TCGA-VS-A958-01,
TCGA-VS-A959-01,
TCGA-VS-A9U5-01,
TCGA-VS-A9U6-01,
TCGA-VS-A9U7-01,
TCGA-VS-A9UA-01,
TCGA-VS-A9UB-01,
TCGA-VS-A9UC-01,
TCGA-VS-A9UD-01,
TCGA-VS-A9UH-01,
TCGA-VS-A9UI-01,
TCGA-VS-A9UJ-01,
TCGA-VS-A9UL-01,
TCGA-VS-A9UM-01,
TCGA-VS-A9UO-01,
TCGA-VS-A9UP-01,
TCGA-VS-A9UQ-01,
TCGA-VS-A9UR-01,
TCGA-VS-A9UT-01,
TCGA-VS-A9UU-01,
TCGA-VS-A9UV-01,
TCGA-VS-A9UY-01,
TCGA-VS-A9UZ-01,
TCGA-VS-A9V0-01,
TCGA-VS-A9V1-01,
TCGA-VS-A9V2-01,
TCGA-VS-A9V3-01,
TCGA-VS-A9V4-01,
TCGA-VS-A9V5-01,
TCGA-VS-AA62-01,
TCGA-WL-A834-01,
TCGA-XS-A8TJ-01,
TCGA-ZJ-A8QO-01,
TCGA-ZJ-A8QQ-01,
TCGA-ZJ-A8QR-01,
TCGA-ZJ-AAX4-01,
TCGA-ZJ-AAX8-01,
TCGA-ZJ-AAXA-01,
TCGA-ZJ-AAXB-01,
TCGA-ZJ-AAXD-01,
TCGA-ZJ-AAXF-01,
TCGA-ZJ-AAXI-01,
TCGA-ZJ-AAXJ-01,
TCGA-ZJ-AAXN-01,
TCGA-ZJ-AAXT-01,
TCGA-ZJ-AAXU-01,
TCGA-ZJ-AB0H-01,
TCGA-ZJ-AB0I-01,
TCGA-ZX-AA5X-01,
TCGA-3X-AAV9-01,1.4667
TCGA-3X-AAVA-01,2.269
TCGA-3X-AAVB-01,3.227
TCGA-3X-AAVC-01,6.2758
TCGA-3X-AAVE-01,2.1964
TCGA-4G-AAZO-01,1.4411
TCGA-4G-AAZT-01,-3.4609
TCGA-W5-AA2G-01,-1.4349
TCGA-W5-AA2H-01,0.3805
TCGA-W5-AA2I-01,-4.9016
TCGA-W5-AA2O-01,0.1254
TCGA-W5-AA2Q-01,3.1767
TCGA-W5-AA2R-01,4.3712
TCGA-W5-AA2T-01,2.664
TCGA-W5-AA2U-01,2.2788
TCGA-W5-AA2W-01,2.1534
TCGA-W5-AA2X-01,2.2722
TCGA-W5-AA2Z-01,5.1187
TCGA-W5-AA30-01,2.7555
TCGA-W5-AA31-01,3.4028
TCGA-W5-AA33-01,4.4153
TCGA-W5-AA34-01,2.3629
TCGA-W5-AA36-01,-4.4526
TCGA-W5-AA38-01,-4.9034
TCGA-W5-AA39-01,-5.6432
TCGA-W6-AA0S-01,1.493
TCGA-WD-A7RX-01,-1.1706
TCGA-YR-A95A-01,1.0635
TCGA-ZD-A8I3-01,1.4786
TCGA-ZH-A8Y1-01,3.4518
TCGA-ZH-A8Y2-01,3.1867
TCGA-ZH-A8Y4-01,0.077
TCGA-ZH-A8Y5-01,2.4712
TCGA-ZH-A8Y6-01,8.7711
TCGA-ZH-A8Y8-01,0.3254
TCGA-ZU-A8S4-01,-1.4834
TCGA-3L-AA1B-01,2.1273
TCGA-4N-A93T-01,-2.2429
TCGA-4T-AA8H-01,-0.9302
TCGA-5M-AAT4-01,2.279
TCGA-5M-AAT5-01,-1.0877
TCGA-5M-AAT6-01,-1.6435
TCGA-5M-AATA-01,-1.1624
TCGA-5M-AATE-01,0.8795
TCGA-A6-2671-01,-0.418
TCGA-A6-2672-01,-0.2613
TCGA-A6-2674-01,-0.4211
TCGA-A6-2675-01,1.1191
TCGA-A6-2676-01,0.6366
TCGA-A6-2677-01,3.0284
TCGA-A6-2678-01,2.0063
TCGA-A6-2679-01,-8.7955
TCGA-A6-2680-01,-0.6037
TCGA-A6-2681-01,1.899
TCGA-A6-2682-01,1.4324
TCGA-A6-2683-01,-3.8043
TCGA-A6-2684-01,2.7222
TCGA-A6-2685-01,0.4664
TCGA-A6-2686-01,3.235
TCGA-A6-3807-01,1.7946
TCGA-A6-3808-01,-0.4319
TCGA-A6-3809-01,1.0498
TCGA-A6-3810-01,3.2692
TCGA-A6-4105-01,1.3423
TCGA-A6-4107-01,0.1231
TCGA-A6-5656-01,1.7788
TCGA-A6-5657-01,2.1647
TCGA-A6-5659-01,6.6132
TCGA-A6-5660-01,2.8411
TCGA-A6-5661-01,0.7433
TCGA-A6-5662-01,-9.3718
TCGA-A6-5664-01,-0.2963
TCGA-A6-5665-01,0.8508
TCGA-A6-5666-01,5.6043
TCGA-A6-5667-01,5.2637
TCGA-A6-6137-01,2.4742
TCGA-A6-6138-01,0.0887
TCGA-A6-6140-01,2.1245
TCGA-A6-6141-01,-1.4394
TCGA-A6-6142-01,-0.0259
TCGA-A6-6648-01,4.2308
TCGA-A6-6649-01,0.1242
TCGA-A6-6650-01,2.8864
TCGA-A6-6651-01,1.2265
TCGA-A6-6652-01,-0.8035
TCGA-A6-6653-01,-0.5742
TCGA-A6-6654-01,1.0528
TCGA-A6-6780-01,-2.6164
TCGA-A6-6781-01,-1.955
TCGA-A6-6782-01,0.9161
TCGA-A6-A565-01,-0.4984
TCGA-A6-A566-01,-1.5576
TCGA-A6-A567-01,1.5953
TCGA-A6-A56B-01,1.184
TCGA-A6-A5ZU-01,0.6543
TCGA-AA-3488-01,-1.639
TCGA-AA-3489-01,-0.7367
TCGA-AA-3492-01,0.0961
TCGA-AA-3494-01,1.1589
TCGA-AA-3495-01,-0.6964
TCGA-AA-3496-01,0.0595
TCGA-AA-3502-01,-0.1107
TCGA-AA-3506-01,-1.3961
TCGA-AA-3510-01,-1.3219
TCGA-AA-3511-01,-1.0716
TCGA-AA-3514-01,-6.1878
TCGA-AA-3517-01,-0.0635
TCGA-AA-3518-01,-0.3487
TCGA-AA-3519-01,1.8497
TCGA-AA-3520-01,-0.9753
TCGA-AA-3521-01,1.0787
TCGA-AA-3522-01,2.2086
TCGA-AA-3524-01,1.9499
TCGA-AA-3525-01,-0.5711
TCGA-AA-3526-01,-1.4099
TCGA-AA-3527-01,-6.6852
TCGA-AA-3529-01,-0.2584
TCGA-AA-3530-01,4.3052
TCGA-AA-3531-01,0.7146
TCGA-AA-3532-01,0.2157
TCGA-AA-3534-01,1.7574
TCGA-AA-3538-01,3.8694
TCGA-AA-3542-01,-5.5237
TCGA-AA-3543-01,-1.3948
TCGA-AA-3544-01,-4.0253
TCGA-AA-3548-01,-4.2678
TCGA-AA-3549-01,3.1594
TCGA-AA-3552-01,-1.214
TCGA-AA-3553-01,1.6844
TCGA-AA-3555-01,1.5841
TCGA-AA-3558-01,
TCGA-AA-3560-01,-0.6908
TCGA-AA-3561-01,-1.1342
TCGA-AA-3655-01,1.7678
TCGA-AA-3660-01,2.9511
TCGA-AA-3663-01,-2.2544
TCGA-AA-3664-01,4.6739
TCGA-AA-3666-01,2.3995
TCGA-AA-3667-01,-6.5438
TCGA-AA-3673-01,1.7927
TCGA-AA-3675-01,-1.7302
TCGA-AA-3678-01,-0.6097
TCGA-AA-3679-01,2.0669
TCGA-AA-3680-01,1.3333
TCGA-AA-3681-01,2.0619
TCGA-AA-3684-01,-5.1534
TCGA-AA-3685-01,0.6768
TCGA-AA-3688-01,3.4615
TCGA-AA-3692-01,1.1426
TCGA-AA-3693-01,1.0749
TCGA-AA-3695-01,-1.5557
TCGA-AA-3696-01,2.7252
TCGA-AA-3710-01,-1.3251
TCGA-AA-3712-01,3.804
TCGA-AA-3713-01,1.0737
TCGA-AA-3715-01,-4.9289
TCGA-AA-3811-01,3.2238
TCGA-AA-3812-01,-4.0413
TCGA-AA-3814-01,3.5171
TCGA-AA-3818-01,2.7018
TCGA-AA-3819-01,-1.2104
TCGA-AA-3821-01,-4.5499
TCGA-AA-3831-01,-1.2173
TCGA-AA-3833-01,-2.0028
TCGA-AA-3837-01,0.7708
TCGA-AA-3841-01,-0.7273
TCGA-AA-3842-01,3.4652
TCGA-AA-3844-01,3.2773
TCGA-AA-3845-01,2.0485
TCGA-AA-3846-01,2.8471
TCGA-AA-3848-01,-1.8063
TCGA-AA-3850-01,-1.9091
TCGA-AA-3851-01,1.5874
TCGA-AA-3852-01,-2.5864
TCGA-AA-3854-01,-1.8354
TCGA-AA-3855-01,-0.9433
TCGA-AA-3856-01,1.7012
TCGA-AA-3858-01,-1.5475
TCGA-AA-3864-01,0.8829
TCGA-AA-3866-01,1.5098
TCGA-AA-3867-01,1.9827
TCGA-AA-3869-01,1.713
TCGA-AA-3870-01,0.3933
TCGA-AA-3872-01,1.2123
TCGA-AA-3875-01,0.4788
TCGA-AA-3877-01,-0.4612
TCGA-AA-3930-01,1.7218
TCGA-AA-3939-01,2.039
TCGA-AA-3941-01,3.1384
TCGA-AA-3947-01,3.1974
TCGA-AA-3949-01,-0.4248
TCGA-AA-3950-01,1.0496
TCGA-AA-3952-01,-1.5124
TCGA-AA-3955-01,3.4928
TCGA-AA-3956-01,2.9391
TCGA-AA-3966-01,-0.4927
TCGA-AA-3968-01,3.8542
TCGA-AA-3971-01,2.6599
TCGA-AA-3973-01,5.3111
TCGA-AA-3975-01,1.4877
TCGA-AA-3976-01,2.3374
TCGA-AA-3977-01,1.128
TCGA-AA-3979-01,0.9773
TCGA-AA-3980-01,2.1798
TCGA-AA-3982-01,3.0644
TCGA-AA-3984-01,4.2791
TCGA-AA-3986-01,0.099
TCGA-AA-3989-01,-1.9955
TCGA-AA-3994-01,-3.2323
TCGA-AA-A004-01,-7.1513
TCGA-AA-A00A-01,0.2323
TCGA-AA-A00D-01,3.5823
TCGA-AA-A00E-01,-10.1213
TCGA-AA-A00F-01,0.3523
TCGA-AA-A00J-01,1.9329
TCGA-AA-A00K-01,2.1637
TCGA-AA-A00L-01,2.637
TCGA-AA-A00N-01,-1.1709
TCGA-AA-A00O-01,0.6774
TCGA-AA-A00Q-01,0.639
TCGA-AA-A00R-01,2.5024
TCGA-AA-A00U-01,0.021
TCGA-AA-A00W-01,-0.1465
TCGA-AA-A00Z-01,3.2118
TCGA-AA-A010-01,1.1923
TCGA-AA-A017-01,3.5327
TCGA-AA-A01C-01,-0.5452
TCGA-AA-A01D-01,1.3292
TCGA-AA-A01F-01,0.4686
TCGA-AA-A01G-01,0.5282
TCGA-AA-A01I-01,6.2219
TCGA-AA-A01K-01,-0.2677
TCGA-AA-A01P-01,-1.5065
TCGA-AA-A01Q-01,-1.1155
TCGA-AA-A01R-01,-4.367
TCGA-AA-A01S-01,-4.7581
TCGA-AA-A01T-01,-3.5307
TCGA-AA-A01V-01,-3.7752
TCGA-AA-A01X-01,1.0752
TCGA-AA-A01Z-01,2.6842
TCGA-AA-A022-01,-0.9026
TCGA-AA-A024-01,-2.4427
TCGA-AA-A029-01,-1.9083
TCGA-AA-A02E-01,-1.0795
TCGA-AA-A02F-01,1.7084
TCGA-AA-A02H-01,2.0189
TCGA-AA-A02J-01,3.7479
TCGA-AA-A02O-01,-2.3565
TCGA-AA-A02R-01,0.2344
TCGA-AA-A02W-01,5.4436
TCGA-AA-A02Y-01,0.1073
TCGA-AA-A03F-01,-8.7563
TCGA-AA-A03J-01,-3.2564
TCGA-AD-5900-01,-0.8548
TCGA-AD-6548-01,2.1309
TCGA-AD-6888-01,-0.7887
TCGA-AD-6889-01,-3.3549
TCGA-AD-6890-01,-1.3011
TCGA-AD-6895-01,-2.5921
TCGA-AD-6899-01,1.5753
TCGA-AD-6901-01,-0.2401
TCGA-AD-6963-01,1.531
TCGA-AD-6964-01,-1.1866
TCGA-AD-6965-01,6.7182
TCGA-AD-A5EJ-01,-1.7435
TCGA-AD-A5EK-01,3.0395
TCGA-AF-2687-01,1.1012
TCGA-AF-2689-01,
TCGA-AF-2690-01,1.8895
TCGA-AF-2691-01,1.5087
TCGA-AF-2692-01,3.4281
TCGA-AF-2693-01,3.9032
TCGA-AF-3400-01,-0.4688
TCGA-AF-3911-01,1.832
TCGA-AF-4110-01,-0.2955
TCGA-AF-5654-01,1.7039
TCGA-AF-6136-01,2.5216
TCGA-AF-6655-01,2.6259
TCGA-AF-6672-01,2.9124
TCGA-AF-A56K-01,3.0328
TCGA-AF-A56L-01,-0.4897
TCGA-AF-A56N-01,1.949
TCGA-AG-3574-01,2.7657
TCGA-AG-3575-01,-0.4699
TCGA-AG-3578-01,1.3051
TCGA-AG-3580-01,-1.5164
TCGA-AG-3581-01,-1.0472
TCGA-AG-3582-01,3.2424
TCGA-AG-3583-01,-0.2774
TCGA-AG-3584-01,1.5347
TCGA-AG-3586-01,-1.808
TCGA-AG-3587-01,0.6604
TCGA-AG-3591-01,0.6711
TCGA-AG-3592-01,1.4885
TCGA-AG-3593-01,1.0928
TCGA-AG-3594-01,1.8411
TCGA-AG-3598-01,-1.8709
TCGA-AG-3599-01,-0.906
TCGA-AG-3600-01,-0.2187
TCGA-AG-3601-01,0.4426
TCGA-AG-3602-01,2.0053
TCGA-AG-3605-01,3.3623
TCGA-AG-3608-01,2.1497
TCGA-AG-3609-01,0.8553
TCGA-AG-3725-01,0.7843
TCGA-AG-3726-01,-3.8306
TCGA-AG-3727-01,-8.1226
TCGA-AG-3728-01,-3.4915
TCGA-AG-3731-01,2.3817
TCGA-AG-3732-01,2.6823
TCGA-AG-3742-01,3.2013
TCGA-AG-3878-01,-4.7505
TCGA-AG-3881-01,-2.4444
TCGA-AG-3882-01,-4.5999
TCGA-AG-3883-01,-8.6994
TCGA-AG-3885-01,-4.5477
TCGA-AG-3887-01,-0.0815
TCGA-AG-3890-01,-0.1642
TCGA-AG-3892-01,-2.1345
TCGA-AG-3893-01,5.3616
TCGA-AG-3894-01,-2.8224
TCGA-AG-3896-01,0.9321
TCGA-AG-3898-01,4.8135
TCGA-AG-3901-01,-1.4512
TCGA-AG-3902-01,2.6928
TCGA-AG-3909-01,-0.8415
TCGA-AG-3999-01,-3.7359
TCGA-AG-4001-01,1.8537
TCGA-AG-4005-01,-0.1864
TCGA-AG-4007-01,2.1317
TCGA-AG-4008-01,3.6514
TCGA-AG-4015-01,-0.2813
TCGA-AG-4021-01,0.9158
TCGA-AG-4022-01,3.6513
TCGA-AG-A002-01,0.429
TCGA-AG-A008-01,0.1858
TCGA-AG-A00C-01,1.4408
TCGA-AG-A00Y-01,-0.5948
TCGA-AG-A011-01,0.1556
TCGA-AG-A015-01,-0.0156
TCGA-AG-A016-01,-1.9496
TCGA-AG-A01J-01,1.2719
TCGA-AG-A01L-01,0.1219
TCGA-AG-A01N-01,0.6168
TCGA-AG-A01W-01,2.5436
TCGA-AG-A01Y-01,2.6551
TCGA-AG-A020-01,1.2481
TCGA-AG-A025-01,0.0935
TCGA-AG-A026-01,0.9861
TCGA-AG-A02G-01,3.0677
TCGA-AG-A02N-01,1.3076
TCGA-AG-A02X-01,1.6913
TCGA-AG-A032-01,0.0023
TCGA-AH-6544-01,0.8127
TCGA-AH-6547-01,0.2945
TCGA-AH-6643-01,1.6364
TCGA-AH-6644-01,2.2129
TCGA-AH-6897-01,3.9523
TCGA-AH-6903-01,4.9517
TCGA-AM-5820-01,0.9232
TCGA-AM-5821-01,-0.4276
TCGA-AU-3779-01,1.3919
TCGA-AU-6004-01,-1.2873
TCGA-AY-4070-01,0.0167
TCGA-AY-4071-01,1.5312
TCGA-AY-5543-01,-0.9966
TCGA-AY-6196-01,-0.1033
TCGA-AY-6197-01,-1.0878
TCGA-AY-6386-01,-2.1836
TCGA-AY-A54L-01,3.1601
TCGA-AY-A69D-01,0.9606
TCGA-AY-A71X-01,-1.2486
TCGA-AY-A8YK-01,2.4263
TCGA-AZ-4308-01,-6.7372
TCGA-AZ-4313-01,-2.5953
TCGA-AZ-4315-01,-1.5071
TCGA-AZ-4323-01,2.896
TCGA-AZ-4614-01,0.0637
TCGA-AZ-4615-01,-0.756
TCGA-AZ-4616-01,-0.5287
TCGA-AZ-4681-01,-5.1138
TCGA-AZ-4682-01,1.9439
TCGA-AZ-4684-01,0.4765
TCGA-AZ-5403-01,2.1495
TCGA-AZ-5407-01,-0.6907
TCGA-AZ-6598-01,0.7125
TCGA-AZ-6599-01,0.7798
TCGA-AZ-6600-01,2.0195
TCGA-AZ-6603-01,3.417
TCGA-AZ-6605-01,0.8857
TCGA-AZ-6606-01,0.8994
TCGA-AZ-6607-01,3.1596
TCGA-CA-5254-01,-1.3126
TCGA-CA-5255-01,-2.6936
TCGA-CA-5256-01,0.6955
TCGA-CA-5796-01,0.1136
TCGA-CA-5797-01,2.9463
TCGA-CA-6715-01,3.634
TCGA-CA-6716-01,2.5868
TCGA-CA-6717-01,0.7574
TCGA-CA-6718-01,-0.174
TCGA-CA-6719-01,3.9815
TCGA-CI-6619-01,-1.0314
TCGA-CI-6620-01,0.6772
TCGA-CI-6621-01,0.5423
TCGA-CI-6622-01,-1.118
TCGA-CI-6623-01,2.2961
TCGA-CI-6624-01,2.5512
TCGA-CK-4947-01,1.4502
TCGA-CK-4948-01,2.1859
TCGA-CK-4950-01,0.9957
TCGA-CK-4951-01,1.4099
TCGA-CK-4952-01,1.2346
TCGA-CK-5912-01,2.1869
TCGA-CK-5913-01,-0.484
TCGA-CK-5914-01,1.4162
TCGA-CK-5915-01,1.8398
TCGA-CK-5916-01,2.0333
TCGA-CK-6746-01,-1.3105
TCGA-CK-6747-01,-0.5472
TCGA-CK-6748-01,2.3883
TCGA-CK-6751-01,-0.8517
TCGA-CL-4957-01,1.4726
TCGA-CL-5917-01,6.2256
TCGA-CL-5918-01,2.5297
TCGA-CM-4743-01,-2.9372
TCGA-CM-4744-01,1.5909
TCGA-CM-4746-01,-2.3433
TCGA-CM-4747-01,0.9715
TCGA-CM-4748-01,1.2976
TCGA-CM-4750-01,0.4586
TCGA-CM-4751-01,-0.8856
TCGA-CM-4752-01,2.3556
TCGA-CM-5341-01,1.7302
TCGA-CM-5344-01,1.3242
TCGA-CM-5348-01,3.0118
TCGA-CM-5349-01,0.6709
TCGA-CM-5860-01,3.3068
TCGA-CM-5861-01,-0.1733
TCGA-CM-5862-01,3.1643
TCGA-CM-5863-01,0.176
TCGA-CM-5864-01,3.9922
TCGA-CM-5868-01,0.9536
TCGA-CM-6161-01,-0.257
TCGA-CM-6162-01,1.0256
TCGA-CM-6163-01,3.2612
TCGA-CM-6164-01,3.0574
TCGA-CM-6165-01,1.5343
TCGA-CM-6166-01,4.2462
TCGA-CM-6167-01,1.2046
TCGA-CM-6168-01,-0.3666
TCGA-CM-6169-01,5.7976
TCGA-CM-6170-01,2.6729
TCGA-CM-6171-01,2.0992
TCGA-CM-6172-01,1.2713
TCGA-CM-6674-01,-2.5242
TCGA-CM-6675-01,2.3862
TCGA-CM-6676-01,2.1254
TCGA-CM-6677-01,1.846
TCGA-CM-6678-01,1.9865
TCGA-CM-6679-01,2.2457
TCGA-CM-6680-01,0.1055
TCGA-D5-5537-01,0.0947
TCGA-D5-5538-01,3.5251
TCGA-D5-5539-01,1.6602
TCGA-D5-5540-01,2.1795
TCGA-D5-5541-01,3.7117
TCGA-D5-6529-01,1.1768
TCGA-D5-6530-01,-0.8386
TCGA-D5-6531-01,2.3688
TCGA-D5-6532-01,3.0305
TCGA-D5-6533-01,-0.8774
TCGA-D5-6534-01,-0.6364
TCGA-D5-6535-01,2.0774
TCGA-D5-6536-01,-0.9666
TCGA-D5-6537-01,1.2499
TCGA-D5-6538-01,1.8825
TCGA-D5-6539-01,0.5307
TCGA-D5-6540-01,-2.0505
TCGA-D5-6541-01,-0.6306
TCGA-D5-6898-01,1.4181
TCGA-D5-6920-01,-1.4695
TCGA-D5-6922-01,2.2536
TCGA-D5-6923-01,4.361
TCGA-D5-6924-01,4.2847
TCGA-D5-6926-01,1.67
TCGA-D5-6927-01,-1.7111
TCGA-D5-6928-01,-0.6466
TCGA-D5-6929-01,1.6256
TCGA-D5-6930-01,-2.3047
TCGA-D5-6931-01,4.2706
TCGA-D5-6932-01,-0.5404
TCGA-D5-7000-01,3.3563
TCGA-DC-4745-01,2.2452
TCGA-DC-4749-01,0.8972
TCGA-DC-5337-01,1.9219
TCGA-DC-5869-01,4.9374
TCGA-DC-6154-01,4.1385
TCGA-DC-6155-01,-5.1822
TCGA-DC-6156-01,4.9542
TCGA-DC-6157-01,3.3861
TCGA-DC-6158-01,5.6411
TCGA-DC-6160-01,2.8167
TCGA-DC-6681-01,0.6703
TCGA-DC-6682-01,5.35
TCGA-DC-6683-01,6.0888
TCGA-DM-A0X9-01,2.2705
TCGA-DM-A0XD-01,2.4173
TCGA-DM-A0XF-01,1.5277
TCGA-DM-A1D0-01,-1.5973
TCGA-DM-A1D4-01,-1.3759
TCGA-DM-A1D6-01,0.0619
TCGA-DM-A1D7-01,-1.918
TCGA-DM-A1D8-01,-0.7814
TCGA-DM-A1D9-01,-0.8838
TCGA-DM-A1DA-01,1.2077
TCGA-DM-A1DB-01,7.0257
TCGA-DM-A1HA-01,0.2757
TCGA-DM-A1HB-01,-1.0593
TCGA-DM-A280-01,-1.75
TCGA-DM-A282-01,2.2054
TCGA-DM-A285-01,2.9984
TCGA-DM-A288-01,1.17
TCGA-DM-A28A-01,-0.0468
TCGA-DM-A28C-01,-0.2513
TCGA-DM-A28E-01,-0.4337
TCGA-DM-A28F-01,2.5881
TCGA-DM-A28G-01,-0.787
TCGA-DM-A28H-01,4.791
TCGA-DM-A28K-01,-1.7741
TCGA-DM-A28M-01,-0.2399
TCGA-DT-5265-01,1.6983
TCGA-DY-A0XA-01,3.8436
TCGA-DY-A1DC-01,-1.2006
TCGA-DY-A1DD-01,2.347
TCGA-DY-A1DE-01,-3.717
TCGA-DY-A1DF-01,-0.3095
TCGA-DY-A1DG-01,1.63
TCGA-DY-A1H8-01,-0.729
TCGA-EF-5830-01,-0.0967
TCGA-EF-5831-01,2.7763
TCGA-EI-6506-01,-1.0375
TCGA-EI-6507-01,0.5247
TCGA-EI-6508-01,2.1709
TCGA-EI-6509-01,1.1002
TCGA-EI-6510-01,0.3575
TCGA-EI-6511-01,2.9876
TCGA-EI-6512-01,4.8596
TCGA-EI-6513-01,3.7647
TCGA-EI-6514-01,4.2153
TCGA-EI-6881-01,0.017
TCGA-EI-6882-01,0.8426
TCGA-EI-6883-01,-1.7583
TCGA-EI-6884-01,-0.6805
TCGA-EI-6885-01,2.0761
TCGA-EI-6917-01,1.701
TCGA-EI-7002-01,2.6567
TCGA-EI-7004-01,0.0687
TCGA-F4-6459-01,3.2042
TCGA-F4-6460-01,1.4005
TCGA-F4-6461-01,0.7039
TCGA-F4-6463-01,-0.6007
TCGA-F4-6569-01,-0.8679
TCGA-F4-6570-01,0.551
TCGA-F4-6703-01,-1.3771
TCGA-F4-6704-01,0.4974
TCGA-F4-6805-01,0.6729
TCGA-F4-6806-01,1.8815
TCGA-F4-6807-01,0.1699
TCGA-F4-6808-01,3.1248
TCGA-F4-6809-01,-0.3632
TCGA-F4-6854-01,2.6884
TCGA-F4-6855-01,0.7402
TCGA-F4-6856-01,-0.8001
TCGA-F5-6464-01,1.9059
TCGA-F5-6465-01,4.0083
TCGA-F5-6571-01,1.978
TCGA-F5-6702-01,2.2492
TCGA-F5-6810-01,0.079
TCGA-F5-6811-01,1.3392
TCGA-F5-6812-01,0.865
TCGA-F5-6813-01,-0.4982
TCGA-F5-6814-01,0.57
TCGA-F5-6861-01,-2.0781
TCGA-F5-6863-01,-0.9131
TCGA-F5-6864-01,0.6908
TCGA-G4-6293-01,-2.1892
TCGA-G4-6294-01,4.137
TCGA-G4-6295-01,-1.0178
TCGA-G4-6297-01,1.4056
TCGA-G4-6298-01,-1.8344
TCGA-G4-6299-01,-1.6399
TCGA-G4-6302-01,-0.9239
TCGA-G4-6303-01,5.4254
TCGA-G4-6304-01,-2.8086
TCGA-G4-6306-01,0.8127
TCGA-G4-6307-01,0.0858
TCGA-G4-6309-01,-1.4827
TCGA-G4-6311-01,1.284
TCGA-G4-6315-01,0.4394
TCGA-G4-6317-01,2.9626
TCGA-G4-6320-01,-0.6468
TCGA-G4-6321-01,-1.2432
TCGA-G4-6322-01,-1.5128
TCGA-G4-6323-01,-0.6391
TCGA-G4-6586-01,-3.1513
TCGA-G4-6588-01,-1.5275
TCGA-G4-6626-01,0.9661
TCGA-G4-6627-01,0.9
TCGA-G4-6628-01,-0.729
TCGA-G5-6641-01,-1.1532
TCGA-NH-A50T-01,-1.303
TCGA-NH-A50U-01,1.6902
TCGA-NH-A50V-01,-0.599
TCGA-NH-A5IV-01,-1.0139
TCGA-NH-A6GA-01,1.411
TCGA-NH-A6GB-01,1.0197
TCGA-NH-A6GC-01,-0.8402
TCGA-NH-A8F7-01,2.3967
TCGA-NH-A8F8-01,-1.3416
TCGA-QG-A5YV-01,-0.3346
TCGA-QG-A5YW-01,-2.1521
TCGA-QG-A5YX-01,0.4523
TCGA-QG-A5Z1-01,1.3021
TCGA-QG-A5Z2-01,0.1849
TCGA-QL-A97D-01,-0.8903
TCGA-RU-A8FL-01,-0.6686
TCGA-SS-A7HO-01,-0.6599
TCGA-T9-A92H-01,1.3883
TCGA-WS-AB45-01,-0.8956
TCGA-FA-8693-01,
TCGA-FA-A4BB-01,
TCGA-FA-A4XK-01,
TCGA-FA-A6HN-01,
TCGA-FA-A6HO-01,
TCGA-FA-A7DS-01,
TCGA-FA-A7Q1-01,
TCGA-FA-A82F-01,
TCGA-FA-A86F-01,
TCGA-FF-8041-01,
TCGA-FF-8042-01,
TCGA-FF-8043-01,
TCGA-FF-8046-01,
TCGA-FF-8047-01,
TCGA-FF-8061-01,
TCGA-FF-8062-01,
TCGA-FF-A7CQ-01,
TCGA-FF-A7CR-01,
TCGA-FF-A7CW-01,
TCGA-FF-A7CX-01,
TCGA-FM-8000-01,
TCGA-G8-6324-01,
TCGA-G8-6325-01,
TCGA-G8-6326-01,
TCGA-G8-6906-01,
TCGA-G8-6907-01,
TCGA-G8-6909-01,
TCGA-G8-6914-01,
TCGA-GR-7351-01,
TCGA-GR-7353-01,
TCGA-GR-A4D4-01,
TCGA-GR-A4D5-01,
TCGA-GR-A4D6-01,
TCGA-GR-A4D9-01,
TCGA-GS-A9TQ-01,
TCGA-GS-A9TT-01,
TCGA-GS-A9TU-01,
TCGA-GS-A9TV-01,
TCGA-GS-A9TW-01,
TCGA-GS-A9TX-01,
TCGA-GS-A9TY-01,
TCGA-GS-A9TZ-01,
TCGA-GS-A9U3-01,
TCGA-GS-A9U4-01,
TCGA-RQ-A68N-01,
TCGA-RQ-A6JB-01,
TCGA-RQ-AAAT-01,
TCGA-VB-A8QN-01,
TCGA-2H-A9GF-01,3.2101
TCGA-2H-A9GH-01,1.6587
TCGA-2H-A9GI-01,1.9636
TCGA-2H-A9GJ-01,3.2186
TCGA-2H-A9GK-01,-0.3043
TCGA-2H-A9GL-01,3.5538
TCGA-2H-A9GM-01,0.7541
TCGA-2H-A9GN-01,1.8842
TCGA-2H-A9GO-01,3.4597
TCGA-2H-A9GQ-01,2.741
TCGA-2H-A9GR-01,0.3923
TCGA-IC-A6RE-01,2.1343
TCGA-IG-A3I8-01,5.3041
TCGA-IG-A3QL-01,2.5136
TCGA-IG-A3Y9-01,2.0646
TCGA-IG-A3YA-01,5.1769
TCGA-IG-A3YB-01,1.4961
TCGA-IG-A3YC-01,0.765
TCGA-IG-A4P3-01,2.2233
TCGA-IG-A4QS-01,2.0945
TCGA-IG-A4QT-01,1.6325
TCGA-IG-A50L-01,2.2836
TCGA-IG-A51D-01,1.9217
TCGA-IG-A5B8-01,0.7603
TCGA-IG-A5S3-01,1.9533
TCGA-IG-A625-01,4.4948
TCGA-IG-A6QS-01,1.8383
TCGA-IG-A7DP-01,-0.3852
TCGA-IG-A8O2-01,1.6274
TCGA-IG-A97H-01,1.2713
TCGA-IG-A97I-01,1.699
TCGA-JY-A6F8-01,-2.2624
TCGA-JY-A6FA-01,3.8595
TCGA-JY-A6FB-01,-2.5953
TCGA-JY-A6FD-01,0.819
TCGA-JY-A6FE-01,-1.1473
TCGA-JY-A6FG-01,-2.3809
TCGA-JY-A6FH-01,0.6237
TCGA-JY-A938-01,1.8782
TCGA-JY-A939-01,1.026
TCGA-JY-A93C-01,1.7178
TCGA-JY-A93D-01,1.7743
TCGA-JY-A93E-01,2.2404
TCGA-JY-A93F-01,-1.2404
TCGA-KH-A6WC-01,0.2104
TCGA-L5-A43C-01,0.0841
TCGA-L5-A43E-01,0.1979
TCGA-L5-A43H-01,2.3903
TCGA-L5-A43I-01,2.6027
TCGA-L5-A43J-01,2.72
TCGA-L5-A43M-01,-0.3609
TCGA-L5-A4OE-01,3.1423
TCGA-L5-A4OF-01,1.3959
TCGA-L5-A4OG-01,-0.8408
TCGA-L5-A4OH-01,3.2692
TCGA-L5-A4OI-01,-0.4717
TCGA-L5-A4OJ-01,0.8654
TCGA-L5-A4OM-01,4.1531
TCGA-L5-A4ON-01,3.029
TCGA-L5-A4OO-01,-0.3769
TCGA-L5-A4OP-01,0.947
TCGA-L5-A4OQ-01,3.2328
TCGA-L5-A4OR-01,1.2846
TCGA-L5-A4OS-01,-0.2064
TCGA-L5-A4OT-01,1.6037
TCGA-L5-A4OU-01,0.3259
TCGA-L5-A4OW-01,2.0792
TCGA-L5-A4OX-01,3.7419
TCGA-L5-A88S-01,-0.9348
TCGA-L5-A88V-01,-1.8961
TCGA-L5-A88W-01,-1.2684
TCGA-L5-A88Y-01,-2.0756
TCGA-L5-A88Z-01,-0.0525
TCGA-L5-A891-01,-0.1979
TCGA-L5-A893-01,0.0484
TCGA-L5-A8NE-01,-0.5895
TCGA-L5-A8NF-01,3.0085
TCGA-L5-A8NG-01,3.2509
TCGA-L5-A8NH-01,1.1831
TCGA-L5-A8NI-01,1.0774
TCGA-L5-A8NJ-01,1.6764
TCGA-L5-A8NK-01,3.3855
TCGA-L5-A8NL-01,1.3382
TCGA-L5-A8NM-01,1.4256
TCGA-L5-A8NN-01,5.3768
TCGA-L5-A8NQ-01,-3.5689
TCGA-L5-A8NR-01,3.7735
TCGA-L5-A8NS-01,3.3582
TCGA-L5-A8NT-01,1.2115
TCGA-L5-A8NU-01,-0.818
TCGA-L5-A8NV-01,0.5807
TCGA-L5-A8NW-01,2.0848
TCGA-L7-A56G-01,2.9222
TCGA-L7-A6VZ-01,2.0305
TCGA-LN-A49K-01,4.6427
TCGA-LN-A49L-01,6.3537
TCGA-LN-A49M-01,4.2339
TCGA-LN-A49N-01,3.1756
TCGA-LN-A49O-01,3.1194
TCGA-LN-A49P-01,4.2111
TCGA-LN-A49R-01,0.7045
TCGA-LN-A49S-01,1.0537
TCGA-LN-A49U-01,1.6822
TCGA-LN-A49V-01,2.8556
TCGA-LN-A49W-01,2.6668
TCGA-LN-A49X-01,4.2464
TCGA-LN-A49Y-01,1.5819
TCGA-LN-A4A1-01,1.6773
TCGA-LN-A4A2-01,3.9489
TCGA-LN-A4A3-01,1.1019
TCGA-LN-A4A4-01,1.5092
TCGA-LN-A4A5-01,3.0438
TCGA-LN-A4A6-01,2.9634
TCGA-LN-A4A8-01,5.0018
TCGA-LN-A4A9-01,-0.0449
TCGA-LN-A4MQ-01,4.2758
TCGA-LN-A4MR-01,1.56
TCGA-LN-A5U5-01,0.4477
TCGA-LN-A5U6-01,-0.3605
TCGA-LN-A5U7-01,3.4574
TCGA-LN-A7HV-01,0.6327
TCGA-LN-A7HW-01,0.2921
TCGA-LN-A7HX-01,2.1355
TCGA-LN-A7HY-01,0.5406
TCGA-LN-A7HZ-01,2.1189
TCGA-LN-A8HZ-01,1.0777
TCGA-LN-A8I0-01,-2.4123
TCGA-LN-A8I1-01,0.4954
TCGA-LN-A9FO-01,7.9349
TCGA-LN-A9FP-01,2.1491
TCGA-LN-A9FQ-01,0.2654
TCGA-LN-A9FR-01,1.8693
TCGA-M9-A5M8-01,1.2484
TCGA-Q9-A6FU-01,3.8057
TCGA-Q9-A6FW-01,0.0828
TCGA-R6-A6DN-01,2.1095
TCGA-R6-A6DQ-01,3.0396
TCGA-R6-A6KZ-01,-0.9235
TCGA-R6-A6L4-01,2.2982
TCGA-R6-A6L6-01,-2.1614
TCGA-R6-A6XG-01,-0.8484
TCGA-R6-A6XQ-01,5.1245
TCGA-R6-A6Y0-01,-1.6878
TCGA-R6-A6Y2-01,0.8879
TCGA-R6-A8W5-01,2.7477
TCGA-R6-A8W8-01,1.5948
TCGA-R6-A8WC-01,4.386
TCGA-R6-A8WG-01,6.2514
TCGA-RE-A7BO-01,1.333
TCGA-S8-A6BV-01,2.4926
TCGA-S8-A6BW-01,1.8387
TCGA-V5-A7RB-01,-0.6462
TCGA-V5-A7RC-01,3.3535
TCGA-V5-A7RE-01,1.5729
TCGA-V5-AASV-01,3.3988
TCGA-V5-AASW-01,1.0441
TCGA-V5-AASX-01,3.0752
TCGA-VR-A8EO-01,2.0059
TCGA-VR-A8EP-01,4.4838
TCGA-VR-A8EQ-01,-1.1331
TCGA-VR-A8ER-01,0.6545
TCGA-VR-A8ET-01,4.1199
TCGA-VR-A8EU-01,3.2601
TCGA-VR-A8EW-01,2.9799
TCGA-VR-A8EX-01,1.0238
TCGA-VR-A8EY-01,-1.8588
TCGA-VR-A8EZ-01,1.186
TCGA-VR-A8Q7-01,1.4471
TCGA-VR-AA4D-01,1.4765
TCGA-VR-AA4G-01,0.5339
TCGA-VR-AA7B-01,-0.6388
TCGA-VR-AA7D-01,1.2765
TCGA-VR-AA7I-01,3.1338
TCGA-X8-AAAR-01,2.2134
TCGA-XP-A8T6-01,-0.6122
TCGA-XP-A8T7-01,
TCGA-XP-A8T8-01,2.5685
TCGA-Z6-A8JD-01,2.9858
TCGA-Z6-A8JE-01,5.8116
TCGA-Z6-A9VB-01,1.9455
TCGA-Z6-AAPN-01,0.7318
TCGA-ZR-A9CJ-01,-1.01
TCGA-02-0001-01,
TCGA-02-0003-01,
TCGA-02-0006-01,
TCGA-02-0007-01,
TCGA-02-0009-01,
TCGA-02-0010-01,
TCGA-02-0011-01,
TCGA-02-0014-01,
TCGA-02-0015-01,
TCGA-02-0016-01,
TCGA-02-0021-01,
TCGA-02-0023-01,
TCGA-02-0024-01,
TCGA-02-0025-01,
TCGA-02-0026-01,
TCGA-02-0027-01,
TCGA-02-0028-01,
TCGA-02-0033-01,
TCGA-02-0034-01,
TCGA-02-0037-01,
TCGA-02-0038-01,
TCGA-02-0039-01,
TCGA-02-0043-01,
TCGA-02-0046-01,
TCGA-02-0047-01,
TCGA-02-0048-01,
TCGA-02-0051-01,
TCGA-02-0052-01,
TCGA-02-0054-01,
TCGA-02-0055-01,
TCGA-02-0057-01,
TCGA-02-0058-01,
TCGA-02-0059-01,
TCGA-02-0060-01,
TCGA-02-0064-01,
TCGA-02-0068-01,
TCGA-02-0069-01,
TCGA-02-0070-01,
TCGA-02-0071-01,
TCGA-02-0074-01,
TCGA-02-0075-01,
TCGA-02-0079-01,
TCGA-02-0080-01,
TCGA-02-0083-01,
TCGA-02-0084-01,
TCGA-02-0085-01,
TCGA-02-0086-01,
TCGA-02-0087-01,
TCGA-02-0089-01,
TCGA-02-0099-01,
TCGA-02-0102-01,
TCGA-02-0104-01,
TCGA-02-0106-01,
TCGA-02-0107-01,
TCGA-02-0111-01,
TCGA-02-0113-01,
TCGA-02-0114-01,
TCGA-02-0115-01,
TCGA-02-0116-01,
TCGA-02-0258-01,
TCGA-02-0260-01,
TCGA-02-0266-01,
TCGA-02-0269-01,
TCGA-02-0271-01,
TCGA-02-0281-01,
TCGA-02-0285-01,
TCGA-02-0289-01,
TCGA-02-0290-01,
TCGA-02-0317-01,
TCGA-02-0321-01,
TCGA-02-0324-01,
TCGA-02-0325-01,
TCGA-02-0326-01,
TCGA-02-0330-01,
TCGA-02-0332-01,
TCGA-02-0333-01,
TCGA-02-0337-01,
TCGA-02-0338-01,
TCGA-02-0339-01,
TCGA-02-0422-01,
TCGA-02-0430-01,
TCGA-02-0432-01,
TCGA-02-0440-01,
TCGA-02-0446-01,
TCGA-02-0451-01,
TCGA-02-0456-01,
TCGA-02-2466-01,
TCGA-02-2470-01,
TCGA-02-2483-01,
TCGA-02-2485-01,
TCGA-02-2486-01,
TCGA-06-0119-01,
TCGA-06-0121-01,
TCGA-06-0122-01,
TCGA-06-0124-01,
TCGA-06-0125-01,
TCGA-06-0125-02,
TCGA-06-0126-01,
TCGA-06-0127-01,
TCGA-06-0128-01,
TCGA-06-0129-01,
TCGA-06-0130-01,
TCGA-06-0132-01,
TCGA-06-0133-01,
TCGA-06-0137-01,
TCGA-06-0138-01,
TCGA-06-0139-01,
TCGA-06-0140-01,
TCGA-06-0141-01,
TCGA-06-0142-01,
TCGA-06-0143-01,
TCGA-06-0145-01,
TCGA-06-0146-01,
TCGA-06-0147-01,
TCGA-06-0148-01,
TCGA-06-0149-01,
TCGA-06-0150-01,
TCGA-06-0151-01,
TCGA-06-0152-01,
TCGA-06-0154-01,
TCGA-06-0155-01,
TCGA-06-0157-01,
TCGA-06-0158-01,
TCGA-06-0159-01,
TCGA-06-0160-01,
TCGA-06-0162-01,
TCGA-06-0164-01,
TCGA-06-0165-01,
TCGA-06-0166-01,
TCGA-06-0167-01,
TCGA-06-0168-01,
TCGA-06-0169-01,
TCGA-06-0171-01,
TCGA-06-0171-02,
TCGA-06-0173-01,
TCGA-06-0174-01,
TCGA-06-0175-01,
TCGA-06-0176-01,
TCGA-06-0177-01,
TCGA-06-0178-01,
TCGA-06-0179-01,
TCGA-06-0182-01,
TCGA-06-0184-01,
TCGA-06-0185-01,
TCGA-06-0187-01,
TCGA-06-0188-01,
TCGA-06-0189-01,
TCGA-06-0190-01,
TCGA-06-0190-02,
TCGA-06-0192-01,
TCGA-06-0194-01,
TCGA-06-0195-01,
TCGA-06-0197-01,
TCGA-06-0201-01,
TCGA-06-0206-01,
TCGA-06-0208-01,
TCGA-06-0210-01,
TCGA-06-0210-02,
TCGA-06-0211-01,
TCGA-06-0211-02,
TCGA-06-0213-01,
TCGA-06-0214-01,
TCGA-06-0216-01,
TCGA-06-0219-01,
TCGA-06-0221-01,
TCGA-06-0221-02,
TCGA-06-0237-01,
TCGA-06-0238-01,
TCGA-06-0240-01,
TCGA-06-0241-01,
TCGA-06-0394-01,
TCGA-06-0397-01,
TCGA-06-0402-01,
TCGA-06-0409-01,
TCGA-06-0410-01,
TCGA-06-0412-01,
TCGA-06-0413-01,
TCGA-06-0414-01,
TCGA-06-0644-01,
TCGA-06-0645-01,
TCGA-06-0646-01,
TCGA-06-0648-01,
TCGA-06-0649-01,
TCGA-06-0650-01,
TCGA-06-0686-01,
TCGA-06-0743-01,
TCGA-06-0744-01,
TCGA-06-0745-01,
TCGA-06-0747-01,
TCGA-06-0749-01,
TCGA-06-0750-01,
TCGA-06-0875-01,
TCGA-06-0876-01,
TCGA-06-0877-01,
TCGA-06-0878-01,
TCGA-06-0879-01,
TCGA-06-0881-01,
TCGA-06-0882-01,
TCGA-06-0939-01,
TCGA-06-1084-01,
TCGA-06-1086-01,
TCGA-06-1087-01,
TCGA-06-1800-01,
TCGA-06-1801-01,
TCGA-06-1802-01,
TCGA-06-1804-01,
TCGA-06-1805-01,
TCGA-06-1806-01,
TCGA-06-2557-01,
TCGA-06-2558-01,
TCGA-06-2559-01,
TCGA-06-2561-01,
TCGA-06-2562-01,
TCGA-06-2563-01,
TCGA-06-2564-01,
TCGA-06-2565-01,
TCGA-06-2566-01,
TCGA-06-2567-01,
TCGA-06-2569-01,
TCGA-06-2570-01,
TCGA-06-5408-01,
TCGA-06-5410-01,
TCGA-06-5411-01,
TCGA-06-5412-01,
TCGA-06-5413-01,
TCGA-06-5414-01,
TCGA-06-5415-01,
TCGA-06-5416-01,
TCGA-06-5417-01,
TCGA-06-5418-01,
TCGA-06-5856-01,
TCGA-06-5858-01,
TCGA-06-5859-01,
TCGA-06-6388-01,
TCGA-06-6389-01,
TCGA-06-6390-01,
TCGA-06-6693-01,
TCGA-06-6694-01,
TCGA-06-6695-01,
TCGA-06-6697-01,
TCGA-06-6698-01,
TCGA-06-6699-01,
TCGA-06-6700-01,
TCGA-06-6701-01,
TCGA-06-A5U0-01,
TCGA-06-A5U1-01,
TCGA-06-A6S0-01,
TCGA-06-A6S1-01,
TCGA-06-A7TK-01,
TCGA-06-A7TL-01,
TCGA-08-0244-01,
TCGA-08-0245-01,
TCGA-08-0246-01,
TCGA-08-0344-01,
TCGA-08-0345-01,
TCGA-08-0346-01,
TCGA-08-0347-01,
TCGA-08-0348-01,
TCGA-08-0349-01,
TCGA-08-0350-01,
TCGA-08-0351-01,
TCGA-08-0352-01,
TCGA-08-0353-01,
TCGA-08-0354-01,
TCGA-08-0355-01,
TCGA-08-0356-01,
TCGA-08-0357-01,
TCGA-08-0358-01,
TCGA-08-0359-01,
TCGA-08-0375-01,
TCGA-08-0380-01,
TCGA-08-0386-01,
TCGA-08-0389-01,
TCGA-08-0390-01,
TCGA-08-0392-01,
TCGA-08-0509-01,
TCGA-08-0510-01,
TCGA-08-0512-01,
TCGA-08-0514-01,
TCGA-08-0516-01,
TCGA-08-0517-01,
TCGA-08-0518-01,
TCGA-08-0520-01,
TCGA-08-0521-01,
TCGA-08-0524-01,
TCGA-08-0525-01,
TCGA-08-0529-01,
TCGA-08-0531-01,
TCGA-12-0615-01,
TCGA-12-0616-01,
TCGA-12-0618-01,
TCGA-12-0619-01,
TCGA-12-0620-01,
TCGA-12-0654-01,
TCGA-12-0656-01,
TCGA-12-0657-01,
TCGA-12-0662-01,
TCGA-12-0670-01,
TCGA-12-0688-01,
TCGA-12-0691-01,
TCGA-12-0692-01,
TCGA-12-0703-01,
TCGA-12-0707-01,
TCGA-12-0769-01,
TCGA-12-0772-01,
TCGA-12-0773-01,
TCGA-12-0775-01,
TCGA-12-0776-01,
TCGA-12-0778-01,
TCGA-12-0780-01,
TCGA-12-0818-01,
TCGA-12-0819-01,
TCGA-12-0820-01,
TCGA-12-0821-01,
TCGA-12-0822-01,
TCGA-12-0826-01,
TCGA-12-0827-01,
TCGA-12-0828-01,
TCGA-12-0829-01,
TCGA-12-1088-01,
TCGA-12-1089-01,
TCGA-12-1090-01,
TCGA-12-1091-01,
TCGA-12-1092-01,
TCGA-12-1093-01,
TCGA-12-1094-01,
TCGA-12-1095-01,
TCGA-12-1096-01,
TCGA-12-1097-01,
TCGA-12-1098-01,
TCGA-12-1099-01,
TCGA-12-1597-01,
TCGA-12-1598-01,
TCGA-12-1599-01,
TCGA-12-1600-01,
TCGA-12-1602-01,
TCGA-12-3644-01,
TCGA-12-3646-01,
TCGA-12-3648-01,
TCGA-12-3649-01,
TCGA-12-3650-01,
TCGA-12-3651-01,
TCGA-12-3652-01,
TCGA-12-3653-01,
TCGA-12-5295-01,
TCGA-12-5299-01,
TCGA-12-5301-01,
TCGA-14-0736-01,
TCGA-14-0740-01,
TCGA-14-0781-01,
TCGA-14-0783-01,
TCGA-14-0786-01,
TCGA-14-0787-01,
TCGA-14-0789-01,
TCGA-14-0790-01,
TCGA-14-0812-01,
TCGA-14-0813-01,
TCGA-14-0817-01,
TCGA-14-0862-01,
TCGA-14-0865-01,
TCGA-14-0866-01,
TCGA-14-0867-01,
TCGA-14-0871-01,
TCGA-14-1034-01,
TCGA-14-1034-02,
TCGA-14-1037-01,
TCGA-14-1043-01,
TCGA-14-1395-01,
TCGA-14-1396-01,
TCGA-14-1401-01,
TCGA-14-1402-01,
TCGA-14-1450-01,
TCGA-14-1451-01,
TCGA-14-1452-01,
TCGA-14-1453-01,
TCGA-14-1454-01,
TCGA-14-1455-01,
TCGA-14-1456-01,
TCGA-14-1458-01,
TCGA-14-1459-01,
TCGA-14-1794-01,
TCGA-14-1795-01,
TCGA-14-1821-01,
TCGA-14-1823-01,
TCGA-14-1825-01,
TCGA-14-1827-01,
TCGA-14-1829-01,
TCGA-14-2554-01,
TCGA-14-2555-01,
TCGA-14-3476-01,
TCGA-14-3477-01,
TCGA-14-4157-01,
TCGA-15-0742-01,
TCGA-15-1444-01,
TCGA-15-1446-01,
TCGA-15-1447-01,
TCGA-15-1449-01,
TCGA-16-0846-01,
TCGA-16-0848-01,
TCGA-16-0849-01,
TCGA-16-0850-01,
TCGA-16-0861-01,
TCGA-16-1045-01,
TCGA-16-1047-01,
TCGA-16-1048-01,
TCGA-16-1055-01,
TCGA-16-1056-01,
TCGA-16-1060-01,
TCGA-16-1062-01,
TCGA-16-1063-01,
TCGA-16-1460-01,
TCGA-19-0955-01,
TCGA-19-0957-01,
TCGA-19-0960-01,
TCGA-19-0962-01,
TCGA-19-0963-01,
TCGA-19-0964-01,
TCGA-19-1385-01,
TCGA-19-1386-01,
TCGA-19-1387-01,
TCGA-19-1388-01,
TCGA-19-1389-01,
TCGA-19-1390-01,
TCGA-19-1392-01,
TCGA-19-1786-01,
TCGA-19-1787-01,
TCGA-19-1789-01,
TCGA-19-1790-01,
TCGA-19-1791-01,
TCGA-19-2619-01,
TCGA-19-2620-01,
TCGA-19-2621-01,
TCGA-19-2623-01,
TCGA-19-2624-01,
TCGA-19-2625-01,
TCGA-19-2629-01,
TCGA-19-2631-01,
TCGA-19-4065-01,
TCGA-19-4068-01,
TCGA-19-5947-01,
TCGA-19-5950-01,
TCGA-19-5951-01,
TCGA-19-5952-01,
TCGA-19-5953-01,
TCGA-19-5954-01,
TCGA-19-5955-01,
TCGA-19-5956-01,
TCGA-19-5958-01,
TCGA-19-5959-01,
TCGA-19-5960-01,
TCGA-19-A60I-01,
TCGA-19-A6J4-01,
TCGA-19-A6J5-01,
TCGA-26-1438-01,
TCGA-26-1439-01,
TCGA-26-1440-01,
TCGA-26-1442-01,
TCGA-26-1443-01,
TCGA-26-1799-01,
TCGA-26-5132-01,
TCGA-26-5133-01,
TCGA-26-5134-01,
TCGA-26-5135-01,
TCGA-26-5136-01,
TCGA-26-5139-01,
TCGA-26-6173-01,
TCGA-26-6174-01,
TCGA-26-A7UX-01,
TCGA-27-1830-01,
TCGA-27-1831-01,
TCGA-27-1832-01,
TCGA-27-1833-01,
TCGA-27-1834-01,
TCGA-27-1835-01,
TCGA-27-1836-01,
TCGA-27-1837-01,
TCGA-27-1838-01,
TCGA-27-2518-01,
TCGA-27-2519-01,
TCGA-27-2521-01,
TCGA-27-2523-01,
TCGA-27-2524-01,
TCGA-27-2526-01,
TCGA-27-2527-01,
TCGA-27-2528-01,
TCGA-28-1746-01,
TCGA-28-1747-01,
TCGA-28-1749-01,
TCGA-28-1750-01,
TCGA-28-1751-01,
TCGA-28-1752-01,
TCGA-28-1753-01,
TCGA-28-1755-01,
TCGA-28-1756-01,
TCGA-28-1757-01,
TCGA-28-2499-01,
TCGA-28-2501-01,
TCGA-28-2502-01,
TCGA-28-2506-01,
TCGA-28-2509-01,
TCGA-28-2510-01,
TCGA-28-2513-01,
TCGA-28-2514-01,
TCGA-28-5204-01,
TCGA-28-5207-01,
TCGA-28-5208-01,
TCGA-28-5209-01,
TCGA-28-5211-01,
TCGA-28-5213-01,
TCGA-28-5214-01,
TCGA-28-5215-01,
TCGA-28-5216-01,
TCGA-28-5218-01,
TCGA-28-5219-01,
TCGA-28-5220-01,
TCGA-28-6450-01,
TCGA-32-1970-01,
TCGA-32-1973-01,
TCGA-32-1976-01,
TCGA-32-1977-01,
TCGA-32-1978-01,
TCGA-32-1979-01,
TCGA-32-1980-01,
TCGA-32-1982-01,
TCGA-32-1986-01,
TCGA-32-1987-01,
TCGA-32-1991-01,
TCGA-32-2491-01,
TCGA-32-2494-01,
TCGA-32-2495-01,
TCGA-32-2615-01,
TCGA-32-2616-01,
TCGA-32-2632-01,
TCGA-32-2634-01,
TCGA-32-2638-01,
TCGA-32-4208-01,
TCGA-32-4209-01,
TCGA-32-4210-01,
TCGA-32-4211-01,
TCGA-32-4213-01,
TCGA-32-4719-01,
TCGA-32-5222-01,
TCGA-41-2571-01,
TCGA-41-2572-01,
TCGA-41-2573-01,
TCGA-41-2575-01,
TCGA-41-3392-01,
TCGA-41-3393-01,
TCGA-41-3915-01,
TCGA-41-4097-01,
TCGA-41-5651-01,
TCGA-41-6646-01,
TCGA-4W-AA9R-01,
TCGA-4W-AA9S-01,
TCGA-4W-AA9T-01,
TCGA-74-6573-01,
TCGA-74-6575-01,
TCGA-74-6577-01,
TCGA-74-6578-01,
TCGA-74-6581-01,
TCGA-74-6584-01,
TCGA-76-4925-01,
TCGA-76-4926-01,
TCGA-76-4927-01,
TCGA-76-4928-01,
TCGA-76-4929-01,
TCGA-76-4931-01,
TCGA-76-4932-01,
TCGA-76-4934-01,
TCGA-76-4935-01,
TCGA-76-6191-01,
TCGA-76-6192-01,
TCGA-76-6193-01,
TCGA-76-6280-01,
TCGA-76-6282-01,
TCGA-76-6283-01,
TCGA-76-6285-01,
TCGA-76-6286-01,
TCGA-76-6656-01,
TCGA-76-6657-01,
TCGA-76-6660-01,
TCGA-76-6661-01,
TCGA-76-6662-01,
TCGA-76-6663-01,
TCGA-76-6664-01,
TCGA-81-5910-01,
TCGA-81-5911-01,
TCGA-87-5896-01,
TCGA-OX-A56R-01,
TCGA-RR-A6KA-01,
TCGA-RR-A6KB-01,
TCGA-RR-A6KC-01,
TCGA-4P-AA8J-01,-2.973
TCGA-BA-4074-01,-0.0239
TCGA-BA-4076-01,0.7151
TCGA-BA-4078-01,1.6563
TCGA-BA-5149-01,1.7643
TCGA-BA-5151-01,0.8806
TCGA-BA-5152-01,0.2081
TCGA-BA-5153-01,1.6704
TCGA-BA-5555-01,1.1548
TCGA-BA-5556-01,-0.2273
TCGA-BA-5557-01,1.7356
TCGA-BA-5558-01,0.3908
TCGA-BA-5559-01,2.7836
TCGA-BA-6868-01,-0.3517
TCGA-BA-6869-01,-1.8994
TCGA-BA-6870-01,-0.0018
TCGA-BA-6871-01,1.7737
TCGA-BA-6872-01,-1.4407
TCGA-BA-6873-01,1.1776
TCGA-BA-7269-01,-2.1439
TCGA-BA-A4IF-01,-0.4508
TCGA-BA-A4IG-01,1.2697
TCGA-BA-A4IH-01,1.9198
TCGA-BA-A4II-01,1.2776
TCGA-BA-A6D8-01,-3.4303
TCGA-BA-A6DA-01,-2.7942
TCGA-BA-A6DB-01,-1.3102
TCGA-BA-A6DD-01,-1.8701
TCGA-BA-A6DE-01,1.4795
TCGA-BA-A6DF-01,
TCGA-BA-A6DG-01,-0.8419
TCGA-BA-A6DI-01,0.6347
TCGA-BA-A6DJ-01,-0.9573
TCGA-BA-A6DL-01,-1.7896
TCGA-BA-A8YP-01,1.5836
TCGA-BB-4217-01,0.969
TCGA-BB-4223-01,1.6672
TCGA-BB-4224-01,2.7335
TCGA-BB-4225-01,-0.4874
TCGA-BB-4227-01,1.5516
TCGA-BB-4228-01,2.149
TCGA-BB-7861-01,2.8893
TCGA-BB-7862-01,1.0681
TCGA-BB-7863-01,-0.3612
TCGA-BB-7864-01,1.0614
TCGA-BB-7866-01,1.3258
TCGA-BB-7870-01,0.1604
TCGA-BB-7871-01,0.1896
TCGA-BB-7872-01,2.1277
TCGA-BB-8596-01,0.2497
TCGA-BB-8601-01,-1.2337
TCGA-BB-A5HU-01,2.6779
TCGA-BB-A5HY-01,2.9127
TCGA-BB-A5HZ-01,-0.349
TCGA-BB-A6UM-01,1.3342
TCGA-BB-A6UO-01,-1.7932
TCGA-C9-A47Z-01,2.2617
TCGA-C9-A480-01,-0.2491
TCGA-CN-4722-01,0.2705
TCGA-CN-4723-01,0.3615
TCGA-CN-4725-01,2.1683
TCGA-CN-4726-01,1.1978
TCGA-CN-4727-01,-1.0246
TCGA-CN-4728-01,0.6202
TCGA-CN-4729-01,0.844
TCGA-CN-4730-01,0.8738
TCGA-CN-4731-01,1.3011
TCGA-CN-4733-01,0.2617
TCGA-CN-4734-01,0.1533
TCGA-CN-4735-01,2.4233
TCGA-CN-4736-01,0.3794
TCGA-CN-4737-01,2.1667
TCGA-CN-4738-01,1.4159
TCGA-CN-4739-01,1.1886
TCGA-CN-4740-01,1.8645
TCGA-CN-4741-01,0.35
TCGA-CN-4742-01,0.9917
TCGA-CN-5355-01,1.503
TCGA-CN-5356-01,0.8575
TCGA-CN-5358-01,0.3463
TCGA-CN-5359-01,1.9822
TCGA-CN-5360-01,1.7453
TCGA-CN-5361-01,0.8241
TCGA-CN-5363-01,2.4829
TCGA-CN-5364-01,1.4806
TCGA-CN-5365-01,-0.9598
TCGA-CN-5366-01,0.8436
TCGA-CN-5367-01,2.3223
TCGA-CN-5369-01,0.2157
TCGA-CN-5370-01,0.5174
TCGA-CN-5373-01,0.5892
TCGA-CN-5374-01,0.944
TCGA-CN-6010-01,2.2379
TCGA-CN-6011-01,1.6698
TCGA-CN-6012-01,1.5129
TCGA-CN-6013-01,1.7957
TCGA-CN-6016-01,-0.766
TCGA-CN-6017-01,-0.7654
TCGA-CN-6018-01,3.364
TCGA-CN-6019-01,0.8428
TCGA-CN-6020-01,0.5301
TCGA-CN-6021-01,1.1842
TCGA-CN-6022-01,-0.6598
TCGA-CN-6023-01,1.2313
TCGA-CN-6024-01,1.2326
TCGA-CN-6988-01,1.1747
TCGA-CN-6989-01,1.0303
TCGA-CN-6992-01,1.5604
TCGA-CN-6994-01,1.1935
TCGA-CN-6995-01,0.7492
TCGA-CN-6996-01,1.8807
TCGA-CN-6997-01,1.5359
TCGA-CN-6998-01,-0.146
TCGA-CN-A497-01,-0.338
TCGA-CN-A498-01,0.4267
TCGA-CN-A499-01,2.7064
TCGA-CN-A49A-01,4.8139
TCGA-CN-A49B-01,0.5635
TCGA-CN-A49C-01,-0.5726
TCGA-CN-A63T-01,-0.7221
TCGA-CN-A63U-01,-1.0525
TCGA-CN-A63V-01,-0.7774
TCGA-CN-A63W-01,-0.9418
TCGA-CN-A63Y-01,
TCGA-CN-A640-01,
TCGA-CN-A641-01,0.6411
TCGA-CN-A642-01,-1.1223
TCGA-CN-A6UY-01,-1.7863
TCGA-CN-A6V1-01,-2.0028
TCGA-CN-A6V3-01,0.6674
TCGA-CN-A6V6-01,1.1383
TCGA-CN-A6V7-01,-0.3467
TCGA-CQ-5323-01,1.0099
TCGA-CQ-5324-01,0.238
TCGA-CQ-5325-01,0.1534
TCGA-CQ-5326-01,1.1753
TCGA-CQ-5327-01,-0.3263
TCGA-CQ-5329-01,-0.277
TCGA-CQ-5330-01,-0.2503
TCGA-CQ-5331-01,0.1949
TCGA-CQ-5332-01,1.3723
TCGA-CQ-5333-01,-2.2015
TCGA-CQ-5334-01,0.049
TCGA-CQ-6218-01,-0.4884
TCGA-CQ-6219-01,1.782
TCGA-CQ-6220-01,0.9533
TCGA-CQ-6222-01,-1.4275
TCGA-CQ-6223-01,1.3396
TCGA-CQ-6224-01,0.2528
TCGA-CQ-6225-01,1.3569
TCGA-CQ-6227-01,0.6227
TCGA-CQ-6228-01,2.0471
TCGA-CQ-6229-01,1.0601
TCGA-CQ-7063-01,-0.4857
TCGA-CQ-7064-01,
TCGA-CQ-7065-01,2.8264
TCGA-CQ-7067-01,-1.4929
TCGA-CQ-7068-01,-0.3878
TCGA-CQ-7069-01,0.4425
TCGA-CQ-7071-01,0.4568
TCGA-CQ-7072-01,0.9706
TCGA-CQ-A4C6-01,-0.032
TCGA-CQ-A4C9-01,-0.72
TCGA-CQ-A4CA-01,-1.3372
TCGA-CQ-A4CB-01,0.1451
TCGA-CQ-A4CD-01,-0.8201
TCGA-CQ-A4CE-01,0.9829
TCGA-CQ-A4CG-01,0.2455
TCGA-CQ-A4CH-01,1.2158
TCGA-CQ-A4CI-01,0.9161
TCGA-CR-5243-01,0.9207
TCGA-CR-5247-01,0.2258
TCGA-CR-5248-01,0.9886
TCGA-CR-5249-01,0.6241
TCGA-CR-5250-01,1.8096
TCGA-CR-6467-01,1.0157
TCGA-CR-6470-01,1.5835
TCGA-CR-6471-01,1.7854
TCGA-CR-6472-01,1.144
TCGA-CR-6473-01,3.0665
TCGA-CR-6474-01,2.2131
TCGA-CR-6477-01,2.7693
TCGA-CR-6478-01,1.5361
TCGA-CR-6480-01,0.5762
TCGA-CR-6481-01,1.1506
TCGA-CR-6482-01,2.3574
TCGA-CR-6484-01,-1.033
TCGA-CR-6487-01,2.4289
TCGA-CR-6488-01,0.9083
TCGA-CR-6491-01,0.7792
TCGA-CR-6492-01,-0.0369
TCGA-CR-6493-01,0.511
TCGA-CR-7364-01,1.8133
TCGA-CR-7365-01,1.1771
TCGA-CR-7367-01,0.0285
TCGA-CR-7368-01,2.5862
TCGA-CR-7369-01,2.6262
TCGA-CR-7370-01,2.127
TCGA-CR-7371-01,1.7992
TCGA-CR-7372-01,1.9276
TCGA-CR-7373-01,1.2504
TCGA-CR-7374-01,2.4573
TCGA-CR-7376-01,0.889
TCGA-CR-7377-01,1.0695
TCGA-CR-7379-01,1.4728
TCGA-CR-7380-01,1.0286
TCGA-CR-7382-01,0.328
TCGA-CR-7383-01,0.4448
TCGA-CR-7385-01,0.5933
TCGA-CR-7386-01,0.7784
TCGA-CR-7388-01,1.3101
TCGA-CR-7389-01,0.2927
TCGA-CR-7390-01,2.4864
TCGA-CR-7391-01,0.6629
TCGA-CR-7392-01,1.2883
TCGA-CR-7393-01,1.4828
TCGA-CR-7394-01,0.6069
TCGA-CR-7395-01,-0.1844
TCGA-CR-7397-01,1.6705
TCGA-CR-7398-01,1.0075
TCGA-CR-7399-01,2.1222
TCGA-CR-7401-01,-0.1079
TCGA-CR-7402-01,1.8464
TCGA-CR-7404-01,0.4518
TCGA-CV-5430-01,4.7422
TCGA-CV-5431-01,1.3623
TCGA-CV-5432-01,-0.6809
TCGA-CV-5434-01,1.6729
TCGA-CV-5435-01,1.1971
TCGA-CV-5436-01,0.7546
TCGA-CV-5439-01,1.8609
TCGA-CV-5440-01,1.2249
TCGA-CV-5441-01,1.8971
TCGA-CV-5442-01,2.6489
TCGA-CV-5443-01,0.0285
TCGA-CV-5444-01,-0.1188
TCGA-CV-5966-01,-1.3887
TCGA-CV-5970-01,2.8267
TCGA-CV-5971-01,0.6489
TCGA-CV-5973-01,-0.2927
TCGA-CV-5976-01,0.781
TCGA-CV-5977-01,0.2781
TCGA-CV-5978-01,1.538
TCGA-CV-5979-01,-0.0275
TCGA-CV-6003-01,0.0791
TCGA-CV-6433-01,0.5797
TCGA-CV-6436-01,-1.8482
TCGA-CV-6441-01,0.6649
TCGA-CV-6933-01,2.1249
TCGA-CV-6934-01,0.8542
TCGA-CV-6935-01,0.7601
TCGA-CV-6936-01,2.4752
TCGA-CV-6937-01,-2.4121
TCGA-CV-6938-01,-0.4521
TCGA-CV-6939-01,1.5736
TCGA-CV-6940-01,2.8308
TCGA-CV-6941-01,1.1931
TCGA-CV-6942-01,-0.4488
TCGA-CV-6943-01,0.8139
TCGA-CV-6945-01,-0.3741
TCGA-CV-6948-01,1.056
TCGA-CV-6950-01,0.7468
TCGA-CV-6951-01,1.3436
TCGA-CV-6952-01,-0.7061
TCGA-CV-6953-01,0.832
TCGA-CV-6954-01,0.1903
TCGA-CV-6955-01,-0.6424
TCGA-CV-6956-01,0.6581
TCGA-CV-6959-01,2.1312
TCGA-CV-6960-01,0.4851
TCGA-CV-6961-01,0.7277
TCGA-CV-6962-01,2.1801
TCGA-CV-7089-01,-0.702
TCGA-CV-7090-01,1.1619
TCGA-CV-7091-01,0.9919
TCGA-CV-7095-01,-0.1398
TCGA-CV-7097-01,1.1813
TCGA-CV-7099-01,-0.7441
TCGA-CV-7100-01,1.3731
TCGA-CV-7101-01,1.9951
TCGA-CV-7102-01,1.5801
TCGA-CV-7103-01,0.2122
TCGA-CV-7104-01,0.2717
TCGA-CV-7177-01,0.679
TCGA-CV-7178-01,1.9549
TCGA-CV-7180-01,-0.2824
TCGA-CV-7183-01,-0.1781
TCGA-CV-7235-01,2.9911
TCGA-CV-7236-01,2.2673
TCGA-CV-7238-01,-0.6227
TCGA-CV-7242-01,1.1956
TCGA-CV-7243-01,3.4157
TCGA-CV-7245-01,3.5931
TCGA-CV-7247-01,2.1065
TCGA-CV-7248-01,0.9527
TCGA-CV-7250-01,-0.6715
TCGA-CV-7252-01,0.4266
TCGA-CV-7253-01,1.7016
TCGA-CV-7254-01,3.6897
TCGA-CV-7255-01,1.961
TCGA-CV-7261-01,2.7555
TCGA-CV-7263-01,1.6315
TCGA-CV-7406-01,0.8893
TCGA-CV-7407-01,0.272
TCGA-CV-7409-01,0.3469
TCGA-CV-7410-01,0.3416
TCGA-CV-7411-01,0.0024
TCGA-CV-7413-01,-0.3739
TCGA-CV-7414-01,0.4401
TCGA-CV-7415-01,0.5473
TCGA-CV-7416-01,2.3182
TCGA-CV-7418-01,1.3662
TCGA-CV-7421-01,-1.0638
TCGA-CV-7422-01,2.4247
TCGA-CV-7423-01,0.5393
TCGA-CV-7424-01,1.5445
TCGA-CV-7425-01,3.0047
TCGA-CV-7427-01,0.4302
TCGA-CV-7428-01,0.2027
TCGA-CV-7429-01,0.4891
TCGA-CV-7430-01,1.3438
TCGA-CV-7432-01,2.0624
TCGA-CV-7433-01,-0.8404
TCGA-CV-7434-01,-0.1293
TCGA-CV-7435-01,1.5218
TCGA-CV-7437-01,2.5038
TCGA-CV-7438-01,0.9745
TCGA-CV-7440-01,1.4593
TCGA-CV-7446-01,4.8447
TCGA-CV-7568-01,3.0921
TCGA-CV-A45O-01,-0.6756
TCGA-CV-A45P-01,-0.7003
TCGA-CV-A45Q-01,-5.3394
TCGA-CV-A45R-01,0.2706
TCGA-CV-A45T-01,-0.6917
TCGA-CV-A45U-01,1.6069
TCGA-CV-A45V-01,-0.3265
TCGA-CV-A45W-01,0.2495
TCGA-CV-A45X-01,0.6982
TCGA-CV-A45Y-01,-1.3114
TCGA-CV-A45Z-01,0.0471
TCGA-CV-A460-01,-0.6403
TCGA-CV-A461-01,-1.6066
TCGA-CV-A463-01,-0.278
TCGA-CV-A464-01,-1.2387
TCGA-CV-A465-01,1.7716
TCGA-CV-A468-01,-1.1706
TCGA-CV-A6JD-01,-2.4612
TCGA-CV-A6JE-01,-1.42
TCGA-CV-A6JM-01,-6.3472
TCGA-CV-A6JN-01,-3.8281
TCGA-CV-A6JO-01,-1.8401
TCGA-CV-A6JT-01,-3.5676
TCGA-CV-A6JU-01,-3.1575
TCGA-CV-A6JY-01,1.1383
TCGA-CV-A6JZ-01,-0.6818
TCGA-CV-A6K0-01,0.146
TCGA-CV-A6K1-01,-3.5027
TCGA-CV-A6K2-01,-0.141
TCGA-CX-7085-01,0.3461
TCGA-CX-7086-01,2.6389
TCGA-CX-7219-01,-0.7183
TCGA-CX-A4AQ-01,-2.1714
TCGA-D6-6515-01,0.0201
TCGA-D6-6516-01,3.2464
TCGA-D6-6517-01,0.0449
TCGA-D6-6823-01,1.0686
TCGA-D6-6824-01,0.636
TCGA-D6-6825-01,1.6863
TCGA-D6-6826-01,2.3664
TCGA-D6-6827-01,1.1192
TCGA-D6-8568-01,1.5102
TCGA-D6-8569-01,0.8404
TCGA-D6-A4Z9-01,0.1574
TCGA-D6-A4ZB-01,-7.9721
TCGA-D6-A6EK-01,-3.4391
TCGA-D6-A6EM-01,-1.7084
TCGA-D6-A6EN-01,-3.5138
TCGA-D6-A6EO-01,0.2931
TCGA-D6-A6EP-01,-2.3248
TCGA-D6-A6EQ-01,-3.0402
TCGA-D6-A6ES-01,-5.4402
TCGA-D6-A74Q-01,-1.1541
TCGA-DQ-5624-01,0.3225
TCGA-DQ-5625-01,2.323
TCGA-DQ-5629-01,2.0585
TCGA-DQ-5630-01,-0.1091
TCGA-DQ-5631-01,2.8345
TCGA-DQ-7588-01,0.3203
TCGA-DQ-7589-01,1.7691
TCGA-DQ-7590-01,0.6347
TCGA-DQ-7591-01,5.2504
TCGA-DQ-7592-01,2.4767
TCGA-DQ-7593-01,1.7774
TCGA-DQ-7594-01,1.5072
TCGA-DQ-7595-01,1.3326
TCGA-DQ-7596-01,2.0908
TCGA-F7-7848-01,1.7561
TCGA-F7-8298-01,-0.0482
TCGA-F7-8489-01,1.0063
TCGA-F7-A50G-01,-0.5299
TCGA-F7-A50I-01,-0.4981
TCGA-F7-A50J-01,-0.1046
TCGA-F7-A61S-01,-1.2635
TCGA-F7-A61V-01,-0.1653
TCGA-F7-A61W-01,-0.5228
TCGA-F7-A620-01,-0.2363
TCGA-F7-A622-01,-2.5543
TCGA-F7-A623-01,0.4657
TCGA-F7-A624-01,-1.5797
TCGA-H7-7774-01,-0.4593
TCGA-H7-8501-01,0.1405
TCGA-H7-8502-01,-0.1504
TCGA-H7-A6C4-01,-0.6274
TCGA-H7-A6C5-01,
TCGA-H7-A76A-01,-2.842
TCGA-HD-7229-01,0.486
TCGA-HD-7753-01,1.4078
TCGA-HD-7754-01,1.0255
TCGA-HD-7831-01,0.2602
TCGA-HD-7832-01,-0.7036
TCGA-HD-7917-01,2.0689
TCGA-HD-8224-01,-0.1708
TCGA-HD-8314-01,-0.23
TCGA-HD-8634-01,-0.3222
TCGA-HD-8635-01,2.1788
TCGA-HD-A4C1-01,-6.2197
TCGA-HD-A633-01,-0.5105
TCGA-HD-A634-01,2.4811
TCGA-HD-A6HZ-01,1.7049
TCGA-HD-A6I0-01,-5.1766
TCGA-HL-7533-01,0.79
TCGA-IQ-7630-01,-0.0659
TCGA-IQ-7631-01,-0.5755
TCGA-IQ-7632-01,-0.1509
TCGA-IQ-A61E-01,0.0883
TCGA-IQ-A61G-01,-2.3857
TCGA-IQ-A61H-01,1.2772
TCGA-IQ-A61I-01,0.8084
TCGA-IQ-A61J-01,0.0313
TCGA-IQ-A61K-01,
TCGA-IQ-A61L-01,
TCGA-IQ-A61O-01,-0.7173
TCGA-IQ-A6SG-01,1.6741
TCGA-IQ-A6SH-01,-2.0059
TCGA-KU-A66S-01,0.0801
TCGA-KU-A66T-01,0.2626
TCGA-KU-A6H7-01,-1.078
TCGA-KU-A6H8-01,-0.7713
TCGA-MT-A51W-01,-0.8606
TCGA-MT-A51X-01,0.6468
TCGA-MT-A67A-01,-2.3462
TCGA-MT-A67D-01,-0.6199
TCGA-MT-A67F-01,-0.7489
TCGA-MT-A67G-01,
TCGA-MT-A7BN-01,-2.7837
TCGA-MZ-A5BI-01,-1.1763
TCGA-MZ-A6I9-01,-0.7678
TCGA-MZ-A7D7-01,0.0458
TCGA-P3-A5Q5-01,-1.3987
TCGA-P3-A5Q6-01,-0.8359
TCGA-P3-A5QA-01,-1.3194
TCGA-P3-A5QE-01,3.8652
TCGA-P3-A5QF-01,-1.0801
TCGA-P3-A6SW-01,-0.1525
TCGA-P3-A6SX-01,0.2039
TCGA-P3-A6T0-01,0.2716
TCGA-P3-A6T2-01,-0.4615
TCGA-P3-A6T3-01,0.8302
TCGA-P3-A6T4-01,1.7812
TCGA-P3-A6T5-01,-1.5377
TCGA-P3-A6T6-01,-1.8802
TCGA-P3-A6T7-01,-0.5469
TCGA-P3-A6T8-01,-0.8028
TCGA-QK-A64Z-01,-0.6871
TCGA-QK-A652-01,-0.6647
TCGA-QK-A6IF-01,0.491
TCGA-QK-A6IG-01,-1.3357
TCGA-QK-A6IH-01,-2.4909
TCGA-QK-A6II-01,-1.2077
TCGA-QK-A6IJ-01,-2.5843
TCGA-QK-A6V9-01,3.8739
TCGA-QK-A6VB-01,1.9581
TCGA-QK-A6VC-01,0.3426
TCGA-QK-A8Z7-01,0.8056
TCGA-QK-A8Z8-01,0.9162
TCGA-QK-A8Z9-01,-0.8324
TCGA-QK-A8ZA-01,0.9212
TCGA-QK-A8ZB-01,1.0862
TCGA-QK-AA3J-01,0.8199
TCGA-QK-AA3K-01,-1.3601
TCGA-RS-A6TO-01,-1.4376
TCGA-RS-A6TP-01,0.7173
TCGA-T2-A6WX-01,-2.1266
TCGA-T2-A6WZ-01,-2.8415
TCGA-T2-A6X0-01,0.3157
TCGA-T2-A6X2-01,-1.0732
TCGA-T3-A92M-01,-0.0975
TCGA-T3-A92N-01,0.2996
TCGA-TN-A7HI-01,0.1963
TCGA-TN-A7HJ-01,1.3264
TCGA-TN-A7HL-01,-2.1781
TCGA-UF-A718-01,0.1234
TCGA-UF-A719-01,2.0817
TCGA-UF-A71A-01,-0.085
TCGA-UF-A71B-01,1.6399
TCGA-UF-A71D-01,0.8866
TCGA-UF-A71E-01,0.3528
TCGA-UF-A7J9-01,0.8188
TCGA-UF-A7JA-01,-2.7742
TCGA-UF-A7JC-01,0.0957
TCGA-UF-A7JD-01,0.2272
TCGA-UF-A7JF-01,-3.3249
TCGA-UF-A7JH-01,-0.8251
TCGA-UF-A7JJ-01,-0.258
TCGA-UF-A7JK-01,0.7748
TCGA-UF-A7JO-01,-1.331
TCGA-UF-A7JS-01,-2.5235
TCGA-UF-A7JT-01,-0.2716
TCGA-UF-A7JV-01,-0.6859
TCGA-UP-A6WW-01,-1.642
TCGA-WA-A7GZ-01,0.9425
TCGA-WA-A7H4-01,2.1591
TCGA-KL-8323-01,0.3216
TCGA-KL-8324-01,-5.1929
TCGA-KL-8325-01,2.0925
TCGA-KL-8326-01,-4.9868
TCGA-KL-8327-01,-2.2544
TCGA-KL-8328-01,-2.8361
TCGA-KL-8329-01,0.0734
TCGA-KL-8330-01,0.3997
TCGA-KL-8331-01,-1.9686
TCGA-KL-8332-01,-1.5211
TCGA-KL-8333-01,1.6847
TCGA-KL-8334-01,0.5268
TCGA-KL-8335-01,-0.1264
TCGA-KL-8336-01,0.4364
TCGA-KL-8337-01,0.4282
TCGA-KL-8338-01,-3.5588
TCGA-KL-8339-01,0.2922
TCGA-KL-8340-01,-1.0742
TCGA-KL-8341-01,2.8965
TCGA-KL-8342-01,-1.4053
TCGA-KL-8343-01,0.0573
TCGA-KL-8344-01,-0.437
TCGA-KL-8345-01,0.3931
TCGA-KL-8346-01,-4.1807
TCGA-KM-8438-01,-2.2707
TCGA-KM-8439-01,-3.2786
TCGA-KM-8440-01,0.6966
TCGA-KM-8441-01,-2.4623
TCGA-KM-8442-01,1.1473
TCGA-KM-8443-01,-1.0257
TCGA-KM-8476-01,-2.0344
TCGA-KM-8477-01,-0.4399
TCGA-KM-8639-01,-2.5748
TCGA-KN-8418-01,0.4344
TCGA-KN-8419-01,2.5422
TCGA-KN-8421-01,-3.7213
TCGA-KN-8422-01,-5.3873
TCGA-KN-8423-01,1.3566
TCGA-KN-8424-01,1.0962
TCGA-KN-8425-01,-1.2603
TCGA-KN-8426-01,-2.5922
TCGA-KN-8427-01,-2.7773
TCGA-KN-8428-01,3.1811
TCGA-KN-8429-01,1.946
TCGA-KN-8431-01,-4.4072
TCGA-KN-8432-01,1.034
TCGA-KN-8433-01,-5.6792
TCGA-KN-8434-01,-1.1351
TCGA-KN-8435-01,2.0524
TCGA-KN-8436-01,2.0376
TCGA-KN-8437-01,-1.1674
TCGA-KO-8403-01,-0.5202
TCGA-KO-8404-01,-5.461
TCGA-KO-8405-01,-3.5345
TCGA-KO-8406-01,1.1865
TCGA-KO-8407-01,-1.2711
TCGA-KO-8408-01,-4.0093
TCGA-KO-8409-01,-4.2847
TCGA-KO-8410-01,1.8022
TCGA-KO-8411-01,2.6454
TCGA-KO-8413-01,-1.0565
TCGA-KO-8414-01,-2.6538
TCGA-KO-8415-01,-4.2262
TCGA-KO-8416-01,0.232
TCGA-KO-8417-01,0.9178
TCGA-3Z-A93Z-01,-4.2098
TCGA-6D-AA2E-01,-4.8743
TCGA-A3-3306-01,-1.4571
TCGA-A3-3307-01,-1.694
TCGA-A3-3308-01,-2.0033
TCGA-A3-3311-01,-0.6517
TCGA-A3-3313-01,-1.3862
TCGA-A3-3316-01,-1.7376
TCGA-A3-3317-01,-6.0223
TCGA-A3-3319-01,-2.3679
TCGA-A3-3320-01,0.6715
TCGA-A3-3322-01,-0.947
TCGA-A3-3323-01,0.075
TCGA-A3-3324-01,-0.8011
TCGA-A3-3325-01,-1.5135
TCGA-A3-3326-01,-0.9965
TCGA-A3-3331-01,0.0824
TCGA-A3-3335-01,-2.5998
TCGA-A3-3343-01,-0.6418
TCGA-A3-3346-01,-4.6011
TCGA-A3-3347-01,-2.3036
TCGA-A3-3349-01,-0.9486
TCGA-A3-3351-01,0.4982
TCGA-A3-3352-01,0.2313
TCGA-A3-3357-01,-2.2616
TCGA-A3-3358-01,-2.5617
TCGA-A3-3359-01,-1.5572
TCGA-A3-3362-01,-1.8238
TCGA-A3-3363-01,-3.6033
TCGA-A3-3365-01,-0.2843
TCGA-A3-3367-01,1.5459
TCGA-A3-3370-01,-0.7217
TCGA-A3-3372-01,1.2782
TCGA-A3-3373-01,-0.877
TCGA-A3-3374-01,-6.9449
TCGA-A3-3376-01,0.6836
TCGA-A3-3378-01,-2.1176
TCGA-A3-3380-01,-0.81
TCGA-A3-3382-01,-1.3689
TCGA-A3-3383-01,-1.8892
TCGA-A3-3385-01,0.4311
TCGA-A3-3387-01,-1.0311
TCGA-A3-A6NI-01,-3.9872
TCGA-A3-A6NJ-01,-2.4432
TCGA-A3-A6NL-01,-1.717
TCGA-A3-A6NN-01,-0.9968
TCGA-A3-A8CQ-01,-1.8962
TCGA-A3-A8OU-01,-4.3714
TCGA-A3-A8OV-01,-3.5769
TCGA-A3-A8OW-01,-1.7839
TCGA-A3-A8OX-01,-4.1745
TCGA-AK-3426-01,-3.5749
TCGA-AK-3427-01,-1.0197
TCGA-AK-3428-01,6.0081
TCGA-AK-3429-01,-1.9169
TCGA-AK-3430-01,
TCGA-AK-3431-01,0.9131
TCGA-AK-3433-01,1.0067
TCGA-AK-3434-01,-1.4865
TCGA-AK-3436-01,-4.7882
TCGA-AK-3440-01,-13.931
TCGA-AK-3443-01,1.8476
TCGA-AK-3444-01,-0.9458
TCGA-AK-3445-01,-3.9977
TCGA-AK-3447-01,-1.3627
TCGA-AK-3450-01,-2.5732
TCGA-AK-3451-01,-2.4011
TCGA-AK-3453-01,-5.5779
TCGA-AK-3454-01,-0.7907
TCGA-AK-3455-01,-1.1082
TCGA-AK-3456-01,-0.2998
TCGA-AK-3458-01,0.9861
TCGA-AK-3460-01,-1.1454
TCGA-AK-3461-01,-0.7661
TCGA-AK-3465-01,-1.2405
TCGA-AS-3777-01,-4.0729
TCGA-AS-3778-01,-2.1548
TCGA-B0-4688-01,3.8542
TCGA-B0-4690-01,-1.4805
TCGA-B0-4691-01,-4.3563
TCGA-B0-4693-01,-1.287
TCGA-B0-4694-01,-3.2417
TCGA-B0-4696-01,-0.6561
TCGA-B0-4697-01,-5.0864
TCGA-B0-4698-01,-0.3429
TCGA-B0-4699-01,0.6305
TCGA-B0-4700-01,-4.3666
TCGA-B0-4701-01,-2.9345
TCGA-B0-4703-01,-2.0755
TCGA-B0-4706-01,-1.6432
TCGA-B0-4707-01,-5.6347
TCGA-B0-4710-01,0.7474
TCGA-B0-4712-01,-1.7232
TCGA-B0-4713-01,-3.8387
TCGA-B0-4714-01,-3.9072
TCGA-B0-4718-01,-2.279
TCGA-B0-4810-01,-3.2591
TCGA-B0-4811-01,-2.9502
TCGA-B0-4813-01,-4.741
TCGA-B0-4814-01,-0.566
TCGA-B0-4815-01,-4.2116
TCGA-B0-4816-01,-2.0585
TCGA-B0-4817-01,-4.944
TCGA-B0-4818-01,-2.161
TCGA-B0-4819-01,-3.1802
TCGA-B0-4821-01,-7.3518
TCGA-B0-4822-01,-5.149
TCGA-B0-4823-01,-0.5251
TCGA-B0-4824-01,-2.147
TCGA-B0-4827-01,-3.267
TCGA-B0-4828-01,-2.1382
TCGA-B0-4833-01,-4.4781
TCGA-B0-4834-01,-0.3004
TCGA-B0-4836-01,-0.9665
TCGA-B0-4837-01,-2.9504
TCGA-B0-4838-01,-1.7951
TCGA-B0-4839-01,-3.0861
TCGA-B0-4841-01,-3.2898
TCGA-B0-4842-01,-7.0782
TCGA-B0-4843-01,-4.8686
TCGA-B0-4844-01,-4.7572
TCGA-B0-4845-01,-1.6932
TCGA-B0-4846-01,0.1321
TCGA-B0-4847-01,-5.2233
TCGA-B0-4848-01,-2.5361
TCGA-B0-4849-01,-2.5618
TCGA-B0-4852-01,1.0505
TCGA-B0-4945-01,-1.5897
TCGA-B0-5075-01,-2.6259
TCGA-B0-5077-01,-2.2935
TCGA-B0-5080-01,-0.0527
TCGA-B0-5081-01,-3.8379
TCGA-B0-5083-01,-0.7685
TCGA-B0-5084-01,-3.1185
TCGA-B0-5085-01,-5.0361
TCGA-B0-5088-01,-3.9881
TCGA-B0-5092-01,-4.9953
TCGA-B0-5094-01,-3.6545
TCGA-B0-5095-01,-2.6295
TCGA-B0-5096-01,-0.7579
TCGA-B0-5097-01,-0.2376
TCGA-B0-5098-01,-1.7841
TCGA-B0-5099-01,-1.3654
TCGA-B0-5100-01,-3.1488
TCGA-B0-5102-01,-1.4072
TCGA-B0-5104-01,-0.7161
TCGA-B0-5106-01,-2.7335
TCGA-B0-5107-01,-4.6805
TCGA-B0-5108-01,-1.731
TCGA-B0-5109-01,-5.1339
TCGA-B0-5110-01,0.12
TCGA-B0-5113-01,1.5563
TCGA-B0-5115-01,-0.7089
TCGA-B0-5116-01,1.6323
TCGA-B0-5117-01,-3.5782
TCGA-B0-5119-01,-0.0205
TCGA-B0-5120-01,0.9347
TCGA-B0-5121-01,-2.0377
TCGA-B0-5399-01,-0.4652
TCGA-B0-5400-01,-7.2205
TCGA-B0-5402-01,2.0973
TCGA-B0-5690-01,-0.5069
TCGA-B0-5691-01,0.5723
TCGA-B0-5692-01,-2.7939
TCGA-B0-5693-01,-0.1526
TCGA-B0-5694-01,-1.4271
TCGA-B0-5695-01,-1.0206
TCGA-B0-5696-01,-2.5238
TCGA-B0-5697-01,-2.9119
TCGA-B0-5698-01,-2.8946
TCGA-B0-5699-01,1.3293
TCGA-B0-5701-01,-2.1989
TCGA-B0-5702-01,-7.3722
TCGA-B0-5703-01,-1.4481
TCGA-B0-5705-01,3.0276
TCGA-B0-5706-01,-0.519
TCGA-B0-5707-01,-5.2283
TCGA-B0-5709-01,-0.4442
TCGA-B0-5710-01,0.4537
TCGA-B0-5711-01,1.3864
TCGA-B0-5712-01,-11.7849
TCGA-B0-5713-01,-1.0874
TCGA-B0-5812-01,1.6865
TCGA-B2-3923-01,1.504
TCGA-B2-3924-01,-0.8108
TCGA-B2-4098-01,-3.8714
TCGA-B2-4099-01,-4.193
TCGA-B2-4101-01,-0.2598
TCGA-B2-4102-01,-0.7816
TCGA-B2-5633-01,-0.6561
TCGA-B2-5635-01,-2.0821
TCGA-B2-5639-01,-1.1603
TCGA-B2-5641-01,-1.6367
TCGA-B2-A4SR-01,-0.2388
TCGA-B4-5377-01,0.3422
TCGA-B4-5378-01,1.5337
TCGA-B4-5832-01,6.2418
TCGA-B4-5834-01,1.2032
TCGA-B4-5835-01,1.5479
TCGA-B4-5836-01,-0.7951
TCGA-B4-5838-01,-0.1
TCGA-B4-5843-01,0.8627
TCGA-B4-5844-01,-0.0692
TCGA-B8-4143-01,-2.6723
TCGA-B8-4146-01,6.6649
TCGA-B8-4148-01,-1.0415
TCGA-B8-4151-01,-1.9582
TCGA-B8-4153-01,-1.9979
TCGA-B8-4154-01,-0.5397
TCGA-B8-4619-01,-0.9919
TCGA-B8-4620-01,2.2914
TCGA-B8-4621-01,-3.6404
TCGA-B8-4622-01,0.2998
TCGA-B8-5158-01,-1.3441
TCGA-B8-5159-01,1.2058
TCGA-B8-5162-01,-1.4924
TCGA-B8-5163-01,-0.8661
TCGA-B8-5164-01,-0.4762
TCGA-B8-5165-01,1.6122
TCGA-B8-5545-01,0.0756
TCGA-B8-5546-01,0.0566
TCGA-B8-5549-01,0.3209
TCGA-B8-5550-01,-2.9062
TCGA-B8-5551-01,-2.7104
TCGA-B8-5552-01,-0.4257
TCGA-B8-5553-01,-1.5848
TCGA-B8-A54D-01,-0.4624
TCGA-B8-A54E-01,-5.3054
TCGA-B8-A54F-01,-1.3967
TCGA-B8-A54G-01,-2.9821
TCGA-B8-A54H-01,-2.3995
TCGA-B8-A54I-01,-7.1671
TCGA-B8-A54J-01,-3.2562
TCGA-B8-A7U6-01,-4.0803
TCGA-B8-A8YJ-01,-2.6774
TCGA-BP-4158-01,-1.2104
TCGA-BP-4159-01,-0.345
TCGA-BP-4160-01,-0.8064
TCGA-BP-4161-01,0.1115
TCGA-BP-4162-01,-0.7677
TCGA-BP-4163-01,-1.0606
TCGA-BP-4164-01,1.3149
TCGA-BP-4165-01,-3.7303
TCGA-BP-4166-01,-0.2667
TCGA-BP-4167-01,-4.9262
TCGA-BP-4169-01,0.4692
TCGA-BP-4170-01,-0.6288
TCGA-BP-4173-01,-1.6055
TCGA-BP-4174-01,-2.4511
TCGA-BP-4176-01,-0.07
TCGA-BP-4177-01,-0.4332
TCGA-BP-4325-01,-0.1514
TCGA-BP-4326-01,-2.2185
TCGA-BP-4327-01,-3.5125
TCGA-BP-4329-01,1.5411
TCGA-BP-4330-01,0.0402
TCGA-BP-4332-01,-0.5274
TCGA-BP-4334-01,-4.7085
TCGA-BP-4335-01,-2.436
TCGA-BP-4337-01,-6.2586
TCGA-BP-4338-01,-3.3426
TCGA-BP-4340-01,-0.7379
TCGA-BP-4341-01,-2.5067
TCGA-BP-4343-01,3.2854
TCGA-BP-4345-01,-3.1052
TCGA-BP-4346-01,-2.457
TCGA-BP-4347-01,-2.5398
TCGA-BP-4349-01,-3.1102
TCGA-BP-4351-01,-3.3006
TCGA-BP-4352-01,-5.9949
TCGA-BP-4354-01,-2.3295
TCGA-BP-4355-01,-2.5221
TCGA-BP-4756-01,-2.5489
TCGA-BP-4758-01,-2.706
TCGA-BP-4759-01,-0.4097
TCGA-BP-4760-01,0.2073
TCGA-BP-4761-01,-8.1084
TCGA-BP-4762-01,1.7347
TCGA-BP-4763-01,1.2468
TCGA-BP-4765-01,-0.7243
TCGA-BP-4766-01,-0.8245
TCGA-BP-4768-01,-0.2471
TCGA-BP-4769-01,-1.3188
TCGA-BP-4770-01,-16.0516
TCGA-BP-4771-01,-3.6389
TCGA-BP-4774-01,-2.0655
TCGA-BP-4775-01,2.0248
TCGA-BP-4776-01,-3.6507
TCGA-BP-4777-01,-2.628
TCGA-BP-4781-01,0.0105
TCGA-BP-4782-01,-2.5832
TCGA-BP-4784-01,0.3971
TCGA-BP-4787-01,-3.3549
TCGA-BP-4789-01,1.5685
TCGA-BP-4790-01,1.1725
TCGA-BP-4795-01,-0.7346
TCGA-BP-4797-01,-1.271
TCGA-BP-4798-01,-3.1399
TCGA-BP-4799-01,0.5891
TCGA-BP-4801-01,-1.2379
TCGA-BP-4803-01,0.6255
TCGA-BP-4804-01,-1.9356
TCGA-BP-4807-01,0.4767
TCGA-BP-4959-01,-2.142
TCGA-BP-4960-01,-3.1951
TCGA-BP-4961-01,0.8332
TCGA-BP-4962-01,-3.468
TCGA-BP-4963-01,-1.6187
TCGA-BP-4964-01,1.1871
TCGA-BP-4965-01,1.0521
TCGA-BP-4967-01,2.8674
TCGA-BP-4968-01,-3.4527
TCGA-BP-4969-01,-5.4738
TCGA-BP-4970-01,0.1177
TCGA-BP-4971-01,-4.788
TCGA-BP-4972-01,0.4987
TCGA-BP-4973-01,0.0926
TCGA-BP-4974-01,-1.6466
TCGA-BP-4975-01,1.9885
TCGA-BP-4977-01,1.067
TCGA-BP-4981-01,-4.7213
TCGA-BP-4982-01,1.0979
TCGA-BP-4983-01,0.2944
TCGA-BP-4985-01,-7.6565
TCGA-BP-4987-01,0.4528
TCGA-BP-4989-01,-3.2685
TCGA-BP-4991-01,1.4951
TCGA-BP-4992-01,-6.3454
TCGA-BP-4993-01,-1.6696
TCGA-BP-4994-01,1.2029
TCGA-BP-4998-01,-0.8857
TCGA-BP-4999-01,0.9844
TCGA-BP-5000-01,-3.5454
TCGA-BP-5001-01,-4.0511
TCGA-BP-5004-01,-0.2086
TCGA-BP-5007-01,-0.2463
TCGA-BP-5008-01,-0.5954
TCGA-BP-5010-01,-3.7876
TCGA-BP-5168-01,-0.37
TCGA-BP-5169-01,-7.0315
TCGA-BP-5170-01,-1.2162
TCGA-BP-5173-01,-3.1657
TCGA-BP-5174-01,-5.1124
TCGA-BP-5175-01,-6.8337
TCGA-BP-5176-01,-3.2352
TCGA-BP-5177-01,-2.3513
TCGA-BP-5178-01,-4.1358
TCGA-BP-5180-01,-1.5516
TCGA-BP-5182-01,-1.5729
TCGA-BP-5183-01,-2.2319
TCGA-BP-5184-01,0.2499
TCGA-BP-5185-01,-4.0984
TCGA-BP-5186-01,-0.0105
TCGA-BP-5187-01,1.2314
TCGA-BP-5189-01,-0.2719
TCGA-BP-5190-01,-3.4764
TCGA-BP-5191-01,-9.2372
TCGA-BP-5192-01,0.6919
TCGA-BP-5194-01,2.59
TCGA-BP-5195-01,-1.3896
TCGA-BP-5196-01,-2.1994
TCGA-BP-5198-01,-3.3567
TCGA-BP-5200-01,-0.0684
TCGA-BP-5201-01,-1.7462
TCGA-BP-5202-01,-0.7148
TCGA-CJ-4634-01,-0.1446
TCGA-CJ-4635-01,0.3801
TCGA-CJ-4636-01,-2.5957
TCGA-CJ-4637-01,-1.6823
TCGA-CJ-4638-01,-6.5864
TCGA-CJ-4639-01,1.4759
TCGA-CJ-4640-01,-1.9085
TCGA-CJ-4641-01,-2.4171
TCGA-CJ-4643-01,-0.1327
TCGA-CJ-4644-01,-1.2055
TCGA-CJ-4868-01,-2.1403
TCGA-CJ-4869-01,-3.6246
TCGA-CJ-4870-01,-1.005
TCGA-CJ-4871-01,-0.2699
TCGA-CJ-4872-01,0.4924
TCGA-CJ-4873-01,-5.6458
TCGA-CJ-4874-01,-0.0362
TCGA-CJ-4875-01,-2.6414
TCGA-CJ-4876-01,-3.5006
TCGA-CJ-4878-01,-4.0509
TCGA-CJ-4881-01,-4.2484
TCGA-CJ-4882-01,-2.6634
TCGA-CJ-4884-01,-2.5529
TCGA-CJ-4885-01,0.8877
TCGA-CJ-4886-01,-0.1881
TCGA-CJ-4887-01,-4.5772
TCGA-CJ-4888-01,-2.8399
TCGA-CJ-4889-01,-1.5394
TCGA-CJ-4890-01,-1.7178
TCGA-CJ-4891-01,-5.6437
TCGA-CJ-4892-01,-2.8267
TCGA-CJ-4893-01,-0.8289
TCGA-CJ-4894-01,0.2666
TCGA-CJ-4895-01,-2.0202
TCGA-CJ-4897-01,1.2934
TCGA-CJ-4899-01,-0.4364
TCGA-CJ-4900-01,-3.4322
TCGA-CJ-4901-01,-0.6588
TCGA-CJ-4902-01,-1.606
TCGA-CJ-4903-01,0.3752
TCGA-CJ-4904-01,0.02
TCGA-CJ-4905-01,1.6194
TCGA-CJ-4907-01,0.6019
TCGA-CJ-4908-01,-0.8876
TCGA-CJ-4912-01,-5.509
TCGA-CJ-4913-01,
TCGA-CJ-4916-01,-2.7032
TCGA-CJ-4918-01,-0.6993
TCGA-CJ-4920-01,-0.5516
TCGA-CJ-4923-01,-3.7372
TCGA-CJ-5671-01,-2.5525
TCGA-CJ-5672-01,-3.6597
TCGA-CJ-5675-01,-2.1799
TCGA-CJ-5676-01,-2.4743
TCGA-CJ-5677-01,-4.0165
TCGA-CJ-5678-01,-2.5443
TCGA-CJ-5679-01,-4.0517
TCGA-CJ-5680-01,-2.0061
TCGA-CJ-5681-01,1.7978
TCGA-CJ-5682-01,-0.4178
TCGA-CJ-5683-01,-1.3837
TCGA-CJ-5684-01,-0.8223
TCGA-CJ-5686-01,-1.0024
TCGA-CJ-5689-01,-2.0124
TCGA-CJ-6027-01,-2.0982
TCGA-CJ-6028-01,2.398
TCGA-CJ-6030-01,-0.932
TCGA-CJ-6031-01,-2.1188
TCGA-CJ-6032-01,-0.7235
TCGA-CJ-6033-01,-3.249
TCGA-CW-5580-01,1.7471
TCGA-CW-5581-01,-0.4794
TCGA-CW-5583-01,1.7302
TCGA-CW-5584-01,-1.3881
TCGA-CW-5585-01,0.7358
TCGA-CW-5587-01,-0.0519
TCGA-CW-5588-01,0.406
TCGA-CW-5589-01,0.0917
TCGA-CW-5591-01,-0.9882
TCGA-CW-6087-01,-1.3915
TCGA-CW-6088-01,1.5263
TCGA-CW-6090-01,0.4775
TCGA-CW-6093-01,0.1318
TCGA-CW-6097-01,-0.561
TCGA-CZ-4853-01,0.6797
TCGA-CZ-4854-01,-2.0056
TCGA-CZ-4856-01,-0.9035
TCGA-CZ-4857-01,-0.4283
TCGA-CZ-4858-01,0.042
TCGA-CZ-4859-01,-0.0004
TCGA-CZ-4860-01,2.821
TCGA-CZ-4861-01,2.1004
TCGA-CZ-4862-01,-0.2091
TCGA-CZ-4863-01,-1.9549
TCGA-CZ-4864-01,-0.8821
TCGA-CZ-4866-01,-0.5674
TCGA-CZ-5451-01,-0.7133
TCGA-CZ-5452-01,-3.8542
TCGA-CZ-5453-01,-1.5159
TCGA-CZ-5454-01,2.0296
TCGA-CZ-5455-01,0.6059
TCGA-CZ-5456-01,-1.0309
TCGA-CZ-5457-01,-2.4781
TCGA-CZ-5458-01,3.5706
TCGA-CZ-5459-01,-2.9911
TCGA-CZ-5460-01,-1.3491
TCGA-CZ-5461-01,0.9571
TCGA-CZ-5462-01,-3.8273
TCGA-CZ-5463-01,1.3346
TCGA-CZ-5464-01,-0.1469
TCGA-CZ-5465-01,2.7828
TCGA-CZ-5466-01,-8.0803
TCGA-CZ-5467-01,0.0746
TCGA-CZ-5468-01,-5.0855
TCGA-CZ-5469-01,-3.377
TCGA-CZ-5470-01,-1.7584
TCGA-CZ-5982-01,-0.2854
TCGA-CZ-5984-01,-0.9058
TCGA-CZ-5985-01,-0.246
TCGA-CZ-5986-01,2.3944
TCGA-CZ-5987-01,-3.5906
TCGA-CZ-5988-01,0.6607
TCGA-CZ-5989-01,6.6218
TCGA-DV-5565-01,-3.7493
TCGA-DV-5566-01,-2.4984
TCGA-DV-5567-01,1.3987
TCGA-DV-5569-01,-1.246
TCGA-DV-5574-01,-1.7562
TCGA-DV-5575-01,-0.4778
TCGA-DV-5576-01,-0.5715
TCGA-DV-A4VX-01,-5.2312
TCGA-DV-A4VZ-01,-5.6394
TCGA-DV-A4W0-01,-0.7231
TCGA-EU-5904-01,0.3276
TCGA-EU-5905-01,-0.4806
TCGA-EU-5906-01,0.91
TCGA-EU-5907-01,-1.6855
TCGA-G6-A5PC-01,-6.7514
TCGA-G6-A8L6-01,-2.7067
TCGA-G6-A8L7-01,-8.1441
TCGA-G6-A8L8-01,-4.6708
TCGA-GK-A6C7-01,-2.273
TCGA-MM-A563-01,-3.7087
TCGA-MM-A564-01,-7.2741
TCGA-MM-A84U-01,-6.0182
TCGA-MW-A4EC-01,-4.028
TCGA-T7-A92I-01,-2.6768
TCGA-2K-A9WE-01,-4.5607
TCGA-2Z-A9J1-01,-6.3028
TCGA-2Z-A9J2-01,-4.7517
TCGA-2Z-A9J3-01,-4.938
TCGA-2Z-A9J5-01,-8.0296
TCGA-2Z-A9J6-01,-5.9712
TCGA-2Z-A9J7-01,-6.7091
TCGA-2Z-A9J8-01,-1.7214
TCGA-2Z-A9J9-01,0.9313
TCGA-2Z-A9JD-01,-2.4304
TCGA-2Z-A9JE-01,-3.9716
TCGA-2Z-A9JG-01,-3.2197
TCGA-2Z-A9JI-01,-1.3105
TCGA-2Z-A9JJ-01,-1.5202
TCGA-2Z-A9JK-01,-2.8204
TCGA-2Z-A9JL-01,-2.6283
TCGA-2Z-A9JM-01,-4.5255
TCGA-2Z-A9JN-01,-2.277
TCGA-2Z-A9JO-01,-4.2195
TCGA-2Z-A9JP-01,-7.1198
TCGA-2Z-A9JQ-01,-6.2404
TCGA-2Z-A9JR-01,-5.3272
TCGA-2Z-A9JS-01,-3.5813
TCGA-2Z-A9JT-01,-8.3548
TCGA-4A-A93W-01,-2.3994
TCGA-4A-A93X-01,-19.1374
TCGA-4A-A93Y-01,-4.1902
TCGA-5P-A9JU-01,-0.8361
TCGA-5P-A9JV-01,-2.2897
TCGA-5P-A9JW-01,-6.8203
TCGA-5P-A9JY-01,-5.0489
TCGA-5P-A9JZ-01,-5.9494
TCGA-5P-A9K0-01,-5.8725
TCGA-5P-A9K2-01,-6.7548
TCGA-5P-A9K3-01,-2.4776
TCGA-5P-A9K4-01,1.0403
TCGA-5P-A9K6-01,-4.9024
TCGA-5P-A9K8-01,-1.137
TCGA-5P-A9K9-01,-3.1847
TCGA-5P-A9KA-01,-0.1081
TCGA-5P-A9KC-01,-3.1111
TCGA-5P-A9KE-01,-5.4321
TCGA-5P-A9KH-01,2.9838
TCGA-A4-7286-01,-5.0039
TCGA-A4-7287-01,-9.7912
TCGA-A4-7288-01,0.0389
TCGA-A4-7583-01,-2.051
TCGA-A4-7584-01,-2.3417
TCGA-A4-7585-01,0.0184
TCGA-A4-7732-01,-2.8285
TCGA-A4-7734-01,0.5208
TCGA-A4-7828-01,-1.4118
TCGA-A4-7915-01,2.3502
TCGA-A4-7996-01,-1.5919
TCGA-A4-7997-01,-0.0692
TCGA-A4-8098-01,-12.9098
TCGA-A4-8310-01,-4.8739
TCGA-A4-8311-01,-4.2503
TCGA-A4-8312-01,-1.8926
TCGA-A4-8515-01,-1.135
TCGA-A4-8516-01,-4.3445
TCGA-A4-8517-01,-3.6014
TCGA-A4-8518-01,-5.2955
TCGA-A4-8630-01,-2.4369
TCGA-A4-A48D-01,-6.7649
TCGA-A4-A4ZT-01,-2.9352
TCGA-A4-A57E-01,-4.1898
TCGA-A4-A5DU-01,-5.0167
TCGA-A4-A5XZ-01,-3.4401
TCGA-A4-A5Y0-01,-10.0371
TCGA-A4-A5Y1-01,3.1381
TCGA-A4-A6HP-01,-7.2998
TCGA-A4-A772-01,-5.9703
TCGA-A4-A7UZ-01,-4.2809
TCGA-AL-3466-01,-4.732
TCGA-AL-3467-01,4.8902
TCGA-AL-3471-01,-4.1114
TCGA-AL-3472-01,-1.1498
TCGA-AL-3473-01,-2.0698
TCGA-AL-7173-01,-4.4424
TCGA-AT-A5NU-01,-4.5273
TCGA-B1-5398-01,-8.7545
TCGA-B1-7332-01,-1.6551
TCGA-B1-A47M-01,-8.2269
TCGA-B1-A47N-01,-5.3664
TCGA-B1-A654-01,-6.305
TCGA-B1-A655-01,-2.0912
TCGA-B1-A656-01,-7.1924
TCGA-B1-A657-01,-2.9463
TCGA-B3-3925-01,0.6995
TCGA-B3-3926-01,1.6944
TCGA-B3-4103-01,-0.9641
TCGA-B3-4104-01,-6.2024
TCGA-B3-8121-01,-2.2305
TCGA-B3-A6W5-01,-4.4606
TCGA-B9-4113-01,-1.9411
TCGA-B9-4114-01,-2.2012
TCGA-B9-4115-01,-1.9108
TCGA-B9-4116-01,2.1416
TCGA-B9-4117-01,2.2691
TCGA-B9-4617-01,-4.8549
TCGA-B9-5155-01,-0.751
TCGA-B9-5156-01,-1.8342
TCGA-B9-7268-01,-2.6308
TCGA-B9-A44B-01,-3.1578
TCGA-B9-A5W7-01,-2.3935
TCGA-B9-A5W8-01,-5.1178
TCGA-B9-A5W9-01,-4.4132
TCGA-B9-A69E-01,-3.3501
TCGA-B9-A8YH-01,-2.2684
TCGA-B9-A8YI-01,-3.5553
TCGA-BQ-5875-01,-14.7491
TCGA-BQ-5876-01,0.9849
TCGA-BQ-5877-01,0.5703
TCGA-BQ-5878-01,0.4909
TCGA-BQ-5879-01,2.4264
TCGA-BQ-5880-01,-2.7265
TCGA-BQ-5881-01,-8.4915
TCGA-BQ-5882-01,1.1245
TCGA-BQ-5883-01,-0.1679
TCGA-BQ-5884-01,-0.1075
TCGA-BQ-5885-01,-0.7959
TCGA-BQ-5886-01,-4.2097
TCGA-BQ-5887-01,-2.1793
TCGA-BQ-5888-01,-6.9018
TCGA-BQ-5889-01,-3.4978
TCGA-BQ-5890-01,-2.6632
TCGA-BQ-5891-01,1.5733
TCGA-BQ-5892-01,-1.1917
TCGA-BQ-5893-01,-0.9556
TCGA-BQ-5894-01,-3.4864
TCGA-BQ-7044-01,-2.0781
TCGA-BQ-7045-01,-4.6146
TCGA-BQ-7046-01,-4.8002
TCGA-BQ-7048-01,-1.2366
TCGA-BQ-7050-01,-1.0706
TCGA-BQ-7051-01,-1.2867
TCGA-BQ-7053-01,-2.8962
TCGA-BQ-7055-01,0.6304
TCGA-BQ-7058-01,-1.6086
TCGA-BQ-7059-01,-3.1208
TCGA-BQ-7060-01,-3.853
TCGA-BQ-7061-01,1.2756
TCGA-BQ-7062-01,-2.6926
TCGA-DW-5560-01,-5.2428
TCGA-DW-5561-01,-4.0066
TCGA-DW-7834-01,-2.2039
TCGA-DW-7836-01,-2.9777
TCGA-DW-7837-01,-2.76
TCGA-DW-7838-01,-4.5147
TCGA-DW-7839-01,0.9841
TCGA-DW-7840-01,-4.768
TCGA-DW-7841-01,-3.4917
TCGA-DW-7842-01,0.8154
TCGA-DW-7963-01,-5.771
TCGA-DZ-6131-01,2.9422
TCGA-DZ-6132-01,-2.3434
TCGA-DZ-6133-01,-1.3869
TCGA-DZ-6134-01,-2.1817
TCGA-DZ-6135-01,0.7129
TCGA-EV-5901-01,0.4181
TCGA-EV-5902-01,-1.001
TCGA-EV-5903-01,-1.1401
TCGA-F9-A4JJ-01,-0.6118
TCGA-F9-A7Q0-01,-4.5547
TCGA-F9-A7VF-01,-7.8526
TCGA-F9-A8NY-01,-4.0063
TCGA-F9-A97G-01,-2.1533
TCGA-G7-6789-01,0.9824
TCGA-G7-6790-01,-3.2479
TCGA-G7-6792-01,0.8544
TCGA-G7-6793-01,-1.4321
TCGA-G7-6795-01,-10.1061
TCGA-G7-6796-01,-6.2647
TCGA-G7-6797-01,0.2408
TCGA-G7-7501-01,3.348
TCGA-G7-7502-01,1.2183
TCGA-G7-A4TM-01,-3.5019
TCGA-G7-A8LB-01,-4.7546
TCGA-G7-A8LC-01,-4.3604
TCGA-G7-A8LD-01,-0.5248
TCGA-G7-A8LE-01,-0.3009
TCGA-GL-6846-01,-1.4244
TCGA-GL-7773-01,-0.6885
TCGA-GL-7966-01,3.4372
TCGA-GL-8500-01,-3.5231
TCGA-GL-A4EM-01,-16.3947
TCGA-GL-A59R-01,-4.5822
TCGA-GL-A59T-01,-7.9729
TCGA-GL-A9DC-01,-2.0174
TCGA-GL-A9DD-01,-4.7118
TCGA-GL-A9DE-01,-0.9461
TCGA-HE-7128-01,-0.7975
TCGA-HE-7129-01,-1.0597
TCGA-HE-7130-01,-10.8313
TCGA-HE-A5NF-01,-5.5682
TCGA-HE-A5NH-01,-2.6704
TCGA-HE-A5NI-01,-6.2742
TCGA-HE-A5NJ-01,-3.532
TCGA-HE-A5NK-01,-5.2928
TCGA-HE-A5NL-01,-4.736
TCGA-IA-A40U-01,-5.8573
TCGA-IA-A40X-01,-5.173
TCGA-IA-A40Y-01,-2.5911
TCGA-IA-A83S-01,-4.2863
TCGA-IA-A83T-01,-10.0239
TCGA-IA-A83V-01,-6.0729
TCGA-IA-A83W-01,-2.5055
TCGA-IZ-8195-01,-1.9736
TCGA-IZ-8196-01,-0.1939
TCGA-IZ-A6M8-01,-10.7443
TCGA-IZ-A6M9-01,-6.4429
TCGA-J7-6720-01,-2.5666
TCGA-J7-8537-01,-1.1093
TCGA-J7-A8I2-01,-16.734
TCGA-KV-A6GD-01,-6.639
TCGA-KV-A6GE-01,-6.1746
TCGA-KV-A74V-01,-5.4918
TCGA-MH-A55W-01,-3.7913
TCGA-MH-A55Z-01,-6.1456
TCGA-MH-A560-01,-8.9837
TCGA-MH-A561-01,-4.3396
TCGA-MH-A562-01,-7.1055
TCGA-MH-A854-01,-5.9286
TCGA-MH-A855-01,-3.5675
TCGA-MH-A856-01,-2.6093
TCGA-MH-A857-01,-1.3796
TCGA-O9-A75Z-01,-1.7443
TCGA-P4-A5E6-01,-5.9288
TCGA-P4-A5E7-01,-3.5175
TCGA-P4-A5E8-01,-3.3575
TCGA-P4-A5EA-01,-2.8419
TCGA-P4-A5EB-01,-0.8173
TCGA-P4-A5ED-01,-4.8616
TCGA-P4-AAVK-01,-4.5105
TCGA-P4-AAVL-01,-5.3477
TCGA-P4-AAVM-01,-4.8268
TCGA-P4-AAVO-01,-6.1699
TCGA-PJ-A5Z8-01,-1.8802
TCGA-PJ-A5Z9-01,-7.1734
TCGA-Q2-A5QZ-01,-12.1762
TCGA-SX-A71R-01,-6.1758
TCGA-SX-A71S-01,-0.0621
TCGA-SX-A71U-01,-3.3831
TCGA-SX-A71V-01,-3.8727
TCGA-SX-A7SL-01,-5.6304
TCGA-SX-A7SM-01,-2.8947
TCGA-SX-A7SN-01,-3.6727
TCGA-SX-A7SO-01,-0.2019
TCGA-SX-A7SP-01,-1.9097
TCGA-SX-A7SQ-01,-3.1102
TCGA-SX-A7SR-01,-3.4
TCGA-SX-A7SS-01,-5.0961
TCGA-SX-A7SU-01,-4.6024
TCGA-UN-AAZ9-01,-0.5924
TCGA-UZ-A9PJ-01,-1.1642
TCGA-UZ-A9PK-01,-4.4974
TCGA-UZ-A9PL-01,-7.4541
TCGA-UZ-A9PM-01,-8.6501
TCGA-UZ-A9PN-01,-3.3741
TCGA-UZ-A9PO-01,-4.2914
TCGA-UZ-A9PP-01,-2.5218
TCGA-UZ-A9PQ-01,1.2979
TCGA-UZ-A9PR-01,-0.5627
TCGA-UZ-A9PS-01,-1.7752
TCGA-UZ-A9PU-01,-1.7801
TCGA-UZ-A9PV-01,-4.489
TCGA-UZ-A9PX-01,-2.6454
TCGA-UZ-A9PZ-01,-5.4378
TCGA-UZ-A9Q0-01,-5.3616
TCGA-UZ-A9Q1-01,-1.667
TCGA-V9-A7HT-01,-4.03
TCGA-WN-A9G9-01,-3.6047
TCGA-WN-AB4C-01,0.6448
TCGA-Y8-A894-01,-0.3294
TCGA-Y8-A895-01,-3.5196
TCGA-Y8-A896-01,-1.4112
TCGA-Y8-A897-01,-4.0102
TCGA-Y8-A898-01,-6.8266
TCGA-Y8-A8RY-01,-3.8681
TCGA-Y8-A8RZ-01,-3.1243
TCGA-Y8-A8S0-01,-1.3914
TCGA-Y8-A8S1-01,-16.3668
TCGA-AB-2802-03,
TCGA-AB-2803-03,
TCGA-AB-2804-03,
TCGA-AB-2805-03,
TCGA-AB-2806-03,
TCGA-AB-2807-03,
TCGA-AB-2808-03,
TCGA-AB-2809-03,
TCGA-AB-2810-03,
TCGA-AB-2811-03,
TCGA-AB-2812-03,
TCGA-AB-2813-03,
TCGA-AB-2814-03,
TCGA-AB-2815-03,
TCGA-AB-2816-03,
TCGA-AB-2817-03,
TCGA-AB-2818-03,
TCGA-AB-2819-03,
TCGA-AB-2820-03,
TCGA-AB-2821-03,
TCGA-AB-2822-03,
TCGA-AB-2823-03,
TCGA-AB-2824-03,
TCGA-AB-2825-03,
TCGA-AB-2826-03,
TCGA-AB-2827-03,
TCGA-AB-2828-03,
TCGA-AB-2829-03,
TCGA-AB-2830-03,
TCGA-AB-2831-03,
TCGA-AB-2832-03,
TCGA-AB-2833-03,
TCGA-AB-2834-03,
TCGA-AB-2835-03,
TCGA-AB-2836-03,
TCGA-AB-2837-03,
TCGA-AB-2838-03,
TCGA-AB-2839-03,
TCGA-AB-2840-03,
TCGA-AB-2841-03,
TCGA-AB-2842-03,
TCGA-AB-2843-03,
TCGA-AB-2844-03,
TCGA-AB-2845-03,
TCGA-AB-2846-03,
TCGA-AB-2847-03,
TCGA-AB-2848-03,
TCGA-AB-2849-03,
TCGA-AB-2850-03,
TCGA-AB-2851-03,
TCGA-AB-2853-03,
TCGA-AB-2854-03,
TCGA-AB-2855-03,
TCGA-AB-2856-03,
TCGA-AB-2857-03,
TCGA-AB-2858-03,
TCGA-AB-2859-03,
TCGA-AB-2860-03,
TCGA-AB-2861-03,
TCGA-AB-2862-03,
TCGA-AB-2863-03,
TCGA-AB-2864-03,
TCGA-AB-2865-03,
TCGA-AB-2866-03,
TCGA-AB-2867-03,
TCGA-AB-2868-03,
TCGA-AB-2869-03,
TCGA-AB-2870-03,
TCGA-AB-2871-03,
TCGA-AB-2872-03,
TCGA-AB-2873-03,
TCGA-AB-2874-03,
TCGA-AB-2875-03,
TCGA-AB-2876-03,
TCGA-AB-2877-03,
TCGA-AB-2878-03,
TCGA-AB-2879-03,
TCGA-AB-2880-03,
TCGA-AB-2881-03,
TCGA-AB-2882-03,
TCGA-AB-2883-03,
TCGA-AB-2884-03,
TCGA-AB-2885-03,
TCGA-AB-2886-03,
TCGA-AB-2887-03,
TCGA-AB-2888-03,
TCGA-AB-2889-03,
TCGA-AB-2890-03,
TCGA-AB-2891-03,
TCGA-AB-2892-03,
TCGA-AB-2893-03,
TCGA-AB-2894-03,
TCGA-AB-2895-03,
TCGA-AB-2896-03,
TCGA-AB-2897-03,
TCGA-AB-2898-03,
TCGA-AB-2899-03,
TCGA-AB-2900-03,
TCGA-AB-2901-03,
TCGA-AB-2903-03,
TCGA-AB-2904-03,
TCGA-AB-2905-03,
TCGA-AB-2906-03,
TCGA-AB-2907-03,
TCGA-AB-2908-03,
TCGA-AB-2909-03,
TCGA-AB-2910-03,
TCGA-AB-2911-03,
TCGA-AB-2912-03,
TCGA-AB-2913-03,
TCGA-AB-2914-03,
TCGA-AB-2915-03,
TCGA-AB-2916-03,
TCGA-AB-2917-03,
TCGA-AB-2918-03,
TCGA-AB-2919-03,
TCGA-AB-2920-03,
TCGA-AB-2921-03,
TCGA-AB-2922-03,
TCGA-AB-2923-03,
TCGA-AB-2924-03,
TCGA-AB-2925-03,
TCGA-AB-2926-03,
TCGA-AB-2927-03,
TCGA-AB-2928-03,
TCGA-AB-2929-03,
TCGA-AB-2930-03,
TCGA-AB-2931-03,
TCGA-AB-2932-03,
TCGA-AB-2933-03,
TCGA-AB-2934-03,
TCGA-AB-2935-03,
TCGA-AB-2936-03,
TCGA-AB-2937-03,
TCGA-AB-2938-03,
TCGA-AB-2939-03,
TCGA-AB-2940-03,
TCGA-AB-2941-03,
TCGA-AB-2942-03,
TCGA-AB-2943-03,
TCGA-AB-2944-03,
TCGA-AB-2945-03,
TCGA-AB-2946-03,
TCGA-AB-2947-03,
TCGA-AB-2948-03,
TCGA-AB-2949-03,
TCGA-AB-2950-03,
TCGA-AB-2952-03,
TCGA-AB-2954-03,
TCGA-AB-2955-03,
TCGA-AB-2956-03,
TCGA-AB-2957-03,
TCGA-AB-2959-03,
TCGA-AB-2963-03,
TCGA-AB-2964-03,
TCGA-AB-2965-03,
TCGA-AB-2966-03,
TCGA-AB-2967-03,
TCGA-AB-2968-03,
TCGA-AB-2969-03,
TCGA-AB-2970-03,
TCGA-AB-2971-03,
TCGA-AB-2972-03,
TCGA-AB-2973-03,
TCGA-AB-2974-03,
TCGA-AB-2975-03,
TCGA-AB-2976-03,
TCGA-AB-2977-03,
TCGA-AB-2978-03,
TCGA-AB-2979-03,
TCGA-AB-2980-03,
TCGA-AB-2981-03,
TCGA-AB-2982-03,
TCGA-AB-2983-03,
TCGA-AB-2984-03,
TCGA-AB-2985-03,
TCGA-AB-2986-03,
TCGA-AB-2987-03,
TCGA-AB-2988-03,
TCGA-AB-2989-03,
TCGA-AB-2990-03,
TCGA-AB-2991-03,
TCGA-AB-2992-03,
TCGA-AB-2993-03,
TCGA-AB-2994-03,
TCGA-AB-2995-03,
TCGA-AB-2996-03,
TCGA-AB-2997-03,
TCGA-AB-2998-03,
TCGA-AB-2999-03,
TCGA-AB-3000-03,
TCGA-AB-3001-03,
TCGA-AB-3002-03,
TCGA-AB-3005-03,
TCGA-AB-3006-03,
TCGA-AB-3007-03,
TCGA-AB-3008-03,
TCGA-AB-3009-03,
TCGA-AB-3011-03,
TCGA-AB-3012-03,
TCGA-CS-4938-01,
TCGA-CS-4941-01,
TCGA-CS-4942-01,
TCGA-CS-4943-01,
TCGA-CS-4944-01,
TCGA-CS-5390-01,
TCGA-CS-5393-01,
TCGA-CS-5394-01,
TCGA-CS-5395-01,
TCGA-CS-5396-01,
TCGA-CS-5397-01,
TCGA-CS-6186-01,
TCGA-CS-6188-01,
TCGA-CS-6290-01,
TCGA-CS-6665-01,
TCGA-CS-6666-01,
TCGA-CS-6667-01,
TCGA-CS-6668-01,
TCGA-CS-6669-01,
TCGA-CS-6670-01,
TCGA-DB-5270-01,
TCGA-DB-5273-01,
TCGA-DB-5274-01,
TCGA-DB-5275-01,
TCGA-DB-5276-01,
TCGA-DB-5277-01,
TCGA-DB-5278-01,
TCGA-DB-5279-01,
TCGA-DB-5280-01,
TCGA-DB-5281-01,
TCGA-DB-A4X9-01,
TCGA-DB-A4XA-01,
TCGA-DB-A4XB-01,
TCGA-DB-A4XC-01,
TCGA-DB-A4XD-01,
TCGA-DB-A4XE-01,
TCGA-DB-A4XF-01,
TCGA-DB-A4XG-01,
TCGA-DB-A4XH-01,
TCGA-DB-A64L-01,
TCGA-DB-A64O-01,
TCGA-DB-A64P-01,
TCGA-DB-A64Q-01,
TCGA-DB-A64R-01,
TCGA-DB-A64S-01,
TCGA-DB-A64U-01,
TCGA-DB-A64V-01,
TCGA-DB-A64W-01,
TCGA-DB-A64X-01,
TCGA-DB-A75K-01,
TCGA-DB-A75L-01,
TCGA-DB-A75M-01,
TCGA-DB-A75O-01,
TCGA-DB-A75P-01,
TCGA-DH-5140-01,
TCGA-DH-5141-01,
TCGA-DH-5142-01,
TCGA-DH-5143-01,
TCGA-DH-5144-01,
TCGA-DH-A669-01,
TCGA-DH-A66B-01,
TCGA-DH-A66D-01,
TCGA-DH-A66F-01,
TCGA-DH-A66G-01,
TCGA-DH-A7UR-01,
TCGA-DH-A7US-01,
TCGA-DH-A7UT-01,
TCGA-DH-A7UU-01,
TCGA-DH-A7UV-01,
TCGA-DU-5847-01,
TCGA-DU-5849-01,
TCGA-DU-5851-01,
TCGA-DU-5852-01,
TCGA-DU-5853-01,
TCGA-DU-5854-01,
TCGA-DU-5855-01,
TCGA-DU-5870-01,
TCGA-DU-5871-01,
TCGA-DU-5872-01,
TCGA-DU-5874-01,
TCGA-DU-6392-01,
TCGA-DU-6393-01,
TCGA-DU-6394-01,
TCGA-DU-6395-01,
TCGA-DU-6396-01,
TCGA-DU-6397-01,
TCGA-DU-6399-01,
TCGA-DU-6400-01,
TCGA-DU-6401-01,
TCGA-DU-6402-01,
TCGA-DU-6403-01,
TCGA-DU-6404-01,
TCGA-DU-6405-01,
TCGA-DU-6406-01,
TCGA-DU-6407-01,
TCGA-DU-6408-01,
TCGA-DU-6410-01,
TCGA-DU-6542-01,
TCGA-DU-7006-01,
TCGA-DU-7007-01,
TCGA-DU-7008-01,
TCGA-DU-7009-01,
TCGA-DU-7010-01,
TCGA-DU-7011-01,
TCGA-DU-7012-01,
TCGA-DU-7013-01,
TCGA-DU-7014-01,
TCGA-DU-7015-01,
TCGA-DU-7018-01,
TCGA-DU-7019-01,
TCGA-DU-7290-01,
TCGA-DU-7292-01,
TCGA-DU-7294-01,
TCGA-DU-7298-01,
TCGA-DU-7299-01,
TCGA-DU-7300-01,
TCGA-DU-7301-01,
TCGA-DU-7302-01,
TCGA-DU-7304-01,
TCGA-DU-7306-01,
TCGA-DU-7309-01,
TCGA-DU-8158-01,
TCGA-DU-8161-01,
TCGA-DU-8162-01,
TCGA-DU-8163-01,
TCGA-DU-8164-01,
TCGA-DU-8165-01,
TCGA-DU-8166-01,
TCGA-DU-8167-01,
TCGA-DU-8168-01,
TCGA-DU-A5TP-01,
TCGA-DU-A5TR-01,
TCGA-DU-A5TS-01,
TCGA-DU-A5TT-01,
TCGA-DU-A5TU-01,
TCGA-DU-A5TW-01,
TCGA-DU-A5TY-01,
TCGA-DU-A6S2-01,
TCGA-DU-A6S3-01,
TCGA-DU-A6S6-01,
TCGA-DU-A6S7-01,
TCGA-DU-A6S8-01,
TCGA-DU-A76K-01,
TCGA-DU-A76L-01,
TCGA-DU-A76O-01,
TCGA-DU-A76R-01,
TCGA-DU-A7T6-01,
TCGA-DU-A7T8-01,
TCGA-DU-A7TA-01,
TCGA-DU-A7TB-01,
TCGA-DU-A7TC-01,
TCGA-DU-A7TD-01,
TCGA-DU-A7TG-01,
TCGA-DU-A7TI-01,
TCGA-DU-A7TJ-01,
TCGA-E1-5302-01,
TCGA-E1-5303-01,
TCGA-E1-5304-01,
TCGA-E1-5305-01,
TCGA-E1-5307-01,
TCGA-E1-5311-01,
TCGA-E1-5318-01,
TCGA-E1-5319-01,
TCGA-E1-5322-01,
TCGA-E1-A7YD-01,
TCGA-E1-A7YE-01,
TCGA-E1-A7YH-01,
TCGA-E1-A7YI-01,
TCGA-E1-A7YJ-01,
TCGA-E1-A7YK-01,
TCGA-E1-A7YL-01,
TCGA-E1-A7YM-01,
TCGA-E1-A7YN-01,
TCGA-E1-A7YO-01,
TCGA-E1-A7YQ-01,
TCGA-E1-A7YS-01,
TCGA-E1-A7YU-01,
TCGA-E1-A7YV-01,
TCGA-E1-A7YW-01,
TCGA-E1-A7YY-01,
TCGA-E1-A7Z2-01,
TCGA-E1-A7Z3-01,
TCGA-E1-A7Z4-01,
TCGA-E1-A7Z6-01,
TCGA-EZ-7264-01,
TCGA-F6-A8O3-01,
TCGA-F6-A8O4-01,
TCGA-FG-5962-01,
TCGA-FG-5963-01,
TCGA-FG-5964-01,
TCGA-FG-5965-01,
TCGA-FG-6688-01,
TCGA-FG-6689-01,
TCGA-FG-6690-01,
TCGA-FG-6691-01,
TCGA-FG-6692-01,
TCGA-FG-7634-01,
TCGA-FG-7636-01,
TCGA-FG-7637-01,
TCGA-FG-7638-01,
TCGA-FG-7641-01,
TCGA-FG-7643-01,
TCGA-FG-8181-01,
TCGA-FG-8182-01,
TCGA-FG-8185-01,
TCGA-FG-8186-01,
TCGA-FG-8187-01,
TCGA-FG-8188-01,
TCGA-FG-8189-01,
TCGA-FG-8191-01,
TCGA-FG-A4MT-01,
TCGA-FG-A4MU-01,
TCGA-FG-A4MW-01,
TCGA-FG-A4MX-01,
TCGA-FG-A4MY-01,
TCGA-FG-A60J-01,
TCGA-FG-A60K-01,
TCGA-FG-A60L-01,
TCGA-FG-A6IZ-01,
TCGA-FG-A6J1-01,
TCGA-FG-A6J3-01,
TCGA-FG-A70Y-01,
TCGA-FG-A70Z-01,
TCGA-FG-A710-01,
TCGA-FG-A711-01,
TCGA-FG-A713-01,
TCGA-FG-A87N-01,
TCGA-FG-A87Q-01,
TCGA-FN-7833-01,
TCGA-HT-7467-01,
TCGA-HT-7468-01,
TCGA-HT-7469-01,
TCGA-HT-7470-01,
TCGA-HT-7471-01,
TCGA-HT-7472-01,
TCGA-HT-7473-01,
TCGA-HT-7474-01,
TCGA-HT-7475-01,
TCGA-HT-7476-01,
TCGA-HT-7477-01,
TCGA-HT-7478-01,
TCGA-HT-7479-01,
TCGA-HT-7480-01,
TCGA-HT-7481-01,
TCGA-HT-7482-01,
TCGA-HT-7483-01,
TCGA-HT-7485-01,
TCGA-HT-7601-01,
TCGA-HT-7602-01,
TCGA-HT-7603-01,
TCGA-HT-7604-01,
TCGA-HT-7605-01,
TCGA-HT-7606-01,
TCGA-HT-7607-01,
TCGA-HT-7608-01,
TCGA-HT-7609-01,
TCGA-HT-7610-01,
TCGA-HT-7611-01,
TCGA-HT-7616-01,
TCGA-HT-7620-01,
TCGA-HT-7676-01,
TCGA-HT-7677-01,
TCGA-HT-7680-01,
TCGA-HT-7681-01,
TCGA-HT-7684-01,
TCGA-HT-7686-01,
TCGA-HT-7687-01,
TCGA-HT-7688-01,
TCGA-HT-7689-01,
TCGA-HT-7690-01,
TCGA-HT-7691-01,
TCGA-HT-7692-01,
TCGA-HT-7693-01,
TCGA-HT-7694-01,
TCGA-HT-7695-01,
TCGA-HT-7854-01,
TCGA-HT-7855-01,
TCGA-HT-7856-01,
TCGA-HT-7857-01,
TCGA-HT-7858-01,
TCGA-HT-7860-01,
TCGA-HT-7873-01,
TCGA-HT-7874-01,
TCGA-HT-7875-01,
TCGA-HT-7877-01,
TCGA-HT-7879-01,
TCGA-HT-7880-01,
TCGA-HT-7881-01,
TCGA-HT-7882-01,
TCGA-HT-7884-01,
TCGA-HT-7902-01,
TCGA-HT-8010-01,
TCGA-HT-8011-01,
TCGA-HT-8012-01,
TCGA-HT-8013-01,
TCGA-HT-8015-01,
TCGA-HT-8018-01,
TCGA-HT-8019-01,
TCGA-HT-8104-01,
TCGA-HT-8105-01,
TCGA-HT-8106-01,
TCGA-HT-8107-01,
TCGA-HT-8108-01,
TCGA-HT-8109-01,
TCGA-HT-8110-01,
TCGA-HT-8111-01,
TCGA-HT-8113-01,
TCGA-HT-8114-01,
TCGA-HT-8558-01,
TCGA-HT-8563-01,
TCGA-HT-8564-01,
TCGA-HT-A4DS-01,
TCGA-HT-A4DV-01,
TCGA-HT-A5R5-01,
TCGA-HT-A5R7-01,
TCGA-HT-A5R9-01,
TCGA-HT-A5RA-01,
TCGA-HT-A5RB-01,
TCGA-HT-A5RC-01,
TCGA-HT-A614-01,
TCGA-HT-A615-01,
TCGA-HT-A616-01,
TCGA-HT-A617-01,
TCGA-HT-A618-01,
TCGA-HT-A61A-01,
TCGA-HT-A61B-01,
TCGA-HT-A61C-01,
TCGA-HT-A74H-01,
TCGA-HT-A74J-01,
TCGA-HT-A74K-01,
TCGA-HT-A74L-01,
TCGA-HT-A74O-01,
TCGA-HW-7486-01,
TCGA-HW-7487-01,
TCGA-HW-7489-01,
TCGA-HW-7490-01,
TCGA-HW-7491-01,
TCGA-HW-7493-01,
TCGA-HW-7495-01,
TCGA-HW-8319-01,
TCGA-HW-8320-01,
TCGA-HW-8321-01,
TCGA-HW-8322-01,
TCGA-HW-A5KJ-01,
TCGA-HW-A5KK-01,
TCGA-HW-A5KL-01,
TCGA-HW-A5KM-01,
TCGA-IK-7675-01,
TCGA-IK-8125-01,
TCGA-KT-A74X-01,
TCGA-KT-A7W1-01,
TCGA-P5-A5ET-01,
TCGA-P5-A5EU-01,
TCGA-P5-A5EV-01,
TCGA-P5-A5EW-01,
TCGA-P5-A5EX-01,
TCGA-P5-A5EY-01,
TCGA-P5-A5EZ-01,
TCGA-P5-A5F0-01,
TCGA-P5-A5F1-01,
TCGA-P5-A5F2-01,
TCGA-P5-A5F4-01,
TCGA-P5-A5F6-01,
TCGA-P5-A72U-01,
TCGA-P5-A72W-01,
TCGA-P5-A72X-01,
TCGA-P5-A72Z-01,
TCGA-P5-A730-01,
TCGA-P5-A731-01,
TCGA-P5-A733-01,
TCGA-P5-A735-01,
TCGA-P5-A736-01,
TCGA-P5-A737-01,
TCGA-P5-A77W-01,
TCGA-P5-A77X-01,
TCGA-P5-A780-01,
TCGA-P5-A781-01,
TCGA-QH-A65R-01,
TCGA-QH-A65S-01,
TCGA-QH-A65V-01,
TCGA-QH-A65X-01,
TCGA-QH-A65Z-01,
TCGA-QH-A6CS-01,
TCGA-QH-A6CU-01,
TCGA-QH-A6CV-01,
TCGA-QH-A6CW-01,
TCGA-QH-A6CX-01,
TCGA-QH-A6CY-01,
TCGA-QH-A6CZ-01,
TCGA-QH-A6X3-01,
TCGA-QH-A6X4-01,
TCGA-QH-A6X5-01,
TCGA-QH-A6X8-01,
TCGA-QH-A6X9-01,
TCGA-QH-A6XA-01,
TCGA-QH-A6XC-01,
TCGA-QH-A86X-01,
TCGA-QH-A870-01,
TCGA-R8-A6MK-01,
TCGA-R8-A6ML-01,
TCGA-R8-A6MO-01,
TCGA-R8-A6YH-01,
TCGA-RY-A83X-01,
TCGA-RY-A83Y-01,
TCGA-RY-A83Z-01,
TCGA-RY-A840-01,
TCGA-RY-A843-01,
TCGA-RY-A845-01,
TCGA-RY-A847-01,
TCGA-S9-A6TS-01,
TCGA-S9-A6TU-01,
TCGA-S9-A6TV-01,
TCGA-S9-A6TW-01,
TCGA-S9-A6TX-01,
TCGA-S9-A6TY-01,
TCGA-S9-A6TZ-01,
TCGA-S9-A6U0-01,
TCGA-S9-A6U1-01,
TCGA-S9-A6U2-01,
TCGA-S9-A6U5-01,
TCGA-S9-A6U6-01,
TCGA-S9-A6U8-01,
TCGA-S9-A6U9-01,
TCGA-S9-A6UA-01,
TCGA-S9-A6UB-01,
TCGA-S9-A6WD-01,
TCGA-S9-A6WE-01,
TCGA-S9-A6WG-01,
TCGA-S9-A6WH-01,
TCGA-S9-A6WI-01,
TCGA-S9-A6WL-01,
TCGA-S9-A6WM-01,
TCGA-S9-A6WN-01,
TCGA-S9-A6WO-01,
TCGA-S9-A6WP-01,
TCGA-S9-A6WQ-01,
TCGA-S9-A7IQ-01,
TCGA-S9-A7IS-01,
TCGA-S9-A7IX-01,
TCGA-S9-A7IY-01,
TCGA-S9-A7IZ-01,
TCGA-S9-A7J0-01,
TCGA-S9-A7J1-01,
TCGA-S9-A7J2-01,
TCGA-S9-A7J3-01,
TCGA-S9-A7QW-01,
TCGA-S9-A7QX-01,
TCGA-S9-A7QY-01,
TCGA-S9-A7QZ-01,
TCGA-S9-A7R1-01,
TCGA-S9-A7R2-01,
TCGA-S9-A7R3-01,
TCGA-S9-A7R4-01,
TCGA-S9-A7R7-01,
TCGA-S9-A7R8-01,
TCGA-S9-A89V-01,
TCGA-S9-A89Z-01,
TCGA-TM-A7C3-01,
TCGA-TM-A7C4-01,
TCGA-TM-A7C5-01,
TCGA-TM-A7CA-01,
TCGA-TM-A7CF-01,
TCGA-TM-A84B-01,
TCGA-TM-A84C-01,
TCGA-TM-A84F-01,
TCGA-TM-A84G-01,
TCGA-TM-A84H-01,
TCGA-TM-A84I-01,
TCGA-TM-A84J-01,
TCGA-TM-A84L-01,
TCGA-TM-A84M-01,
TCGA-TM-A84O-01,
TCGA-TM-A84Q-01,
TCGA-TM-A84R-01,
TCGA-TM-A84S-01,
TCGA-TM-A84T-01,
TCGA-TQ-A7RF-01,
TCGA-TQ-A7RG-01,
TCGA-TQ-A7RH-01,
TCGA-TQ-A7RI-01,
TCGA-TQ-A7RJ-01,
TCGA-TQ-A7RK-01,
TCGA-TQ-A7RM-01,
TCGA-TQ-A7RN-01,
TCGA-TQ-A7RO-01,
TCGA-TQ-A7RP-01,
TCGA-TQ-A7RQ-01,
TCGA-TQ-A7RR-01,
TCGA-TQ-A7RS-01,
TCGA-TQ-A7RU-01,
TCGA-TQ-A7RV-01,
TCGA-TQ-A7RW-01,
TCGA-TQ-A8XE-01,
TCGA-VM-A8C8-01,
TCGA-VM-A8C9-01,
TCGA-VM-A8CA-01,
TCGA-VM-A8CB-01,
TCGA-VM-A8CD-01,
TCGA-VM-A8CE-01,
TCGA-VM-A8CF-01,
TCGA-VM-A8CH-01,
TCGA-VV-A829-01,
TCGA-VV-A86M-01,
TCGA-VW-A7QS-01,
TCGA-VW-A8FI-01,
TCGA-W9-A837-01,
TCGA-WH-A86K-01,
TCGA-WY-A858-01,
TCGA-WY-A859-01,
TCGA-WY-A85A-01,
TCGA-WY-A85B-01,
TCGA-WY-A85C-01,
TCGA-WY-A85D-01,
TCGA-WY-A85E-01,
TCGA-2V-A95S-01,1.82
TCGA-2Y-A9GS-01,1.3953
TCGA-2Y-A9GT-01,1.6575
TCGA-2Y-A9GU-01,-1.1404
TCGA-2Y-A9GV-01,-0.6523
TCGA-2Y-A9GW-01,0.9114
TCGA-2Y-A9GX-01,0.4013
TCGA-2Y-A9GY-01,-0.4337
TCGA-2Y-A9GZ-01,0.9907
TCGA-2Y-A9H0-01,2.0892
TCGA-2Y-A9H1-01,-3.4591
TCGA-2Y-A9H2-01,0.7504
TCGA-2Y-A9H3-01,-3.4103
TCGA-2Y-A9H4-01,1.3675
TCGA-2Y-A9H5-01,-0.1692
TCGA-2Y-A9H6-01,-0.9911
TCGA-2Y-A9H7-01,-0.8339
TCGA-2Y-A9H8-01,-0.7403
TCGA-2Y-A9H9-01,-0.826
TCGA-2Y-A9HA-01,0.0854
TCGA-2Y-A9HB-01,0.9631
TCGA-3K-AAZ8-01,-1.9963
TCGA-4R-AA8I-01,0.9157
TCGA-5C-A9VG-01,-0.9662
TCGA-5C-A9VH-01,-1.2162
TCGA-5C-AAPD-01,-0.1847
TCGA-5R-AA1C-01,2.3176
TCGA-5R-AA1D-01,0.8399
TCGA-5R-AAAM-01,-0.5004
TCGA-BC-4072-01,0.7106
TCGA-BC-4073-01,2.0634
TCGA-BC-A10Q-01,0.0375
TCGA-BC-A10R-01,1.2232
TCGA-BC-A10S-01,-1.0169
TCGA-BC-A10T-01,0.4043
TCGA-BC-A10U-01,4.0252
TCGA-BC-A10W-01,0.8228
TCGA-BC-A10X-01,0.8786
TCGA-BC-A10Y-01,1.3958
TCGA-BC-A10Z-01,1.9195
TCGA-BC-A110-01,-1.4669
TCGA-BC-A112-01,1.1834
TCGA-BC-A216-01,2.0416
TCGA-BC-A217-01,1.2086
TCGA-BC-A3KF-01,-0.0244
TCGA-BC-A3KG-01,3.054
TCGA-BC-A5W4-01,-2.0623
TCGA-BC-A69H-01,-4.9445
TCGA-BC-A69I-01,-0.1204
TCGA-BC-A8YO-01,2.9326
TCGA-BD-A2L6-01,-0.6703
TCGA-BD-A3EP-01,1.0173
TCGA-BW-A5NO-01,1.6875
TCGA-BW-A5NP-01,0.8664
TCGA-BW-A5NQ-01,0.018
TCGA-CC-5258-01,6.8918
TCGA-CC-5259-01,-1.5884
TCGA-CC-5260-01,1.4662
TCGA-CC-5261-01,2.8431
TCGA-CC-5262-01,-1.7622
TCGA-CC-5263-01,2.5037
TCGA-CC-5264-01,5.1366
TCGA-CC-A123-01,-3.9457
TCGA-CC-A1HT-01,1.1258
TCGA-CC-A3M9-01,0.6735
TCGA-CC-A3MA-01,1.0929
TCGA-CC-A3MB-01,1.417
TCGA-CC-A3MC-01,-1.7937
TCGA-CC-A5UC-01,-2.841
TCGA-CC-A5UD-01,-2.0734
TCGA-CC-A5UE-01,2.7959
TCGA-CC-A7IE-01,0.9999
TCGA-CC-A7IF-01,-0.0757
TCGA-CC-A7IG-01,-1.025
TCGA-CC-A7IH-01,3.1097
TCGA-CC-A7II-01,-1.9095
TCGA-CC-A7IJ-01,0.3793
TCGA-CC-A7IK-01,0.7885
TCGA-CC-A7IL-01,-2.1756
TCGA-CC-A8HT-01,-1.9564
TCGA-CC-A8HU-01,1.1882
TCGA-CC-A8HV-01,-0.5151
TCGA-CC-A9FS-01,2.5898
TCGA-CC-A9FU-01,-1.1274
TCGA-CC-A9FV-01,-0.3779
TCGA-CC-A9FW-01,0.0973
TCGA-DD-A113-01,0.8099
TCGA-DD-A114-01,3.8447
TCGA-DD-A115-01,0.0798
TCGA-DD-A116-01,-1.1985
TCGA-DD-A118-01,0.4039
TCGA-DD-A119-01,-1.4233
TCGA-DD-A11A-01,2.0595
TCGA-DD-A11B-01,1.106
TCGA-DD-A11C-01,1.2338
TCGA-DD-A11D-01,-0.7817
TCGA-DD-A1E9-01,
TCGA-DD-A1EA-01,3.2227
TCGA-DD-A1EB-01,1.312
TCGA-DD-A1EC-01,-0.2108
TCGA-DD-A1ED-01,0.7156
TCGA-DD-A1EE-01,1.9993
TCGA-DD-A1EF-01,-0.2185
TCGA-DD-A1EG-01,-1.3973
TCGA-DD-A1EH-01,1.6228
TCGA-DD-A1EI-01,0.1778
TCGA-DD-A1EJ-01,0.0854
TCGA-DD-A1EK-01,-0.2743
TCGA-DD-A1EL-01,1.0426
TCGA-DD-A39V-01,-0.6315
TCGA-DD-A39W-01,1.1473
TCGA-DD-A39X-01,-2.7283
TCGA-DD-A39Y-01,-2.9722
TCGA-DD-A39Z-01,-2.3454
TCGA-DD-A3A0-01,
TCGA-DD-A3A1-01,-4.3427
TCGA-DD-A3A2-01,-0.756
TCGA-DD-A3A3-01,-2.8303
TCGA-DD-A3A4-01,1.3172
TCGA-DD-A3A5-01,-1.6892
TCGA-DD-A3A6-01,-2.2648
TCGA-DD-A3A7-01,-3.0031
TCGA-DD-A3A8-01,-1.1962
TCGA-DD-A3A9-01,-3.1687
TCGA-DD-A4NA-01,1.4223
TCGA-DD-A4NB-01,0.2807
TCGA-DD-A4ND-01,0.3563
TCGA-DD-A4NE-01,2.2188
TCGA-DD-A4NF-01,3.6947
TCGA-DD-A4NG-01,1.2968
TCGA-DD-A4NH-01,-1.1001
TCGA-DD-A4NI-01,0.1848
TCGA-DD-A4NJ-01,1.3199
TCGA-DD-A4NK-01,-0.9875
TCGA-DD-A4NL-01,-0.7778
TCGA-DD-A4NN-01,-1.7318
TCGA-DD-A4NO-01,0.7854
TCGA-DD-A4NP-01,-0.7429
TCGA-DD-A4NQ-01,-2.0992
TCGA-DD-A4NR-01,-1.958
TCGA-DD-A4NS-01,0.5342
TCGA-DD-A4NV-01,1.3076
TCGA-DD-A73A-01,-0.6542
TCGA-DD-A73B-01,1.2335
TCGA-DD-A73C-01,1.7036
TCGA-DD-A73D-01,-0.3037
TCGA-DD-A73E-01,0.3024
TCGA-DD-A73F-01,-0.4273
TCGA-DD-A73G-01,-5.3761
TCGA-DD-AA3A-01,0.6854
TCGA-DD-AAC8-01,1.4267
TCGA-DD-AAC9-01,-3.0028
TCGA-DD-AACA-01,1.4781
TCGA-DD-AACB-01,-0.2589
TCGA-DD-AACC-01,-1.7038
TCGA-DD-AACD-01,-0.6171
TCGA-DD-AACE-01,-1.2925
TCGA-DD-AACF-01,1.386
TCGA-DD-AACG-01,-1.405
TCGA-DD-AACH-01,0.456
TCGA-DD-AACI-01,0.8162
TCGA-DD-AACJ-01,-3.0684
TCGA-DD-AACK-01,-0.2377
TCGA-DD-AACL-01,-2.4006
TCGA-DD-AACM-01,
TCGA-DD-AACN-01,0.3592
TCGA-DD-AACO-01,-2.0932
TCGA-DD-AACP-01,-0.2985
TCGA-DD-AACQ-01,-1.5454
TCGA-DD-AACS-01,2.6105
TCGA-DD-AACT-01,-2.3844
TCGA-DD-AACU-01,0.4971
TCGA-DD-AACV-01,1.4295
TCGA-DD-AACW-01,-0.8452
TCGA-DD-AACX-01,0.4468
TCGA-DD-AACY-01,-1.2486
TCGA-DD-AACZ-01,1.2022
TCGA-DD-AAD0-01,-1.4661
TCGA-DD-AAD1-01,0.6182
TCGA-DD-AAD2-01,-1.5206
TCGA-DD-AAD3-01,0.1703
TCGA-DD-AAD5-01,-3.9473
TCGA-DD-AAD6-01,-0.3752
TCGA-DD-AAD8-01,1.0779
TCGA-DD-AADA-01,0.4785
TCGA-DD-AADB-01,-0.6329
TCGA-DD-AADC-01,0.5679
TCGA-DD-AADD-01,0.3694
TCGA-DD-AADE-01,
TCGA-DD-AADF-01,-1.2451
TCGA-DD-AADG-01,-0.5161
TCGA-DD-AADI-01,-0.5714
TCGA-DD-AADJ-01,-2.7372
TCGA-DD-AADK-01,-2.623
TCGA-DD-AADL-01,-0.1529
TCGA-DD-AADM-01,-3.3621
TCGA-DD-AADN-01,-4.5908
TCGA-DD-AADO-01,-3.4002
TCGA-DD-AADP-01,1.6238
TCGA-DD-AADQ-01,-1.3713
TCGA-DD-AADR-01,-0.6972
TCGA-DD-AADS-01,-3.9277
TCGA-DD-AADU-01,-2.4441
TCGA-DD-AADV-01,1.9509
TCGA-DD-AADW-01,1.4402
TCGA-DD-AADY-01,3.4918
TCGA-DD-AAE0-01,-3.125
TCGA-DD-AAE1-01,-1.1523
TCGA-DD-AAE2-01,0.2633
TCGA-DD-AAE3-01,-2.0737
TCGA-DD-AAE4-01,-1.341
TCGA-DD-AAE6-01,-2.208
TCGA-DD-AAE7-01,-1.9095
TCGA-DD-AAE8-01,
TCGA-DD-AAE9-01,0.4168
TCGA-DD-AAEA-01,-2.8031
TCGA-DD-AAEB-01,-1.0031
TCGA-DD-AAED-01,1.62
TCGA-DD-AAEE-01,0.2366
TCGA-DD-AAEG-01,-1.2784
TCGA-DD-AAEH-01,1.4018
TCGA-DD-AAEI-01,-1.2355
TCGA-DD-AAEK-01,-0.6447
TCGA-DD-AAVP-01,1.1152
TCGA-DD-AAVQ-01,-0.6382
TCGA-DD-AAVR-01,-0.39
TCGA-DD-AAVS-01,0.5498
TCGA-DD-AAVU-01,-1.8109
TCGA-DD-AAVV-01,1.0426
TCGA-DD-AAVW-01,1.3666
TCGA-DD-AAVX-01,-0.85
TCGA-DD-AAVY-01,2.2765
TCGA-DD-AAVZ-01,0.936
TCGA-DD-AAW0-01,-0.0186
TCGA-DD-AAW1-01,4.3607
TCGA-DD-AAW2-01,2.4842
TCGA-DD-AAW3-01,-1.1266
TCGA-ED-A459-01,2.6653
TCGA-ED-A4XI-01,0.1027
TCGA-ED-A5KG-01,2.5287
TCGA-ED-A627-01,0.2638
TCGA-ED-A66X-01,-0.0597
TCGA-ED-A66Y-01,1.1543
TCGA-ED-A7PX-01,0.4423
TCGA-ED-A7PY-01,-0.0461
TCGA-ED-A7PZ-01,-1.7464
TCGA-ED-A7XO-01,-0.9942
TCGA-ED-A7XP-01,2.4772
TCGA-ED-A82E-01,1.0118
TCGA-ED-A8O5-01,1.5384
TCGA-ED-A8O6-01,-0.4054
TCGA-ED-A97K-01,-0.713
TCGA-EP-A12J-01,2.7086
TCGA-EP-A26S-01,0.764
TCGA-EP-A2KA-01,-2.222
TCGA-EP-A2KB-01,-1.2216
TCGA-EP-A2KC-01,0.3746
TCGA-EP-A3JL-01,-1.1137
TCGA-EP-A3RK-01,-0.1151
TCGA-ES-A2HS-01,-1.7374
TCGA-ES-A2HT-01,-2.9642
TCGA-FV-A23B-01,0.4559
TCGA-FV-A2QQ-01,-1.7333
TCGA-FV-A2QR-01,0.808
TCGA-FV-A3I0-01,2.015
TCGA-FV-A3I1-01,-0.4297
TCGA-FV-A3R2-01,-0.2157
TCGA-FV-A3R3-01,0.6023
TCGA-FV-A495-01,-3.1421
TCGA-FV-A496-01,-0.0554
TCGA-FV-A4ZP-01,-9.0188
TCGA-FV-A4ZQ-01,0.3082
TCGA-G3-A25S-01,-1.5495
TCGA-G3-A25T-01,-0.3592
TCGA-G3-A25U-01,1.5867
TCGA-G3-A25V-01,-1.5351
TCGA-G3-A25W-01,
TCGA-G3-A25X-01,-2.155
TCGA-G3-A25Y-01,0.0651
TCGA-G3-A25Z-01,-2.0893
TCGA-G3-A3CH-01,0.9841
TCGA-G3-A3CI-01,-0.2646
TCGA-G3-A3CJ-01,-2.6464
TCGA-G3-A3CK-01,0.1379
TCGA-G3-A5SI-01,2.8194
TCGA-G3-A5SJ-01,-0.2433
TCGA-G3-A5SK-01,1.8866
TCGA-G3-A5SL-01,-0.1542
TCGA-G3-A5SM-01,0.3343
TCGA-G3-A6UC-01,2.7024
TCGA-G3-A7M5-01,-2.1263
TCGA-G3-A7M6-01,0.8656
TCGA-G3-A7M7-01,-3.2603
TCGA-G3-A7M8-01,-2.0221
TCGA-G3-A7M9-01,0.6993
TCGA-G3-AAUZ-01,-2.2939
TCGA-G3-AAV0-01,-1.0485
TCGA-G3-AAV1-01,1.7649
TCGA-G3-AAV2-01,0.8939
TCGA-G3-AAV3-01,2.0205
TCGA-G3-AAV4-01,0.917
TCGA-G3-AAV5-01,-2.2144
TCGA-G3-AAV6-01,0.7485
TCGA-G3-AAV7-01,1.741
TCGA-GJ-A3OU-01,-0.5618
TCGA-GJ-A6C0-01,1.7735
TCGA-GJ-A9DB-01,0.436
TCGA-HP-A5MZ-01,0.4587
TCGA-HP-A5N0-01,1.545
TCGA-K7-A5RF-01,-0.7849
TCGA-K7-A5RG-01,1.4112
TCGA-K7-A6G5-01,0.2799
TCGA-K7-AAU7-01,0.5684
TCGA-KR-A7K0-01,-0.5444
TCGA-KR-A7K2-01,-0.683
TCGA-KR-A7K7-01,-1.0236
TCGA-KR-A7K8-01,-2.9599
TCGA-LG-A6GG-01,-0.5009
TCGA-LG-A9QC-01,0.6113
TCGA-LG-A9QD-01,-1.9241
TCGA-MI-A75C-01,-2.7125
TCGA-MI-A75E-01,-0.1944
TCGA-MI-A75G-01,0.9596
TCGA-MI-A75H-01,-1.3865
TCGA-MI-A75I-01,-0.8934
TCGA-MR-A520-01,-0.0817
TCGA-MR-A8JO-01,-0.1291
TCGA-NI-A4U2-01,0.0655
TCGA-NI-A8LF-01,0.8938
TCGA-O8-A75V-01,-2.9338
TCGA-PD-A5DF-01,-0.8423
TCGA-QA-A7B7-01,0.7519
TCGA-RC-A6M3-01,-1.5928
TCGA-RC-A6M4-01,-0.5845
TCGA-RC-A6M5-01,-0.7366
TCGA-RC-A6M6-01,-0.9196
TCGA-RC-A7S9-01,-0.9611
TCGA-RC-A7SB-01,-1.0017
TCGA-RC-A7SF-01,-0.3292
TCGA-RC-A7SH-01,-2.4822
TCGA-RC-A7SK-01,-2.4426
TCGA-RG-A7D4-01,1.132
TCGA-UB-A7MA-01,0.3058
TCGA-UB-A7MB-01,1.715
TCGA-UB-A7MC-01,3.1427
TCGA-UB-A7MD-01,-0.9932
TCGA-UB-A7ME-01,0.1116
TCGA-UB-A7MF-01,-1.3905
TCGA-UB-AA0U-01,-0.3979
TCGA-UB-AA0V-01,0.6285
TCGA-WJ-A86L-01,1.8321
TCGA-WQ-A9G7-01,-3.2966
TCGA-WQ-AB4B-01,-1.8669
TCGA-WX-AA44-01,-0.0068
TCGA-WX-AA46-01,0.6678
TCGA-WX-AA47-01,-1.6002
TCGA-XR-A8TD-01,0.7008
TCGA-XR-A8TE-01,0.5031
TCGA-XR-A8TF-01,1.4026
TCGA-XR-A8TG-01,1.8484
TCGA-YA-A8S7-01,0.4812
TCGA-ZP-A9CV-01,1.1708
TCGA-ZP-A9CY-01,-0.4428
TCGA-ZP-A9CZ-01,0.1642
TCGA-ZP-A9D0-01,0.8891
TCGA-ZP-A9D1-01,0.6668
TCGA-ZP-A9D2-01,0.1553
TCGA-ZP-A9D4-01,-0.3957
TCGA-ZS-A9CD-01,0.5391
TCGA-ZS-A9CE-01,-1.0222
TCGA-ZS-A9CF-01,1.686
TCGA-ZS-A9CG-01,2.7078
TCGA-05-4244-01,1.7682
TCGA-05-4249-01,0.4158
TCGA-05-4250-01,1.6506
TCGA-05-4382-01,-4.7841
TCGA-05-4384-01,-0.9459
TCGA-05-4389-01,-0.4117
TCGA-05-4390-01,-2.2517
TCGA-05-4395-01,-3.5443
TCGA-05-4396-01,2.7231
TCGA-05-4397-01,4.5643
TCGA-05-4398-01,-3.8307
TCGA-05-4402-01,0.3051
TCGA-05-4403-01,-1.2036
TCGA-05-4405-01,-0.1593
TCGA-05-4410-01,-1.2502
TCGA-05-4415-01,0.9018
TCGA-05-4417-01,0.1313
TCGA-05-4418-01,-1.7641
TCGA-05-4420-01,-0.4269
TCGA-05-4422-01,-0.6402
TCGA-05-4424-01,1.3942
TCGA-05-4425-01,-1.6373
TCGA-05-4426-01,3.3517
TCGA-05-4427-01,-0.0432
TCGA-05-4430-01,-1.9158
TCGA-05-4432-01,0.362
TCGA-05-4433-01,0.6021
TCGA-05-4434-01,2.4201
TCGA-05-5423-01,1.3791
TCGA-05-5425-01,-1.2757
TCGA-05-5428-01,0.6872
TCGA-05-5429-01,-0.8501
TCGA-05-5715-01,-1.6072
TCGA-17-Z000-01,
TCGA-17-Z001-01,
TCGA-17-Z002-01,
TCGA-17-Z003-01,
TCGA-17-Z004-01,
TCGA-17-Z005-01,
TCGA-17-Z007-01,
TCGA-17-Z009-01,
TCGA-17-Z010-01,
TCGA-17-Z011-01,
TCGA-17-Z013-01,
TCGA-17-Z014-01,
TCGA-17-Z015-01,
TCGA-17-Z016-01,
TCGA-17-Z017-01,
TCGA-17-Z018-01,
TCGA-17-Z019-01,
TCGA-17-Z020-01,
TCGA-17-Z021-01,
TCGA-17-Z022-01,
TCGA-17-Z023-01,
TCGA-17-Z025-01,
TCGA-17-Z026-01,
TCGA-17-Z027-01,
TCGA-17-Z028-01,
TCGA-17-Z030-01,
TCGA-17-Z031-01,
TCGA-17-Z032-01,
TCGA-17-Z033-01,
TCGA-17-Z036-01,
TCGA-17-Z037-01,
TCGA-17-Z041-01,
TCGA-17-Z042-01,
TCGA-17-Z043-01,
TCGA-17-Z044-01,
TCGA-17-Z045-01,
TCGA-17-Z047-01,
TCGA-17-Z048-01,
TCGA-17-Z049-01,
TCGA-17-Z050-01,
TCGA-17-Z051-01,
TCGA-17-Z052-01,
TCGA-17-Z053-01,
TCGA-17-Z054-01,
TCGA-17-Z055-01,
TCGA-17-Z056-01,
TCGA-17-Z057-01,
TCGA-17-Z058-01,
TCGA-17-Z059-01,
TCGA-17-Z060-01,
TCGA-17-Z061-01,
TCGA-17-Z062-01,
TCGA-35-3615-01,-1.8016
TCGA-35-4122-01,-1.8421
TCGA-35-4123-01,-2.0629
TCGA-35-5375-01,6.075
TCGA-38-4625-01,1.4115
TCGA-38-4626-01,-1.3067
TCGA-38-4627-01,1.441
TCGA-38-4628-01,-2.5252
TCGA-38-4631-01,-0.1006
TCGA-38-4632-01,-3.3678
TCGA-38-6178-01,0.053
TCGA-38-7271-01,0.992
TCGA-38-A44F-01,-2.4931
TCGA-44-2655-01,0.4283
TCGA-44-2656-01,0.549
TCGA-44-2657-01,-0.7124
TCGA-44-2659-01,2.1098
TCGA-44-2662-01,-1.7727
TCGA-44-2665-01,-1.3191
TCGA-44-2666-01,0.322
TCGA-44-2668-01,-0.1368
TCGA-44-3396-01,-2.5147
TCGA-44-3398-01,-0.7069
TCGA-44-3917-01,
TCGA-44-3918-01,0.1382
TCGA-44-3919-01,-0.5685
TCGA-44-4112-01,-0.3036
TCGA-44-5643-01,2.0823
TCGA-44-5644-01,0.7779
TCGA-44-5645-01,3.2774
TCGA-44-6144-01,
TCGA-44-6145-01,-0.1997
TCGA-44-6146-01,1.1081
TCGA-44-6148-01,1.0287
TCGA-44-6774-01,-1.7884
TCGA-44-6775-01,-0.1028
TCGA-44-6776-01,-2.7729
TCGA-44-6777-01,2.4612
TCGA-44-6778-01,2.2965
TCGA-44-6779-01,1.5548
TCGA-44-7659-01,-0.4367
TCGA-44-7660-01,0.4572
TCGA-44-7661-01,-1.0922
TCGA-44-7662-01,-2.0714
TCGA-44-7667-01,0.9024
TCGA-44-7669-01,2.8822
TCGA-44-7670-01,1.0548
TCGA-44-7671-01,-3.4114
TCGA-44-7672-01,-0.5966
TCGA-44-8117-01,1.4446
TCGA-44-8119-01,1.7049
TCGA-44-8120-01,-0.1692
TCGA-44-A479-01,0.5493
TCGA-44-A47A-01,-1.8357
TCGA-44-A47B-01,0.5303
TCGA-44-A47F-01,
TCGA-44-A47G-01,-2.9902
TCGA-44-A4SS-01,-1.183
TCGA-44-A4SU-01,1.9938
TCGA-49-4486-01,0.4783
TCGA-49-4487-01,0.1796
TCGA-49-4488-01,-2.5702
TCGA-49-4490-01,-2.4597
TCGA-49-4494-01,-1.9472
TCGA-49-4501-01,0.5228
TCGA-49-4505-01,-0.7124
TCGA-49-4506-01,-3.3554
TCGA-49-4507-01,-2.5935
TCGA-49-4510-01,0.6236
TCGA-49-4512-01,-1.1094
TCGA-49-4514-01,-2.2526
TCGA-49-6742-01,0.9057
TCGA-49-6743-01,2.9089
TCGA-49-6744-01,0.9925
TCGA-49-6745-01,0.2056
TCGA-49-6761-01,-1.0436
TCGA-49-6767-01,4.4959
TCGA-49-AAQV-01,2.0947
TCGA-49-AAR0-01,-3.1687
TCGA-49-AAR2-01,-3.3608
TCGA-49-AAR3-01,0.5561
TCGA-49-AAR4-01,-4.3575
TCGA-49-AAR9-01,-1.4364
TCGA-49-AARE-01,-2.6364
TCGA-49-AARN-01,-1.4502
TCGA-49-AARO-01,-2.9714
TCGA-49-AARQ-01,-2.8703
TCGA-49-AARR-01,-2.7549
TCGA-4B-A93V-01,-3.1535
TCGA-50-5044-01,-3.0079
TCGA-50-5045-01,0.344
TCGA-50-5049-01,-0.3775
TCGA-50-5051-01,-1.646
TCGA-50-5055-01,0.142
TCGA-50-5066-01,0.16
TCGA-50-5068-01,1.9401
TCGA-50-5072-01,-0.1062
TCGA-50-5930-01,-1.023
TCGA-50-5931-01,1.1898
TCGA-50-5932-01,1.4019
TCGA-50-5933-01,2.0216
TCGA-50-5935-01,2.4176
TCGA-50-5936-01,0.4482
TCGA-50-5939-01,0.5302
TCGA-50-5941-01,2.7574
TCGA-50-5942-01,3.2876
TCGA-50-5944-01,1.4353
TCGA-50-5946-01,0.1516
TCGA-50-6590-01,-2.7486
TCGA-50-6591-01,0.9886
TCGA-50-6592-01,0.9182
TCGA-50-6593-01,-1.437
TCGA-50-6594-01,-0.9846
TCGA-50-6595-01,-1.0579
TCGA-50-6597-01,-1.8753
TCGA-50-6673-01,0.6774
TCGA-50-7109-01,1.5697
TCGA-50-8457-01,1.9189
TCGA-50-8459-01,-1.3929
TCGA-50-8460-01,-1.2324
TCGA-53-7624-01,1.6539
TCGA-53-7626-01,2.1788
TCGA-53-7813-01,0.4601
TCGA-53-A4EZ-01,-1.4597
TCGA-55-1592-01,2.1481
TCGA-55-1594-01,1.7286
TCGA-55-1595-01,-2.4376
TCGA-55-1596-01,-1.2407
TCGA-55-5899-01,0.3563
TCGA-55-6543-01,1.0442
TCGA-55-6642-01,2.415
TCGA-55-6712-01,1.1253
TCGA-55-6968-01,0.8705
TCGA-55-6969-01,1.0518
TCGA-55-6970-01,-0.7494
TCGA-55-6971-01,0.8795
TCGA-55-6972-01,0.1372
TCGA-55-6975-01,0.6434
TCGA-55-6978-01,2.1045
TCGA-55-6979-01,-1.6671
TCGA-55-6980-01,0.3148
TCGA-55-6981-01,-3.2164
TCGA-55-6982-01,0.9474
TCGA-55-6983-01,0.9197
TCGA-55-6984-01,-1.7163
TCGA-55-6985-01,1.269
TCGA-55-6986-01,0.779
TCGA-55-6987-01,0.8438
TCGA-55-7227-01,-0.726
TCGA-55-7281-01,1.4866
TCGA-55-7283-01,0.3358
TCGA-55-7284-01,2.2012
TCGA-55-7570-01,1.305
TCGA-55-7573-01,1.9809
TCGA-55-7574-01,-0.9958
TCGA-55-7576-01,-1.4464
TCGA-55-7724-01,2.0959
TCGA-55-7725-01,2.9703
TCGA-55-7726-01,2.6007
TCGA-55-7727-01,2.6539
TCGA-55-7728-01,-4.0553
TCGA-55-7815-01,4.2122
TCGA-55-7816-01,0.3793
TCGA-55-7903-01,0.5109
TCGA-55-7907-01,-2.8534
TCGA-55-7910-01,0.116
TCGA-55-7911-01,-0.9988
TCGA-55-7913-01,0.9369
TCGA-55-7914-01,0.3701
TCGA-55-7994-01,3.4505
TCGA-55-7995-01,1.2156
TCGA-55-8085-01,-1.4331
TCGA-55-8087-01,0.5398
TCGA-55-8089-01,-0.3239
TCGA-55-8090-01,3.6708
TCGA-55-8091-01,0.5495
TCGA-55-8092-01,-0.7209
TCGA-55-8094-01,-0.0114
TCGA-55-8096-01,0.1288
TCGA-55-8097-01,-0.9669
TCGA-55-8203-01,3.2031
TCGA-55-8204-01,0.5696
TCGA-55-8205-01,0.1638
TCGA-55-8206-01,1.6898
TCGA-55-8207-01,1.7888
TCGA-55-8208-01,-1.5812
TCGA-55-8299-01,-2.7853
TCGA-55-8301-01,-0.3636
TCGA-55-8302-01,-3.4996
TCGA-55-8505-01,-2.2966
TCGA-55-8506-01,-3.6747
TCGA-55-8507-01,-1.0942
TCGA-55-8508-01,-2.3918
TCGA-55-8510-01,-2.9861
TCGA-55-8511-01,-0.4969
TCGA-55-8512-01,-1.3326
TCGA-55-8513-01,-2.2607
TCGA-55-8514-01,-2.692
TCGA-55-8614-01,-1.4057
TCGA-55-8615-01,-3.1223
TCGA-55-8616-01,-2.3126
TCGA-55-8619-01,0.5337
TCGA-55-8620-01,1.4314
TCGA-55-8621-01,-1.3519
TCGA-55-A48X-01,-2.026
TCGA-55-A48Y-01,0.2867
TCGA-55-A48Z-01,1.9521
TCGA-55-A490-01,0.0421
TCGA-55-A491-01,-5.7814
TCGA-55-A492-01,-4.9694
TCGA-55-A493-01,-0.1166
TCGA-55-A494-01,0.4925
TCGA-55-A4DF-01,1.3073
TCGA-55-A4DG-01,2.6074
TCGA-55-A57B-01,1.9087
TCGA-62-8394-01,0.1235
TCGA-62-8395-01,-1.7144
TCGA-62-8397-01,-1.6532
TCGA-62-8398-01,-1.1306
TCGA-62-8399-01,-0.8555
TCGA-62-8402-01,1.1865
TCGA-62-A46O-01,1.2678
TCGA-62-A46P-01,-4.6925
TCGA-62-A46R-01,0.7931
TCGA-62-A46S-01,-0.985
TCGA-62-A46U-01,-0.5774
TCGA-62-A46V-01,-1.2857
TCGA-62-A46Y-01,-1.1959
TCGA-62-A470-01,0.3078
TCGA-62-A471-01,-1.3191
TCGA-62-A472-01,1.3975
TCGA-64-1676-01,6.9239
TCGA-64-1677-01,0.3749
TCGA-64-1678-01,2.7373
TCGA-64-1679-01,0.8324
TCGA-64-1680-01,1.1413
TCGA-64-1681-01,2.7189
TCGA-64-5774-01,2.272
TCGA-64-5775-01,2.9818
TCGA-64-5778-01,-0.6992
TCGA-64-5779-01,2.348
TCGA-64-5781-01,-4.6095
TCGA-64-5815-01,2.2878
TCGA-67-3770-01,-0.3568
TCGA-67-3771-01,-1.999
TCGA-67-3772-01,5.2616
TCGA-67-3773-01,-1.325
TCGA-67-3774-01,-1.2632
TCGA-67-4679-01,3.4531
TCGA-67-6215-01,-1.7984
TCGA-67-6216-01,-0.5543
TCGA-67-6217-01,1.0279
TCGA-69-7760-01,3.4851
TCGA-69-7761-01,2.2271
TCGA-69-7763-01,-1.6401
TCGA-69-7764-01,1.618
TCGA-69-7765-01,1.5957
TCGA-69-7973-01,0.9923
TCGA-69-7974-01,-0.7891
TCGA-69-7978-01,0.3323
TCGA-69-7979-01,-4.1751
TCGA-69-7980-01,-0.3256
TCGA-69-8253-01,-4.6885
TCGA-69-8254-01,-0.1257
TCGA-69-8255-01,-2.4382
TCGA-69-8453-01,-1.9509
TCGA-69-A59K-01,1.326
TCGA-71-6725-01,-0.6687
TCGA-71-8520-01,-0.6348
TCGA-73-4658-01,-1.6843
TCGA-73-4659-01,-2.5625
TCGA-73-4662-01,1.739
TCGA-73-4666-01,1.3727
TCGA-73-4668-01,1.2156
TCGA-73-4670-01,0.4234
TCGA-73-4675-01,-2.5038
TCGA-73-4676-01,0.2813
TCGA-73-4677-01,-2.0733
TCGA-73-7498-01,-0.0528
TCGA-73-7499-01,0.4121
TCGA-73-A9RS-01,-3.2305
TCGA-75-5122-01,-1.258
TCGA-75-5125-01,2.4726
TCGA-75-5126-01,0.5039
TCGA-75-5146-01,0.263
TCGA-75-5147-01,1.5047
TCGA-75-6203-01,0.0979
TCGA-75-6205-01,0.5534
TCGA-75-6206-01,-3.0105
TCGA-75-6207-01,3.4364
TCGA-75-6211-01,1.7464
TCGA-75-6212-01,2.0338
TCGA-75-6214-01,-2.1626
TCGA-75-7025-01,2.2958
TCGA-75-7027-01,0.2948
TCGA-75-7030-01,-0.8971
TCGA-75-7031-01,-0.8119
TCGA-78-7143-01,0.886
TCGA-78-7145-01,1.8326
TCGA-78-7146-01,4.1085
TCGA-78-7147-01,-0.5158
TCGA-78-7148-01,1.4216
TCGA-78-7149-01,-3.5503
TCGA-78-7150-01,0.648
TCGA-78-7152-01,-0.8937
TCGA-78-7153-01,0.4568
TCGA-78-7154-01,4.4884
TCGA-78-7155-01,3.3827
TCGA-78-7156-01,-8.1085
TCGA-78-7158-01,1.8721
TCGA-78-7159-01,0.2594
TCGA-78-7160-01,0.336
TCGA-78-7161-01,2.1876
TCGA-78-7162-01,0.4806
TCGA-78-7163-01,1.9235
TCGA-78-7166-01,-2.8631
TCGA-78-7167-01,-1.6524
TCGA-78-7220-01,0.1784
TCGA-78-7535-01,-2.3157
TCGA-78-7536-01,1.0639
TCGA-78-7537-01,-0.7932
TCGA-78-7539-01,-0.7561
TCGA-78-7540-01,-1.5227
TCGA-78-7542-01,1.5616
TCGA-78-7633-01,0.6493
TCGA-78-8640-01,0.6516
TCGA-78-8648-01,-1.4339
TCGA-78-8655-01,1.6998
TCGA-78-8660-01,-1.6406
TCGA-78-8662-01,-4.7058
TCGA-80-5607-01,0.5883
TCGA-80-5608-01,-0.394
TCGA-80-5611-01,1.9328
TCGA-83-5908-01,0.5412
TCGA-86-6562-01,-0.3753
TCGA-86-6851-01,0.3344
TCGA-86-7701-01,2.9875
TCGA-86-7711-01,-0.6887
TCGA-86-7713-01,0.8639
TCGA-86-7714-01,2.77
TCGA-86-7953-01,2.8764
TCGA-86-7954-01,1.307
TCGA-86-7955-01,2.3542
TCGA-86-8054-01,3.2636
TCGA-86-8055-01,2.8491
TCGA-86-8056-01,1.0101
TCGA-86-8073-01,-1.0749
TCGA-86-8074-01,1.1028
TCGA-86-8075-01,0.5655
TCGA-86-8076-01,0.1362
TCGA-86-8278-01,0.6607
TCGA-86-8279-01,1.5246
TCGA-86-8280-01,0.4816
TCGA-86-8281-01,2.1717
TCGA-86-8358-01,3.3028
TCGA-86-8359-01,0.106
TCGA-86-8585-01,-1.8313
TCGA-86-8668-01,-0.1035
TCGA-86-8669-01,0.5754
TCGA-86-8671-01,-0.7659
TCGA-86-8672-01,-5.4742
TCGA-86-8673-01,-5.7953
TCGA-86-8674-01,-3.3942
TCGA-86-A456-01,-1.2142
TCGA-86-A4D0-01,-0.1119
TCGA-86-A4JF-01,0.2024
TCGA-86-A4P7-01,-0.8879
TCGA-86-A4P8-01,-0.1361
TCGA-91-6828-01,1.2733
TCGA-91-6829-01,0.0446
TCGA-91-6830-01,-2.7597
TCGA-91-6831-01,1.8856
TCGA-91-6835-01,2.4787
TCGA-91-6836-01,1.8253
TCGA-91-6840-01,2.49
TCGA-91-6847-01,0.7875
TCGA-91-6848-01,-0.7026
TCGA-91-6849-01,-2.522
TCGA-91-7771-01,3.0113
TCGA-91-8496-01,6.0629
TCGA-91-8497-01,-1.4235
TCGA-91-8499-01,3.8075
TCGA-91-A4BC-01,-2.2172
TCGA-91-A4BD-01,-4.1496
TCGA-93-7347-01,-1.4725
TCGA-93-7348-01,-1.3238
TCGA-93-8067-01,0.2554
TCGA-93-A4JN-01,-1.9119
TCGA-93-A4JO-01,-2.5244
TCGA-93-A4JP-01,0.1558
TCGA-93-A4JQ-01,-1.7374
TCGA-95-7039-01,-2.9502
TCGA-95-7043-01,-0.4744
TCGA-95-7562-01,1.3096
TCGA-95-7567-01,-2.6646
TCGA-95-7944-01,-5.3707
TCGA-95-7947-01,-0.5505
TCGA-95-7948-01,-0.0583
TCGA-95-8039-01,1.5111
TCGA-95-8494-01,0.6245
TCGA-95-A4VK-01,-2.0455
TCGA-95-A4VN-01,-1.3579
TCGA-95-A4VP-01,-3.2762
TCGA-97-7546-01,3.4408
TCGA-97-7547-01,-1.3416
TCGA-97-7552-01,1.8279
TCGA-97-7553-01,0.434
TCGA-97-7554-01,-0.0929
TCGA-97-7937-01,1.7341
TCGA-97-7938-01,0.921
TCGA-97-7941-01,-0.3701
TCGA-97-8171-01,0.1191
TCGA-97-8172-01,2.5829
TCGA-97-8174-01,-1.4171
TCGA-97-8175-01,-2.0722
TCGA-97-8176-01,-2.2484
TCGA-97-8177-01,-0.451
TCGA-97-8179-01,-0.0014
TCGA-97-8547-01,-3.1077
TCGA-97-8552-01,-1.2285
TCGA-97-A4LX-01,1.9739
TCGA-97-A4M0-01,0.669
TCGA-97-A4M1-01,-1.2693
TCGA-97-A4M2-01,-2.3238
TCGA-97-A4M3-01,-1.5068
TCGA-97-A4M5-01,-2.0631
TCGA-97-A4M6-01,1.5737
TCGA-97-A4M7-01,0.3796
TCGA-99-7458-01,2.9814
TCGA-99-8025-01,-1.7672
TCGA-99-8028-01,-3.0328
TCGA-99-8032-01,-1.6978
TCGA-99-8033-01,-4.7135
TCGA-99-AA5R-01,-1.0893
TCGA-J2-8192-01,3.8039
TCGA-J2-8194-01,-0.1241
TCGA-J2-A4AD-01,-2.5056
TCGA-J2-A4AE-01,-2.4526
TCGA-J2-A4AG-01,-1.5757
TCGA-L4-A4E5-01,-1.0089
TCGA-L4-A4E6-01,-2.2485
TCGA-L9-A443-01,-1.6265
TCGA-L9-A444-01,-2.5279
TCGA-L9-A50W-01,-1.2366
TCGA-L9-A5IP-01,-3.8631
TCGA-L9-A743-01,-2.6668
TCGA-L9-A7SV-01,-0.2001
TCGA-L9-A8F4-01,2.2227
TCGA-MN-A4N1-01,-6.1169
TCGA-MN-A4N4-01,-3.958
TCGA-MN-A4N5-01,1.7703
TCGA-MP-A4SV-01,0.6807
TCGA-MP-A4SW-01,-1.1268
TCGA-MP-A4SY-01,0.3365
TCGA-MP-A4T2-01,
TCGA-MP-A4T4-01,-1.0444
TCGA-MP-A4T6-01,-2.0239
TCGA-MP-A4T7-01,-4.5123
TCGA-MP-A4T8-01,-0.4546
TCGA-MP-A4T9-01,-0.8311
TCGA-MP-A4TA-01,-4.042
TCGA-MP-A4TC-01,-2.371
TCGA-MP-A4TD-01,-4.7405
TCGA-MP-A4TE-01,-1.9038
TCGA-MP-A4TF-01,-1.4982
TCGA-MP-A4TH-01,-1.1464
TCGA-MP-A4TI-01,-1.2091
TCGA-MP-A4TJ-01,-0.6527
TCGA-MP-A4TK-01,-1.5312
TCGA-MP-A5C7-01,1.3855
TCGA-NJ-A4YF-01,-3.0323
TCGA-NJ-A4YG-01,-2.9512
TCGA-NJ-A4YI-01,-1.7692
TCGA-NJ-A4YP-01,-1.9873
TCGA-NJ-A4YQ-01,-1.1403
TCGA-NJ-A55A-01,2.6342
TCGA-NJ-A55O-01,-1.6569
TCGA-NJ-A55R-01,-2.3216
TCGA-NJ-A7XG-01,0.3732
TCGA-O1-A52J-01,2.4503
TCGA-S2-AA1A-01,-1.55
TCGA-18-3406-01,1.7044
TCGA-18-3407-01,0.6505
TCGA-18-3408-01,4.0362
TCGA-18-3410-01,2.4893
TCGA-18-3411-01,0.2239
TCGA-18-3412-01,0.2672
TCGA-18-3414-01,-0.5471
TCGA-18-3415-01,0.7156
TCGA-18-3416-01,-0.4296
TCGA-18-3417-01,-1.0236
TCGA-18-3419-01,1.4365
TCGA-18-3421-01,1.5801
TCGA-18-4083-01,1.4765
TCGA-18-4086-01,0.3675
TCGA-18-4721-01,-0.3305
TCGA-18-5592-01,0.6722
TCGA-21-1071-01,0.4753
TCGA-21-1072-01,2.3765
TCGA-21-1075-01,2.1939
TCGA-21-1076-01,0.1684
TCGA-21-1079-01,0.895
TCGA-21-1080-01,0.4749
TCGA-21-1081-01,-4.1729
TCGA-21-1082-01,0.2693
TCGA-21-5782-01,-0.5465
TCGA-21-5783-01,2.1201
TCGA-21-5784-01,-2.5702
TCGA-21-5786-01,1.422
TCGA-21-5787-01,-1.7736
TCGA-22-0940-01,-0.3257
TCGA-22-0944-01,0.2646
TCGA-22-1000-01,-1.3285
TCGA-22-1002-01,0.1268
TCGA-22-1005-01,-1.1392
TCGA-22-1011-01,1.0337
TCGA-22-1012-01,-1.2295
TCGA-22-1016-01,-0.9702
TCGA-22-1017-01,0.5972
TCGA-22-4591-01,2.3004
TCGA-22-4593-01,3.0382
TCGA-22-4594-01,-0.3229
TCGA-22-4595-01,1.329
TCGA-22-4596-01,-1.1218
TCGA-22-4599-01,2.171
TCGA-22-4601-01,-0.2959
TCGA-22-4604-01,0.0705
TCGA-22-4605-01,0.1388
TCGA-22-4607-01,-0.1826
TCGA-22-4609-01,0.3999
TCGA-22-4613-01,0.5302
TCGA-22-5471-01,0.3606
TCGA-22-5472-01,0.5817
TCGA-22-5473-01,1.4963
TCGA-22-5474-01,-0.0874
TCGA-22-5477-01,5.4452
TCGA-22-5478-01,-0.8261
TCGA-22-5479-01,0.7062
TCGA-22-5480-01,4.1122
TCGA-22-5481-01,-2.6934
TCGA-22-5482-01,-0.6897
TCGA-22-5483-01,2.4016
TCGA-22-5485-01,-0.3801
TCGA-22-5489-01,0.2553
TCGA-22-5491-01,-0.187
TCGA-22-5492-01,0.7326
TCGA-22-A5C4-01,3.2714
TCGA-33-4532-01,1.9662
TCGA-33-4533-01,1.8367
TCGA-33-4538-01,2.4931
TCGA-33-4547-01,0.7917
TCGA-33-4566-01,1.9534
TCGA-33-4582-01,0.9771
TCGA-33-4583-01,1.1625
TCGA-33-4586-01,1.0145
TCGA-33-4587-01,1.733
TCGA-33-4589-01,1.0101
TCGA-33-6738-01,-0.9356
TCGA-33-A4WN-01,-0.5669
TCGA-33-A5GW-01,-0.5136
TCGA-33-AAS8-01,-1.5897
TCGA-33-AASB-01,-1.0819
TCGA-33-AASD-01,0.5925
TCGA-33-AASI-01,-0.3889
TCGA-33-AASJ-01,0.6179
TCGA-33-AASL-01,-1.0724
TCGA-34-2596-01,1.354
TCGA-34-2600-01,-1.043
TCGA-34-2604-01,
TCGA-34-2605-01,
TCGA-34-2608-01,0.1109
TCGA-34-2609-01,
TCGA-34-5231-01,2.4245
TCGA-34-5232-01,0.0075
TCGA-34-5234-01,-0.0167
TCGA-34-5236-01,-1.6343
TCGA-34-5239-01,0.1947
TCGA-34-5240-01,2.0511
TCGA-34-5241-01,0.9178
TCGA-34-5927-01,2.9475
TCGA-34-5928-01,0.1781
TCGA-34-5929-01,0.7689
TCGA-34-7107-01,4.0867
TCGA-34-8454-01,-0.7607
TCGA-34-8455-01,0.6733
TCGA-34-8456-01,2.3431
TCGA-34-A5IX-01,0.78
TCGA-37-3783-01,-0.0529
TCGA-37-3789-01,-0.0601
TCGA-37-3792-01,-6.2647
TCGA-37-4129-01,0.3476
TCGA-37-4130-01,3.188
TCGA-37-4132-01,1.5483
TCGA-37-4133-01,0.7315
TCGA-37-4135-01,0.9586
TCGA-37-4141-01,2.2498
TCGA-37-5819-01,1.2322
TCGA-37-A5EL-01,-1.3715
TCGA-37-A5EN-01,-0.138
TCGA-39-5011-01,0.9186
TCGA-39-5016-01,1.1971
TCGA-39-5019-01,-0.4979
TCGA-39-5021-01,0.8606
TCGA-39-5022-01,0.1334
TCGA-39-5024-01,-1.0411
TCGA-39-5027-01,1.0227
TCGA-39-5028-01,1.9002
TCGA-39-5029-01,0.3794
TCGA-39-5030-01,0.0684
TCGA-39-5031-01,-0.9411
TCGA-39-5034-01,0.8284
TCGA-39-5035-01,0.4997
TCGA-39-5036-01,1.2067
TCGA-39-5037-01,2.4239
TCGA-39-5039-01,-0.4103
TCGA-39-5040-01,-0.9811
TCGA-43-2576-01,-2.4381
TCGA-43-2578-01,0.3741
TCGA-43-2581-01,-0.9718
TCGA-43-3394-01,0.6787
TCGA-43-3920-01,1.1526
TCGA-43-5668-01,0.6465
TCGA-43-5670-01,1.1417
TCGA-43-6143-01,2.2077
TCGA-43-6647-01,-2.1128
TCGA-43-6770-01,3.1014
TCGA-43-6771-01,0.1708
TCGA-43-6773-01,-2.3511
TCGA-43-7656-01,1.2427
TCGA-43-7657-01,-2.6985
TCGA-43-7658-01,-3.857
TCGA-43-8115-01,0.3071
TCGA-43-8116-01,1.0654
TCGA-43-8118-01,-0.0108
TCGA-43-A474-01,1.2017
TCGA-43-A475-01,1.0652
TCGA-43-A56U-01,-1.8076
TCGA-43-A56V-01,-0.4086
TCGA-46-3765-01,0.7639
TCGA-46-3766-01,1.1933
TCGA-46-3767-01,0.5189
TCGA-46-3768-01,0.368
TCGA-46-3769-01,1.9287
TCGA-46-6025-01,-0.0432
TCGA-46-6026-01,1.4897
TCGA-51-4079-01,0.8408
TCGA-51-4080-01,2.5466
TCGA-51-4081-01,2.3336
TCGA-52-7622-01,0.8817
TCGA-52-7809-01,2.0511
TCGA-52-7810-01,-0.556
TCGA-52-7811-01,-1.2259
TCGA-52-7812-01,-0.5217
TCGA-56-1622-01,2.2467
TCGA-56-5897-01,0.9346
TCGA-56-5898-01,0.3896
TCGA-56-6545-01,1.5996
TCGA-56-6546-01,1.2508
TCGA-56-7221-01,1.4801
TCGA-56-7222-01,2.3024
TCGA-56-7223-01,4.3789
TCGA-56-7579-01,-0.5556
TCGA-56-7580-01,1.7459
TCGA-56-7582-01,2.5843
TCGA-56-7730-01,3.4781
TCGA-56-7731-01,-0.8559
TCGA-56-7822-01,0.6883
TCGA-56-7823-01,0.9581
TCGA-56-8082-01,2.5421
TCGA-56-8083-01,1.5206
TCGA-56-8201-01,0.5557
TCGA-56-8304-01,-0.5916
TCGA-56-8305-01,-0.0313
TCGA-56-8307-01,1.6085
TCGA-56-8308-01,-0.0162
TCGA-56-8309-01,-0.6002
TCGA-56-8503-01,-0.8431
TCGA-56-8504-01,0.916
TCGA-56-8622-01,-1.6022
TCGA-56-8623-01,-1.2004
TCGA-56-8624-01,0.2006
TCGA-56-8625-01,0.3423
TCGA-56-8626-01,-0.8823
TCGA-56-8628-01,0.1665
TCGA-56-8629-01,-0.7771
TCGA-56-A49D-01,0.7414
TCGA-56-A4BW-01,-0.7114
TCGA-56-A4BX-01,-1.2466
TCGA-56-A4BY-01,0.1583
TCGA-56-A4ZJ-01,-1.8035
TCGA-56-A4ZK-01,0.4659
TCGA-56-A5DR-01,-0.5184
TCGA-56-A5DS-01,-0.8422
TCGA-56-A62T-01,0.9013
TCGA-58-8386-01,0.6382
TCGA-58-8387-01,0.9092
TCGA-58-8388-01,0.3018
TCGA-58-8390-01,1.2739
TCGA-58-8391-01,1.0006
TCGA-58-8392-01,-0.0019
TCGA-58-8393-01,0.5921
TCGA-58-A46J-01,-0.6219
TCGA-58-A46K-01,-0.2701
TCGA-58-A46L-01,0.6856
TCGA-58-A46M-01,0.5967
TCGA-58-A46N-01,0.372
TCGA-60-2695-01,0.1342
TCGA-60-2697-01,0.4803
TCGA-60-2698-01,0.8508
TCGA-60-2703-01,2.6879
TCGA-60-2704-01,1.0252
TCGA-60-2706-01,1.1947
TCGA-60-2707-01,0.1265
TCGA-60-2708-01,0.9049
TCGA-60-2709-01,-0.0453
TCGA-60-2710-01,0.4052
TCGA-60-2711-01,2.9396
TCGA-60-2713-01,-0.2224
TCGA-60-2714-01,-1.8793
TCGA-60-2716-01,1.1074
TCGA-60-2719-01,-2.1644
TCGA-60-2720-01,-1.9245
TCGA-60-2721-01,0.6029
TCGA-60-2722-01,0.6705
TCGA-60-2723-01,1.4429
TCGA-60-2724-01,-1.3723
TCGA-60-2725-01,0.6941
TCGA-60-2726-01,-0.3756
TCGA-63-5128-01,3.1335
TCGA-63-5131-01,1.1621
TCGA-63-6202-01,-2.078
TCGA-63-7020-01,0.6993
TCGA-63-7021-01,-1.456
TCGA-63-7022-01,-0.5705
TCGA-63-7023-01,2.3308
TCGA-63-A5M9-01,0.4372
TCGA-63-A5MB-01,0.3972
TCGA-63-A5MG-01,0.2354
TCGA-63-A5MH-01,-0.6278
TCGA-63-A5MI-01,1.6498
TCGA-63-A5MJ-01,0.3751
TCGA-63-A5ML-01,-0.0831
TCGA-63-A5MM-01,-6.9884
TCGA-63-A5MN-01,-0.7861
TCGA-63-A5MP-01,2.9303
TCGA-63-A5MR-01,-2.4088
TCGA-63-A5MS-01,-0.3935
TCGA-63-A5MT-01,2.1177
TCGA-63-A5MU-01,3.0922
TCGA-63-A5MV-01,-2.2239
TCGA-63-A5MW-01,-1.4381
TCGA-63-A5MY-01,-0.0756
TCGA-66-2727-01,0.7963
TCGA-66-2734-01,0.4934
TCGA-66-2737-01,0.1239
TCGA-66-2742-01,0.8663
TCGA-66-2744-01,-0.1642
TCGA-66-2753-01,3.3341
TCGA-66-2754-01,1.4903
TCGA-66-2755-01,0.026
TCGA-66-2756-01,0.0829
TCGA-66-2757-01,0.569
TCGA-66-2758-01,0.7605
TCGA-66-2759-01,0.6589
TCGA-66-2763-01,2.1115
TCGA-66-2765-01,-1.3582
TCGA-66-2766-01,0.3062
TCGA-66-2767-01,-0.3251
TCGA-66-2768-01,0.4103
TCGA-66-2769-01,-0.6441
TCGA-66-2770-01,-0.1841
TCGA-66-2771-01,-0.1246
TCGA-66-2773-01,0.6719
TCGA-66-2777-01,-0.697
TCGA-66-2778-01,-0.7781
TCGA-66-2780-01,0.1928
TCGA-66-2781-01,0.4366
TCGA-66-2782-01,0.5232
TCGA-66-2783-01,0.3729
TCGA-66-2785-01,-0.9349
TCGA-66-2786-01,-1.7576
TCGA-66-2787-01,1.5109
TCGA-66-2788-01,0.7207
TCGA-66-2789-01,0.506
TCGA-66-2790-01,1.1315
TCGA-66-2791-01,-0.0666
TCGA-66-2792-01,1.708
TCGA-66-2793-01,1.8357
TCGA-66-2794-01,-0.1787
TCGA-66-2795-01,0.9628
TCGA-66-2800-01,0.1961
TCGA-68-7755-01,-0.1287
TCGA-68-7756-01,-5.757
TCGA-68-7757-01,-1.0075
TCGA-68-8250-01,0.8322
TCGA-68-8251-01,1.6489
TCGA-68-A59I-01,0.3235
TCGA-68-A59J-01,-0.6034
TCGA-6A-AB49-01,-0.282
TCGA-70-6722-01,-0.2987
TCGA-70-6723-01,3.208
TCGA-77-6842-01,1.8519
TCGA-77-6843-01,-0.1928
TCGA-77-6844-01,0.239
TCGA-77-6845-01,0.4902
TCGA-77-7138-01,2.7312
TCGA-77-7139-01,1.5266
TCGA-77-7140-01,1.861
TCGA-77-7141-01,2.6306
TCGA-77-7142-01,3.0656
TCGA-77-7335-01,-0.1378
TCGA-77-7337-01,1.7891
TCGA-77-7338-01,0.3977
TCGA-77-7463-01,1.735
TCGA-77-7465-01,1.7276
TCGA-77-8007-01,-1.5143
TCGA-77-8008-01,-0.9092
TCGA-77-8009-01,0.7875
TCGA-77-8128-01,0.0576
TCGA-77-8130-01,-2.6928
TCGA-77-8131-01,-1.7619
TCGA-77-8133-01,0.492
TCGA-77-8136-01,-0.2475
TCGA-77-8138-01,-0.0768
TCGA-77-8139-01,1.893
TCGA-77-8140-01,-0.6561
TCGA-77-8143-01,0.0253
TCGA-77-8144-01,-1.2371
TCGA-77-8145-01,-0.7239
TCGA-77-8148-01,0.5172
TCGA-77-8150-01,-0.2066
TCGA-77-8153-01,-1.0752
TCGA-77-8154-01,0.0655
TCGA-77-8156-01,-0.4304
TCGA-77-A5FZ-01,-0.6372
TCGA-77-A5G1-01,-0.4532
TCGA-77-A5G3-01,2.85
TCGA-77-A5G6-01,3.3687
TCGA-77-A5G7-01,0.0628
TCGA-77-A5G8-01,-0.4098
TCGA-77-A5GB-01,-1.4465
TCGA-77-A5GF-01,0.0748
TCGA-77-A5GH-01,0.6309
TCGA-79-5596-01,-0.1372
TCGA-85-6175-01,1.4577
TCGA-85-6560-01,3.8252
TCGA-85-6561-01,1.0537
TCGA-85-6798-01,-3.453
TCGA-85-7696-01,0.4893
TCGA-85-7697-01,0.4494
TCGA-85-7698-01,1.1788
TCGA-85-7699-01,1.3885
TCGA-85-7710-01,1.1931
TCGA-85-7843-01,2.1588
TCGA-85-7844-01,0.8276
TCGA-85-7950-01,2.3683
TCGA-85-8048-01,-0.6308
TCGA-85-8049-01,-0.9431
TCGA-85-8052-01,0.3256
TCGA-85-8070-01,0.5523
TCGA-85-8071-01,1.4639
TCGA-85-8072-01,-0.9298
TCGA-85-8276-01,-0.7469
TCGA-85-8277-01,-0.1568
TCGA-85-8287-01,1.1263
TCGA-85-8288-01,0.858
TCGA-85-8350-01,-1.0634
TCGA-85-8351-01,1.6645
TCGA-85-8352-01,2.3073
TCGA-85-8353-01,0.1439
TCGA-85-8354-01,1.079
TCGA-85-8355-01,1.0386
TCGA-85-8479-01,-1.3225
TCGA-85-8481-01,-1.6078
TCGA-85-8580-01,1.4311
TCGA-85-8582-01,-0.128
TCGA-85-8584-01,-0.945
TCGA-85-8664-01,0.1633
TCGA-85-8666-01,0.9548
TCGA-85-A4CL-01,-1.6941
TCGA-85-A4CN-01,-1.0933
TCGA-85-A4JB-01,1.3408
TCGA-85-A4JC-01,-2.4129
TCGA-85-A4PA-01,0.2588
TCGA-85-A4QQ-01,-0.5862
TCGA-85-A4QR-01,1.9271
TCGA-85-A50M-01,-0.1099
TCGA-85-A50Z-01,-0.9425
TCGA-85-A510-01,1.4168
TCGA-85-A511-01,-0.4788
TCGA-85-A512-01,-0.4162
TCGA-85-A513-01,-4.4474
TCGA-85-A53L-01,0.1096
TCGA-85-A5B5-01,0.1129
TCGA-90-6837-01,1.5877
TCGA-90-7766-01,0.9513
TCGA-90-7767-01,3.3183
TCGA-90-7769-01,0.2062
TCGA-90-7964-01,-0.0829
TCGA-90-A4ED-01,-0.3764
TCGA-90-A4EE-01,-0.0919
TCGA-90-A59Q-01,-0.9559
TCGA-92-7340-01,0.0544
TCGA-92-7341-01,0.061
TCGA-92-8063-01,-0.7926
TCGA-92-8064-01,0.7738
TCGA-92-8065-01,-0.2289
TCGA-94-7033-01,-2.8217
TCGA-94-7557-01,-0.2677
TCGA-94-7943-01,0.0531
TCGA-94-8035-01,0.9234
TCGA-94-8490-01,-0.1093
TCGA-94-8491-01,0.0238
TCGA-94-A4VJ-01,-3.7671
TCGA-94-A5I4-01,-1.1683
TCGA-94-A5I6-01,1.3907
TCGA-96-7544-01,2.0975
TCGA-96-7545-01,1.7598
TCGA-96-8169-01,-0.9584
TCGA-96-8170-01,-1.2163
TCGA-96-A4JL-01,-0.0378
TCGA-98-7454-01,1.0203
TCGA-98-8020-01,-1.7356
TCGA-98-8021-01,0.2983
TCGA-98-8022-01,-2.375
TCGA-98-8023-01,-0.1331
TCGA-98-A538-01,-1.6647
TCGA-98-A539-01,-0.046
TCGA-98-A53A-01,2.1954
TCGA-98-A53B-01,-0.4488
TCGA-98-A53C-01,-0.4685
TCGA-98-A53D-01,-1.9989
TCGA-98-A53H-01,-0.4902
TCGA-98-A53I-01,-0.4857
TCGA-98-A53J-01,-1.5099
TCGA-J1-A4AH-01,1.2413
TCGA-L3-A4E7-01,0.6114
TCGA-L3-A524-01,-0.3864
TCGA-LA-A446-01,3.0927
TCGA-LA-A7SW-01,-1.3219
TCGA-MF-A522-01,-1.1586
TCGA-NC-A5HD-01,0.6849
TCGA-NC-A5HE-01,-1.9479
TCGA-NC-A5HF-01,-0.9527
TCGA-NC-A5HG-01,0.0392
TCGA-NC-A5HH-01,0.1466
TCGA-NC-A5HI-01,0.7224
TCGA-NC-A5HJ-01,0.7525
TCGA-NC-A5HK-01,-0.7983
TCGA-NC-A5HL-01,0.1258
TCGA-NC-A5HM-01,-0.6162
TCGA-NC-A5HN-01,0.5384
TCGA-NC-A5HO-01,-1.6194
TCGA-NC-A5HP-01,-0.7103
TCGA-NC-A5HQ-01,0.1307
TCGA-NC-A5HR-01,0.3829
TCGA-NC-A5HT-01,-0.4703
TCGA-NK-A5CR-01,-0.7302
TCGA-NK-A5CT-01,-1.7676
TCGA-NK-A5CX-01,-0.7276
TCGA-NK-A7XE-01,-1.3255
TCGA-O2-A52N-01,-3.2527
TCGA-O2-A52Q-01,-2.1192
TCGA-O2-A52S-01,1.4265
TCGA-O2-A52V-01,0.35
TCGA-O2-A52W-01,0.8264
TCGA-O2-A5IB-01,2.4714
TCGA-XC-AA0X-01,-0.0312
TCGA-3H-AB3K-01,
TCGA-3H-AB3L-01,
TCGA-3H-AB3M-01,
TCGA-3H-AB3O-01,
TCGA-3H-AB3S-01,
TCGA-3H-AB3T-01,
TCGA-3H-AB3U-01,
TCGA-3H-AB3X-01,
TCGA-3U-A98D-01,
TCGA-3U-A98E-01,
TCGA-3U-A98F-01,
TCGA-3U-A98G-01,
TCGA-3U-A98H-01,
TCGA-3U-A98I-01,
TCGA-3U-A98J-01,
TCGA-LK-A4NW-01,
TCGA-LK-A4NY-01,
TCGA-LK-A4NZ-01,
TCGA-LK-A4O0-01,
TCGA-LK-A4O2-01,
TCGA-LK-A4O4-01,
TCGA-LK-A4O5-01,
TCGA-LK-A4O6-01,
TCGA-LK-A4O7-01,
TCGA-MQ-A4KX-01,
TCGA-MQ-A4LC-01,
TCGA-MQ-A4LI-01,
TCGA-MQ-A4LJ-01,
TCGA-MQ-A4LM-01,
TCGA-MQ-A4LP-01,
TCGA-MQ-A4LV-01,
TCGA-MQ-A6BL-01,
TCGA-MQ-A6BN-01,
TCGA-MQ-A6BQ-01,
TCGA-MQ-A6BR-01,
TCGA-MQ-A6BS-01,
TCGA-NQ-A57I-01,
TCGA-NQ-A638-01,
TCGA-SC-A6LM-01,
TCGA-SC-A6LN-01,
TCGA-SC-A6LP-01,
TCGA-SC-A6LQ-01,
TCGA-SC-A6LR-01,
TCGA-SC-AA5Z-01,
TCGA-SH-A7BC-01,
TCGA-SH-A7BD-01,
TCGA-SH-A7BH-01,
TCGA-SH-A9CT-01,
TCGA-SH-A9CU-01,
TCGA-TS-A7OU-01,
TCGA-TS-A7OY-01,
TCGA-TS-A7OZ-01,
TCGA-TS-A7P0-01,
TCGA-TS-A7P1-01,
TCGA-TS-A7P3-01,
TCGA-TS-A7P6-01,
TCGA-TS-A7P7-01,
TCGA-TS-A7P8-01,
TCGA-TS-A7PB-01,
TCGA-TS-A8AF-01,
TCGA-TS-A8AI-01,
TCGA-TS-A8AS-01,
TCGA-TS-A8AV-01,
TCGA-TS-A8AY-01,
TCGA-UD-AABY-01,
TCGA-UD-AABZ-01,
TCGA-UD-AAC1-01,
TCGA-UD-AAC4-01,
TCGA-UD-AAC5-01,
TCGA-UD-AAC6-01,
TCGA-UD-AAC7-01,
TCGA-UT-A88C-01,
TCGA-UT-A88D-01,
TCGA-UT-A88E-01,
TCGA-UT-A88G-01,
TCGA-UT-A97Y-01,
TCGA-XT-AASU-01,
TCGA-YS-A95B-01,
TCGA-YS-A95C-01,
TCGA-YS-AA4M-01,
TCGA-ZN-A9VO-01,
TCGA-ZN-A9VP-01,
TCGA-ZN-A9VQ-01,
TCGA-ZN-A9VS-01,
TCGA-ZN-A9VU-01,
TCGA-ZN-A9VV-01,
TCGA-ZN-A9VW-01,
TCGA-04-1331-01,
TCGA-04-1332-01,
TCGA-04-1335-01,
TCGA-04-1336-01,
TCGA-04-1337-01,
TCGA-04-1338-01,
TCGA-04-1341-01,
TCGA-04-1342-01,
TCGA-04-1343-01,
TCGA-04-1346-01,
TCGA-04-1347-01,
TCGA-04-1348-01,
TCGA-04-1349-01,
TCGA-04-1350-01,
TCGA-04-1351-01,
TCGA-04-1353-01,
TCGA-04-1356-01,
TCGA-04-1357-01,
TCGA-04-1360-01,
TCGA-04-1361-01,
TCGA-04-1362-01,
TCGA-04-1364-01,
TCGA-04-1365-01,
TCGA-04-1367-01,
TCGA-04-1369-01,
TCGA-04-1371-01,
TCGA-04-1514-01,
TCGA-04-1516-01,
TCGA-04-1517-01,
TCGA-04-1519-01,
TCGA-04-1525-01,
TCGA-04-1530-01,
TCGA-04-1536-01,
TCGA-04-1542-01,
TCGA-04-1638-01,
TCGA-04-1644-01,
TCGA-04-1646-01,
TCGA-04-1648-01,
TCGA-04-1649-01,
TCGA-04-1651-01,
TCGA-04-1652-01,
TCGA-04-1654-01,
TCGA-04-1655-01,
TCGA-09-0364-01,
TCGA-09-0365-01,
TCGA-09-0366-01,
TCGA-09-0367-01,
TCGA-09-0369-01,
TCGA-09-1659-01,
TCGA-09-1661-01,
TCGA-09-1662-01,
TCGA-09-1664-01,
TCGA-09-1665-01,
TCGA-09-1666-01,
TCGA-09-1667-01,
TCGA-09-1668-01,
TCGA-09-1669-01,
TCGA-09-1670-01,
TCGA-09-1672-01,
TCGA-09-1673-01,
TCGA-09-1674-01,
TCGA-09-1675-01,
TCGA-09-2043-01,
TCGA-09-2044-01,
TCGA-09-2045-01,
TCGA-09-2049-01,
TCGA-09-2050-01,
TCGA-09-2051-01,
TCGA-09-2053-01,
TCGA-09-2054-01,
TCGA-09-2055-01,
TCGA-10-0925-01,
TCGA-10-0926-01,
TCGA-10-0927-01,
TCGA-10-0928-01,
TCGA-10-0930-01,
TCGA-10-0931-01,
TCGA-10-0933-01,
TCGA-10-0934-01,
TCGA-10-0935-01,
TCGA-10-0936-01,
TCGA-10-0937-01,
TCGA-10-0938-01,
TCGA-13-0714-01,
TCGA-13-0717-01,
TCGA-13-0720-01,
TCGA-13-0723-01,
TCGA-13-0724-01,
TCGA-13-0725-01,
TCGA-13-0726-01,
TCGA-13-0727-01,
TCGA-13-0730-01,
TCGA-13-0751-01,
TCGA-13-0755-01,
TCGA-13-0757-01,
TCGA-13-0758-01,
TCGA-13-0760-01,
TCGA-13-0761-01,
TCGA-13-0762-01,
TCGA-13-0764-01,
TCGA-13-0765-01,
TCGA-13-0766-01,
TCGA-13-0768-01,
TCGA-13-0791-01,
TCGA-13-0792-01,
TCGA-13-0793-01,
TCGA-13-0794-01,
TCGA-13-0795-01,
TCGA-13-0797-01,
TCGA-13-0799-01,
TCGA-13-0800-01,
TCGA-13-0801-01,
TCGA-13-0802-01,
TCGA-13-0803-01,
TCGA-13-0804-01,
TCGA-13-0805-01,
TCGA-13-0807-01,
TCGA-13-0883-01,
TCGA-13-0884-01,
TCGA-13-0885-01,
TCGA-13-0886-01,
TCGA-13-0887-01,
TCGA-13-0888-01,
TCGA-13-0889-01,
TCGA-13-0890-01,
TCGA-13-0891-01,
TCGA-13-0893-01,
TCGA-13-0894-01,
TCGA-13-0897-01,
TCGA-13-0899-01,
TCGA-13-0900-01,
TCGA-13-0901-01,
TCGA-13-0903-01,
TCGA-13-0904-01,
TCGA-13-0905-01,
TCGA-13-0906-01,
TCGA-13-0908-01,
TCGA-13-0910-01,
TCGA-13-0911-01,
TCGA-13-0912-01,
TCGA-13-0913-01,
TCGA-13-0916-01,
TCGA-13-0919-01,
TCGA-13-0920-01,
TCGA-13-0921-01,
TCGA-13-0923-01,
TCGA-13-0924-01,
TCGA-13-1403-01,
TCGA-13-1404-01,
TCGA-13-1405-01,
TCGA-13-1407-01,
TCGA-13-1408-01,
TCGA-13-1409-01,
TCGA-13-1410-01,
TCGA-13-1411-01,
TCGA-13-1412-01,
TCGA-13-1477-01,
TCGA-13-1481-01,
TCGA-13-1482-01,
TCGA-13-1483-01,
TCGA-13-1484-01,
TCGA-13-1485-01,
TCGA-13-1487-01,
TCGA-13-1488-01,
TCGA-13-1489-01,
TCGA-13-1491-01,
TCGA-13-1492-01,
TCGA-13-1494-01,
TCGA-13-1495-01,
TCGA-13-1496-01,
TCGA-13-1497-01,
TCGA-13-1498-01,
TCGA-13-1499-01,
TCGA-13-1500-01,
TCGA-13-1501-01,
TCGA-13-1504-01,
TCGA-13-1505-01,
TCGA-13-1506-01,
TCGA-13-1507-01,
TCGA-13-1509-01,
TCGA-13-1510-01,
TCGA-13-1511-01,
TCGA-13-1512-01,
TCGA-13-1817-01,
TCGA-13-1819-01,
TCGA-13-2057-01,
TCGA-13-2059-01,
TCGA-13-2060-01,
TCGA-13-2061-01,
TCGA-13-2065-01,
TCGA-13-2066-01,
TCGA-13-2071-01,
TCGA-13-A5FT-01,
TCGA-13-A5FU-01,
TCGA-20-0987-01,
TCGA-20-0990-01,
TCGA-20-0991-01,
TCGA-20-0996-01,
TCGA-20-1682-01,
TCGA-20-1683-01,
TCGA-20-1684-01,
TCGA-20-1685-01,
TCGA-20-1686-01,
TCGA-20-1687-01,
TCGA-23-1021-01,
TCGA-23-1022-01,
TCGA-23-1023-01,
TCGA-23-1024-01,
TCGA-23-1026-01,
TCGA-23-1027-01,
TCGA-23-1028-01,
TCGA-23-1029-01,
TCGA-23-1030-01,
TCGA-23-1031-01,
TCGA-23-1032-01,
TCGA-23-1109-01,
TCGA-23-1110-01,
TCGA-23-1111-01,
TCGA-23-1113-01,
TCGA-23-1114-01,
TCGA-23-1116-01,
TCGA-23-1117-01,
TCGA-23-1118-01,
TCGA-23-1119-01,
TCGA-23-1120-01,
TCGA-23-1121-01,
TCGA-23-1122-01,
TCGA-23-1123-01,
TCGA-23-1124-01,
TCGA-23-1809-01,
TCGA-23-2072-01,
TCGA-23-2077-01,
TCGA-23-2078-01,
TCGA-23-2079-01,
TCGA-23-2081-01,
TCGA-23-2084-01,
TCGA-23-2641-01,
TCGA-23-2643-01,
TCGA-23-2645-01,
TCGA-23-2647-01,
TCGA-23-2649-01,
TCGA-24-0966-01,
TCGA-24-0968-01,
TCGA-24-0970-01,
TCGA-24-0975-01,
TCGA-24-0979-01,
TCGA-24-0980-01,
TCGA-24-0982-01,
TCGA-24-1103-01,
TCGA-24-1104-01,
TCGA-24-1105-01,
TCGA-24-1413-01,
TCGA-24-1416-01,
TCGA-24-1417-01,
TCGA-24-1418-01,
TCGA-24-1419-01,
TCGA-24-1422-01,
TCGA-24-1423-01,
TCGA-24-1424-01,
TCGA-24-1425-01,
TCGA-24-1426-01,
TCGA-24-1427-01,
TCGA-24-1428-01,
TCGA-24-1430-01,
TCGA-24-1431-01,
TCGA-24-1434-01,
TCGA-24-1435-01,
TCGA-24-1436-01,
TCGA-24-1463-01,
TCGA-24-1464-01,
TCGA-24-1466-01,
TCGA-24-1467-01,
TCGA-24-1469-01,
TCGA-24-1470-01,
TCGA-24-1471-01,
TCGA-24-1474-01,
TCGA-24-1544-01,
TCGA-24-1545-01,
TCGA-24-1546-01,
TCGA-24-1548-01,
TCGA-24-1549-01,
TCGA-24-1550-01,
TCGA-24-1551-01,
TCGA-24-1552-01,
TCGA-24-1553-01,
TCGA-24-1555-01,
TCGA-24-1556-01,
TCGA-24-1557-01,
TCGA-24-1558-01,
TCGA-24-1560-01,
TCGA-24-1562-01,
TCGA-24-1563-01,
TCGA-24-1564-01,
TCGA-24-1565-01,
TCGA-24-1567-01,
TCGA-24-1603-01,
TCGA-24-1604-01,
TCGA-24-1614-01,
TCGA-24-1616-01,
TCGA-24-1842-01,
TCGA-24-1843-01,
TCGA-24-1844-01,
TCGA-24-1845-01,
TCGA-24-1846-01,
TCGA-24-1847-01,
TCGA-24-1849-01,
TCGA-24-1850-01,
TCGA-24-1852-01,
TCGA-24-1920-01,
TCGA-24-1923-01,
TCGA-24-1924-01,
TCGA-24-1927-01,
TCGA-24-1928-01,
TCGA-24-1930-01,
TCGA-24-2019-01,
TCGA-24-2020-01,
TCGA-24-2023-01,
TCGA-24-2024-01,
TCGA-24-2026-01,
TCGA-24-2027-01,
TCGA-24-2029-01,
TCGA-24-2030-01,
TCGA-24-2033-01,
TCGA-24-2035-01,
TCGA-24-2038-01,
TCGA-24-2254-01,
TCGA-24-2260-01,
TCGA-24-2261-01,
TCGA-24-2262-01,
TCGA-24-2267-01,
TCGA-24-2271-01,
TCGA-24-2280-01,
TCGA-24-2281-01,
TCGA-24-2288-01,
TCGA-24-2289-01,
TCGA-24-2290-01,
TCGA-24-2293-01,
TCGA-24-2295-01,
TCGA-24-2297-01,
TCGA-24-2298-01,
TCGA-25-1312-01,
TCGA-25-1313-01,
TCGA-25-1314-01,
TCGA-25-1315-01,
TCGA-25-1316-01,
TCGA-25-1317-01,
TCGA-25-1318-01,
TCGA-25-1319-01,
TCGA-25-1320-01,
TCGA-25-1321-01,
TCGA-25-1322-01,
TCGA-25-1323-01,
TCGA-25-1324-01,
TCGA-25-1326-01,
TCGA-25-1328-01,
TCGA-25-1329-01,
TCGA-25-1623-01,
TCGA-25-1625-01,
TCGA-25-1626-01,
TCGA-25-1627-01,
TCGA-25-1628-01,
TCGA-25-1630-01,
TCGA-25-1631-01,
TCGA-25-1632-01,
TCGA-25-1633-01,
TCGA-25-1634-01,
TCGA-25-1635-01,
TCGA-25-1870-01,
TCGA-25-1871-01,
TCGA-25-1877-01,
TCGA-25-1878-01,
TCGA-25-2042-01,
TCGA-25-2391-01,
TCGA-25-2392-01,
TCGA-25-2393-01,
TCGA-25-2396-01,
TCGA-25-2397-01,
TCGA-25-2398-01,
TCGA-25-2399-01,
TCGA-25-2400-01,
TCGA-25-2401-01,
TCGA-25-2404-01,
TCGA-25-2408-01,
TCGA-25-2409-01,
TCGA-29-1688-01,
TCGA-29-1690-01,
TCGA-29-1691-01,
TCGA-29-1692-01,
TCGA-29-1693-01,
TCGA-29-1694-01,
TCGA-29-1695-01,
TCGA-29-1696-01,
TCGA-29-1697-01,
TCGA-29-1698-01,
TCGA-29-1699-01,
TCGA-29-1701-01,
TCGA-29-1702-01,
TCGA-29-1703-01,
TCGA-29-1704-01,
TCGA-29-1705-01,
TCGA-29-1707-01,
TCGA-29-1710-01,
TCGA-29-1711-01,
TCGA-29-1761-01,
TCGA-29-1762-01,
TCGA-29-1763-01,
TCGA-29-1764-01,
TCGA-29-1766-01,
TCGA-29-1768-01,
TCGA-29-1769-01,
TCGA-29-1770-01,
TCGA-29-1771-01,
TCGA-29-1774-01,
TCGA-29-1775-01,
TCGA-29-1776-01,
TCGA-29-1777-01,
TCGA-29-1778-01,
TCGA-29-1781-01,
TCGA-29-1783-01,
TCGA-29-1784-01,
TCGA-29-1785-01,
TCGA-29-2425-01,
TCGA-29-2427-01,
TCGA-29-2428-01,
TCGA-29-2429-01,
TCGA-29-2431-01,
TCGA-29-2432-01,
TCGA-29-2434-01,
TCGA-29-2436-01,
TCGA-29-A5NZ-01,
TCGA-30-1714-01,
TCGA-30-1718-01,
TCGA-30-1853-01,
TCGA-30-1855-01,
TCGA-30-1856-01,
TCGA-30-1857-01,
TCGA-30-1859-01,
TCGA-30-1860-01,
TCGA-30-1861-01,
TCGA-30-1862-01,
TCGA-30-1866-01,
TCGA-30-1867-01,
TCGA-30-1880-01,
TCGA-30-1887-01,
TCGA-30-1891-01,
TCGA-30-1892-01,
TCGA-31-1944-01,
TCGA-31-1946-01,
TCGA-31-1950-01,
TCGA-31-1951-01,
TCGA-31-1953-01,
TCGA-31-1955-01,
TCGA-31-1956-01,
TCGA-31-1959-01,
TCGA-36-1568-01,
TCGA-36-1569-01,
TCGA-36-1570-01,
TCGA-36-1571-01,
TCGA-36-1574-01,
TCGA-36-1575-01,
TCGA-36-1576-01,
TCGA-36-1577-01,
TCGA-36-1578-01,
TCGA-36-1580-01,
TCGA-36-1581-01,
TCGA-36-2529-01,
TCGA-36-2530-01,
TCGA-36-2532-01,
TCGA-36-2533-01,
TCGA-36-2534-01,
TCGA-36-2537-01,
TCGA-36-2538-01,
TCGA-36-2540-01,
TCGA-36-2542-01,
TCGA-36-2543-01,
TCGA-36-2544-01,
TCGA-36-2545-01,
TCGA-36-2547-01,
TCGA-36-2548-01,
TCGA-36-2549-01,
TCGA-36-2551-01,
TCGA-36-2552-01,
TCGA-3P-A9WA-01,
TCGA-42-2582-01,
TCGA-42-2587-01,
TCGA-42-2588-01,
TCGA-42-2589-01,
TCGA-42-2590-01,
TCGA-42-2591-01,
TCGA-42-2593-01,
TCGA-57-1582-01,
TCGA-57-1583-01,
TCGA-57-1584-01,
TCGA-57-1585-01,
TCGA-57-1586-01,
TCGA-57-1992-01,
TCGA-57-1993-01,
TCGA-57-1994-01,
TCGA-59-2348-01,
TCGA-59-2349-01,
TCGA-59-2350-01,
TCGA-59-2351-01,
TCGA-59-2352-01,
TCGA-59-2354-01,
TCGA-59-2355-01,
TCGA-59-2363-01,
TCGA-59-2372-01,
TCGA-59-A5PD-01,
TCGA-5X-AA5U-01,
TCGA-61-1721-01,
TCGA-61-1722-01,
TCGA-61-1724-01,
TCGA-61-1725-01,
TCGA-61-1727-01,
TCGA-61-1728-01,
TCGA-61-1730-01,
TCGA-61-1733-01,
TCGA-61-1734-01,
TCGA-61-1736-01,
TCGA-61-1737-01,
TCGA-61-1738-01,
TCGA-61-1740-01,
TCGA-61-1741-01,
TCGA-61-1743-01,
TCGA-61-1895-01,
TCGA-61-1899-01,
TCGA-61-1900-01,
TCGA-61-1901-01,
TCGA-61-1903-01,
TCGA-61-1904-01,
TCGA-61-1906-01,
TCGA-61-1907-01,
TCGA-61-1910-01,
TCGA-61-1911-01,
TCGA-61-1913-01,
TCGA-61-1914-01,
TCGA-61-1915-01,
TCGA-61-1917-01,
TCGA-61-1918-01,
TCGA-61-1919-01,
TCGA-61-1995-01,
TCGA-61-1998-01,
TCGA-61-2000-01,
TCGA-61-2002-01,
TCGA-61-2003-01,
TCGA-61-2008-01,
TCGA-61-2009-01,
TCGA-61-2012-01,
TCGA-61-2016-01,
TCGA-61-2017-01,
TCGA-61-2018-01,
TCGA-61-2087-01,
TCGA-61-2088-01,
TCGA-61-2092-01,
TCGA-61-2094-01,
TCGA-61-2095-01,
TCGA-61-2096-01,
TCGA-61-2097-01,
TCGA-61-2098-01,
TCGA-61-2101-01,
TCGA-61-2102-01,
TCGA-61-2104-01,
TCGA-61-2109-01,
TCGA-61-2110-01,
TCGA-61-2111-01,
TCGA-61-2113-01,
TCGA-61-2610-02,
TCGA-61-2611-02,
TCGA-61-2612-01,
TCGA-61-2613-01,
TCGA-61-2614-01,
TCGA-72-4231-01,
TCGA-72-4232-01,
TCGA-72-4233-01,
TCGA-72-4234-01,
TCGA-72-4235-01,
TCGA-72-4236-01,
TCGA-72-4237-01,
TCGA-72-4238-01,
TCGA-72-4240-01,
TCGA-72-4241-01,
TCGA-OY-A56P-01,
TCGA-OY-A56Q-01,
TCGA-VG-A8LO-01,
TCGA-WR-A838-01,
TCGA-2J-AAB1-01,
TCGA-2J-AAB4-01,
TCGA-2J-AAB6-01,
TCGA-2J-AAB8-01,
TCGA-2J-AAB9-01,
TCGA-2J-AABA-01,
TCGA-2J-AABE-01,
TCGA-2J-AABF-01,
TCGA-2J-AABH-01,
TCGA-2J-AABI-01,
TCGA-2J-AABK-01,
TCGA-2J-AABO-01,
TCGA-2J-AABP-01,
TCGA-2J-AABR-01,
TCGA-2J-AABT-01,
TCGA-2J-AABU-01,
TCGA-2J-AABV-01,
TCGA-2L-AAQA-01,
TCGA-2L-AAQE-01,
TCGA-2L-AAQI-01,
TCGA-2L-AAQJ-01,
TCGA-2L-AAQL-01,
TCGA-2L-AAQM-01,
TCGA-3A-A9I5-01,
TCGA-3A-A9I7-01,
TCGA-3A-A9I9-01,
TCGA-3A-A9IB-01,
TCGA-3A-A9IC-01,
TCGA-3A-A9IH-01,
TCGA-3A-A9IJ-01,
TCGA-3A-A9IL-01,
TCGA-3A-A9IN-01,
TCGA-3A-A9IO-01,
TCGA-3A-A9IR-01,
TCGA-3A-A9IS-01,
TCGA-3A-A9IU-01,
TCGA-3A-A9IV-01,
TCGA-3A-A9IX-01,
TCGA-3A-A9IZ-01,
TCGA-3A-A9J0-01,
TCGA-3E-AAAY-01,
TCGA-3E-AAAZ-01,
TCGA-F2-6879-01,
TCGA-F2-6880-01,
TCGA-F2-7273-01,
TCGA-F2-7276-01,
TCGA-F2-A44G-01,
TCGA-F2-A44H-01,
TCGA-F2-A7TX-01,
TCGA-F2-A8YN-01,
TCGA-FB-A4P5-01,
TCGA-FB-A4P6-01,
TCGA-FB-A545-01,
TCGA-FB-A5VM-01,
TCGA-FB-A78T-01,
TCGA-FB-A7DR-01,
TCGA-FB-AAPP-01,
TCGA-FB-AAPQ-01,
TCGA-FB-AAPS-01,
TCGA-FB-AAPU-01,
TCGA-FB-AAPY-01,
TCGA-FB-AAPZ-01,
TCGA-FB-AAQ0-01,
TCGA-FB-AAQ1-01,
TCGA-FB-AAQ2-01,
TCGA-FB-AAQ3-01,
TCGA-FB-AAQ6-01,
TCGA-FZ-5919-01,
TCGA-FZ-5920-01,
TCGA-FZ-5921-01,
TCGA-FZ-5922-01,
TCGA-FZ-5923-01,
TCGA-FZ-5924-01,
TCGA-FZ-5926-01,
TCGA-H6-8124-01,
TCGA-H6-A45N-01,
TCGA-H8-A6C1-01,
TCGA-HV-A5A3-01,
TCGA-HV-A5A4-01,
TCGA-HV-A5A5-01,
TCGA-HV-A5A6-01,
TCGA-HV-A7OL-01,
TCGA-HV-A7OP-01,
TCGA-HV-AA8V-01,
TCGA-HV-AA8X-01,
TCGA-HZ-7289-01,
TCGA-HZ-7918-01,
TCGA-HZ-7919-01,
TCGA-HZ-7920-01,
TCGA-HZ-7922-01,
TCGA-HZ-7923-01,
TCGA-HZ-7924-01,
TCGA-HZ-7925-01,
TCGA-HZ-7926-01,
TCGA-HZ-8001-01,
TCGA-HZ-8002-01,
TCGA-HZ-8003-01,
TCGA-HZ-8005-01,
TCGA-HZ-8315-01,
TCGA-HZ-8317-01,
TCGA-HZ-8519-01,
TCGA-HZ-8636-01,
TCGA-HZ-8637-01,
TCGA-HZ-8638-01,
TCGA-HZ-A49G-01,
TCGA-HZ-A49H-01,
TCGA-HZ-A49I-01,
TCGA-HZ-A4BH-01,
TCGA-HZ-A4BK-01,
TCGA-HZ-A77O-01,
TCGA-HZ-A77P-01,
TCGA-HZ-A77Q-01,
TCGA-HZ-A8P0-01,
TCGA-HZ-A8P1-01,
TCGA-HZ-A9TJ-01,
TCGA-IB-7644-01,
TCGA-IB-7645-01,
TCGA-IB-7646-01,
TCGA-IB-7647-01,
TCGA-IB-7649-01,
TCGA-IB-7651-01,
TCGA-IB-7652-01,
TCGA-IB-7885-01,
TCGA-IB-7886-01,
TCGA-IB-7887-01,
TCGA-IB-7888-01,
TCGA-IB-7889-01,
TCGA-IB-7890-01,
TCGA-IB-7891-01,
TCGA-IB-7893-01,
TCGA-IB-7897-01,
TCGA-IB-8126-01,
TCGA-IB-8127-01,
TCGA-IB-A5SO-01,
TCGA-IB-A5SP-01,
TCGA-IB-A5SQ-01,
TCGA-IB-A5SS-01,
TCGA-IB-A5ST-01,
TCGA-IB-A6UF-01,
TCGA-IB-A6UG-01,
TCGA-IB-A7LX-01,
TCGA-IB-A7M4-01,
TCGA-IB-AAUM-01,
TCGA-IB-AAUN-01,
TCGA-IB-AAUO-01,
TCGA-IB-AAUP-01,
TCGA-IB-AAUQ-01,
TCGA-IB-AAUR-01,
TCGA-IB-AAUS-01,
TCGA-IB-AAUT-01,
TCGA-IB-AAUU-01,
TCGA-IB-AAUV-01,
TCGA-IB-AAUW-01,
TCGA-L1-A7W4-01,
TCGA-LB-A7SX-01,
TCGA-LB-A8F3-01,
TCGA-LB-A9Q5-01,
TCGA-M8-A5N4-01,
TCGA-OE-A75W-01,
TCGA-PZ-A5RE-01,
TCGA-Q3-A5QY-01,
TCGA-Q3-AA2A-01,
TCGA-RB-A7B8-01,
TCGA-RB-AA9M-01,
TCGA-RL-AAAS-01,
TCGA-S4-A8RM-01,
TCGA-S4-A8RO-01,
TCGA-S4-A8RP-01,
TCGA-US-A774-01,
TCGA-US-A776-01,
TCGA-US-A779-01,
TCGA-US-A77E-01,
TCGA-US-A77G-01,
TCGA-US-A77J-01,
TCGA-XD-AAUG-01,
TCGA-XD-AAUH-01,
TCGA-XD-AAUI-01,
TCGA-XD-AAUL-01,
TCGA-XN-A8T3-01,
TCGA-XN-A8T5-01,
TCGA-YB-A89D-01,
TCGA-YH-A8SY-01,
TCGA-YY-A8LH-01,
TCGA-Z5-AAPL-01,
TCGA-P7-A5NX-01,
TCGA-P7-A5NY-01,
TCGA-P8-A5KC-01,
TCGA-P8-A5KD-01,
TCGA-P8-A6RX-01,
TCGA-P8-A6RY-01,
TCGA-PR-A5PF-01,
TCGA-PR-A5PG-01,
TCGA-PR-A5PH-01,
TCGA-QR-A6GO-01,
TCGA-QR-A6GR-01,
TCGA-QR-A6GS-01,
TCGA-QR-A6GT-01,
TCGA-QR-A6GU-01,
TCGA-QR-A6GW-01,
TCGA-QR-A6GX-01,
TCGA-QR-A6GY-01,
TCGA-QR-A6GZ-01,
TCGA-QR-A6H0-01,
TCGA-QR-A6H1-01,
TCGA-QR-A6H2-01,
TCGA-QR-A6H3-01,
TCGA-QR-A6H4-01,
TCGA-QR-A6H5-01,
TCGA-QR-A6H6-01,
TCGA-QR-A6ZZ-01,
TCGA-QR-A700-01,
TCGA-QR-A702-01,
TCGA-QR-A703-01,
TCGA-QR-A705-01,
TCGA-QR-A706-01,
TCGA-QR-A707-01,
TCGA-QR-A708-01,
TCGA-QR-A70A-01,
TCGA-QR-A70C-01,
TCGA-QR-A70D-01,
TCGA-QR-A70E-01,
TCGA-QR-A70G-01,
TCGA-QR-A70H-01,
TCGA-QR-A70I-01,
TCGA-QR-A70J-01,
TCGA-QR-A70K-01,
TCGA-QR-A70M-01,
TCGA-QR-A70N-01,
TCGA-QR-A70O-01,
TCGA-QR-A70P-01,
TCGA-QR-A70Q-01,
TCGA-QR-A70R-01,
TCGA-QR-A70T-01,
TCGA-QR-A70U-01,
TCGA-QR-A70V-01,
TCGA-QR-A70W-01,
TCGA-QR-A70X-01,
TCGA-QR-A7IN-01,
TCGA-QR-A7IP-01,
TCGA-QT-A5XJ-01,
TCGA-QT-A5XK-01,
TCGA-QT-A5XL-01,
TCGA-QT-A5XM-01,
TCGA-QT-A5XN-01,
TCGA-QT-A5XO-01,
TCGA-QT-A5XP-01,
TCGA-QT-A69Q-01,
TCGA-QT-A7U0-01,
TCGA-RM-A68T-01,
TCGA-RM-A68W-01,
TCGA-RT-A6Y9-01,
TCGA-RT-A6YA-01,
TCGA-RT-A6YC-01,
TCGA-RW-A67V-01,
TCGA-RW-A67W-01,
TCGA-RW-A67X-01,
TCGA-RW-A67Y-01,
TCGA-RW-A680-01,
TCGA-RW-A681-01,
TCGA-RW-A684-01,
TCGA-RW-A685-01,
TCGA-RW-A686-01,
TCGA-RW-A688-01,
TCGA-RW-A689-01,
TCGA-RW-A68A-01,
TCGA-RW-A68B-01,
TCGA-RW-A68C-01,
TCGA-RW-A68D-01,
TCGA-RW-A68F-01,
TCGA-RW-A68G-01,
TCGA-RW-A7CZ-01,
TCGA-RW-A7D0-01,
TCGA-RW-A8AZ-01,
TCGA-RX-A8JQ-01,
TCGA-S7-A7WL-01,
TCGA-S7-A7WM-01,
TCGA-S7-A7WN-01,
TCGA-S7-A7WO-01,
TCGA-S7-A7WP-01,
TCGA-S7-A7WQ-01,
TCGA-S7-A7WR-01,
TCGA-S7-A7WT-01,
TCGA-S7-A7WU-01,
TCGA-S7-A7WV-01,
TCGA-S7-A7WW-01,
TCGA-S7-A7WX-01,
TCGA-S7-A7X0-01,
TCGA-S7-A7X1-01,
TCGA-S7-A7X2-01,
TCGA-SA-A6C2-01,
TCGA-SP-A6QC-01,
TCGA-SP-A6QD-01,
TCGA-SP-A6QF-01,
TCGA-SP-A6QG-01,
TCGA-SP-A6QH-01,
TCGA-SP-A6QI-01,
TCGA-SP-A6QJ-01,
TCGA-SP-A6QK-01,
TCGA-SQ-A6I4-01,
TCGA-SQ-A6I6-01,
TCGA-SR-A6MP-01,
TCGA-SR-A6MQ-01,
TCGA-SR-A6MR-01,
TCGA-SR-A6MS-01,
TCGA-SR-A6MT-01,
TCGA-SR-A6MU-01,
TCGA-SR-A6MV-01,
TCGA-SR-A6MX-01,
TCGA-SR-A6MY-01,
TCGA-SR-A6MZ-01,
TCGA-SR-A6N0-01,
TCGA-TT-A6YJ-01,
TCGA-TT-A6YK-01,
TCGA-TT-A6YN-01,
TCGA-TT-A6YO-01,
TCGA-TT-A6YP-01,
TCGA-W2-A7H5-01,
TCGA-W2-A7H7-01,
TCGA-W2-A7HA-01,
TCGA-W2-A7HB-01,
TCGA-W2-A7HC-01,
TCGA-W2-A7HD-01,
TCGA-W2-A7HE-01,
TCGA-W2-A7HF-01,
TCGA-W2-A7HH-01,
TCGA-W2-A7UY-01,
TCGA-WB-A80K-01,
TCGA-WB-A80L-01,
TCGA-WB-A80M-01,
TCGA-WB-A80N-01,
TCGA-WB-A80O-01,
TCGA-WB-A80P-01,
TCGA-WB-A80Q-01,
TCGA-WB-A80V-01,
TCGA-WB-A80Y-01,
TCGA-WB-A814-01,
TCGA-WB-A815-01,
TCGA-WB-A816-01,
TCGA-WB-A817-01,
TCGA-WB-A818-01,
TCGA-WB-A819-01,
TCGA-WB-A81A-01,
TCGA-WB-A81D-01,
TCGA-WB-A81E-01,
TCGA-WB-A81F-01,
TCGA-WB-A81G-01,
TCGA-WB-A81H-01,
TCGA-WB-A81I-01,
TCGA-WB-A81J-01,
TCGA-WB-A81K-01,
TCGA-WB-A81M-01,
TCGA-WB-A81N-01,
TCGA-WB-A81P-01,
TCGA-WB-A81Q-01,
TCGA-WB-A81R-01,
TCGA-WB-A81S-01,
TCGA-WB-A81T-01,
TCGA-WB-A81V-01,
TCGA-WB-A81W-01,
TCGA-WB-A821-01,
TCGA-WB-A822-01,
TCGA-XG-A823-01,
TCGA-2A-A8VL-01,-1.8368
TCGA-2A-A8VO-01,-2.1056
TCGA-2A-A8VT-01,1.7091
TCGA-2A-A8VV-01,-0.3246
TCGA-2A-A8VX-01,-1.1377
TCGA-2A-A8W1-01,0.7155
TCGA-2A-A8W3-01,0.1104
TCGA-2A-AAYF-01,-1.2294
TCGA-2A-AAYO-01,-2.2811
TCGA-2A-AAYU-01,-0.293
TCGA-4L-AA1F-01,-1.4386
TCGA-CH-5737-01,-0.7994
TCGA-CH-5738-01,0.6008
TCGA-CH-5739-01,1.4607
TCGA-CH-5740-01,1.0965
TCGA-CH-5741-01,0.3869
TCGA-CH-5743-01,0.8404
TCGA-CH-5744-01,-0.3651
TCGA-CH-5745-01,-0.3667
TCGA-CH-5746-01,1.0836
TCGA-CH-5748-01,0.7106
TCGA-CH-5750-01,1.3786
TCGA-CH-5751-01,3.7812
TCGA-CH-5752-01,2.0998
TCGA-CH-5753-01,3.8219
TCGA-CH-5754-01,-0.9592
TCGA-CH-5761-01,2.402
TCGA-CH-5762-01,1.1324
TCGA-CH-5763-01,0.9599
TCGA-CH-5764-01,2.0337
TCGA-CH-5765-01,1.8244
TCGA-CH-5766-01,0.7227
TCGA-CH-5767-01,-0.884
TCGA-CH-5768-01,0.5019
TCGA-CH-5769-01,0.5181
TCGA-CH-5771-01,-0.7315
TCGA-CH-5772-01,1.9029
TCGA-CH-5788-01,-1.1952
TCGA-CH-5789-01,-0.1117
TCGA-CH-5790-01,2.4328
TCGA-CH-5791-01,1.1349
TCGA-CH-5792-01,-1.0371
TCGA-CH-5794-01,-0.9733
TCGA-EJ-5494-01,1.1146
TCGA-EJ-5495-01,1.9754
TCGA-EJ-5496-01,1.624
TCGA-EJ-5497-01,1.9524
TCGA-EJ-5498-01,2.1887
TCGA-EJ-5499-01,1.2243
TCGA-EJ-5501-01,-0.4881
TCGA-EJ-5502-01,0.0129
TCGA-EJ-5503-01,-0.4274
TCGA-EJ-5504-01,0.8192
TCGA-EJ-5505-01,0.8774
TCGA-EJ-5506-01,2.2626
TCGA-EJ-5507-01,3.5255
TCGA-EJ-5508-01,2.831
TCGA-EJ-5509-01,-0.3277
TCGA-EJ-5510-01,2.1531
TCGA-EJ-5511-01,1.0663
TCGA-EJ-5512-01,0.7051
TCGA-EJ-5514-01,0.7319
TCGA-EJ-5515-01,1.3515
TCGA-EJ-5516-01,3.4324
TCGA-EJ-5517-01,0.6895
TCGA-EJ-5518-01,0.9626
TCGA-EJ-5519-01,-0.5496
TCGA-EJ-5521-01,-1.41
TCGA-EJ-5522-01,2.0637
TCGA-EJ-5524-01,3.6149
TCGA-EJ-5525-01,2.4816
TCGA-EJ-5526-01,3.2282
TCGA-EJ-5527-01,3.1385
TCGA-EJ-5530-01,1.0919
TCGA-EJ-5531-01,0.2803
TCGA-EJ-5532-01,-0.0075
TCGA-EJ-5542-01,2.4333
TCGA-EJ-7115-01,-0.2775
TCGA-EJ-7123-01,-0.6182
TCGA-EJ-7125-01,-0.4846
TCGA-EJ-7218-01,-2.1783
TCGA-EJ-7314-01,0.256
TCGA-EJ-7315-01,0.2438
TCGA-EJ-7317-01,-1.6163
TCGA-EJ-7318-01,-4.9539
TCGA-EJ-7321-01,0.7134
TCGA-EJ-7325-01,-4.1691
TCGA-EJ-7327-01,2.0749
TCGA-EJ-7328-01,0.6436
TCGA-EJ-7330-01,0.6252
TCGA-EJ-7331-01,1.1684
TCGA-EJ-7781-01,1.7276
TCGA-EJ-7782-01,0.4467
TCGA-EJ-7783-01,2.1846
TCGA-EJ-7784-01,1.0973
TCGA-EJ-7785-01,1.8134
TCGA-EJ-7786-01,-0.5062
TCGA-EJ-7788-01,0.9834
TCGA-EJ-7789-01,1.6032
TCGA-EJ-7791-01,-0.5861
TCGA-EJ-7792-01,-0.243
TCGA-EJ-7793-01,-0.0169
TCGA-EJ-7794-01,0.3539
TCGA-EJ-7797-01,-0.0474
TCGA-EJ-8468-01,0.6726
TCGA-EJ-8469-01,2.0804
TCGA-EJ-8470-01,0.3371
TCGA-EJ-8472-01,1.6267
TCGA-EJ-8474-01,-0.0904
TCGA-EJ-A46B-01,-1.7423
TCGA-EJ-A46D-01,-0.9431
TCGA-EJ-A46E-01,-1.086
TCGA-EJ-A46F-01,-3.4318
TCGA-EJ-A46G-01,-0.9294
TCGA-EJ-A46H-01,-0.4437
TCGA-EJ-A46I-01,-1.6253
TCGA-EJ-A65B-01,-0.841
TCGA-EJ-A65D-01,-0.5743
TCGA-EJ-A65E-01,-0.348
TCGA-EJ-A65F-01,1.554
TCGA-EJ-A65G-01,-1.6372
TCGA-EJ-A65J-01,-0.5921
TCGA-EJ-A65M-01,-3.2216
TCGA-EJ-A6RA-01,-2.7292
TCGA-EJ-A6RC-01,-2.404
TCGA-EJ-A7NF-01,-1.308
TCGA-EJ-A7NG-01,-1.3072
TCGA-EJ-A7NH-01,-1.019
TCGA-EJ-A7NJ-01,-1.0
TCGA-EJ-A7NK-01,-1.7714
TCGA-EJ-A7NM-01,-0.4345
TCGA-EJ-A7NN-01,-0.7389
TCGA-EJ-A8FN-01,-2.4144
TCGA-EJ-A8FO-01,-0.6507
TCGA-EJ-A8FP-01,-0.9346
TCGA-EJ-A8FS-01,-1.6183
TCGA-EJ-A8FU-01,-0.7672
TCGA-EJ-AB20-01,-3.6058
TCGA-EJ-AB27-01,-1.6802
TCGA-FC-7708-01,0.3323
TCGA-FC-7961-01,-0.4343
TCGA-FC-A4JI-01,-2.6541
TCGA-FC-A5OB-01,0.5878
TCGA-FC-A66V-01,-0.2239
TCGA-FC-A6HD-01,0.0536
TCGA-FC-A8O0-01,-0.8431
TCGA-G9-6329-01,-0.8788
TCGA-G9-6332-01,-0.7928
TCGA-G9-6333-01,-1.5163
TCGA-G9-6336-01,-1.822
TCGA-G9-6338-01,-2.9255
TCGA-G9-6339-01,-1.53
TCGA-G9-6342-01,-0.801
TCGA-G9-6343-01,-3.2278
TCGA-G9-6347-01,-2.8415
TCGA-G9-6348-01,-1.217
TCGA-G9-6351-01,-0.876
TCGA-G9-6353-01,-2.02
TCGA-G9-6354-01,-1.408
TCGA-G9-6356-01,-0.5826
TCGA-G9-6361-01,-1.0941
TCGA-G9-6362-01,3.2256
TCGA-G9-6363-01,2.4273
TCGA-G9-6364-01,-0.0226
TCGA-G9-6365-01,-0.8959
TCGA-G9-6366-01,-1.5968
TCGA-G9-6367-01,-1.6026
TCGA-G9-6369-01,-2.0405
TCGA-G9-6370-01,-0.1324
TCGA-G9-6371-01,-1.0974
TCGA-G9-6373-01,-0.8181
TCGA-G9-6377-01,-0.8348
TCGA-G9-6378-01,-1.275
TCGA-G9-6379-01,-2.1787
TCGA-G9-6384-01,0.5948
TCGA-G9-6385-01,-0.7496
TCGA-G9-6494-01,1.838
TCGA-G9-6496-01,-2.206
TCGA-G9-6498-01,-2.49
TCGA-G9-6499-01,-2.0204
TCGA-G9-7509-01,-0.6631
TCGA-G9-7510-01,-1.3968
TCGA-G9-7519-01,-3.114
TCGA-G9-7521-01,0.0858
TCGA-G9-7522-01,-0.8942
TCGA-G9-7523-01,-1.3306
TCGA-G9-7525-01,-1.3342
TCGA-G9-A9S0-01,-3.4543
TCGA-G9-A9S7-01,-0.3347
TCGA-H9-7775-01,-0.1858
TCGA-H9-A6BX-01,-2.2149
TCGA-H9-A6BY-01,-0.1581
TCGA-HC-7075-01,-0.9535
TCGA-HC-7077-01,-0.1764
TCGA-HC-7078-01,0.2684
TCGA-HC-7079-01,0.0
TCGA-HC-7080-01,-1.0867
TCGA-HC-7081-01,0.0603
TCGA-HC-7209-01,-0.1692
TCGA-HC-7210-01,0.4685
TCGA-HC-7211-01,2.1307
TCGA-HC-7212-01,2.6013
TCGA-HC-7213-01,0.0014
TCGA-HC-7230-01,0.5907
TCGA-HC-7231-01,0.436
TCGA-HC-7232-01,1.4255
TCGA-HC-7233-01,0.2168
TCGA-HC-7736-01,0.6389
TCGA-HC-7737-01,-0.9341
TCGA-HC-7738-01,-0.4926
TCGA-HC-7740-01,-0.7378
TCGA-HC-7742-01,-1.3146
TCGA-HC-7744-01,0.236
TCGA-HC-7745-01,0.0912
TCGA-HC-7747-01,-0.4363
TCGA-HC-7748-01,1.0114
TCGA-HC-7749-01,0.5743
TCGA-HC-7750-01,-1.8138
TCGA-HC-7752-01,-3.0139
TCGA-HC-7817-01,-0.7593
TCGA-HC-7818-01,-0.2284
TCGA-HC-7819-01,0.7669
TCGA-HC-7820-01,-1.1411
TCGA-HC-7821-01,0.5883
TCGA-HC-8213-01,0.8502
TCGA-HC-8216-01,0.6679
TCGA-HC-8256-01,-1.233
TCGA-HC-8257-01,0.9788
TCGA-HC-8258-01,-1.8855
TCGA-HC-8259-01,-0.7225
TCGA-HC-8260-01,-0.868
TCGA-HC-8261-01,-1.3035
TCGA-HC-8262-01,-0.579
TCGA-HC-8264-01,-0.2887
TCGA-HC-8265-01,-0.97
TCGA-HC-8266-01,-0.2277
TCGA-HC-A48F-01,0.8453
TCGA-HC-A4ZV-01,-0.8543
TCGA-HC-A631-01,1.4812
TCGA-HC-A632-01,0.9788
TCGA-HC-A6AL-01,0.6313
TCGA-HC-A6AN-01,-0.006
TCGA-HC-A6AO-01,-0.5866
TCGA-HC-A6AP-01,-1.6196
TCGA-HC-A6AQ-01,-0.9949
TCGA-HC-A6AS-01,-2.1273
TCGA-HC-A6HX-01,-2.1055
TCGA-HC-A6HY-01,0.9271
TCGA-HC-A76W-01,0.0722
TCGA-HC-A76X-01,-0.1935
TCGA-HC-A8CY-01,-0.8042
TCGA-HC-A8D0-01,-0.3878
TCGA-HC-A8D1-01,-0.1199
TCGA-HC-A9TE-01,-3.6285
TCGA-HC-A9TH-01,-0.4132
TCGA-HI-7168-01,0.4546
TCGA-HI-7169-01,-2.4738
TCGA-HI-7170-01,-0.6968
TCGA-HI-7171-01,1.037
TCGA-J4-8198-01,0.5545
TCGA-J4-8200-01,0.2692
TCGA-J4-A67K-01,-0.3993
TCGA-J4-A67L-01,-0.6011
TCGA-J4-A67M-01,-0.7896
TCGA-J4-A67N-01,-0.026
TCGA-J4-A67O-01,-1.723
TCGA-J4-A67Q-01,-1.4862
TCGA-J4-A67R-01,-0.9185
TCGA-J4-A67S-01,-1.153
TCGA-J4-A67T-01,-1.9598
TCGA-J4-A6G1-01,-0.8635
TCGA-J4-A6G3-01,-0.7332
TCGA-J4-A6M7-01,4.6587
TCGA-J4-A83I-01,0.4735
TCGA-J4-A83J-01,-1.9414
TCGA-J4-A83K-01,-1.4363
TCGA-J4-A83L-01,-1.313
TCGA-J4-A83M-01,-2.102
TCGA-J4-A83N-01,-2.1527
TCGA-J4-AATV-01,-2.6043
TCGA-J4-AATZ-01,0.4945
TCGA-J4-AAU2-01,-3.0601
TCGA-J9-A52B-01,-0.6703
TCGA-J9-A52C-01,-2.1517
TCGA-J9-A52D-01,-0.6391
TCGA-J9-A52E-01,-2.4447
TCGA-J9-A8CK-01,-1.8647
TCGA-J9-A8CL-01,0.7641
TCGA-J9-A8CM-01,-1.634
TCGA-J9-A8CN-01,-2.0898
TCGA-J9-A8CP-01,-1.6762
TCGA-KC-A4BL-01,-0.7766
TCGA-KC-A4BN-01,-1.3404
TCGA-KC-A4BO-01,
TCGA-KC-A4BR-01,-1.525
TCGA-KC-A4BV-01,0.1475
TCGA-KC-A7F3-01,-2.0243
TCGA-KC-A7F5-01,-4.1896
TCGA-KC-A7F6-01,-1.6716
TCGA-KC-A7FA-01,-1.4835
TCGA-KC-A7FD-01,-1.1647
TCGA-KC-A7FE-01,-2.1598
TCGA-KK-A59V-01,0.7025
TCGA-KK-A59X-01,-2.0702
TCGA-KK-A59Y-01,-1.3174
TCGA-KK-A59Z-01,-1.1682
TCGA-KK-A5A1-01,1.9272
TCGA-KK-A6DY-01,0.1176
TCGA-KK-A6E0-01,-2.0042
TCGA-KK-A6E1-01,-1.5275
TCGA-KK-A6E2-01,1.7299
TCGA-KK-A6E3-01,-1.0664
TCGA-KK-A6E4-01,0.5093
TCGA-KK-A6E5-01,-2.5327
TCGA-KK-A6E6-01,0.2254
TCGA-KK-A6E7-01,1.7717
TCGA-KK-A6E8-01,1.0165
TCGA-KK-A7AP-01,1.7279
TCGA-KK-A7AQ-01,-5.452
TCGA-KK-A7AU-01,-1.019
TCGA-KK-A7AV-01,-2.1318
TCGA-KK-A7AW-01,-5.8574
TCGA-KK-A7AY-01,-4.492
TCGA-KK-A7AZ-01,-2.2986
TCGA-KK-A7B0-01,-7.1182
TCGA-KK-A7B1-01,-1.6416
TCGA-KK-A7B2-01,-3.7454
TCGA-KK-A7B3-01,0.293
TCGA-KK-A7B4-01,-1.3808
TCGA-KK-A8I4-01,-2.2859
TCGA-KK-A8I5-01,-1.7422
TCGA-KK-A8I6-01,-1.443
TCGA-KK-A8I7-01,-1.1444
TCGA-KK-A8I8-01,0.0052
TCGA-KK-A8I9-01,-2.6174
TCGA-KK-A8IA-01,0.1502
TCGA-KK-A8IB-01,-3.542
TCGA-KK-A8IC-01,-0.0442
TCGA-KK-A8ID-01,-1.1066
TCGA-KK-A8IF-01,-2.2768
TCGA-KK-A8IG-01,-1.0782
TCGA-KK-A8IH-01,-2.8518
TCGA-KK-A8II-01,0.3355
TCGA-KK-A8IJ-01,-0.9305
TCGA-KK-A8IK-01,-0.9175
TCGA-KK-A8IL-01,-1.3269
TCGA-KK-A8IM-01,-0.1231
TCGA-M7-A71Y-01,-1.6058
TCGA-M7-A71Z-01,-4.0969
TCGA-M7-A720-01,-1.5217
TCGA-M7-A721-01,-1.2624
TCGA-M7-A722-01,-3.3492
TCGA-M7-A723-01,-2.318
TCGA-M7-A724-01,-3.6483
TCGA-M7-A725-01,-0.1518
TCGA-MG-AAMC-01,-0.9155
TCGA-QU-A6IL-01,-1.812
TCGA-QU-A6IM-01,-3.4577
TCGA-QU-A6IN-01,-1.016
TCGA-QU-A6IO-01,-3.9833
TCGA-QU-A6IP-01,1.08
TCGA-SU-A7E7-01,-0.0606
TCGA-TK-A8OK-01,-0.0316
TCGA-TP-A8TT-01,-0.4359
TCGA-TP-A8TV-01,-2.5869
TCGA-V1-A8MF-01,-2.5275
TCGA-V1-A8MG-01,-1.2433
TCGA-V1-A8MJ-01,-1.2008
TCGA-V1-A8MK-01,-2.1038
TCGA-V1-A8ML-01,-1.8476
TCGA-V1-A8MM-01,-2.4556
TCGA-V1-A8MU-01,-1.9622
TCGA-V1-A8WL-01,-1.8115
TCGA-V1-A8WN-01,0.1428
TCGA-V1-A8WS-01,-0.2451
TCGA-V1-A8WV-01,-1.1087
TCGA-V1-A8WW-01,-2.5637
TCGA-V1-A8X3-01,-0.9351
TCGA-V1-A9O5-01,0.0782
TCGA-V1-A9O7-01,-1.5402
TCGA-V1-A9O9-01,1.7041
TCGA-V1-A9OA-01,-0.426
TCGA-V1-A9OF-01,-0.2407
TCGA-V1-A9OH-01,-0.5175
TCGA-V1-A9OL-01,-1.5066
TCGA-V1-A9OQ-01,-2.6647
TCGA-V1-A9OT-01,-1.7428
TCGA-V1-A9OX-01,-3.2054
TCGA-V1-A9OY-01,-1.4574
TCGA-V1-A9Z7-01,0.3966
TCGA-V1-A9Z8-01,-1.8251
TCGA-V1-A9Z9-01,-2.4452
TCGA-V1-A9ZG-01,0.1587
TCGA-V1-A9ZI-01,-2.3441
TCGA-V1-A9ZK-01,-0.6556
TCGA-V1-A9ZR-01,-0.9733
TCGA-VN-A88I-01,-2.5472
TCGA-VN-A88K-01,0.1606
TCGA-VN-A88L-01,-0.244
TCGA-VN-A88M-01,-1.6674
TCGA-VN-A88N-01,-2.1746
TCGA-VN-A88O-01,-1.4624
TCGA-VN-A88P-01,-2.1832
TCGA-VN-A88Q-01,0.2176
TCGA-VN-A88R-01,-2.853
TCGA-VN-A943-01,-2.1201
TCGA-VP-A872-01,-4.5634
TCGA-VP-A875-01,-0.2213
TCGA-VP-A876-01,0.9432
TCGA-VP-A878-01,-2.322
TCGA-VP-A879-01,-1.1339
TCGA-VP-A87B-01,-2.8607
TCGA-VP-A87C-01,-0.6722
TCGA-VP-A87D-01,1.4097
TCGA-VP-A87E-01,-2.7719
TCGA-VP-A87H-01,-2.7432
TCGA-VP-A87J-01,1.6727
TCGA-VP-A87K-01,0.3529
TCGA-VP-AA1N-01,-2.6032
TCGA-WW-A8ZI-01,0.3631
TCGA-X4-A8KQ-01,-2.3761
TCGA-X4-A8KS-01,-2.2506
TCGA-XA-A8JR-01,-2.2221
TCGA-XJ-A83F-01,-1.6591
TCGA-XJ-A83G-01,-3.7053
TCGA-XJ-A83H-01,-2.6941
TCGA-XJ-A9DI-01,-0.2676
TCGA-XJ-A9DK-01,-0.8355
TCGA-XJ-A9DQ-01,-1.4905
TCGA-XJ-A9DX-01,0.8665
TCGA-XK-AAIR-01,0.1195
TCGA-XK-AAIV-01,-1.5972
TCGA-XK-AAIW-01,0.6163
TCGA-XK-AAJA-01,-2.2509
TCGA-XK-AAJP-01,-1.235
TCGA-XK-AAJR-01,-1.0504
TCGA-XK-AAJT-01,-2.3524
TCGA-XK-AAJU-01,-2.4016
TCGA-XQ-A8TA-01,-0.5965
TCGA-XQ-A8TB-01,0.2148
TCGA-Y6-A8TL-01,-1.7701
TCGA-Y6-A9XI-01,-0.4784
TCGA-YJ-A8SW-01,1.1627
TCGA-YL-A8HJ-01,-0.9916
TCGA-YL-A8HK-01,0.275
TCGA-YL-A8HL-01,0.6212
TCGA-YL-A8HM-01,-1.339
TCGA-YL-A8HO-01,-2.1248
TCGA-YL-A8S8-01,-1.6421
TCGA-YL-A8S9-01,0.379
TCGA-YL-A8SA-01,-0.5541
TCGA-YL-A8SB-01,0.0179
TCGA-YL-A8SC-01,0.5586
TCGA-YL-A8SF-01,-0.3265
TCGA-YL-A8SH-01,-1.983
TCGA-YL-A8SI-01,-1.8349
TCGA-YL-A8SJ-01,0.3116
TCGA-YL-A8SK-01,-1.3068
TCGA-YL-A8SL-01,-0.2038
TCGA-YL-A8SO-01,-4.2431
TCGA-YL-A8SP-01,1.5526
TCGA-YL-A8SQ-01,-0.292
TCGA-YL-A8SR-01,-0.1397
TCGA-YL-A9WH-01,-0.3914
TCGA-YL-A9WI-01,-2.4998
TCGA-YL-A9WJ-01,-1.5799
TCGA-YL-A9WK-01,-0.3085
TCGA-YL-A9WL-01,1.011
TCGA-YL-A9WX-01,-0.6846
TCGA-YL-A9WY-01,0.1811
TCGA-ZG-A8QW-01,-2.939
TCGA-ZG-A8QX-01,-1.8308
TCGA-ZG-A8QY-01,-0.4875
TCGA-ZG-A8QZ-01,-0.0279
TCGA-ZG-A9KY-01,1.4112
TCGA-ZG-A9L0-01,-0.3283
TCGA-ZG-A9L1-01,0.0931
TCGA-ZG-A9L2-01,-1.2766
TCGA-ZG-A9L4-01,-0.1553
TCGA-ZG-A9L5-01,4.418
TCGA-ZG-A9L6-01,-1.6102
TCGA-ZG-A9L9-01,-3.6405
TCGA-ZG-A9LB-01,-1.1899
TCGA-ZG-A9LM-01,-0.3058
TCGA-ZG-A9LN-01,-2.0572
TCGA-ZG-A9LS-01,-2.5181
TCGA-ZG-A9LU-01,-3.4866
TCGA-ZG-A9LY-01,-0.25
TCGA-ZG-A9LZ-01,0.1024
TCGA-ZG-A9M4-01,0.6492
TCGA-ZG-A9MC-01,-0.4187
TCGA-ZG-A9N3-01,-1.0626
TCGA-ZG-A9ND-01,-2.0628
TCGA-ZG-A9NI-01,-3.0057
TCGA-3B-A9HI-01,
TCGA-3B-A9HJ-01,
TCGA-3B-A9HL-01,
TCGA-3B-A9HO-01,
TCGA-3B-A9HP-01,
TCGA-3B-A9HQ-01,
TCGA-3B-A9HR-01,
TCGA-3B-A9HS-01,
TCGA-3B-A9HT-01,
TCGA-3B-A9HU-01,
TCGA-3B-A9HV-01,
TCGA-3B-A9HX-01,
TCGA-3B-A9HY-01,
TCGA-3B-A9HZ-01,
TCGA-3B-A9I0-01,
TCGA-3B-A9I1-01,
TCGA-3B-A9I3-01,
TCGA-3R-A8YX-01,
TCGA-DX-A1KU-01,
TCGA-DX-A1KW-01,
TCGA-DX-A1KX-01,
TCGA-DX-A1KY-01,
TCGA-DX-A1KZ-01,
TCGA-DX-A1L0-01,
TCGA-DX-A1L1-01,
TCGA-DX-A1L2-01,
TCGA-DX-A1L3-01,
TCGA-DX-A1L4-01,
TCGA-DX-A23R-01,
TCGA-DX-A23T-01,
TCGA-DX-A23U-01,
TCGA-DX-A23V-01,
TCGA-DX-A23Y-01,
TCGA-DX-A23Z-01,
TCGA-DX-A240-01,
TCGA-DX-A2IZ-01,
TCGA-DX-A2J0-01,
TCGA-DX-A2J1-01,
TCGA-DX-A2J4-01,
TCGA-DX-A3LS-01,
TCGA-DX-A3LT-01,
TCGA-DX-A3LU-01,
TCGA-DX-A3LW-01,
TCGA-DX-A3LY-01,
TCGA-DX-A3M1-01,
TCGA-DX-A3M2-01,
TCGA-DX-A3U5-01,
TCGA-DX-A3U6-01,
TCGA-DX-A3U7-01,
TCGA-DX-A3U8-01,
TCGA-DX-A3U9-01,
TCGA-DX-A3UA-01,
TCGA-DX-A3UB-01,
TCGA-DX-A3UC-01,
TCGA-DX-A3UD-01,
TCGA-DX-A3UE-01,
TCGA-DX-A3UF-01,
TCGA-DX-A48J-01,
TCGA-DX-A48K-01,
TCGA-DX-A48L-01,
TCGA-DX-A48N-01,
TCGA-DX-A48O-01,
TCGA-DX-A48P-01,
TCGA-DX-A48R-01,
TCGA-DX-A48U-01,
TCGA-DX-A48V-01,
TCGA-DX-A6B7-01,
TCGA-DX-A6B8-01,
TCGA-DX-A6B9-01,
TCGA-DX-A6BA-01,
TCGA-DX-A6BB-01,
TCGA-DX-A6BE-01,
TCGA-DX-A6BF-01,
TCGA-DX-A6BG-01,
TCGA-DX-A6BH-01,
TCGA-DX-A6BK-01,
TCGA-DX-A6YQ-01,
TCGA-DX-A6YR-01,
TCGA-DX-A6YS-01,
TCGA-DX-A6YT-01,
TCGA-DX-A6YU-01,
TCGA-DX-A6YV-01,
TCGA-DX-A6YX-01,
TCGA-DX-A6YZ-01,
TCGA-DX-A6Z0-01,
TCGA-DX-A6Z2-01,
TCGA-DX-A7EF-01,
TCGA-DX-A7EI-01,
TCGA-DX-A7EL-01,
TCGA-DX-A7EM-01,
TCGA-DX-A7EN-01,
TCGA-DX-A7EO-01,
TCGA-DX-A7EQ-01,
TCGA-DX-A7ER-01,
TCGA-DX-A7ES-01,
TCGA-DX-A7ET-01,
TCGA-DX-A7EU-01,
TCGA-DX-A8BG-01,
TCGA-DX-A8BH-01,
TCGA-DX-A8BJ-01,
TCGA-DX-A8BK-01,
TCGA-DX-A8BL-01,
TCGA-DX-A8BM-01,
TCGA-DX-A8BN-01,
TCGA-DX-A8BO-01,
TCGA-DX-A8BP-01,
TCGA-DX-A8BR-01,
TCGA-DX-A8BS-01,
TCGA-DX-A8BT-01,
TCGA-DX-A8BU-01,
TCGA-DX-A8BV-01,
TCGA-DX-A8BX-01,
TCGA-DX-A8BZ-01,
TCGA-DX-AATS-01,
TCGA-DX-AB2E-01,
TCGA-DX-AB2F-01,
TCGA-DX-AB2G-01,
TCGA-DX-AB2H-01,
TCGA-DX-AB2J-01,
TCGA-DX-AB2L-01,
TCGA-DX-AB2O-01,
TCGA-DX-AB2P-01,
TCGA-DX-AB2Q-01,
TCGA-DX-AB2S-01,
TCGA-DX-AB2T-01,
TCGA-DX-AB2V-01,
TCGA-DX-AB2W-01,
TCGA-DX-AB2X-01,
TCGA-DX-AB2Z-01,
TCGA-DX-AB30-01,
TCGA-DX-AB32-01,
TCGA-DX-AB35-01,
TCGA-DX-AB36-01,
TCGA-DX-AB37-01,
TCGA-DX-AB3A-01,
TCGA-DX-AB3B-01,
TCGA-DX-AB3C-01,
TCGA-FX-A2QS-01,
TCGA-FX-A3NJ-01,
TCGA-FX-A3NK-01,
TCGA-FX-A3RE-01,
TCGA-FX-A3TO-01,
TCGA-FX-A48G-01,
TCGA-FX-A76Y-01,
TCGA-FX-A8OO-01,
TCGA-HB-A2OT-01,
TCGA-HB-A3L4-01,
TCGA-HB-A3YV-01,
TCGA-HB-A43Z-01,
TCGA-HB-A5W3-01,
TCGA-HS-A5N7-01,
TCGA-HS-A5N8-01,
TCGA-HS-A5NA-01,
TCGA-IE-A3OV-01,
TCGA-IE-A4EH-01,
TCGA-IE-A4EI-01,
TCGA-IE-A4EJ-01,
TCGA-IE-A4EK-01,
TCGA-IE-A6BZ-01,
TCGA-IF-A3RQ-01,
TCGA-IF-A4AJ-01,
TCGA-IS-A3K6-01,
TCGA-IS-A3K7-01,
TCGA-IS-A3K8-01,
TCGA-IS-A3KA-01,
TCGA-IW-A3M4-01,
TCGA-IW-A3M5-01,
TCGA-IW-A3M6-01,
TCGA-JV-A5VE-01,
TCGA-JV-A5VF-01,
TCGA-JV-A75J-01,
TCGA-K1-A3PN-01,
TCGA-K1-A3PO-01,
TCGA-K1-A42W-01,
TCGA-K1-A42X-01,
TCGA-K1-A6RT-01,
TCGA-K1-A6RU-01,
TCGA-K1-A6RV-01,
TCGA-KD-A5QS-01,
TCGA-KD-A5QT-01,
TCGA-KD-A5QU-01,
TCGA-KF-A41W-01,
TCGA-LI-A67I-01,
TCGA-LI-A9QH-01,
TCGA-MB-A5Y8-01,
TCGA-MB-A5Y9-01,
TCGA-MB-A5YA-01,
TCGA-MB-A8JK-01,
TCGA-MB-A8JL-01,
TCGA-MJ-A68H-01,
TCGA-MJ-A68J-01,
TCGA-MJ-A850-01,
TCGA-MO-A47P-01,
TCGA-MO-A47R-01,
TCGA-N1-A6IA-01,
TCGA-PC-A5DK-01,
TCGA-PC-A5DL-01,
TCGA-PC-A5DN-01,
TCGA-PC-A5DO-01,
TCGA-QC-A6FX-01,
TCGA-QC-A7B5-01,
TCGA-QC-AA9N-01,
TCGA-QQ-A5V2-01,
TCGA-QQ-A5V9-01,
TCGA-QQ-A5VA-01,
TCGA-QQ-A5VB-01,
TCGA-QQ-A5VC-01,
TCGA-QQ-A5VD-01,
TCGA-QQ-A8VB-01,
TCGA-QQ-A8VD-01,
TCGA-QQ-A8VF-01,
TCGA-QQ-A8VG-01,
TCGA-QQ-A8VH-01,
TCGA-RN-A68Q-01,
TCGA-RN-AAAQ-01,
TCGA-SG-A6Z4-01,
TCGA-SG-A6Z7-01,
TCGA-SG-A849-01,
TCGA-SI-A71O-01,
TCGA-SI-A71P-01,
TCGA-SI-A71Q-01,
TCGA-SI-AA8B-01,
TCGA-SI-AA8C-01,
TCGA-UE-A6QT-01,
TCGA-UE-A6QU-01,
TCGA-VT-A80G-01,
TCGA-VT-A80J-01,
TCGA-VT-AB3D-01,
TCGA-WK-A8XO-01,
TCGA-WK-A8XQ-01,
TCGA-WK-A8XS-01,
TCGA-WK-A8XT-01,
TCGA-WK-A8XX-01,
TCGA-WK-A8XY-01,
TCGA-WK-A8XZ-01,
TCGA-WK-A8Y0-01,
TCGA-WP-A9GB-01,
TCGA-X2-A95T-01,
TCGA-X6-A7W8-01,
TCGA-X6-A7WA-01,
TCGA-X6-A7WB-01,
TCGA-X6-A7WC-01,
TCGA-X6-A7WD-01,
TCGA-X6-A8C2-01,
TCGA-X6-A8C3-01,
TCGA-X6-A8C4-01,
TCGA-X6-A8C5-01,
TCGA-X6-A8C6-01,
TCGA-X6-A8C7-01,
TCGA-X9-A971-01,
TCGA-X9-A973-01,
TCGA-Z4-A8JB-01,
TCGA-Z4-A9VC-01,
TCGA-Z4-AAPF-01,
TCGA-Z4-AAPG-01,
TCGA-3N-A9WB-06,
TCGA-3N-A9WC-06,
TCGA-3N-A9WD-06,
TCGA-BF-A1PU-01,
TCGA-BF-A1PV-01,
TCGA-BF-A1PX-01,
TCGA-BF-A1PZ-01,
TCGA-BF-A1Q0-01,
TCGA-BF-A3DJ-01,
TCGA-BF-A3DL-01,
TCGA-BF-A3DM-01,
TCGA-BF-A3DN-01,
TCGA-BF-A5EO-01,
TCGA-BF-A5EP-01,
TCGA-BF-A5EQ-01,
TCGA-BF-A5ER-01,
TCGA-BF-A5ES-01,
TCGA-BF-AAP0-06,
TCGA-D3-A1Q1-06,
TCGA-D3-A1Q3-06,
TCGA-D3-A1Q4-06,
TCGA-D3-A1Q5-06,
TCGA-D3-A1Q6-06,
TCGA-D3-A1Q7-06,
TCGA-D3-A1Q8-06,
TCGA-D3-A1Q9-06,
TCGA-D3-A1QA-06,
TCGA-D3-A1QB-06,
TCGA-D3-A2J6-06,
TCGA-D3-A2J7-06,
TCGA-D3-A2J8-06,
TCGA-D3-A2J9-06,
TCGA-D3-A2JA-06,
TCGA-D3-A2JB-06,
TCGA-D3-A2JC-06,
TCGA-D3-A2JD-06,
TCGA-D3-A2JE-06,
TCGA-D3-A2JF-06,
TCGA-D3-A2JG-06,
TCGA-D3-A2JH-06,
TCGA-D3-A2JK-06,
TCGA-D3-A2JL-06,
TCGA-D3-A2JN-06,
TCGA-D3-A2JO-06,
TCGA-D3-A2JP-06,
TCGA-D3-A3BZ-06,
TCGA-D3-A3C1-06,
TCGA-D3-A3C3-06,
TCGA-D3-A3C6-06,
TCGA-D3-A3C7-06,
TCGA-D3-A3C8-06,
TCGA-D3-A3CB-06,
TCGA-D3-A3CC-06,
TCGA-D3-A3CE-06,
TCGA-D3-A3CF-06,
TCGA-D3-A3ML-06,
TCGA-D3-A3MO-06,
TCGA-D3-A3MR-06,
TCGA-D3-A3MU-06,
TCGA-D3-A3MV-06,
TCGA-D3-A51E-06,
TCGA-D3-A51F-06,
TCGA-D3-A51G-06,
TCGA-D3-A51H-06,
TCGA-D3-A51J-06,
TCGA-D3-A51K-06,
TCGA-D3-A51N-06,
TCGA-D3-A51R-06,
TCGA-D3-A51T-06,
TCGA-D3-A5GL-06,
TCGA-D3-A5GN-06,
TCGA-D3-A5GO-06,
TCGA-D3-A5GR-06,
TCGA-D3-A5GS-06,
TCGA-D3-A5GT-01,
TCGA-D3-A5GU-06,
TCGA-D3-A8GB-06,
TCGA-D3-A8GC-06,
TCGA-D3-A8GD-06,
TCGA-D3-A8GE-06,
TCGA-D3-A8GI-06,
TCGA-D3-A8GJ-06,
TCGA-D3-A8GK-06,
TCGA-D3-A8GL-06,
TCGA-D3-A8GM-06,
TCGA-D3-A8GN-06,
TCGA-D3-A8GO-06,
TCGA-D3-A8GP-06,
TCGA-D3-A8GQ-06,
TCGA-D3-A8GR-06,
TCGA-D3-A8GS-06,
TCGA-D3-A8GV-06,
TCGA-D9-A148-06,
TCGA-D9-A149-06,
TCGA-D9-A1JW-06,
TCGA-D9-A1JX-06,
TCGA-D9-A1X3-01,
TCGA-D9-A1X3-06,
TCGA-D9-A3Z1-06,
TCGA-D9-A3Z3-06,
TCGA-D9-A3Z4-01,
TCGA-D9-A4Z2-01,
TCGA-D9-A4Z3-01,
TCGA-D9-A4Z5-01,
TCGA-D9-A4Z6-01,
TCGA-D9-A4Z6-06,
TCGA-D9-A6E9-06,
TCGA-D9-A6EA-06,
TCGA-D9-A6EC-06,
TCGA-D9-A6EG-06,
TCGA-DA-A1HV-06,
TCGA-DA-A1HW-06,
TCGA-DA-A1HY-06,
TCGA-DA-A1I0-06,
TCGA-DA-A1I1-06,
TCGA-DA-A1I2-06,
TCGA-DA-A1I4-06,
TCGA-DA-A1I5-06,
TCGA-DA-A1I7-06,
TCGA-DA-A1I8-06,
TCGA-DA-A1IA-06,
TCGA-DA-A1IB-06,
TCGA-DA-A1IC-06,
TCGA-DA-A3F2-06,
TCGA-DA-A3F3-06,
TCGA-DA-A3F5-06,
TCGA-DA-A3F8-06,
TCGA-DA-A95V-06,
TCGA-DA-A95W-06,
TCGA-DA-A95X-06,
TCGA-DA-A95Y-06,
TCGA-DA-A95Z-06,
TCGA-EB-A1NK-01,
TCGA-EB-A24C-01,
TCGA-EB-A24D-01,
TCGA-EB-A299-01,
TCGA-EB-A3HV-01,
TCGA-EB-A3XB-01,
TCGA-EB-A3XC-01,
TCGA-EB-A3XD-01,
TCGA-EB-A3XE-01,
TCGA-EB-A3XF-01,
TCGA-EB-A3Y6-01,
TCGA-EB-A3Y7-01,
TCGA-EB-A41A-01,
TCGA-EB-A41B-01,
TCGA-EB-A42Y-01,
TCGA-EB-A42Z-01,
TCGA-EB-A430-01,
TCGA-EB-A431-01,
TCGA-EB-A44N-01,
TCGA-EB-A44O-01,
TCGA-EB-A44P-01,
TCGA-EB-A44Q-06,
TCGA-EB-A44R-06,
TCGA-EB-A4IQ-01,
TCGA-EB-A4IS-01,
TCGA-EB-A4OY-01,
TCGA-EB-A4OZ-01,
TCGA-EB-A4P0-01,
TCGA-EB-A4XL-01,
TCGA-EB-A551-01,
TCGA-EB-A553-01,
TCGA-EB-A57M-01,
TCGA-EB-A5FP-01,
TCGA-EB-A5KH-06,
TCGA-EB-A5SE-01,
TCGA-EB-A5SF-01,
TCGA-EB-A5SG-06,
TCGA-EB-A5SH-06,
TCGA-EB-A5UL-06,
TCGA-EB-A5UM-01,
TCGA-EB-A5UN-06,
TCGA-EB-A5VU-01,
TCGA-EB-A5VV-06,
TCGA-EB-A6L9-06,
TCGA-EB-A6QY-01,
TCGA-EB-A6QZ-01,
TCGA-EB-A6R0-01,
TCGA-EE-A17X-06,
TCGA-EE-A17Y-06,
TCGA-EE-A17Z-06,
TCGA-EE-A180-06,
TCGA-EE-A181-06,
TCGA-EE-A182-06,
TCGA-EE-A183-06,
TCGA-EE-A184-06,
TCGA-EE-A185-06,
TCGA-EE-A20B-06,
TCGA-EE-A20C-06,
TCGA-EE-A20F-06,
TCGA-EE-A20H-06,
TCGA-EE-A20I-06,
TCGA-EE-A29A-06,
TCGA-EE-A29B-06,
TCGA-EE-A29C-06,
TCGA-EE-A29D-06,
TCGA-EE-A29E-06,
TCGA-EE-A29G-06,
TCGA-EE-A29H-06,
TCGA-EE-A29L-06,
TCGA-EE-A29M-06,
TCGA-EE-A29N-06,
TCGA-EE-A29P-06,
TCGA-EE-A29Q-06,
TCGA-EE-A29R-06,
TCGA-EE-A29S-06,
TCGA-EE-A29T-06,
TCGA-EE-A29V-06,
TCGA-EE-A29W-06,
TCGA-EE-A29X-06,
TCGA-EE-A2A0-06,
TCGA-EE-A2A1-06,
TCGA-EE-A2A2-06,
TCGA-EE-A2A5-06,
TCGA-EE-A2A6-06,
TCGA-EE-A2GB-06,
TCGA-EE-A2GC-06,
TCGA-EE-A2GD-06,
TCGA-EE-A2GE-06,
TCGA-EE-A2GH-06,
TCGA-EE-A2GI-06,
TCGA-EE-A2GJ-06,
TCGA-EE-A2GK-06,
TCGA-EE-A2GL-06,
TCGA-EE-A2GM-06,
TCGA-EE-A2GN-06,
TCGA-EE-A2GO-06,
TCGA-EE-A2GP-06,
TCGA-EE-A2GR-06,
TCGA-EE-A2GS-06,
TCGA-EE-A2GT-06,
TCGA-EE-A2GU-06,
TCGA-EE-A2M5-06,
TCGA-EE-A2M6-06,
TCGA-EE-A2M7-06,
TCGA-EE-A2M8-06,
TCGA-EE-A2MC-06,
TCGA-EE-A2MD-06,
TCGA-EE-A2ME-06,
TCGA-EE-A2MF-06,
TCGA-EE-A2MG-06,
TCGA-EE-A2MH-06,
TCGA-EE-A2MI-06,
TCGA-EE-A2MJ-06,
TCGA-EE-A2MK-06,
TCGA-EE-A2ML-06,
TCGA-EE-A2MM-06,
TCGA-EE-A2MN-06,
TCGA-EE-A2MP-06,
TCGA-EE-A2MQ-06,
TCGA-EE-A2MR-06,
TCGA-EE-A2MS-06,
TCGA-EE-A2MT-06,
TCGA-EE-A2MU-06,
TCGA-EE-A3AA-06,
TCGA-EE-A3AB-06,
TCGA-EE-A3AC-06,
TCGA-EE-A3AD-06,
TCGA-EE-A3AE-06,
TCGA-EE-A3AF-06,
TCGA-EE-A3AG-06,
TCGA-EE-A3AH-06,
TCGA-EE-A3J3-06,
TCGA-EE-A3J4-06,
TCGA-EE-A3J5-06,
TCGA-EE-A3J7-06,
TCGA-EE-A3J8-06,
TCGA-EE-A3JA-06,
TCGA-EE-A3JB-06,
TCGA-EE-A3JD-06,
TCGA-EE-A3JE-06,
TCGA-EE-A3JH-06,
TCGA-EE-A3JI-06,
TCGA-ER-A193-06,
TCGA-ER-A194-01,
TCGA-ER-A195-06,
TCGA-ER-A196-01,
TCGA-ER-A197-06,
TCGA-ER-A198-06,
TCGA-ER-A199-06,
TCGA-ER-A19A-06,
TCGA-ER-A19B-06,
TCGA-ER-A19C-06,
TCGA-ER-A19D-06,
TCGA-ER-A19E-06,
TCGA-ER-A19F-06,
TCGA-ER-A19G-06,
TCGA-ER-A19H-06,
TCGA-ER-A19J-06,
TCGA-ER-A19K-01,
TCGA-ER-A19L-06,
TCGA-ER-A19M-06,
TCGA-ER-A19N-06,
TCGA-ER-A19O-06,
TCGA-ER-A19P-06,
TCGA-ER-A19Q-06,
TCGA-ER-A19S-06,
TCGA-ER-A19T-01,
TCGA-ER-A19T-06,
TCGA-ER-A19W-06,
TCGA-ER-A1A1-06,
TCGA-ER-A2NB-01,
TCGA-ER-A2NC-06,
TCGA-ER-A2ND-06,
TCGA-ER-A2NE-06,
TCGA-ER-A2NF-01,
TCGA-ER-A2NF-06,
TCGA-ER-A2NG-06,
TCGA-ER-A2NH-06,
TCGA-ER-A3ES-06,
TCGA-ER-A3ET-06,
TCGA-ER-A3EV-06,
TCGA-ER-A3PL-06,
TCGA-ER-A42H-01,
TCGA-ER-A42K-06,
TCGA-ER-A42L-06,
TCGA-FR-A2OS-01,
TCGA-FR-A3R1-01,
TCGA-FR-A3YN-06,
TCGA-FR-A3YO-06,
TCGA-FR-A44A-06,
TCGA-FR-A69P-06,
TCGA-FR-A726-01,
TCGA-FR-A728-01,
TCGA-FR-A729-06,
TCGA-FR-A7U8-06,
TCGA-FR-A7U9-06,
TCGA-FR-A7UA-06,
TCGA-FR-A8YC-06,
TCGA-FR-A8YD-06,
TCGA-FR-A8YE-06,
TCGA-FS-A1YW-06,
TCGA-FS-A1YX-06,
TCGA-FS-A1YY-06,
TCGA-FS-A1Z0-06,
TCGA-FS-A1Z3-06,
TCGA-FS-A1Z4-06,
TCGA-FS-A1Z7-06,
TCGA-FS-A1ZA-06,
TCGA-FS-A1ZB-06,
TCGA-FS-A1ZC-06,
TCGA-FS-A1ZD-06,
TCGA-FS-A1ZE-06,
TCGA-FS-A1ZF-06,
TCGA-FS-A1ZG-06,
TCGA-FS-A1ZH-06,
TCGA-FS-A1ZJ-06,
TCGA-FS-A1ZK-06,
TCGA-FS-A1ZM-06,
TCGA-FS-A1ZN-01,
TCGA-FS-A1ZP-06,
TCGA-FS-A1ZQ-06,
TCGA-FS-A1ZR-06,
TCGA-FS-A1ZS-06,
TCGA-FS-A1ZT-06,
TCGA-FS-A1ZU-06,
TCGA-FS-A1ZW-06,
TCGA-FS-A1ZY-06,
TCGA-FS-A1ZZ-06,
TCGA-FS-A4F0-06,
TCGA-FS-A4F2-06,
TCGA-FS-A4F4-06,
TCGA-FS-A4F5-06,
TCGA-FS-A4F8-06,
TCGA-FS-A4F9-06,
TCGA-FS-A4FB-06,
TCGA-FS-A4FC-06,
TCGA-FS-A4FD-06,
TCGA-FW-A3I3-06,
TCGA-FW-A3R5-06,
TCGA-FW-A3TU-06,
TCGA-FW-A3TV-06,
TCGA-FW-A5DX-01,
TCGA-FW-A5DY-06,
TCGA-GF-A2C7-01,
TCGA-GF-A3OT-06,
TCGA-GF-A4EO-06,
TCGA-GF-A6C8-06,
TCGA-GF-A6C9-06,
TCGA-GF-A769-01,
TCGA-GN-A262-06,
TCGA-GN-A263-01,
TCGA-GN-A264-06,
TCGA-GN-A265-06,
TCGA-GN-A266-06,
TCGA-GN-A267-06,
TCGA-GN-A268-06,
TCGA-GN-A269-01,
TCGA-GN-A26A-06,
TCGA-GN-A26C-01,
TCGA-GN-A26D-06,
TCGA-GN-A4U3-06,
TCGA-GN-A4U4-06,
TCGA-GN-A4U5-01,
TCGA-GN-A4U7-06,
TCGA-GN-A4U8-06,
TCGA-GN-A4U9-06,
TCGA-GN-A8LK-06,
TCGA-GN-A8LL-06,
TCGA-GN-A9SD-06,
TCGA-HR-A2OG-01,
TCGA-HR-A2OG-06,
TCGA-HR-A2OH-01,
TCGA-HR-A2OH-06,
TCGA-IH-A3EA-01,
TCGA-LH-A9QB-06,
TCGA-OD-A75X-06,
TCGA-QB-A6FS-06,
TCGA-QB-AA9O-06,
TCGA-RP-A690-06,
TCGA-RP-A693-06,
TCGA-RP-A694-06,
TCGA-RP-A695-06,
TCGA-RP-A6K9-06,
TCGA-W3-A824-06,
TCGA-W3-A825-06,
TCGA-W3-A828-06,
TCGA-W3-AA1O-06,
TCGA-W3-AA1Q-06,
TCGA-W3-AA1R-06,
TCGA-W3-AA1V-06,
TCGA-W3-AA1W-06,
TCGA-W3-AA21-06,
TCGA-WE-A8JZ-06,
TCGA-WE-A8K1-06,
TCGA-WE-A8K5-06,
TCGA-WE-A8K6-06,
TCGA-WE-A8ZM-06,
TCGA-WE-A8ZN-06,
TCGA-WE-A8ZO-06,
TCGA-WE-A8ZQ-06,
TCGA-WE-A8ZT-06,
TCGA-WE-A8ZX-06,
TCGA-WE-A8ZY-06,
TCGA-WE-AA9Y-06,
TCGA-WE-AAA0-06,
TCGA-WE-AAA3-06,
TCGA-WE-AAA4-06,
TCGA-XV-AB01-06,
TCGA-YD-A89C-06,
TCGA-YD-A9TA-06,
TCGA-YD-A9TB-06,
TCGA-YG-AA3O-06,
TCGA-YG-AA3P-06,
TCGA-Z2-A8RT-06,
TCGA-Z2-AA3S-06,
TCGA-Z2-AA3V-06,
TCGA-3M-AB46-01,1.235
TCGA-3M-AB47-01,2.2706
TCGA-B7-5816-01,-0.9089
TCGA-B7-5818-01,-1.694
TCGA-B7-A5TI-01,0.1336
TCGA-B7-A5TJ-01,-0.2885
TCGA-B7-A5TK-01,2.0726
TCGA-B7-A5TN-01,0.8901
TCGA-BR-4183-01,
TCGA-BR-4184-01,
TCGA-BR-4187-01,0.7125
TCGA-BR-4188-01,
TCGA-BR-4191-01,2.6452
TCGA-BR-4201-01,0.0745
TCGA-BR-4253-01,2.3356
TCGA-BR-4255-01,0.6791
TCGA-BR-4256-01,0.4614
TCGA-BR-4257-01,0.2068
TCGA-BR-4267-01,1.2816
TCGA-BR-4279-01,1.6519
TCGA-BR-4280-01,0.8263
TCGA-BR-4292-01,0.1606
TCGA-BR-4294-01,0.8771
TCGA-BR-4357-01,0.2521
TCGA-BR-4361-01,0.7922
TCGA-BR-4362-01,-0.4978
TCGA-BR-4363-01,2.6648
TCGA-BR-4366-01,0.366
TCGA-BR-4367-01,1.098
TCGA-BR-4368-01,1.4119
TCGA-BR-4369-01,0.7787
TCGA-BR-4370-01,1.0143
TCGA-BR-4371-01,2.388
TCGA-BR-6452-01,-0.3152
TCGA-BR-6453-01,-0.3619
TCGA-BR-6454-01,0.4338
TCGA-BR-6455-01,0.4301
TCGA-BR-6456-01,1.282
TCGA-BR-6457-01,-1.1837
TCGA-BR-6458-01,0.8114
TCGA-BR-6563-01,0.5873
TCGA-BR-6564-01,-1.8888
TCGA-BR-6565-01,0.6006
TCGA-BR-6566-01,-0.4636
TCGA-BR-6705-01,-0.8017
TCGA-BR-6706-01,0.4655
TCGA-BR-6707-01,-0.1919
TCGA-BR-6709-01,-0.9681
TCGA-BR-6710-01,
TCGA-BR-6801-01,1.7815
TCGA-BR-6802-01,1.147
TCGA-BR-6803-01,-0.9117
TCGA-BR-6852-01,-0.4989
TCGA-BR-7196-01,0.4806
TCGA-BR-7197-01,-0.1272
TCGA-BR-7703-01,-0.4501
TCGA-BR-7704-01,0.9443
TCGA-BR-7707-01,-1.0018
TCGA-BR-7715-01,-0.0078
TCGA-BR-7716-01,1.0848
TCGA-BR-7717-01,-1.1493
TCGA-BR-7722-01,-0.3642
TCGA-BR-7723-01,0.816
TCGA-BR-7851-01,0.3465
TCGA-BR-7901-01,1.1639
TCGA-BR-7957-01,0.6594
TCGA-BR-7958-01,0.4409
TCGA-BR-7959-01,1.1143
TCGA-BR-8058-01,0.2677
TCGA-BR-8059-01,-0.1346
TCGA-BR-8060-01,0.7382
TCGA-BR-8077-01,1.8219
TCGA-BR-8078-01,0.9133
TCGA-BR-8080-01,0.2201
TCGA-BR-8081-01,0.2159
TCGA-BR-8284-01,0.6278
TCGA-BR-8285-01,
TCGA-BR-8286-01,0.586
TCGA-BR-8289-01,-0.3247
TCGA-BR-8291-01,0.6159
TCGA-BR-8295-01,-1.1376
TCGA-BR-8296-01,0.3167
TCGA-BR-8297-01,0.7967
TCGA-BR-8360-01,
TCGA-BR-8361-01,0.3758
TCGA-BR-8362-01,2.2557
TCGA-BR-8363-01,1.051
TCGA-BR-8364-01,0.6078
TCGA-BR-8365-01,0.7714
TCGA-BR-8366-01,0.1583
TCGA-BR-8367-01,0.8383
TCGA-BR-8368-01,0.9839
TCGA-BR-8369-01,1.9002
TCGA-BR-8370-01,
TCGA-BR-8371-01,0.5342
TCGA-BR-8372-01,2.1214
TCGA-BR-8373-01,2.1918
TCGA-BR-8380-01,0.3201
TCGA-BR-8381-01,0.6595
TCGA-BR-8382-01,0.0916
TCGA-BR-8384-01,0.6696
TCGA-BR-8483-01,0.6396
TCGA-BR-8484-01,2.1648
TCGA-BR-8485-01,1.1636
TCGA-BR-8486-01,1.8463
TCGA-BR-8487-01,-0.534
TCGA-BR-8588-01,-0.7837
TCGA-BR-8589-01,1.393
TCGA-BR-8590-01,0.2658
TCGA-BR-8591-01,0.0704
TCGA-BR-8592-01,0.3489
TCGA-BR-8676-01,0.9114
TCGA-BR-8677-01,0.3036
TCGA-BR-8678-01,1.1529
TCGA-BR-8679-01,1.3572
TCGA-BR-8680-01,2.8768
TCGA-BR-8682-01,0.9486
TCGA-BR-8683-01,2.8944
TCGA-BR-8686-01,1.4551
TCGA-BR-8687-01,0.4137
TCGA-BR-8690-01,0.7451
TCGA-BR-A44T-01,0.9133
TCGA-BR-A44U-01,3.1799
TCGA-BR-A452-01,0.4496
TCGA-BR-A453-01,0.5514
TCGA-BR-A4CQ-01,
TCGA-BR-A4CR-01,3.429
TCGA-BR-A4CS-01,1.325
TCGA-BR-A4IU-01,0.7668
TCGA-BR-A4IV-01,0.6856
TCGA-BR-A4IY-01,0.3249
TCGA-BR-A4IZ-01,0.2312
TCGA-BR-A4J1-01,0.1464
TCGA-BR-A4J2-01,1.0567
TCGA-BR-A4J4-01,0.8359
TCGA-BR-A4J5-01,-0.0325
TCGA-BR-A4J6-01,-0.1908
TCGA-BR-A4J7-01,0.8135
TCGA-BR-A4J8-01,0.2593
TCGA-BR-A4J9-01,0.96
TCGA-BR-A4PD-01,0.0766
TCGA-BR-A4PE-01,0.6108
TCGA-BR-A4PF-01,2.4537
TCGA-BR-A4QI-01,4.2195
TCGA-BR-A4QL-01,1.2481
TCGA-BR-A4QM-01,1.8986
TCGA-CD-5798-01,-1.0825
TCGA-CD-5799-01,-0.5185
TCGA-CD-5800-01,-0.3557
TCGA-CD-5801-01,-0.3743
TCGA-CD-5802-01,
TCGA-CD-5803-01,-0.2053
TCGA-CD-5804-01,-1.0667
TCGA-CD-5813-01,-1.1877
TCGA-CD-8524-01,1.2953
TCGA-CD-8525-01,-0.1674
TCGA-CD-8526-01,0.1028
TCGA-CD-8527-01,-0.6689
TCGA-CD-8528-01,1.5093
TCGA-CD-8529-01,-0.3687
TCGA-CD-8530-01,0.0212
TCGA-CD-8531-01,0.9801
TCGA-CD-8532-01,0.3811
TCGA-CD-8533-01,2.4476
TCGA-CD-8534-01,1.1221
TCGA-CD-8535-01,0.6577
TCGA-CD-8536-01,0.3833
TCGA-CD-A486-01,-0.6671
TCGA-CD-A487-01,0.8315
TCGA-CD-A489-01,1.2303
TCGA-CD-A48A-01,0.3943
TCGA-CD-A48C-01,0.1451
TCGA-CD-A4MG-01,0.5141
TCGA-CD-A4MH-01,1.385
TCGA-CD-A4MI-01,0.2115
TCGA-CD-A4MJ-01,0.5215
TCGA-CG-4300-01,
TCGA-CG-4301-01,0.4202
TCGA-CG-4304-01,0.5513
TCGA-CG-4305-01,-0.3653
TCGA-CG-4306-01,0.6376
TCGA-CG-4436-01,1.1852
TCGA-CG-4437-01,-1.8925
TCGA-CG-4438-01,1.5804
TCGA-CG-4440-01,0.2645
TCGA-CG-4441-01,-0.0917
TCGA-CG-4442-01,-2.1871
TCGA-CG-4443-01,0.8403
TCGA-CG-4444-01,1.7732
TCGA-CG-4449-01,0.4031
TCGA-CG-4455-01,
TCGA-CG-4462-01,0.2814
TCGA-CG-4465-01,0.6315
TCGA-CG-4466-01,0.7475
TCGA-CG-4469-01,1.0728
TCGA-CG-4472-01,0.6684
TCGA-CG-4474-01,0.1811
TCGA-CG-4475-01,0.274
TCGA-CG-4476-01,0.9382
TCGA-CG-4477-01,0.8244
TCGA-CG-5717-01,0.0083
TCGA-CG-5718-01,-2.1319
TCGA-CG-5719-01,-1.1465
TCGA-CG-5720-01,-1.1238
TCGA-CG-5721-01,0.2803
TCGA-CG-5722-01,-0.572
TCGA-CG-5723-01,-0.0794
TCGA-CG-5724-01,-0.9519
TCGA-CG-5725-01,-0.6231
TCGA-CG-5726-01,-1.0556
TCGA-CG-5727-01,
TCGA-CG-5728-01,
TCGA-CG-5730-01,
TCGA-CG-5732-01,-1.0234
TCGA-CG-5733-01,
TCGA-CG-5734-01,-0.651
TCGA-D7-5577-01,-0.8991
TCGA-D7-5578-01,-0.5811
TCGA-D7-5579-01,
TCGA-D7-6518-01,0.5512
TCGA-D7-6519-01,0.0532
TCGA-D7-6520-01,-1.233
TCGA-D7-6521-01,0.0202
TCGA-D7-6522-01,-1.1617
TCGA-D7-6524-01,-0.5197
TCGA-D7-6525-01,-0.2931
TCGA-D7-6526-01,-0.123
TCGA-D7-6527-01,-1.0671
TCGA-D7-6528-01,2.4866
TCGA-D7-6815-01,1.371
TCGA-D7-6817-01,1.8385
TCGA-D7-6818-01,0.3182
TCGA-D7-6820-01,-1.7524
TCGA-D7-6822-01,-0.1439
TCGA-D7-8570-01,-0.687
TCGA-D7-8572-01,0.5657
TCGA-D7-8573-01,2.1277
TCGA-D7-8574-01,1.371
TCGA-D7-8575-01,1.6385
TCGA-D7-8576-01,0.5267
TCGA-D7-8578-01,0.3876
TCGA-D7-8579-01,-0.3535
TCGA-D7-A4YT-01,0.8454
TCGA-D7-A4YU-01,2.7526
TCGA-D7-A4YV-01,1.8468
TCGA-D7-A4YX-01,1.2814
TCGA-D7-A4YY-01,0.7198
TCGA-D7-A4Z0-01,0.0639
TCGA-D7-A6ET-01,
TCGA-D7-A6EV-01,0.3752
TCGA-D7-A6EX-01,0.1416
TCGA-D7-A6EY-01,-0.014
TCGA-D7-A6EZ-01,1.4622
TCGA-D7-A6F0-01,0.2751
TCGA-D7-A6F2-01,0.9419
TCGA-D7-A747-01,1.7104
TCGA-D7-A748-01,-0.5203
TCGA-D7-A74A-01,3.0746
TCGA-D7-A74B-01,
TCGA-EQ-5647-01,
TCGA-EQ-8122-01,1.1297
TCGA-EQ-A4SO-01,0.6448
TCGA-F1-6177-01,-1.0577
TCGA-F1-6874-01,0.8693
TCGA-F1-6875-01,1.1852
TCGA-F1-A448-01,0.3209
TCGA-F1-A72C-01,0.7341
TCGA-FP-7735-01,-0.2166
TCGA-FP-7829-01,1.3019
TCGA-FP-7916-01,0.9649
TCGA-FP-7998-01,1.5274
TCGA-FP-8099-01,1.0799
TCGA-FP-8209-01,1.3447
TCGA-FP-8210-01,0.4505
TCGA-FP-8211-01,-0.2465
TCGA-FP-8631-01,0.5599
TCGA-FP-A4BE-01,1.8306
TCGA-FP-A4BF-01,1.3387
TCGA-FP-A8CX-01,0.0716
TCGA-FP-A9TM-01,1.9028
TCGA-HF-7132-01,0.4376
TCGA-HF-7133-01,0.1
TCGA-HF-7134-01,0.3536
TCGA-HF-7136-01,-0.0753
TCGA-HF-A5NB-01,-5.7563
TCGA-HJ-7597-01,1.6364
TCGA-HU-8238-01,-0.4588
TCGA-HU-8243-01,0.355
TCGA-HU-8244-01,0.0656
TCGA-HU-8245-01,
TCGA-HU-8249-01,1.1847
TCGA-HU-8602-01,1.9789
TCGA-HU-8604-01,3.2905
TCGA-HU-8608-01,0.9746
TCGA-HU-8610-01,-0.2988
TCGA-HU-A4G2-01,0.7757
TCGA-HU-A4G3-01,-0.3864
TCGA-HU-A4G6-01,2.7009
TCGA-HU-A4G8-01,1.6136
TCGA-HU-A4G9-01,0.6037
TCGA-HU-A4GC-01,-0.15
TCGA-HU-A4GD-01,1.924
TCGA-HU-A4GF-01,2.0509
TCGA-HU-A4GH-01,0.928
TCGA-HU-A4GJ-01,1.8062
TCGA-HU-A4GN-01,-0.1727
TCGA-HU-A4GP-01,0.7149
TCGA-HU-A4GQ-01,0.943
TCGA-HU-A4GT-01,0.7442
TCGA-HU-A4GU-01,1.8271
TCGA-HU-A4GX-01,1.3421
TCGA-HU-A4GY-01,1.7056
TCGA-HU-A4H0-01,1.5333
TCGA-HU-A4H2-01,0.9259
TCGA-HU-A4H3-01,1.1656
TCGA-HU-A4H4-01,1.5217
TCGA-HU-A4H5-01,2.356
TCGA-HU-A4H6-01,0.7925
TCGA-HU-A4H8-01,1.3675
TCGA-HU-A4HB-01,0.981
TCGA-HU-A4HD-01,-0.0667
TCGA-IN-7806-01,0.7335
TCGA-IN-7808-01,1.3512
TCGA-IN-8462-01,0.1661
TCGA-IN-8663-01,4.3282
TCGA-IN-A6RI-01,0.752
TCGA-IN-A6RJ-01,-0.3522
TCGA-IN-A6RL-01,0.6472
TCGA-IN-A6RN-01,-0.3174
TCGA-IN-A6RO-01,1.2506
TCGA-IN-A6RP-01,
TCGA-IN-A6RR-01,1.2199
TCGA-IN-A6RS-01,0.1544
TCGA-IN-A7NR-01,0.151
TCGA-IN-A7NT-01,1.2772
TCGA-IN-A7NU-01,1.0219
TCGA-IN-AB1V-01,1.2451
TCGA-IN-AB1X-01,2.7999
TCGA-IP-7968-01,1.2013
TCGA-KB-A6F5-01,
TCGA-KB-A6F7-01,1.1862
TCGA-KB-A93G-01,1.5263
TCGA-KB-A93H-01,0.3491
TCGA-KB-A93J-01,0.9335
TCGA-MX-A5UG-01,1.2452
TCGA-MX-A5UJ-01,-0.1755
TCGA-MX-A663-01,0.1617
TCGA-MX-A666-01,1.2589
TCGA-R5-A7O7-01,1.4485
TCGA-R5-A7ZE-01,1.0321
TCGA-R5-A7ZF-01,0.6069
TCGA-R5-A7ZI-01,1.1491
TCGA-R5-A7ZR-01,0.7158
TCGA-R5-A804-01,
TCGA-R5-A805-01,0.3194
TCGA-RD-A7BS-01,0.94
TCGA-RD-A7BT-01,1.5512
TCGA-RD-A7BW-01,1.237
TCGA-RD-A7C1-01,1.6339
TCGA-RD-A8MV-01,-0.2305
TCGA-RD-A8MW-01,1.4302
TCGA-RD-A8N0-01,1.4225
TCGA-RD-A8N1-01,-0.1686
TCGA-RD-A8N2-01,1.1113
TCGA-RD-A8N4-01,1.1206
TCGA-RD-A8N5-01,0.0821
TCGA-RD-A8N6-01,2.219
TCGA-RD-A8N9-01,1.8269
TCGA-RD-A8NB-01,1.3726
TCGA-SW-A7EA-01,-0.3442
TCGA-SW-A7EB-01,0.1886
TCGA-VQ-A8DL-01,
TCGA-VQ-A8DT-01,-0.1569
TCGA-VQ-A8DU-01,1.8456
TCGA-VQ-A8DV-01,0.1485
TCGA-VQ-A8DZ-01,-1.0749
TCGA-VQ-A8E0-01,1.5689
TCGA-VQ-A8E2-01,-0.9113
TCGA-VQ-A8E3-01,1.8499
TCGA-VQ-A8E7-01,1.4382
TCGA-VQ-A8P2-01,0.7749
TCGA-VQ-A8P3-01,-0.1612
TCGA-VQ-A8P5-01,1.4671
TCGA-VQ-A8P8-01,1.5158
TCGA-VQ-A8PB-01,2.1534
TCGA-VQ-A8PC-01,2.4678
TCGA-VQ-A8PD-01,0.9488
TCGA-VQ-A8PE-01,0.8528
TCGA-VQ-A8PF-01,1.2145
TCGA-VQ-A8PH-01,2.3622
TCGA-VQ-A8PJ-01,1.7025
TCGA-VQ-A8PK-01,2.3882
TCGA-VQ-A8PM-01,1.7104
TCGA-VQ-A8PO-01,0.6527
TCGA-VQ-A8PP-01,1.7471
TCGA-VQ-A8PQ-01,2.6557
TCGA-VQ-A8PS-01,
TCGA-VQ-A8PT-01,
TCGA-VQ-A8PU-01,2.3299
TCGA-VQ-A8PX-01,1.6915
TCGA-VQ-A8PY-01,
TCGA-VQ-A8PZ-01,
TCGA-VQ-A91A-01,1.6017
TCGA-VQ-A91D-01,0.7737
TCGA-VQ-A91E-01,1.0437
TCGA-VQ-A91K-01,0.7786
TCGA-VQ-A91N-01,2.7305
TCGA-VQ-A91Q-01,-0.2417
TCGA-VQ-A91S-01,3.6028
TCGA-VQ-A91U-01,2.3677
TCGA-VQ-A91V-01,1.6885
TCGA-VQ-A91W-01,1.2715
TCGA-VQ-A91X-01,2.7545
TCGA-VQ-A91Y-01,1.3272
TCGA-VQ-A91Z-01,2.6305
TCGA-VQ-A922-01,1.2077
TCGA-VQ-A923-01,2.1169
TCGA-VQ-A924-01,1.2195
TCGA-VQ-A925-01,1.5167
TCGA-VQ-A927-01,1.121
TCGA-VQ-A928-01,0.5873
TCGA-VQ-A92D-01,3.9467
TCGA-VQ-A94O-01,1.78
TCGA-VQ-A94P-01,1.7317
TCGA-VQ-A94R-01,1.5922
TCGA-VQ-A94T-01,1.6961
TCGA-VQ-A94U-01,1.8651
TCGA-VQ-AA64-01,0.9357
TCGA-VQ-AA68-01,2.2763
TCGA-VQ-AA69-01,2.571
TCGA-VQ-AA6A-01,2.5124
TCGA-VQ-AA6B-01,2.3508
TCGA-VQ-AA6D-01,1.6355
TCGA-VQ-AA6F-01,1.5027
TCGA-VQ-AA6G-01,0.6252
TCGA-VQ-AA6I-01,0.5067
TCGA-VQ-AA6J-01,1.8876
TCGA-VQ-AA6K-01,0.6868
TCGA-ZA-A8F6-01,1.4605
TCGA-ZQ-A9CR-01,0.612
TCGA-2G-AAEW-01,
TCGA-2G-AAEX-01,
TCGA-2G-AAF1-01,
TCGA-2G-AAF4-01,
TCGA-2G-AAF6-01,
TCGA-2G-AAF8-01,
TCGA-2G-AAFG-01,
TCGA-2G-AAFH-01,
TCGA-2G-AAFI-01,
TCGA-2G-AAFJ-01,
TCGA-2G-AAFL-01,
TCGA-2G-AAFM-01,
TCGA-2G-AAFN-01,
TCGA-2G-AAFO-01,
TCGA-2G-AAFV-01,
TCGA-2G-AAFY-01,
TCGA-2G-AAFZ-01,
TCGA-2G-AAG0-01,
TCGA-2G-AAG3-01,
TCGA-2G-AAG5-01,
TCGA-2G-AAG6-01,
TCGA-2G-AAG7-01,
TCGA-2G-AAG8-01,
TCGA-2G-AAG9-01,
TCGA-2G-AAGA-01,
TCGA-2G-AAGC-01,
TCGA-2G-AAGE-01,
TCGA-2G-AAGF-01,
TCGA-2G-AAGG-01,
TCGA-2G-AAGI-01,
TCGA-2G-AAGJ-01,
TCGA-2G-AAGK-01,
TCGA-2G-AAGM-01,
TCGA-2G-AAGN-01,
TCGA-2G-AAGO-01,
TCGA-2G-AAGP-01,
TCGA-2G-AAGS-01,
TCGA-2G-AAGT-01,
TCGA-2G-AAGV-01,
TCGA-2G-AAGW-01,
TCGA-2G-AAGX-01,
TCGA-2G-AAGY-01,
TCGA-2G-AAGZ-01,
TCGA-2G-AAH0-01,
TCGA-2G-AAH2-01,
TCGA-2G-AAH3-01,
TCGA-2G-AAH4-01,
TCGA-2G-AAH8-01,
TCGA-2G-AAHA-01,
TCGA-2G-AAHC-01,
TCGA-2G-AAHG-01,
TCGA-2G-AAHL-01,
TCGA-2G-AAHN-01,
TCGA-2G-AAHP-01,
TCGA-2G-AAHT-01,
TCGA-2G-AAKD-01,
TCGA-2G-AAKG-01,
TCGA-2G-AAKH-01,
TCGA-2G-AAKL-01,
TCGA-2G-AAKM-01,
TCGA-2G-AAKO-01,
TCGA-2G-AAL5-01,
TCGA-2G-AAL7-01,
TCGA-2G-AALF-01,
TCGA-2G-AALG-01,
TCGA-2G-AALN-01,
TCGA-2G-AALO-01,
TCGA-2G-AALP-01,
TCGA-2G-AALQ-01,
TCGA-2G-AALR-01,
TCGA-2G-AALS-01,
TCGA-2G-AALT-01,
TCGA-2G-AALW-01,
TCGA-2G-AALX-01,
TCGA-2G-AALY-01,
TCGA-2G-AALZ-01,
TCGA-2G-AAM2-01,
TCGA-2G-AAM3-01,
TCGA-2G-AAM4-01,
TCGA-2X-A9D5-01,
TCGA-2X-A9D6-01,
TCGA-4K-AA1G-01,
TCGA-4K-AA1H-01,
TCGA-4K-AA1I-01,
TCGA-4K-AAAL-01,
TCGA-S6-A8JW-01,
TCGA-S6-A8JX-01,
TCGA-S6-A8JY-01,
TCGA-SB-A6J6-01,
TCGA-SB-A76C-01,
TCGA-SN-A6IS-01,
TCGA-SN-A84W-01,
TCGA-SN-A84X-01,
TCGA-SN-A84Y-01,
TCGA-SO-A8JP-01,
TCGA-VF-A8A8-01,
TCGA-VF-A8A9-01,
TCGA-VF-A8AA-01,
TCGA-VF-A8AB-01,
TCGA-VF-A8AC-01,
TCGA-VF-A8AD-01,
TCGA-VF-A8AE-01,
TCGA-W4-A7U2-01,
TCGA-W4-A7U3-01,
TCGA-W4-A7U4-01,
TCGA-WZ-A7V3-01,
TCGA-WZ-A7V4-01,
TCGA-WZ-A7V5-01,
TCGA-WZ-A8D5-01,
TCGA-X3-A8G4-01,
TCGA-XE-A8H1-01,
TCGA-XE-A8H4-01,
TCGA-XE-A8H5-01,
TCGA-XE-A9SE-01,
TCGA-XE-AANI-01,
TCGA-XE-AANJ-01,
TCGA-XE-AANR-01,
TCGA-XE-AANV-01,
TCGA-XE-AAO3-01,
TCGA-XE-AAO4-01,
TCGA-XE-AAO6-01,
TCGA-XE-AAOB-01,
TCGA-XE-AAOC-01,
TCGA-XE-AAOD-01,
TCGA-XE-AAOF-01,
TCGA-XE-AAOJ-01,
TCGA-XE-AAOL-01,
TCGA-XY-A89B-01,
TCGA-XY-A8S2-01,
TCGA-XY-A8S3-01,
TCGA-XY-A9T9-01,
TCGA-YU-A90P-01,
TCGA-YU-A90Q-01,
TCGA-YU-A90S-01,
TCGA-YU-A90W-01,
TCGA-YU-A90Y-01,
TCGA-YU-A912-01,
TCGA-YU-A94D-01,
TCGA-YU-A94I-01,
TCGA-YU-AA4L-01,
TCGA-YU-AA61-01,
TCGA-ZM-AA05-01,
TCGA-ZM-AA06-01,
TCGA-ZM-AA0B-01,
TCGA-ZM-AA0D-01,
TCGA-ZM-AA0E-01,
TCGA-ZM-AA0F-01,
TCGA-ZM-AA0H-01,
TCGA-ZM-AA0N-01,
TCGA-4C-A93U-01,-0.7496
TCGA-BJ-A0YZ-01,-1.7892
TCGA-BJ-A0Z0-01,0.708
TCGA-BJ-A0Z2-01,-0.1025
TCGA-BJ-A0Z3-01,0.1876
TCGA-BJ-A0Z5-01,-0.5041
TCGA-BJ-A0Z9-01,-1.1517
TCGA-BJ-A0ZA-01,-0.1344
TCGA-BJ-A0ZB-01,0.0037
TCGA-BJ-A0ZC-01,-0.024
TCGA-BJ-A0ZE-01,-1.1631
TCGA-BJ-A0ZG-01,-0.6997
TCGA-BJ-A0ZH-01,-0.8145
TCGA-BJ-A0ZJ-01,-0.6231
TCGA-BJ-A18Y-01,-0.3656
TCGA-BJ-A18Z-01,-0.866
TCGA-BJ-A190-01,1.0107
TCGA-BJ-A191-01,-0.0928
TCGA-BJ-A192-01,-1.5952
TCGA-BJ-A28R-01,-0.0913
TCGA-BJ-A28S-01,0.0254
TCGA-BJ-A28T-01,-0.0363
TCGA-BJ-A28V-01,-0.443
TCGA-BJ-A28W-01,-2.6414
TCGA-BJ-A28X-01,-0.479
TCGA-BJ-A28Z-01,-1.2567
TCGA-BJ-A290-01,-0.0229
TCGA-BJ-A291-01,-1.8788
TCGA-BJ-A2N7-01,-0.2229
TCGA-BJ-A2N8-01,-0.4163
TCGA-BJ-A2N9-01,-2.7235
TCGA-BJ-A2NA-01,-0.201
TCGA-BJ-A2P4-01,-2.0253
TCGA-BJ-A3EZ-01,-0.028
TCGA-BJ-A3F0-01,-1.988
TCGA-BJ-A3PR-01,-1.3816
TCGA-BJ-A3PT-01,-1.5386
TCGA-BJ-A3PU-01,-2.1442
TCGA-BJ-A45C-01,-0.8185
TCGA-BJ-A45D-01,-3.4782
TCGA-BJ-A45E-01,-2.3617
TCGA-BJ-A45F-01,-1.1403
TCGA-BJ-A45G-01,-0.9177
TCGA-BJ-A45H-01,-0.9385
TCGA-BJ-A45I-01,-1.2042
TCGA-BJ-A45J-01,-1.7038
TCGA-BJ-A45K-01,-2.0291
TCGA-BJ-A4O8-01,-1.2736
TCGA-BJ-A4O9-01,-0.2182
TCGA-CE-A13K-01,-0.5827
TCGA-CE-A27D-01,-0.4248
TCGA-CE-A3MD-01,-1.0602
TCGA-CE-A3ME-01,-0.5056
TCGA-CE-A481-01,-0.7425
TCGA-CE-A482-01,-0.6277
TCGA-CE-A483-01,0.2079
TCGA-CE-A484-01,-0.0638
TCGA-CE-A485-01,-1.0222
TCGA-DE-A0XZ-01,-0.0201
TCGA-DE-A0Y2-01,-0.0005
TCGA-DE-A0Y3-01,0.4178
TCGA-DE-A2OL-01,-0.2682
TCGA-DE-A3KN-01,-0.2023
TCGA-DE-A4M8-01,-0.6081
TCGA-DE-A4M9-01,-0.6111
TCGA-DE-A4MA-01,-3.9869
TCGA-DE-A4MB-01,-1.1779
TCGA-DE-A4MC-01,-0.1964
TCGA-DE-A4MD-01,0.874
TCGA-DE-A69J-01,0.288
TCGA-DE-A69K-01,-0.0554
TCGA-DE-A7U5-01,-1.0954
TCGA-DJ-A13L-01,-0.6815
TCGA-DJ-A13M-01,-2.0432
TCGA-DJ-A13O-01,-1.3121
TCGA-DJ-A13P-01,0.5427
TCGA-DJ-A13R-01,-0.7971
TCGA-DJ-A13S-01,-0.413
TCGA-DJ-A13T-01,1.0506
TCGA-DJ-A13U-01,0.4124
TCGA-DJ-A13V-01,-0.0462
TCGA-DJ-A13W-01,-0.875
TCGA-DJ-A13X-01,0.7196
TCGA-DJ-A1QD-01,0.3009
TCGA-DJ-A1QE-01,-0.0027
TCGA-DJ-A1QF-01,0.6842
TCGA-DJ-A1QG-01,0.3754
TCGA-DJ-A1QH-01,0.1036
TCGA-DJ-A1QI-01,0.8075
TCGA-DJ-A1QL-01,-1.7576
TCGA-DJ-A1QM-01,-0.6112
TCGA-DJ-A1QN-01,0.1915
TCGA-DJ-A1QO-01,-1.4849
TCGA-DJ-A1QQ-01,0.3049
TCGA-DJ-A2PN-01,-0.1287
TCGA-DJ-A2PO-01,0.2729
TCGA-DJ-A2PP-01,0.4324
TCGA-DJ-A2PQ-01,0.796
TCGA-DJ-A2PR-01,0.5022
TCGA-DJ-A2PS-01,1.0696
TCGA-DJ-A2PT-01,-2.5629
TCGA-DJ-A2PU-01,0.1103
TCGA-DJ-A2PV-01,0.3913
TCGA-DJ-A2PW-01,-0.4745
TCGA-DJ-A2PX-01,0.2757
TCGA-DJ-A2PY-01,0.531
TCGA-DJ-A2PZ-01,0.1568
TCGA-DJ-A2Q0-01,-0.046
TCGA-DJ-A2Q1-01,-2.1149
TCGA-DJ-A2Q2-01,0.4624
TCGA-DJ-A2Q3-01,0.299
TCGA-DJ-A2Q4-01,-0.0881
TCGA-DJ-A2Q5-01,-0.0391
TCGA-DJ-A2Q6-01,0.5616
TCGA-DJ-A2Q7-01,-0.1682
TCGA-DJ-A2Q8-01,
TCGA-DJ-A2Q9-01,-0.4133
TCGA-DJ-A2QA-01,-3.125
TCGA-DJ-A2QB-01,-0.2113
TCGA-DJ-A2QC-01,-2.2866
TCGA-DJ-A3UK-01,-0.1855
TCGA-DJ-A3UM-01,-0.4621
TCGA-DJ-A3UN-01,-0.2564
TCGA-DJ-A3UO-01,-0.575
TCGA-DJ-A3UP-01,0.153
TCGA-DJ-A3UQ-01,-0.59
TCGA-DJ-A3UR-01,-0.3662
TCGA-DJ-A3US-01,-0.7402
TCGA-DJ-A3UT-01,-1.1855
TCGA-DJ-A3UU-01,0.0204
TCGA-DJ-A3UW-01,-1.2233
TCGA-DJ-A3UX-01,0.1772
TCGA-DJ-A3UY-01,-0.4083
TCGA-DJ-A3UZ-01,-0.3865
TCGA-DJ-A3V0-01,-1.5423
TCGA-DJ-A3V2-01,-0.6116
TCGA-DJ-A3V3-01,-1.3654
TCGA-DJ-A3V4-01,0.0188
TCGA-DJ-A3V5-01,-0.3188
TCGA-DJ-A3V7-01,-1.1096
TCGA-DJ-A3V8-01,-0.663
TCGA-DJ-A3V9-01,-0.9833
TCGA-DJ-A3VA-01,-0.4722
TCGA-DJ-A3VB-01,-1.5555
TCGA-DJ-A3VD-01,-0.7229
TCGA-DJ-A3VE-01,-0.2796
TCGA-DJ-A3VF-01,-0.777
TCGA-DJ-A3VG-01,-0.8907
TCGA-DJ-A3VI-01,-1.1062
TCGA-DJ-A3VJ-01,-1.5977
TCGA-DJ-A3VK-01,-0.2405
TCGA-DJ-A3VL-01,-1.2065
TCGA-DJ-A3VM-01,-0.6106
TCGA-DJ-A4UL-01,-2.0064
TCGA-DJ-A4UP-01,-0.8822
TCGA-DJ-A4UQ-01,-0.4322
TCGA-DJ-A4UR-01,-0.8864
TCGA-DJ-A4UT-01,-1.3742
TCGA-DJ-A4UW-01,-0.4913
TCGA-DJ-A4V0-01,-0.2487
TCGA-DJ-A4V2-01,-0.6616
TCGA-DJ-A4V4-01,-0.8091
TCGA-DJ-A4V5-01,-1.5263
TCGA-DO-A1JZ-01,0.2286
TCGA-DO-A1K0-01,0.9449
TCGA-DO-A2HM-01,-0.9036
TCGA-E3-A3DY-01,0.7391
TCGA-E3-A3DZ-01,-0.2438
TCGA-E3-A3E0-01,-0.2068
TCGA-E3-A3E1-01,-0.5703
TCGA-E3-A3E2-01,-0.3328
TCGA-E3-A3E3-01,-0.3889
TCGA-E3-A3E5-01,0.1667
TCGA-E8-A242-01,-1.327
TCGA-E8-A2EA-01,-2.3667
TCGA-E8-A3X7-01,-2.0634
TCGA-E8-A413-01,-1.0223
TCGA-E8-A414-01,-0.2908
TCGA-E8-A415-01,-0.8157
TCGA-E8-A416-01,-0.5493
TCGA-E8-A417-01,-0.3732
TCGA-E8-A418-01,-1.094
TCGA-E8-A419-01,-1.7903
TCGA-E8-A432-01,-0.7228
TCGA-E8-A433-01,-2.7457
TCGA-E8-A434-01,-1.0982
TCGA-E8-A436-01,-1.0749
TCGA-E8-A437-01,-2.2504
TCGA-E8-A438-01,-2.5496
TCGA-E8-A44K-01,-1.8639
TCGA-E8-A44M-01,-1.5092
TCGA-EL-A3CL-01,-0.0949
TCGA-EL-A3CM-01,0.36
TCGA-EL-A3CN-01,-0.5295
TCGA-EL-A3CO-01,-0.7538
TCGA-EL-A3CP-01,1.0302
TCGA-EL-A3CR-01,-1.7947
TCGA-EL-A3CS-01,-0.1088
TCGA-EL-A3CT-01,0.2172
TCGA-EL-A3CU-01,0.5787
TCGA-EL-A3CV-01,0.4354
TCGA-EL-A3CW-01,0.0096
TCGA-EL-A3CX-01,-2.0493
TCGA-EL-A3CY-01,-0.579
TCGA-EL-A3CZ-01,1.2808
TCGA-EL-A3D1-01,-3.6781
TCGA-EL-A3D4-01,-1.9542
TCGA-EL-A3D6-01,-0.168
TCGA-EL-A3GO-01,-0.7395
TCGA-EL-A3GP-01,-0.205
TCGA-EL-A3GQ-01,1.4285
TCGA-EL-A3GR-01,0.4543
TCGA-EL-A3GS-01,-0.0916
TCGA-EL-A3GU-01,-0.4709
TCGA-EL-A3GV-01,0.7511
TCGA-EL-A3GW-01,0.4975
TCGA-EL-A3GX-01,-0.2809
TCGA-EL-A3GY-01,-0.0375
TCGA-EL-A3GZ-01,0.0178
TCGA-EL-A3H1-01,-0.3947
TCGA-EL-A3H2-01,-0.3875
TCGA-EL-A3H3-01,-0.9417
TCGA-EL-A3H4-01,1.0068
TCGA-EL-A3H5-01,-1.3931
TCGA-EL-A3H7-01,-0.9309
TCGA-EL-A3H8-01,0.9041
TCGA-EL-A3MW-01,-0.1497
TCGA-EL-A3MX-01,-0.8463
TCGA-EL-A3MY-01,-0.8447
TCGA-EL-A3MZ-01,-0.7984
TCGA-EL-A3N2-01,0.2769
TCGA-EL-A3N3-01,-0.749
TCGA-EL-A3T0-01,-0.869
TCGA-EL-A3T1-01,-0.4854
TCGA-EL-A3T2-01,0.9154
TCGA-EL-A3T3-01,-1.9298
TCGA-EL-A3T6-01,-1.0407
TCGA-EL-A3T7-01,-0.6511
TCGA-EL-A3T8-01,-0.589
TCGA-EL-A3T9-01,-2.231
TCGA-EL-A3TA-01,-1.3333
TCGA-EL-A3TB-01,-1.621
TCGA-EL-A3ZG-01,-1.0612
TCGA-EL-A3ZH-01,-1.0663
TCGA-EL-A3ZK-01,-0.9619
TCGA-EL-A3ZL-01,-0.768
TCGA-EL-A3ZM-01,-2.999
TCGA-EL-A3ZN-01,-1.2498
TCGA-EL-A3ZO-01,-2.3447
TCGA-EL-A3ZP-01,-1.6258
TCGA-EL-A3ZQ-01,-3.6611
TCGA-EL-A3ZR-01,-1.1926
TCGA-EL-A3ZS-01,-1.2903
TCGA-EL-A3ZT-01,-1.7572
TCGA-EL-A4JV-01,-0.9012
TCGA-EL-A4JW-01,-1.7185
TCGA-EL-A4JX-01,-1.5262
TCGA-EL-A4JZ-01,-1.3496
TCGA-EL-A4K0-01,0.1589
TCGA-EL-A4K1-01,-1.0073
TCGA-EL-A4K2-01,-1.4129
TCGA-EL-A4K4-01,-0.6655
TCGA-EL-A4K6-01,-2.17
TCGA-EL-A4K7-01,-2.6376
TCGA-EL-A4K9-01,-1.035
TCGA-EL-A4KD-01,-1.3728
TCGA-EL-A4KG-01,-0.2668
TCGA-EL-A4KH-01,-3.0294
TCGA-EL-A4KI-01,-3.5307
TCGA-EM-A1CS-01,1.0074
TCGA-EM-A1CT-01,0.3415
TCGA-EM-A1CU-01,-0.1609
TCGA-EM-A1CV-01,1.1261
TCGA-EM-A1CW-01,-0.9935
TCGA-EM-A1YA-01,-1.7829
TCGA-EM-A1YB-01,-2.2934
TCGA-EM-A1YC-01,0.5873
TCGA-EM-A1YD-01,-0.2615
TCGA-EM-A1YE-01,-1.2326
TCGA-EM-A22I-01,-0.4195
TCGA-EM-A22J-01,0.236
TCGA-EM-A22K-01,0.2685
TCGA-EM-A22L-01,0.9303
TCGA-EM-A22M-01,-1.664
TCGA-EM-A22N-01,-0.0645
TCGA-EM-A22O-01,-1.2257
TCGA-EM-A22P-01,0.0552
TCGA-EM-A22Q-01,-4.2678
TCGA-EM-A2CJ-01,-0.9487
TCGA-EM-A2CK-01,0.0547
TCGA-EM-A2CL-01,0.0392
TCGA-EM-A2CN-01,-0.5172
TCGA-EM-A2CO-01,-0.4825
TCGA-EM-A2CP-01,-0.4156
TCGA-EM-A2CQ-01,-0.0824
TCGA-EM-A2CR-01,-4.3737
TCGA-EM-A2CT-01,-0.275
TCGA-EM-A2CU-01,-0.9678
TCGA-EM-A2OV-01,-0.3278
TCGA-EM-A2OW-01,-0.8346
TCGA-EM-A2OX-01,-0.2331
TCGA-EM-A2OY-01,0.7596
TCGA-EM-A2OZ-01,0.3021
TCGA-EM-A2P0-01,0.6852
TCGA-EM-A2P1-01,0.0866
TCGA-EM-A2P2-01,0.5433
TCGA-EM-A2P3-01,0.2307
TCGA-EM-A3AI-01,-1.5264
TCGA-EM-A3AJ-01,-1.5919
TCGA-EM-A3AK-01,-0.0565
TCGA-EM-A3AL-01,-0.9486
TCGA-EM-A3AN-01,0.2376
TCGA-EM-A3AO-01,-2.3545
TCGA-EM-A3AP-01,0.1884
TCGA-EM-A3AQ-01,-1.1045
TCGA-EM-A3AR-01,0.3518
TCGA-EM-A3FJ-01,0.0232
TCGA-EM-A3FK-01,0.6871
TCGA-EM-A3FL-01,-0.8676
TCGA-EM-A3FM-01,-2.5563
TCGA-EM-A3FN-01,-0.9896
TCGA-EM-A3FO-01,-0.102
TCGA-EM-A3FP-01,-1.3683
TCGA-EM-A3FQ-01,-0.5839
TCGA-EM-A3FR-01,-0.4363
TCGA-EM-A3O3-01,-2.3175
TCGA-EM-A3O6-01,-1.6049
TCGA-EM-A3O7-01,-0.4379
TCGA-EM-A3O8-01,0.6645
TCGA-EM-A3O9-01,-1.7323
TCGA-EM-A3OA-01,-1.1503
TCGA-EM-A3OB-01,-0.7626
TCGA-EM-A3ST-01,-2.0883
TCGA-EM-A3SU-01,-2.1739
TCGA-EM-A3SX-01,0.1477
TCGA-EM-A3SY-01,-1.2555
TCGA-EM-A3SZ-01,-0.7057
TCGA-EM-A4FF-01,-0.2037
TCGA-EM-A4FH-01,-0.6178
TCGA-EM-A4FK-01,-0.6502
TCGA-EM-A4FM-01,-1.2952
TCGA-EM-A4FN-01,-1.5739
TCGA-EM-A4FO-01,-1.3419
TCGA-EM-A4FQ-01,-1.0282
TCGA-EM-A4FR-01,-1.2995
TCGA-EM-A4FU-01,-0.6736
TCGA-EM-A4FV-01,-0.7134
TCGA-EM-A4G1-01,0.0184
TCGA-ET-A25G-01,-0.8397
TCGA-ET-A25I-01,-0.8527
TCGA-ET-A25J-01,-0.1528
TCGA-ET-A25K-01,-0.5512
TCGA-ET-A25L-01,-0.544
TCGA-ET-A25M-01,-0.3346
TCGA-ET-A25N-01,0.3073
TCGA-ET-A25O-01,1.181
TCGA-ET-A25P-01,-0.4554
TCGA-ET-A25R-01,-0.6056
TCGA-ET-A2MX-01,-1.8291
TCGA-ET-A2MY-01,-0.0025
TCGA-ET-A2MZ-01,0.5689
TCGA-ET-A2N0-01,-3.8289
TCGA-ET-A2N1-01,
TCGA-ET-A2N3-01,-2.2251
TCGA-ET-A2N4-01,-0.2454
TCGA-ET-A2N5-01,-0.6929
TCGA-ET-A39I-01,0.6153
TCGA-ET-A39J-01,-0.0644
TCGA-ET-A39K-01,-2.5355
TCGA-ET-A39L-01,0.5448
TCGA-ET-A39M-01,-2.3771
TCGA-ET-A39N-01,-0.586
TCGA-ET-A39O-01,-0.1874
TCGA-ET-A39P-01,-0.4439
TCGA-ET-A39R-01,-0.6678
TCGA-ET-A39S-01,-0.4027
TCGA-ET-A39T-01,0.3408
TCGA-ET-A3BN-01,0.1142
TCGA-ET-A3BO-01,0.2618
TCGA-ET-A3BP-01,-0.0128
TCGA-ET-A3BQ-01,-0.5926
TCGA-ET-A3BS-01,0.1322
TCGA-ET-A3BT-01,0.1001
TCGA-ET-A3BU-01,-0.291
TCGA-ET-A3BV-01,-1.011
TCGA-ET-A3BW-01,1.085
TCGA-ET-A3BX-01,-0.5251
TCGA-ET-A3DO-01,-0.5601
TCGA-ET-A3DP-01,0.5655
TCGA-ET-A3DQ-01,0.4783
TCGA-ET-A3DR-01,-0.4872
TCGA-ET-A3DS-01,0.9024
TCGA-ET-A3DT-01,0.2895
TCGA-ET-A3DU-01,-1.9029
TCGA-ET-A3DV-01,-1.0508
TCGA-ET-A3DW-01,-0.1811
TCGA-ET-A40P-01,-1.156
TCGA-ET-A40Q-01,-1.0411
TCGA-ET-A40R-01,-1.7884
TCGA-ET-A40S-01,-1.7028
TCGA-ET-A40T-01,-0.9784
TCGA-ET-A4KN-01,-5.3468
TCGA-ET-A4KQ-01,0.3224
TCGA-FE-A22Z-01,-1.1896
TCGA-FE-A230-01,-0.4398
TCGA-FE-A231-01,0.5054
TCGA-FE-A232-01,-1.1373
TCGA-FE-A233-01,0.117
TCGA-FE-A234-01,0.4113
TCGA-FE-A235-01,-2.5337
TCGA-FE-A236-01,-0.1331
TCGA-FE-A237-01,-0.2409
TCGA-FE-A238-01,-1.0239
TCGA-FE-A239-01,-1.16
TCGA-FE-A23A-01,-1.5606
TCGA-FE-A3PA-01,-1.2582
TCGA-FE-A3PB-01,-1.1861
TCGA-FE-A3PC-01,-1.1555
TCGA-FE-A3PD-01,-0.6221
TCGA-FK-A3S3-01,-1.2829
TCGA-FK-A3SB-01,0.0554
TCGA-FK-A3SD-01,-2.2379
TCGA-FK-A3SE-01,-0.6822
TCGA-FK-A3SG-01,-0.9694
TCGA-FK-A3SH-01,-1.4007
TCGA-FK-A4UB-01,-0.6626
TCGA-FY-A2QD-01,0.8511
TCGA-FY-A3BL-01,0.2365
TCGA-FY-A3I4-01,-2.0095
TCGA-FY-A3I5-01,0.6032
TCGA-FY-A3NM-01,-0.0282
TCGA-FY-A3NN-01,0.8485
TCGA-FY-A3NP-01,0.099
TCGA-FY-A3ON-01,-0.5469
TCGA-FY-A3R6-01,-0.5575
TCGA-FY-A3R7-01,0.1663
TCGA-FY-A3R8-01,-0.1648
TCGA-FY-A3R9-01,-0.3284
TCGA-FY-A3RA-01,-0.2467
TCGA-FY-A3TY-01,-0.7097
TCGA-FY-A3W9-01,-0.3749
TCGA-FY-A3WA-01,0.8589
TCGA-FY-A3YR-01,-0.5882
TCGA-FY-A40K-01,-0.359
TCGA-FY-A40L-01,-1.0597
TCGA-FY-A40M-01,-0.401
TCGA-FY-A40N-01,-0.3426
TCGA-FY-A4B0-01,-1.9574
TCGA-FY-A4B3-01,-1.1359
TCGA-FY-A4B4-01,-1.5913
TCGA-FY-A76V-01,-0.3472
TCGA-GE-A2C6-01,-0.0024
TCGA-H2-A26U-01,-1.1143
TCGA-H2-A2K9-01,0.1293
TCGA-H2-A3RH-01,-0.4457
TCGA-H2-A3RI-01,-0.1205
TCGA-H2-A421-01,-1.5927
TCGA-H2-A422-01,-0.3417
TCGA-IM-A3EB-01,-0.7339
TCGA-IM-A3ED-01,0.3765
TCGA-IM-A3U2-01,-1.5566
TCGA-IM-A3U3-01,-0.5195
TCGA-IM-A41Y-01,-0.7505
TCGA-IM-A41Z-01,-0.9727
TCGA-IM-A420-01,-1.5925
TCGA-IM-A4EB-01,-1.3835
TCGA-J8-A3NZ-01,0.3099
TCGA-J8-A3O0-01,-0.1044
TCGA-J8-A3O1-01,1.1764
TCGA-J8-A3O2-01,-0.2583
TCGA-J8-A3YD-01,-0.4698
TCGA-J8-A3YE-01,-0.8815
TCGA-J8-A3YF-01,-1.5465
TCGA-J8-A3YG-01,-1.2907
TCGA-J8-A3YH-01,-0.8831
TCGA-J8-A3YH-06,-1.0697
TCGA-J8-A42S-01,-0.9213
TCGA-J8-A4HW-01,-0.9368
TCGA-J8-A4HY-01,-1.252
TCGA-KS-A41F-01,-3.1207
TCGA-KS-A41I-01,-1.9773
TCGA-KS-A41J-01,-2.1753
TCGA-KS-A41L-01,-1.3954
TCGA-KS-A4I1-01,-1.5459
TCGA-KS-A4I3-01,-0.9579
TCGA-KS-A4I5-01,-1.7443
TCGA-KS-A4I7-01,-1.2541
TCGA-KS-A4I9-01,-1.1774
TCGA-KS-A4IB-01,0.4242
TCGA-KS-A4IC-01,-1.1466
TCGA-KS-A4ID-01,-1.5879
TCGA-L6-A4EP-01,-1.8373
TCGA-L6-A4EQ-01,-1.7033
TCGA-L6-A4ET-01,-1.2261
TCGA-L6-A4EU-01,-1.9399
TCGA-MK-A4N6-01,0.0161
TCGA-MK-A4N7-01,0.6733
TCGA-MK-A4N9-01,-0.2508
TCGA-MK-A84Z-01,-1.162
TCGA-QD-A8IV-01,-0.4019
TCGA-3G-AB0O-01,
TCGA-3G-AB0Q-01,
TCGA-3G-AB0T-01,
TCGA-3G-AB14-01,
TCGA-3G-AB19-01,
TCGA-3Q-A9WF-01,
TCGA-3S-A8YW-01,
TCGA-3S-AAYX-01,
TCGA-3T-AA9L-01,
TCGA-4V-A9QI-01,
TCGA-4V-A9QJ-01,
TCGA-4V-A9QL-01,
TCGA-4V-A9QM-01,
TCGA-4V-A9QN-01,
TCGA-4V-A9QQ-01,
TCGA-4V-A9QR-01,
TCGA-4V-A9QS-01,
TCGA-4V-A9QT-01,
TCGA-4V-A9QU-01,
TCGA-4V-A9QW-01,
TCGA-4V-A9QX-01,
TCGA-4X-A9F9-01,
TCGA-4X-A9FA-01,
TCGA-4X-A9FB-01,
TCGA-4X-A9FC-01,
TCGA-4X-A9FD-01,
TCGA-5G-A9ZZ-01,
TCGA-5K-AAAP-01,
TCGA-5U-AB0D-01,
TCGA-5U-AB0E-01,
TCGA-5U-AB0F-01,
TCGA-5V-A9RR-01,
TCGA-X7-A8D6-01,
TCGA-X7-A8D7-01,
TCGA-X7-A8D8-01,
TCGA-X7-A8D9-01,
TCGA-X7-A8DB-01,
TCGA-X7-A8DC-01,
TCGA-X7-A8DD-01,
TCGA-X7-A8DE-01,
TCGA-X7-A8DF-01,
TCGA-X7-A8DG-01,
TCGA-X7-A8DI-01,
TCGA-X7-A8DJ-01,
TCGA-X7-A8M0-01,
TCGA-X7-A8M1-01,
TCGA-X7-A8M3-01,
TCGA-X7-A8M4-01,
TCGA-X7-A8M5-01,
TCGA-X7-A8M6-01,
TCGA-X7-A8M7-01,
TCGA-X7-A8M8-01,
TCGA-XH-A853-01,
TCGA-XM-A8R8-01,
TCGA-XM-A8R9-01,
TCGA-XM-A8RB-01,
TCGA-XM-A8RC-01,
TCGA-XM-A8RD-01,
TCGA-XM-A8RE-01,
TCGA-XM-A8RF-01,
TCGA-XM-A8RG-01,
TCGA-XM-A8RH-01,
TCGA-XM-A8RI-01,
TCGA-XM-A8RL-01,
TCGA-XM-AAZ1-01,
TCGA-XM-AAZ2-01,
TCGA-XM-AAZ3-01,
TCGA-XU-A92O-01,
TCGA-XU-A92Q-01,
TCGA-XU-A92R-01,
TCGA-XU-A92T-01,
TCGA-XU-A92U-01,
TCGA-XU-A92V-01,
TCGA-XU-A92W-01,
TCGA-XU-A92X-01,
TCGA-XU-A92Y-01,
TCGA-XU-A92Z-01,
TCGA-XU-A930-01,
TCGA-XU-A931-01,
TCGA-XU-A932-01,
TCGA-XU-A933-01,
TCGA-XU-A936-01,
TCGA-XU-AAXW-01,
TCGA-XU-AAXX-01,
TCGA-XU-AAXY-01,
TCGA-XU-AAXZ-01,
TCGA-XU-AAY0-01,
TCGA-XU-AAY1-01,
TCGA-YT-A95D-01,
TCGA-YT-A95E-01,
TCGA-YT-A95F-01,
TCGA-YT-A95G-01,
TCGA-YT-A95H-01,
TCGA-ZB-A961-01,
TCGA-ZB-A962-01,
TCGA-ZB-A963-01,
TCGA-ZB-A964-01,
TCGA-ZB-A965-01,
TCGA-ZB-A966-01,
TCGA-ZB-A969-01,
TCGA-ZB-A96A-01,
TCGA-ZB-A96B-01,
TCGA-ZB-A96C-01,
TCGA-ZB-A96D-01,
TCGA-ZB-A96E-01,
TCGA-ZB-A96F-01,
TCGA-ZB-A96G-01,
TCGA-ZB-A96H-01,
TCGA-ZB-A96I-01,
TCGA-ZB-A96K-01,
TCGA-ZB-A96L-01,
TCGA-ZB-A96M-01,
TCGA-ZB-A96O-01,
TCGA-ZB-A96P-01,
TCGA-ZB-A96Q-01,
TCGA-ZB-A96R-01,
TCGA-ZB-A96V-01,
TCGA-ZC-AAA7-01,
TCGA-ZC-AAAA-01,
TCGA-ZC-AAAF-01,
TCGA-ZC-AAAH-01,
TCGA-ZL-A9V6-01,
TCGA-ZT-A8OM-01,
TCGA-2E-A9G8-01,-2.8984
TCGA-4E-A92E-01,-1.0876
TCGA-5B-A90C-01,1.0156
TCGA-5S-A9Q8-01,-3.1615
TCGA-A5-A0G1-01,-2.3376
TCGA-A5-A0G2-01,1.8416
TCGA-A5-A0G3-01,-2.2335
TCGA-A5-A0G5-01,-3.6521
TCGA-A5-A0G9-01,-3.2272
TCGA-A5-A0GA-01,-1.5388
TCGA-A5-A0GB-01,-1.1923
TCGA-A5-A0GD-01,-1.9929
TCGA-A5-A0GE-01,-1.3777
TCGA-A5-A0GG-01,-1.5164
TCGA-A5-A0GH-01,-0.4967
TCGA-A5-A0GI-01,-3.48
TCGA-A5-A0GJ-01,-4.4135
TCGA-A5-A0GM-01,-0.9598
TCGA-A5-A0GN-01,-3.0821
TCGA-A5-A0GP-01,-2.8119
TCGA-A5-A0GQ-01,-2.276
TCGA-A5-A0GR-01,-2.3712
TCGA-A5-A0GU-01,-0.7634
TCGA-A5-A0GV-01,-1.8927
TCGA-A5-A0GW-01,-1.975
TCGA-A5-A0GX-01,-4.5376
TCGA-A5-A0R6-01,-2.8224
TCGA-A5-A0R7-01,-1.388
TCGA-A5-A0R8-01,-3.0961
TCGA-A5-A0R9-01,-2.8264
TCGA-A5-A0RA-01,-10.4202
TCGA-A5-A0VO-01,-0.4632
TCGA-A5-A0VP-01,-0.8218
TCGA-A5-A0VQ-01,-2.8532
TCGA-A5-A1OF-01,-3.5732
TCGA-A5-A1OG-01,-1.3758
TCGA-A5-A1OH-01,-1.5633
TCGA-A5-A1OJ-01,-1.9269
TCGA-A5-A1OK-01,-0.6699
TCGA-A5-A2K2-01,-0.138
TCGA-A5-A2K3-01,-1.5532
TCGA-A5-A2K4-01,-0.9562
TCGA-A5-A2K5-01,-7.123
TCGA-A5-A2K7-01,-3.2837
TCGA-A5-A3LO-01,0.279
TCGA-A5-A3LP-01,-0.4397
TCGA-A5-A7WJ-01,-1.4384
TCGA-A5-A7WK-01,-2.7889
TCGA-A5-AB3J-01,-1.0363
TCGA-AJ-A23M-01,0.364
TCGA-AJ-A23N-01,-1.0617
TCGA-AJ-A23O-01,-1.8574
TCGA-AJ-A2QK-01,0.1889
TCGA-AJ-A2QL-01,0.3964
TCGA-AJ-A2QM-01,-0.7916
TCGA-AJ-A2QN-01,2.5519
TCGA-AJ-A2QO-01,-1.7755
TCGA-AJ-A3BD-01,-4.6466
TCGA-AJ-A3BF-01,-3.3412
TCGA-AJ-A3BG-01,-3.8993
TCGA-AJ-A3BH-01,-0.1921
TCGA-AJ-A3BI-01,-4.7023
TCGA-AJ-A3BK-01,-3.9631
TCGA-AJ-A3EJ-01,-0.5004
TCGA-AJ-A3EK-01,-0.611
TCGA-AJ-A3EL-01,-3.2774
TCGA-AJ-A3EM-01,-3.4494
TCGA-AJ-A3I9-01,-1.8116
TCGA-AJ-A3IA-01,-2.9075
TCGA-AJ-A3NC-01,-1.3467
TCGA-AJ-A3NE-01,-1.2201
TCGA-AJ-A3NF-01,-1.0141
TCGA-AJ-A3NG-01,-0.1849
TCGA-AJ-A3NH-01,-0.9643
TCGA-AJ-A3OJ-01,-1.0752
TCGA-AJ-A3OK-01,-1.4142
TCGA-AJ-A3OL-01,-0.8802
TCGA-AJ-A3QS-01,-0.5081
TCGA-AJ-A3TW-01,-4.5143
TCGA-AJ-A5DV-01,-0.9713
TCGA-AJ-A5DW-01,0.4244
TCGA-AJ-A6NU-01,-1.1345
TCGA-AJ-A8CT-01,-2.9213
TCGA-AJ-A8CV-01,-2.8591
TCGA-AJ-A8CW-01,-2.0131
TCGA-AP-A051-01,-0.2007
TCGA-AP-A052-01,-2.1695
TCGA-AP-A054-01,1.259
TCGA-AP-A056-01,-1.2452
TCGA-AP-A059-01,0.1237
TCGA-AP-A05A-01,-3.3557
TCGA-AP-A05D-01,-4.1626
TCGA-AP-A05H-01,-3.5405
TCGA-AP-A05J-01,-5.5696
TCGA-AP-A05N-01,-0.1012
TCGA-AP-A05O-01,-1.5946
TCGA-AP-A05P-01,0.9811
TCGA-AP-A0L8-01,-2.4652
TCGA-AP-A0L9-01,-0.7026
TCGA-AP-A0LD-01,-2.6777
TCGA-AP-A0LE-01,-3.1855
TCGA-AP-A0LF-01,-2.4813
TCGA-AP-A0LG-01,0.4831
TCGA-AP-A0LH-01,1.6486
TCGA-AP-A0LI-01,-3.8327
TCGA-AP-A0LJ-01,-4.7721
TCGA-AP-A0LL-01,-2.5158
TCGA-AP-A0LM-01,-0.8668
TCGA-AP-A0LN-01,-3.0532
TCGA-AP-A0LO-01,-1.3359
TCGA-AP-A0LP-01,-2.6471
TCGA-AP-A0LQ-01,
TCGA-AP-A0LS-01,0.4121
TCGA-AP-A0LT-01,-2.4505
TCGA-AP-A0LV-01,-2.3976
TCGA-AP-A1DH-01,-0.7403
TCGA-AP-A1DK-01,0.0723
TCGA-AP-A1DM-01,-1.1486
TCGA-AP-A1DO-01,-0.6898
TCGA-AP-A1DP-01,-0.4207
TCGA-AP-A1DQ-01,0.6453
TCGA-AP-A1DR-01,-0.3542
TCGA-AP-A1DV-01,0.9076
TCGA-AP-A1E0-01,0.2662
TCGA-AP-A1E1-01,-1.0272
TCGA-AP-A1E3-01,-2.3608
TCGA-AP-A1E4-01,-0.9992
TCGA-AP-A3K1-01,-3.187
TCGA-AP-A5FX-01,-1.4061
TCGA-AW-A1PO-01,1.8702
TCGA-AX-A05S-01,-2.4624
TCGA-AX-A05T-01,-0.665
TCGA-AX-A05U-01,0.766
TCGA-AX-A05W-01,-3.3184
TCGA-AX-A05Y-01,-2.4891
TCGA-AX-A05Z-01,-4.8626
TCGA-AX-A060-01,-2.7294
TCGA-AX-A062-01,1.7059
TCGA-AX-A063-01,-1.4145
TCGA-AX-A064-01,-0.1514
TCGA-AX-A06B-01,0.4095
TCGA-AX-A06F-01,-0.8796
TCGA-AX-A06H-01,1.0223
TCGA-AX-A06J-01,-4.7704
TCGA-AX-A06L-01,-0.8352
TCGA-AX-A0IS-01,0.1425
TCGA-AX-A0IU-01,-1.7529
TCGA-AX-A0IW-01,-5.6024
TCGA-AX-A0IZ-01,-0.7022
TCGA-AX-A0J0-01,0.5363
TCGA-AX-A0J1-01,-0.94
TCGA-AX-A1C4-01,0.2838
TCGA-AX-A1C5-01,-1.2089
TCGA-AX-A1C7-01,-5.8697
TCGA-AX-A1C8-01,-2.2306
TCGA-AX-A1C9-01,-0.5571
TCGA-AX-A1CA-01,-4.2827
TCGA-AX-A1CC-01,-0.9112
TCGA-AX-A1CE-01,-1.1335
TCGA-AX-A1CF-01,-0.8955
TCGA-AX-A1CI-01,0.2183
TCGA-AX-A1CJ-01,-2.0077
TCGA-AX-A1CK-01,-2.6848
TCGA-AX-A1CN-01,-0.371
TCGA-AX-A2H2-01,-0.5488
TCGA-AX-A2H4-01,-0.9516
TCGA-AX-A2H5-01,2.9362
TCGA-AX-A2H7-01,-0.4216
TCGA-AX-A2HA-01,-1.1407
TCGA-AX-A2HC-01,-0.2603
TCGA-AX-A2HD-01,-0.5905
TCGA-AX-A2HG-01,0.0548
TCGA-AX-A2HH-01,-1.0394
TCGA-AX-A2HJ-01,0.0463
TCGA-AX-A2HK-01,1.4633
TCGA-AX-A2IN-01,-2.8783
TCGA-AX-A2IO-01,-0.6684
TCGA-AX-A3FS-01,0.6156
TCGA-AX-A3FT-01,-1.4812
TCGA-AX-A3FV-01,0.1394
TCGA-AX-A3FW-01,-0.5594
TCGA-AX-A3FX-01,-1.3774
TCGA-AX-A3FZ-01,-1.9101
TCGA-AX-A3G1-01,1.8271
TCGA-AX-A3G4-01,-2.9075
TCGA-AX-A3G6-01,-2.8548
TCGA-AX-A3G7-01,-1.6819
TCGA-AX-A3G8-01,-2.2757
TCGA-AX-A3G9-01,0.0463
TCGA-AX-A3GB-01,-2.8611
TCGA-AX-A3GI-01,1.547
TCGA-B5-A0JN-01,-2.1963
TCGA-B5-A0JR-01,-2.7815
TCGA-B5-A0JS-01,-1.7139
TCGA-B5-A0JT-01,-1.0669
TCGA-B5-A0JU-01,0.0509
TCGA-B5-A0JV-01,-1.0832
TCGA-B5-A0JX-01,-0.5326
TCGA-B5-A0JY-01,-1.1256
TCGA-B5-A0JZ-01,-1.9636
TCGA-B5-A0K0-01,-0.4322
TCGA-B5-A0K1-01,-0.8835
TCGA-B5-A0K2-01,-1.1258
TCGA-B5-A0K3-01,-2.4455
TCGA-B5-A0K4-01,-5.0134
TCGA-B5-A0K6-01,-5.0427
TCGA-B5-A0K7-01,-1.3416
TCGA-B5-A0K8-01,1.155
TCGA-B5-A0K9-01,-2.6148
TCGA-B5-A11E-01,-0.1596
TCGA-B5-A11F-01,-1.6129
TCGA-B5-A11G-01,-2.2689
TCGA-B5-A11H-01,-0.8994
TCGA-B5-A11I-01,0.3009
TCGA-B5-A11J-01,0.3084
TCGA-B5-A11L-01,-1.6906
TCGA-B5-A11M-01,-0.2428
TCGA-B5-A11N-01,-1.5977
TCGA-B5-A11O-01,-1.0544
TCGA-B5-A11P-01,-2.0232
TCGA-B5-A11Q-01,-1.4999
TCGA-B5-A11R-01,-1.3983
TCGA-B5-A11S-01,0.1601
TCGA-B5-A11U-01,-0.3337
TCGA-B5-A11V-01,-1.7939
TCGA-B5-A11W-01,-2.1771
TCGA-B5-A11X-01,-1.9726
TCGA-B5-A11Y-01,-2.1639
TCGA-B5-A11Z-01,-0.3383
TCGA-B5-A121-01,-0.0963
TCGA-B5-A1MR-01,-6.3755
TCGA-B5-A1MS-01,-0.6712
TCGA-B5-A1MU-01,-1.6208
TCGA-B5-A1MV-01,-1.1932
TCGA-B5-A1MW-01,-1.3483
TCGA-B5-A1MX-01,-0.7765
TCGA-B5-A1MY-01,-0.1041
TCGA-B5-A1MZ-01,-0.0584
TCGA-B5-A1N2-01,0.5616
TCGA-B5-A3F9-01,-1.2069
TCGA-B5-A3FA-01,-3.0258
TCGA-B5-A3FB-01,-1.8979
TCGA-B5-A3FC-01,-1.5573
TCGA-B5-A3FD-01,-1.9668
TCGA-B5-A3FH-01,-0.7633
TCGA-B5-A3S1-01,-1.5954
TCGA-B5-A5OC-01,-1.2074
TCGA-B5-A5OD-01,-6.0374
TCGA-B5-A5OE-01,-4.146
TCGA-BG-A0LW-01,-1.169
TCGA-BG-A0LX-01,-0.3724
TCGA-BG-A0M0-01,-1.2279
TCGA-BG-A0M2-01,-0.7634
TCGA-BG-A0M3-01,-2.3381
TCGA-BG-A0M4-01,-2.6877
TCGA-BG-A0M6-01,-0.1223
TCGA-BG-A0M7-01,-3.5802
TCGA-BG-A0M9-01,-2.7354
TCGA-BG-A0MA-01,-1.4788
TCGA-BG-A0MC-01,-5.5762
TCGA-BG-A0MG-01,-1.3876
TCGA-BG-A0MI-01,-2.0191
TCGA-BG-A0MK-01,-3.224
TCGA-BG-A0MO-01,-1.7069
TCGA-BG-A0MQ-01,-0.8977
TCGA-BG-A0MT-01,-0.8614
TCGA-BG-A0MU-01,-2.3456
TCGA-BG-A0RY-01,-2.7755
TCGA-BG-A0VT-01,1.0721
TCGA-BG-A0VV-01,-1.1661
TCGA-BG-A0VW-01,-1.6956
TCGA-BG-A0VX-01,-1.3709
TCGA-BG-A0VZ-01,-0.279
TCGA-BG-A0W1-01,-1.5319
TCGA-BG-A0W2-01,-0.9677
TCGA-BG-A0YU-01,-0.6572
TCGA-BG-A0YV-01,0.2391
TCGA-BG-A186-01,-0.606
TCGA-BG-A187-01,-2.858
TCGA-BG-A18A-01,-3.3943
TCGA-BG-A18B-01,-0.1345
TCGA-BG-A18C-01,-1.6895
TCGA-BG-A222-01,0.5815
TCGA-BG-A2AD-01,-1.309
TCGA-BG-A2AE-01,-0.1872
TCGA-BG-A2L7-01,0.8308
TCGA-BG-A3EW-01,-1.1413
TCGA-BG-A3PP-01,-0.6447
TCGA-BK-A0C9-01,-5.436
TCGA-BK-A0CA-01,-0.2574
TCGA-BK-A0CB-01,-4.1528
TCGA-BK-A0CC-01,0.9996
TCGA-BK-A139-01,-0.2275
TCGA-BK-A13B-01,-3.0024
TCGA-BK-A13C-01,0.1027
TCGA-BK-A26L-01,-0.6976
TCGA-BK-A4ZD-01,0.7739
TCGA-BK-A56F-01,-0.4752
TCGA-BK-A6W3-01,-0.6298
TCGA-BK-A6W4-01,0.0113
TCGA-BS-A0T9-01,-3.9488
TCGA-BS-A0TA-01,-1.5773
TCGA-BS-A0TC-01,-11.6465
TCGA-BS-A0TD-01,-3.7459
TCGA-BS-A0TE-01,-2.1217
TCGA-BS-A0TG-01,-1.6176
TCGA-BS-A0TI-01,-3.5022
TCGA-BS-A0TJ-01,-0.5422
TCGA-BS-A0U5-01,-0.695
TCGA-BS-A0U7-01,-1.4812
TCGA-BS-A0U8-01,-0.7088
TCGA-BS-A0U9-01,-0.759
TCGA-BS-A0UA-01,-1.6266
TCGA-BS-A0UF-01,0.3335
TCGA-BS-A0UJ-01,-3.5775
TCGA-BS-A0UL-01,-0.3543
TCGA-BS-A0UM-01,-2.1932
TCGA-BS-A0UT-01,-2.4283
TCGA-BS-A0UV-01,-1.1483
TCGA-BS-A0V4-01,-2.8755
TCGA-BS-A0V6-01,-0.3151
TCGA-BS-A0V7-01,-3.7914
TCGA-BS-A0V8-01,-0.0902
TCGA-BS-A0VI-01,-1.5847
TCGA-BS-A0WQ-01,-0.1074
TCGA-D1-A0ZN-01,-0.2309
TCGA-D1-A0ZO-01,-0.5219
TCGA-D1-A0ZP-01,-1.1036
TCGA-D1-A0ZQ-01,-1.2406
TCGA-D1-A0ZR-01,-0.9267
TCGA-D1-A0ZS-01,2.5814
TCGA-D1-A0ZU-01,-0.7154
TCGA-D1-A0ZV-01,-1.934
TCGA-D1-A0ZZ-01,0.9428
TCGA-D1-A101-01,-0.9387
TCGA-D1-A102-01,1.5295
TCGA-D1-A103-01,-0.3236
TCGA-D1-A15V-01,-0.6533
TCGA-D1-A15W-01,-0.2914
TCGA-D1-A15X-01,-2.5386
TCGA-D1-A15Z-01,-0.1784
TCGA-D1-A160-01,-1.6008
TCGA-D1-A161-01,-1.7853
TCGA-D1-A163-01,-0.1238
TCGA-D1-A165-01,-0.7323
TCGA-D1-A167-01,-9.2207
TCGA-D1-A168-01,-5.2207
TCGA-D1-A169-01,-3.7511
TCGA-D1-A16B-01,-1.2837
TCGA-D1-A16D-01,-1.641
TCGA-D1-A16E-01,-1.8675
TCGA-D1-A16F-01,-1.7364
TCGA-D1-A16G-01,-2.9866
TCGA-D1-A16I-01,-2.815
TCGA-D1-A16J-01,-2.1559
TCGA-D1-A16N-01,-0.9955
TCGA-D1-A16O-01,-1.6637
TCGA-D1-A16Q-01,-3.3882
TCGA-D1-A16R-01,-3.0263
TCGA-D1-A16S-01,-4.06
TCGA-D1-A16V-01,0.3228
TCGA-D1-A16X-01,-3.1916
TCGA-D1-A16Y-01,-6.3295
TCGA-D1-A174-01,-4.886
TCGA-D1-A175-01,1.0665
TCGA-D1-A176-01,-1.8252
TCGA-D1-A177-01,-1.7612
TCGA-D1-A179-01,-0.5451
TCGA-D1-A17A-01,-2.3443
TCGA-D1-A17B-01,-2.0436
TCGA-D1-A17C-01,-4.4188
TCGA-D1-A17D-01,-3.5444
TCGA-D1-A17F-01,-2.279
TCGA-D1-A17H-01,-7.4546
TCGA-D1-A17K-01,-2.471
TCGA-D1-A17L-01,-4.4171
TCGA-D1-A17M-01,-1.5753
TCGA-D1-A17N-01,-6.9067
TCGA-D1-A17Q-01,-0.8454
TCGA-D1-A17R-01,-3.2034
TCGA-D1-A17S-01,-2.0733
TCGA-D1-A17T-01,-3.2038
TCGA-D1-A17U-01,-1.5978
TCGA-D1-A1NS-01,-2.0186
TCGA-D1-A1NU-01,-1.68
TCGA-D1-A1NW-01,-0.3698
TCGA-D1-A1NX-01,-0.8122
TCGA-D1-A1NY-01,-1.4543
TCGA-D1-A1NZ-01,-1.3702
TCGA-D1-A1O0-01,-0.7304
TCGA-D1-A1O5-01,-1.0775
TCGA-D1-A1O7-01,-0.9163
TCGA-D1-A1O8-01,-2.8814
TCGA-D1-A2G0-01,-3.4266
TCGA-D1-A2G5-01,-0.5815
TCGA-D1-A2G6-01,-1.3765
TCGA-D1-A2G7-01,-0.7937
TCGA-D1-A3DA-01,-1.5711
TCGA-D1-A3DG-01,-3.327
TCGA-D1-A3DH-01,-1.9791
TCGA-D1-A3JQ-01,-0.896
TCGA-DF-A2KN-01,-2.4114
TCGA-DF-A2KR-01,-1.1433
TCGA-DF-A2KS-01,1.7758
TCGA-DF-A2KU-01,-5.2047
TCGA-DF-A2KV-01,-3.8941
TCGA-DF-A2KY-01,-5.11
TCGA-DF-A2KZ-01,-3.5098
TCGA-DF-A2L0-01,-6.6656
TCGA-DI-A0WH-01,-1.1938
TCGA-DI-A1BU-01,-1.742
TCGA-DI-A1BY-01,-1.7024
TCGA-DI-A1C3-01,-2.0045
TCGA-DI-A1NN-01,-0.654
TCGA-DI-A1NO-01,-2.1602
TCGA-DI-A2QT-01,-4.2733
TCGA-DI-A2QU-01,-1.6679
TCGA-DI-A2QY-01,-2.5779
TCGA-E6-A1LX-01,-2.381
TCGA-E6-A1LZ-01,-2.7216
TCGA-E6-A1M0-01,-0.7777
TCGA-E6-A2P8-01,1.5757
TCGA-E6-A2P9-01,-1.3511
TCGA-E6-A8L9-01,-1.8462
TCGA-EC-A1NJ-01,0.2264
TCGA-EC-A1QX-01,-1.32
TCGA-EC-A24G-01,-1.3093
TCGA-EO-A1Y5-01,-1.4901
TCGA-EO-A1Y7-01,-2.4385
TCGA-EO-A1Y8-01,-2.2378
TCGA-EO-A22R-01,0.573
TCGA-EO-A22S-01,-0.4076
TCGA-EO-A22T-01,1.0797
TCGA-EO-A22U-01,-1.5721
TCGA-EO-A22X-01,-2.5852
TCGA-EO-A22Y-01,0.0791
TCGA-EO-A2CG-01,-0.92
TCGA-EO-A2CH-01,0.8494
TCGA-EO-A3AS-01,-2.2326
TCGA-EO-A3AU-01,-0.4936
TCGA-EO-A3AV-01,-4.1682
TCGA-EO-A3AY-01,-7.4993
TCGA-EO-A3AZ-01,-6.262
TCGA-EO-A3B0-01,-2.0367
TCGA-EO-A3B1-01,-1.6318
TCGA-EO-A3KU-01,0.9666
TCGA-EO-A3KW-01,-0.2148
TCGA-EO-A3KX-01,-0.4686
TCGA-EO-A3L0-01,-2.3733
TCGA-EY-A1GC-01,-2.1158
TCGA-EY-A1GD-01,-0.2015
TCGA-EY-A1GE-01,-0.0617
TCGA-EY-A1GF-01,0.9238
TCGA-EY-A1GH-01,0.3811
TCGA-EY-A1GI-01,2.4538
TCGA-EY-A1GJ-01,
TCGA-EY-A1GK-01,-0.5955
TCGA-EY-A1GL-01,-3.2938
TCGA-EY-A1GM-01,-1.2799
TCGA-EY-A1GO-01,-2.4615
TCGA-EY-A1GP-01,-2.0666
TCGA-EY-A1GQ-01,-2.8571
TCGA-EY-A1GR-01,-0.8653
TCGA-EY-A1GS-01,-1.5777
TCGA-EY-A1GT-01,-1.559
TCGA-EY-A1GU-01,0.1845
TCGA-EY-A1GV-01,-2.7995
TCGA-EY-A1GW-01,-1.496
TCGA-EY-A1GX-01,-2.8219
TCGA-EY-A1H0-01,-1.5897
TCGA-EY-A210-01,-3.2629
TCGA-EY-A212-01,-0.7854
TCGA-EY-A214-01,-0.8404
TCGA-EY-A215-01,-0.2191
TCGA-EY-A2OM-01,1.3702
TCGA-EY-A2ON-01,-1.6958
TCGA-EY-A2OO-01,-2.0197
TCGA-EY-A2OP-01,-1.945
TCGA-EY-A2OQ-01,-2.8904
TCGA-EY-A3L3-01,1.4565
TCGA-EY-A3QX-01,-1.5482
TCGA-EY-A4KR-01,-2.3974
TCGA-EY-A547-01,-5.9863
TCGA-EY-A548-01,-2.2121
TCGA-EY-A549-01,-2.7009
TCGA-EY-A54A-01,-0.7142
TCGA-EY-A5W2-01,-3.0169
TCGA-EY-A72D-01,1.5707
TCGA-FI-A2CX-01,-1.1776
TCGA-FI-A2CY-01,1.457
TCGA-FI-A2D0-01,-0.0166
TCGA-FI-A2D2-01,0.8912
TCGA-FI-A2D4-01,-1.9603
TCGA-FI-A2D5-01,-0.9017
TCGA-FI-A2D6-01,3.8126
TCGA-FI-A2EU-01,-0.9183
TCGA-FI-A2EW-01,-2.7484
TCGA-FI-A2EX-01,-1.4866
TCGA-FI-A2EY-01,-5.3233
TCGA-FI-A2F4-01,-1.6214
TCGA-FI-A2F8-01,-2.0721
TCGA-FI-A2F9-01,-0.819
TCGA-FI-A3PV-01,-3.844
TCGA-FI-A3PX-01,-0.6666
TCGA-H5-A2HR-01,-5.4278
TCGA-JU-AAVI-01,-4.324
TCGA-K6-A3WQ-01,-2.1977
TCGA-KP-A3VZ-01,-2.3231
TCGA-KP-A3W0-01,-1.1593
TCGA-KP-A3W1-01,-1.9309
TCGA-KP-A3W3-01,-0.8061
TCGA-KP-A3W4-01,-1.3943
TCGA-PG-A5BC-01,-1.2037
TCGA-PG-A6IB-01,-4.1042
TCGA-PG-A7D5-01,-4.5089
TCGA-PG-A914-01,-0.4622
TCGA-PG-A915-01,0.005
TCGA-PG-A916-01,-1.601
TCGA-PG-A917-01,-0.6428
TCGA-QF-A5YS-01,-4.2962
TCGA-QF-A5YT-01,-4.1606
TCGA-QS-A5YQ-01,-3.9836
TCGA-QS-A5YR-01,-4.3876
TCGA-QS-A744-01,-1.9379
TCGA-QS-A8F1-01,-3.1955
TCGA-SJ-A6ZI-01,-0.4348
TCGA-SJ-A6ZJ-01,-3.7263
TCGA-SL-A6J9-01,-4.8376
TCGA-SL-A6JA-01,-0.2699
TCGA-N5-A4R8-01,
TCGA-N5-A4RA-01,
TCGA-N5-A4RD-01,
TCGA-N5-A4RF-01,
TCGA-N5-A4RJ-01,
TCGA-N5-A4RM-01,
TCGA-N5-A4RN-01,
TCGA-N5-A4RO-01,
TCGA-N5-A4RS-01,
TCGA-N5-A4RT-01,
TCGA-N5-A4RU-01,
TCGA-N5-A4RV-01,
TCGA-N5-A59E-01,
TCGA-N5-A59F-01,
TCGA-N6-A4V9-01,
TCGA-N6-A4VC-01,
TCGA-N6-A4VD-01,
TCGA-N6-A4VE-01,
TCGA-N6-A4VF-01,
TCGA-N6-A4VG-01,
TCGA-N7-A4Y0-01,
TCGA-N7-A4Y5-01,
TCGA-N7-A4Y8-01,
TCGA-N7-A59B-01,
TCGA-N8-A4PI-01,
TCGA-N8-A4PL-01,
TCGA-N8-A4PM-01,
TCGA-N8-A4PN-01,
TCGA-N8-A4PO-01,
TCGA-N8-A4PP-01,
TCGA-N8-A4PQ-01,
TCGA-N8-A56S-01,
TCGA-N9-A4PZ-01,
TCGA-N9-A4Q1-01,
TCGA-N9-A4Q3-01,
TCGA-N9-A4Q4-01,
TCGA-N9-A4Q7-01,
TCGA-N9-A4Q8-01,
TCGA-NA-A4QV-01,
TCGA-NA-A4QW-01,
TCGA-NA-A4QX-01,
TCGA-NA-A4QY-01,
TCGA-NA-A4R0-01,
TCGA-NA-A4R1-01,
TCGA-NA-A5I1-01,
TCGA-ND-A4W6-01,
TCGA-ND-A4WA-01,
TCGA-ND-A4WC-01,
TCGA-ND-A4WF-01,
TCGA-NF-A4WU-01,
TCGA-NF-A4WX-01,
TCGA-NF-A4X2-01,
TCGA-NF-A5CP-01,
TCGA-NG-A4VU-01,
TCGA-NG-A4VW-01,
TCGA-QM-A5NM-01,
TCGA-QN-A5NN-01,
TCGA-RZ-AB0B-01,
TCGA-V3-A9ZX-01,
TCGA-V3-A9ZY-01,
TCGA-V4-A9E5-01,
TCGA-V4-A9E7-01,
TCGA-V4-A9E8-01,
TCGA-V4-A9E9-01,
TCGA-V4-A9EA-01,
TCGA-V4-A9EC-01,
TCGA-V4-A9ED-01,
TCGA-V4-A9EE-01,
TCGA-V4-A9EF-01,
TCGA-V4-A9EH-01,
TCGA-V4-A9EI-01,
TCGA-V4-A9EJ-01,
TCGA-V4-A9EK-01,
TCGA-V4-A9EL-01,
TCGA-V4-A9EM-01,
TCGA-V4-A9EO-01,
TCGA-V4-A9EQ-01,
TCGA-V4-A9ES-01,
TCGA-V4-A9ET-01,
TCGA-V4-A9EU-01,
TCGA-V4-A9EV-01,
TCGA-V4-A9EW-01,
TCGA-V4-A9EX-01,
TCGA-V4-A9EY-01,
TCGA-V4-A9EZ-01,
TCGA-V4-A9F0-01,
TCGA-V4-A9F1-01,
TCGA-V4-A9F2-01,
TCGA-V4-A9F3-01,
TCGA-V4-A9F4-01,
TCGA-V4-A9F5-01,
TCGA-V4-A9F7-01,
TCGA-V4-A9F8-01,
TCGA-VD-A8K7-01,
TCGA-VD-A8K8-01,
TCGA-VD-A8K9-01,
TCGA-VD-A8KA-01,
TCGA-VD-A8KB-01,
TCGA-VD-A8KD-01,
TCGA-VD-A8KE-01,
TCGA-VD-A8KF-01,
TCGA-VD-A8KG-01,
TCGA-VD-A8KH-01,
TCGA-VD-A8KI-01,
TCGA-VD-A8KJ-01,
TCGA-VD-A8KK-01,
TCGA-VD-A8KL-01,
TCGA-VD-A8KM-01,
TCGA-VD-A8KN-01,
TCGA-VD-A8KO-01,
TCGA-VD-AA8M-01,
TCGA-VD-AA8N-01,
TCGA-VD-AA8O-01,
TCGA-VD-AA8P-01,
TCGA-VD-AA8Q-01,
TCGA-VD-AA8R-01,
TCGA-VD-AA8S-01,
TCGA-VD-AA8T-01,
TCGA-WC-A87T-01,
TCGA-WC-A87U-01,
TCGA-WC-A87W-01,
TCGA-WC-A87Y-01,
TCGA-WC-A880-01,
TCGA-WC-A881-01,
TCGA-WC-A882-01,
TCGA-WC-A883-01,
TCGA-WC-A884-01,
TCGA-WC-A885-01,
TCGA-WC-A888-01,
TCGA-WC-A88A-01,
TCGA-WC-AA9A-01,
TCGA-WC-AA9E-01,
TCGA-YZ-A980-01,
TCGA-YZ-A982-01,
TCGA-YZ-A983-01,
TCGA-YZ-A984-01,
TCGA-YZ-A985-01,
