SAMPLE_ID,mRNA_RSEM
TCGA-OR-A5J1-01,2146.01
TCGA-OR-A5J2-01,2192.32
TCGA-OR-A5J3-01,2112.28
TCGA-OR-A5J4-01,
TCGA-OR-A5J5-01,1727.34
TCGA-OR-A5J6-01,972.97
TCGA-OR-A5J7-01,971.52
TCGA-OR-A5J8-01,1045.59
TCGA-OR-A5J9-01,1488.43
TCGA-OR-A5JA-01,1892.18
TCGA-OR-A5JB-01,2087.11
TCGA-OR-A5JC-01,1647.58
TCGA-OR-A5JD-01,1607.4
TCGA-OR-A5JE-01,550.905
TCGA-OR-A5JF-01,1546.48
TCGA-OR-A5JG-01,1447.27
TCGA-OR-A5JH-01,
TCGA-OR-A5JI-01,1873.27
TCGA-OR-A5JJ-01,1773.76
TCGA-OR-A5JK-01,1349.35
TCGA-OR-A5JL-01,2661.03
TCGA-OR-A5JM-01,1103.45
TCGA-OR-A5JO-01,1742.85
TCGA-OR-A5JP-01,998.243
TCGA-OR-A5JQ-01,2016.12
TCGA-OR-A5JR-01,2539.91
TCGA-OR-A5JS-01,1583.06
TCGA-OR-A5JT-01,2513.32
TCGA-OR-A5JU-01,
TCGA-OR-A5JV-01,2824.51
TCGA-OR-A5JW-01,1842.47
TCGA-OR-A5JX-01,1812.88
TCGA-OR-A5JY-01,1450.52
TCGA-OR-A5JZ-01,2755.33
TCGA-OR-A5K0-01,1113.64
TCGA-OR-A5K1-01,1896.34
TCGA-OR-A5K2-01,647.808
TCGA-OR-A5K3-01,1844.76
TCGA-OR-A5K4-01,2903.87
TCGA-OR-A5K5-01,826.826
TCGA-OR-A5K6-01,1512.37
TCGA-OR-A5K8-01,1552.98
TCGA-OR-A5K9-01,1342.13
TCGA-OR-A5KB-01,
TCGA-OR-A5KO-01,2788.66
TCGA-OR-A5KP-01,
TCGA-OR-A5KQ-01,
TCGA-OR-A5KS-01,
TCGA-OR-A5KT-01,985.549
TCGA-OR-A5KU-01,1205.01
TCGA-OR-A5KV-01,1330.12
TCGA-OR-A5KW-01,2401.51
TCGA-OR-A5KX-01,1662.05
TCGA-OR-A5KY-01,1212.17
TCGA-OR-A5KZ-01,2213.33
TCGA-OR-A5L1-01,
TCGA-OR-A5L2-01,
TCGA-OR-A5L3-01,1188.62
TCGA-OR-A5L4-01,2490.51
TCGA-OR-A5L5-01,1815.95
TCGA-OR-A5L6-01,1248.6
TCGA-OR-A5L8-01,2270.15
TCGA-OR-A5L9-01,2080.65
TCGA-OR-A5LA-01,1877.55
TCGA-OR-A5LB-01,2484.67
TCGA-OR-A5LC-01,1178.43
TCGA-OR-A5LD-01,1055.63
TCGA-OR-A5LE-01,1782.38
TCGA-OR-A5LF-01,
TCGA-OR-A5LG-01,1617.56
TCGA-OR-A5LH-01,2057.08
TCGA-OR-A5LI-01,
TCGA-OR-A5LJ-01,2731.44
TCGA-OR-A5LK-01,3210.17
TCGA-OR-A5LL-01,1985.34
TCGA-OR-A5LM-01,1490.62
TCGA-OR-A5LN-01,2063.58
TCGA-OR-A5LO-01,2888.52
TCGA-OR-A5LP-01,2233.32
TCGA-OR-A5LR-01,2695.4
TCGA-OR-A5LS-01,1954.94
TCGA-OR-A5LT-01,2016.16
TCGA-OR-A5OG-01,
TCGA-OU-A5PI-01,2217.22
TCGA-P6-A5OF-01,2318.34
TCGA-P6-A5OH-01,
TCGA-PA-A5YG-01,2589.92
TCGA-PK-A5H8-01,1857.59
TCGA-PK-A5H9-01,2312.48
TCGA-PK-A5HA-01,2952.59
TCGA-PK-A5HB-01,2194.47
TCGA-PK-A5HC-01,
TCGA-2F-A9KO-01,4078.13
TCGA-2F-A9KP-01,2397.42
TCGA-2F-A9KQ-01,2963.38
TCGA-2F-A9KR-01,755.033
TCGA-2F-A9KT-01,2022.05
TCGA-2F-A9KW-01,1832.65
TCGA-4Z-AA7M-01,2633.44
TCGA-4Z-AA7N-01,1671.92
TCGA-4Z-AA7O-01,2668.0
TCGA-4Z-AA7Q-01,1642.38
TCGA-4Z-AA7R-01,2889.19
TCGA-4Z-AA7S-01,3242.13
TCGA-4Z-AA7W-01,1057.18
TCGA-4Z-AA7Y-01,3199.17
TCGA-4Z-AA80-01,2542.37
TCGA-4Z-AA81-01,1668.32
TCGA-4Z-AA82-01,3542.24
TCGA-4Z-AA83-01,537.294
TCGA-4Z-AA84-01,1974.22
TCGA-4Z-AA86-01,1635.75
TCGA-4Z-AA87-01,1851.88
TCGA-4Z-AA89-01,597.563
TCGA-5N-A9KI-01,1375.03
TCGA-5N-A9KM-01,2164.08
TCGA-BL-A0C8-01,2889.73
TCGA-BL-A13I-01,1288.43
TCGA-BL-A13J-01,4921.74
TCGA-BL-A3JM-01,2252.28
TCGA-BL-A5ZZ-01,1795.38
TCGA-BT-A0S7-01,3973.32
TCGA-BT-A0YX-01,1834.51
TCGA-BT-A20J-01,2592.8
TCGA-BT-A20N-01,2899.24
TCGA-BT-A20O-01,1976.49
TCGA-BT-A20P-01,1563.17
TCGA-BT-A20Q-01,2657.1
TCGA-BT-A20R-01,2391.42
TCGA-BT-A20T-01,2193.89
TCGA-BT-A20U-01,2133.43
TCGA-BT-A20V-01,3933.29
TCGA-BT-A20W-01,3035.81
TCGA-BT-A20X-01,3360.54
TCGA-BT-A2LA-01,2465.18
TCGA-BT-A2LB-01,951.228
TCGA-BT-A2LD-01,1194.42
TCGA-BT-A3PH-01,2511.18
TCGA-BT-A3PJ-01,2329.72
TCGA-BT-A3PK-01,2539.49
TCGA-BT-A42B-01,
TCGA-BT-A42C-01,2349.93
TCGA-BT-A42E-01,616.171
TCGA-BT-A42F-01,1047.55
TCGA-C4-A0EZ-01,2930.52
TCGA-C4-A0F0-01,5425.74
TCGA-C4-A0F1-01,478.628
TCGA-C4-A0F6-01,3329.29
TCGA-C4-A0F7-01,2212.54
TCGA-CF-A1HR-01,1727.99
TCGA-CF-A1HS-01,4052.6
TCGA-CF-A27C-01,476.634
TCGA-CF-A3MF-01,1816.16
TCGA-CF-A3MG-01,3004.27
TCGA-CF-A3MH-01,2220.17
TCGA-CF-A3MI-01,649.903
TCGA-CF-A47S-01,1759.17
TCGA-CF-A47T-01,1831.42
TCGA-CF-A47V-01,1620.59
TCGA-CF-A47W-01,334.906
TCGA-CF-A47X-01,2156.27
TCGA-CF-A47Y-01,605.278
TCGA-CF-A5U8-01,491.015
TCGA-CF-A5UA-01,1164.51
TCGA-CF-A7I0-01,1507.77
TCGA-CF-A8HX-01,1497.56
TCGA-CF-A8HY-01,1939.33
TCGA-CF-A9FF-01,1643.23
TCGA-CF-A9FH-01,1824.01
TCGA-CF-A9FL-01,2309.2
TCGA-CF-A9FM-01,83.5212
TCGA-CU-A0YN-01,3229.63
TCGA-CU-A0YO-01,2417.51
TCGA-CU-A0YR-01,3273.38
TCGA-CU-A3KJ-01,4794.45
TCGA-CU-A3QU-01,2998.89
TCGA-CU-A3YL-01,1968.84
TCGA-CU-A5W6-01,3098.38
TCGA-CU-A72E-01,513.358
TCGA-DK-A1A3-01,1878.96
TCGA-DK-A1A5-01,4196.76
TCGA-DK-A1A6-01,3095.31
TCGA-DK-A1A7-01,1679.0
TCGA-DK-A1AA-01,448.429
TCGA-DK-A1AB-01,2456.76
TCGA-DK-A1AC-01,1883.09
TCGA-DK-A1AD-01,3129.48
TCGA-DK-A1AE-01,2972.69
TCGA-DK-A1AF-01,1717.06
TCGA-DK-A1AG-01,1994.67
TCGA-DK-A2HX-01,1905.92
TCGA-DK-A2I1-01,2117.89
TCGA-DK-A2I2-01,1864.88
TCGA-DK-A2I4-01,2509.68
TCGA-DK-A2I6-01,1839.94
TCGA-DK-A3IK-01,2040.94
TCGA-DK-A3IL-01,1787.8
TCGA-DK-A3IM-01,3560.42
TCGA-DK-A3IN-01,2376.07
TCGA-DK-A3IQ-01,1842.05
TCGA-DK-A3IS-01,499.703
TCGA-DK-A3IT-01,2117.11
TCGA-DK-A3IU-01,1502.5
TCGA-DK-A3IV-01,2344.64
TCGA-DK-A3WW-01,1673.62
TCGA-DK-A3WX-01,2211.74
TCGA-DK-A3WY-01,2145.18
TCGA-DK-A3X1-01,2587.91
TCGA-DK-A3X2-01,2520.07
TCGA-DK-A6AV-01,2637.52
TCGA-DK-A6AW-01,430.788
TCGA-DK-A6B0-01,310.698
TCGA-DK-A6B1-01,4100.34
TCGA-DK-A6B2-01,2430.07
TCGA-DK-A6B5-01,2135.41
TCGA-DK-A6B6-01,2446.86
TCGA-DK-AA6L-01,1610.73
TCGA-DK-AA6M-01,1057.57
TCGA-DK-AA6P-01,2217.19
TCGA-DK-AA6Q-01,1813.03
TCGA-DK-AA6R-01,3464.89
TCGA-DK-AA6S-01,1740.26
TCGA-DK-AA6T-01,1461.81
TCGA-DK-AA6U-01,2197.87
TCGA-DK-AA6W-01,1891.62
TCGA-DK-AA6X-01,2385.4
TCGA-DK-AA71-01,224.845
TCGA-DK-AA74-01,856.754
TCGA-DK-AA75-01,2073.97
TCGA-DK-AA76-01,2358.48
TCGA-DK-AA77-01,2321.03
TCGA-E5-A2PC-01,2392.9
TCGA-E5-A4TZ-01,3391.78
TCGA-E5-A4U1-01,1381.21
TCGA-E7-A3X6-01,3146.3
TCGA-E7-A3Y1-01,660.047
TCGA-E7-A4IJ-01,402.412
TCGA-E7-A4XJ-01,1170.79
TCGA-E7-A519-01,447.686
TCGA-E7-A541-01,1612.7
TCGA-E7-A5KE-01,2794.09
TCGA-E7-A5KF-01,1536.47
TCGA-E7-A677-01,1953.16
TCGA-E7-A678-01,249.185
TCGA-E7-A6MD-01,816.08
TCGA-E7-A6ME-01,3236.35
TCGA-E7-A6MF-01,4063.11
TCGA-E7-A7DU-01,436.011
TCGA-E7-A7DV-01,1101.99
TCGA-E7-A7PW-01,2422.41
TCGA-E7-A7XN-01,1591.82
TCGA-E7-A85H-01,1457.3
TCGA-E7-A8O7-01,2441.26
TCGA-E7-A97P-01,726.311
TCGA-E7-A97Q-01,1963.72
TCGA-FD-A3B3-01,2141.18
TCGA-FD-A3B4-01,2283.96
TCGA-FD-A3B5-01,376.844
TCGA-FD-A3B6-01,1905.05
TCGA-FD-A3B7-01,2068.27
TCGA-FD-A3B8-01,2288.61
TCGA-FD-A3N5-01,3185.96
TCGA-FD-A3N6-01,2956.08
TCGA-FD-A3NA-01,2349.7
TCGA-FD-A3SJ-01,1407.09
TCGA-FD-A3SL-01,782.176
TCGA-FD-A3SM-01,916.686
TCGA-FD-A3SN-01,1594.4
TCGA-FD-A3SO-01,2180.37
TCGA-FD-A3SP-01,2034.99
TCGA-FD-A3SQ-01,1568.77
TCGA-FD-A3SR-01,2607.3
TCGA-FD-A3SS-01,1998.63
TCGA-FD-A43N-01,1698.96
TCGA-FD-A43P-01,2580.4
TCGA-FD-A43S-01,864.589
TCGA-FD-A43U-01,1236.09
TCGA-FD-A43X-01,1475.48
TCGA-FD-A43Y-01,1525.75
TCGA-FD-A5BR-01,1105.71
TCGA-FD-A5BS-01,1154.2
TCGA-FD-A5BT-01,517.193
TCGA-FD-A5BU-01,1403.84
TCGA-FD-A5BV-01,2120.48
TCGA-FD-A5BX-01,365.789
TCGA-FD-A5BY-01,1896.18
TCGA-FD-A5BZ-01,1051.52
TCGA-FD-A5C0-01,3349.74
TCGA-FD-A5C1-01,1049.31
TCGA-FD-A62N-01,1618.21
TCGA-FD-A62O-01,3242.15
TCGA-FD-A62P-01,2331.74
TCGA-FD-A62S-01,1692.68
TCGA-FD-A6TA-01,656.398
TCGA-FD-A6TB-01,1667.74
TCGA-FD-A6TC-01,2226.68
TCGA-FD-A6TD-01,1490.64
TCGA-FD-A6TE-01,3058.68
TCGA-FD-A6TF-01,1549.7
TCGA-FD-A6TG-01,2010.92
TCGA-FD-A6TH-01,1666.61
TCGA-FD-A6TI-01,1422.61
TCGA-FD-A6TK-01,1423.33
TCGA-FJ-A3Z7-01,1269.61
TCGA-FJ-A3Z9-01,494.403
TCGA-FJ-A3ZE-01,811.261
TCGA-FJ-A3ZF-01,2434.44
TCGA-FJ-A871-01,656.871
TCGA-FT-A3EE-01,1551.52
TCGA-FT-A61P-01,2027.12
TCGA-G2-A2EC-01,2456.62
TCGA-G2-A2EF-01,2575.22
TCGA-G2-A2EJ-01,2192.87
TCGA-G2-A2EK-01,2319.6
TCGA-G2-A2EL-01,4116.44
TCGA-G2-A2EO-01,1854.84
TCGA-G2-A2ES-01,2067.03
TCGA-G2-A3IB-01,1981.09
TCGA-G2-A3IE-01,1940.06
TCGA-G2-A3VY-01,3345.47
TCGA-G2-AA3B-01,1891.04
TCGA-G2-AA3C-01,773.162
TCGA-G2-AA3D-01,336.9
TCGA-G2-AA3F-01,2657.83
TCGA-GC-A3BM-01,3391.38
TCGA-GC-A3I6-01,3983.62
TCGA-GC-A3OO-01,1598.33
TCGA-GC-A3RB-01,2773.38
TCGA-GC-A3RC-01,2521.09
TCGA-GC-A3RD-01,3736.38
TCGA-GC-A3WC-01,2388.17
TCGA-GC-A3YS-01,1603.0
TCGA-GC-A4ZW-01,1944.04
TCGA-GC-A6I1-01,282.791
TCGA-GC-A6I3-01,1074.04
TCGA-GD-A2C5-01,3065.48
TCGA-GD-A3OP-01,2434.61
TCGA-GD-A3OQ-01,2429.18
TCGA-GD-A3OS-01,2420.43
TCGA-GD-A6C6-01,147.653
TCGA-GD-A76B-01,1492.67
TCGA-GU-A42P-01,1916.72
TCGA-GU-A42Q-01,1689.61
TCGA-GU-A42R-01,134.174
TCGA-GU-A762-01,1101.28
TCGA-GU-A763-01,1030.22
TCGA-GU-A764-01,2018.24
TCGA-GU-A766-01,1026.75
TCGA-GU-A767-01,846.154
TCGA-GU-AATO-01,1300.81
TCGA-GU-AATP-01,1158.13
TCGA-GU-AATQ-01,1738.54
TCGA-GV-A3JV-01,2284.31
TCGA-GV-A3JW-01,2484.21
TCGA-GV-A3JX-01,2388.49
TCGA-GV-A3JZ-01,3002.74
TCGA-GV-A3QF-01,2912.64
TCGA-GV-A3QG-01,2209.55
TCGA-GV-A3QH-01,3159.19
TCGA-GV-A3QI-01,3494.69
TCGA-GV-A3QK-01,539.212
TCGA-GV-A40E-01,1550.56
TCGA-GV-A40G-01,2218.7
TCGA-GV-A6ZA-01,1690.36
TCGA-H4-A2HO-01,2171.29
TCGA-H4-A2HQ-01,474.236
TCGA-HQ-A2OE-01,2461.77
TCGA-HQ-A2OF-01,2631.54
TCGA-HQ-A5ND-01,3424.27
TCGA-HQ-A5NE-01,2531.01
TCGA-K4-A3WS-01,1607.59
TCGA-K4-A3WU-01,1915.31
TCGA-K4-A3WV-01,1184.68
TCGA-K4-A4AB-01,1776.87
TCGA-K4-A4AC-01,2267.39
TCGA-K4-A54R-01,2402.83
TCGA-K4-A5RH-01,2507.39
TCGA-K4-A5RI-01,2800.71
TCGA-K4-A5RJ-01,1739.94
TCGA-K4-A6FZ-01,2060.98
TCGA-K4-A6MB-01,2002.88
TCGA-K4-A83P-01,1923.12
TCGA-K4-AAQO-01,1721.99
TCGA-KQ-A41N-01,1532.86
TCGA-KQ-A41O-01,769.788
TCGA-KQ-A41P-01,1635.45
TCGA-KQ-A41Q-01,3167.86
TCGA-KQ-A41R-01,1621.36
TCGA-KQ-A41S-01,1194.14
TCGA-LC-A66R-01,2767.78
TCGA-LT-A5Z6-01,1756.36
TCGA-LT-A8JT-01,2354.93
TCGA-MV-A51V-01,1019.07
TCGA-PQ-A6FI-01,438.685
TCGA-PQ-A6FN-01,1188.02
TCGA-R3-A69X-01,580.946
TCGA-S5-A6DX-01,1654.47
TCGA-S5-AA26-01,2211.6
TCGA-SY-A9G0-01,1581.24
TCGA-SY-A9G5-01,1516.91
TCGA-UY-A78K-01,1384.05
TCGA-UY-A78L-01,2246.55
TCGA-UY-A78M-01,906.622
TCGA-UY-A78N-01,2729.9
TCGA-UY-A78O-01,1850.26
TCGA-UY-A78P-01,1591.54
TCGA-UY-A8OB-01,1389.55
TCGA-UY-A8OC-01,2286.53
TCGA-UY-A8OD-01,1522.52
TCGA-UY-A9PA-01,1987.07
TCGA-UY-A9PB-01,1707.12
TCGA-UY-A9PD-01,1626.59
TCGA-UY-A9PE-01,1462.51
TCGA-UY-A9PF-01,1103.64
TCGA-UY-A9PH-01,1540.98
TCGA-XF-A8HB-01,1315.7
TCGA-XF-A8HC-01,3319.35
TCGA-XF-A8HD-01,1443.47
TCGA-XF-A8HE-01,2221.04
TCGA-XF-A8HF-01,1686.9
TCGA-XF-A8HG-01,2327.56
TCGA-XF-A8HH-01,1679.06
TCGA-XF-A8HI-01,478.578
TCGA-XF-A9SG-01,
TCGA-XF-A9SH-01,1698.25
TCGA-XF-A9SI-01,950.708
TCGA-XF-A9SJ-01,1036.67
TCGA-XF-A9SK-01,1024.03
TCGA-XF-A9SL-01,1058.48
TCGA-XF-A9SM-01,2220.76
TCGA-XF-A9SP-01,890.065
TCGA-XF-A9ST-01,124.01
TCGA-XF-A9SU-01,1005.43
TCGA-XF-A9SV-01,1981.96
TCGA-XF-A9SW-01,1370.72
TCGA-XF-A9SX-01,893.293
TCGA-XF-A9SY-01,2169.74
TCGA-XF-A9SZ-01,1036.38
TCGA-XF-A9T0-01,1615.3
TCGA-XF-A9T2-01,508.011
TCGA-XF-A9T3-01,392.365
TCGA-XF-A9T4-01,1921.7
TCGA-XF-A9T5-01,1775.31
TCGA-XF-A9T6-01,1178.63
TCGA-XF-A9T8-01,3014.18
TCGA-XF-AAME-01,1831.01
TCGA-XF-AAMF-01,
TCGA-XF-AAMG-01,1779.79
TCGA-XF-AAMH-01,929.916
TCGA-XF-AAMJ-01,1624.19
TCGA-XF-AAML-01,2586.06
TCGA-XF-AAMQ-01,2561.63
TCGA-XF-AAMR-01,1994.67
TCGA-XF-AAMT-01,3299.29
TCGA-XF-AAMW-01,1998.82
TCGA-XF-AAMX-01,1269.31
TCGA-XF-AAMY-01,1101.89
TCGA-XF-AAMZ-01,1667.51
TCGA-XF-AAN0-01,1626.58
TCGA-XF-AAN1-01,1672.44
TCGA-XF-AAN2-01,2153.05
TCGA-XF-AAN3-01,3021.21
TCGA-XF-AAN4-01,1793.71
TCGA-XF-AAN5-01,2647.11
TCGA-XF-AAN7-01,3601.86
TCGA-XF-AAN8-01,874.644
TCGA-YC-A89H-01,1391.45
TCGA-YC-A8S6-01,1052.28
TCGA-YC-A9TC-01,1339.01
TCGA-YF-AA3L-01,1332.99
TCGA-YF-AA3M-01,2022.37
TCGA-ZF-A9R0-01,872.542
TCGA-ZF-A9R1-01,156.501
TCGA-ZF-A9R2-01,244.614
TCGA-ZF-A9R3-01,1830.25
TCGA-ZF-A9R4-01,2218.82
TCGA-ZF-A9R5-01,1839.63
TCGA-ZF-A9R7-01,1415.08
TCGA-ZF-A9R9-01,1557.41
TCGA-ZF-A9RC-01,1055.59
TCGA-ZF-A9RD-01,1817.69
TCGA-ZF-A9RE-01,3083.11
TCGA-ZF-A9RF-01,1745.12
TCGA-ZF-A9RG-01,
TCGA-ZF-A9RL-01,2854.69
TCGA-ZF-A9RM-01,2649.73
TCGA-ZF-A9RN-01,1833.41
TCGA-ZF-AA4N-01,2418.09
TCGA-ZF-AA4R-01,2911.58
TCGA-ZF-AA4T-01,2184.65
TCGA-ZF-AA4U-01,19.5457
TCGA-ZF-AA4V-01,2183.87
TCGA-ZF-AA4W-01,1937.6
TCGA-ZF-AA4X-01,2546.47
TCGA-ZF-AA51-01,2661.64
TCGA-ZF-AA52-01,876.914
TCGA-ZF-AA53-01,310.606
TCGA-ZF-AA54-01,1613.87
TCGA-ZF-AA56-01,1805.47
TCGA-ZF-AA58-01,2202.78
TCGA-ZF-AA5H-01,1335.44
TCGA-ZF-AA5N-01,920.245
TCGA-ZF-AA5P-01,1500.83
TCGA-3C-AAAU-01,3683.71
TCGA-3C-AALI-01,1128.33
TCGA-3C-AALJ-01,1320.04
TCGA-3C-AALK-01,1591.23
TCGA-4H-AAAK-01,1869.79
TCGA-5L-AAT0-01,1750.4
TCGA-5T-A9QA-01,966.527
TCGA-A1-A0SB-01,3403.54
TCGA-A1-A0SD-01,3223.89
TCGA-A1-A0SE-01,3140.77
TCGA-A1-A0SF-01,2489.88
TCGA-A1-A0SG-01,2140.22
TCGA-A1-A0SH-01,3291.55
TCGA-A1-A0SI-01,2668.63
TCGA-A1-A0SJ-01,3330.96
TCGA-A1-A0SK-01,7154.11
TCGA-A1-A0SM-01,2279.99
TCGA-A1-A0SN-01,3111.61
TCGA-A1-A0SO-01,2129.3
TCGA-A1-A0SP-01,2635.53
TCGA-A1-A0SQ-01,2659.81
TCGA-A2-A04N-01,2290.81
TCGA-A2-A04P-01,1883.82
TCGA-A2-A04Q-01,2324.33
TCGA-A2-A04R-01,2453.32
TCGA-A2-A04T-01,3148.05
TCGA-A2-A04U-01,1315.5
TCGA-A2-A04V-01,2897.13
TCGA-A2-A04W-01,1422.13
TCGA-A2-A04X-01,1751.1
TCGA-A2-A04Y-01,2496.15
TCGA-A2-A0CK-01,1834.34
TCGA-A2-A0CL-01,3617.87
TCGA-A2-A0CM-01,4099.23
TCGA-A2-A0CO-01,1885.74
TCGA-A2-A0CP-01,1837.13
TCGA-A2-A0CQ-01,1859.04
TCGA-A2-A0CR-01,1200.76
TCGA-A2-A0CS-01,1803.41
TCGA-A2-A0CT-01,4478.26
TCGA-A2-A0CU-01,2901.11
TCGA-A2-A0CV-01,2815.13
TCGA-A2-A0CW-01,1128.32
TCGA-A2-A0CX-01,2159.62
TCGA-A2-A0CZ-01,1978.1
TCGA-A2-A0D0-01,3872.32
TCGA-A2-A0D1-01,2168.81
TCGA-A2-A0D2-01,2297.17
TCGA-A2-A0D3-01,2908.59
TCGA-A2-A0D4-01,2237.01
TCGA-A2-A0EM-01,3105.11
TCGA-A2-A0EN-01,1911.45
TCGA-A2-A0EO-01,2922.53
TCGA-A2-A0EP-01,1704.98
TCGA-A2-A0EQ-01,3137.82
TCGA-A2-A0ER-01,4202.12
TCGA-A2-A0ES-01,3408.19
TCGA-A2-A0ET-01,4700.98
TCGA-A2-A0EU-01,3664.19
TCGA-A2-A0EV-01,3057.54
TCGA-A2-A0EW-01,3365.57
TCGA-A2-A0EX-01,2688.7
TCGA-A2-A0EY-01,2057.81
TCGA-A2-A0ST-01,3903.75
TCGA-A2-A0SU-01,3375.38
TCGA-A2-A0SV-01,1528.07
TCGA-A2-A0SW-01,2741.6
TCGA-A2-A0SX-01,1143.22
TCGA-A2-A0SY-01,3151.57
TCGA-A2-A0T0-01,3645.41
TCGA-A2-A0T1-01,1237.47
TCGA-A2-A0T2-01,1681.68
TCGA-A2-A0T3-01,2407.38
TCGA-A2-A0T4-01,2635.92
TCGA-A2-A0T5-01,2767.21
TCGA-A2-A0T6-01,3171.1
TCGA-A2-A0T7-01,2737.05
TCGA-A2-A0YC-01,3283.6
TCGA-A2-A0YD-01,2666.56
TCGA-A2-A0YE-01,3272.5
TCGA-A2-A0YF-01,3908.08
TCGA-A2-A0YG-01,2757.01
TCGA-A2-A0YH-01,2794.86
TCGA-A2-A0YI-01,3129.99
TCGA-A2-A0YJ-01,2401.95
TCGA-A2-A0YK-01,3629.47
TCGA-A2-A0YL-01,3637.38
TCGA-A2-A0YM-01,3906.51
TCGA-A2-A0YT-01,2927.11
TCGA-A2-A1FV-01,6219.58
TCGA-A2-A1FW-01,4807.66
TCGA-A2-A1FX-01,3173.24
TCGA-A2-A1FZ-01,3158.46
TCGA-A2-A1G0-01,3244.58
TCGA-A2-A1G1-01,4973.68
TCGA-A2-A1G4-01,4371.63
TCGA-A2-A1G6-01,3454.64
TCGA-A2-A259-01,2663.22
TCGA-A2-A25A-01,3233.47
TCGA-A2-A25B-01,2363.58
TCGA-A2-A25C-01,3740.19
TCGA-A2-A25D-01,2000.76
TCGA-A2-A25E-01,3172.96
TCGA-A2-A25F-01,3980.17
TCGA-A2-A3KC-01,2582.28
TCGA-A2-A3KD-01,2938.08
TCGA-A2-A3XS-01,1983.26
TCGA-A2-A3XT-01,1733.75
TCGA-A2-A3XU-01,811.371
TCGA-A2-A3XV-01,141.505
TCGA-A2-A3XW-01,783.487
TCGA-A2-A3XX-01,1870.62
TCGA-A2-A3XY-01,1107.06
TCGA-A2-A3XZ-01,1086.15
TCGA-A2-A3Y0-01,782.467
TCGA-A2-A4RW-01,2196.73
TCGA-A2-A4RX-01,3131.7
TCGA-A2-A4RY-01,2246.06
TCGA-A2-A4S0-01,2611.19
TCGA-A2-A4S1-01,1166.51
TCGA-A2-A4S2-01,1529.98
TCGA-A2-A4S3-01,1399.14
TCGA-A7-A0CD-01,3500.58
TCGA-A7-A0CE-01,3704.72
TCGA-A7-A0CG-01,3594.19
TCGA-A7-A0CH-01,3104.8
TCGA-A7-A0CJ-01,1668.46
TCGA-A7-A0D9-01,3014.0
TCGA-A7-A0DA-01,2029.79
TCGA-A7-A0DB-01,2171.86
TCGA-A7-A0DC-01,3693.0
TCGA-A7-A13D-01,2195.19
TCGA-A7-A13E-01,2017.29
TCGA-A7-A13F-01,2344.58
TCGA-A7-A13G-01,2999.13
TCGA-A7-A13H-01,1811.84
TCGA-A7-A26E-01,4407.49
TCGA-A7-A26F-01,3186.64
TCGA-A7-A26G-01,3657.35
TCGA-A7-A26H-01,3417.75
TCGA-A7-A26I-01,3381.19
TCGA-A7-A26J-01,3548.52
TCGA-A7-A2KD-01,3577.5
TCGA-A7-A3IY-01,2409.82
TCGA-A7-A3IZ-01,4016.58
TCGA-A7-A3J0-01,2737.41
TCGA-A7-A3J1-01,2468.28
TCGA-A7-A3RF-01,1748.11
TCGA-A7-A425-01,1308.58
TCGA-A7-A426-01,1486.69
TCGA-A7-A4SA-01,1615.23
TCGA-A7-A4SB-01,2534.58
TCGA-A7-A4SC-01,1943.82
TCGA-A7-A4SD-01,2331.34
TCGA-A7-A4SE-01,2162.1
TCGA-A7-A4SF-01,2109.71
TCGA-A7-A56D-01,545.394
TCGA-A7-A5ZV-01,2559.57
TCGA-A7-A5ZW-01,2700.17
TCGA-A7-A5ZX-01,2314.88
TCGA-A7-A6VV-01,2005.41
TCGA-A7-A6VW-01,975.212
TCGA-A7-A6VX-01,2453.04
TCGA-A7-A6VY-01,4277.41
TCGA-A8-A06N-01,4790.27
TCGA-A8-A06O-01,2361.86
TCGA-A8-A06P-01,2176.47
TCGA-A8-A06Q-01,3143.01
TCGA-A8-A06R-01,2282.46
TCGA-A8-A06T-01,3356.71
TCGA-A8-A06U-01,4755.74
TCGA-A8-A06X-01,2972.18
TCGA-A8-A06Y-01,2888.08
TCGA-A8-A06Z-01,2868.72
TCGA-A8-A075-01,1572.25
TCGA-A8-A076-01,1608.55
TCGA-A8-A079-01,2471.83
TCGA-A8-A07B-01,1696.53
TCGA-A8-A07C-01,3021.28
TCGA-A8-A07E-01,2894.27
TCGA-A8-A07F-01,3663.74
TCGA-A8-A07G-01,2483.17
TCGA-A8-A07I-01,2554.07
TCGA-A8-A07J-01,2560.55
TCGA-A8-A07L-01,2708.02
TCGA-A8-A07O-01,2686.3
TCGA-A8-A07P-01,3012.44
TCGA-A8-A07R-01,3112.85
TCGA-A8-A07S-01,2400.47
TCGA-A8-A07U-01,2775.08
TCGA-A8-A07W-01,2604.59
TCGA-A8-A07Z-01,2142.12
TCGA-A8-A081-01,4063.2
TCGA-A8-A082-01,2229.2
TCGA-A8-A083-01,2437.92
TCGA-A8-A085-01,4383.51
TCGA-A8-A086-01,2670.21
TCGA-A8-A08A-01,1880.35
TCGA-A8-A08B-01,2325.09
TCGA-A8-A08C-01,3429.06
TCGA-A8-A08G-01,2764.74
TCGA-A8-A08H-01,2579.35
TCGA-A8-A08I-01,4330.87
TCGA-A8-A08J-01,2436.46
TCGA-A8-A08L-01,2353.74
TCGA-A8-A08O-01,3634.7
TCGA-A8-A08P-01,2025.33
TCGA-A8-A08R-01,2704.41
TCGA-A8-A08T-01,3892.85
TCGA-A8-A08X-01,1846.12
TCGA-A8-A08Z-01,2819.19
TCGA-A8-A090-01,2828.96
TCGA-A8-A091-01,5373.81
TCGA-A8-A092-01,2937.83
TCGA-A8-A093-01,3137.11
TCGA-A8-A094-01,2763.27
TCGA-A8-A095-01,3173.42
TCGA-A8-A096-01,2815.47
TCGA-A8-A097-01,2528.38
TCGA-A8-A099-01,3285.33
TCGA-A8-A09A-01,3256.0
TCGA-A8-A09B-01,2507.08
TCGA-A8-A09C-01,2357.46
TCGA-A8-A09D-01,2617.88
TCGA-A8-A09G-01,2202.02
TCGA-A8-A09I-01,2153.18
TCGA-A8-A09M-01,2472.84
TCGA-A8-A09N-01,3614.23
TCGA-A8-A09Q-01,2976.12
TCGA-A8-A09R-01,3031.02
TCGA-A8-A09T-01,3084.12
TCGA-A8-A09V-01,4458.62
TCGA-A8-A09W-01,2553.31
TCGA-A8-A09X-01,2007.24
TCGA-A8-A09Z-01,2212.71
TCGA-A8-A0A1-01,2706.83
TCGA-A8-A0A2-01,3155.16
TCGA-A8-A0A4-01,3494.58
TCGA-A8-A0A6-01,3392.47
TCGA-A8-A0A7-01,2491.56
TCGA-A8-A0A9-01,2277.09
TCGA-A8-A0AB-01,3683.54
TCGA-A8-A0AD-01,3017.86
TCGA-AC-A23C-01,3252.82
TCGA-AC-A23E-01,2949.56
TCGA-AC-A23G-01,2066.13
TCGA-AC-A23H-01,1643.98
TCGA-AC-A2B8-01,3057.19
TCGA-AC-A2BK-01,3134.31
TCGA-AC-A2BM-01,3257.89
TCGA-AC-A2FB-01,3370.45
TCGA-AC-A2FE-01,1834.61
TCGA-AC-A2FF-01,3358.78
TCGA-AC-A2FG-01,3260.95
TCGA-AC-A2FK-01,4016.9
TCGA-AC-A2FM-01,2714.33
TCGA-AC-A2FO-01,2706.36
TCGA-AC-A2QH-01,1431.16
TCGA-AC-A2QI-01,2083.88
TCGA-AC-A2QJ-01,492.66
TCGA-AC-A3BB-01,1545.56
TCGA-AC-A3EH-01,1687.28
TCGA-AC-A3HN-01,2060.98
TCGA-AC-A3OD-01,3205.04
TCGA-AC-A3QP-01,1211.69
TCGA-AC-A3QQ-01,712.22
TCGA-AC-A3TM-01,863.955
TCGA-AC-A3TN-01,1200.97
TCGA-AC-A3W5-01,1529.82
TCGA-AC-A3W6-01,1399.75
TCGA-AC-A3W7-01,1816.0
TCGA-AC-A3YI-01,1496.91
TCGA-AC-A3YJ-01,2123.63
TCGA-AC-A4ZE-01,2904.75
TCGA-AC-A5EH-01,1449.48
TCGA-AC-A5EI-01,
TCGA-AC-A5XS-01,1209.68
TCGA-AC-A5XU-01,3098.37
TCGA-AC-A62V-01,928.965
TCGA-AC-A62X-01,2690.54
TCGA-AC-A62Y-01,2414.5
TCGA-AC-A6IV-01,2866.61
TCGA-AC-A6IW-01,1232.37
TCGA-AC-A6IX-01,1915.6
TCGA-AC-A6NO-01,1729.54
TCGA-AC-A7VB-01,2273.34
TCGA-AC-A7VC-01,1209.43
TCGA-AC-A8OP-01,2146.26
TCGA-AC-A8OQ-01,1135.6
TCGA-AC-A8OR-01,2161.56
TCGA-AC-A8OS-01,2076.38
TCGA-AN-A03X-01,2014.99
TCGA-AN-A03Y-01,2366.56
TCGA-AN-A041-01,2966.8
TCGA-AN-A046-01,2067.78
TCGA-AN-A049-01,2169.3
TCGA-AN-A04A-01,3698.88
TCGA-AN-A04C-01,1608.8
TCGA-AN-A04D-01,1663.12
TCGA-AN-A0AJ-01,3110.28
TCGA-AN-A0AK-01,1983.21
TCGA-AN-A0AL-01,1869.57
TCGA-AN-A0AM-01,1250.71
TCGA-AN-A0AR-01,1871.07
TCGA-AN-A0AS-01,2521.29
TCGA-AN-A0AT-01,3352.55
TCGA-AN-A0FD-01,2503.76
TCGA-AN-A0FF-01,2347.66
TCGA-AN-A0FJ-01,3002.4
TCGA-AN-A0FK-01,2785.15
TCGA-AN-A0FL-01,1573.47
TCGA-AN-A0FN-01,2399.84
TCGA-AN-A0FS-01,3370.58
TCGA-AN-A0FT-01,2057.95
TCGA-AN-A0FV-01,2431.11
TCGA-AN-A0FW-01,3115.41
TCGA-AN-A0FX-01,1811.48
TCGA-AN-A0FY-01,3774.66
TCGA-AN-A0FZ-01,3630.9
TCGA-AN-A0G0-01,1731.08
TCGA-AN-A0XL-01,2402.05
TCGA-AN-A0XN-01,3641.84
TCGA-AN-A0XO-01,3243.83
TCGA-AN-A0XP-01,2778.46
TCGA-AN-A0XR-01,2355.11
TCGA-AN-A0XS-01,2541.57
TCGA-AN-A0XT-01,3827.44
TCGA-AN-A0XU-01,3032.05
TCGA-AN-A0XV-01,3123.78
TCGA-AN-A0XW-01,2375.41
TCGA-AO-A03L-01,2825.97
TCGA-AO-A03M-01,2495.52
TCGA-AO-A03N-01,2014.52
TCGA-AO-A03O-01,3381.22
TCGA-AO-A03P-01,3615.99
TCGA-AO-A03R-01,2030.38
TCGA-AO-A03T-01,1733.38
TCGA-AO-A03U-01,2763.5
TCGA-AO-A03V-01,3109.02
TCGA-AO-A0J2-01,3646.39
TCGA-AO-A0J3-01,3165.17
TCGA-AO-A0J4-01,3283.16
TCGA-AO-A0J5-01,2858.42
TCGA-AO-A0J6-01,2808.45
TCGA-AO-A0J7-01,2982.46
TCGA-AO-A0J8-01,2497.4
TCGA-AO-A0J9-01,2235.65
TCGA-AO-A0JA-01,3361.69
TCGA-AO-A0JB-01,1822.16
TCGA-AO-A0JC-01,3767.08
TCGA-AO-A0JD-01,3932.27
TCGA-AO-A0JE-01,1590.26
TCGA-AO-A0JF-01,3374.33
TCGA-AO-A0JG-01,3729.8
TCGA-AO-A0JI-01,3883.76
TCGA-AO-A0JJ-01,3400.79
TCGA-AO-A0JL-01,1778.95
TCGA-AO-A0JM-01,1267.43
TCGA-AO-A124-01,3466.9
TCGA-AO-A125-01,2103.39
TCGA-AO-A126-01,1786.46
TCGA-AO-A128-01,2832.02
TCGA-AO-A129-01,1869.11
TCGA-AO-A12A-01,2949.51
TCGA-AO-A12B-01,2115.66
TCGA-AO-A12D-01,2387.6
TCGA-AO-A12E-01,2659.84
TCGA-AO-A12F-01,2544.62
TCGA-AO-A12G-01,2342.4
TCGA-AO-A12H-01,3005.76
TCGA-AO-A1KO-01,5317.16
TCGA-AO-A1KP-01,4021.28
TCGA-AO-A1KQ-01,3141.36
TCGA-AO-A1KR-01,1628.09
TCGA-AO-A1KS-01,5505.41
TCGA-AO-A1KT-01,1974.14
TCGA-AQ-A04H-01,3734.94
TCGA-AQ-A04J-01,2982.86
TCGA-AQ-A04L-01,2622.84
TCGA-AQ-A0Y5-01,3884.56
TCGA-AQ-A1H2-01,2768.19
TCGA-AQ-A1H3-01,3298.0
TCGA-AQ-A54N-01,1914.71
TCGA-AQ-A54O-01,2225.73
TCGA-AQ-A7U7-01,2207.36
TCGA-AR-A0TP-01,3860.61
TCGA-AR-A0TQ-01,2857.96
TCGA-AR-A0TR-01,3961.62
TCGA-AR-A0TS-01,4300.59
TCGA-AR-A0TT-01,1838.5
TCGA-AR-A0TU-01,2262.64
TCGA-AR-A0TV-01,2899.0
TCGA-AR-A0TW-01,2452.09
TCGA-AR-A0TX-01,2038.58
TCGA-AR-A0TY-01,2942.6
TCGA-AR-A0TZ-01,4048.82
TCGA-AR-A0U0-01,1792.56
TCGA-AR-A0U1-01,2116.56
TCGA-AR-A0U2-01,3550.35
TCGA-AR-A0U3-01,3403.31
TCGA-AR-A0U4-01,3067.33
TCGA-AR-A1AH-01,2747.41
TCGA-AR-A1AI-01,4186.18
TCGA-AR-A1AJ-01,3047.71
TCGA-AR-A1AK-01,2463.82
TCGA-AR-A1AL-01,3415.21
TCGA-AR-A1AM-01,2480.73
TCGA-AR-A1AN-01,2918.31
TCGA-AR-A1AO-01,2495.61
TCGA-AR-A1AP-01,2580.3
TCGA-AR-A1AQ-01,2730.89
TCGA-AR-A1AR-01,4384.33
TCGA-AR-A1AS-01,1881.13
TCGA-AR-A1AT-01,1969.93
TCGA-AR-A1AU-01,3144.33
TCGA-AR-A1AV-01,3464.31
TCGA-AR-A1AW-01,2989.03
TCGA-AR-A1AX-01,2503.59
TCGA-AR-A1AY-01,2949.57
TCGA-AR-A24H-01,1990.67
TCGA-AR-A24K-01,4862.43
TCGA-AR-A24L-01,2929.49
TCGA-AR-A24M-01,4596.75
TCGA-AR-A24N-01,3157.45
TCGA-AR-A24O-01,3652.07
TCGA-AR-A24P-01,3845.51
TCGA-AR-A24Q-01,2715.87
TCGA-AR-A24R-01,4583.65
TCGA-AR-A24S-01,3971.48
TCGA-AR-A24T-01,3451.16
TCGA-AR-A24U-01,2770.0
TCGA-AR-A24V-01,2754.99
TCGA-AR-A24W-01,4899.74
TCGA-AR-A24X-01,3491.77
TCGA-AR-A24Z-01,2842.62
TCGA-AR-A250-01,2668.32
TCGA-AR-A251-01,2253.08
TCGA-AR-A252-01,4655.41
TCGA-AR-A254-01,2362.86
TCGA-AR-A255-01,2566.73
TCGA-AR-A256-01,2257.86
TCGA-AR-A2LE-01,3721.06
TCGA-AR-A2LH-01,2128.81
TCGA-AR-A2LJ-01,1033.63
TCGA-AR-A2LK-01,4498.68
TCGA-AR-A2LM-01,3622.0
TCGA-AR-A2LN-01,3026.0
TCGA-AR-A2LO-01,4091.94
TCGA-AR-A2LQ-01,2532.0
TCGA-AR-A5QM-01,1552.79
TCGA-AR-A5QN-01,1881.55
TCGA-AR-A5QP-01,1919.81
TCGA-AR-A5QQ-01,1402.38
TCGA-B6-A0I1-01,3027.16
TCGA-B6-A0I2-01,1825.93
TCGA-B6-A0I5-01,1535.36
TCGA-B6-A0I6-01,3493.5
TCGA-B6-A0I8-01,2662.6
TCGA-B6-A0I9-01,3476.74
TCGA-B6-A0IA-01,2262.45
TCGA-B6-A0IB-01,2556.56
TCGA-B6-A0IC-01,2698.05
TCGA-B6-A0IE-01,1847.91
TCGA-B6-A0IG-01,1987.09
TCGA-B6-A0IH-01,2740.03
TCGA-B6-A0IJ-01,2693.29
TCGA-B6-A0IK-01,3707.51
TCGA-B6-A0IM-01,5280.65
TCGA-B6-A0IN-01,2070.02
TCGA-B6-A0IO-01,3099.27
TCGA-B6-A0IP-01,2619.56
TCGA-B6-A0IQ-01,3371.38
TCGA-B6-A0RE-01,2485.97
TCGA-B6-A0RG-01,3743.48
TCGA-B6-A0RH-01,1570.5
TCGA-B6-A0RI-01,2278.3
TCGA-B6-A0RL-01,2830.46
TCGA-B6-A0RM-01,2643.35
TCGA-B6-A0RN-01,3243.83
TCGA-B6-A0RO-01,4187.81
TCGA-B6-A0RP-01,3038.94
TCGA-B6-A0RQ-01,2800.83
TCGA-B6-A0RS-01,1612.06
TCGA-B6-A0RT-01,5674.14
TCGA-B6-A0RU-01,4131.56
TCGA-B6-A0RV-01,2875.81
TCGA-B6-A0WS-01,2543.34
TCGA-B6-A0WT-01,3291.49
TCGA-B6-A0WV-01,4214.57
TCGA-B6-A0WW-01,2875.64
TCGA-B6-A0WX-01,2413.42
TCGA-B6-A0WY-01,2789.69
TCGA-B6-A0WZ-01,1378.7
TCGA-B6-A0X0-01,2279.59
TCGA-B6-A0X1-01,3309.69
TCGA-B6-A0X4-01,3183.59
TCGA-B6-A0X5-01,2616.03
TCGA-B6-A0X7-01,3177.48
TCGA-B6-A1KC-01,6940.68
TCGA-B6-A1KF-01,2403.69
TCGA-B6-A1KI-01,2767.31
TCGA-B6-A1KN-01,3324.1
TCGA-B6-A2IU-01,2512.58
TCGA-B6-A3ZX-01,2007.42
TCGA-B6-A400-01,2109.79
TCGA-B6-A401-01,1384.54
TCGA-B6-A402-01,1361.04
TCGA-B6-A408-01,2094.0
TCGA-B6-A409-01,1133.23
TCGA-B6-A40B-01,1164.94
TCGA-B6-A40C-01,1300.86
TCGA-BH-A0AU-01,2963.9
TCGA-BH-A0AV-01,3843.18
TCGA-BH-A0AW-01,2225.24
TCGA-BH-A0AY-01,1687.53
TCGA-BH-A0AZ-01,2157.64
TCGA-BH-A0B0-01,2287.07
TCGA-BH-A0B1-01,3579.36
TCGA-BH-A0B2-01,2296.62
TCGA-BH-A0B3-01,1927.63
TCGA-BH-A0B4-01,1599.81
TCGA-BH-A0B5-01,3094.4
TCGA-BH-A0B7-01,2740.89
TCGA-BH-A0B8-01,4209.21
TCGA-BH-A0B9-01,3131.66
TCGA-BH-A0BA-01,3499.61
TCGA-BH-A0BC-01,2352.66
TCGA-BH-A0BD-01,2971.22
TCGA-BH-A0BF-01,2266.01
TCGA-BH-A0BG-01,3385.97
TCGA-BH-A0BJ-01,3061.42
TCGA-BH-A0BL-01,3535.02
TCGA-BH-A0BM-01,2820.38
TCGA-BH-A0BO-01,2580.57
TCGA-BH-A0BP-01,2901.2
TCGA-BH-A0BQ-01,1942.22
TCGA-BH-A0BR-01,1997.85
TCGA-BH-A0BS-01,3150.68
TCGA-BH-A0BT-01,1825.34
TCGA-BH-A0BV-01,4219.49
TCGA-BH-A0BW-01,3610.54
TCGA-BH-A0BZ-01,1893.28
TCGA-BH-A0C0-01,2158.06
TCGA-BH-A0C1-01,3146.98
TCGA-BH-A0C3-01,2563.87
TCGA-BH-A0C7-01,3429.24
TCGA-BH-A0DD-01,4055.67
TCGA-BH-A0DE-01,2454.14
TCGA-BH-A0DG-01,1835.21
TCGA-BH-A0DH-01,2975.16
TCGA-BH-A0DI-01,2325.85
TCGA-BH-A0DK-01,1995.05
TCGA-BH-A0DL-01,3676.34
TCGA-BH-A0DO-01,3490.87
TCGA-BH-A0DP-01,3366.05
TCGA-BH-A0DQ-01,3699.22
TCGA-BH-A0DS-01,1839.17
TCGA-BH-A0DT-01,2827.94
TCGA-BH-A0DV-01,2394.46
TCGA-BH-A0DX-01,2157.8
TCGA-BH-A0DZ-01,2369.49
TCGA-BH-A0E0-01,2483.24
TCGA-BH-A0E1-01,2525.24
TCGA-BH-A0E2-01,3140.5
TCGA-BH-A0E6-01,2714.02
TCGA-BH-A0E7-01,2728.27
TCGA-BH-A0E9-01,3582.41
TCGA-BH-A0EA-01,3676.52
TCGA-BH-A0EB-01,2779.39
TCGA-BH-A0EE-01,2735.06
TCGA-BH-A0EI-01,6011.59
TCGA-BH-A0GY-01,2510.37
TCGA-BH-A0GZ-01,2360.88
TCGA-BH-A0H0-01,2480.79
TCGA-BH-A0H3-01,3525.98
TCGA-BH-A0H5-01,2766.31
TCGA-BH-A0H6-01,2105.84
TCGA-BH-A0H7-01,2756.73
TCGA-BH-A0H9-01,2443.55
TCGA-BH-A0HA-01,2109.71
TCGA-BH-A0HB-01,2216.16
TCGA-BH-A0HF-01,2308.31
TCGA-BH-A0HI-01,2817.05
TCGA-BH-A0HK-01,2948.37
TCGA-BH-A0HL-01,2963.07
TCGA-BH-A0HN-01,2260.89
TCGA-BH-A0HO-01,2541.29
TCGA-BH-A0HP-01,3160.61
TCGA-BH-A0HQ-01,2196.73
TCGA-BH-A0HU-01,1260.19
TCGA-BH-A0HW-01,3057.01
TCGA-BH-A0HX-01,2737.58
TCGA-BH-A0HY-01,1192.28
TCGA-BH-A0RX-01,2067.14
TCGA-BH-A0W3-01,3638.12
TCGA-BH-A0W4-01,2952.25
TCGA-BH-A0W5-01,3094.67
TCGA-BH-A0W7-01,1897.85
TCGA-BH-A0WA-01,2912.47
TCGA-BH-A18F-01,2827.38
TCGA-BH-A18G-01,1884.38
TCGA-BH-A18H-01,1994.31
TCGA-BH-A18I-01,3135.03
TCGA-BH-A18J-01,2178.91
TCGA-BH-A18K-01,2625.59
TCGA-BH-A18L-01,3428.9
TCGA-BH-A18M-01,2910.58
TCGA-BH-A18N-01,3396.36
TCGA-BH-A18P-01,3950.2
TCGA-BH-A18Q-01,5567.72
TCGA-BH-A18R-01,3540.27
TCGA-BH-A18S-01,3002.67
TCGA-BH-A18T-01,3513.35
TCGA-BH-A18U-01,1992.97
TCGA-BH-A18V-01,3455.46
TCGA-BH-A1EN-01,2036.7
TCGA-BH-A1EO-01,3506.6
TCGA-BH-A1ES-01,3962.3
TCGA-BH-A1ET-01,3707.01
TCGA-BH-A1EU-01,4819.45
TCGA-BH-A1EV-01,2586.98
TCGA-BH-A1EW-01,2683.68
TCGA-BH-A1EX-01,3618.25
TCGA-BH-A1EY-01,3112.84
TCGA-BH-A1F0-01,3091.09
TCGA-BH-A1F2-01,3553.37
TCGA-BH-A1F5-01,4379.15
TCGA-BH-A1F6-01,2685.05
TCGA-BH-A1F8-01,4135.13
TCGA-BH-A1FB-01,3496.33
TCGA-BH-A1FC-01,3815.52
TCGA-BH-A1FD-01,2757.25
TCGA-BH-A1FE-01,3845.4
TCGA-BH-A1FG-01,2397.31
TCGA-BH-A1FH-01,3494.39
TCGA-BH-A1FJ-01,3640.6
TCGA-BH-A1FL-01,3471.49
TCGA-BH-A1FM-01,6249.21
TCGA-BH-A1FN-01,3128.91
TCGA-BH-A1FR-01,3726.38
TCGA-BH-A1FU-01,2320.05
TCGA-BH-A201-01,3301.27
TCGA-BH-A202-01,2815.87
TCGA-BH-A203-01,2245.56
TCGA-BH-A204-01,4883.44
TCGA-BH-A208-01,2228.57
TCGA-BH-A209-01,2602.84
TCGA-BH-A28O-01,2359.09
TCGA-BH-A28Q-01,3149.32
TCGA-BH-A2L8-01,1747.34
TCGA-BH-A42T-01,1300.61
TCGA-BH-A42U-01,1158.25
TCGA-BH-A42V-01,1678.94
TCGA-BH-A5IZ-01,2472.53
TCGA-BH-A5J0-01,1350.32
TCGA-BH-A6R8-01,1736.61
TCGA-BH-A6R9-01,1707.25
TCGA-BH-A8FY-01,1737.35
TCGA-BH-A8FZ-01,2174.52
TCGA-BH-A8G0-01,2199.72
TCGA-BH-AB28-01,2789.96
TCGA-C8-A12K-01,2400.06
TCGA-C8-A12L-01,4131.38
TCGA-C8-A12M-01,3643.97
TCGA-C8-A12N-01,1817.19
TCGA-C8-A12O-01,2592.58
TCGA-C8-A12P-01,2032.86
TCGA-C8-A12Q-01,3979.4
TCGA-C8-A12T-01,1989.38
TCGA-C8-A12U-01,2354.24
TCGA-C8-A12V-01,2260.75
TCGA-C8-A12W-01,2823.05
TCGA-C8-A12X-01,1499.28
TCGA-C8-A12Y-01,1283.07
TCGA-C8-A12Z-01,2381.32
TCGA-C8-A130-01,1825.81
TCGA-C8-A131-01,1455.25
TCGA-C8-A132-01,3183.01
TCGA-C8-A133-01,2177.56
TCGA-C8-A134-01,2066.5
TCGA-C8-A135-01,2017.51
TCGA-C8-A137-01,2310.14
TCGA-C8-A138-01,2067.55
TCGA-C8-A1HE-01,3438.14
TCGA-C8-A1HF-01,2045.44
TCGA-C8-A1HG-01,2301.32
TCGA-C8-A1HI-01,2959.37
TCGA-C8-A1HJ-01,4145.66
TCGA-C8-A1HK-01,3440.86
TCGA-C8-A1HL-01,2089.31
TCGA-C8-A1HM-01,5032.2
TCGA-C8-A1HN-01,3733.26
TCGA-C8-A1HO-01,3387.11
TCGA-C8-A26V-01,3109.12
TCGA-C8-A26W-01,2941.55
TCGA-C8-A26X-01,2002.76
TCGA-C8-A26Y-01,3385.65
TCGA-C8-A26Z-01,3340.52
TCGA-C8-A273-01,1890.6
TCGA-C8-A274-01,2999.59
TCGA-C8-A275-01,2373.93
TCGA-C8-A278-01,1802.8
TCGA-C8-A27A-01,4397.02
TCGA-C8-A27B-01,6303.84
TCGA-C8-A3M7-01,2552.17
TCGA-C8-A3M8-01,2142.4
TCGA-C8-A8HP-01,768.646
TCGA-C8-A8HQ-01,2128.62
TCGA-C8-A8HR-01,2893.81
TCGA-C8-A9FZ-01,
TCGA-D8-A13Y-01,4993.54
TCGA-D8-A13Z-01,3401.89
TCGA-D8-A140-01,3815.54
TCGA-D8-A141-01,2062.97
TCGA-D8-A142-01,1961.22
TCGA-D8-A143-01,2893.93
TCGA-D8-A145-01,3320.02
TCGA-D8-A147-01,5608.01
TCGA-D8-A1J8-01,4552.18
TCGA-D8-A1J9-01,2366.04
TCGA-D8-A1JA-01,3482.39
TCGA-D8-A1JB-01,4899.51
TCGA-D8-A1JC-01,3464.29
TCGA-D8-A1JD-01,1697.48
TCGA-D8-A1JE-01,4095.56
TCGA-D8-A1JF-01,4524.97
TCGA-D8-A1JG-01,3904.28
TCGA-D8-A1JH-01,3409.16
TCGA-D8-A1JI-01,3339.05
TCGA-D8-A1JJ-01,1813.07
TCGA-D8-A1JK-01,2169.86
TCGA-D8-A1JL-01,2425.47
TCGA-D8-A1JM-01,3018.03
TCGA-D8-A1JN-01,3075.32
TCGA-D8-A1JP-01,5284.34
TCGA-D8-A1JS-01,1389.34
TCGA-D8-A1JT-01,1937.46
TCGA-D8-A1JU-01,3044.36
TCGA-D8-A1X5-01,2404.28
TCGA-D8-A1X6-01,2287.66
TCGA-D8-A1X7-01,3308.09
TCGA-D8-A1X8-01,3933.48
TCGA-D8-A1X9-01,3085.87
TCGA-D8-A1XA-01,3112.37
TCGA-D8-A1XB-01,2644.72
TCGA-D8-A1XC-01,3689.99
TCGA-D8-A1XD-01,3754.67
TCGA-D8-A1XF-01,2797.59
TCGA-D8-A1XG-01,3859.24
TCGA-D8-A1XJ-01,2885.19
TCGA-D8-A1XK-01,4694.59
TCGA-D8-A1XL-01,1708.62
TCGA-D8-A1XM-01,3358.39
TCGA-D8-A1XO-01,3351.78
TCGA-D8-A1XQ-01,2420.04
TCGA-D8-A1XR-01,2933.18
TCGA-D8-A1XS-01,2790.31
TCGA-D8-A1XT-01,2691.18
TCGA-D8-A1XU-01,3260.82
TCGA-D8-A1XV-01,3802.16
TCGA-D8-A1XW-01,4330.15
TCGA-D8-A1XY-01,2094.51
TCGA-D8-A1XZ-01,4815.53
TCGA-D8-A1Y0-01,3256.81
TCGA-D8-A1Y1-01,2638.34
TCGA-D8-A1Y2-01,1582.54
TCGA-D8-A1Y3-01,936.647
TCGA-D8-A27E-01,3477.07
TCGA-D8-A27F-01,3629.45
TCGA-D8-A27G-01,2347.04
TCGA-D8-A27H-01,2766.41
TCGA-D8-A27I-01,2710.0
TCGA-D8-A27K-01,3223.38
TCGA-D8-A27L-01,2712.43
TCGA-D8-A27M-01,3121.0
TCGA-D8-A27N-01,1395.02
TCGA-D8-A27P-01,3428.68
TCGA-D8-A27R-01,2137.46
TCGA-D8-A27T-01,2960.29
TCGA-D8-A27V-01,3023.91
TCGA-D8-A27W-01,2833.37
TCGA-D8-A3Z5-01,1625.09
TCGA-D8-A3Z6-01,1300.46
TCGA-D8-A4Z1-01,2320.5
TCGA-D8-A73U-01,1933.34
TCGA-D8-A73W-01,2346.15
TCGA-D8-A73X-01,2135.82
TCGA-E2-A105-01,3222.12
TCGA-E2-A107-01,1791.4
TCGA-E2-A108-01,2454.19
TCGA-E2-A109-01,3224.33
TCGA-E2-A10A-01,2836.19
TCGA-E2-A10B-01,2611.95
TCGA-E2-A10C-01,1647.48
TCGA-E2-A10E-01,3215.47
TCGA-E2-A10F-01,2822.63
TCGA-E2-A14N-01,2496.31
TCGA-E2-A14O-01,1614.03
TCGA-E2-A14P-01,1765.72
TCGA-E2-A14Q-01,2461.67
TCGA-E2-A14R-01,2514.27
TCGA-E2-A14S-01,2902.94
TCGA-E2-A14T-01,3544.64
TCGA-E2-A14U-01,1918.19
TCGA-E2-A14V-01,3552.7
TCGA-E2-A14W-01,3119.79
TCGA-E2-A14X-01,3357.92
TCGA-E2-A14Y-01,2611.43
TCGA-E2-A14Z-01,2149.33
TCGA-E2-A150-01,3471.06
TCGA-E2-A152-01,3087.76
TCGA-E2-A153-01,2215.24
TCGA-E2-A154-01,2940.85
TCGA-E2-A155-01,3904.93
TCGA-E2-A156-01,3420.67
TCGA-E2-A158-01,3667.55
TCGA-E2-A159-01,2882.4
TCGA-E2-A15A-01,2959.29
TCGA-E2-A15C-01,2925.2
TCGA-E2-A15D-01,2617.86
TCGA-E2-A15E-01,3057.19
TCGA-E2-A15F-01,2987.22
TCGA-E2-A15G-01,4096.72
TCGA-E2-A15H-01,2378.67
TCGA-E2-A15I-01,4058.45
TCGA-E2-A15J-01,2556.54
TCGA-E2-A15K-01,2414.7
TCGA-E2-A15L-01,2951.75
TCGA-E2-A15M-01,4022.69
TCGA-E2-A15O-01,2526.42
TCGA-E2-A15P-01,3541.46
TCGA-E2-A15R-01,4396.01
TCGA-E2-A15S-01,4025.02
TCGA-E2-A15T-01,4402.48
TCGA-E2-A1AZ-01,5332.33
TCGA-E2-A1B0-01,3695.88
TCGA-E2-A1B1-01,3649.58
TCGA-E2-A1B4-01,1951.75
TCGA-E2-A1B5-01,2329.92
TCGA-E2-A1B6-01,1986.84
TCGA-E2-A1BC-01,3091.49
TCGA-E2-A1BD-01,2308.0
TCGA-E2-A1IE-01,3367.18
TCGA-E2-A1IF-01,1423.98
TCGA-E2-A1IG-01,2234.27
TCGA-E2-A1IH-01,3477.32
TCGA-E2-A1II-01,2889.99
TCGA-E2-A1IJ-01,2051.38
TCGA-E2-A1IK-01,2342.78
TCGA-E2-A1IL-01,2557.84
TCGA-E2-A1IN-01,2329.97
TCGA-E2-A1IO-01,3161.3
TCGA-E2-A1IU-01,3160.53
TCGA-E2-A1L6-01,3034.51
TCGA-E2-A1L7-01,3502.12
TCGA-E2-A1L8-01,3681.12
TCGA-E2-A1L9-01,2255.46
TCGA-E2-A1LA-01,2396.08
TCGA-E2-A1LB-01,2149.39
TCGA-E2-A1LE-01,1589.08
TCGA-E2-A1LG-01,2738.64
TCGA-E2-A1LH-01,1368.32
TCGA-E2-A1LI-01,3147.54
TCGA-E2-A1LK-01,1832.34
TCGA-E2-A1LL-01,3594.07
TCGA-E2-A1LS-01,4106.61
TCGA-E2-A2P5-01,2000.74
TCGA-E2-A2P6-01,2238.05
TCGA-E2-A3DX-01,2795.83
TCGA-E2-A56Z-01,5451.31
TCGA-E2-A570-01,2639.91
TCGA-E2-A573-01,1815.53
TCGA-E2-A574-01,1115.6
TCGA-E2-A576-01,1299.27
TCGA-E2-A9RU-01,804.044
TCGA-E9-A1N3-01,3607.81
TCGA-E9-A1N4-01,3541.22
TCGA-E9-A1N5-01,2342.95
TCGA-E9-A1N6-01,2187.17
TCGA-E9-A1N8-01,3679.66
TCGA-E9-A1N9-01,3442.76
TCGA-E9-A1NA-01,2961.66
TCGA-E9-A1NC-01,1455.41
TCGA-E9-A1ND-01,2076.95
TCGA-E9-A1NE-01,3977.57
TCGA-E9-A1NF-01,2133.6
TCGA-E9-A1NG-01,2464.37
TCGA-E9-A1NH-01,2244.19
TCGA-E9-A1NI-01,2139.73
TCGA-E9-A1QZ-01,2867.4
TCGA-E9-A1R0-01,3071.66
TCGA-E9-A1R2-01,2279.21
TCGA-E9-A1R3-01,3107.21
TCGA-E9-A1R4-01,2680.95
TCGA-E9-A1R5-01,2671.59
TCGA-E9-A1R6-01,2335.17
TCGA-E9-A1R7-01,4577.41
TCGA-E9-A1RA-01,2932.2
TCGA-E9-A1RB-01,2856.14
TCGA-E9-A1RC-01,3474.7
TCGA-E9-A1RD-01,3149.16
TCGA-E9-A1RE-01,3421.53
TCGA-E9-A1RF-01,2328.84
TCGA-E9-A1RG-01,1659.43
TCGA-E9-A1RH-01,4630.24
TCGA-E9-A1RI-01,2839.41
TCGA-E9-A226-01,2981.19
TCGA-E9-A227-01,2461.73
TCGA-E9-A228-01,3460.06
TCGA-E9-A229-01,2772.13
TCGA-E9-A22A-01,2080.53
TCGA-E9-A22B-01,2459.34
TCGA-E9-A22D-01,1782.16
TCGA-E9-A22E-01,1758.52
TCGA-E9-A22G-01,2142.58
TCGA-E9-A22H-01,3409.7
TCGA-E9-A243-01,3378.06
TCGA-E9-A244-01,1619.41
TCGA-E9-A245-01,2328.86
TCGA-E9-A247-01,2358.29
TCGA-E9-A248-01,3269.67
TCGA-E9-A249-01,2565.04
TCGA-E9-A24A-01,3335.63
TCGA-E9-A295-01,2418.93
TCGA-E9-A2JS-01,2248.88
TCGA-E9-A2JT-01,3605.52
TCGA-E9-A3HO-01,337.673
TCGA-E9-A3Q9-01,2669.76
TCGA-E9-A3QA-01,1710.1
TCGA-E9-A3X8-01,661.79
TCGA-E9-A54X-01,1902.18
TCGA-E9-A54Y-01,1265.4
TCGA-E9-A5FK-01,1096.16
TCGA-E9-A5FL-01,824.935
TCGA-E9-A5UO-01,2252.19
TCGA-E9-A5UP-01,1340.65
TCGA-E9-A6HE-01,909.893
TCGA-EW-A1IW-01,3673.68
TCGA-EW-A1IX-01,2588.46
TCGA-EW-A1IY-01,3697.16
TCGA-EW-A1IZ-01,2367.5
TCGA-EW-A1J1-01,3769.01
TCGA-EW-A1J2-01,3443.85
TCGA-EW-A1J3-01,3047.96
TCGA-EW-A1J5-01,2950.79
TCGA-EW-A1J6-01,3531.65
TCGA-EW-A1OV-01,2353.38
TCGA-EW-A1OW-01,2574.69
TCGA-EW-A1OX-01,2990.63
TCGA-EW-A1OY-01,3169.51
TCGA-EW-A1OZ-01,1583.93
TCGA-EW-A1P0-01,3192.58
TCGA-EW-A1P1-01,2796.65
TCGA-EW-A1P3-01,1966.56
TCGA-EW-A1P4-01,2009.87
TCGA-EW-A1P5-01,2694.2
TCGA-EW-A1P6-01,2962.83
TCGA-EW-A1P7-01,2363.82
TCGA-EW-A1P8-01,2173.48
TCGA-EW-A1PA-01,3262.01
TCGA-EW-A1PB-01,1653.62
TCGA-EW-A1PC-01,2872.77
TCGA-EW-A1PD-01,4207.67
TCGA-EW-A1PE-01,2665.18
TCGA-EW-A1PF-01,2156.53
TCGA-EW-A1PG-01,3361.33
TCGA-EW-A1PH-01,1855.91
TCGA-EW-A2FR-01,1949.31
TCGA-EW-A2FS-01,2658.88
TCGA-EW-A2FV-01,2860.72
TCGA-EW-A2FW-01,2568.29
TCGA-EW-A3E8-01,1757.75
TCGA-EW-A3U0-01,2084.04
TCGA-EW-A423-01,1316.57
TCGA-EW-A424-01,1587.3
TCGA-EW-A6S9-01,2070.36
TCGA-EW-A6SA-01,2832.62
TCGA-EW-A6SB-01,1581.45
TCGA-EW-A6SC-01,2586.9
TCGA-EW-A6SD-01,2262.91
TCGA-GI-A2C8-01,2724.56
TCGA-GI-A2C9-01,2316.25
TCGA-GM-A2D9-01,1872.74
TCGA-GM-A2DA-01,1790.45
TCGA-GM-A2DB-01,2569.72
TCGA-GM-A2DC-01,1809.33
TCGA-GM-A2DD-01,1848.73
TCGA-GM-A2DF-01,2128.51
TCGA-GM-A2DH-01,3984.62
TCGA-GM-A2DI-01,2877.37
TCGA-GM-A2DK-01,1847.29
TCGA-GM-A2DL-01,2968.65
TCGA-GM-A2DM-01,2987.7
TCGA-GM-A2DN-01,2634.79
TCGA-GM-A2DO-01,2365.16
TCGA-GM-A3NW-01,2325.94
TCGA-GM-A3NY-01,2327.56
TCGA-GM-A3XG-01,1772.88
TCGA-GM-A3XL-01,1184.49
TCGA-GM-A3XN-01,1553.23
TCGA-GM-A4E0-01,1754.25
TCGA-GM-A5PV-01,2430.84
TCGA-GM-A5PX-01,1672.53
TCGA-HN-A2NL-01,3093.25
TCGA-HN-A2OB-01,2233.81
TCGA-JL-A3YW-01,1472.26
TCGA-JL-A3YX-01,1317.44
TCGA-LD-A66U-01,1066.67
TCGA-LD-A74U-01,1800.2
TCGA-LD-A7W5-01,1859.89
TCGA-LD-A7W6-01,2727.24
TCGA-LD-A9QF-01,1363.19
TCGA-LL-A440-01,1868.49
TCGA-LL-A441-01,2216.48
TCGA-LL-A442-01,2878.44
TCGA-LL-A50Y-01,1114.69
TCGA-LL-A5YL-01,1031.54
TCGA-LL-A5YM-01,422.367
TCGA-LL-A5YN-01,1109.72
TCGA-LL-A5YO-01,1381.8
TCGA-LL-A5YP-01,1849.46
TCGA-LL-A6FP-01,1750.34
TCGA-LL-A6FQ-01,1203.96
TCGA-LL-A6FR-01,1065.55
TCGA-LL-A73Y-01,2171.41
TCGA-LL-A73Z-01,1792.47
TCGA-LL-A740-01,1653.61
TCGA-LL-A7SZ-01,626.481
TCGA-LL-A7T0-01,1524.95
TCGA-LL-A8F5-01,1207.24
TCGA-LL-A9Q3-01,871.495
TCGA-LQ-A4E4-01,2095.13
TCGA-MS-A51U-01,2307.25
TCGA-OK-A5Q2-01,1750.86
TCGA-OL-A5D6-01,1286.01
TCGA-OL-A5D7-01,1358.98
TCGA-OL-A5D8-01,1959.47
TCGA-OL-A5DA-01,2102.62
TCGA-OL-A5RU-01,1729.16
TCGA-OL-A5RV-01,2189.45
TCGA-OL-A5RW-01,1441.49
TCGA-OL-A5RX-01,2220.11
TCGA-OL-A5RY-01,1479.61
TCGA-OL-A5RZ-01,1636.83
TCGA-OL-A5S0-01,1240.4
TCGA-OL-A66H-01,1656.38
TCGA-OL-A66I-01,1905.89
TCGA-OL-A66J-01,1783.69
TCGA-OL-A66K-01,1875.87
TCGA-OL-A66L-01,818.711
TCGA-OL-A66N-01,1010.85
TCGA-OL-A66O-01,1109.36
TCGA-OL-A66P-01,835.252
TCGA-OL-A6VO-01,1694.09
TCGA-OL-A6VQ-01,2442.6
TCGA-OL-A6VR-01,1846.97
TCGA-OL-A97C-01,2145.85
TCGA-PE-A5DC-01,2001.07
TCGA-PE-A5DD-01,1505.96
TCGA-PE-A5DE-01,2301.58
TCGA-PL-A8LV-01,1783.26
TCGA-PL-A8LX-01,2055.86
TCGA-PL-A8LY-01,1633.83
TCGA-PL-A8LZ-01,1867.41
TCGA-S3-A6ZF-01,4092.31
TCGA-S3-A6ZG-01,3108.46
TCGA-S3-A6ZH-01,3502.09
TCGA-S3-AA0Z-01,2431.65
TCGA-S3-AA10-01,2504.04
TCGA-S3-AA11-01,1982.67
TCGA-S3-AA12-01,1971.1
TCGA-S3-AA14-01,2029.21
TCGA-S3-AA15-01,1510.94
TCGA-S3-AA17-01,1828.47
TCGA-UL-AAZ6-01,1456.37
TCGA-UU-A93S-01,1038.35
TCGA-V7-A7HQ-01,824.606
TCGA-W8-A86G-01,1784.53
TCGA-WT-AB41-01,1361.99
TCGA-WT-AB44-01,872.327
TCGA-XX-A899-01,2258.66
TCGA-XX-A89A-01,1769.49
TCGA-Z7-A8R5-01,1340.38
TCGA-Z7-A8R6-01,1511.96
TCGA-2W-A8YY-01,1761.09
TCGA-4J-AA1J-01,2307.99
TCGA-BI-A0VR-01,3867.96
TCGA-BI-A0VS-01,2795.97
TCGA-BI-A20A-01,3753.79
TCGA-C5-A0TN-01,1792.38
TCGA-C5-A1BE-01,1948.22
TCGA-C5-A1BF-01,1937.92
TCGA-C5-A1BI-01,2085.41
TCGA-C5-A1BJ-01,2232.29
TCGA-C5-A1BK-01,2576.11
TCGA-C5-A1BL-01,3895.35
TCGA-C5-A1BM-01,2364.76
TCGA-C5-A1BN-01,2044.76
TCGA-C5-A1BQ-01,1919.67
TCGA-C5-A1M5-01,3442.74
TCGA-C5-A1M6-01,2990.41
TCGA-C5-A1M7-01,503.863
TCGA-C5-A1M8-01,2016.36
TCGA-C5-A1M9-01,2268.58
TCGA-C5-A1ME-01,1511.09
TCGA-C5-A1MF-01,882.285
TCGA-C5-A1MH-01,3079.74
TCGA-C5-A1MI-01,2731.15
TCGA-C5-A1MJ-01,3461.9
TCGA-C5-A1MK-01,1877.43
TCGA-C5-A1ML-01,2271.02
TCGA-C5-A1MN-01,1960.79
TCGA-C5-A1MP-01,1785.76
TCGA-C5-A1MQ-01,745.142
TCGA-C5-A2LS-01,3512.49
TCGA-C5-A2LT-01,2664.58
TCGA-C5-A2LV-01,1955.23
TCGA-C5-A2LX-01,1096.4
TCGA-C5-A2LY-01,1976.94
TCGA-C5-A2LZ-01,1743.72
TCGA-C5-A2M1-01,2376.45
TCGA-C5-A2M2-01,1928.09
TCGA-C5-A3HD-01,2461.71
TCGA-C5-A3HE-01,1747.99
TCGA-C5-A3HF-01,1828.27
TCGA-C5-A3HL-01,2564.76
TCGA-C5-A7CG-01,2803.74
TCGA-C5-A7CH-01,2329.69
TCGA-C5-A7CJ-01,2578.05
TCGA-C5-A7CK-01,2568.12
TCGA-C5-A7CL-01,1744.51
TCGA-C5-A7CM-01,1526.34
TCGA-C5-A7CO-01,2074.83
TCGA-C5-A7UC-01,1941.4
TCGA-C5-A7UE-01,1567.94
TCGA-C5-A7UH-01,2117.03
TCGA-C5-A7UI-01,998.813
TCGA-C5-A7X3-01,1564.09
TCGA-C5-A7X5-01,2337.2
TCGA-C5-A7X8-01,1467.72
TCGA-C5-A7XC-01,2085.0
TCGA-C5-A8XH-01,1094.27
TCGA-C5-A8XI-01,3025.53
TCGA-C5-A8XJ-01,2486.67
TCGA-C5-A8XK-01,1584.29
TCGA-C5-A8YQ-01,2356.1
TCGA-C5-A8YR-01,1671.36
TCGA-C5-A8YT-01,2064.3
TCGA-C5-A8ZZ-01,2529.61
TCGA-C5-A907-01,984.691
TCGA-DG-A2KH-01,2423.56
TCGA-DG-A2KJ-01,1221.95
TCGA-DG-A2KK-01,2094.38
TCGA-DG-A2KL-01,4138.59
TCGA-DG-A2KM-01,2008.74
TCGA-DR-A0ZL-01,2395.72
TCGA-DR-A0ZM-01,1591.89
TCGA-DS-A0VK-01,2071.28
TCGA-DS-A0VL-01,2048.42
TCGA-DS-A0VM-01,2819.71
TCGA-DS-A0VN-01,2759.68
TCGA-DS-A1OA-01,1775.87
TCGA-DS-A3LQ-01,3461.91
TCGA-DS-A5RQ-01,3373.35
TCGA-DS-A7WF-01,6908.55
TCGA-DS-A7WH-01,2917.38
TCGA-DS-A7WI-01,1136.56
TCGA-EA-A1QS-01,3286.25
TCGA-EA-A1QT-01,1967.61
TCGA-EA-A3HQ-01,2432.41
TCGA-EA-A3HR-01,2816.92
TCGA-EA-A3HS-01,2161.36
TCGA-EA-A3HT-01,3440.97
TCGA-EA-A3HU-01,4478.01
TCGA-EA-A3QD-01,2992.27
TCGA-EA-A3QE-01,2327.15
TCGA-EA-A3Y4-01,1385.92
TCGA-EA-A410-01,1749.8
TCGA-EA-A411-01,1902.08
TCGA-EA-A439-01,4045.97
TCGA-EA-A43B-01,1322.43
TCGA-EA-A44S-01,2098.97
TCGA-EA-A4BA-01,2470.99
TCGA-EA-A50E-01,1895.63
TCGA-EA-A556-01,2104.2
TCGA-EA-A5FO-01,5595.91
TCGA-EA-A5O9-01,2355.25
TCGA-EA-A5ZD-01,2154.16
TCGA-EA-A5ZE-01,2087.48
TCGA-EA-A5ZF-01,4295.4
TCGA-EA-A6QX-01,1398.86
TCGA-EA-A78R-01,1007.66
TCGA-EA-A97N-01,5212.24
TCGA-EK-A2GZ-01,1807.95
TCGA-EK-A2H0-01,1935.93
TCGA-EK-A2H1-01,1317.93
TCGA-EK-A2IP-01,1951.84
TCGA-EK-A2PG-01,2475.37
TCGA-EK-A2PI-01,2586.24
TCGA-EK-A2PK-01,1252.19
TCGA-EK-A2PL-01,2137.8
TCGA-EK-A2PM-01,1293.34
TCGA-EK-A2R7-01,2055.88
TCGA-EK-A2R8-01,2687.03
TCGA-EK-A2R9-01,1479.53
TCGA-EK-A2RA-01,2575.94
TCGA-EK-A2RB-01,3016.98
TCGA-EK-A2RC-01,1762.85
TCGA-EK-A2RD-01,
TCGA-EK-A2RE-01,2747.37
TCGA-EK-A2RJ-01,1293.96
TCGA-EK-A2RK-01,2379.64
TCGA-EK-A2RL-01,2292.65
TCGA-EK-A2RM-01,1130.82
TCGA-EK-A2RN-01,2306.77
TCGA-EK-A2RO-01,1435.28
TCGA-EK-A3GJ-01,2047.8
TCGA-EK-A3GK-01,1592.79
TCGA-EK-A3GM-01,2953.15
TCGA-EK-A3GN-01,1610.72
TCGA-EX-A1H5-01,2274.55
TCGA-EX-A1H6-01,1912.97
TCGA-EX-A3L1-01,2460.01
TCGA-EX-A69L-01,2109.35
TCGA-EX-A69M-01,1822.23
TCGA-EX-A8YF-01,3341.66
TCGA-FU-A23K-01,1337.85
TCGA-FU-A23L-01,2792.6
TCGA-FU-A2QG-01,2530.93
TCGA-FU-A3EO-01,1668.05
TCGA-FU-A3HY-01,2489.51
TCGA-FU-A3HZ-01,1887.14
TCGA-FU-A3NI-01,7570.48
TCGA-FU-A3TQ-01,2481.66
TCGA-FU-A3TX-01,3159.82
TCGA-FU-A3WB-01,2722.25
TCGA-FU-A3YQ-01,2108.65
TCGA-FU-A40J-01,2489.86
TCGA-FU-A57G-01,2582.8
TCGA-FU-A5XV-01,2328.5
TCGA-FU-A770-01,1959.76
TCGA-GH-A9DA-01,1713.59
TCGA-HG-A2PA-01,1900.09
TCGA-HG-A9SC-01,
TCGA-HM-A3JJ-01,2357.78
TCGA-HM-A3JK-01,1695.41
TCGA-HM-A4S6-01,1703.58
TCGA-HM-A6W2-01,1613.82
TCGA-IR-A3L7-01,4850.73
TCGA-IR-A3LA-01,6282.61
TCGA-IR-A3LB-01,2207.37
TCGA-IR-A3LC-01,1932.86
TCGA-IR-A3LF-01,2957.85
TCGA-IR-A3LH-01,1838.69
TCGA-IR-A3LI-01,1916.23
TCGA-IR-A3LK-01,1881.63
TCGA-IR-A3LL-01,2595.39
TCGA-JW-A5VG-01,1706.91
TCGA-JW-A5VH-01,2214.7
TCGA-JW-A5VI-01,3943.3
TCGA-JW-A5VJ-01,1530.67
TCGA-JW-A5VK-01,1547.83
TCGA-JW-A5VL-01,1444.02
TCGA-JW-A69B-01,1534.5
TCGA-JW-A852-01,792.549
TCGA-JW-AAVH-01,3458.85
TCGA-JX-A3PZ-01,1338.38
TCGA-JX-A3Q0-01,2921.84
TCGA-JX-A3Q8-01,2248.58
TCGA-JX-A5QV-01,2525.94
TCGA-LP-A4AU-01,1666.84
TCGA-LP-A4AV-01,1601.0
TCGA-LP-A4AW-01,2962.22
TCGA-LP-A4AX-01,2221.99
TCGA-LP-A5U2-01,2554.55
TCGA-LP-A5U3-01,2588.53
TCGA-LP-A7HU-01,1858.57
TCGA-MA-AA3W-01,3770.78
TCGA-MA-AA3X-01,2223.14
TCGA-MA-AA3Y-01,2274.7
TCGA-MA-AA3Z-01,1852.82
TCGA-MA-AA41-01,2181.14
TCGA-MA-AA42-01,2361.63
TCGA-MA-AA43-01,1713.54
TCGA-MU-A51Y-01,1801.4
TCGA-MU-A5YI-01,4628.19
TCGA-MU-A8JM-01,2315.62
TCGA-MY-A5BD-01,2530.46
TCGA-MY-A5BE-01,2300.48
TCGA-MY-A5BF-01,11449.2
TCGA-MY-A913-01,2453.65
TCGA-PN-A8MA-01,2128.1
TCGA-Q1-A5R1-01,2081.42
TCGA-Q1-A5R2-01,1148.47
TCGA-Q1-A5R3-01,597.663
TCGA-Q1-A6DT-01,2226.41
TCGA-Q1-A6DV-01,2721.95
TCGA-Q1-A6DW-01,3176.31
TCGA-Q1-A73O-01,2699.89
TCGA-Q1-A73P-01,2275.48
TCGA-Q1-A73Q-01,3184.99
TCGA-Q1-A73R-01,3011.63
TCGA-Q1-A73S-01,1364.34
TCGA-R2-A69V-01,1590.3
TCGA-RA-A741-01,1259.04
TCGA-UC-A7PD-01,1751.01
TCGA-UC-A7PF-01,4109.38
TCGA-UC-A7PG-01,2468.2
TCGA-UC-A7PI-01,1989.25
TCGA-VS-A8EB-01,2275.54
TCGA-VS-A8EC-01,3276.78
TCGA-VS-A8EG-01,2813.02
TCGA-VS-A8EH-01,1883.21
TCGA-VS-A8EI-01,1991.74
TCGA-VS-A8EJ-01,1037.08
TCGA-VS-A8EL-01,1420.06
TCGA-VS-A8Q8-01,1609.91
TCGA-VS-A8Q9-01,1935.55
TCGA-VS-A8QA-01,2750.73
TCGA-VS-A8QC-01,1906.62
TCGA-VS-A8QF-01,3191.71
TCGA-VS-A8QH-01,2098.82
TCGA-VS-A8QM-01,3118.82
TCGA-VS-A94W-01,3650.1
TCGA-VS-A94X-01,5654.4
TCGA-VS-A94Y-01,1421.52
TCGA-VS-A94Z-01,2360.15
TCGA-VS-A950-01,2198.29
TCGA-VS-A952-01,2155.92
TCGA-VS-A953-01,2087.15
TCGA-VS-A954-01,2738.23
TCGA-VS-A957-01,2293.95
TCGA-VS-A958-01,1732.01
TCGA-VS-A959-01,1939.62
TCGA-VS-A9U5-01,3071.47
TCGA-VS-A9U6-01,2542.46
TCGA-VS-A9U7-01,1337.59
TCGA-VS-A9UA-01,
TCGA-VS-A9UB-01,1385.88
TCGA-VS-A9UC-01,1099.47
TCGA-VS-A9UD-01,1932.46
TCGA-VS-A9UH-01,1253.44
TCGA-VS-A9UI-01,2681.17
TCGA-VS-A9UJ-01,2111.69
TCGA-VS-A9UL-01,3710.53
TCGA-VS-A9UM-01,3531.87
TCGA-VS-A9UO-01,1269.83
TCGA-VS-A9UP-01,3725.48
TCGA-VS-A9UQ-01,1979.1
TCGA-VS-A9UR-01,1924.08
TCGA-VS-A9UT-01,1989.63
TCGA-VS-A9UU-01,2236.12
TCGA-VS-A9UV-01,2076.54
TCGA-VS-A9UY-01,1843.82
TCGA-VS-A9UZ-01,3427.03
TCGA-VS-A9V0-01,2059.05
TCGA-VS-A9V1-01,1369.57
TCGA-VS-A9V2-01,1887.94
TCGA-VS-A9V3-01,2068.86
TCGA-VS-A9V4-01,2721.97
TCGA-VS-A9V5-01,2116.01
TCGA-VS-AA62-01,2231.91
TCGA-WL-A834-01,1578.72
TCGA-XS-A8TJ-01,2948.32
TCGA-ZJ-A8QO-01,4284.19
TCGA-ZJ-A8QQ-01,1725.85
TCGA-ZJ-A8QR-01,2845.21
TCGA-ZJ-AAX4-01,3976.73
TCGA-ZJ-AAX8-01,2129.31
TCGA-ZJ-AAXA-01,2969.74
TCGA-ZJ-AAXB-01,2280.13
TCGA-ZJ-AAXD-01,3245.65
TCGA-ZJ-AAXF-01,1647.85
TCGA-ZJ-AAXI-01,2377.42
TCGA-ZJ-AAXJ-01,3418.23
TCGA-ZJ-AAXN-01,2385.94
TCGA-ZJ-AAXT-01,2508.97
TCGA-ZJ-AAXU-01,1664.57
TCGA-ZJ-AB0H-01,1591.02
TCGA-ZJ-AB0I-01,2760.29
TCGA-ZX-AA5X-01,1403.71
TCGA-3X-AAV9-01,1704.41
TCGA-3X-AAVA-01,1872.5
TCGA-3X-AAVB-01,2095.05
TCGA-3X-AAVC-01,2994.96
TCGA-3X-AAVE-01,1856.64
TCGA-4G-AAZO-01,1699.31
TCGA-4G-AAZT-01,956.403
TCGA-W5-AA2G-01,1212.9
TCGA-W5-AA2H-01,1500.62
TCGA-W5-AA2I-01,807.692
TCGA-W5-AA2O-01,1456.4
TCGA-W5-AA2Q-01,2082.73
TCGA-W5-AA2R-01,2395.74
TCGA-W5-AA2T-01,1961.26
TCGA-W5-AA2U-01,1874.65
TCGA-W5-AA2W-01,1847.29
TCGA-W5-AA2X-01,1873.2
TCGA-W5-AA2Z-01,2615.14
TCGA-W5-AA30-01,1982.4
TCGA-W5-AA31-01,2138.67
TCGA-W5-AA33-01,2408.16
TCGA-W5-AA34-01,1893.22
TCGA-W5-AA36-01,851.383
TCGA-W5-AA38-01,807.523
TCGA-W5-AA39-01,740.396
TCGA-W6-AA0S-01,1709.68
TCGA-WD-A7RX-01,1251.08
TCGA-YR-A95A-01,1625.72
TCGA-ZD-A8I3-01,1706.8
TCGA-ZH-A8Y1-01,2150.99
TCGA-ZH-A8Y2-01,2085.18
TCGA-ZH-A8Y4-01,1448.16
TCGA-ZH-A8Y5-01,1917.42
TCGA-ZH-A8Y6-01,4012.38
TCGA-ZH-A8Y8-01,1490.95
TCGA-ZU-A8S4-01,1206.03
TCGA-3L-AA1B-01,3092.84
TCGA-4N-A93T-01,1509.43
TCGA-4T-AA8H-01,1872.42
TCGA-5M-AAT4-01,3170.83
TCGA-5M-AAT5-01,1824.63
TCGA-5M-AAT6-01,1665.53
TCGA-5M-AATA-01,1802.39
TCGA-5M-AATE-01,2520.07
TCGA-A6-2671-01,2036.6734
TCGA-A6-2672-01,2089.7394
TCGA-A6-2674-01,2035.6474
TCGA-A6-2675-01,2621.17
TCGA-A6-2676-01,2421.5961
TCGA-A6-2677-01,3585.7564
TCGA-A6-2678-01,3032.0343
TCGA-A6-2679-01,514.4701
TCGA-A6-2680-01,1975.5224
TCGA-A6-2681-01,2979.0985
TCGA-A6-2682-01,2759.49
TCGA-A6-2683-01,1168.0881
TCGA-A6-2684-01,3410.04
TCGA-A6-2685-01,2354.87
TCGA-A6-2686-01,3709.41
TCGA-A6-3807-01,2928.4604
TCGA-A6-3808-01,2032.0266
TCGA-A6-3809-01,2591.507
TCGA-A6-3810-01,3730.3129
TCGA-A6-4105-01,2718.95
TCGA-A6-4107-01,2225.847
TCGA-A6-5656-01,2920.91
TCGA-A6-5657-01,3111.89
TCGA-A6-5659-01,6457.56
TCGA-A6-5660-01,3477.23
TCGA-A6-5661-01,2464.37
TCGA-A6-5662-01,467.965
TCGA-A6-5664-01,2077.76
TCGA-A6-5665-01,2508.24
TCGA-A6-5666-01,5472.24
TCGA-A6-5667-01,5174.77
TCGA-A6-6137-01,3274.03
TCGA-A6-6138-01,2213.32
TCGA-A6-6140-01,3091.42
TCGA-A6-6141-01,1722.28
TCGA-A6-6142-01,2172.05
TCGA-A6-6648-01,4367.98
TCGA-A6-6649-01,2226.26
TCGA-A6-6650-01,3503.15
TCGA-A6-6651-01,2667.78
TCGA-A6-6652-01,1911.8
TCGA-A6-6653-01,1985.11
TCGA-A6-6654-01,2592.8
TCGA-A6-6780-01,1419.67
TCGA-A6-6781-01,1582.5
TCGA-A6-6782-01,2535.27
TCGA-A6-A565-01,2009.98
TCGA-A6-A566-01,1689.18
TCGA-A6-A567-01,2834.24
TCGA-A6-A56B-01,2649.23
TCGA-A6-A5ZU-01,2428.62
TCGA-AA-3488-01,1666.7632
TCGA-AA-3489-01,1932.85
TCGA-AA-3492-01,2216.01
TCGA-AA-3494-01,2638.345
TCGA-AA-3495-01,1945.68
TCGA-AA-3496-01,2202.74
TCGA-AA-3502-01,2142.03
TCGA-AA-3506-01,1734.58
TCGA-AA-3510-01,1755.8168
TCGA-AA-3511-01,1829.47
TCGA-AA-3514-01,789.7098
TCGA-AA-3517-01,2158.6957
TCGA-AA-3518-01,2059.9717
TCGA-AA-3519-01,2955.0791
TCGA-AA-3520-01,1858.634
TCGA-AA-3521-01,2603.8386
TCGA-AA-3522-01,3134.3987
TCGA-AA-3524-01,3004.0968
TCGA-AA-3525-01,1986.1367
TCGA-AA-3526-01,1730.65
TCGA-AA-3527-01,727.7434
TCGA-AA-3529-01,2090.729
TCGA-AA-3530-01,4421.6627
TCGA-AA-3531-01,2452.7975
TCGA-AA-3532-01,2259.9496
TCGA-AA-3534-01,2910.6549
TCGA-AA-3538-01,4116.4657
TCGA-AA-3542-01,880.7198
TCGA-AA-3543-01,1734.942
TCGA-AA-3544-01,1126.4574
TCGA-AA-3548-01,1082.4883
TCGA-AA-3549-01,3663.6835
TCGA-AA-3552-01,1787.211
TCGA-AA-3553-01,2875.9842
TCGA-AA-3555-01,2829.0203
TCGA-AA-3558-01,
TCGA-AA-3560-01,1947.494
TCGA-AA-3561-01,1810.7746
TCGA-AA-3655-01,2915.62
TCGA-AA-3660-01,3540.58
TCGA-AA-3663-01,1506.59
TCGA-AA-3664-01,4697.3955
TCGA-AA-3666-01,3234.1508
TCGA-AA-3667-01,744.8486
TCGA-AA-3673-01,2927.5656
TCGA-AA-3675-01,1642.0
TCGA-AA-3678-01,1973.5977
TCGA-AA-3679-01,3062.3394
TCGA-AA-3680-01,2714.9271
TCGA-AA-3681-01,3059.8222
TCGA-AA-3684-01,935.9562
TCGA-AA-3685-01,2437.62
TCGA-AA-3688-01,3849.9019
TCGA-AA-3692-01,2631.2958
TCGA-AA-3693-01,2602.2155
TCGA-AA-3695-01,1689.7157
TCGA-AA-3696-01,3411.7024
TCGA-AA-3710-01,1754.9033
TCGA-AA-3712-01,4072.52
TCGA-AA-3713-01,2601.7
TCGA-AA-3715-01,971.1115
TCGA-AA-3811-01,3702.5988
TCGA-AA-3812-01,1123.5085
TCGA-AA-3814-01,3885.178
TCGA-AA-3818-01,3398.6162
TCGA-AA-3819-01,1788.2544
TCGA-AA-3821-01,1033.4711
TCGA-AA-3831-01,1786.2388
TCGA-AA-3833-01,1570.1393
TCGA-AA-3837-01,2475.5357
TCGA-AA-3841-01,1935.8432
TCGA-AA-3842-01,3852.2349
TCGA-AA-3844-01,3735.261
TCGA-AA-3845-01,3053.1053
TCGA-AA-3846-01,3480.6346
TCGA-AA-3848-01,1621.6051
TCGA-AA-3850-01,1594.4692
TCGA-AA-3851-01,2830.568
TCGA-AA-3852-01,1426.665
TCGA-AA-3854-01,1613.8675
TCGA-AA-3855-01,1868.4105
TCGA-AA-3856-01,2883.9267
TCGA-AA-3858-01,1691.9734
TCGA-AA-3864-01,2521.4661
TCGA-AA-3866-01,2794.7517
TCGA-AA-3867-01,3020.3011
TCGA-AA-3869-01,2889.5312
TCGA-AA-3870-01,2326.767
TCGA-AA-3872-01,2661.553
TCGA-AA-3875-01,2359.6717
TCGA-AA-3877-01,2022.2834
TCGA-AA-3930-01,2893.6937
TCGA-AA-3939-01,3048.3254
TCGA-AA-3941-01,3651.0958
TCGA-AA-3947-01,3686.6432
TCGA-AA-3949-01,2034.3972
TCGA-AA-3950-01,2591.4136
TCGA-AA-3952-01,1701.7515
TCGA-AA-3955-01,3869.7133
TCGA-AA-3956-01,3533.6208
TCGA-AA-3966-01,2011.8657
TCGA-AA-3968-01,4106.1956
TCGA-AA-3971-01,3375.3492
TCGA-AA-3973-01,5215.1749
TCGA-AA-3975-01,2784.6216
TCGA-AA-3976-01,3201.3426
TCGA-AA-3977-01,2624.9929
TCGA-AA-3979-01,2560.843
TCGA-AA-3980-01,3119.5982
TCGA-AA-3982-01,3607.0307
TCGA-AA-3984-01,4402.7242
TCGA-AA-3986-01,2217.0683
TCGA-AA-3989-01,1571.9985
TCGA-AA-3994-01,1283.107
TCGA-AA-A004-01,674.0921
TCGA-AA-A00A-01,2266.103
TCGA-AA-A00D-01,3926.987
TCGA-AA-A00E-01,413.6999
TCGA-AA-A00F-01,2311.1759
TCGA-AA-A00J-01,2995.7147
TCGA-AA-A00K-01,3111.3796
TCGA-AA-A00L-01,3362.6733
TCGA-AA-A00N-01,1799.8952
TCGA-AA-A00O-01,2437.872
TCGA-AA-A00Q-01,2422.5212
TCGA-AA-A00R-01,3289.2254
TCGA-AA-A00U-01,2188.8424
TCGA-AA-A00W-01,2129.5089
TCGA-AA-A00Z-01,3695.3236
TCGA-AA-A010-01,2652.8495
TCGA-AA-A017-01,3895.184
TCGA-AA-A01C-01,1994.6004
TCGA-AA-A01D-01,2713.1436
TCGA-AA-A01F-01,2355.7208
TCGA-AA-A01G-01,2378.8828
TCGA-AA-A01I-01,6055.9495
TCGA-AA-A01K-01,2087.5599
TCGA-AA-A01P-01,1703.42
TCGA-AA-A01Q-01,1816.3436
TCGA-AA-A01R-01,1064.9903
TCGA-AA-A01S-01,998.7301
TCGA-AA-A01T-01,1221.7641
TCGA-AA-A01V-01,1173.6893
TCGA-AA-A01X-01,2602.34
TCGA-AA-A01Z-01,3388.84
TCGA-AA-A022-01,1880.9417
TCGA-AA-A024-01,1460.7366
TCGA-AA-A029-01,1594.6836
TCGA-AA-A02E-01,1827.1124
TCGA-AA-A02F-01,2887.322
TCGA-AA-A02H-01,3038.2889
TCGA-AA-A02J-01,4035.159
TCGA-AA-A02O-01,1481.5534
TCGA-AA-A02R-01,2266.8662
TCGA-AA-A02W-01,5329.871
TCGA-AA-A02Y-01,2220.08
TCGA-AA-A03F-01,517.8016
TCGA-AA-A03J-01,1278.0597
TCGA-AD-5900-01,1895.75
TCGA-AD-6548-01,3094.68
TCGA-AD-6888-01,1916.45
TCGA-AD-6889-01,1257.55
TCGA-AD-6890-01,1761.82
TCGA-AD-6895-01,1425.34
TCGA-AD-6899-01,2824.97
TCGA-AD-6901-01,2097.03
TCGA-AD-6963-01,2804.49
TCGA-AD-6964-01,1795.26
TCGA-AD-6965-01,6569.73
TCGA-AD-A5EJ-01,1638.4
TCGA-AD-A5EK-01,3592.34
TCGA-AF-2687-01,2613.45
TCGA-AF-2689-01,
TCGA-AF-2690-01,2974.43
TCGA-AF-2691-01,2794.2627
TCGA-AF-2692-01,3828.8909
TCGA-AF-2693-01,4139.35
TCGA-AF-3400-01,2019.747
TCGA-AF-3911-01,2946.49
TCGA-AF-4110-01,2078.05
TCGA-AF-5654-01,2885.2
TCGA-AF-6136-01,3299.62
TCGA-AF-6655-01,3356.54
TCGA-AF-6672-01,3518.14
TCGA-AF-A56K-01,3588.37
TCGA-AF-A56L-01,2012.83
TCGA-AF-A56N-01,3003.64
TCGA-AG-3574-01,3434.4513
TCGA-AG-3575-01,2019.4049
TCGA-AG-3578-01,2702.4183
TCGA-AG-3580-01,1700.6348
TCGA-AG-3581-01,1836.8246
TCGA-AG-3582-01,3713.9709
TCGA-AG-3583-01,2084.2138
TCGA-AG-3584-01,2806.2075
TCGA-AG-3586-01,1621.1409
TCGA-AG-3587-01,2431.0694
TCGA-AG-3591-01,2435.32
TCGA-AG-3592-01,2785.0
TCGA-AG-3593-01,2609.875
TCGA-AG-3594-01,2950.9318
TCGA-AG-3598-01,1604.5089
TCGA-AG-3599-01,1879.9006
TCGA-AG-3600-01,2104.4166
TCGA-AG-3601-01,2345.7077
TCGA-AG-3602-01,3031.5469
TCGA-AG-3605-01,3787.7402
TCGA-AG-3608-01,3104.2267
TCGA-AG-3609-01,2510.1007
TCGA-AG-3725-01,2481.0
TCGA-AG-3726-01,1163.0468
TCGA-AG-3727-01,574.6365
TCGA-AG-3728-01,1229.6591
TCGA-AG-3731-01,3224.7
TCGA-AG-3732-01,3387.76
TCGA-AG-3742-01,3688.96
TCGA-AG-3878-01,999.9829
TCGA-AG-3881-01,1460.3301
TCGA-AG-3882-01,1025.0216
TCGA-AG-3883-01,522.6676
TCGA-AG-3885-01,1033.8444
TCGA-AG-3887-01,2152.3183
TCGA-AG-3890-01,2123.3047
TCGA-AG-3892-01,1536.5384
TCGA-AG-3893-01,5258.6461
TCGA-AG-3894-01,1372.4459
TCGA-AG-3896-01,2541.9232
TCGA-AG-3898-01,4806.275
TCGA-AG-3901-01,1718.9497
TCGA-AG-3902-01,3393.63
TCGA-AG-3909-01,1899.8919
TCGA-AG-3999-01,1181.2752
TCGA-AG-4001-01,2957.0307
TCGA-AG-4005-01,2115.6043
TCGA-AG-4007-01,3095.0441
TCGA-AG-4008-01,3971.7738
TCGA-AG-4015-01,2082.8942
TCGA-AG-4021-01,2535.14
TCGA-AG-4022-01,3971.69
TCGA-AG-A002-01,2340.4542
TCGA-AG-A008-01,2248.8859
TCGA-AG-A00C-01,2763.2851
TCGA-AG-A00Y-01,1978.4153
TCGA-AG-A011-01,2237.7377
TCGA-AG-A015-01,2175.7295
TCGA-AG-A016-01,1583.9027
TCGA-AG-A01J-01,2687.7265
TCGA-AG-A01L-01,2225.424
TCGA-AG-A01N-01,2413.7141
TCGA-AG-A01W-01,3311.5569
TCGA-AG-A01Y-01,3372.6917
TCGA-AG-A020-01,2677.242
TCGA-AG-A025-01,2215.0586
TCGA-AG-A026-01,2564.5702
TCGA-AG-A02G-01,3608.9781
TCGA-AG-A02N-01,2703.5143
TCGA-AG-A02X-01,2879.2404
TCGA-AG-A032-01,2182.1511
TCGA-AH-6544-01,2492.59
TCGA-AH-6547-01,2289.37
TCGA-AH-6643-01,2853.43
TCGA-AH-6644-01,3136.57
TCGA-AH-6897-01,4172.84
TCGA-AH-6903-01,4916.51
TCGA-AM-5820-01,2538.2
TCGA-AM-5821-01,2033.46
TCGA-AU-3779-01,2741.2
TCGA-AU-6004-01,1765.82
TCGA-AY-4070-01,2187.3137
TCGA-AY-4071-01,2804.5661
TCGA-AY-5543-01,1852.13
TCGA-AY-6196-01,2144.66
TCGA-AY-6197-01,1824.61
TCGA-AY-6386-01,1524.21
TCGA-AY-A54L-01,3664.12
TCGA-AY-A69D-01,2553.85
TCGA-AY-A71X-01,1777.09
TCGA-AY-A8YK-01,3248.39
TCGA-AZ-4308-01,721.5428
TCGA-AZ-4313-01,1424.59
TCGA-AZ-4315-01,1703.24
TCGA-AZ-4323-01,3508.72
TCGA-AZ-4614-01,2204.25
TCGA-AZ-4615-01,1926.75
TCGA-AZ-4616-01,2000.0
TCGA-AZ-4681-01,942.058
TCGA-AZ-4682-01,3001.13
TCGA-AZ-4684-01,2358.78
TCGA-AZ-5403-01,3104.12
TCGA-AZ-5407-01,1947.52
TCGA-AZ-6598-01,2451.94
TCGA-AZ-6599-01,2479.17
TCGA-AZ-6600-01,3038.61
TCGA-AZ-6603-01,3821.92
TCGA-AZ-6605-01,2522.64
TCGA-AZ-6606-01,2528.33
TCGA-AZ-6607-01,3663.84
TCGA-CA-5254-01,1758.5
TCGA-CA-5255-01,1401.78
TCGA-CA-5256-01,2445.12
TCGA-CA-5796-01,2222.36
TCGA-CA-5797-01,3537.77
TCGA-CA-6715-01,3960.46
TCGA-CA-6716-01,3335.1
TCGA-CA-6717-01,2470.06
TCGA-CA-6718-01,2119.91
TCGA-CA-6719-01,4192.86
TCGA-CI-6619-01,1841.58
TCGA-CI-6620-01,2437.76
TCGA-CI-6621-01,2384.41
TCGA-CI-6622-01,1815.6
TCGA-CI-6623-01,3179.73
TCGA-CI-6624-01,3315.67
TCGA-CK-4947-01,2767.54
TCGA-CK-4948-01,3122.7
TCGA-CK-4950-01,2568.62
TCGA-CK-4951-01,2749.29
TCGA-CK-4952-01,2671.31
TCGA-CK-5912-01,3123.25
TCGA-CK-5913-01,2014.72
TCGA-CK-5914-01,2752.13
TCGA-CK-5915-01,2950.27
TCGA-CK-5916-01,3045.51
TCGA-CK-6746-01,1759.12
TCGA-CK-6747-01,1993.93
TCGA-CK-6748-01,3228.21
TCGA-CK-6751-01,1896.73
TCGA-CL-4957-01,2777.75
TCGA-CL-5917-01,6059.67
TCGA-CL-5918-01,3303.97
TCGA-CM-4743-01,1346.82
TCGA-CM-4744-01,2832.21
TCGA-CM-4746-01,1484.755
TCGA-CM-4747-01,2558.44
TCGA-CM-4748-01,2699.0838
TCGA-CM-4750-01,2351.8752
TCGA-CM-4751-01,1886.2
TCGA-CM-4752-01,3210.9063
TCGA-CM-5341-01,2897.7164
TCGA-CM-5344-01,2710.89
TCGA-CM-5348-01,3575.99
TCGA-CM-5349-01,2435.27
TCGA-CM-5860-01,3753.38
TCGA-CM-5861-01,2120.14
TCGA-CM-5862-01,3666.67
TCGA-CM-5863-01,2245.25
TCGA-CM-5864-01,4200.27
TCGA-CM-5868-01,2550.9
TCGA-CM-6161-01,2091.22
TCGA-CM-6162-01,2581.23
TCGA-CM-6163-01,3725.4
TCGA-CM-6164-01,3602.89
TCGA-CM-6165-01,2806.01
TCGA-CM-6166-01,4379.04
TCGA-CM-6167-01,2658.19
TCGA-CM-6168-01,2053.93
TCGA-CM-6169-01,5648.59
TCGA-CM-6170-01,3382.54
TCGA-CM-6171-01,3078.62
TCGA-CM-6172-01,2687.46
TCGA-CM-6674-01,1441.31
TCGA-CM-6675-01,3227.11
TCGA-CM-6676-01,3091.85
TCGA-CM-6677-01,2953.28
TCGA-CM-6678-01,3022.19
TCGA-CM-6679-01,3153.51
TCGA-CM-6680-01,2219.44
TCGA-D5-5537-01,2215.51
TCGA-D5-5538-01,3890.3
TCGA-D5-5539-01,2864.59
TCGA-D5-5540-01,3119.46
TCGA-D5-5541-01,4011.29
TCGA-D5-6529-01,2646.11
TCGA-D5-6530-01,1900.81
TCGA-D5-6531-01,3217.87
TCGA-D5-6532-01,3586.99
TCGA-D5-6533-01,1888.74
TCGA-D5-6534-01,1964.96
TCGA-D5-6535-01,3067.59
TCGA-D5-6536-01,1861.29
TCGA-D5-6537-01,2678.06
TCGA-D5-6538-01,2971.04
TCGA-D5-6539-01,2379.86
TCGA-D5-6540-01,1557.88
TCGA-D5-6541-01,1966.82
TCGA-D5-6898-01,2753.02
TCGA-D5-6920-01,1713.78
TCGA-D5-6922-01,3157.59
TCGA-D5-6923-01,4462.29
TCGA-D5-6924-01,4406.81
TCGA-D5-6926-01,2869.19
TCGA-D5-6927-01,1647.16
TCGA-D5-6928-01,1961.67
TCGA-D5-6929-01,2848.39
TCGA-D5-6930-01,1494.19
TCGA-D5-6931-01,4396.63
TCGA-D5-6932-01,1996.17
TCGA-D5-7000-01,3783.99
TCGA-DC-4745-01,3153.28
TCGA-DC-4749-01,2527.41
TCGA-DC-5337-01,2990.32
TCGA-DC-5869-01,4904.97
TCGA-DC-6154-01,4302.29
TCGA-DC-6155-01,931.544
TCGA-DC-6156-01,4918.56
TCGA-DC-6157-01,3802.6
TCGA-DC-6158-01,5505.39
TCGA-DC-6160-01,3463.33
TCGA-DC-6681-01,2435.0
TCGA-DC-6682-01,5248.63
TCGA-DC-6683-01,5925.07
TCGA-DM-A0X9-01,3166.4
TCGA-DM-A0XD-01,3243.61
TCGA-DM-A0XF-01,2802.97
TCGA-DM-A1D0-01,1678.21
TCGA-DM-A1D4-01,1740.32
TCGA-DM-A1D6-01,2203.59
TCGA-DM-A1D7-01,1592.15
TCGA-DM-A1D8-01,1918.73
TCGA-DM-A1D9-01,1886.76
TCGA-DM-A1DA-01,2659.56
TCGA-DM-A1DB-01,6909.82
TCGA-DM-A1HA-01,2282.29
TCGA-DM-A1HB-01,1833.17
TCGA-DM-A280-01,1636.65
TCGA-DM-A282-01,3132.74
TCGA-DM-A285-01,3568.16
TCGA-DM-A288-01,2643.15
TCGA-DM-A28A-01,2164.63
TCGA-DM-A28C-01,2093.16
TCGA-DM-A28E-01,2031.43
TCGA-DM-A28F-01,3335.83
TCGA-DM-A28G-01,1916.97
TCGA-DM-A28H-01,4788.54
TCGA-DM-A28K-01,1630.19
TCGA-DM-A28M-01,2097.09
TCGA-DT-5265-01,2882.56
TCGA-DY-A0XA-01,4099.07
TCGA-DY-A1DC-01,1791.15
TCGA-DY-A1DD-01,3206.39
TCGA-DY-A1DE-01,1184.95
TCGA-DY-A1DF-01,2073.28
TCGA-DY-A1DG-01,2850.42
TCGA-DY-A1H8-01,1935.32
TCGA-EF-5830-01,2146.97
TCGA-EF-5831-01,3440.43
TCGA-EI-6506-01,1839.74
TCGA-EI-6507-01,2377.53
TCGA-EI-6508-01,3115.04
TCGA-EI-6509-01,2613.02
TCGA-EI-6510-01,2313.14
TCGA-EI-6511-01,3561.87
TCGA-EI-6512-01,4842.81
TCGA-EI-6513-01,4046.32
TCGA-EI-6514-01,4356.86
TCGA-EI-6881-01,2187.41
TCGA-EI-6882-01,2504.86
TCGA-EI-6883-01,1634.44
TCGA-EI-6884-01,1950.78
TCGA-EI-6885-01,3066.94
TCGA-EI-6917-01,2883.85
TCGA-EI-7002-01,3373.56
TCGA-EI-7004-01,2206.06
TCGA-F4-6459-01,3690.73
TCGA-F4-6460-01,2745.05
TCGA-F4-6461-01,2448.47
TCGA-F4-6463-01,1976.5
TCGA-F4-6569-01,1891.69
TCGA-F4-6570-01,2387.78
TCGA-F4-6703-01,1739.99
TCGA-F4-6704-01,2366.88
TCGA-F4-6805-01,2436.05
TCGA-F4-6806-01,2970.53
TCGA-F4-6807-01,2243.02
TCGA-F4-6808-01,3642.98
TCGA-F4-6809-01,2055.08
TCGA-F4-6854-01,3391.19
TCGA-F4-6855-01,2463.1
TCGA-F4-6856-01,1912.85
TCGA-F5-6464-01,2982.46
TCGA-F5-6465-01,4211.35
TCGA-F5-6571-01,3017.96
TCGA-F5-6702-01,3155.31
TCGA-F5-6810-01,2209.8
TCGA-F5-6811-01,2717.58
TCGA-F5-6812-01,2514.07
TCGA-F5-6813-01,2010.05
TCGA-F5-6814-01,2395.24
TCGA-F5-6861-01,1550.84
TCGA-F5-6863-01,1877.7
TCGA-F5-6864-01,2443.22
TCGA-G4-6293-01,1522.8
TCGA-G4-6294-01,4301.24
TCGA-G4-6295-01,1845.71
TCGA-G4-6297-01,2747.36
TCGA-G4-6298-01,1614.14
TCGA-G4-6299-01,1666.52
TCGA-G4-6302-01,1874.37
TCGA-G4-6303-01,5313.95
TCGA-G4-6304-01,1375.55
TCGA-G4-6306-01,2492.61
TCGA-G4-6307-01,2212.25
TCGA-G4-6309-01,1710.08
TCGA-G4-6311-01,2693.07
TCGA-G4-6315-01,2344.47
TCGA-G4-6317-01,3547.24
TCGA-G4-6320-01,1961.61
TCGA-G4-6321-01,1778.66
TCGA-G4-6322-01,1701.66
TCGA-G4-6323-01,1964.09
TCGA-G4-6586-01,1300.3
TCGA-G4-6588-01,1697.55
TCGA-G4-6626-01,2556.14
TCGA-G4-6627-01,2528.56
TCGA-G4-6628-01,1935.32
TCGA-G5-6641-01,1805.12
TCGA-NH-A50T-01,1761.27
TCGA-NH-A50U-01,2878.74
TCGA-NH-A50V-01,1977.05
TCGA-NH-A5IV-01,1846.88
TCGA-NH-A6GA-01,2749.8
TCGA-NH-A6GB-01,2578.75
TCGA-NH-A6GC-01,1900.31
TCGA-NH-A8F7-01,3232.65
TCGA-NH-A8F8-01,1750.14
TCGA-QG-A5YV-01,2064.74
TCGA-QG-A5YW-01,1532.1
TCGA-QG-A5YX-01,2349.43
TCGA-QG-A5Z1-01,2701.1
TCGA-QG-A5Z2-01,2248.54
TCGA-QL-A97D-01,1884.74
TCGA-RU-A8FL-01,1954.59
TCGA-SS-A7HO-01,1957.38
TCGA-T9-A92H-01,2739.59
TCGA-WS-AB45-01,1883.11
TCGA-FA-8693-01,1409.27
TCGA-FA-A4BB-01,2067.93
TCGA-FA-A4XK-01,2312.24
TCGA-FA-A6HN-01,1844.72
TCGA-FA-A6HO-01,2102.38
TCGA-FA-A7DS-01,2139.02
TCGA-FA-A7Q1-01,3761.15
TCGA-FA-A82F-01,1766.23
TCGA-FA-A86F-01,2349.7
TCGA-FF-8041-01,1566.37
TCGA-FF-8042-01,1399.74
TCGA-FF-8043-01,1946.04
TCGA-FF-8046-01,896.328
TCGA-FF-8047-01,1275.25
TCGA-FF-8061-01,1311.65
TCGA-FF-8062-01,1242.78
TCGA-FF-A7CQ-01,2222.14
TCGA-FF-A7CR-01,2954.56
TCGA-FF-A7CW-01,1191.24
TCGA-FF-A7CX-01,2228.91
TCGA-FM-8000-01,1264.17
TCGA-G8-6324-01,1539.01
TCGA-G8-6325-01,706.835
TCGA-G8-6326-01,770.207
TCGA-G8-6906-01,996.931
TCGA-G8-6907-01,1714.78
TCGA-G8-6909-01,1719.2
TCGA-G8-6914-01,950.09
TCGA-GR-7351-01,1040.7
TCGA-GR-7353-01,1061.83
TCGA-GR-A4D4-01,2182.13
TCGA-GR-A4D5-01,2215.33
TCGA-GR-A4D6-01,1167.07
TCGA-GR-A4D9-01,2429.28
TCGA-GS-A9TQ-01,2272.97
TCGA-GS-A9TT-01,2841.58
TCGA-GS-A9TU-01,2668.5
TCGA-GS-A9TV-01,2956.71
TCGA-GS-A9TW-01,2596.87
TCGA-GS-A9TX-01,3307.98
TCGA-GS-A9TY-01,905.061
TCGA-GS-A9TZ-01,3712.41
TCGA-GS-A9U3-01,2113.71
TCGA-GS-A9U4-01,2189.26
TCGA-RQ-A68N-01,1147.35
TCGA-RQ-A6JB-01,2009.81
TCGA-RQ-AAAT-01,1289.97
TCGA-VB-A8QN-01,1829.8
TCGA-2H-A9GF-01,4970.0754
TCGA-2H-A9GH-01,3709.8194
TCGA-2H-A9GI-01,3929.2623
TCGA-2H-A9GJ-01,4978.0589
TCGA-2H-A9GK-01,2562.3045
TCGA-2H-A9GL-01,5302.7455
TCGA-2H-A9GM-01,3128.1818
TCGA-2H-A9GN-01,3870.9165
TCGA-2H-A9GO-01,5209.5081
TCGA-2H-A9GQ-01,4549.4937
TCGA-2H-A9GR-01,2921.8827
TCGA-IC-A6RE-01,4057.774
TCGA-IG-A3I8-01,7375.3541
TCGA-IG-A3QL-01,4358.5411
TCGA-IG-A3Y9-01,4004.7954
TCGA-IG-A3YA-01,7200.6374
TCGA-IG-A3YB-01,3597.8125
TCGA-IG-A3YC-01,3134.6141
TCGA-IG-A4P3-01,4126.4817
TCGA-IG-A4QS-01,4027.4946
TCGA-IG-A4QT-01,3691.5462
TCGA-IG-A50L-01,4173.5968
TCGA-IG-A51D-01,3898.3728
TCGA-IG-A5B8-01,3131.8323
TCGA-IG-A5S3-01,3921.7028
TCGA-IG-A625-01,6331.8315
TCGA-IG-A6QS-01,3837.5968
TCGA-IG-A7DP-01,2523.5038
TCGA-IG-A8O2-01,3687.9578
TCGA-IG-A97H-01,3448.5147
TCGA-IG-A97I-01,3738.1339
TCGA-JY-A6F8-01,1771.2758
TCGA-JY-A6FA-01,5617.2976
TCGA-JY-A6FB-01,1663.4881
TCGA-JY-A6FD-01,3166.6619
TCGA-JY-A6FE-01,2185.7665
TCGA-JY-A6FG-01,1732.1442
TCGA-JY-A6FH-01,3052.1938
TCGA-JY-A938-01,3866.5525
TCGA-JY-A939-01,3292.7123
TCGA-JY-A93C-01,3751.3708
TCGA-JY-A93D-01,3791.5779
TCGA-JY-A93E-01,4139.8014
TCGA-JY-A93F-01,2147.7104
TCGA-KH-A6WC-01,2823.4023
TCGA-L5-A43C-01,2756.9903
TCGA-L5-A43E-01,2816.7425
TCGA-L5-A43H-01,4258.406
TCGA-L5-A43I-01,4432.3471
TCGA-L5-A43J-01,4531.4481
TCGA-L5-A43M-01,2535.1171
TCGA-L5-A4OE-01,4906.9209
TCGA-L5-A4OF-01,3530.4904
TCGA-L5-A4OG-01,2315.7983
TCGA-L5-A4OH-01,5025.7634
TCGA-L5-A4OI-01,2482.6763
TCGA-L5-A4OJ-01,3194.4801
TCGA-L5-A4OM-01,5936.8963
TCGA-L5-A4ON-01,4803.2491
TCGA-L5-A4OO-01,2527.4852
TCGA-L5-A4OP-01,3244.046
TCGA-L5-A4OQ-01,4991.4199
TCGA-L5-A4OR-01,3457.1704
TCGA-L5-A4OS-01,2610.0504
TCGA-L5-A4OT-01,3671.5668
TCGA-L5-A4OU-01,2885.564
TCGA-L5-A4OW-01,4015.8916
TCGA-L5-A4OX-01,5494.1428
TCGA-L5-A88S-01,2275.1155
TCGA-L5-A88V-01,1897.9363
TCGA-L5-A88W-01,2136.428
TCGA-L5-A88Y-01,1834.7715
TCGA-L5-A88Z-01,2686.8968
TCGA-L5-A891-01,2614.2179
TCGA-L5-A893-01,2738.4793
TCGA-L5-A8NE-01,2428.1465
TCGA-L5-A8NF-01,4784.7278
TCGA-L5-A8NG-01,5008.4831
TCGA-L5-A8NH-01,3391.6478
TCGA-L5-A8NI-01,3324.7704
TCGA-L5-A8NJ-01,3722.2083
TCGA-L5-A8NK-01,5137.1292
TCGA-L5-A8NL-01,3492.3103
TCGA-L5-A8NM-01,3550.3354
TCGA-L5-A8NN-01,7477.1334
TCGA-L5-A8NQ-01,1384.4585
TCGA-L5-A8NR-01,5526.9144
TCGA-L5-A8NS-01,5110.7795
TCGA-L5-A8NT-01,3409.8899
TCGA-L5-A8NU-01,2325.7673
TCGA-L5-A8NV-01,3027.5607
TCGA-L5-A8NW-01,4020.1315
TCGA-L7-A56G-01,4707.4988
TCGA-L7-A6VZ-01,3979.1282
TCGA-LN-A49K-01,6510.933
TCGA-LN-A49L-01,8988.8801
TCGA-LN-A49M-01,6028.0448
TCGA-LN-A49N-01,4937.8105
TCGA-LN-A49O-01,4885.8039
TCGA-LN-A49P-01,6002.2121
TCGA-LN-A49R-01,3099.0296
TCGA-LN-A49S-01,3309.9513
TCGA-LN-A49U-01,3726.3034
TCGA-LN-A49V-01,4648.8325
TCGA-LN-A49W-01,4486.2461
TCGA-LN-A49X-01,6042.2434
TCGA-LN-A49Y-01,3656.4892
TCGA-LN-A4A1-01,3722.8391
TCGA-LN-A4A2-01,5712.7894
TCGA-LN-A4A3-01,3340.117
TCGA-LN-A4A4-01,3606.7267
TCGA-LN-A4A5-01,4816.6618
TCGA-LN-A4A6-01,4744.2519
TCGA-LN-A4A8-01,6966.851
TCGA-LN-A4A9-01,2690.7334
TCGA-LN-A4MQ-01,6075.801
TCGA-LN-A4MR-01,3641.4012
TCGA-LN-A5U5-01,2952.5758
TCGA-LN-A5U6-01,2535.3136
TCGA-LN-A5U7-01,5207.2434
TCGA-LN-A7HV-01,3057.3541
TCGA-LN-A7HW-01,2867.2081
TCGA-LN-A7HX-01,4058.715
TCGA-LN-A7HY-01,3004.7271
TCGA-LN-A7HZ-01,4046.0572
TCGA-LN-A8HZ-01,3324.9566
TCGA-LN-A8I0-01,1721.8959
TCGA-LN-A8I1-01,2979.2461
TCGA-LN-A9FO-01,12109.7269
TCGA-LN-A9FP-01,4069.1494
TCGA-LN-A9FQ-01,2852.844
TCGA-LN-A9FR-01,3860.0271
TCGA-M9-A5M8-01,3433.6853
TCGA-Q9-A6FU-01,5560.5858
TCGA-Q9-A6FW-01,2756.2974
TCGA-R6-A6DN-01,4038.8907
TCGA-R6-A6DQ-01,4812.8562
TCGA-R6-A6KZ-01,2279.9449
TCGA-R6-A6L4-01,4185.1377
TCGA-R6-A6L6-01,1805.3401
TCGA-R6-A6XG-01,2312.4684
TCGA-R6-A6XQ-01,7129.882
TCGA-R6-A6Y0-01,1973.9761
TCGA-R6-A6Y2-01,3208.0479
TCGA-R6-A8W5-01,4555.2435
TCGA-R6-A8W8-01,3665.3723
TCGA-R6-A8WC-01,6203.3199
TCGA-R6-A8WG-01,8817.1417
TCGA-RE-A7BO-01,3488.8873
TCGA-S8-A6BV-01,4341.3641
TCGA-S8-A6BW-01,3837.8657
TCGA-V5-A7RB-01,2402.3552
TCGA-V5-A7RC-01,5106.2086
TCGA-V5-A7RE-01,3650.274
TCGA-V5-AASV-01,5150.0145
TCGA-V5-AASW-01,3303.9223
TCGA-V5-AASX-01,4845.3073
TCGA-VR-A8EO-01,3960.7206
TCGA-VR-A8EP-01,6318.7601
TCGA-VR-A8EQ-01,2191.63
TCGA-VR-A8ER-01,3069.9912
TCGA-VR-A8ET-01,5899.9157
TCGA-VR-A8EU-01,5017.1595
TCGA-VR-A8EW-01,4758.9883
TCGA-VR-A8EX-01,3291.3369
TCGA-VR-A8EY-01,1911.349
TCGA-VR-A8EZ-01,3393.5092
TCGA-VR-A8Q7-01,3564.7512
TCGA-VR-AA4D-01,3584.5859
TCGA-VR-AA4G-01,3000.9835
TCGA-VR-AA7B-01,2405.6851
TCGA-VR-AA7D-01,3451.8964
TCGA-VR-AA7I-01,4899.0822
TCGA-X8-AAAR-01,4118.7878
TCGA-XP-A8T6-01,2417.7741
TCGA-XP-A8T7-01,
TCGA-XP-A8T8-01,4403.8981
TCGA-Z6-A8JD-01,4764.3554
TCGA-Z6-A8JE-01,8115.793
TCGA-Z6-A9VB-01,3915.9013
TCGA-Z6-AAPN-01,3115.0173
TCGA-ZR-A9CJ-01,2243.0781
TCGA-02-0001-01,
TCGA-02-0003-01,
TCGA-02-0006-01,
TCGA-02-0007-01,
TCGA-02-0009-01,
TCGA-02-0010-01,
TCGA-02-0011-01,
TCGA-02-0014-01,
TCGA-02-0015-01,
TCGA-02-0016-01,
TCGA-02-0021-01,
TCGA-02-0023-01,
TCGA-02-0024-01,
TCGA-02-0025-01,
TCGA-02-0026-01,
TCGA-02-0027-01,
TCGA-02-0028-01,
TCGA-02-0033-01,
TCGA-02-0034-01,
TCGA-02-0037-01,
TCGA-02-0038-01,
TCGA-02-0039-01,
TCGA-02-0043-01,
TCGA-02-0046-01,
TCGA-02-0047-01,2366.39
TCGA-02-0048-01,
TCGA-02-0051-01,
TCGA-02-0052-01,
TCGA-02-0054-01,
TCGA-02-0055-01,1852.84
TCGA-02-0057-01,
TCGA-02-0058-01,
TCGA-02-0059-01,
TCGA-02-0060-01,
TCGA-02-0064-01,
TCGA-02-0068-01,
TCGA-02-0069-01,
TCGA-02-0070-01,
TCGA-02-0071-01,
TCGA-02-0074-01,
TCGA-02-0075-01,
TCGA-02-0079-01,
TCGA-02-0080-01,
TCGA-02-0083-01,
TCGA-02-0084-01,
TCGA-02-0085-01,
TCGA-02-0086-01,
TCGA-02-0087-01,
TCGA-02-0089-01,
TCGA-02-0099-01,
TCGA-02-0102-01,
TCGA-02-0104-01,
TCGA-02-0106-01,
TCGA-02-0107-01,
TCGA-02-0111-01,
TCGA-02-0113-01,
TCGA-02-0114-01,
TCGA-02-0115-01,
TCGA-02-0116-01,
TCGA-02-0258-01,
TCGA-02-0260-01,
TCGA-02-0266-01,
TCGA-02-0269-01,
TCGA-02-0271-01,
TCGA-02-0281-01,
TCGA-02-0285-01,
TCGA-02-0289-01,
TCGA-02-0290-01,
TCGA-02-0317-01,
TCGA-02-0321-01,
TCGA-02-0324-01,
TCGA-02-0325-01,
TCGA-02-0326-01,
TCGA-02-0330-01,
TCGA-02-0332-01,
TCGA-02-0333-01,
TCGA-02-0337-01,
TCGA-02-0338-01,
TCGA-02-0339-01,
TCGA-02-0422-01,
TCGA-02-0430-01,
TCGA-02-0432-01,
TCGA-02-0440-01,
TCGA-02-0446-01,
TCGA-02-0451-01,
TCGA-02-0456-01,
TCGA-02-2466-01,
TCGA-02-2470-01,
TCGA-02-2483-01,2136.99
TCGA-02-2485-01,3106.67
TCGA-02-2486-01,1813.41
TCGA-06-0119-01,
TCGA-06-0121-01,
TCGA-06-0122-01,
TCGA-06-0124-01,
TCGA-06-0125-01,2389.08
TCGA-06-0125-02,3200.0
TCGA-06-0126-01,
TCGA-06-0127-01,
TCGA-06-0128-01,
TCGA-06-0129-01,3270.43
TCGA-06-0130-01,1891.7
TCGA-06-0132-01,1921.59
TCGA-06-0133-01,
TCGA-06-0137-01,
TCGA-06-0138-01,2070.49
TCGA-06-0139-01,
TCGA-06-0140-01,
TCGA-06-0141-01,1475.36
TCGA-06-0142-01,
TCGA-06-0143-01,
TCGA-06-0145-01,
TCGA-06-0146-01,
TCGA-06-0147-01,
TCGA-06-0148-01,
TCGA-06-0149-01,
TCGA-06-0150-01,
TCGA-06-0151-01,
TCGA-06-0152-01,
TCGA-06-0154-01,
TCGA-06-0155-01,
TCGA-06-0157-01,2734.02
TCGA-06-0158-01,3067.27
TCGA-06-0159-01,
TCGA-06-0160-01,
TCGA-06-0162-01,
TCGA-06-0164-01,
TCGA-06-0165-01,
TCGA-06-0166-01,
TCGA-06-0167-01,
TCGA-06-0168-01,2048.17
TCGA-06-0169-01,
TCGA-06-0171-01,
TCGA-06-0171-02,2368.84
TCGA-06-0173-01,
TCGA-06-0174-01,2975.79
TCGA-06-0175-01,
TCGA-06-0176-01,
TCGA-06-0177-01,
TCGA-06-0178-01,1519.12
TCGA-06-0179-01,
TCGA-06-0182-01,
TCGA-06-0184-01,1950.47
TCGA-06-0185-01,
TCGA-06-0187-01,2424.35
TCGA-06-0188-01,
TCGA-06-0189-01,
TCGA-06-0190-01,1896.62
TCGA-06-0190-02,2531.62
TCGA-06-0192-01,
TCGA-06-0194-01,
TCGA-06-0195-01,
TCGA-06-0197-01,
TCGA-06-0201-01,
TCGA-06-0206-01,
TCGA-06-0208-01,
TCGA-06-0210-01,2257.02
TCGA-06-0210-02,2597.38
TCGA-06-0211-01,2270.21
TCGA-06-0211-02,1966.38
TCGA-06-0213-01,
TCGA-06-0214-01,
TCGA-06-0216-01,
TCGA-06-0219-01,1755.02
TCGA-06-0221-01,
TCGA-06-0221-02,3199.0
TCGA-06-0237-01,
TCGA-06-0238-01,2189.73
TCGA-06-0240-01,
TCGA-06-0241-01,
TCGA-06-0394-01,
TCGA-06-0397-01,
TCGA-06-0402-01,
TCGA-06-0409-01,
TCGA-06-0410-01,
TCGA-06-0412-01,
TCGA-06-0413-01,
TCGA-06-0414-01,
TCGA-06-0644-01,1562.89
TCGA-06-0645-01,1669.63
TCGA-06-0646-01,2065.61
TCGA-06-0648-01,
TCGA-06-0649-01,2390.93
TCGA-06-0650-01,
TCGA-06-0686-01,1470.59
TCGA-06-0743-01,1834.66
TCGA-06-0744-01,1958.38
TCGA-06-0745-01,1635.13
TCGA-06-0747-01,2229.84
TCGA-06-0749-01,709.329
TCGA-06-0750-01,1451.92
TCGA-06-0875-01,
TCGA-06-0876-01,
TCGA-06-0877-01,
TCGA-06-0878-01,2810.92
TCGA-06-0879-01,
TCGA-06-0881-01,
TCGA-06-0882-01,658.454
TCGA-06-0939-01,
TCGA-06-1084-01,
TCGA-06-1086-01,
TCGA-06-1087-01,
TCGA-06-1800-01,
TCGA-06-1801-01,
TCGA-06-1802-01,
TCGA-06-1804-01,2395.49
TCGA-06-1805-01,
TCGA-06-1806-01,
TCGA-06-2557-01,2648.12
TCGA-06-2558-01,2502.53
TCGA-06-2559-01,3857.82
TCGA-06-2561-01,2433.8
TCGA-06-2562-01,1834.3
TCGA-06-2563-01,2637.88
TCGA-06-2564-01,3013.71
TCGA-06-2565-01,3789.54
TCGA-06-2566-01,
TCGA-06-2567-01,2947.19
TCGA-06-2569-01,1835.52
TCGA-06-2570-01,2387.86
TCGA-06-5408-01,2832.47
TCGA-06-5410-01,1551.52
TCGA-06-5411-01,1308.93
TCGA-06-5412-01,2046.63
TCGA-06-5413-01,2525.87
TCGA-06-5414-01,2771.68
TCGA-06-5415-01,2640.7
TCGA-06-5416-01,2471.33
TCGA-06-5417-01,5020.99
TCGA-06-5418-01,2549.43
TCGA-06-5856-01,2819.22
TCGA-06-5858-01,4555.61
TCGA-06-5859-01,2891.59
TCGA-06-6388-01,
TCGA-06-6389-01,
TCGA-06-6390-01,
TCGA-06-6693-01,
TCGA-06-6694-01,
TCGA-06-6695-01,
TCGA-06-6697-01,
TCGA-06-6698-01,
TCGA-06-6699-01,
TCGA-06-6700-01,
TCGA-06-6701-01,
TCGA-06-A5U0-01,
TCGA-06-A5U1-01,
TCGA-06-A6S0-01,
TCGA-06-A6S1-01,
TCGA-06-A7TK-01,
TCGA-06-A7TL-01,
TCGA-08-0244-01,
TCGA-08-0245-01,
TCGA-08-0246-01,
TCGA-08-0344-01,
TCGA-08-0345-01,
TCGA-08-0346-01,
TCGA-08-0347-01,
TCGA-08-0348-01,
TCGA-08-0349-01,
TCGA-08-0350-01,
TCGA-08-0351-01,
TCGA-08-0352-01,
TCGA-08-0353-01,
TCGA-08-0354-01,
TCGA-08-0355-01,
TCGA-08-0356-01,
TCGA-08-0357-01,
TCGA-08-0358-01,
TCGA-08-0359-01,
TCGA-08-0375-01,
TCGA-08-0380-01,
TCGA-08-0386-01,3309.19
TCGA-08-0389-01,
TCGA-08-0390-01,
TCGA-08-0392-01,
TCGA-08-0509-01,
TCGA-08-0510-01,
TCGA-08-0512-01,
TCGA-08-0514-01,
TCGA-08-0516-01,
TCGA-08-0517-01,
TCGA-08-0518-01,
TCGA-08-0520-01,
TCGA-08-0521-01,
TCGA-08-0524-01,
TCGA-08-0525-01,
TCGA-08-0529-01,
TCGA-08-0531-01,
TCGA-12-0615-01,
TCGA-12-0616-01,1792.16
TCGA-12-0618-01,2451.3
TCGA-12-0619-01,3000.0
TCGA-12-0620-01,
TCGA-12-0654-01,
TCGA-12-0656-01,
TCGA-12-0657-01,
TCGA-12-0662-01,
TCGA-12-0670-01,
TCGA-12-0688-01,
TCGA-12-0691-01,
TCGA-12-0692-01,
TCGA-12-0703-01,
TCGA-12-0707-01,
TCGA-12-0769-01,
TCGA-12-0772-01,
TCGA-12-0773-01,
TCGA-12-0775-01,
TCGA-12-0776-01,
TCGA-12-0778-01,
TCGA-12-0780-01,
TCGA-12-0818-01,
TCGA-12-0819-01,
TCGA-12-0820-01,
TCGA-12-0821-01,1872.5
TCGA-12-0822-01,
TCGA-12-0826-01,
TCGA-12-0827-01,
TCGA-12-0828-01,
TCGA-12-0829-01,
TCGA-12-1088-01,
TCGA-12-1089-01,
TCGA-12-1090-01,
TCGA-12-1091-01,
TCGA-12-1092-01,
TCGA-12-1093-01,
TCGA-12-1094-01,
TCGA-12-1095-01,
TCGA-12-1096-01,
TCGA-12-1097-01,
TCGA-12-1098-01,
TCGA-12-1099-01,
TCGA-12-1597-01,2120.35
TCGA-12-1598-01,
TCGA-12-1599-01,
TCGA-12-1600-01,
TCGA-12-1602-01,
TCGA-12-3644-01,
TCGA-12-3646-01,
TCGA-12-3648-01,
TCGA-12-3649-01,
TCGA-12-3650-01,2537.67
TCGA-12-3651-01,
TCGA-12-3652-01,3658.1
TCGA-12-3653-01,3192.89
TCGA-12-5295-01,2747.59
TCGA-12-5299-01,2528.66
TCGA-12-5301-01,
TCGA-14-0736-01,
TCGA-14-0740-01,
TCGA-14-0781-01,1690.13
TCGA-14-0783-01,
TCGA-14-0786-01,
TCGA-14-0787-01,1816.4
TCGA-14-0789-01,900.189
TCGA-14-0790-01,3070.31
TCGA-14-0812-01,
TCGA-14-0813-01,
TCGA-14-0817-01,2445.92
TCGA-14-0862-01,
TCGA-14-0865-01,
TCGA-14-0866-01,
TCGA-14-0867-01,
TCGA-14-0871-01,2322.68
TCGA-14-1034-01,2951.56
TCGA-14-1034-02,4636.12
TCGA-14-1037-01,
TCGA-14-1043-01,
TCGA-14-1395-01,
TCGA-14-1396-01,
TCGA-14-1401-01,
TCGA-14-1402-01,
TCGA-14-1450-01,
TCGA-14-1451-01,
TCGA-14-1452-01,
TCGA-14-1453-01,
TCGA-14-1454-01,
TCGA-14-1455-01,
TCGA-14-1456-01,
TCGA-14-1458-01,
TCGA-14-1459-01,
TCGA-14-1794-01,
TCGA-14-1795-01,
TCGA-14-1821-01,
TCGA-14-1823-01,4719.43
TCGA-14-1825-01,2225.75
TCGA-14-1827-01,
TCGA-14-1829-01,2934.89
TCGA-14-2554-01,6454.19
TCGA-14-2555-01,
TCGA-14-3476-01,
TCGA-14-3477-01,
TCGA-14-4157-01,
TCGA-15-0742-01,1957.37
TCGA-15-1444-01,3554.75
TCGA-15-1446-01,
TCGA-15-1447-01,
TCGA-15-1449-01,
TCGA-16-0846-01,1636.68
TCGA-16-0848-01,
TCGA-16-0849-01,
TCGA-16-0850-01,
TCGA-16-0861-01,
TCGA-16-1045-01,2266.67
TCGA-16-1047-01,
TCGA-16-1048-01,
TCGA-16-1055-01,
TCGA-16-1056-01,
TCGA-16-1060-01,
TCGA-16-1062-01,
TCGA-16-1063-01,
TCGA-16-1460-01,
TCGA-19-0955-01,
TCGA-19-0957-01,
TCGA-19-0960-01,
TCGA-19-0962-01,
TCGA-19-0963-01,
TCGA-19-0964-01,
TCGA-19-1385-01,
TCGA-19-1386-01,
TCGA-19-1387-01,
TCGA-19-1388-01,
TCGA-19-1389-01,
TCGA-19-1390-01,2955.53
TCGA-19-1392-01,
TCGA-19-1786-01,
TCGA-19-1787-01,4263.14
TCGA-19-1789-01,
TCGA-19-1790-01,
TCGA-19-1791-01,
TCGA-19-2619-01,2529.49
TCGA-19-2620-01,2608.97
TCGA-19-2621-01,
TCGA-19-2623-01,
TCGA-19-2624-01,2549.36
TCGA-19-2625-01,2051.22
TCGA-19-2629-01,2705.93
TCGA-19-2631-01,
TCGA-19-4065-01,2060.1
TCGA-19-4068-01,
TCGA-19-5947-01,
TCGA-19-5950-01,
TCGA-19-5951-01,
TCGA-19-5952-01,
TCGA-19-5953-01,
TCGA-19-5954-01,
TCGA-19-5955-01,
TCGA-19-5956-01,
TCGA-19-5958-01,
TCGA-19-5959-01,
TCGA-19-5960-01,4422.74
TCGA-19-A60I-01,
TCGA-19-A6J4-01,
TCGA-19-A6J5-01,
TCGA-26-1438-01,
TCGA-26-1439-01,
TCGA-26-1440-01,
TCGA-26-1442-01,2576.3
TCGA-26-1443-01,
TCGA-26-1799-01,
TCGA-26-5132-01,2785.91
TCGA-26-5133-01,2797.59
TCGA-26-5134-01,2172.13
TCGA-26-5135-01,1803.8
TCGA-26-5136-01,2960.78
TCGA-26-5139-01,1395.19
TCGA-26-6173-01,
TCGA-26-6174-01,
TCGA-26-A7UX-01,
TCGA-27-1830-01,2676.56
TCGA-27-1831-01,5066.23
TCGA-27-1832-01,2436.49
TCGA-27-1833-01,
TCGA-27-1834-01,3240.44
TCGA-27-1835-01,2231.75
TCGA-27-1836-01,
TCGA-27-1837-01,2113.98
TCGA-27-1838-01,
TCGA-27-2518-01,
TCGA-27-2519-01,2178.69
TCGA-27-2521-01,2348.28
TCGA-27-2523-01,3168.93
TCGA-27-2524-01,1733.79
TCGA-27-2526-01,2830.34
TCGA-27-2527-01,
TCGA-27-2528-01,3068.54
TCGA-28-1746-01,
TCGA-28-1747-01,2536.22
TCGA-28-1749-01,
TCGA-28-1750-01,
TCGA-28-1751-01,
TCGA-28-1752-01,
TCGA-28-1753-01,2063.24
TCGA-28-1755-01,
TCGA-28-1756-01,
TCGA-28-1757-01,
TCGA-28-2499-01,2616.51
TCGA-28-2501-01,
TCGA-28-2502-01,
TCGA-28-2506-01,
TCGA-28-2509-01,3393.79
TCGA-28-2510-01,1515.26
TCGA-28-2513-01,1996.72
TCGA-28-2514-01,3527.33
TCGA-28-5204-01,2807.39
TCGA-28-5207-01,3099.77
TCGA-28-5208-01,3395.59
TCGA-28-5209-01,2910.06
TCGA-28-5211-01,
TCGA-28-5213-01,2106.27
TCGA-28-5214-01,
TCGA-28-5215-01,2570.24
TCGA-28-5216-01,2532.79
TCGA-28-5218-01,2718.87
TCGA-28-5219-01,
TCGA-28-5220-01,3277.3
TCGA-28-6450-01,
TCGA-32-1970-01,2774.24
TCGA-32-1973-01,
TCGA-32-1976-01,
TCGA-32-1977-01,
TCGA-32-1978-01,
TCGA-32-1979-01,
TCGA-32-1980-01,1078.6
TCGA-32-1982-01,1804.82
TCGA-32-1986-01,
TCGA-32-1987-01,
TCGA-32-1991-01,
TCGA-32-2491-01,
TCGA-32-2494-01,
TCGA-32-2495-01,
TCGA-32-2615-01,1815.55
TCGA-32-2616-01,2116.32
TCGA-32-2632-01,2508.43
TCGA-32-2634-01,2771.16
TCGA-32-2638-01,2383.25
TCGA-32-4208-01,
TCGA-32-4209-01,
TCGA-32-4210-01,
TCGA-32-4211-01,
TCGA-32-4213-01,2577.62
TCGA-32-4719-01,
TCGA-32-5222-01,3528.41
TCGA-41-2571-01,903.232
TCGA-41-2572-01,2277.81
TCGA-41-2573-01,
TCGA-41-2575-01,
TCGA-41-3392-01,
TCGA-41-3393-01,
TCGA-41-3915-01,2587.62
TCGA-41-4097-01,1909.44
TCGA-41-5651-01,2342.83
TCGA-41-6646-01,
TCGA-4W-AA9R-01,
TCGA-4W-AA9S-01,
TCGA-4W-AA9T-01,
TCGA-74-6573-01,
TCGA-74-6575-01,
TCGA-74-6577-01,
TCGA-74-6578-01,
TCGA-74-6581-01,
TCGA-74-6584-01,
TCGA-76-4925-01,3153.88
TCGA-76-4926-01,673.729
TCGA-76-4927-01,1876.31
TCGA-76-4928-01,1971.52
TCGA-76-4929-01,2326.07
TCGA-76-4931-01,2435.29
TCGA-76-4932-01,2626.37
TCGA-76-4934-01,
TCGA-76-4935-01,
TCGA-76-6191-01,
TCGA-76-6192-01,
TCGA-76-6193-01,
TCGA-76-6280-01,
TCGA-76-6282-01,
TCGA-76-6283-01,
TCGA-76-6285-01,
TCGA-76-6286-01,
TCGA-76-6656-01,
TCGA-76-6657-01,
TCGA-76-6660-01,
TCGA-76-6661-01,
TCGA-76-6662-01,
TCGA-76-6663-01,
TCGA-76-6664-01,
TCGA-81-5910-01,
TCGA-81-5911-01,
TCGA-87-5896-01,
TCGA-OX-A56R-01,
TCGA-RR-A6KA-01,
TCGA-RR-A6KB-01,
TCGA-RR-A6KC-01,
TCGA-4P-AA8J-01,928.054
TCGA-BA-4074-01,2019.4
TCGA-BA-4076-01,2453.63
TCGA-BA-4078-01,3144.34
TCGA-BA-5149-01,3235.11
TCGA-BA-5151-01,2563.04
TCGA-BA-5152-01,2146.75
TCGA-BA-5153-01,3156.04
TCGA-BA-5555-01,2755.09
TCGA-BA-5556-01,1913.97
TCGA-BA-5557-01,3210.72
TCGA-BA-5558-01,2252.64
TCGA-BA-5559-01,4231.87
TCGA-BA-6868-01,1852.27
TCGA-BA-6869-01,1231.71
TCGA-BA-6870-01,2031.22
TCGA-BA-6871-01,3243.09
TCGA-BA-6872-01,1390.05
TCGA-BA-6873-01,2771.68
TCGA-BA-7269-01,1154.83
TCGA-BA-A4IF-01,1804.49
TCGA-BA-A4IG-01,2839.78
TCGA-BA-A4IH-01,3370.42
TCGA-BA-A4II-01,2845.67
TCGA-BA-A6D8-01,822.603
TCGA-BA-A6DA-01,972.856
TCGA-BA-A6DB-01,1438.71
TCGA-BA-A6DD-01,1241.29
TCGA-BA-A6DE-01,3001.16
TCGA-BA-A6DF-01,
TCGA-BA-A6DG-01,1627.75
TCGA-BA-A6DI-01,2402.18
TCGA-BA-A6DJ-01,1578.96
TCGA-BA-A6DL-01,1267.92
TCGA-BA-A8YP-01,3084.66
TCGA-BB-4217-01,2623.39
TCGA-BB-4223-01,3153.38
TCGA-BB-4224-01,4176.36
TCGA-BB-4225-01,1787.18
TCGA-BB-4227-01,3058.77
TCGA-BB-4228-01,3580.23
TCGA-BB-7861-01,4351.42
TCGA-BB-7862-01,2692.82
TCGA-BB-7863-01,1847.62
TCGA-BB-7864-01,2688.09
TCGA-BB-7866-01,2882.09
TCGA-BB-7870-01,2119.89
TCGA-BB-7871-01,2136.31
TCGA-BB-7872-01,3560.19
TCGA-BB-8596-01,2170.39
TCGA-BB-8601-01,1468.02
TCGA-BB-A5HU-01,4115.6
TCGA-BB-A5HY-01,4378.35
TCGA-BB-A5HZ-01,1853.57
TCGA-BB-A6UM-01,2888.47
TCGA-BB-A6UO-01,1266.7
TCGA-C9-A47Z-01,3688.17
TCGA-C9-A480-01,1903.03
TCGA-CN-4722-01,2182.34
TCGA-CN-4723-01,2235.29
TCGA-CN-4725-01,3598.51
TCGA-CN-4726-01,2786.49
TCGA-CN-4727-01,1551.22
TCGA-CN-4728-01,2393.04
TCGA-CN-4729-01,2538.39
TCGA-CN-4730-01,2558.44
TCGA-CN-4731-01,2863.36
TCGA-CN-4733-01,2177.28
TCGA-CN-4734-01,2115.93
TCGA-CN-4735-01,3848.55
TCGA-CN-4736-01,2245.88
TCGA-CN-4737-01,3597.01
TCGA-CN-4738-01,2951.34
TCGA-CN-4739-01,2779.74
TCGA-CN-4740-01,3321.65
TCGA-CN-4741-01,2228.51
TCGA-CN-4742-01,2639.14
TCGA-CN-5355-01,3019.82
TCGA-CN-5356-01,2547.45
TCGA-CN-5358-01,2226.38
TCGA-CN-5359-01,3426.31
TCGA-CN-5360-01,3218.94
TCGA-CN-5361-01,2525.13
TCGA-CN-5363-01,3909.52
TCGA-CN-5364-01,3002.06
TCGA-CN-5365-01,1577.93
TCGA-CN-5366-01,2538.13
TCGA-CN-5367-01,3747.48
TCGA-CN-5369-01,2151.05
TCGA-CN-5370-01,2329.05
TCGA-CN-5373-01,2373.56
TCGA-CN-5374-01,2606.18
TCGA-CN-6010-01,3665.11
TCGA-CN-6011-01,3155.51
TCGA-CN-6012-01,3027.73
TCGA-CN-6013-01,3261.93
TCGA-CN-6016-01,1660.64
TCGA-CN-6017-01,1660.9
TCGA-CN-6018-01,4931.21
TCGA-CN-6019-01,2537.62
TCGA-CN-6020-01,2336.84
TCGA-CN-6021-01,2776.47
TCGA-CN-6022-01,1707.78
TCGA-CN-6023-01,2811.19
TCGA-CN-6024-01,2812.17
TCGA-CN-6988-01,2769.52
TCGA-CN-6989-01,2666.13
TCGA-CN-6992-01,3065.87
TCGA-CN-6994-01,2783.31
TCGA-CN-6995-01,2475.76
TCGA-CN-6996-01,3335.88
TCGA-CN-6997-01,3046.11
TCGA-CN-6998-01,1955.45
TCGA-CN-A497-01,1858.97
TCGA-CN-A498-01,2274.02
TCGA-CN-A499-01,4146.71
TCGA-CN-A49A-01,7225.27
TCGA-CN-A49B-01,2357.5
TCGA-CN-A49C-01,1747.47
TCGA-CN-A63T-01,1679.95
TCGA-CN-A63U-01,1539.84
TCGA-CN-A63V-01,1655.64
TCGA-CN-A63W-01,1585.43
TCGA-CN-A63Y-01,
TCGA-CN-A640-01,
TCGA-CN-A641-01,2406.25
TCGA-CN-A642-01,1511.78
TCGA-CN-A6UY-01,1269.02
TCGA-CN-A6V1-01,1198.59
TCGA-CN-A6V3-01,2422.97
TCGA-CN-A6V6-01,2743.09
TCGA-CN-A6V7-01,1854.71
TCGA-CQ-5323-01,2651.86
TCGA-CQ-5324-01,2163.69
TCGA-CQ-5325-01,2116.01
TCGA-CQ-5326-01,2770.01
TCGA-CQ-5327-01,1864.71
TCGA-CQ-5329-01,1889.07
TCGA-CQ-5330-01,1902.44
TCGA-CQ-5331-01,2139.3
TCGA-CQ-5332-01,2917.6
TCGA-CQ-5333-01,1137.41
TCGA-CQ-5334-01,2058.55
TCGA-CQ-6218-01,1786.71
TCGA-CQ-6219-01,3250.26
TCGA-CQ-6220-01,2612.6
TCGA-CQ-6222-01,1394.92
TCGA-CQ-6223-01,2892.57
TCGA-CQ-6224-01,2172.16
TCGA-CQ-6225-01,2905.76
TCGA-CQ-6227-01,2394.58
TCGA-CQ-6228-01,3485.42
TCGA-CQ-6229-01,2687.17
TCGA-CQ-7063-01,1787.97
TCGA-CQ-7064-01,
TCGA-CQ-7065-01,4279.91
TCGA-CQ-7067-01,1371.05
TCGA-CQ-7068-01,1834.71
TCGA-CQ-7069-01,2283.52
TCGA-CQ-7071-01,2292.17
TCGA-CQ-7072-01,2624.54
TCGA-CQ-A4C6-01,2015.12
TCGA-CQ-A4C9-01,1680.88
TCGA-CQ-A4CA-01,1428.49
TCGA-CQ-A4CB-01,2111.37
TCGA-CQ-A4CD-01,1637.12
TCGA-CQ-A4CE-01,2633.05
TCGA-CQ-A4CG-01,2168.01
TCGA-CQ-A4CH-01,2799.68
TCGA-CQ-A4CI-01,2587.08
TCGA-CR-5243-01,2590.25
TCGA-CR-5247-01,2156.79
TCGA-CR-5248-01,2637.03
TCGA-CR-5249-01,2395.46
TCGA-CR-5250-01,3273.94
TCGA-CR-6467-01,2655.9
TCGA-CR-6470-01,3084.61
TCGA-CR-6471-01,3253.12
TCGA-CR-6472-01,2747.25
TCGA-CR-6473-01,4559.45
TCGA-CR-6474-01,3641.19
TCGA-CR-6477-01,4216.0
TCGA-CR-6478-01,3046.31
TCGA-CR-6480-01,2365.44
TCGA-CR-6481-01,2752.02
TCGA-CR-6482-01,3782.34
TCGA-CR-6484-01,1547.79
TCGA-CR-6487-01,3854.28
TCGA-CR-6488-01,2581.8
TCGA-CR-6491-01,2495.44
TCGA-CR-6492-01,2012.51
TCGA-CR-6493-01,2325.12
TCGA-CR-7364-01,3277.12
TCGA-CR-7365-01,2771.32
TCGA-CR-7367-01,2047.47
TCGA-CR-7368-01,4017.36
TCGA-CR-7369-01,4059.98
TCGA-CR-7370-01,3559.53
TCGA-CR-7371-01,3264.94
TCGA-CR-7372-01,3377.31
TCGA-CR-7373-01,2825.33
TCGA-CR-7374-01,3883.19
TCGA-CR-7376-01,2568.67
TCGA-CR-7377-01,2693.8
TCGA-CR-7379-01,2995.91
TCGA-CR-7380-01,2664.96
TCGA-CR-7382-01,2215.65
TCGA-CR-7383-01,2284.89
TCGA-CR-7385-01,2376.09
TCGA-CR-7386-01,2494.91
TCGA-CR-7388-01,2870.19
TCGA-CR-7389-01,2195.14
TCGA-CR-7390-01,3913.16
TCGA-CR-7391-01,2420.1
TCGA-CR-7392-01,2853.75
TCGA-CR-7393-01,3003.8
TCGA-CR-7394-01,2384.65
TCGA-CR-7395-01,1935.74
TCGA-CR-7397-01,3156.07
TCGA-CR-7398-01,2650.16
TCGA-CR-7399-01,3555.04
TCGA-CR-7401-01,1975.19
TCGA-CR-7402-01,3305.88
TCGA-CR-7404-01,2289.11
TCGA-CV-5430-01,7090.05
TCGA-CV-5431-01,2909.91
TCGA-CV-5432-01,1698.3
TCGA-CV-5434-01,3158.12
TCGA-CV-5435-01,2785.94
TCGA-CV-5436-01,2479.33
TCGA-CV-5439-01,3318.52
TCGA-CV-5440-01,2806.4
TCGA-CV-5441-01,3350.35
TCGA-CV-5442-01,4084.34
TCGA-CV-5443-01,2047.47
TCGA-CV-5444-01,1969.5
TCGA-CV-5966-01,1409.23
TCGA-CV-5970-01,4280.19
TCGA-CV-5971-01,2411.2
TCGA-CV-5973-01,1881.3
TCGA-CV-5976-01,2496.61
TCGA-CV-5977-01,2186.72
TCGA-CV-5978-01,3047.79
TCGA-CV-5979-01,2017.49
TCGA-CV-6003-01,2074.97
TCGA-CV-6433-01,2367.63
TCGA-CV-6436-01,1248.46
TCGA-CV-6441-01,2421.38
TCGA-CV-6933-01,3557.58
TCGA-CV-6934-01,2545.23
TCGA-CV-6935-01,2482.91
TCGA-CV-6936-01,3901.55
TCGA-CV-6937-01,1075.98
TCGA-CV-6938-01,1803.87
TCGA-CV-6939-01,3076.52
TCGA-CV-6940-01,4284.82
TCGA-CV-6941-01,2783.01
TCGA-CV-6942-01,1805.43
TCGA-CV-6943-01,2518.37
TCGA-CV-6945-01,1841.37
TCGA-CV-6948-01,2684.27
TCGA-CV-6950-01,2474.2
TCGA-CV-6951-01,2895.59
TCGA-CV-6952-01,1687.06
TCGA-CV-6953-01,2530.39
TCGA-CV-6954-01,2136.66
TCGA-CV-6955-01,1715.65
TCGA-CV-6956-01,2417.04
TCGA-CV-6959-01,3563.48
TCGA-CV-6960-01,2309.34
TCGA-CV-6961-01,2461.79
TCGA-CV-6962-01,3609.73
TCGA-CV-7089-01,1688.89
TCGA-CV-7090-01,2760.24
TCGA-CV-7091-01,2639.31
TCGA-CV-7095-01,1958.67
TCGA-CV-7097-01,2774.38
TCGA-CV-7099-01,1670.27
TCGA-CV-7100-01,2918.2
TCGA-CV-7101-01,3437.92
TCGA-CV-7102-01,3081.8
TCGA-CV-7103-01,2149.04
TCGA-CV-7104-01,2183.0
TCGA-CV-7177-01,2430.39
TCGA-CV-7178-01,3401.74
TCGA-CV-7180-01,1886.42
TCGA-CV-7183-01,1938.97
TCGA-CV-7235-01,4469.68
TCGA-CV-7236-01,3693.58
TCGA-CV-7238-01,1724.54
TCGA-CV-7242-01,2784.88
TCGA-CV-7243-01,4998.8
TCGA-CV-7245-01,5237.96
TCGA-CV-7247-01,3540.41
TCGA-CV-7248-01,2612.19
TCGA-CV-7250-01,1702.5
TCGA-CV-7252-01,2273.97
TCGA-CV-7253-01,3182.07
TCGA-CV-7254-01,5373.06
TCGA-CV-7255-01,3407.18
TCGA-CV-7261-01,4200.62
TCGA-CV-7263-01,3123.88
TCGA-CV-7406-01,2568.87
TCGA-CV-7407-01,2183.2
TCGA-CV-7409-01,2226.72
TCGA-CV-7410-01,2223.58
TCGA-CV-7411-01,2033.47
TCGA-CV-7413-01,1841.46
TCGA-CV-7414-01,2282.11
TCGA-CV-7415-01,2347.47
TCGA-CV-7416-01,3743.48
TCGA-CV-7418-01,2912.89
TCGA-CV-7421-01,1535.26
TCGA-CV-7422-01,3849.97
TCGA-CV-7423-01,2342.53
TCGA-CV-7424-01,3053.07
TCGA-CV-7425-01,4485.76
TCGA-CV-7427-01,2276.14
TCGA-CV-7428-01,2143.66
TCGA-CV-7429-01,2311.75
TCGA-CV-7430-01,2895.78
TCGA-CV-7432-01,3499.42
TCGA-CV-7433-01,1628.38
TCGA-CV-7434-01,1964.07
TCGA-CV-7435-01,3034.8
TCGA-CV-7437-01,3931.07
TCGA-CV-7438-01,2627.2
TCGA-CV-7440-01,2985.28
TCGA-CV-7446-01,7284.21
TCGA-CV-7568-01,4590.2
TCGA-CV-A45O-01,1700.68
TCGA-CV-A45P-01,1689.66
TCGA-CV-A45Q-01,497.087
TCGA-CV-A45R-01,2182.39
TCGA-CV-A45T-01,1693.49
TCGA-CV-A45U-01,3103.62
TCGA-CV-A45V-01,1864.58
TCGA-CV-A45W-01,2170.3
TCGA-CV-A45X-01,2442.7
TCGA-CV-A45Y-01,1438.26
TCGA-CV-A45Z-01,2057.54
TCGA-CV-A460-01,1716.59
TCGA-CV-A461-01,1330.57
TCGA-CV-A463-01,1888.58
TCGA-CV-A464-01,1466.08
TCGA-CV-A465-01,3241.36
TCGA-CV-A468-01,1492.65
TCGA-CV-A6JD-01,1062.14
TCGA-CV-A6JE-01,1397.65
TCGA-CV-A6JM-01,380.952
TCGA-CV-A6JN-01,740.667
TCGA-CV-A6JO-01,1251.13
TCGA-CV-A6JT-01,793.347
TCGA-CV-A6JU-01,883.976
TCGA-CV-A6JY-01,2743.14
TCGA-CV-A6JZ-01,1697.92
TCGA-CV-A6K0-01,2111.91
TCGA-CV-A6K1-01,807.058
TCGA-CV-A6K2-01,1958.01
TCGA-CX-7085-01,2226.22
TCGA-CX-7086-01,4073.53
TCGA-CX-7219-01,1681.66
TCGA-CX-A4AQ-01,1146.5
TCGA-D6-6515-01,2042.96
TCGA-D6-6516-01,4780.76
TCGA-D6-6517-01,2056.35
TCGA-D6-6823-01,2693.16
TCGA-D6-6824-01,2403.01
TCGA-D6-6825-01,3169.3
TCGA-D6-6826-01,3791.37
TCGA-D6-6827-01,2729.36
TCGA-D6-8568-01,3025.56
TCGA-D6-8569-01,2536.01
TCGA-D6-A4Z9-01,2118.26
TCGA-D6-A4ZB-01,247.943
TCGA-D6-A6EK-01,820.702
TCGA-D6-A6EM-01,1295.35
TCGA-D6-A6EN-01,804.681
TCGA-D6-A6EO-01,2195.38
TCGA-D6-A6EP-01,1101.03
TCGA-D6-A6EQ-01,911.743
TCGA-D6-A6ES-01,484.032
TCGA-D6-A74Q-01,1499.15
TCGA-DQ-5624-01,2212.47
TCGA-DQ-5625-01,3748.22
TCGA-DQ-5629-01,3495.9
TCGA-DQ-5630-01,1974.54
TCGA-DQ-5631-01,4289.01
TCGA-DQ-7588-01,2211.16
TCGA-DQ-7589-01,3239.15
TCGA-DQ-7590-01,2402.15
TCGA-DQ-7591-01,8106.02
TCGA-DQ-7592-01,3903.11
TCGA-DQ-7593-01,3246.28
TCGA-DQ-7594-01,3023.17
TCGA-DQ-7595-01,2887.22
TCGA-DQ-7596-01,3525.75
TCGA-F7-7848-01,3228.13
TCGA-F7-8298-01,2006.49
TCGA-F7-8489-01,2649.32
TCGA-F7-A50G-01,1767.27
TCGA-F7-A50I-01,1782.16
TCGA-F7-A50J-01,1976.89
TCGA-F7-A61S-01,1456.52
TCGA-F7-A61V-01,1945.54
TCGA-F7-A61W-01,1770.57
TCGA-F7-A620-01,1909.46
TCGA-F7-A622-01,1036.4
TCGA-F7-A623-01,2297.53
TCGA-F7-A624-01,1340.04
TCGA-H7-7774-01,1800.45
TCGA-H7-8501-01,2108.81
TCGA-H7-8502-01,1953.16
TCGA-H7-A6C4-01,1722.41
TCGA-H7-A6C5-01,
TCGA-H7-A76A-01,960.67
TCGA-HD-7229-01,2309.87
TCGA-HD-7753-01,2945.03
TCGA-HD-7754-01,2662.79
TCGA-HD-7831-01,2176.41
TCGA-HD-7832-01,1688.18
TCGA-HD-7917-01,3505.47
TCGA-HD-8224-01,1942.71
TCGA-HD-8314-01,1912.63
TCGA-HD-8634-01,1866.71
TCGA-HD-8635-01,3608.45
TCGA-HD-A4C1-01,393.996
TCGA-HD-A633-01,1776.31
TCGA-HD-A634-01,3907.69
TCGA-HD-A6HZ-01,3184.83
TCGA-HD-A6I0-01,518.909
TCGA-HL-7533-01,2502.51
TCGA-IQ-7630-01,1997.18
TCGA-IQ-7631-01,1746.15
TCGA-IQ-7632-01,1952.9
TCGA-IQ-A61E-01,2080.0
TCGA-IQ-A61G-01,1083.49
TCGA-IQ-A61H-01,2845.39
TCGA-IQ-A61I-01,2514.7
TCGA-IQ-A61J-01,2048.98
TCGA-IQ-A61K-01,
TCGA-IQ-A61L-01,
TCGA-IQ-A61O-01,1682.11
TCGA-IQ-A6SG-01,3159.07
TCGA-IQ-A6SH-01,1197.61
TCGA-KU-A66S-01,2075.54
TCGA-KU-A66T-01,2177.79
TCGA-KU-A6H7-01,1529.52
TCGA-KU-A6H8-01,1658.32
TCGA-MT-A51W-01,1619.74
TCGA-MT-A51X-01,2409.84
TCGA-MT-A67A-01,1094.85
TCGA-MT-A67D-01,1725.85
TCGA-MT-A67F-01,1668.15
TCGA-MT-A67G-01,
TCGA-MT-A7BN-01,975.556
TCGA-MZ-A5BI-01,1490.39
TCGA-MZ-A6I9-01,1659.84
TCGA-MZ-A7D7-01,2056.85
TCGA-P3-A5Q5-01,1405.52
TCGA-P3-A5Q6-01,1630.31
TCGA-P3-A5QA-01,1435.24
TCGA-P3-A5QE-01,5627.4
TCGA-P3-A5QF-01,1528.67
TCGA-P3-A6SW-01,1952.12
TCGA-P3-A6SX-01,2144.34
TCGA-P3-A6T0-01,2182.96
TCGA-P3-A6T2-01,1799.4
TCGA-P3-A6T3-01,2529.2
TCGA-P3-A6T4-01,3249.49
TCGA-P3-A6T5-01,1354.97
TCGA-P3-A6T6-01,1237.97
TCGA-P3-A6T7-01,1759.36
TCGA-P3-A6T8-01,1644.62
TCGA-QK-A64Z-01,1695.54
TCGA-QK-A652-01,1705.58
TCGA-QK-A6IF-01,2312.92
TCGA-QK-A6IG-01,1429.08
TCGA-QK-A6IH-01,1053.87
TCGA-QK-A6II-01,1478.1
TCGA-QK-A6IJ-01,1028.21
TCGA-QK-A6V9-01,5640.31
TCGA-QK-A6VB-01,3404.62
TCGA-QK-A6VC-01,2224.17
TCGA-QK-A8Z7-01,2512.83
TCGA-QK-A8Z8-01,2587.15
TCGA-QK-A8Z9-01,1631.82
TCGA-QK-A8ZA-01,2590.59
TCGA-QK-A8ZB-01,2705.73
TCGA-QK-AA3J-01,2522.36
TCGA-QK-AA3K-01,1419.9
TCGA-RS-A6TO-01,1391.2
TCGA-RS-A6TP-01,2455.02
TCGA-T2-A6WX-01,1160.12
TCGA-T2-A6WZ-01,960.806
TCGA-T2-A6X0-01,2208.49
TCGA-T2-A6X2-01,1531.47
TCGA-T3-A92M-01,1980.63
TCGA-T3-A92N-01,2199.13
TCGA-TN-A7HI-01,2140.05
TCGA-TN-A7HJ-01,2882.48
TCGA-TN-A7HL-01,1144.46
TCGA-UF-A718-01,2099.32
TCGA-UF-A719-01,3517.3
TCGA-UF-A71A-01,1987.15
TCGA-UF-A71B-01,3130.78
TCGA-UF-A71D-01,2567.03
TCGA-UF-A71E-01,2230.18
TCGA-UF-A7J9-01,2521.6
TCGA-UF-A7JA-01,978.0
TCGA-UF-A7JC-01,2084.05
TCGA-UF-A7JD-01,2157.55
TCGA-UF-A7JF-01,845.794
TCGA-UF-A7JH-01,1634.98
TCGA-UF-A7JJ-01,1898.57
TCGA-UF-A7JK-01,2492.5
TCGA-UF-A7JO-01,1430.83
TCGA-UF-A7JS-01,1044.84
TCGA-UF-A7JT-01,1891.77
TCGA-UF-A7JV-01,1696.05
TCGA-UP-A6WW-01,1318.23
TCGA-WA-A7GZ-01,2605.18
TCGA-WA-A7H4-01,3589.74
TCGA-KL-8323-01,2597.53
TCGA-KL-8324-01,1173.87
TCGA-KL-8325-01,3352.06
TCGA-KL-8326-01,1209.24
TCGA-KL-8327-01,1792.45
TCGA-KL-8328-01,1648.39
TCGA-KL-8329-01,2506.33
TCGA-KL-8330-01,2626.92
TCGA-KL-8331-01,1867.77
TCGA-KL-8332-01,1992.12
TCGA-KL-8333-01,3160.87
TCGA-KL-8334-01,2675.45
TCGA-KL-8335-01,2435.24
TCGA-KL-8336-01,2640.82
TCGA-KL-8337-01,2637.71
TCGA-KL-8338-01,1485.43
TCGA-KL-8339-01,2586.57
TCGA-KL-8340-01,2124.54
TCGA-KL-8341-01,3763.42
TCGA-KL-8342-01,2025.6
TCGA-KL-8343-01,2500.53
TCGA-KL-8344-01,2328.74
TCGA-KL-8345-01,2624.42
TCGA-KL-8346-01,1358.15
TCGA-KM-8438-01,1788.25
TCGA-KM-8439-01,1546.6
TCGA-KM-8440-01,2741.68
TCGA-KM-8441-01,1739.56
TCGA-KM-8442-01,2925.49
TCGA-KM-8443-01,2139.42
TCGA-KM-8476-01,1850.15
TCGA-KM-8477-01,2327.75
TCGA-KM-8639-01,1711.61
TCGA-KN-8418-01,2640.07
TCGA-KN-8419-01,3576.28
TCGA-KN-8421-01,1451.07
TCGA-KN-8422-01,1141.44
TCGA-KN-8423-01,3015.01
TCGA-KN-8424-01,2904.07
TCGA-KN-8425-01,2068.35
TCGA-KN-8426-01,1707.32
TCGA-KN-8427-01,1662.4
TCGA-KN-8428-01,3920.85
TCGA-KN-8429-01,3282.07
TCGA-KN-8431-01,1314.55
TCGA-KN-8432-01,2878.17
TCGA-KN-8433-01,1094.43
TCGA-KN-8434-01,2106.0
TCGA-KN-8435-01,3332.76
TCGA-KN-8436-01,3325.64
TCGA-KN-8437-01,2096.22
TCGA-KO-8403-01,2300.99
TCGA-KO-8404-01,1129.39
TCGA-KO-8405-01,1490.64
TCGA-KO-8406-01,2942.05
TCGA-KO-8407-01,2065.15
TCGA-KO-8408-01,1392.09
TCGA-KO-8409-01,1337.95
TCGA-KO-8410-01,3214.79
TCGA-KO-8411-01,3629.81
TCGA-KO-8413-01,2129.97
TCGA-KO-8414-01,1692.25
TCGA-KO-8415-01,1349.27
TCGA-KO-8416-01,2564.25
TCGA-KO-8417-01,2830.38
TCGA-3Z-A93Z-01,1620.93
TCGA-6D-AA2E-01,1466.27
TCGA-A3-3306-01,2455.49
TCGA-A3-3307-01,2369.27
TCGA-A3-3308-01,2261.27
TCGA-A3-3311-01,2772.72
TCGA-A3-3313-01,2481.9
TCGA-A3-3316-01,2353.74
TCGA-A3-3317-01,1233.04
TCGA-A3-3319-01,2140.22
TCGA-A3-3320-01,3385.3
TCGA-A3-3322-01,2651.93
TCGA-A3-3323-01,3093.98
TCGA-A3-3324-01,2710.94
TCGA-A3-3325-01,2434.68
TCGA-A3-3326-01,2632.2
TCGA-A3-3331-01,3097.44
TCGA-A3-3335-01,2066.64
TCGA-A3-3343-01,2776.86
TCGA-A3-3346-01,1528.0
TCGA-A3-3347-01,2161.11
TCGA-A3-3349-01,2651.29
TCGA-A3-3351-01,3297.91
TCGA-A3-3352-01,3167.81
TCGA-A3-3357-01,2174.84
TCGA-A3-3358-01,2078.56
TCGA-A3-3359-01,2418.67
TCGA-A3-3362-01,2323.32
TCGA-A3-3363-01,1776.28
TCGA-A3-3365-01,2930.76
TCGA-A3-3367-01,3862.61
TCGA-A3-3370-01,2743.59
TCGA-A3-3372-01,3709.73
TCGA-A3-3373-01,2680.07
TCGA-A3-3374-01,1072.75
TCGA-A3-3376-01,3391.47
TCGA-A3-3378-01,2222.6
TCGA-A3-3380-01,2707.31
TCGA-A3-3382-01,2488.39
TCGA-A3-3383-01,2300.54
TCGA-A3-3385-01,3264.73
TCGA-A3-3387-01,2618.49
TCGA-A3-A6NI-01,1676.29
TCGA-A3-A6NJ-01,2116.05
TCGA-A3-A6NL-01,2361.06
TCGA-A3-A6NN-01,2632.08
TCGA-A3-A8CQ-01,2298.08
TCGA-A3-A8OU-01,1581.88
TCGA-A3-A8OV-01,1783.37
TCGA-A3-A8OW-01,2337.36
TCGA-A3-A8OX-01,1629.58
TCGA-AK-3426-01,1783.91
TCGA-AK-3427-01,2622.97
TCGA-AK-3428-01,7571.43
TCGA-AK-3429-01,2290.92
TCGA-AK-3430-01,
TCGA-AK-3431-01,3510.95
TCGA-AK-3433-01,3560.87
TCGA-AK-3434-01,2444.62
TCGA-AK-3436-01,1485.45
TCGA-AK-3440-01,373.423
TCGA-AK-3443-01,4042.45
TCGA-AK-3444-01,2652.41
TCGA-AK-3445-01,1673.66
TCGA-AK-3447-01,2490.72
TCGA-AK-3450-01,2074.97
TCGA-AK-3451-01,2129.55
TCGA-AK-3453-01,1318.57
TCGA-AK-3454-01,2715.19
TCGA-AK-3455-01,2588.21
TCGA-AK-3456-01,2923.88
TCGA-AK-3458-01,3549.79
TCGA-AK-3460-01,2573.71
TCGA-AK-3461-01,2725.29
TCGA-AK-3465-01,2537.05
TCGA-AS-3777-01,1654.77
TCGA-AS-3778-01,2210.17
TCGA-B0-4688-01,5471.25
TCGA-B0-4690-01,2446.84
TCGA-B0-4691-01,1585.5
TCGA-B0-4693-01,2519.32
TCGA-B0-4694-01,1875.88
TCGA-B0-4696-01,2770.89
TCGA-B0-4697-01,1420.08
TCGA-B0-4698-01,2904.94
TCGA-B0-4699-01,3364.43
TCGA-B0-4700-01,1583.04
TCGA-B0-4701-01,1964.87
TCGA-B0-4703-01,2236.75
TCGA-B0-4706-01,2387.52
TCGA-B0-4707-01,1307.32
TCGA-B0-4710-01,3424.26
TCGA-B0-4712-01,2358.87
TCGA-B0-4713-01,1714.29
TCGA-B0-4714-01,1696.66
TCGA-B0-4718-01,2169.12
TCGA-B0-4810-01,1870.97
TCGA-B0-4811-01,1960.24
TCGA-B0-4813-01,1496.08
TCGA-B0-4814-01,2808.79
TCGA-B0-4815-01,1620.49
TCGA-B0-4816-01,2242.52
TCGA-B0-4817-01,1450.93
TCGA-B0-4818-01,2208.09
TCGA-B0-4819-01,1893.36
TCGA-B0-4821-01,1008.85
TCGA-B0-4822-01,1406.74
TCGA-B0-4823-01,2826.19
TCGA-B0-4824-01,2212.78
TCGA-B0-4827-01,1868.74
TCGA-B0-4828-01,2215.72
TCGA-B0-4833-01,1556.62
TCGA-B0-4834-01,2923.63
TCGA-B0-4836-01,2644.13
TCGA-B0-4837-01,1960.16
TCGA-B0-4838-01,2333.42
TCGA-B0-4839-01,1920.45
TCGA-B0-4841-01,1862.31
TCGA-B0-4842-01,1051.38
TCGA-B0-4843-01,1467.53
TCGA-B0-4844-01,1492.41
TCGA-B0-4845-01,2369.57
TCGA-B0-4846-01,3120.73
TCGA-B0-4847-01,1391.05
TCGA-B0-4848-01,2086.61
TCGA-B0-4849-01,2078.52
TCGA-B0-4852-01,3584.44
TCGA-B0-4945-01,2406.87
TCGA-B0-5075-01,2058.52
TCGA-B0-5077-01,2164.39
TCGA-B0-5080-01,3034.92
TCGA-B0-5081-01,1714.49
TCGA-B0-5083-01,2724.29
TCGA-B0-5084-01,1911.08
TCGA-B0-5085-01,1430.91
TCGA-B0-5088-01,1676.08
TCGA-B0-5092-01,1439.74
TCGA-B0-5094-01,1762.59
TCGA-B0-5095-01,2057.42
TCGA-B0-5096-01,2728.66
TCGA-B0-5097-01,2951.46
TCGA-B0-5098-01,2337.3
TCGA-B0-5099-01,2489.68
TCGA-B0-5100-01,1902.36
TCGA-B0-5102-01,2474.05
TCGA-B0-5104-01,2745.92
TCGA-B0-5106-01,2025.39
TCGA-B0-5107-01,1509.8
TCGA-B0-5108-01,2356.1
TCGA-B0-5109-01,1409.95
TCGA-B0-5110-01,3115.06
TCGA-B0-5113-01,3868.64
TCGA-B0-5115-01,2748.89
TCGA-B0-5116-01,3913.24
TCGA-B0-5117-01,1783.0
TCGA-B0-5119-01,3049.71
TCGA-B0-5120-01,3522.37
TCGA-B0-5121-01,2249.57
TCGA-B0-5399-01,2851.83
TCGA-B0-5400-01,1029.03
TCGA-B0-5402-01,4197.59
TCGA-B0-5690-01,2833.94
TCGA-B0-5691-01,3334.98
TCGA-B0-5692-01,2007.0
TCGA-B0-5693-01,2989.54
TCGA-B0-5694-01,2466.63
TCGA-B0-5695-01,2622.62
TCGA-B0-5696-01,2090.49
TCGA-B0-5697-01,1971.59
TCGA-B0-5698-01,1976.74
TCGA-B0-5699-01,3738.41
TCGA-B0-5701-01,2195.51
TCGA-B0-5702-01,1005.74
TCGA-B0-5703-01,2458.83
TCGA-B0-5705-01,4829.97
TCGA-B0-5706-01,2828.78
TCGA-B0-5707-01,1390.01
TCGA-B0-5709-01,2860.91
TCGA-B0-5710-01,3275.85
TCGA-B0-5711-01,3770.75
TCGA-B0-5712-01,516.51
TCGA-B0-5713-01,2596.34
TCGA-B0-5812-01,3945.35
TCGA-B2-3923-01,3838.27
TCGA-B2-3924-01,2706.95
TCGA-B2-4098-01,1705.84
TCGA-B2-4099-01,1625.05
TCGA-B2-4101-01,2941.61
TCGA-B2-4102-01,2718.92
TCGA-B2-5633-01,2770.87
TCGA-B2-5635-01,2234.55
TCGA-B2-5639-01,2567.95
TCGA-B2-5641-01,2389.86
TCGA-B2-A4SR-01,2950.92
TCGA-B4-5377-01,3221.21
TCGA-B4-5378-01,3855.5
TCGA-B4-5832-01,7843.0
TCGA-B4-5834-01,3667.98
TCGA-B4-5835-01,3863.74
TCGA-B4-5836-01,2713.37
TCGA-B4-5838-01,3013.38
TCGA-B4-5843-01,3484.36
TCGA-B4-5844-01,3027.38
TCGA-B8-4143-01,2044.17
TCGA-B8-4146-01,8359.83
TCGA-B8-4148-01,2614.39
TCGA-B8-4151-01,2276.7
TCGA-B8-4153-01,2263.09
TCGA-B8-4154-01,2819.98
TCGA-B8-4619-01,2634.03
TCGA-B8-4620-01,4322.3
TCGA-B8-4621-01,1766.37
TCGA-B8-4622-01,3200.69
TCGA-B8-5158-01,2497.7
TCGA-B8-5159-01,3669.41
TCGA-B8-5162-01,2442.44
TCGA-B8-5163-01,2684.47
TCGA-B8-5164-01,2847.11
TCGA-B8-5165-01,3901.4
TCGA-B8-5545-01,3094.23
TCGA-B8-5546-01,3085.41
TCGA-B8-5549-01,3210.88
TCGA-B8-5550-01,1973.28
TCGA-B8-5551-01,2032.46
TCGA-B8-5552-01,2868.9
TCGA-B8-5553-01,2408.65
TCGA-B8-A54D-01,2853.04
TCGA-B8-A54E-01,1373.92
TCGA-B8-A54F-01,2477.96
TCGA-B8-A54G-01,1950.81
TCGA-B8-A54H-01,2130.05
TCGA-B8-A54I-01,1037.36
TCGA-B8-A54J-01,1871.79
TCGA-B8-A7U6-01,1652.91
TCGA-B8-A8YJ-01,2042.58
TCGA-BP-4158-01,2548.6
TCGA-BP-4159-01,2904.01
TCGA-BP-4160-01,2708.75
TCGA-BP-4161-01,3111.05
TCGA-BP-4162-01,2724.63
TCGA-BP-4163-01,2606.86
TCGA-BP-4164-01,3730.32
TCGA-BP-4165-01,1742.56
TCGA-BP-4166-01,2938.54
TCGA-BP-4167-01,1454.85
TCGA-BP-4169-01,3283.55
TCGA-BP-4170-01,2782.31
TCGA-BP-4173-01,2401.14
TCGA-BP-4174-01,2113.54
TCGA-BP-4176-01,3027.01
TCGA-BP-4177-01,2865.64
TCGA-BP-4325-01,2990.11
TCGA-BP-4326-01,2189.01
TCGA-BP-4327-01,1800.78
TCGA-BP-4329-01,3859.76
TCGA-BP-4330-01,3077.77
TCGA-BP-4332-01,2825.21
TCGA-BP-4334-01,1503.42
TCGA-BP-4335-01,2118.37
TCGA-BP-4337-01,1189.84
TCGA-BP-4338-01,1847.55
TCGA-BP-4340-01,2736.92
TCGA-BP-4341-01,2095.87
TCGA-BP-4343-01,5021.48
TCGA-BP-4345-01,1914.91
TCGA-BP-4346-01,2111.65
TCGA-BP-4347-01,2085.43
TCGA-BP-4349-01,1913.48
TCGA-BP-4351-01,1859.27
TCGA-BP-4352-01,1238.14
TCGA-BP-4354-01,2152.68
TCGA-BP-4355-01,2091.01
TCGA-BP-4756-01,2082.59
TCGA-BP-4758-01,2033.81
TCGA-BP-4759-01,2875.81
TCGA-BP-4760-01,3156.36
TCGA-BP-4761-01,899.95
TCGA-BP-4762-01,3974.15
TCGA-BP-4763-01,3692.18
TCGA-BP-4765-01,2742.54
TCGA-BP-4766-01,2701.38
TCGA-BP-4768-01,2947.25
TCGA-BP-4769-01,2507.27
TCGA-BP-4770-01,270.945
TCGA-BP-4771-01,1766.75
TCGA-BP-4774-01,2240.13
TCGA-BP-4775-01,4151.91
TCGA-BP-4776-01,1763.62
TCGA-BP-4777-01,2057.87
TCGA-BP-4781-01,3064.01
TCGA-BP-4782-01,2071.82
TCGA-BP-4784-01,3248.01
TCGA-BP-4787-01,1844.12
TCGA-BP-4789-01,3875.75
TCGA-BP-4790-01,3651.05
TCGA-BP-4795-01,2738.28
TCGA-BP-4797-01,2525.4
TCGA-BP-4798-01,1904.92
TCGA-BP-4799-01,3343.47
TCGA-BP-4801-01,2538.05
TCGA-BP-4803-01,3361.89
TCGA-BP-4804-01,2284.49
TCGA-BP-4807-01,3287.24
TCGA-BP-4959-01,2214.44
TCGA-BP-4960-01,1889.11
TCGA-BP-4961-01,3468.86
TCGA-BP-4962-01,1812.92
TCGA-BP-4963-01,2396.36
TCGA-BP-4964-01,3659.07
TCGA-BP-4965-01,3585.35
TCGA-BP-4967-01,4714.65
TCGA-BP-4968-01,1817.11
TCGA-BP-4969-01,1339.45
TCGA-BP-4970-01,3113.96
TCGA-BP-4971-01,1485.5
TCGA-BP-4972-01,3298.2
TCGA-BP-4973-01,3102.19
TCGA-BP-4974-01,2386.27
TCGA-BP-4975-01,4129.27
TCGA-BP-4977-01,3593.42
TCGA-BP-4981-01,1500.52
TCGA-BP-4982-01,3610.16
TCGA-BP-4983-01,3198.11
TCGA-BP-4985-01,963.495
TCGA-BP-4987-01,3275.44
TCGA-BP-4989-01,1868.32
TCGA-BP-4991-01,3833.08
TCGA-BP-4992-01,1174.35
TCGA-BP-4993-01,2378.03
TCGA-BP-4994-01,3667.82
TCGA-BP-4998-01,2676.56
TCGA-BP-4999-01,3548.89
TCGA-BP-5000-01,1791.86
TCGA-BP-5001-01,1660.22
TCGA-BP-5004-01,2964.39
TCGA-BP-5007-01,2947.58
TCGA-BP-5008-01,2796.39
TCGA-BP-5010-01,1727.55
TCGA-BP-5168-01,2893.1
TCGA-BP-5169-01,1058.82
TCGA-BP-5170-01,2546.37
TCGA-BP-5173-01,1897.5
TCGA-BP-5174-01,1414.52
TCGA-BP-5175-01,1090.91
TCGA-BP-5176-01,1877.72
TCGA-BP-5177-01,2145.61
TCGA-BP-5178-01,1639.14
TCGA-BP-5180-01,2420.74
TCGA-BP-5182-01,2412.95
TCGA-BP-5183-01,2184.59
TCGA-BP-5184-01,3176.68
TCGA-BP-5185-01,1648.41
TCGA-BP-5186-01,3054.32
TCGA-BP-5187-01,3683.64
TCGA-BP-5189-01,2936.24
TCGA-BP-5190-01,1810.6
TCGA-BP-5191-01,758.935
TCGA-BP-5192-01,3395.74
TCGA-BP-5194-01,4521.46
TCGA-BP-5195-01,2480.63
TCGA-BP-5196-01,2195.33
TCGA-BP-5198-01,1843.6
TCGA-BP-5200-01,3027.74
TCGA-BP-5201-01,2350.68
TCGA-BP-5202-01,2746.46
TCGA-CJ-4634-01,2993.14
TCGA-CJ-4635-01,3239.72
TCGA-CJ-4636-01,2067.92
TCGA-CJ-4637-01,2373.47
TCGA-CJ-4638-01,1132.4
TCGA-CJ-4639-01,3822.0
TCGA-CJ-4640-01,2293.85
TCGA-CJ-4641-01,2124.39
TCGA-CJ-4643-01,2998.55
TCGA-CJ-4644-01,2550.48
TCGA-CJ-4868-01,2214.99
TCGA-CJ-4869-01,1770.58
TCGA-CJ-4870-01,2628.8
TCGA-CJ-4871-01,2937.09
TCGA-CJ-4872-01,3295.06
TCGA-CJ-4873-01,1305.13
TCGA-CJ-4874-01,3042.51
TCGA-CJ-4875-01,2053.71
TCGA-CJ-4876-01,1804.0
TCGA-CJ-4878-01,1660.27
TCGA-CJ-4881-01,1611.52
TCGA-CJ-4882-01,2046.9
TCGA-CJ-4884-01,2081.32
TCGA-CJ-4885-01,3497.52
TCGA-CJ-4886-01,2973.6
TCGA-CJ-4887-01,1533.51
TCGA-CJ-4888-01,1993.12
TCGA-CJ-4889-01,2425.19
TCGA-CJ-4890-01,2360.79
TCGA-CJ-4891-01,1305.54
TCGA-CJ-4892-01,1997.08
TCGA-CJ-4893-01,2699.6
TCGA-CJ-4894-01,3184.68
TCGA-CJ-4895-01,2255.5
TCGA-CJ-4897-01,3718.21
TCGA-CJ-4899-01,2864.26
TCGA-CJ-4900-01,1822.72
TCGA-CJ-4901-01,2769.76
TCGA-CJ-4902-01,2400.93
TCGA-CJ-4903-01,3237.32
TCGA-CJ-4904-01,3068.4
TCGA-CJ-4905-01,3905.64
TCGA-CJ-4907-01,3349.93
TCGA-CJ-4908-01,2675.8
TCGA-CJ-4912-01,1332.35
TCGA-CJ-4913-01,
TCGA-CJ-4916-01,2034.67
TCGA-CJ-4918-01,2752.87
TCGA-CJ-4920-01,2814.93
TCGA-CJ-4923-01,1740.74
TCGA-CJ-5671-01,2081.46
TCGA-CJ-5672-01,1761.22
TCGA-CJ-5675-01,2201.82
TCGA-CJ-5676-01,2106.15
TCGA-CJ-5677-01,1668.92
TCGA-CJ-5678-01,2084.03
TCGA-CJ-5679-01,1660.06
TCGA-CJ-5680-01,2260.31
TCGA-CJ-5681-01,4012.15
TCGA-CJ-5682-01,2872.31
TCGA-CJ-5683-01,2482.83
TCGA-CJ-5684-01,2702.26
TCGA-CJ-5686-01,2629.83
TCGA-CJ-5689-01,2258.17
TCGA-CJ-6027-01,2229.1
TCGA-CJ-6028-01,4392.39
TCGA-CJ-6030-01,2657.92
TCGA-CJ-6031-01,2222.2
TCGA-CJ-6032-01,2742.87
TCGA-CJ-6033-01,1873.82
TCGA-CW-5580-01,3981.62
TCGA-CW-5581-01,2845.74
TCGA-CW-5583-01,3971.46
TCGA-CW-5584-01,2481.17
TCGA-CW-5585-01,3418.29
TCGA-CW-5587-01,3035.33
TCGA-CW-5588-01,3252.39
TCGA-CW-5589-01,3101.8
TCGA-CW-5591-01,2635.5
TCGA-CW-6087-01,2479.93
TCGA-CW-6088-01,3851.18
TCGA-CW-6090-01,3287.67
TCGA-CW-6093-01,3120.58
TCGA-CW-6097-01,2810.91
TCGA-CZ-4853-01,3389.45
TCGA-CZ-4854-01,2260.49
TCGA-CZ-4856-01,2669.39
TCGA-CZ-4857-01,2867.78
TCGA-CZ-4858-01,3078.62
TCGA-CZ-4859-01,3058.97
TCGA-CZ-4860-01,4681.77
TCGA-CZ-4861-01,4199.54
TCGA-CZ-4862-01,2964.16
TCGA-CZ-4863-01,2277.83
TCGA-CZ-4864-01,2678.02
TCGA-CZ-4866-01,2808.23
TCGA-CZ-5451-01,2747.08
TCGA-CZ-5452-01,1710.28
TCGA-CZ-5453-01,2433.81
TCGA-CZ-5454-01,4154.93
TCGA-CZ-5455-01,3351.97
TCGA-CZ-5456-01,2618.54
TCGA-CZ-5457-01,2104.95
TCGA-CZ-5458-01,5242.14
TCGA-CZ-5459-01,1948.18
TCGA-CZ-5460-01,2495.81
TCGA-CZ-5461-01,3534.29
TCGA-CZ-5462-01,1717.25
TCGA-CZ-5463-01,3741.39
TCGA-CZ-5464-01,2992.13
TCGA-CZ-5465-01,4654.82
TCGA-CZ-5466-01,903.778
TCGA-CZ-5467-01,3093.77
TCGA-CZ-5468-01,1420.29
TCGA-CZ-5469-01,1837.98
TCGA-CZ-5470-01,2346.37
TCGA-CZ-5982-01,2930.26
TCGA-CZ-5984-01,2668.43
TCGA-CZ-5985-01,2947.72
TCGA-CZ-5986-01,4389.96
TCGA-CZ-5987-01,1779.68
TCGA-CZ-5988-01,3379.75
TCGA-CZ-5989-01,8305.59
TCGA-DV-5565-01,1737.57
TCGA-DV-5566-01,2098.52
TCGA-DV-5567-01,3777.78
TCGA-DV-5569-01,2534.96
TCGA-DV-5574-01,2347.15
TCGA-DV-5575-01,2846.44
TCGA-DV-5576-01,2806.48
TCGA-DV-A4VX-01,1389.39
TCGA-DV-A4VZ-01,1306.38
TCGA-DV-A4W0-01,2743.03
TCGA-EU-5904-01,3214.16
TCGA-EU-5905-01,2845.21
TCGA-EU-5906-01,3509.27
TCGA-EU-5907-01,2372.31
TCGA-G6-A5PC-01,1104.54
TCGA-G6-A8L6-01,2033.58
TCGA-G6-A8L7-01,895.112
TCGA-G6-A8L8-01,1512.01
TCGA-GK-A6C7-01,2171.1
TCGA-MM-A563-01,1748.24
TCGA-MM-A564-01,1020.74
TCGA-MM-A84U-01,1233.8
TCGA-MW-A4EC-01,1666.02
TCGA-T7-A92I-01,2042.78
TCGA-2K-A9WE-01,1211.25
TCGA-2Z-A9J1-01,959.485
TCGA-2Z-A9J2-01,1180.7
TCGA-2Z-A9J3-01,1151.65
TCGA-2Z-A9J5-01,761.569
TCGA-2Z-A9J6-01,1003.0
TCGA-2Z-A9J7-01,908.731
TCGA-2Z-A9J8-01,1770.62
TCGA-2Z-A9J9-01,2524.31
TCGA-2Z-A9JD-01,1610.48
TCGA-2Z-A9JE-01,1310.54
TCGA-2Z-A9JG-01,1449.17
TCGA-2Z-A9JI-01,1870.61
TCGA-2Z-A9JJ-01,1818.9
TCGA-2Z-A9JK-01,1528.65
TCGA-2Z-A9JL-01,1568.42
TCGA-2Z-A9JM-01,1216.97
TCGA-2Z-A9JN-01,1643.84
TCGA-2Z-A9JO-01,1267.8
TCGA-2Z-A9JP-01,860.152
TCGA-2Z-A9JQ-01,967.525
TCGA-2Z-A9JR-01,1093.23
TCGA-2Z-A9JS-01,1380.75
TCGA-2Z-A9JT-01,729.136
TCGA-4A-A93W-01,1617.16
TCGA-4A-A93X-01,171.841
TCGA-4A-A93Y-01,1272.79
TCGA-5P-A9JU-01,1993.11
TCGA-5P-A9JV-01,1641.06
TCGA-5P-A9JW-01,895.317
TCGA-5P-A9JY-01,1134.69
TCGA-5P-A9JZ-01,1005.94
TCGA-5P-A9K0-01,1016.33
TCGA-5P-A9K2-01,903.19
TCGA-5P-A9K3-01,1600.34
TCGA-5P-A9K4-01,2561.38
TCGA-5P-A9K6-01,1157.14
TCGA-5P-A9K8-01,1914.52
TCGA-5P-A9K9-01,1455.96
TCGA-5P-A9KA-01,2196.83
TCGA-5P-A9KC-01,1470.37
TCGA-5P-A9KE-01,1078.0
TCGA-5P-A9KH-01,3321.26
TCGA-A4-7286-01,1141.54
TCGA-A4-7287-01,601.622
TCGA-A4-7288-01,2240.44
TCGA-A4-7583-01,1694.27
TCGA-A4-7584-01,1629.68
TCGA-A4-7585-01,2234.32
TCGA-A4-7732-01,1526.99
TCGA-A4-7734-01,2389.53
TCGA-A4-7828-01,1845.45
TCGA-A4-7915-01,3051.52
TCGA-A4-7996-01,1801.54
TCGA-A4-7997-01,2208.29
TCGA-A4-8098-01,396.245
TCGA-A4-8310-01,1161.57
TCGA-A4-8311-01,1262.6
TCGA-A4-8312-01,1730.55
TCGA-A4-8515-01,1915.03
TCGA-A4-8516-01,1246.78
TCGA-A4-8517-01,1377.05
TCGA-A4-8518-01,1097.88
TCGA-A4-8630-01,1609.07
TCGA-A4-A48D-01,901.974
TCGA-A4-A4ZT-01,1505.36
TCGA-A4-A57E-01,1272.85
TCGA-A4-A5DU-01,1139.59
TCGA-A4-A5XZ-01,1407.08
TCGA-A4-A5Y0-01,582.141
TCGA-A4-A5Y1-01,3390.44
TCGA-A4-A6HP-01,839.687
TCGA-A4-A772-01,1003.12
TCGA-A4-A7UZ-01,1257.44
TCGA-AL-3466-01,1183.82
TCGA-AL-3467-01,4285.16
TCGA-AL-3471-01,1286.27
TCGA-AL-3472-01,1911.23
TCGA-AL-3473-01,1690.03
TCGA-AL-7173-01,1230.57
TCGA-AT-A5NU-01,1216.68
TCGA-B1-5398-01,691.163
TCGA-B1-7332-01,1786.38
TCGA-B1-A47M-01,741.725
TCGA-B1-A47N-01,1087.51
TCGA-B1-A654-01,959.205
TCGA-B1-A655-01,1685.2
TCGA-B1-A656-01,851.833
TCGA-B1-A657-01,1503.13
TCGA-B3-3925-01,2447.31
TCGA-B3-3926-01,2795.42
TCGA-B3-4103-01,1959.28
TCGA-B3-4104-01,972.466
TCGA-B3-8121-01,1654.1
TCGA-B3-A6W5-01,1227.57
TCGA-B9-4113-01,1719.37
TCGA-B9-4114-01,1660.6
TCGA-B9-4115-01,1726.34
TCGA-B9-4116-01,2967.64
TCGA-B9-4117-01,3018.64
TCGA-B9-4617-01,1164.52
TCGA-B9-5155-01,2015.9
TCGA-B9-5156-01,1744.11
TCGA-B9-7268-01,1567.89
TCGA-B9-A44B-01,1461.21
TCGA-B9-A5W7-01,1618.44
TCGA-B9-A5W8-01,1124.28
TCGA-B9-A5W9-01,1235.38
TCGA-B9-A69E-01,1424.12
TCGA-B9-A8YH-01,1645.75
TCGA-B9-A8YI-01,1385.56
TCGA-BQ-5875-01,309.685
TCGA-BQ-5876-01,2542.46
TCGA-BQ-5877-01,2405.38
TCGA-BQ-5878-01,2380.01
TCGA-BQ-5879-01,3082.8
TCGA-BQ-5880-01,1547.96
TCGA-BQ-5881-01,715.925
TCGA-BQ-5882-01,2590.35
TCGA-BQ-5883-01,2179.35
TCGA-BQ-5884-01,2197.01
TCGA-BQ-5885-01,2003.84
TCGA-BQ-5886-01,1269.46
TCGA-BQ-5887-01,1665.46
TCGA-BQ-5888-01,885.609
TCGA-BQ-5889-01,1396.26
TCGA-BQ-5890-01,1561.11
TCGA-BQ-5891-01,2750.54
TCGA-BQ-5892-01,1900.56
TCGA-BQ-5893-01,1961.52
TCGA-BQ-5894-01,1398.4
TCGA-BQ-7044-01,1688.15
TCGA-BQ-7045-01,1202.56
TCGA-BQ-7046-01,1173.07
TCGA-BQ-7048-01,1889.19
TCGA-BQ-7050-01,1931.58
TCGA-BQ-7051-01,1876.58
TCGA-BQ-7053-01,1513.22
TCGA-BQ-7055-01,2424.81
TCGA-BQ-7058-01,1797.52
TCGA-BQ-7059-01,1468.46
TCGA-BQ-7060-01,1331.49
TCGA-BQ-7061-01,2643.21
TCGA-BQ-7062-01,1554.98
TCGA-DW-5560-01,1105.64
TCGA-DW-5561-01,1304.42
TCGA-DW-7834-01,1660.0
TCGA-DW-7836-01,1496.82
TCGA-DW-7837-01,1541.03
TCGA-DW-7838-01,1218.72
TCGA-DW-7839-01,2542.19
TCGA-DW-7840-01,1178.13
TCGA-DW-7841-01,1397.4
TCGA-DW-7842-01,2485.52
TCGA-DW-7963-01,1030.23
TCGA-DZ-6131-01,3302.84
TCGA-DZ-6132-01,1629.32
TCGA-DZ-6133-01,1851.6
TCGA-DZ-6134-01,1664.94
TCGA-DZ-6135-01,2451.7
TCGA-EV-5901-01,2356.95
TCGA-EV-5902-01,1949.64
TCGA-EV-5903-01,1913.72
TCGA-F9-A4JJ-01,2053.77
TCGA-F9-A7Q0-01,1212.23
TCGA-F9-A7VF-01,779.819
TCGA-F9-A8NY-01,1304.47
TCGA-F9-A97G-01,1671.27
TCGA-G7-6789-01,2541.62
TCGA-G7-6790-01,1443.7
TCGA-G7-6792-01,2498.51
TCGA-G7-6793-01,1840.45
TCGA-G7-6795-01,576.794
TCGA-G7-6796-01,964.39
TCGA-G7-6797-01,2301.73
TCGA-G7-7501-01,3486.92
TCGA-G7-7502-01,2623.04
TCGA-G7-A4TM-01,1395.5
TCGA-G7-A8LB-01,1180.24
TCGA-G7-A8LC-01,1244.13
TCGA-G7-A8LD-01,2077.81
TCGA-G7-A8LE-01,2140.94
TCGA-GL-6846-01,1842.33
TCGA-GL-7773-01,2032.81
TCGA-GL-7966-01,3528.76
TCGA-GL-8500-01,1391.54
TCGA-GL-A4EM-01,248.353
TCGA-GL-A59R-01,1207.77
TCGA-GL-A59T-01,767.368
TCGA-GL-A9DC-01,1701.91
TCGA-GL-A9DD-01,1187.02
TCGA-GL-A9DE-01,1964.0
TCGA-HE-7128-01,2003.41
TCGA-HE-7129-01,1934.41
TCGA-HE-7130-01,523.426
TCGA-HE-A5NF-01,1058.55
TCGA-HE-A5NH-01,1559.62
TCGA-HE-A5NI-01,963.17
TCGA-HE-A5NJ-01,1389.89
TCGA-HE-A5NK-01,1098.27
TCGA-HE-A5NL-01,1183.19
TCGA-IA-A40U-01,1018.4
TCGA-IA-A40X-01,1116.02
TCGA-IA-A40Y-01,1576.23
TCGA-IA-A83S-01,1256.53
TCGA-IA-A83T-01,583.175
TCGA-IA-A83V-01,989.455
TCGA-IA-A83W-01,1594.39
TCGA-IZ-8195-01,1711.91
TCGA-IZ-8196-01,2171.79
TCGA-IZ-A6M8-01,529.56
TCGA-IZ-A6M9-01,941.671
TCGA-J7-6720-01,1581.42
TCGA-J7-8537-01,1921.62
TCGA-J7-A8I2-01,237.301
TCGA-KV-A6GD-01,917.293
TCGA-KV-A6GE-01,976.085
TCGA-KV-A74V-01,1069.43
TCGA-MH-A55W-01,1342.52
TCGA-MH-A55Z-01,979.88
TCGA-MH-A560-01,670.288
TCGA-MH-A561-01,1247.6
TCGA-MH-A562-01,861.798
TCGA-MH-A854-01,1008.74
TCGA-MH-A855-01,1383.3
TCGA-MH-A856-01,1572.41
TCGA-MH-A857-01,1853.4
TCGA-O9-A75Z-01,1765.21
TCGA-P4-A5E6-01,1008.71
TCGA-P4-A5E7-01,1392.58
TCGA-P4-A5E8-01,1422.71
TCGA-P4-A5EA-01,1524.25
TCGA-P4-A5EB-01,1998.11
TCGA-P4-A5ED-01,1163.48
TCGA-P4-AAVK-01,1219.42
TCGA-P4-AAVL-01,1090.24
TCGA-P4-AAVM-01,1168.9
TCGA-P4-AAVO-01,976.701
TCGA-PJ-A5Z8-01,1733.41
TCGA-PJ-A5Z9-01,854.005
TCGA-Q2-A5QZ-01,437.159
TCGA-SX-A71R-01,975.932
TCGA-SX-A71S-01,2210.4
TCGA-SX-A71U-01,1417.85
TCGA-SX-A71V-01,1327.98
TCGA-SX-A7SL-01,1049.78
TCGA-SX-A7SM-01,1513.54
TCGA-SX-A7SN-01,1363.98
TCGA-SX-A7SO-01,2169.45
TCGA-SX-A7SP-01,1726.59
TCGA-SX-A7SQ-01,1470.54
TCGA-SX-A7SR-01,1414.65
TCGA-SX-A7SS-01,1127.55
TCGA-SX-A7SU-01,1204.51
TCGA-UN-AAZ9-01,2059.11
TCGA-UZ-A9PJ-01,1907.56
TCGA-UZ-A9PK-01,1221.55
TCGA-UZ-A9PL-01,822.528
TCGA-UZ-A9PM-01,700.886
TCGA-UZ-A9PN-01,1419.55
TCGA-UZ-A9PO-01,1255.67
TCGA-UZ-A9PP-01,1590.91
TCGA-UZ-A9PQ-01,2651.12
TCGA-UZ-A9PR-01,2067.29
TCGA-UZ-A9PS-01,1757.92
TCGA-UZ-A9PU-01,1756.77
TCGA-UZ-A9PV-01,1222.92
TCGA-UZ-A9PX-01,1564.83
TCGA-UZ-A9PZ-01,1077.18
TCGA-UZ-A9Q0-01,1088.21
TCGA-UZ-A9Q1-01,1783.54
TCGA-V9-A7HT-01,1300.34
TCGA-WN-A9G9-01,1376.45
TCGA-WN-AB4C-01,2429.47
TCGA-Y8-A894-01,2132.8
TCGA-Y8-A895-01,1392.2
TCGA-Y8-A896-01,1845.59
TCGA-Y8-A897-01,1303.79
TCGA-Y8-A898-01,894.553
TCGA-Y8-A8RY-01,1328.81
TCGA-Y8-A8RZ-01,1467.77
TCGA-Y8-A8S0-01,1850.49
TCGA-Y8-A8S1-01,249.286
TCGA-AB-2802-03,
TCGA-AB-2803-03,3406.0343
TCGA-AB-2804-03,
TCGA-AB-2805-03,5700.414
TCGA-AB-2806-03,5886.1175
TCGA-AB-2807-03,4994.4199
TCGA-AB-2808-03,5157.0662
TCGA-AB-2809-03,
TCGA-AB-2810-03,1769.3972
TCGA-AB-2811-03,2494.8001
TCGA-AB-2812-03,5159.1747
TCGA-AB-2813-03,5016.6797
TCGA-AB-2814-03,6039.3084
TCGA-AB-2815-03,4286.8443
TCGA-AB-2816-03,2908.2523
TCGA-AB-2817-03,3597.1642
TCGA-AB-2818-03,4868.3258
TCGA-AB-2819-03,4149.5902
TCGA-AB-2820-03,3671.48
TCGA-AB-2821-03,4357.742
TCGA-AB-2822-03,6298.8368
TCGA-AB-2823-03,4433.3495
TCGA-AB-2824-03,3903.0874
TCGA-AB-2825-03,3529.3383
TCGA-AB-2826-03,3566.6516
TCGA-AB-2827-03,
TCGA-AB-2828-03,4496.4534
TCGA-AB-2829-03,
TCGA-AB-2830-03,4116.1601
TCGA-AB-2831-03,
TCGA-AB-2832-03,2015.9803
TCGA-AB-2833-03,3595.3107
TCGA-AB-2834-03,4328.601
TCGA-AB-2835-03,2906.2941
TCGA-AB-2836-03,3477.3685
TCGA-AB-2837-03,3895.0898
TCGA-AB-2838-03,4978.5232
TCGA-AB-2839-03,5467.212
TCGA-AB-2840-03,2519.8338
TCGA-AB-2841-03,2649.1731
TCGA-AB-2842-03,6399.3211
TCGA-AB-2843-03,3609.0486
TCGA-AB-2844-03,3915.1425
TCGA-AB-2845-03,3624.2579
TCGA-AB-2846-03,4160.9385
TCGA-AB-2847-03,3376.3485
TCGA-AB-2848-03,3295.3681
TCGA-AB-2849-03,6792.5221
TCGA-AB-2850-03,
TCGA-AB-2851-03,3293.358
TCGA-AB-2853-03,5811.9273
TCGA-AB-2854-03,3082.064
TCGA-AB-2855-03,3785.9006
TCGA-AB-2856-03,1559.3295
TCGA-AB-2857-03,4992.6365
TCGA-AB-2858-03,4131.8368
TCGA-AB-2859-03,4364.5509
TCGA-AB-2860-03,4077.7911
TCGA-AB-2861-03,2494.8183
TCGA-AB-2862-03,2496.9715
TCGA-AB-2863-03,5837.276
TCGA-AB-2864-03,
TCGA-AB-2865-03,3944.18
TCGA-AB-2866-03,2624.6186
TCGA-AB-2867-03,5708.3956
TCGA-AB-2868-03,3819.9885
TCGA-AB-2869-03,3578.6189
TCGA-AB-2870-03,3234.3247
TCGA-AB-2871-03,1735.808
TCGA-AB-2872-03,2607.8402
TCGA-AB-2873-03,3454.8437
TCGA-AB-2874-03,5456.7939
TCGA-AB-2875-03,4362.8101
TCGA-AB-2876-03,
TCGA-AB-2877-03,2741.3779
TCGA-AB-2878-03,
TCGA-AB-2879-03,3275.3764
TCGA-AB-2880-03,3661.0968
TCGA-AB-2881-03,4289.8367
TCGA-AB-2882-03,4465.0658
TCGA-AB-2883-03,
TCGA-AB-2884-03,3049.2132
TCGA-AB-2885-03,5788.3396
TCGA-AB-2886-03,4255.077
TCGA-AB-2887-03,4350.4796
TCGA-AB-2888-03,3812.4339
TCGA-AB-2889-03,3994.8425
TCGA-AB-2890-03,4062.0305
TCGA-AB-2891-03,4284.5137
TCGA-AB-2892-03,
TCGA-AB-2893-03,
TCGA-AB-2894-03,
TCGA-AB-2895-03,3674.3687
TCGA-AB-2896-03,3468.3697
TCGA-AB-2897-03,3081.8637
TCGA-AB-2898-03,3885.2582
TCGA-AB-2899-03,3649.1144
TCGA-AB-2900-03,2872.4559
TCGA-AB-2901-03,3983.5526
TCGA-AB-2903-03,3781.4782
TCGA-AB-2904-03,4067.0119
TCGA-AB-2905-03,
TCGA-AB-2906-03,
TCGA-AB-2907-03,
TCGA-AB-2908-03,3182.2852
TCGA-AB-2909-03,3969.966
TCGA-AB-2910-03,1594.8569
TCGA-AB-2911-03,2463.139
TCGA-AB-2912-03,6251.622
TCGA-AB-2913-03,5157.4011
TCGA-AB-2914-03,5457.1285
TCGA-AB-2915-03,3424.6626
TCGA-AB-2916-03,4822.0058
TCGA-AB-2917-03,6220.1432
TCGA-AB-2918-03,2800.0918
TCGA-AB-2919-03,3265.844
TCGA-AB-2920-03,63.6761
TCGA-AB-2921-03,3042.0217
TCGA-AB-2922-03,
TCGA-AB-2923-03,
TCGA-AB-2924-03,4081.0303
TCGA-AB-2925-03,2203.2302
TCGA-AB-2926-03,
TCGA-AB-2927-03,2947.5588
TCGA-AB-2928-03,4640.3988
TCGA-AB-2929-03,4545.8818
TCGA-AB-2930-03,3323.4341
TCGA-AB-2931-03,3169.7925
TCGA-AB-2932-03,2938.6434
TCGA-AB-2933-03,3962.5145
TCGA-AB-2934-03,2712.0658
TCGA-AB-2935-03,2964.7877
TCGA-AB-2936-03,5509.3526
TCGA-AB-2937-03,1463.7704
TCGA-AB-2938-03,5235.7257
TCGA-AB-2939-03,4572.4695
TCGA-AB-2940-03,4209.0402
TCGA-AB-2941-03,5150.4963
TCGA-AB-2942-03,3583.5984
TCGA-AB-2943-03,4386.7175
TCGA-AB-2944-03,4738.8526
TCGA-AB-2945-03,
TCGA-AB-2946-03,4309.3146
TCGA-AB-2947-03,
TCGA-AB-2948-03,4278.3291
TCGA-AB-2949-03,4251.4131
TCGA-AB-2950-03,4559.7196
TCGA-AB-2952-03,2128.5262
TCGA-AB-2954-03,3260.8684
TCGA-AB-2955-03,4882.2072
TCGA-AB-2956-03,2896.4847
TCGA-AB-2957-03,
TCGA-AB-2959-03,6594.3437
TCGA-AB-2963-03,5488.9791
TCGA-AB-2964-03,975.1182
TCGA-AB-2965-03,4256.6097
TCGA-AB-2966-03,4960.7609
TCGA-AB-2967-03,3792.3752
TCGA-AB-2968-03,
TCGA-AB-2969-03,1804.5451
TCGA-AB-2970-03,4550.0776
TCGA-AB-2971-03,3482.1586
TCGA-AB-2972-03,1654.1353
TCGA-AB-2973-03,3503.2272
TCGA-AB-2974-03,
TCGA-AB-2975-03,725.0935
TCGA-AB-2976-03,3058.4162
TCGA-AB-2977-03,1919.8627
TCGA-AB-2978-03,1203.9652
TCGA-AB-2979-03,2609.1898
TCGA-AB-2980-03,4510.0301
TCGA-AB-2981-03,3323.0248
TCGA-AB-2982-03,3373.5298
TCGA-AB-2983-03,4419.4529
TCGA-AB-2984-03,2910.1194
TCGA-AB-2985-03,2841.893
TCGA-AB-2986-03,2756.0418
TCGA-AB-2987-03,3189.8006
TCGA-AB-2988-03,3814.1955
TCGA-AB-2989-03,
TCGA-AB-2990-03,2855.066
TCGA-AB-2991-03,4134.259
TCGA-AB-2992-03,4081.4204
TCGA-AB-2993-03,4010.951
TCGA-AB-2994-03,3102.9976
TCGA-AB-2995-03,4205.9473
TCGA-AB-2996-03,4571.9439
TCGA-AB-2997-03,
TCGA-AB-2998-03,3663.595
TCGA-AB-2999-03,4073.1456
TCGA-AB-3000-03,4154.9423
TCGA-AB-3001-03,5599.599
TCGA-AB-3002-03,4397.0162
TCGA-AB-3005-03,2381.9488
TCGA-AB-3006-03,4236.1224
TCGA-AB-3007-03,3526.8118
TCGA-AB-3008-03,4371.4775
TCGA-AB-3009-03,4761.7958
TCGA-AB-3011-03,3206.059
TCGA-AB-3012-03,4977.9528
TCGA-CS-4938-01,3863.23
TCGA-CS-4941-01,2698.41
TCGA-CS-4942-01,3382.01
TCGA-CS-4943-01,5108.61
TCGA-CS-4944-01,2930.27
TCGA-CS-5390-01,4091.65
TCGA-CS-5393-01,3947.55
TCGA-CS-5394-01,4177.99
TCGA-CS-5395-01,4779.64
TCGA-CS-5396-01,3642.61
TCGA-CS-5397-01,2809.81
TCGA-CS-6186-01,3279.26
TCGA-CS-6188-01,3376.13
TCGA-CS-6290-01,3024.4
TCGA-CS-6665-01,2908.32
TCGA-CS-6666-01,3336.16
TCGA-CS-6667-01,3554.53
TCGA-CS-6668-01,4727.4
TCGA-CS-6669-01,1131.09
TCGA-CS-6670-01,2923.34
TCGA-DB-5270-01,2099.56
TCGA-DB-5273-01,3165.77
TCGA-DB-5274-01,2162.64
TCGA-DB-5275-01,2869.28
TCGA-DB-5276-01,2903.37
TCGA-DB-5277-01,2368.2
TCGA-DB-5278-01,2588.98
TCGA-DB-5279-01,4771.03
TCGA-DB-5280-01,4173.35
TCGA-DB-5281-01,2742.73
TCGA-DB-A4X9-01,3049.03
TCGA-DB-A4XA-01,2418.0
TCGA-DB-A4XB-01,3405.7
TCGA-DB-A4XC-01,3242.5
TCGA-DB-A4XD-01,3932.12
TCGA-DB-A4XE-01,2668.74
TCGA-DB-A4XF-01,3520.76
TCGA-DB-A4XG-01,3961.41
TCGA-DB-A4XH-01,3413.27
TCGA-DB-A64L-01,2678.59
TCGA-DB-A64O-01,2377.56
TCGA-DB-A64P-01,3020.64
TCGA-DB-A64Q-01,3258.58
TCGA-DB-A64R-01,3331.88
TCGA-DB-A64S-01,2926.75
TCGA-DB-A64U-01,3204.83
TCGA-DB-A64V-01,2282.08
TCGA-DB-A64W-01,3194.05
TCGA-DB-A64X-01,2564.12
TCGA-DB-A75K-01,2094.92
TCGA-DB-A75L-01,2840.61
TCGA-DB-A75M-01,2551.4
TCGA-DB-A75O-01,2243.4
TCGA-DB-A75P-01,1752.2
TCGA-DH-5140-01,3429.68
TCGA-DH-5141-01,2856.61
TCGA-DH-5142-01,2419.42
TCGA-DH-5143-01,3298.44
TCGA-DH-5144-01,4421.74
TCGA-DH-A669-01,4274.87
TCGA-DH-A66B-01,2130.82
TCGA-DH-A66D-01,2676.31
TCGA-DH-A66F-01,3083.77
TCGA-DH-A66G-01,2406.09
TCGA-DH-A7UR-01,2619.67
TCGA-DH-A7US-01,2318.81
TCGA-DH-A7UT-01,2224.15
TCGA-DH-A7UU-01,3803.56
TCGA-DH-A7UV-01,2602.9
TCGA-DU-5847-01,3359.75
TCGA-DU-5849-01,2598.81
TCGA-DU-5851-01,2605.94
TCGA-DU-5852-01,3143.56
TCGA-DU-5853-01,4661.6
TCGA-DU-5854-01,3114.28
TCGA-DU-5855-01,3407.93
TCGA-DU-5870-01,2970.38
TCGA-DU-5871-01,3779.82
TCGA-DU-5872-01,3311.59
TCGA-DU-5874-01,4223.87
TCGA-DU-6392-01,2067.24
TCGA-DU-6393-01,5027.52
TCGA-DU-6394-01,3840.9
TCGA-DU-6395-01,3012.9
TCGA-DU-6396-01,2894.09
TCGA-DU-6397-01,2814.38
TCGA-DU-6399-01,4425.55
TCGA-DU-6400-01,3533.13
TCGA-DU-6401-01,4073.32
TCGA-DU-6402-01,1535.6
TCGA-DU-6403-01,2918.27
TCGA-DU-6404-01,2552.0
TCGA-DU-6405-01,3319.85
TCGA-DU-6406-01,3775.67
TCGA-DU-6407-01,4277.97
TCGA-DU-6408-01,2971.86
TCGA-DU-6410-01,3948.08
TCGA-DU-6542-01,2401.45
TCGA-DU-7006-01,2974.45
TCGA-DU-7007-01,4116.87
TCGA-DU-7008-01,2902.15
TCGA-DU-7009-01,4307.69
TCGA-DU-7010-01,3823.09
TCGA-DU-7011-01,3461.53
TCGA-DU-7012-01,3802.72
TCGA-DU-7013-01,5105.27
TCGA-DU-7014-01,2139.08
TCGA-DU-7015-01,4675.75
TCGA-DU-7018-01,3666.58
TCGA-DU-7019-01,3375.76
TCGA-DU-7290-01,3560.47
TCGA-DU-7292-01,2318.75
TCGA-DU-7294-01,4018.77
TCGA-DU-7298-01,3330.56
TCGA-DU-7299-01,4198.66
TCGA-DU-7300-01,3227.27
TCGA-DU-7301-01,4992.37
TCGA-DU-7302-01,3482.62
TCGA-DU-7304-01,3698.98
TCGA-DU-7306-01,3552.28
TCGA-DU-7309-01,2899.32
TCGA-DU-8158-01,3467.74
TCGA-DU-8161-01,2602.3
TCGA-DU-8162-01,2142.75
TCGA-DU-8163-01,3557.74
TCGA-DU-8164-01,3517.53
TCGA-DU-8165-01,7386.64
TCGA-DU-8166-01,3656.09
TCGA-DU-8167-01,2358.73
TCGA-DU-8168-01,4001.17
TCGA-DU-A5TP-01,2005.75
TCGA-DU-A5TR-01,1639.14
TCGA-DU-A5TS-01,2312.82
TCGA-DU-A5TT-01,2060.3
TCGA-DU-A5TU-01,1856.12
TCGA-DU-A5TW-01,2567.34
TCGA-DU-A5TY-01,3143.58
TCGA-DU-A6S2-01,2266.25
TCGA-DU-A6S3-01,2228.73
TCGA-DU-A6S6-01,1575.39
TCGA-DU-A6S7-01,2714.44
TCGA-DU-A6S8-01,2823.68
TCGA-DU-A76K-01,1638.02
TCGA-DU-A76L-01,2274.58
TCGA-DU-A76O-01,1712.12
TCGA-DU-A76R-01,3226.45
TCGA-DU-A7T6-01,2465.39
TCGA-DU-A7T8-01,2662.87
TCGA-DU-A7TA-01,3410.06
TCGA-DU-A7TB-01,2478.14
TCGA-DU-A7TC-01,1546.88
TCGA-DU-A7TD-01,4004.76
TCGA-DU-A7TG-01,1545.9
TCGA-DU-A7TI-01,2974.09
TCGA-DU-A7TJ-01,3817.8
TCGA-E1-5302-01,2948.01
TCGA-E1-5303-01,3736.55
TCGA-E1-5304-01,4488.08
TCGA-E1-5305-01,4193.83
TCGA-E1-5307-01,3935.22
TCGA-E1-5311-01,4045.08
TCGA-E1-5318-01,4791.04
TCGA-E1-5319-01,3928.92
TCGA-E1-5322-01,4249.58
TCGA-E1-A7YD-01,4044.03
TCGA-E1-A7YE-01,4128.91
TCGA-E1-A7YH-01,2866.15
TCGA-E1-A7YI-01,3313.26
TCGA-E1-A7YJ-01,2950.11
TCGA-E1-A7YK-01,1970.77
TCGA-E1-A7YL-01,2304.68
TCGA-E1-A7YM-01,2436.17
TCGA-E1-A7YN-01,2144.04
TCGA-E1-A7YO-01,3608.79
TCGA-E1-A7YQ-01,2017.78
TCGA-E1-A7YS-01,4871.53
TCGA-E1-A7YU-01,2210.13
TCGA-E1-A7YV-01,3655.6
TCGA-E1-A7YW-01,3364.65
TCGA-E1-A7YY-01,1086.58
TCGA-E1-A7Z2-01,1838.58
TCGA-E1-A7Z3-01,1941.85
TCGA-E1-A7Z4-01,2193.05
TCGA-E1-A7Z6-01,3496.24
TCGA-EZ-7264-01,4551.49
TCGA-F6-A8O3-01,3360.15
TCGA-F6-A8O4-01,3172.52
TCGA-FG-5962-01,3066.35
TCGA-FG-5963-01,2008.11
TCGA-FG-5964-01,2236.28
TCGA-FG-5965-01,3672.28
TCGA-FG-6688-01,2817.27
TCGA-FG-6689-01,2904.51
TCGA-FG-6690-01,3839.72
TCGA-FG-6691-01,4160.34
TCGA-FG-6692-01,2118.02
TCGA-FG-7634-01,3982.81
TCGA-FG-7636-01,2689.24
TCGA-FG-7637-01,4315.66
TCGA-FG-7638-01,2723.33
TCGA-FG-7641-01,3059.27
TCGA-FG-7643-01,2122.19
TCGA-FG-8181-01,1071.09
TCGA-FG-8182-01,3598.05
TCGA-FG-8185-01,2124.74
TCGA-FG-8186-01,2579.28
TCGA-FG-8187-01,3036.06
TCGA-FG-8188-01,3868.88
TCGA-FG-8189-01,1033.74
TCGA-FG-8191-01,3532.9
TCGA-FG-A4MT-01,1993.45
TCGA-FG-A4MU-01,2850.04
TCGA-FG-A4MW-01,2201.75
TCGA-FG-A4MX-01,2140.56
TCGA-FG-A4MY-01,2542.96
TCGA-FG-A60J-01,3233.88
TCGA-FG-A60K-01,3575.31
TCGA-FG-A60L-01,1394.72
TCGA-FG-A6IZ-01,1860.04
TCGA-FG-A6J1-01,1483.87
TCGA-FG-A6J3-01,1369.39
TCGA-FG-A70Y-01,2641.12
TCGA-FG-A70Z-01,2549.31
TCGA-FG-A710-01,2420.09
TCGA-FG-A711-01,2408.77
TCGA-FG-A713-01,1370.42
TCGA-FG-A87N-01,2631.49
TCGA-FG-A87Q-01,2558.55
TCGA-FN-7833-01,3569.36
TCGA-HT-7467-01,3017.53
TCGA-HT-7468-01,4119.97
TCGA-HT-7469-01,5152.58
TCGA-HT-7470-01,2936.97
TCGA-HT-7471-01,3769.41
TCGA-HT-7472-01,4082.34
TCGA-HT-7473-01,4941.48
TCGA-HT-7474-01,2276.13
TCGA-HT-7475-01,2192.44
TCGA-HT-7476-01,2411.3
TCGA-HT-7477-01,2525.92
TCGA-HT-7478-01,3079.32
TCGA-HT-7479-01,3497.16
TCGA-HT-7480-01,3604.62
TCGA-HT-7481-01,3326.1
TCGA-HT-7482-01,4183.28
TCGA-HT-7483-01,3406.37
TCGA-HT-7485-01,4424.03
TCGA-HT-7601-01,3141.41
TCGA-HT-7602-01,3149.6
TCGA-HT-7603-01,1839.39
TCGA-HT-7604-01,4368.19
TCGA-HT-7605-01,2498.14
TCGA-HT-7606-01,3256.17
TCGA-HT-7607-01,2115.15
TCGA-HT-7608-01,3198.61
TCGA-HT-7609-01,3989.49
TCGA-HT-7610-01,3117.44
TCGA-HT-7611-01,4542.62
TCGA-HT-7616-01,4322.97
TCGA-HT-7620-01,3271.87
TCGA-HT-7676-01,3508.2
TCGA-HT-7677-01,3594.7
TCGA-HT-7680-01,4128.24
TCGA-HT-7681-01,2121.58
TCGA-HT-7684-01,2491.78
TCGA-HT-7686-01,3370.38
TCGA-HT-7687-01,4059.59
TCGA-HT-7688-01,1704.49
TCGA-HT-7689-01,3652.77
TCGA-HT-7690-01,3017.46
TCGA-HT-7691-01,2562.85
TCGA-HT-7692-01,3343.61
TCGA-HT-7693-01,3799.65
TCGA-HT-7694-01,2047.69
TCGA-HT-7695-01,2992.04
TCGA-HT-7854-01,3732.02
TCGA-HT-7855-01,3833.81
TCGA-HT-7856-01,1980.47
TCGA-HT-7857-01,2547.76
TCGA-HT-7858-01,3678.43
TCGA-HT-7860-01,4023.78
TCGA-HT-7873-01,3482.26
TCGA-HT-7874-01,2179.29
TCGA-HT-7875-01,3416.75
TCGA-HT-7877-01,3179.45
TCGA-HT-7879-01,2542.77
TCGA-HT-7880-01,1668.78
TCGA-HT-7881-01,1858.45
TCGA-HT-7882-01,1945.86
TCGA-HT-7884-01,2773.82
TCGA-HT-7902-01,2764.75
TCGA-HT-8010-01,2270.94
TCGA-HT-8011-01,1080.55
TCGA-HT-8012-01,3288.12
TCGA-HT-8013-01,3054.83
TCGA-HT-8015-01,1626.08
TCGA-HT-8018-01,1709.76
TCGA-HT-8019-01,1022.02
TCGA-HT-8104-01,3400.94
TCGA-HT-8105-01,3633.47
TCGA-HT-8106-01,2334.85
TCGA-HT-8107-01,1461.9
TCGA-HT-8108-01,3377.82
TCGA-HT-8109-01,3164.92
TCGA-HT-8110-01,2826.22
TCGA-HT-8111-01,3188.47
TCGA-HT-8113-01,1383.36
TCGA-HT-8114-01,3597.87
TCGA-HT-8558-01,1364.98
TCGA-HT-8563-01,2474.09
TCGA-HT-8564-01,4464.18
TCGA-HT-A4DS-01,1022.74
TCGA-HT-A4DV-01,1772.8
TCGA-HT-A5R5-01,2425.35
TCGA-HT-A5R7-01,1796.77
TCGA-HT-A5R9-01,3841.3
TCGA-HT-A5RA-01,3259.73
TCGA-HT-A5RB-01,3319.27
TCGA-HT-A5RC-01,3132.94
TCGA-HT-A614-01,2655.76
TCGA-HT-A615-01,3479.0
TCGA-HT-A616-01,2662.18
TCGA-HT-A617-01,2074.61
TCGA-HT-A618-01,2996.89
TCGA-HT-A61A-01,1426.34
TCGA-HT-A61B-01,2832.59
TCGA-HT-A61C-01,1411.66
TCGA-HT-A74H-01,2010.79
TCGA-HT-A74J-01,2217.22
TCGA-HT-A74K-01,1083.23
TCGA-HT-A74L-01,4132.13
TCGA-HT-A74O-01,1375.7
TCGA-HW-7486-01,3391.61
TCGA-HW-7487-01,2770.38
TCGA-HW-7489-01,1978.43
TCGA-HW-7490-01,4124.43
TCGA-HW-7491-01,4384.23
TCGA-HW-7493-01,3192.75
TCGA-HW-7495-01,2606.29
TCGA-HW-8319-01,3580.56
TCGA-HW-8320-01,3668.27
TCGA-HW-8321-01,3304.8
TCGA-HW-8322-01,3547.31
TCGA-HW-A5KJ-01,2591.75
TCGA-HW-A5KK-01,2475.33
TCGA-HW-A5KL-01,3551.61
TCGA-HW-A5KM-01,4003.89
TCGA-IK-7675-01,4624.49
TCGA-IK-8125-01,3165.68
TCGA-KT-A74X-01,2553.59
TCGA-KT-A7W1-01,3528.46
TCGA-P5-A5ET-01,2305.53
TCGA-P5-A5EU-01,3013.56
TCGA-P5-A5EV-01,2731.48
TCGA-P5-A5EW-01,4470.32
TCGA-P5-A5EX-01,2225.08
TCGA-P5-A5EY-01,2722.96
TCGA-P5-A5EZ-01,3160.79
TCGA-P5-A5F0-01,2281.45
TCGA-P5-A5F1-01,2453.45
TCGA-P5-A5F2-01,2656.38
TCGA-P5-A5F4-01,2043.7
TCGA-P5-A5F6-01,3510.27
TCGA-P5-A72U-01,1925.91
TCGA-P5-A72W-01,1096.2
TCGA-P5-A72X-01,2395.48
TCGA-P5-A72Z-01,3047.77
TCGA-P5-A730-01,3826.05
TCGA-P5-A731-01,2083.15
TCGA-P5-A733-01,1899.45
TCGA-P5-A735-01,2481.18
TCGA-P5-A736-01,2389.26
TCGA-P5-A737-01,3402.22
TCGA-P5-A77W-01,3190.42
TCGA-P5-A77X-01,2962.97
TCGA-P5-A780-01,3054.25
TCGA-P5-A781-01,2970.02
TCGA-QH-A65R-01,2898.42
TCGA-QH-A65S-01,3189.72
TCGA-QH-A65V-01,2621.02
TCGA-QH-A65X-01,1194.09
TCGA-QH-A65Z-01,2954.53
TCGA-QH-A6CS-01,1951.05
TCGA-QH-A6CU-01,2232.05
TCGA-QH-A6CV-01,2149.69
TCGA-QH-A6CW-01,2895.3
TCGA-QH-A6CX-01,2154.97
TCGA-QH-A6CY-01,2591.99
TCGA-QH-A6CZ-01,3316.86
TCGA-QH-A6X3-01,4084.08
TCGA-QH-A6X4-01,2558.11
TCGA-QH-A6X5-01,2367.89
TCGA-QH-A6X8-01,2951.46
TCGA-QH-A6X9-01,3889.51
TCGA-QH-A6XA-01,3154.63
TCGA-QH-A6XC-01,1479.73
TCGA-QH-A86X-01,2814.44
TCGA-QH-A870-01,3195.59
TCGA-R8-A6MK-01,3223.06
TCGA-R8-A6ML-01,3146.68
TCGA-R8-A6MO-01,2950.87
TCGA-R8-A6YH-01,2307.76
TCGA-RY-A83X-01,2792.51
TCGA-RY-A83Y-01,1921.4
TCGA-RY-A83Z-01,1964.12
TCGA-RY-A840-01,2320.25
TCGA-RY-A843-01,3126.34
TCGA-RY-A845-01,2933.02
TCGA-RY-A847-01,2839.38
TCGA-S9-A6TS-01,2473.1
TCGA-S9-A6TU-01,2357.65
TCGA-S9-A6TV-01,2147.56
TCGA-S9-A6TW-01,2188.48
TCGA-S9-A6TX-01,2437.53
TCGA-S9-A6TY-01,3438.67
TCGA-S9-A6TZ-01,4068.77
TCGA-S9-A6U0-01,2044.8
TCGA-S9-A6U1-01,3642.09
TCGA-S9-A6U2-01,3592.05
TCGA-S9-A6U5-01,2675.11
TCGA-S9-A6U6-01,2740.35
TCGA-S9-A6U8-01,3372.72
TCGA-S9-A6U9-01,3104.1
TCGA-S9-A6UA-01,2053.9
TCGA-S9-A6UB-01,3967.55
TCGA-S9-A6WD-01,3505.13
TCGA-S9-A6WE-01,3099.15
TCGA-S9-A6WG-01,2345.78
TCGA-S9-A6WH-01,3277.06
TCGA-S9-A6WI-01,1231.3
TCGA-S9-A6WL-01,2751.58
TCGA-S9-A6WM-01,2616.81
TCGA-S9-A6WN-01,2648.38
TCGA-S9-A6WO-01,3679.57
TCGA-S9-A6WP-01,2754.08
TCGA-S9-A6WQ-01,2403.94
TCGA-S9-A7IQ-01,1212.39
TCGA-S9-A7IS-01,3599.97
TCGA-S9-A7IX-01,2305.75
TCGA-S9-A7IY-01,2958.84
TCGA-S9-A7IZ-01,2540.04
TCGA-S9-A7J0-01,3291.05
TCGA-S9-A7J1-01,3328.48
TCGA-S9-A7J2-01,3075.34
TCGA-S9-A7J3-01,3234.23
TCGA-S9-A7QW-01,1998.92
TCGA-S9-A7QX-01,2985.52
TCGA-S9-A7QY-01,2511.74
TCGA-S9-A7QZ-01,3138.8
TCGA-S9-A7R1-01,2942.4
TCGA-S9-A7R2-01,2476.24
TCGA-S9-A7R3-01,3367.13
TCGA-S9-A7R4-01,3865.91
TCGA-S9-A7R7-01,3179.49
TCGA-S9-A7R8-01,3631.09
TCGA-S9-A89V-01,2348.62
TCGA-S9-A89Z-01,2895.69
TCGA-TM-A7C3-01,3113.12
TCGA-TM-A7C4-01,2471.53
TCGA-TM-A7C5-01,3076.12
TCGA-TM-A7CA-01,3231.68
TCGA-TM-A7CF-01,2593.9
TCGA-TM-A84B-01,2940.25
TCGA-TM-A84C-01,2552.37
TCGA-TM-A84F-01,2168.33
TCGA-TM-A84G-01,3731.34
TCGA-TM-A84H-01,2969.53
TCGA-TM-A84I-01,4416.28
TCGA-TM-A84J-01,2453.9
TCGA-TM-A84L-01,2905.02
TCGA-TM-A84M-01,3776.58
TCGA-TM-A84O-01,3004.1
TCGA-TM-A84Q-01,2677.79
TCGA-TM-A84R-01,1747.14
TCGA-TM-A84S-01,3339.0
TCGA-TM-A84T-01,3280.02
TCGA-TQ-A7RF-01,3030.23
TCGA-TQ-A7RG-01,3173.04
TCGA-TQ-A7RH-01,2825.01
TCGA-TQ-A7RI-01,2626.2
TCGA-TQ-A7RJ-01,3247.03
TCGA-TQ-A7RK-01,2782.21
TCGA-TQ-A7RM-01,5052.94
TCGA-TQ-A7RN-01,3352.99
TCGA-TQ-A7RO-01,3023.53
TCGA-TQ-A7RP-01,2233.82
TCGA-TQ-A7RQ-01,3649.46
TCGA-TQ-A7RR-01,2749.22
TCGA-TQ-A7RS-01,2931.56
TCGA-TQ-A7RU-01,2802.95
TCGA-TQ-A7RV-01,2779.19
TCGA-TQ-A7RW-01,3887.72
TCGA-TQ-A8XE-01,2654.1
TCGA-VM-A8C8-01,1418.67
TCGA-VM-A8C9-01,1272.84
TCGA-VM-A8CA-01,1842.57
TCGA-VM-A8CB-01,2134.38
TCGA-VM-A8CD-01,1879.79
TCGA-VM-A8CE-01,2674.94
TCGA-VM-A8CF-01,1286.25
TCGA-VM-A8CH-01,3245.55
TCGA-VV-A829-01,4519.38
TCGA-VV-A86M-01,3771.76
TCGA-VW-A7QS-01,2468.83
TCGA-VW-A8FI-01,2995.23
TCGA-W9-A837-01,2879.03
TCGA-WH-A86K-01,2645.43
TCGA-WY-A858-01,2135.62
TCGA-WY-A859-01,1521.56
TCGA-WY-A85A-01,3290.05
TCGA-WY-A85B-01,3135.54
TCGA-WY-A85C-01,3094.4
TCGA-WY-A85D-01,2608.48
TCGA-WY-A85E-01,2857.84
TCGA-2V-A95S-01,2265.52
TCGA-2Y-A9GS-01,2039.43
TCGA-2Y-A9GT-01,2176.19
TCGA-2Y-A9GU-01,1088.55
TCGA-2Y-A9GV-01,1228.43
TCGA-2Y-A9GW-01,1809.2
TCGA-2Y-A9GX-01,1594.55
TCGA-2Y-A9GY-01,1296.73
TCGA-2Y-A9GZ-01,1845.05
TCGA-2Y-A9H0-01,2421.65
TCGA-2Y-A9H1-01,612.894
TCGA-2Y-A9H2-01,1738.52
TCGA-2Y-A9H3-01,620.347
TCGA-2Y-A9H4-01,2025.44
TCGA-2Y-A9H5-01,1384.52
TCGA-2Y-A9H6-01,1129.57
TCGA-2Y-A9H7-01,1174.39
TCGA-2Y-A9H8-01,1201.95
TCGA-2Y-A9H9-01,1176.71
TCGA-2Y-A9HA-01,1474.61
TCGA-2Y-A9HB-01,1832.51
TCGA-3K-AAZ8-01,880.62
TCGA-4R-AA8I-01,1811.13
TCGA-5C-A9VG-01,1136.56
TCGA-5C-A9VH-01,1068.32
TCGA-5C-AAPD-01,1379.2
TCGA-5R-AA1C-01,2562.48
TCGA-5R-AA1D-01,1777.47
TCGA-5R-AAAM-01,1275.49
TCGA-BC-4072-01,1721.48
TCGA-BC-4073-01,2406.22
TCGA-BC-A10Q-01,1457.21
TCGA-BC-A10R-01,1954.38
TCGA-BC-A10S-01,1122.37
TCGA-BC-A10T-01,1595.76
TCGA-BC-A10U-01,3910.32
TCGA-BC-A10W-01,1769.95
TCGA-BC-A10X-01,1794.56
TCGA-BC-A10Y-01,2039.68
TCGA-BC-A10Z-01,2322.01
TCGA-BC-A110-01,1004.0
TCGA-BC-A112-01,1935.22
TCGA-BC-A216-01,2393.28
TCGA-BC-A217-01,1947.32
TCGA-BC-A3KF-01,1435.06
TCGA-BC-A3KG-01,3074.83
TCGA-BC-A5W4-01,866.345
TCGA-BC-A69H-01,424.088
TCGA-BC-A69I-01,1401.33
TCGA-BC-A8YO-01,2983.79
TCGA-BD-A2L6-01,1222.96
TCGA-BD-A3EP-01,1857.27
TCGA-BW-A5NO-01,2192.41
TCGA-BW-A5NP-01,1789.17
TCGA-BW-A5NQ-01,1450.19
TCGA-CC-5258-01,7948.6
TCGA-CC-5259-01,974.235
TCGA-CC-5260-01,2075.54
TCGA-CC-5261-01,2918.44
TCGA-CC-5262-01,933.192
TCGA-CC-5263-01,2683.3
TCGA-CC-5264-01,5148.3
TCGA-CC-A123-01,543.265
TCGA-CC-A1HT-01,1907.82
TCGA-CC-A3M9-01,1705.71
TCGA-CC-A3MA-01,1892.35
TCGA-CC-A3MB-01,2050.43
TCGA-CC-A3MC-01,925.947
TCGA-CC-A5UC-01,714.346
TCGA-CC-A5UD-01,863.963
TCGA-CC-A5UE-01,2884.51
TCGA-CC-A7IE-01,1849.28
TCGA-CC-A7IF-01,1416.93
TCGA-CC-A7IG-01,1120.13
TCGA-CC-A7IH-01,3117.53
TCGA-CC-A7II-01,899.762
TCGA-CC-A7IJ-01,1585.89
TCGA-CC-A7IK-01,1754.98
TCGA-CC-A7IL-01,842.366
TCGA-CC-A8HT-01,889.364
TCGA-CC-A8HU-01,1937.5
TCGA-CC-A8HV-01,1270.86
TCGA-CC-A9FS-01,2741.1
TCGA-CC-A9FU-01,1092.08
TCGA-CC-A9FV-01,1314.77
TCGA-CC-A9FW-01,1478.96
TCGA-DD-A113-01,1764.29
TCGA-DD-A114-01,3739.44
TCGA-DD-A115-01,1472.57
TCGA-DD-A116-01,1073.02
TCGA-DD-A118-01,1595.59
TCGA-DD-A119-01,1014.91
TCGA-DD-A11A-01,2403.9
TCGA-DD-A11B-01,1898.5
TCGA-DD-A11C-01,1959.51
TCGA-DD-A11D-01,1189.67
TCGA-DD-A1E9-01,
TCGA-DD-A1EA-01,3205.92
TCGA-DD-A1EB-01,1997.82
TCGA-DD-A1EC-01,1370.34
TCGA-DD-A1ED-01,1723.61
TCGA-DD-A1EE-01,2368.34
TCGA-DD-A1EF-01,1367.72
TCGA-DD-A1EG-01,1021.47
TCGA-DD-A1EH-01,2157.58
TCGA-DD-A1EI-01,1508.74
TCGA-DD-A1EJ-01,1474.59
TCGA-DD-A1EK-01,1348.95
TCGA-DD-A1EL-01,1868.94
TCGA-DD-A39V-01,1234.75
TCGA-DD-A39W-01,1918.0
TCGA-DD-A39X-01,734.561
TCGA-DD-A39Y-01,691.485
TCGA-DD-A39Z-01,807.658
TCGA-DD-A3A0-01,
TCGA-DD-A3A1-01,492.341
TCGA-DD-A3A2-01,1197.28
TCGA-DD-A3A3-01,716.245
TCGA-DD-A3A4-01,2000.39
TCGA-DD-A3A5-01,950.216
TCGA-DD-A3A6-01,823.944
TCGA-DD-A3A7-01,686.211
TCGA-DD-A3A8-01,1073.62
TCGA-DD-A3A9-01,658.637
TCGA-DD-A4NA-01,2053.14
TCGA-DD-A4NB-01,1547.65
TCGA-DD-A4ND-01,1576.9
TCGA-DD-A4NE-01,2500.58
TCGA-DD-A4NF-01,3603.15
TCGA-DD-A4NG-01,1990.31
TCGA-DD-A4NH-01,1099.49
TCGA-DD-A4NI-01,1511.36
TCGA-DD-A4NJ-01,2001.73
TCGA-DD-A4NK-01,1130.58
TCGA-DD-A4NL-01,1190.82
TCGA-DD-A4NN-01,940.255
TCGA-DD-A4NO-01,1753.65
TCGA-DD-A4NP-01,1201.17
TCGA-DD-A4NQ-01,858.459
TCGA-DD-A4NR-01,889.009
TCGA-DD-A4NS-01,1647.91
TCGA-DD-A4NV-01,1995.65
TCGA-DD-A73A-01,1227.85
TCGA-DD-A73B-01,1959.38
TCGA-DD-A73C-01,2201.2
TCGA-DD-A73D-01,1339.17
TCGA-DD-A73E-01,1555.99
TCGA-DD-A73F-01,1298.81
TCGA-DD-A73G-01,381.032
TCGA-DD-AA3A-01,1710.77
TCGA-DD-AAC8-01,2055.34
TCGA-DD-AAC9-01,686.274
TCGA-DD-AACA-01,2081.67
TCGA-DD-AACB-01,1354.1
TCGA-DD-AACC-01,946.779
TCGA-DD-AACD-01,1239.18
TCGA-DD-AACE-01,1048.32
TCGA-DD-AACF-01,2034.77
TCGA-DD-AACG-01,1019.51
TCGA-DD-AACH-01,1616.29
TCGA-DD-AACI-01,1767.07
TCGA-DD-AACJ-01,675.209
TCGA-DD-AACK-01,1361.24
TCGA-DD-AACL-01,796.685
TCGA-DD-AACM-01,
TCGA-DD-AACN-01,1578.04
TCGA-DD-AACO-01,859.728
TCGA-DD-AACP-01,1340.88
TCGA-DD-AACQ-01,984.679
TCGA-DD-AACS-01,2755.18
TCGA-DD-AACT-01,799.9
TCGA-DD-AACU-01,1632.85
TCGA-DD-AACV-01,2056.76
TCGA-DD-AACW-01,1171.12
TCGA-DD-AACX-01,1612.63
TCGA-DD-AACY-01,1059.79
TCGA-DD-AACZ-01,1944.26
TCGA-DD-AAD0-01,1004.21
TCGA-DD-AAD1-01,1682.51
TCGA-DD-AAD2-01,990.741
TCGA-DD-AAD3-01,1505.92
TCGA-DD-AAD5-01,543.046
TCGA-DD-AAD6-01,1315.66
TCGA-DD-AAD8-01,1885.35
TCGA-DD-AADA-01,1625.33
TCGA-DD-AADB-01,1234.34
TCGA-DD-AADC-01,1661.72
TCGA-DD-AADD-01,1582.03
TCGA-DD-AADE-01,
TCGA-DD-AADF-01,1060.7
TCGA-DD-AADG-01,1270.55
TCGA-DD-AADI-01,1253.27
TCGA-DD-AADJ-01,732.947
TCGA-DD-AADK-01,753.983
TCGA-DD-AADL-01,1390.11
TCGA-DD-AADM-01,627.803
TCGA-DD-AADN-01,462.963
TCGA-DD-AADO-01,621.908
TCGA-DD-AADP-01,2158.11
TCGA-DD-AADQ-01,1028.06
TCGA-DD-AADR-01,1214.83
TCGA-DD-AADS-01,545.692
TCGA-DD-AADU-01,788.147
TCGA-DD-AADV-01,2340.12
TCGA-DD-AADW-01,2062.23
TCGA-DD-AADY-01,3426.68
TCGA-DD-AAE0-01,665.8
TCGA-DD-AAE1-01,1085.35
TCGA-DD-AAE2-01,1541.01
TCGA-DD-AAE3-01,863.892
TCGA-DD-AAE4-01,1035.81
TCGA-DD-AAE6-01,835.627
TCGA-DD-AAE7-01,899.755
TCGA-DD-AAE8-01,
TCGA-DD-AAE9-01,1600.68
TCGA-DD-AAEA-01,721.079
TCGA-DD-AAEB-01,1126.21
TCGA-DD-AAED-01,2156.1
TCGA-DD-AAEE-01,1530.85
TCGA-DD-AAEG-01,1051.98
TCGA-DD-AAEH-01,2042.74
TCGA-DD-AAEI-01,1063.21
TCGA-DD-AAEK-01,1230.73
TCGA-DD-AAVP-01,1902.84
TCGA-DD-AAVQ-01,1232.72
TCGA-DD-AAVR-01,1310.86
TCGA-DD-AAVS-01,1654.28
TCGA-DD-AAVU-01,921.999
TCGA-DD-AAVV-01,1868.95
TCGA-DD-AAVW-01,2024.99
TCGA-DD-AAVX-01,1169.72
TCGA-DD-AAVY-01,2536.53
TCGA-DD-AAVZ-01,1820.23
TCGA-DD-AAW0-01,1437.13
TCGA-DD-AAW1-01,4248.8
TCGA-DD-AAW2-01,2670.35
TCGA-DD-AAW3-01,1092.28
TCGA-ED-A459-01,2792.76
TCGA-ED-A4XI-01,1480.92
TCGA-ED-A5KG-01,2699.95
TCGA-ED-A627-01,1541.21
TCGA-ED-A66X-01,1422.58
TCGA-ED-A66Y-01,1921.35
TCGA-ED-A7PX-01,1610.82
TCGA-ED-A7PY-01,1427.38
TCGA-ED-A7PZ-01,936.838
TCGA-ED-A7XO-01,1128.7
TCGA-ED-A7XP-01,2665.71
TCGA-ED-A82E-01,1854.74
TCGA-ED-A8O5-01,2112.97
TCGA-ED-A8O6-01,1305.86
TCGA-ED-A97K-01,1210.08
TCGA-EP-A12J-01,2822.86
TCGA-EP-A26S-01,1744.36
TCGA-EP-A2KA-01,832.74
TCGA-EP-A2KB-01,1066.89
TCGA-EP-A2KC-01,1584.05
TCGA-EP-A3JL-01,1095.78
TCGA-EP-A3RK-01,1403.19
TCGA-ES-A2HS-01,938.951
TCGA-ES-A2HT-01,692.863
TCGA-FV-A23B-01,1616.26
TCGA-FV-A2QQ-01,939.887
TCGA-FV-A2QR-01,1763.48
TCGA-FV-A3I0-01,2377.57
TCGA-FV-A3I1-01,1298.03
TCGA-FV-A3R2-01,1368.67
TCGA-FV-A3R3-01,1675.94
TCGA-FV-A495-01,662.992
TCGA-FV-A496-01,1424.07
TCGA-FV-A4ZP-01,154.125
TCGA-FV-A4ZQ-01,1558.22
TCGA-G3-A25S-01,983.664
TCGA-G3-A25T-01,1320.9
TCGA-G3-A25U-01,2138.4
TCGA-G3-A25V-01,987.179
TCGA-G3-A25W-01,
TCGA-G3-A25X-01,846.674
TCGA-G3-A25Y-01,1467.22
TCGA-G3-A25Z-01,860.566
TCGA-G3-A3CH-01,1842.04
TCGA-G3-A3CI-01,1352.19
TCGA-G3-A3CJ-01,749.618
TCGA-G3-A3CK-01,1493.89
TCGA-G3-A5SI-01,2901.34
TCGA-G3-A5SJ-01,1359.35
TCGA-G3-A5SK-01,2303.16
TCGA-G3-A5SL-01,1389.67
TCGA-G3-A5SM-01,1568.32
TCGA-G3-A6UC-01,2818.54
TCGA-G3-A7M5-01,852.702
TCGA-G3-A7M6-01,1788.81
TCGA-G3-A7M7-01,643.851
TCGA-G3-A7M8-01,875.0
TCGA-G3-A7M9-01,1716.64
TCGA-G3-AAUZ-01,818.035
TCGA-G3-AAV0-01,1113.62
TCGA-G3-AAV1-01,2234.82
TCGA-G3-AAV2-01,1801.39
TCGA-G3-AAV3-01,2380.8
TCGA-G3-AAV4-01,1811.72
TCGA-G3-AAV5-01,834.298
TCGA-G3-AAV6-01,1737.7
TCGA-G3-AAV7-01,2221.65
TCGA-GJ-A3OU-01,1256.26
TCGA-GJ-A6C0-01,2239.59
TCGA-GJ-A9DB-01,1608.33
TCGA-HP-A5MZ-01,1617.4
TCGA-HP-A5N0-01,2116.42
TCGA-K7-A5RF-01,1188.73
TCGA-K7-A5RG-01,2047.5
TCGA-K7-A6G5-01,1547.34
TCGA-K7-AAU7-01,1661.93
TCGA-KR-A7K0-01,1261.69
TCGA-KR-A7K2-01,1219.11
TCGA-KR-A7K7-01,1120.5
TCGA-KR-A7K8-01,693.595
TCGA-LG-A6GG-01,1275.35
TCGA-LG-A9QC-01,1679.65
TCGA-LG-A9QD-01,896.504
TCGA-MI-A75C-01,737.449
TCGA-MI-A75E-01,1375.91
TCGA-MI-A75G-01,1830.93
TCGA-MI-A75H-01,1024.2
TCGA-MI-A75I-01,1157.21
TCGA-MR-A520-01,1414.83
TCGA-MR-A8JO-01,1398.33
TCGA-NI-A4U2-01,1467.35
TCGA-NI-A8LF-01,1801.32
TCGA-O8-A75V-01,698.111
TCGA-PD-A5DF-01,1171.97
TCGA-QA-A7B7-01,1739.15
TCGA-RC-A6M3-01,973.172
TCGA-RC-A6M4-01,1249.22
TCGA-RC-A6M5-01,1203.05
TCGA-RC-A6M6-01,1149.73
TCGA-RC-A7S9-01,1137.97
TCGA-RC-A7SB-01,1126.61
TCGA-RC-A7SF-01,1330.74
TCGA-RC-A7SH-01,780.758
TCGA-RC-A7SK-01,788.449
TCGA-RG-A7D4-01,1910.77
TCGA-UB-A7MA-01,1557.29
TCGA-UB-A7MB-01,2207.4
TCGA-UB-A7MC-01,3143.03
TCGA-UB-A7MD-01,1128.96
TCGA-UB-A7ME-01,1484.19
TCGA-UB-A7MF-01,1023.18
TCGA-UB-AA0U-01,1308.29
TCGA-UB-AA0V-01,1686.82
TCGA-WJ-A86L-01,2272.3
TCGA-WQ-A9G7-01,638.077
TCGA-WQ-AB4B-01,909.3
TCGA-WX-AA44-01,1441.31
TCGA-WX-AA46-01,1703.3
TCGA-WX-AA47-01,971.396
TCGA-XR-A8TD-01,1717.3
TCGA-XR-A8TE-01,1635.28
TCGA-XR-A8TF-01,2043.13
TCGA-XR-A8TG-01,2281.51
TCGA-YA-A8S7-01,1626.41
TCGA-ZP-A9CV-01,1929.2
TCGA-ZP-A9CY-01,1293.84
TCGA-ZP-A9CZ-01,1503.65
TCGA-ZP-A9D0-01,1799.23
TCGA-ZP-A9D1-01,1702.89
TCGA-ZP-A9D2-01,1500.36
TCGA-ZP-A9D4-01,1309.01
TCGA-ZS-A9CD-01,1649.89
TCGA-ZS-A9CE-01,1120.9
TCGA-ZS-A9CF-01,2191.59
TCGA-ZS-A9CG-01,2822.28
TCGA-05-4244-01,2963.61
TCGA-05-4249-01,2421.76
TCGA-05-4250-01,2912.05
TCGA-05-4382-01,1113.96
TCGA-05-4384-01,1976.18
TCGA-05-4389-01,2140.27
TCGA-05-4390-01,1626.06
TCGA-05-4395-01,1340.59
TCGA-05-4396-01,3417.74
TCGA-05-4397-01,4498.95
TCGA-05-4398-01,1284.47
TCGA-05-4402-01,2382.05
TCGA-05-4403-01,1901.58
TCGA-05-4405-01,2222.47
TCGA-05-4410-01,1888.38
TCGA-05-4415-01,2604.0
TCGA-05-4417-01,2321.04
TCGA-05-4418-01,1748.9
TCGA-05-4420-01,2135.42
TCGA-05-4422-01,2068.49
TCGA-05-4424-01,2802.67
TCGA-05-4425-01,1782.32
TCGA-05-4426-01,3753.98
TCGA-05-4427-01,2261.35
TCGA-05-4430-01,1709.73
TCGA-05-4432-01,2402.37
TCGA-05-4433-01,2490.08
TCGA-05-4434-01,3266.56
TCGA-05-5423-01,2796.34
TCGA-05-5425-01,1881.22
TCGA-05-5428-01,2521.91
TCGA-05-5429-01,2004.64
TCGA-05-5715-01,1790.36
TCGA-17-Z000-01,
TCGA-17-Z001-01,
TCGA-17-Z002-01,
TCGA-17-Z003-01,
TCGA-17-Z004-01,
TCGA-17-Z005-01,
TCGA-17-Z007-01,
TCGA-17-Z009-01,
TCGA-17-Z010-01,
TCGA-17-Z011-01,
TCGA-17-Z013-01,
TCGA-17-Z014-01,
TCGA-17-Z015-01,
TCGA-17-Z016-01,
TCGA-17-Z017-01,
TCGA-17-Z018-01,
TCGA-17-Z019-01,
TCGA-17-Z020-01,
TCGA-17-Z021-01,
TCGA-17-Z022-01,
TCGA-17-Z023-01,
TCGA-17-Z025-01,
TCGA-17-Z026-01,
TCGA-17-Z027-01,
TCGA-17-Z028-01,
TCGA-17-Z030-01,
TCGA-17-Z031-01,
TCGA-17-Z032-01,
TCGA-17-Z033-01,
TCGA-17-Z036-01,
TCGA-17-Z037-01,
TCGA-17-Z041-01,
TCGA-17-Z042-01,
TCGA-17-Z043-01,
TCGA-17-Z044-01,
TCGA-17-Z045-01,
TCGA-17-Z047-01,
TCGA-17-Z048-01,
TCGA-17-Z049-01,
TCGA-17-Z050-01,
TCGA-17-Z051-01,
TCGA-17-Z052-01,
TCGA-17-Z053-01,
TCGA-17-Z054-01,
TCGA-17-Z055-01,
TCGA-17-Z056-01,
TCGA-17-Z057-01,
TCGA-17-Z058-01,
TCGA-17-Z059-01,
TCGA-17-Z060-01,
TCGA-17-Z061-01,
TCGA-17-Z062-01,
TCGA-35-3615-01,1739.12
TCGA-35-4122-01,1728.64
TCGA-35-4123-01,1672.57
TCGA-35-5375-01,5637.07
TCGA-38-4625-01,2809.91
TCGA-38-4626-01,1872.52
TCGA-38-4627-01,2822.33
TCGA-38-4628-01,1561.0
TCGA-38-4631-01,2242.05
TCGA-38-4632-01,1376.41
TCGA-38-6178-01,2294.07
TCGA-38-7271-01,2639.33
TCGA-38-A44F-01,1568.49
TCGA-44-2655-01,2426.26
TCGA-44-2656-01,2470.4
TCGA-44-2657-01,2046.31
TCGA-44-2659-01,3118.67
TCGA-44-2662-01,1746.66
TCGA-44-2665-01,1869.07
TCGA-44-2666-01,2388.07
TCGA-44-2668-01,2229.96
TCGA-44-3396-01,1563.44
TCGA-44-3398-01,2047.97
TCGA-44-3917-01,
TCGA-44-3918-01,2323.42
TCGA-44-3919-01,2090.73
TCGA-44-4112-01,2175.1
TCGA-44-5643-01,3105.92
TCGA-44-5644-01,2556.28
TCGA-44-5645-01,3712.56
TCGA-44-6144-01,
TCGA-44-6145-01,2209.1
TCGA-44-6146-01,2685.47
TCGA-44-6148-01,2653.81
TCGA-44-6774-01,1742.57
TCGA-44-6775-01,2241.29
TCGA-44-6776-01,1504.31
TCGA-44-6777-01,3286.69
TCGA-44-6778-01,3206.85
TCGA-44-6779-01,2870.69
TCGA-44-7659-01,2132.29
TCGA-44-7660-01,2436.76
TCGA-44-7661-01,1933.48
TCGA-44-7662-01,1670.44
TCGA-44-7667-01,2604.24
TCGA-44-7669-01,3499.89
TCGA-44-7670-01,2664.19
TCGA-44-7671-01,1367.47
TCGA-44-7672-01,2082.0
TCGA-44-8117-01,2823.82
TCGA-44-8119-01,2935.75
TCGA-44-8120-01,2219.19
TCGA-44-A479-01,2470.49
TCGA-44-A47A-01,1730.3
TCGA-44-A47B-01,2463.5
TCGA-44-A47F-01,
TCGA-44-A47G-01,1456.27
TCGA-44-A4SS-01,1907.44
TCGA-44-A4SU-01,3065.15
TCGA-49-4486-01,2444.47
TCGA-49-4487-01,2337.83
TCGA-49-4488-01,1550.54
TCGA-49-4490-01,1576.34
TCGA-49-4494-01,1701.71
TCGA-49-4501-01,2460.77
TCGA-49-4505-01,2046.31
TCGA-49-4506-01,1378.97
TCGA-49-4507-01,1545.14
TCGA-49-4510-01,2498.08
TCGA-49-4512-01,1928.52
TCGA-49-4514-01,1625.85
TCGA-49-6742-01,2605.52
TCGA-49-6743-01,3513.84
TCGA-49-6744-01,2639.51
TCGA-49-6745-01,2346.93
TCGA-49-6761-01,1947.57
TCGA-49-6767-01,4453.25
TCGA-49-AAQV-01,3111.68
TCGA-49-AAR0-01,1417.95
TCGA-49-AAR2-01,1377.84
TCGA-49-AAR3-01,2473.0
TCGA-49-AAR4-01,1187.26
TCGA-49-AAR9-01,1836.62
TCGA-49-AARE-01,1535.28
TCGA-49-AARN-01,1832.84
TCGA-49-AARO-01,1460.36
TCGA-49-AARQ-01,1482.58
TCGA-49-AARR-01,1508.36
TCGA-4B-A93V-01,1421.17
TCGA-50-5044-01,1452.41
TCGA-50-5045-01,2395.94
TCGA-50-5049-01,2151.23
TCGA-50-5051-01,1780.02
TCGA-50-5055-01,2324.75
TCGA-50-5066-01,2331.01
TCGA-50-5068-01,3040.65
TCGA-50-5072-01,2240.18
TCGA-50-5930-01,1953.56
TCGA-50-5931-01,2718.43
TCGA-50-5932-01,2805.9
TCGA-50-5933-01,3077.9
TCGA-50-5935-01,3265.32
TCGA-50-5936-01,2433.48
TCGA-50-5939-01,2463.49
TCGA-50-5941-01,3435.26
TCGA-50-5942-01,3718.23
TCGA-50-5944-01,2819.94
TCGA-50-5946-01,2328.08
TCGA-50-6590-01,1509.78
TCGA-50-6591-01,2637.99
TCGA-50-6592-01,2610.39
TCGA-50-6593-01,1836.43
TCGA-50-6594-01,1964.79
TCGA-50-6595-01,1943.41
TCGA-50-6597-01,1720.08
TCGA-50-6673-01,2518.23
TCGA-50-7109-01,2877.07
TCGA-50-8457-01,3031.07
TCGA-50-8459-01,1848.58
TCGA-50-8460-01,1893.43
TCGA-53-7624-01,2913.48
TCGA-53-7626-01,3150.98
TCGA-53-7813-01,2437.82
TCGA-53-A4EZ-01,1830.24
TCGA-55-1592-01,3136.55
TCGA-55-1594-01,2946.15
TCGA-55-1595-01,1581.55
TCGA-55-1596-01,1891.06
TCGA-55-5899-01,2400.34
TCGA-55-6543-01,2659.98
TCGA-55-6642-01,3264.09
TCGA-55-6712-01,2692.36
TCGA-55-6968-01,2591.87
TCGA-55-6969-01,2663.01
TCGA-55-6970-01,2035.01
TCGA-55-6971-01,2595.35
TCGA-55-6972-01,2323.06
TCGA-55-6975-01,2505.45
TCGA-55-6978-01,3116.21
TCGA-55-6979-01,1774.41
TCGA-55-6980-01,2385.5
TCGA-55-6981-01,1407.89
TCGA-55-6982-01,2621.8
TCGA-55-6983-01,2610.99
TCGA-55-6984-01,1761.43
TCGA-55-6985-01,2750.75
TCGA-55-6986-01,2556.69
TCGA-55-6987-01,2581.57
TCGA-55-7227-01,2042.16
TCGA-55-7281-01,2841.6
TCGA-55-7283-01,2392.98
TCGA-55-7284-01,3161.52
TCGA-55-7570-01,2765.58
TCGA-55-7573-01,3059.25
TCGA-55-7574-01,1961.5
TCGA-55-7576-01,1833.88
TCGA-55-7724-01,3112.22
TCGA-55-7725-01,3546.22
TCGA-55-7726-01,3355.81
TCGA-55-7727-01,3382.57
TCGA-55-7728-01,1242.08
TCGA-55-7815-01,4268.54
TCGA-55-7816-01,2408.6
TCGA-55-7903-01,2456.4
TCGA-55-7907-01,1486.32
TCGA-55-7910-01,2315.74
TCGA-55-7911-01,1960.62
TCGA-55-7913-01,2617.69
TCGA-55-7914-01,2405.3
TCGA-55-7994-01,3809.78
TCGA-55-7995-01,2728.91
TCGA-55-8085-01,1837.51
TCGA-55-8087-01,2467.02
TCGA-55-8089-01,2168.53
TCGA-55-8090-01,3937.13
TCGA-55-8091-01,2470.6
TCGA-55-8092-01,2043.7
TCGA-55-8094-01,2272.09
TCGA-55-8096-01,2320.16
TCGA-55-8097-01,1970.0
TCGA-55-8203-01,3671.62
TCGA-55-8204-01,2478.0
TCGA-55-8205-01,2332.33
TCGA-55-8206-01,2929.12
TCGA-55-8207-01,2972.76
TCGA-55-8208-01,1797.32
TCGA-55-8299-01,1501.51
TCGA-55-8301-01,2155.7
TCGA-55-8302-01,1349.58
TCGA-55-8505-01,1615.2
TCGA-55-8506-01,1314.75
TCGA-55-8507-01,1932.9
TCGA-55-8508-01,1592.4
TCGA-55-8510-01,1457.16
TCGA-55-8511-01,2113.21
TCGA-55-8512-01,1865.31
TCGA-55-8513-01,1623.89
TCGA-55-8514-01,1522.58
TCGA-55-8614-01,1845.04
TCGA-55-8615-01,1427.81
TCGA-55-8616-01,1611.34
TCGA-55-8619-01,2464.76
TCGA-55-8620-01,2818.28
TCGA-55-8621-01,1859.92
TCGA-55-A48X-01,1681.82
TCGA-55-A48Y-01,2375.53
TCGA-55-A48Z-01,3046.13
TCGA-55-A490-01,2290.32
TCGA-55-A491-01,959.767
TCGA-55-A492-01,1083.56
TCGA-55-A493-01,2236.7
TCGA-55-A494-01,2449.65
TCGA-55-A4DF-01,2766.53
TCGA-55-A4DG-01,3359.18
TCGA-55-A57B-01,3026.45
TCGA-62-8394-01,2318.33
TCGA-62-8395-01,1761.92
TCGA-62-8397-01,1778.1
TCGA-62-8398-01,1922.42
TCGA-62-8399-01,2003.03
TCGA-62-8402-01,2717.08
TCGA-62-A46O-01,2750.28
TCGA-62-A46P-01,1129.32
TCGA-62-A46R-01,2562.11
TCGA-62-A46S-01,1964.68
TCGA-62-A46U-01,2087.96
TCGA-62-A46V-01,1878.41
TCGA-62-A46Y-01,1903.76
TCGA-62-A470-01,2383.0
TCGA-62-A471-01,1869.05
TCGA-62-A472-01,2804.05
TCGA-64-1676-01,6398.6
TCGA-64-1677-01,2407.0
TCGA-64-1678-01,3424.96
TCGA-64-1679-01,2577.19
TCGA-64-1680-01,2698.8
TCGA-64-1681-01,3415.56
TCGA-64-5774-01,3195.13
TCGA-64-5775-01,3552.29
TCGA-64-5778-01,2050.35
TCGA-64-5779-01,3231.59
TCGA-64-5781-01,1143.41
TCGA-64-5815-01,3202.67
TCGA-67-3770-01,2157.89
TCGA-67-3771-01,1688.6
TCGA-67-3772-01,4992.51
TCGA-67-3773-01,1867.42
TCGA-67-3774-01,1884.72
TCGA-67-4679-01,3811.22
TCGA-67-6215-01,1739.97
TCGA-67-6216-01,2095.18
TCGA-67-6217-01,2653.51
TCGA-69-7760-01,3829.48
TCGA-69-7761-01,3173.77
TCGA-69-7763-01,1781.59
TCGA-69-7764-01,2897.88
TCGA-69-7765-01,2888.26
TCGA-69-7973-01,2639.46
TCGA-69-7974-01,2023.01
TCGA-69-7978-01,2391.73
TCGA-69-7979-01,1220.06
TCGA-69-7980-01,2167.96
TCGA-69-8253-01,1129.99
TCGA-69-8254-01,2233.65
TCGA-69-8255-01,1581.41
TCGA-69-8453-01,1700.78
TCGA-69-A59K-01,2774.29
TCGA-71-6725-01,2059.68
TCGA-71-8520-01,2070.15
TCGA-73-4658-01,1769.85
TCGA-73-4659-01,1552.32
TCGA-73-4662-01,2950.71
TCGA-73-4666-01,2793.69
TCGA-73-4668-01,2728.91
TCGA-73-4670-01,2424.49
TCGA-73-4675-01,1565.99
TCGA-73-4676-01,2373.61
TCGA-73-4677-01,1669.97
TCGA-73-7498-01,2258.11
TCGA-73-7499-01,2420.41
TCGA-73-A9RS-01,1404.93
TCGA-75-5122-01,1886.19
TCGA-75-5125-01,3292.27
TCGA-75-5126-01,2453.82
TCGA-75-5146-01,2367.12
TCGA-75-5147-01,2849.31
TCGA-75-6203-01,2309.49
TCGA-75-6205-01,2472.03
TCGA-75-6206-01,1451.86
TCGA-75-6207-01,3801.76
TCGA-75-6211-01,2953.98
TCGA-75-6212-01,3083.49
TCGA-75-6214-01,1647.86
TCGA-75-7025-01,3206.51
TCGA-75-7027-01,2378.4
TCGA-75-7030-01,1990.62
TCGA-75-7031-01,2016.13
TCGA-78-7143-01,2597.89
TCGA-78-7145-01,2992.23
TCGA-78-7146-01,4202.99
TCGA-78-7147-01,2107.26
TCGA-78-7148-01,2814.15
TCGA-78-7149-01,1339.4
TCGA-78-7150-01,2507.17
TCGA-78-7152-01,1991.64
TCGA-78-7153-01,2436.61
TCGA-78-7154-01,4448.28
TCGA-78-7155-01,3771.41
TCGA-78-7156-01,677.861
TCGA-78-7158-01,3009.96
TCGA-78-7159-01,2365.84
TCGA-78-7160-01,2393.06
TCGA-78-7161-01,3155.1
TCGA-78-7162-01,2445.3
TCGA-78-7163-01,3033.13
TCGA-78-7166-01,1484.17
TCGA-78-7167-01,1778.31
TCGA-78-7220-01,2337.41
TCGA-78-7535-01,1610.6
TCGA-78-7536-01,2667.8
TCGA-78-7537-01,2021.75
TCGA-78-7539-01,2032.99
TCGA-78-7540-01,1813.09
TCGA-78-7542-01,2873.6
TCGA-78-7633-01,2507.68
TCGA-78-8640-01,2508.53
TCGA-78-8648-01,1837.28
TCGA-78-8655-01,2933.5
TCGA-78-8660-01,1781.44
TCGA-78-8662-01,1127.07
TCGA-80-5607-01,2484.95
TCGA-80-5608-01,2145.94
TCGA-80-5611-01,3037.35
TCGA-83-5908-01,2467.52
TCGA-86-6562-01,2151.95
TCGA-86-6851-01,2392.48
TCGA-86-7701-01,3555.32
TCGA-86-7711-01,2053.56
TCGA-86-7713-01,2589.31
TCGA-86-7714-01,3441.73
TCGA-86-7953-01,3496.86
TCGA-86-7954-01,2766.42
TCGA-86-7955-01,3234.58
TCGA-86-8054-01,3704.94
TCGA-86-8055-01,3482.64
TCGA-86-8056-01,2646.46
TCGA-86-8073-01,1938.48
TCGA-86-8074-01,2683.35
TCGA-86-8075-01,2476.5
TCGA-86-8076-01,2322.74
TCGA-86-8278-01,2511.96
TCGA-86-8279-01,2857.78
TCGA-86-8280-01,2445.66
TCGA-86-8281-01,3147.63
TCGA-86-8358-01,3726.7
TCGA-86-8359-01,2312.27
TCGA-86-8585-01,1731.42
TCGA-86-8668-01,2241.07
TCGA-86-8669-01,2480.15
TCGA-86-8671-01,2030.03
TCGA-86-8672-01,1004.85
TCGA-86-8673-01,957.773
TCGA-86-8674-01,1370.99
TCGA-86-A456-01,1898.57
TCGA-86-A4D0-01,2238.25
TCGA-86-A4JF-01,2345.79
TCGA-86-A4P7-01,1993.36
TCGA-86-A4P8-01,2230.17
TCGA-91-6828-01,2752.53
TCGA-91-6829-01,2291.17
TCGA-91-6830-01,1507.28
TCGA-91-6831-01,3016.01
TCGA-91-6835-01,3295.26
TCGA-91-6836-01,2988.97
TCGA-91-6840-01,3300.81
TCGA-91-6847-01,2559.97
TCGA-91-6848-01,2049.3
TCGA-91-6849-01,1561.74
TCGA-91-7771-01,3568.0
TCGA-91-8496-01,5626.85
TCGA-91-8497-01,1840.15
TCGA-91-8499-01,4018.31
TCGA-91-A4BC-01,1634.46
TCGA-91-A4BD-01,1224.72
TCGA-93-7347-01,1826.73
TCGA-93-7348-01,1867.75
TCGA-93-8067-01,2364.45
TCGA-93-A4JN-01,1710.72
TCGA-93-A4JO-01,1561.19
TCGA-93-A4JP-01,2329.54
TCGA-93-A4JQ-01,1755.88
TCGA-95-7039-01,1465.0
TCGA-95-7043-01,2120.32
TCGA-95-7562-01,2767.5
TCGA-95-7567-01,1528.83
TCGA-95-7944-01,1020.5
TCGA-95-7947-01,2096.37
TCGA-95-7948-01,2256.25
TCGA-95-8039-01,2852.02
TCGA-95-8494-01,2498.41
TCGA-95-A4VK-01,1676.92
TCGA-95-A4VN-01,1858.27
TCGA-95-A4VP-01,1395.36
TCGA-97-7546-01,3804.28
TCGA-97-7547-01,1862.79
TCGA-97-7552-01,2990.17
TCGA-97-7553-01,2428.33
TCGA-97-7554-01,2244.62
TCGA-97-7937-01,2948.57
TCGA-97-7938-01,2611.48
TCGA-97-7941-01,2153.61
TCGA-97-8171-01,2316.81
TCGA-97-8172-01,3346.92
TCGA-97-8174-01,1841.9
TCGA-97-8175-01,1670.26
TCGA-97-8176-01,1626.88
TCGA-97-8177-01,2127.75
TCGA-97-8179-01,2275.51
TCGA-97-8547-01,1430.94
TCGA-97-8552-01,1894.51
TCGA-97-A4LX-01,3056.06
TCGA-97-A4M0-01,2515.05
TCGA-97-A4M1-01,1883.02
TCGA-97-A4M2-01,1608.66
TCGA-97-A4M3-01,1817.4
TCGA-97-A4M5-01,1672.53
TCGA-97-A4M6-01,2878.81
TCGA-97-A4M7-01,2408.68
TCGA-99-7458-01,3552.1
TCGA-99-8025-01,1748.08
TCGA-99-8028-01,1447.02
TCGA-99-8032-01,1766.3
TCGA-99-8033-01,1125.78
TCGA-99-AA5R-01,1934.31
TCGA-J2-8192-01,4016.14
TCGA-J2-8194-01,2234.19
TCGA-J2-A4AD-01,1565.57
TCGA-J2-A4AE-01,1578.01
TCGA-J2-A4AG-01,1798.79
TCGA-L4-A4E5-01,1957.68
TCGA-L4-A4E6-01,1626.86
TCGA-L9-A443-01,1785.2
TCGA-L9-A444-01,1560.36
TCGA-L9-A50W-01,1892.23
TCGA-L9-A5IP-01,1278.26
TCGA-L9-A743-01,1528.33
TCGA-L9-A7SV-01,2208.98
TCGA-L9-A8F4-01,3171.68
TCGA-MN-A4N1-01,912.849
TCGA-MN-A4N4-01,1260.26
TCGA-MN-A4N5-01,2964.57
TCGA-MP-A4SV-01,2519.45
TCGA-MP-A4SW-01,1923.5
TCGA-MP-A4SY-01,2393.23
TCGA-MP-A4T2-01,
TCGA-MP-A4T4-01,1947.32
TCGA-MP-A4T6-01,1682.34
TCGA-MP-A4T7-01,1160.13
TCGA-MP-A4T8-01,2126.61
TCGA-MP-A4T9-01,2010.35
TCGA-MP-A4TA-01,1244.56
TCGA-MP-A4TC-01,1597.36
TCGA-MP-A4TD-01,1121.24
TCGA-MP-A4TE-01,1712.78
TCGA-MP-A4TF-01,1819.74
TCGA-MP-A4TH-01,1917.9
TCGA-MP-A4TI-01,1900.03
TCGA-MP-A4TJ-01,2064.63
TCGA-MP-A4TK-01,1810.8
TCGA-MP-A5C7-01,2799.05
TCGA-NJ-A4YF-01,1447.14
TCGA-NJ-A4YG-01,1464.78
TCGA-NJ-A4YI-01,1747.57
TCGA-NJ-A4YP-01,1691.57
TCGA-NJ-A4YQ-01,1919.65
TCGA-NJ-A55A-01,3372.67
TCGA-NJ-A55O-01,1777.13
TCGA-NJ-A55R-01,1609.18
TCGA-NJ-A7XG-01,2406.41
TCGA-O1-A52J-01,3281.34
TCGA-S2-AA1A-01,1805.72
TCGA-18-3406-01,3270.87
TCGA-18-3407-01,2608.94
TCGA-18-3408-01,5394.04
TCGA-18-3410-01,3870.72
TCGA-18-3411-01,2380.77
TCGA-18-3412-01,2402.97
TCGA-18-3414-01,2017.72
TCGA-18-3415-01,2645.66
TCGA-18-3416-01,2069.26
TCGA-18-3417-01,1821.63
TCGA-18-3419-01,3088.2
TCGA-18-3421-01,3184.81
TCGA-18-4083-01,3114.8
TCGA-18-4086-01,2455.24
TCGA-18-4721-01,2113.72
TCGA-18-5592-01,2621.13
TCGA-21-1071-01,2512.69
TCGA-21-1072-01,3778.19
TCGA-21-1075-01,3633.1
TCGA-21-1076-01,2352.59
TCGA-21-1079-01,2749.44
TCGA-21-1080-01,2512.46
TCGA-21-1081-01,926.584
TCGA-21-1082-01,2404.06
TCGA-21-5782-01,2017.98
TCGA-21-5783-01,3576.03
TCGA-21-5784-01,1307.09
TCGA-21-5786-01,3078.61
TCGA-21-5787-01,1550.8
TCGA-22-0940-01,2115.93
TCGA-22-0944-01,2401.65
TCGA-22-1000-01,1706.25
TCGA-22-1002-01,2331.67
TCGA-22-1005-01,1776.97
TCGA-22-1011-01,2832.51
TCGA-22-1012-01,1742.9
TCGA-22-1016-01,1842.62
TCGA-22-1017-01,2579.28
TCGA-22-4591-01,3717.04
TCGA-22-4593-01,4354.46
TCGA-22-4594-01,2117.18
TCGA-22-4595-01,3017.78
TCGA-22-4596-01,1783.62
TCGA-22-4599-01,3615.25
TCGA-22-4601-01,2129.47
TCGA-22-4604-01,2303.68
TCGA-22-4605-01,2337.69
TCGA-22-4607-01,2181.89
TCGA-22-4609-01,2472.36
TCGA-22-4613-01,2542.48
TCGA-22-5471-01,2451.6
TCGA-22-5472-01,2570.73
TCGA-22-5473-01,3128.07
TCGA-22-5474-01,2226.9
TCGA-22-5477-01,7297.63
TCGA-22-5478-01,1900.5
TCGA-22-5479-01,2640.33
TCGA-22-5480-01,5482.67
TCGA-22-5481-01,1272.98
TCGA-22-5482-01,1956.92
TCGA-22-5483-01,3798.64
TCGA-22-5485-01,2091.34
TCGA-22-5489-01,2396.83
TCGA-22-5491-01,2179.82
TCGA-22-5492-01,2655.31
TCGA-22-A5C4-01,4577.88
TCGA-33-4532-01,3459.87
TCGA-33-4533-01,3365.05
TCGA-33-4538-01,3873.9
TCGA-33-4547-01,2689.21
TCGA-33-4566-01,3450.4
TCGA-33-4582-01,2798.33
TCGA-33-4583-01,2911.87
TCGA-33-4586-01,2820.87
TCGA-33-4587-01,3290.99
TCGA-33-4589-01,2818.18
TCGA-33-6738-01,1856.36
TCGA-33-A4WN-01,2009.2
TCGA-33-A5GW-01,2032.29
TCGA-33-AAS8-01,1613.24
TCGA-33-AASB-01,1798.98
TCGA-33-AASD-01,2576.68
TCGA-33-AASI-01,2087.42
TCGA-33-AASJ-01,2590.75
TCGA-33-AASL-01,1802.63
TCGA-34-2596-01,3034.03
TCGA-34-2600-01,1814.06
TCGA-34-2604-01,
TCGA-34-2605-01,
TCGA-34-2608-01,2323.71
TCGA-34-2609-01,
TCGA-34-5231-01,3817.29
TCGA-34-5232-01,2272.71
TCGA-34-5234-01,2260.94
TCGA-34-5236-01,1597.87
TCGA-34-5239-01,2365.9
TCGA-34-5240-01,3523.43
TCGA-34-5241-01,2762.94
TCGA-34-5927-01,4270.55
TCGA-34-5928-01,2357.49
TCGA-34-5929-01,2676.1
TCGA-34-7107-01,5452.83
TCGA-34-8454-01,1927.33
TCGA-34-8455-01,2621.76
TCGA-34-8456-01,3751.23
TCGA-34-A5IX-01,2682.43
TCGA-37-3783-01,2243.45
TCGA-37-3789-01,2240.02
TCGA-37-3792-01,591.258
TCGA-37-4129-01,2444.8
TCGA-37-4130-01,4496.68
TCGA-37-4132-01,3163.17
TCGA-37-4133-01,2654.71
TCGA-37-4135-01,2787.25
TCGA-37-4141-01,3676.91
TCGA-37-5819-01,2955.77
TCGA-37-A5EL-01,1690.56
TCGA-37-A5EN-01,2202.86
TCGA-39-5011-01,2763.44
TCGA-39-5016-01,2933.57
TCGA-39-5019-01,2039.14
TCGA-39-5021-01,2729.22
TCGA-39-5022-01,2334.94
TCGA-39-5024-01,1814.8
TCGA-39-5027-01,2825.85
TCGA-39-5028-01,3411.18
TCGA-39-5029-01,2461.54
TCGA-39-5030-01,2302.64
TCGA-39-5031-01,1854.17
TCGA-39-5034-01,2710.43
TCGA-39-5035-01,2525.89
TCGA-39-5036-01,2939.63
TCGA-39-5037-01,3816.85
TCGA-39-5039-01,2077.85
TCGA-39-5040-01,1838.3
TCGA-43-2576-01,1344.67
TCGA-43-2578-01,2458.74
TCGA-43-2581-01,1841.97
TCGA-43-3394-01,2624.77
TCGA-43-3920-01,2905.73
TCGA-43-5668-01,2606.71
TCGA-43-5670-01,2898.89
TCGA-43-6143-01,3643.82
TCGA-43-6647-01,1441.92
TCGA-43-6770-01,4413.9
TCGA-43-6771-01,2353.8
TCGA-43-6773-01,1370.04
TCGA-43-7656-01,2962.42
TCGA-43-7657-01,1271.58
TCGA-43-7658-01,991.598
TCGA-43-8115-01,2423.64
TCGA-43-8116-01,2851.87
TCGA-43-8118-01,2263.84
TCGA-43-A474-01,2936.46
TCGA-43-A475-01,2851.72
TCGA-43-A56U-01,1539.53
TCGA-43-A56V-01,2078.62
TCGA-46-3765-01,2673.18
TCGA-46-3766-01,2931.19
TCGA-46-3767-01,2536.29
TCGA-46-3768-01,2455.52
TCGA-46-3769-01,3432.15
TCGA-46-6025-01,2248.15
TCGA-46-6026-01,3123.65
TCGA-51-4079-01,2717.66
TCGA-51-4080-01,3918.64
TCGA-51-4081-01,3743.56
TCGA-52-7622-01,2741.64
TCGA-52-7809-01,3523.44
TCGA-52-7810-01,2013.88
TCGA-52-7811-01,1744.23
TCGA-52-7812-01,2028.78
TCGA-56-1622-01,3674.46
TCGA-56-5897-01,2772.91
TCGA-56-5898-01,2466.92
TCGA-56-6545-01,3198.17
TCGA-56-6546-01,2967.56
TCGA-56-7221-01,3117.18
TCGA-56-7222-01,3718.63
TCGA-56-7223-01,5805.47
TCGA-56-7579-01,2014.06
TCGA-56-7580-01,3300.15
TCGA-56-7582-01,3950.41
TCGA-56-7730-01,4785.37
TCGA-56-7731-01,1888.37
TCGA-56-7822-01,2630.22
TCGA-56-7823-01,2786.95
TCGA-56-8082-01,3914.84
TCGA-56-8083-01,3144.4
TCGA-56-8201-01,2556.42
TCGA-56-8304-01,1998.55
TCGA-56-8305-01,2253.89
TCGA-56-8307-01,3204.28
TCGA-56-8308-01,2261.19
TCGA-56-8309-01,1994.86
TCGA-56-8503-01,1893.55
TCGA-56-8504-01,2761.89
TCGA-56-8622-01,1608.91
TCGA-56-8623-01,1753.81
TCGA-56-8624-01,2368.85
TCGA-56-8625-01,2441.99
TCGA-56-8626-01,1877.69
TCGA-56-8628-01,2351.59
TCGA-56-8629-01,1920.57
TCGA-56-A49D-01,2660.33
TCGA-56-A4BW-01,1947.86
TCGA-56-A4BX-01,1736.5
TCGA-56-A4BY-01,2347.46
TCGA-56-A4ZJ-01,1540.9
TCGA-56-A4ZK-01,2507.65
TCGA-56-A5DR-01,2030.2
TCGA-56-A5DS-01,1893.95
TCGA-56-A62T-01,2753.18
TCGA-58-8386-01,2602.07
TCGA-58-8387-01,2757.85
TCGA-58-8388-01,2420.85
TCGA-58-8390-01,2982.31
TCGA-58-8391-01,2812.45
TCGA-58-8392-01,2268.13
TCGA-58-8393-01,2576.46
TCGA-58-A46J-01,1985.6
TCGA-58-A46K-01,2141.29
TCGA-58-A46L-01,2628.67
TCGA-58-A46M-01,2579.01
TCGA-58-A46N-01,2457.61
TCGA-60-2695-01,2335.36
TCGA-60-2697-01,2515.37
TCGA-60-2698-01,2723.52
TCGA-60-2703-01,4039.26
TCGA-60-2704-01,2827.38
TCGA-60-2706-01,2932.06
TCGA-60-2707-01,2331.5
TCGA-60-2708-01,2755.33
TCGA-60-2709-01,2247.11
TCGA-60-2710-01,2475.21
TCGA-60-2711-01,4263.37
TCGA-60-2713-01,2163.35
TCGA-60-2714-01,1516.01
TCGA-60-2716-01,2877.65
TCGA-60-2719-01,1426.04
TCGA-60-2720-01,1501.38
TCGA-60-2721-01,2582.43
TCGA-60-2722-01,2620.14
TCGA-60-2723-01,3092.46
TCGA-60-2724-01,1690.27
TCGA-60-2725-01,2633.48
TCGA-60-2726-01,2093.37
TCGA-63-5128-01,4444.44
TCGA-63-5131-01,2911.64
TCGA-63-6202-01,1452.74
TCGA-63-7020-01,2636.38
TCGA-63-7021-01,1660.19
TCGA-63-7022-01,2007.65
TCGA-63-7023-01,3741.32
TCGA-63-A5M9-01,2492.23
TCGA-63-A5MB-01,2470.94
TCGA-63-A5MG-01,2386.64
TCGA-63-A5MH-01,1983.11
TCGA-63-A5MI-01,3232.79
TCGA-63-A5MJ-01,2459.25
TCGA-63-A5ML-01,2228.97
TCGA-63-A5MM-01,506.111
TCGA-63-A5MN-01,1916.88
TCGA-63-A5MP-01,4254.8
TCGA-63-A5MR-01,1353.17
TCGA-63-A5MS-01,2085.36
TCGA-63-A5MT-01,3574.19
TCGA-63-A5MU-01,4405.21
TCGA-63-A5MV-01,1407.95
TCGA-63-A5MW-01,1666.59
TCGA-63-A5MY-01,2232.58
TCGA-66-2727-01,2691.84
TCGA-66-2734-01,2522.46
TCGA-66-2737-01,2330.19
TCGA-66-2742-01,2732.56
TCGA-66-2744-01,2190.52
TCGA-66-2753-01,4639.86
TCGA-66-2754-01,3124.03
TCGA-66-2755-01,2281.75
TCGA-66-2756-01,2309.78
TCGA-66-2757-01,2563.74
TCGA-66-2758-01,2671.27
TCGA-66-2759-01,2613.63
TCGA-66-2763-01,3569.44
TCGA-66-2765-01,1695.4
TCGA-66-2766-01,2423.14
TCGA-66-2767-01,2116.2
TCGA-66-2768-01,2477.92
TCGA-66-2769-01,1976.16
TCGA-66-2770-01,2181.2
TCGA-66-2771-01,2209.21
TCGA-66-2773-01,2620.96
TCGA-66-2777-01,1953.87
TCGA-66-2778-01,1920.17
TCGA-66-2780-01,2364.93
TCGA-66-2781-01,2491.92
TCGA-66-2782-01,2538.64
TCGA-66-2783-01,2458.07
TCGA-66-2785-01,1856.62
TCGA-66-2786-01,1556.14
TCGA-66-2787-01,3137.89
TCGA-66-2788-01,2648.55
TCGA-66-2789-01,2529.32
TCGA-66-2790-01,2892.59
TCGA-66-2791-01,2236.89
TCGA-66-2792-01,3273.42
TCGA-66-2793-01,3364.34
TCGA-66-2794-01,2183.71
TCGA-66-2795-01,2789.75
TCGA-66-2800-01,2366.59
TCGA-68-7755-01,2207.27
TCGA-68-7756-01,659.398
TCGA-68-7757-01,1827.92
TCGA-68-8250-01,2712.65
TCGA-68-8251-01,3232.15
TCGA-68-A59I-01,2432.18
TCGA-68-A59J-01,1993.51
TCGA-6A-AB49-01,2135.84
TCGA-70-6722-01,2128.22
TCGA-70-6723-01,4516.06
TCGA-77-6842-01,3376.07
TCGA-77-6843-01,2177.1
TCGA-77-6844-01,2388.47
TCGA-77-6845-01,2520.74
TCGA-77-7138-01,4076.97
TCGA-77-7139-01,3148.45
TCGA-77-7140-01,3382.66
TCGA-77-7141-01,3989.87
TCGA-77-7142-01,4380.11
TCGA-77-7335-01,2202.96
TCGA-77-7337-01,3330.89
TCGA-77-7338-01,2471.2
TCGA-77-7463-01,3292.45
TCGA-77-7465-01,3287.19
TCGA-77-8007-01,1639.54
TCGA-77-8008-01,1866.91
TCGA-77-8009-01,2686.79
TCGA-77-8128-01,2297.31
TCGA-77-8130-01,1273.14
TCGA-77-8131-01,1554.71
TCGA-77-8133-01,2521.74
TCGA-77-8136-01,2151.71
TCGA-77-8138-01,2231.97
TCGA-77-8139-01,3405.96
TCGA-77-8140-01,1971.11
TCGA-77-8143-01,2281.44
TCGA-77-8144-01,1740.06
TCGA-77-8145-01,1942.62
TCGA-77-8148-01,2535.41
TCGA-77-8150-01,2170.67
TCGA-77-8153-01,1801.55
TCGA-77-8154-01,2301.17
TCGA-77-8156-01,2068.92
TCGA-77-A5FZ-01,1979.1
TCGA-77-A5G1-01,2058.79
TCGA-77-A5G3-01,4182.17
TCGA-77-A5G6-01,4674.45
TCGA-77-A5G7-01,2299.87
TCGA-77-A5G8-01,2078.06
TCGA-77-A5GB-01,1663.59
TCGA-77-A5GF-01,2305.79
TCGA-77-A5GH-01,2598.01
TCGA-79-5596-01,2203.27
TCGA-85-6175-01,3102.25
TCGA-85-6560-01,5155.35
TCGA-85-6561-01,2844.69
TCGA-85-6798-01,1081.46
TCGA-85-7696-01,2520.24
TCGA-85-7697-01,2498.75
TCGA-85-7698-01,2922.08
TCGA-85-7699-01,3056.57
TCGA-85-7710-01,2931.03
TCGA-85-7843-01,3605.8
TCGA-85-7844-01,2709.99
TCGA-85-7950-01,3771.54
TCGA-85-8048-01,1981.81
TCGA-85-8049-01,1853.35
TCGA-85-8052-01,2433.29
TCGA-85-8070-01,2554.53
TCGA-85-8071-01,3106.4
TCGA-85-8072-01,1858.66
TCGA-85-8276-01,1933.08
TCGA-85-8277-01,2194.0
TCGA-85-8287-01,2889.35
TCGA-85-8288-01,2727.73
TCGA-85-8350-01,1806.12
TCGA-85-8351-01,3243.03
TCGA-85-8352-01,3722.51
TCGA-85-8353-01,2340.25
TCGA-85-8354-01,2860.18
TCGA-85-8355-01,2835.51
TCGA-85-8479-01,1708.45
TCGA-85-8481-01,1606.99
TCGA-85-8580-01,3084.6
TCGA-85-8582-01,2207.62
TCGA-85-8584-01,1852.6
TCGA-85-8664-01,2349.99
TCGA-85-8666-01,2784.98
TCGA-85-A4CL-01,1577.5
TCGA-85-A4CN-01,1794.59
TCGA-85-A4JB-01,3025.42
TCGA-85-A4JC-01,1351.97
TCGA-85-A4PA-01,2398.64
TCGA-85-A4QQ-01,2000.9
TCGA-85-A4QR-01,3430.96
TCGA-85-A50M-01,2216.19
TCGA-85-A50Z-01,1853.61
TCGA-85-A510-01,3075.18
TCGA-85-A511-01,2047.54
TCGA-85-A512-01,2075.24
TCGA-85-A513-01,873.548
TCGA-85-A53L-01,2323.05
TCGA-85-A5B5-01,2324.7
TCGA-90-6837-01,3190.02
TCGA-90-7766-01,2782.89
TCGA-90-7767-01,4624.14
TCGA-90-7769-01,2371.74
TCGA-90-7964-01,2229.05
TCGA-90-A4ED-01,2093.04
TCGA-90-A4EE-01,2224.79
TCGA-90-A59Q-01,1848.26
TCGA-92-7340-01,2295.74
TCGA-92-7341-01,2298.96
TCGA-92-8063-01,1914.18
TCGA-92-8064-01,2678.87
TCGA-92-8065-01,2160.31
TCGA-94-7033-01,1238.4
TCGA-94-7557-01,2142.4
TCGA-94-7943-01,2295.06
TCGA-94-8035-01,2766.28
TCGA-94-8490-01,2216.49
TCGA-94-8491-01,2280.69
TCGA-94-A4VJ-01,1010.93
TCGA-94-A5I4-01,1765.91
TCGA-94-A5I6-01,3058.0
TCGA-96-7544-01,3558.67
TCGA-96-7545-01,3309.96
TCGA-96-8169-01,1847.27
TCGA-96-8170-01,1747.82
TCGA-96-A4JL-01,2250.73
TCGA-98-7454-01,2824.36
TCGA-98-8020-01,1563.52
TCGA-98-8021-01,2419.06
TCGA-98-8022-01,1363.03
TCGA-98-8023-01,2205.18
TCGA-98-A538-01,1587.49
TCGA-98-A539-01,2246.79
TCGA-98-A53A-01,3634.22
TCGA-98-A53B-01,2060.74
TCGA-98-A53C-01,2052.08
TCGA-98-A53D-01,1477.59
TCGA-98-A53H-01,2042.51
TCGA-98-A53I-01,2044.52
TCGA-98-A53J-01,1641.09
TCGA-J1-A4AH-01,2961.54
TCGA-L3-A4E7-01,2587.15
TCGA-L3-A524-01,2088.55
TCGA-LA-A446-01,4405.73
TCGA-LA-A7SW-01,1708.68
TCGA-MF-A522-01,1769.62
TCGA-NC-A5HD-01,2628.28
TCGA-NC-A5HE-01,1493.86
TCGA-NC-A5HF-01,1849.53
TCGA-NC-A5HG-01,2288.23
TCGA-NC-A5HH-01,2341.57
TCGA-NC-A5HI-01,2649.48
TCGA-NC-A5HJ-01,2666.67
TCGA-NC-A5HK-01,1911.85
TCGA-NC-A5HL-01,2331.14
TCGA-NC-A5HM-01,1988.06
TCGA-NC-A5HN-01,2546.97
TCGA-NC-A5HO-01,1602.98
TCGA-NC-A5HP-01,1948.3
TCGA-NC-A5HQ-01,2333.6
TCGA-NC-A5HR-01,2463.37
TCGA-NC-A5HT-01,2051.27
TCGA-NK-A5CR-01,1940.0
TCGA-NK-A5CT-01,1552.8
TCGA-NK-A5CX-01,1941.07
TCGA-NK-A7XE-01,1707.33
TCGA-O2-A52N-01,1128.96
TCGA-O2-A52Q-01,1439.95
TCGA-O2-A52S-01,3081.54
TCGA-O2-A52V-01,2446.06
TCGA-O2-A52W-01,2709.3
TCGA-O2-A5IB-01,3855.96
TCGA-XC-AA0X-01,2253.95
TCGA-3H-AB3K-01,1517.68
TCGA-3H-AB3L-01,1227.71
TCGA-3H-AB3M-01,1859.52
TCGA-3H-AB3O-01,1275.85
TCGA-3H-AB3S-01,1384.41
TCGA-3H-AB3T-01,1702.05
TCGA-3H-AB3U-01,1975.63
TCGA-3H-AB3X-01,3888.84
TCGA-3U-A98D-01,1759.52
TCGA-3U-A98E-01,1957.34
TCGA-3U-A98F-01,4189.77
TCGA-3U-A98G-01,1238.59
TCGA-3U-A98H-01,1768.66
TCGA-3U-A98I-01,1820.44
TCGA-3U-A98J-01,1418.89
TCGA-LK-A4NW-01,1594.04
TCGA-LK-A4NY-01,2064.85
TCGA-LK-A4NZ-01,1697.6
TCGA-LK-A4O0-01,2249.14
TCGA-LK-A4O2-01,1249.47
TCGA-LK-A4O4-01,1487.46
TCGA-LK-A4O5-01,2084.44
TCGA-LK-A4O6-01,1200.98
TCGA-LK-A4O7-01,2185.38
TCGA-MQ-A4KX-01,1455.52
TCGA-MQ-A4LC-01,1491.64
TCGA-MQ-A4LI-01,1642.63
TCGA-MQ-A4LJ-01,1644.26
TCGA-MQ-A4LM-01,1358.51
TCGA-MQ-A4LP-01,1535.19
TCGA-MQ-A4LV-01,1162.04
TCGA-MQ-A6BL-01,1094.13
TCGA-MQ-A6BN-01,724.623
TCGA-MQ-A6BQ-01,1431.53
TCGA-MQ-A6BR-01,1435.53
TCGA-MQ-A6BS-01,2087.81
TCGA-NQ-A57I-01,1174.29
TCGA-NQ-A638-01,844.421
TCGA-SC-A6LM-01,3016.77
TCGA-SC-A6LN-01,838.01
TCGA-SC-A6LP-01,926.578
TCGA-SC-A6LQ-01,1512.35
TCGA-SC-A6LR-01,1146.99
TCGA-SC-AA5Z-01,1854.57
TCGA-SH-A7BC-01,1948.93
TCGA-SH-A7BD-01,775.701
TCGA-SH-A7BH-01,1315.15
TCGA-SH-A9CT-01,2039.8
TCGA-SH-A9CU-01,1476.61
TCGA-TS-A7OU-01,1277.05
TCGA-TS-A7OY-01,1250.09
TCGA-TS-A7OZ-01,1468.41
TCGA-TS-A7P0-01,1500.68
TCGA-TS-A7P1-01,1953.27
TCGA-TS-A7P3-01,2154.33
TCGA-TS-A7P6-01,916.716
TCGA-TS-A7P7-01,2246.41
TCGA-TS-A7P8-01,1773.47
TCGA-TS-A7PB-01,1172.2
TCGA-TS-A8AF-01,1543.67
TCGA-TS-A8AI-01,1825.5
TCGA-TS-A8AS-01,1561.05
TCGA-TS-A8AV-01,1380.35
TCGA-TS-A8AY-01,1700.37
TCGA-UD-AABY-01,1959.03
TCGA-UD-AABZ-01,1754.1
TCGA-UD-AAC1-01,1638.23
TCGA-UD-AAC4-01,1566.31
TCGA-UD-AAC5-01,1981.4
TCGA-UD-AAC6-01,1570.09
TCGA-UD-AAC7-01,1667.94
TCGA-UT-A88C-01,2183.29
TCGA-UT-A88D-01,2512.06
TCGA-UT-A88E-01,1874.33
TCGA-UT-A88G-01,3649.33
TCGA-UT-A97Y-01,1515.87
TCGA-XT-AASU-01,2347.17
TCGA-YS-A95B-01,1613.66
TCGA-YS-A95C-01,1823.13
TCGA-YS-AA4M-01,1913.97
TCGA-ZN-A9VO-01,1295.3
TCGA-ZN-A9VP-01,3774.6
TCGA-ZN-A9VQ-01,2245.7
TCGA-ZN-A9VS-01,2153.78
TCGA-ZN-A9VU-01,2596.79
TCGA-ZN-A9VV-01,2061.46
TCGA-ZN-A9VW-01,1761.55
TCGA-04-1331-01,
TCGA-04-1332-01,
TCGA-04-1335-01,
TCGA-04-1336-01,
TCGA-04-1337-01,
TCGA-04-1338-01,
TCGA-04-1341-01,
TCGA-04-1342-01,
TCGA-04-1343-01,
TCGA-04-1346-01,
TCGA-04-1347-01,
TCGA-04-1348-01,2225.9632
TCGA-04-1349-01,
TCGA-04-1350-01,
TCGA-04-1351-01,
TCGA-04-1353-01,
TCGA-04-1356-01,
TCGA-04-1357-01,3179.8574
TCGA-04-1360-01,
TCGA-04-1361-01,
TCGA-04-1362-01,3045.0789
TCGA-04-1364-01,2920.4246
TCGA-04-1365-01,2604.6108
TCGA-04-1367-01,
TCGA-04-1369-01,
TCGA-04-1371-01,
TCGA-04-1514-01,4394.3531
TCGA-04-1516-01,
TCGA-04-1517-01,
TCGA-04-1519-01,3417.2322
TCGA-04-1525-01,
TCGA-04-1530-01,
TCGA-04-1536-01,
TCGA-04-1542-01,
TCGA-04-1638-01,
TCGA-04-1644-01,
TCGA-04-1646-01,
TCGA-04-1648-01,
TCGA-04-1649-01,
TCGA-04-1651-01,
TCGA-04-1652-01,
TCGA-04-1654-01,
TCGA-04-1655-01,
TCGA-09-0364-01,1492.484
TCGA-09-0365-01,
TCGA-09-0366-01,1861.6693
TCGA-09-0367-01,2656.3899
TCGA-09-0369-01,955.5913
TCGA-09-1659-01,2884.9125
TCGA-09-1661-01,
TCGA-09-1662-01,2156.3144
TCGA-09-1664-01,
TCGA-09-1665-01,
TCGA-09-1666-01,2513.9484
TCGA-09-1667-01,2534.0416
TCGA-09-1668-01,2625.3555
TCGA-09-1669-01,2809.276
TCGA-09-1670-01,2797.8178
TCGA-09-1672-01,
TCGA-09-1673-01,3602.3937
TCGA-09-1674-01,3422.2685
TCGA-09-1675-01,
TCGA-09-2043-01,
TCGA-09-2044-01,2302.2511
TCGA-09-2045-01,1570.5093
TCGA-09-2049-01,
TCGA-09-2050-01,
TCGA-09-2051-01,4769.3089
TCGA-09-2053-01,
TCGA-09-2054-01,2286.9977
TCGA-09-2055-01,
TCGA-10-0925-01,
TCGA-10-0926-01,
TCGA-10-0927-01,
TCGA-10-0928-01,2819.214
TCGA-10-0930-01,
TCGA-10-0931-01,
TCGA-10-0933-01,
TCGA-10-0934-01,
TCGA-10-0935-01,
TCGA-10-0936-01,2513.328
TCGA-10-0937-01,
TCGA-10-0938-01,
TCGA-13-0714-01,
TCGA-13-0717-01,
TCGA-13-0720-01,
TCGA-13-0723-01,
TCGA-13-0724-01,
TCGA-13-0725-01,
TCGA-13-0726-01,
TCGA-13-0727-01,
TCGA-13-0730-01,1873.9755
TCGA-13-0751-01,
TCGA-13-0755-01,
TCGA-13-0757-01,
TCGA-13-0758-01,
TCGA-13-0760-01,
TCGA-13-0761-01,
TCGA-13-0762-01,
TCGA-13-0764-01,
TCGA-13-0765-01,
TCGA-13-0766-01,
TCGA-13-0768-01,
TCGA-13-0791-01,
TCGA-13-0792-01,
TCGA-13-0793-01,
TCGA-13-0794-01,
TCGA-13-0795-01,
TCGA-13-0797-01,
TCGA-13-0799-01,2010.3982
TCGA-13-0800-01,2121.0194
TCGA-13-0801-01,1446.4651
TCGA-13-0802-01,
TCGA-13-0803-01,
TCGA-13-0804-01,
TCGA-13-0805-01,
TCGA-13-0807-01,
TCGA-13-0883-01,
TCGA-13-0884-01,
TCGA-13-0885-01,
TCGA-13-0886-01,
TCGA-13-0887-01,
TCGA-13-0888-01,
TCGA-13-0889-01,
TCGA-13-0890-01,1045.3354
TCGA-13-0891-01,
TCGA-13-0893-01,3013.4138
TCGA-13-0894-01,
TCGA-13-0897-01,1623.3741
TCGA-13-0899-01,1773.9025
TCGA-13-0900-01,
TCGA-13-0901-01,
TCGA-13-0903-01,
TCGA-13-0904-01,
TCGA-13-0905-01,
TCGA-13-0906-01,
TCGA-13-0908-01,
TCGA-13-0910-01,
TCGA-13-0911-01,
TCGA-13-0912-01,
TCGA-13-0913-01,1792.8271
TCGA-13-0916-01,1958.371
TCGA-13-0919-01,
TCGA-13-0920-01,2899.3697
TCGA-13-0921-01,
TCGA-13-0923-01,
TCGA-13-0924-01,1921.6283
TCGA-13-1403-01,2092.405
TCGA-13-1404-01,
TCGA-13-1405-01,2008.2783
TCGA-13-1407-01,
TCGA-13-1408-01,
TCGA-13-1409-01,
TCGA-13-1410-01,1879.9941
TCGA-13-1411-01,1414.107
TCGA-13-1412-01,
TCGA-13-1477-01,
TCGA-13-1481-01,1590.5818
TCGA-13-1482-01,
TCGA-13-1483-01,
TCGA-13-1484-01,
TCGA-13-1485-01,
TCGA-13-1487-01,
TCGA-13-1488-01,
TCGA-13-1489-01,
TCGA-13-1491-01,
TCGA-13-1492-01,
TCGA-13-1494-01,
TCGA-13-1495-01,
TCGA-13-1496-01,
TCGA-13-1497-01,1441.9356
TCGA-13-1498-01,3412.9199
TCGA-13-1499-01,
TCGA-13-1500-01,
TCGA-13-1501-01,
TCGA-13-1504-01,
TCGA-13-1505-01,1619.6306
TCGA-13-1506-01,2897.5806
TCGA-13-1507-01,1580.9747
TCGA-13-1509-01,
TCGA-13-1510-01,
TCGA-13-1511-01,2133.3256
TCGA-13-1512-01,2293.6368
TCGA-13-1817-01,
TCGA-13-1819-01,
TCGA-13-2057-01,
TCGA-13-2059-01,
TCGA-13-2060-01,2992.9793
TCGA-13-2061-01,
TCGA-13-2065-01,
TCGA-13-2066-01,
TCGA-13-2071-01,
TCGA-13-A5FT-01,2780.2583
TCGA-13-A5FU-01,
TCGA-20-0987-01,
TCGA-20-0990-01,
TCGA-20-0991-01,
TCGA-20-0996-01,
TCGA-20-1682-01,3745.8692
TCGA-20-1683-01,5140.2523
TCGA-20-1684-01,2164.8666
TCGA-20-1685-01,3663.7901
TCGA-20-1686-01,
TCGA-20-1687-01,2396.5744
TCGA-23-1021-01,
TCGA-23-1022-01,
TCGA-23-1023-01,1851.3797
TCGA-23-1024-01,
TCGA-23-1026-01,1363.538
TCGA-23-1027-01,1452.1631
TCGA-23-1028-01,
TCGA-23-1029-01,2840.2173
TCGA-23-1030-01,
TCGA-23-1031-01,
TCGA-23-1032-01,
TCGA-23-1109-01,2470.1322
TCGA-23-1110-01,
TCGA-23-1111-01,2063.2734
TCGA-23-1113-01,
TCGA-23-1114-01,1633.7568
TCGA-23-1116-01,
TCGA-23-1117-01,
TCGA-23-1118-01,
TCGA-23-1119-01,
TCGA-23-1120-01,2327.97
TCGA-23-1121-01,
TCGA-23-1122-01,2224.5051
TCGA-23-1123-01,1670.5306
TCGA-23-1124-01,
TCGA-23-1809-01,423.8382
TCGA-23-2072-01,
TCGA-23-2077-01,2385.261
TCGA-23-2078-01,2111.371
TCGA-23-2079-01,
TCGA-23-2081-01,4713.2072
TCGA-23-2084-01,2463.2863
TCGA-23-2641-01,
TCGA-23-2643-01,
TCGA-23-2645-01,
TCGA-23-2647-01,
TCGA-23-2649-01,
TCGA-24-0966-01,
TCGA-24-0968-01,
TCGA-24-0970-01,
TCGA-24-0975-01,1709.9207
TCGA-24-0979-01,
TCGA-24-0980-01,
TCGA-24-0982-01,
TCGA-24-1103-01,1841.8139
TCGA-24-1104-01,
TCGA-24-1105-01,
TCGA-24-1413-01,2781.9025
TCGA-24-1416-01,1708.1006
TCGA-24-1417-01,2291.4031
TCGA-24-1418-01,1622.7847
TCGA-24-1419-01,2317.0703
TCGA-24-1422-01,
TCGA-24-1423-01,2537.0199
TCGA-24-1424-01,2183.3362
TCGA-24-1425-01,1961.8147
TCGA-24-1426-01,
TCGA-24-1427-01,3086.8993
TCGA-24-1428-01,1937.647
TCGA-24-1430-01,3091.5632
TCGA-24-1431-01,
TCGA-24-1434-01,2616.3689
TCGA-24-1435-01,1823.0031
TCGA-24-1436-01,1831.545
TCGA-24-1463-01,2844.2194
TCGA-24-1464-01,
TCGA-24-1466-01,
TCGA-24-1467-01,2486.7611
TCGA-24-1469-01,3015.1201
TCGA-24-1470-01,
TCGA-24-1471-01,
TCGA-24-1474-01,2231.1338
TCGA-24-1544-01,46.1407
TCGA-24-1545-01,2987.395
TCGA-24-1546-01,1538.1202
TCGA-24-1548-01,3478.1426
TCGA-24-1549-01,2678.7271
TCGA-24-1550-01,2362.024
TCGA-24-1551-01,1875.6301
TCGA-24-1552-01,1788.9905
TCGA-24-1553-01,2354.4128
TCGA-24-1555-01,2924.5404
TCGA-24-1556-01,2336.8532
TCGA-24-1557-01,2271.0514
TCGA-24-1558-01,2910.9106
TCGA-24-1560-01,1710.5412
TCGA-24-1562-01,2068.8164
TCGA-24-1563-01,2814.1468
TCGA-24-1564-01,2748.1381
TCGA-24-1565-01,
TCGA-24-1567-01,4053.9684
TCGA-24-1603-01,2863.0095
TCGA-24-1604-01,3513.0033
TCGA-24-1614-01,
TCGA-24-1616-01,1964.5862
TCGA-24-1842-01,2408.0429
TCGA-24-1843-01,1698.3281
TCGA-24-1844-01,2203.326
TCGA-24-1845-01,
TCGA-24-1846-01,2716.2144
TCGA-24-1847-01,3671.5978
TCGA-24-1849-01,1646.911
TCGA-24-1850-01,1179.7312
TCGA-24-1852-01,
TCGA-24-1920-01,
TCGA-24-1923-01,
TCGA-24-1924-01,2592.346
TCGA-24-1927-01,
TCGA-24-1928-01,2298.3111
TCGA-24-1930-01,1755.9499
TCGA-24-2019-01,2754.4567
TCGA-24-2020-01,2399.4286
TCGA-24-2023-01,2943.4547
TCGA-24-2024-01,2198.3208
TCGA-24-2026-01,2171.7643
TCGA-24-2027-01,2322.3857
TCGA-24-2029-01,
TCGA-24-2030-01,
TCGA-24-2033-01,2239.4276
TCGA-24-2035-01,2734.653
TCGA-24-2038-01,2277.5561
TCGA-24-2254-01,2746.7834
TCGA-24-2260-01,
TCGA-24-2261-01,3677.3683
TCGA-24-2262-01,2911.2312
TCGA-24-2267-01,1825.1851
TCGA-24-2271-01,1503.694
TCGA-24-2280-01,
TCGA-24-2281-01,1951.4734
TCGA-24-2288-01,2770.0203
TCGA-24-2289-01,2871.6342
TCGA-24-2290-01,2939.5457
TCGA-24-2293-01,2234.5465
TCGA-24-2295-01,
TCGA-24-2297-01,2018.0715
TCGA-24-2298-01,1777.0462
TCGA-25-1312-01,1505.4003
TCGA-25-1313-01,2691.6228
TCGA-25-1314-01,1437.4888
TCGA-25-1315-01,2251.4752
TCGA-25-1316-01,4875.3695
TCGA-25-1317-01,1713.3954
TCGA-25-1318-01,2113.7288
TCGA-25-1319-01,2964.7268
TCGA-25-1320-01,3132.3184
TCGA-25-1321-01,2571.1153
TCGA-25-1322-01,2150.9679
TCGA-25-1323-01,1822.8893
TCGA-25-1324-01,1377.4057
TCGA-25-1326-01,3185.9898
TCGA-25-1328-01,2260.193
TCGA-25-1329-01,3148.0889
TCGA-25-1623-01,1730.5206
TCGA-25-1625-01,3173.239
TCGA-25-1626-01,1948.6812
TCGA-25-1627-01,2378.5391
TCGA-25-1628-01,2075.3935
TCGA-25-1630-01,1996.9338
TCGA-25-1631-01,2178.5585
TCGA-25-1632-01,3075.3583
TCGA-25-1633-01,1696.4149
TCGA-25-1634-01,1291.2521
TCGA-25-1635-01,2579.1402
TCGA-25-1870-01,4293.8044
TCGA-25-1871-01,2301.5686
TCGA-25-1877-01,
TCGA-25-1878-01,
TCGA-25-2042-01,2784.0535
TCGA-25-2391-01,2422.9861
TCGA-25-2392-01,2660.6195
TCGA-25-2393-01,3413.6541
TCGA-25-2396-01,2934.9128
TCGA-25-2397-01,1538.3271
TCGA-25-2398-01,1964.0898
TCGA-25-2399-01,2125.1456
TCGA-25-2400-01,2652.6153
TCGA-25-2401-01,1409.4017
TCGA-25-2404-01,2317.7011
TCGA-25-2408-01,
TCGA-25-2409-01,1862.8068
TCGA-29-1688-01,1596.952
TCGA-29-1690-01,2318.2492
TCGA-29-1691-01,3813.8634
TCGA-29-1692-01,
TCGA-29-1693-01,1838.9391
TCGA-29-1694-01,2239.9033
TCGA-29-1695-01,1504.2524
TCGA-29-1696-01,2768.314
TCGA-29-1697-01,2473.8034
TCGA-29-1698-01,793.8085
TCGA-29-1699-01,2764.7566
TCGA-29-1701-01,2219.293
TCGA-29-1702-01,2339.4075
TCGA-29-1703-01,2316.0672
TCGA-29-1704-01,
TCGA-29-1705-01,4352.5018
TCGA-29-1707-01,
TCGA-29-1710-01,2810.3205
TCGA-29-1711-01,1748.8144
TCGA-29-1761-01,2047.2754
TCGA-29-1762-01,2233.016
TCGA-29-1763-01,1920.9561
TCGA-29-1764-01,
TCGA-29-1766-01,
TCGA-29-1768-01,
TCGA-29-1769-01,
TCGA-29-1770-01,1893.7688
TCGA-29-1771-01,
TCGA-29-1774-01,
TCGA-29-1775-01,
TCGA-29-1776-01,2540.5567
TCGA-29-1777-01,
TCGA-29-1778-01,2219.0242
TCGA-29-1781-01,1773.6543
TCGA-29-1783-01,1485.638
TCGA-29-1784-01,1942.5488
TCGA-29-1785-01,2323.7094
TCGA-29-2425-01,1677.1387
TCGA-29-2427-01,2256.6356
TCGA-29-2428-01,1539.4439
TCGA-29-2429-01,
TCGA-29-2431-01,
TCGA-29-2432-01,
TCGA-29-2434-01,
TCGA-29-2436-01,
TCGA-29-A5NZ-01,5336.4582
TCGA-30-1714-01,
TCGA-30-1718-01,3029.5463
TCGA-30-1853-01,
TCGA-30-1855-01,1649.6825
TCGA-30-1856-01,
TCGA-30-1857-01,1888.7636
TCGA-30-1859-01,
TCGA-30-1860-01,1581.44
TCGA-30-1861-01,3449.3214
TCGA-30-1862-01,1661.2647
TCGA-30-1866-01,
TCGA-30-1867-01,
TCGA-30-1880-01,
TCGA-30-1887-01,
TCGA-30-1891-01,2106.6346
TCGA-30-1892-01,
TCGA-31-1944-01,2348.0632
TCGA-31-1946-01,1705.8669
TCGA-31-1950-01,2643.9492
TCGA-31-1951-01,2113.3979
TCGA-31-1953-01,2233.5537
TCGA-31-1955-01,
TCGA-31-1956-01,2011.5151
TCGA-31-1959-01,2189.6651
TCGA-36-1568-01,3943.1921
TCGA-36-1569-01,3877.8452
TCGA-36-1570-01,2628.5924
TCGA-36-1571-01,2300.1932
TCGA-36-1574-01,2500.908
TCGA-36-1575-01,3510.7488
TCGA-36-1576-01,1918.5983
TCGA-36-1577-01,1862.5897
TCGA-36-1578-01,7463.7621
TCGA-36-1580-01,1964.9274
TCGA-36-1581-01,2881.3654
TCGA-36-2529-01,
TCGA-36-2530-01,
TCGA-36-2532-01,
TCGA-36-2533-01,
TCGA-36-2534-01,
TCGA-36-2537-01,
TCGA-36-2538-01,
TCGA-36-2540-01,
TCGA-36-2542-01,
TCGA-36-2543-01,
TCGA-36-2544-01,
TCGA-36-2545-01,
TCGA-36-2547-01,
TCGA-36-2548-01,
TCGA-36-2549-01,
TCGA-36-2551-01,
TCGA-36-2552-01,
TCGA-3P-A9WA-01,3163.7767
TCGA-42-2582-01,
TCGA-42-2587-01,
TCGA-42-2588-01,
TCGA-42-2589-01,
TCGA-42-2590-01,
TCGA-42-2591-01,
TCGA-42-2593-01,
TCGA-57-1582-01,3448.9698
TCGA-57-1583-01,2847.9112
TCGA-57-1584-01,2295.4776
TCGA-57-1585-01,2117.3482
TCGA-57-1586-01,
TCGA-57-1992-01,
TCGA-57-1993-01,1381.9869
TCGA-57-1994-01,2618.5303
TCGA-59-2348-01,1917.5228
TCGA-59-2349-01,
TCGA-59-2350-01,1794.006
TCGA-59-2351-01,2462.9554
TCGA-59-2352-01,3270.4268
TCGA-59-2354-01,2104.4319
TCGA-59-2355-01,2352.1274
TCGA-59-2363-01,2583.7524
TCGA-59-2372-01,
TCGA-59-A5PD-01,4186.6476
TCGA-5X-AA5U-01,2401.1142
TCGA-61-1721-01,2543.5556
TCGA-61-1722-01,
TCGA-61-1724-01,4471.7269
TCGA-61-1725-01,1992.363
TCGA-61-1727-01,
TCGA-61-1728-01,2514.6516
TCGA-61-1730-01,
TCGA-61-1733-01,2347.6289
TCGA-61-1734-01,
TCGA-61-1736-01,2642.4808
TCGA-61-1737-01,1825.8366
TCGA-61-1738-01,2096.7276
TCGA-61-1740-01,1624.7288
TCGA-61-1741-01,1723.9228
TCGA-61-1743-01,2156.2006
TCGA-61-1895-01,
TCGA-61-1899-01,
TCGA-61-1900-01,2158.4757
TCGA-61-1901-01,
TCGA-61-1903-01,
TCGA-61-1904-01,
TCGA-61-1906-01,
TCGA-61-1907-01,2589.2023
TCGA-61-1910-01,2390.3386
TCGA-61-1911-01,
TCGA-61-1913-01,
TCGA-61-1914-01,1670.3548
TCGA-61-1915-01,
TCGA-61-1917-01,4139.729
TCGA-61-1918-01,1943.707
TCGA-61-1919-01,1604.3771
TCGA-61-1995-01,1600.6749
TCGA-61-1998-01,2101.6811
TCGA-61-2000-01,4931.9056
TCGA-61-2002-01,2203.3467
TCGA-61-2003-01,1734.8536
TCGA-61-2008-01,2261.6718
TCGA-61-2009-01,1067.2797
TCGA-61-2012-01,2913.7338
TCGA-61-2016-01,2771.6853
TCGA-61-2017-01,
TCGA-61-2018-01,
TCGA-61-2087-01,
TCGA-61-2088-01,1384.6032
TCGA-61-2092-01,1179.3072
TCGA-61-2094-01,2134.67
TCGA-61-2095-01,1996.8821
TCGA-61-2096-01,
TCGA-61-2097-01,2399.0563
TCGA-61-2098-01,1119.5757
TCGA-61-2101-01,1284.1269
TCGA-61-2102-01,1185.3052
TCGA-61-2104-01,1244.954
TCGA-61-2109-01,2557.6302
TCGA-61-2110-01,2029.871
TCGA-61-2111-01,2391.7967
TCGA-61-2113-01,1858.5255
TCGA-61-2610-02,
TCGA-61-2611-02,
TCGA-61-2612-01,
TCGA-61-2613-01,
TCGA-61-2614-01,
TCGA-72-4231-01,
TCGA-72-4232-01,
TCGA-72-4233-01,
TCGA-72-4234-01,
TCGA-72-4235-01,
TCGA-72-4236-01,
TCGA-72-4237-01,
TCGA-72-4238-01,
TCGA-72-4240-01,
TCGA-72-4241-01,
TCGA-OY-A56P-01,3831.5161
TCGA-OY-A56Q-01,2144.1116
TCGA-VG-A8LO-01,3165.6381
TCGA-WR-A838-01,4483.6608
TCGA-2J-AAB1-01,1501.46
TCGA-2J-AAB4-01,2000.42
TCGA-2J-AAB6-01,1380.12
TCGA-2J-AAB8-01,1194.83
TCGA-2J-AAB9-01,1654.88
TCGA-2J-AABA-01,1870.67
TCGA-2J-AABE-01,1572.38
TCGA-2J-AABF-01,2111.46
TCGA-2J-AABH-01,1267.42
TCGA-2J-AABI-01,1935.41
TCGA-2J-AABK-01,1931.64
TCGA-2J-AABO-01,1318.91
TCGA-2J-AABP-01,1366.65
TCGA-2J-AABR-01,1840.45
TCGA-2J-AABT-01,1653.32
TCGA-2J-AABU-01,1708.52
TCGA-2J-AABV-01,765.354
TCGA-2L-AAQA-01,1625.18
TCGA-2L-AAQE-01,1660.33
TCGA-2L-AAQI-01,2095.97
TCGA-2L-AAQJ-01,1822.77
TCGA-2L-AAQL-01,1153.32
TCGA-2L-AAQM-01,1985.76
TCGA-3A-A9I5-01,977.791
TCGA-3A-A9I7-01,1890.96
TCGA-3A-A9I9-01,1370.54
TCGA-3A-A9IB-01,1750.68
TCGA-3A-A9IC-01,1240.0
TCGA-3A-A9IH-01,1564.22
TCGA-3A-A9IJ-01,1398.59
TCGA-3A-A9IL-01,2196.25
TCGA-3A-A9IN-01,1822.75
TCGA-3A-A9IO-01,1958.88
TCGA-3A-A9IR-01,2674.62
TCGA-3A-A9IS-01,2609.72
TCGA-3A-A9IU-01,2065.47
TCGA-3A-A9IV-01,3267.57
TCGA-3A-A9IX-01,2402.04
TCGA-3A-A9IZ-01,1662.45
TCGA-3A-A9J0-01,1002.9
TCGA-3E-AAAY-01,1567.53
TCGA-3E-AAAZ-01,1479.06
TCGA-F2-6879-01,2395.47
TCGA-F2-6880-01,2425.28
TCGA-F2-7273-01,2626.21
TCGA-F2-7276-01,2210.31
TCGA-F2-A44G-01,1901.77
TCGA-F2-A44H-01,1897.09
TCGA-F2-A7TX-01,2768.25
TCGA-F2-A8YN-01,1889.59
TCGA-FB-A4P5-01,1511.53
TCGA-FB-A4P6-01,2034.74
TCGA-FB-A545-01,1499.62
TCGA-FB-A5VM-01,796.557
TCGA-FB-A78T-01,1571.79
TCGA-FB-A7DR-01,1805.95
TCGA-FB-AAPP-01,1607.37
TCGA-FB-AAPQ-01,1768.86
TCGA-FB-AAPS-01,1506.9
TCGA-FB-AAPU-01,1478.56
TCGA-FB-AAPY-01,1130.01
TCGA-FB-AAPZ-01,2388.12
TCGA-FB-AAQ0-01,2164.65
TCGA-FB-AAQ1-01,1928.55
TCGA-FB-AAQ2-01,1922.29
TCGA-FB-AAQ3-01,1759.41
TCGA-FB-AAQ6-01,1798.12
TCGA-FZ-5919-01,
TCGA-FZ-5920-01,
TCGA-FZ-5921-01,
TCGA-FZ-5922-01,
TCGA-FZ-5923-01,
TCGA-FZ-5924-01,
TCGA-FZ-5926-01,
TCGA-H6-8124-01,2472.73
TCGA-H6-A45N-01,1858.14
TCGA-H8-A6C1-01,1685.88
TCGA-HV-A5A3-01,1786.25
TCGA-HV-A5A4-01,1706.07
TCGA-HV-A5A5-01,1553.44
TCGA-HV-A5A6-01,1614.56
TCGA-HV-A7OL-01,856.439
TCGA-HV-A7OP-01,977.528
TCGA-HV-AA8V-01,1290.49
TCGA-HV-AA8X-01,1616.6
TCGA-HZ-7289-01,1879.25
TCGA-HZ-7918-01,2970.55
TCGA-HZ-7919-01,2785.39
TCGA-HZ-7920-01,2501.61
TCGA-HZ-7922-01,3637.26
TCGA-HZ-7923-01,2298.87
TCGA-HZ-7924-01,2505.24
TCGA-HZ-7925-01,1746.47
TCGA-HZ-7926-01,2473.27
TCGA-HZ-8001-01,1414.31
TCGA-HZ-8002-01,2447.06
TCGA-HZ-8003-01,2586.79
TCGA-HZ-8005-01,2306.17
TCGA-HZ-8315-01,2430.9
TCGA-HZ-8317-01,2125.14
TCGA-HZ-8519-01,2451.02
TCGA-HZ-8636-01,2667.83
TCGA-HZ-8637-01,3115.91
TCGA-HZ-8638-01,2062.63
TCGA-HZ-A49G-01,1896.61
TCGA-HZ-A49H-01,1593.79
TCGA-HZ-A49I-01,1386.33
TCGA-HZ-A4BH-01,1980.32
TCGA-HZ-A4BK-01,1717.94
TCGA-HZ-A77O-01,1412.15
TCGA-HZ-A77P-01,1683.67
TCGA-HZ-A77Q-01,1641.6
TCGA-HZ-A8P0-01,1494.72
TCGA-HZ-A8P1-01,2243.11
TCGA-HZ-A9TJ-01,2090.56
TCGA-IB-7644-01,2684.05
TCGA-IB-7645-01,2505.2
TCGA-IB-7646-01,3002.54
TCGA-IB-7647-01,2881.34
TCGA-IB-7649-01,2899.25
TCGA-IB-7651-01,2331.52
TCGA-IB-7652-01,4264.78
TCGA-IB-7885-01,1787.7
TCGA-IB-7886-01,3463.87
TCGA-IB-7887-01,1864.59
TCGA-IB-7888-01,2474.41
TCGA-IB-7889-01,1731.77
TCGA-IB-7890-01,2438.71
TCGA-IB-7891-01,2453.52
TCGA-IB-7893-01,2401.05
TCGA-IB-7897-01,3528.37
TCGA-IB-8126-01,3207.1
TCGA-IB-8127-01,2588.36
TCGA-IB-A5SO-01,1848.12
TCGA-IB-A5SP-01,1682.34
TCGA-IB-A5SQ-01,1713.56
TCGA-IB-A5SS-01,1945.92
TCGA-IB-A5ST-01,1720.4
TCGA-IB-A6UF-01,1949.51
TCGA-IB-A6UG-01,2633.5
TCGA-IB-A7LX-01,3465.65
TCGA-IB-A7M4-01,1811.82
TCGA-IB-AAUM-01,2094.62
TCGA-IB-AAUN-01,2059.58
TCGA-IB-AAUO-01,1392.99
TCGA-IB-AAUP-01,2279.17
TCGA-IB-AAUQ-01,1307.4
TCGA-IB-AAUR-01,1830.03
TCGA-IB-AAUS-01,1461.05
TCGA-IB-AAUT-01,1861.24
TCGA-IB-AAUU-01,1902.43
TCGA-IB-AAUV-01,1509.73
TCGA-IB-AAUW-01,2069.21
TCGA-L1-A7W4-01,2719.21
TCGA-LB-A7SX-01,1939.93
TCGA-LB-A8F3-01,1309.64
TCGA-LB-A9Q5-01,1621.37
TCGA-M8-A5N4-01,1568.06
TCGA-OE-A75W-01,770.109
TCGA-PZ-A5RE-01,1189.07
TCGA-Q3-A5QY-01,2070.98
TCGA-Q3-AA2A-01,1413.12
TCGA-RB-A7B8-01,1387.69
TCGA-RB-AA9M-01,2096.14
TCGA-RL-AAAS-01,1433.55
TCGA-S4-A8RM-01,2241.58
TCGA-S4-A8RO-01,1519.42
TCGA-S4-A8RP-01,1652.2
TCGA-US-A774-01,1669.05
TCGA-US-A776-01,1681.04
TCGA-US-A779-01,1332.04
TCGA-US-A77E-01,1684.72
TCGA-US-A77G-01,1906.89
TCGA-US-A77J-01,1243.0
TCGA-XD-AAUG-01,1752.03
TCGA-XD-AAUH-01,1751.69
TCGA-XD-AAUI-01,1645.86
TCGA-XD-AAUL-01,1622.45
TCGA-XN-A8T3-01,1668.78
TCGA-XN-A8T5-01,1687.72
TCGA-YB-A89D-01,2004.11
TCGA-YH-A8SY-01,1722.55
TCGA-YY-A8LH-01,1951.71
TCGA-Z5-AAPL-01,2737.32
TCGA-P7-A5NX-01,748.881
TCGA-P7-A5NY-01,2014.41
TCGA-P8-A5KC-01,2032.49
TCGA-P8-A5KD-01,1708.86
TCGA-P8-A6RX-01,1435.52
TCGA-P8-A6RY-01,2208.88
TCGA-PR-A5PF-01,1878.02
TCGA-PR-A5PG-01,1878.42
TCGA-PR-A5PH-01,1662.45
TCGA-QR-A6GO-01,1289.94
TCGA-QR-A6GR-01,1515.52
TCGA-QR-A6GS-01,1494.12
TCGA-QR-A6GT-01,1940.03
TCGA-QR-A6GU-01,2417.76
TCGA-QR-A6GW-01,1210.68
TCGA-QR-A6GX-01,2414.49
TCGA-QR-A6GY-01,2028.36
TCGA-QR-A6GZ-01,1280.57
TCGA-QR-A6H0-01,1239.25
TCGA-QR-A6H1-01,1249.44
TCGA-QR-A6H2-01,724.395
TCGA-QR-A6H3-01,843.579
TCGA-QR-A6H4-01,1437.83
TCGA-QR-A6H5-01,1896.67
TCGA-QR-A6H6-01,2518.24
TCGA-QR-A6ZZ-01,1368.84
TCGA-QR-A700-01,1866.55
TCGA-QR-A702-01,1485.07
TCGA-QR-A703-01,1741.16
TCGA-QR-A705-01,1593.68
TCGA-QR-A706-01,1718.05
TCGA-QR-A707-01,1517.55
TCGA-QR-A708-01,1599.27
TCGA-QR-A70A-01,1908.33
TCGA-QR-A70C-01,1736.49
TCGA-QR-A70D-01,2181.15
TCGA-QR-A70E-01,2095.89
TCGA-QR-A70G-01,2342.06
TCGA-QR-A70H-01,1386.85
TCGA-QR-A70I-01,1951.95
TCGA-QR-A70J-01,1389.65
TCGA-QR-A70K-01,1690.21
TCGA-QR-A70M-01,1206.16
TCGA-QR-A70N-01,1977.19
TCGA-QR-A70O-01,2075.98
TCGA-QR-A70P-01,2622.18
TCGA-QR-A70Q-01,1911.33
TCGA-QR-A70R-01,1646.45
TCGA-QR-A70T-01,1964.69
TCGA-QR-A70U-01,1397.21
TCGA-QR-A70V-01,2105.11
TCGA-QR-A70W-01,1799.96
TCGA-QR-A70X-01,1626.6
TCGA-QR-A7IN-01,1868.8
TCGA-QR-A7IP-01,2240.37
TCGA-QT-A5XJ-01,3736.66
TCGA-QT-A5XK-01,1652.06
TCGA-QT-A5XL-01,1596.79
TCGA-QT-A5XM-01,1533.74
TCGA-QT-A5XN-01,1810.13
TCGA-QT-A5XO-01,2460.22
TCGA-QT-A5XP-01,1251.27
TCGA-QT-A69Q-01,2158.92
TCGA-QT-A7U0-01,2141.13
TCGA-RM-A68T-01,1836.85
TCGA-RM-A68W-01,1376.85
TCGA-RT-A6Y9-01,1829.92
TCGA-RT-A6YA-01,1319.7
TCGA-RT-A6YC-01,2010.21
TCGA-RW-A67V-01,1891.24
TCGA-RW-A67W-01,1622.3
TCGA-RW-A67X-01,925.389
TCGA-RW-A67Y-01,2227.62
TCGA-RW-A680-01,1751.1
TCGA-RW-A681-01,1981.74
TCGA-RW-A684-01,1380.4
TCGA-RW-A685-01,1476.53
TCGA-RW-A686-01,1991.1
TCGA-RW-A688-01,1628.87
TCGA-RW-A689-01,1515.75
TCGA-RW-A68A-01,1897.85
TCGA-RW-A68B-01,1722.23
TCGA-RW-A68C-01,1452.34
TCGA-RW-A68D-01,1966.22
TCGA-RW-A68F-01,1926.7
TCGA-RW-A68G-01,2031.12
TCGA-RW-A7CZ-01,1704.23
TCGA-RW-A7D0-01,985.172
TCGA-RW-A8AZ-01,1511.81
TCGA-RX-A8JQ-01,1927.2
TCGA-S7-A7WL-01,1680.99
TCGA-S7-A7WM-01,1434.53
TCGA-S7-A7WN-01,1114.21
TCGA-S7-A7WO-01,1343.19
TCGA-S7-A7WP-01,1402.66
TCGA-S7-A7WQ-01,1583.61
TCGA-S7-A7WR-01,1778.06
TCGA-S7-A7WT-01,1860.4
TCGA-S7-A7WU-01,2186.49
TCGA-S7-A7WV-01,1212.76
TCGA-S7-A7WW-01,1481.7
TCGA-S7-A7WX-01,1414.58
TCGA-S7-A7X0-01,1657.76
TCGA-S7-A7X1-01,1434.21
TCGA-S7-A7X2-01,1086.77
TCGA-SA-A6C2-01,2545.52
TCGA-SP-A6QC-01,974.638
TCGA-SP-A6QD-01,1837.16
TCGA-SP-A6QF-01,1149.75
TCGA-SP-A6QG-01,2453.06
TCGA-SP-A6QH-01,1627.78
TCGA-SP-A6QI-01,1639.44
TCGA-SP-A6QJ-01,1489.64
TCGA-SP-A6QK-01,1625.8
TCGA-SQ-A6I4-01,1140.14
TCGA-SQ-A6I6-01,2068.16
TCGA-SR-A6MP-01,1591.87
TCGA-SR-A6MQ-01,1912.85
TCGA-SR-A6MR-01,1367.37
TCGA-SR-A6MS-01,1172.15
TCGA-SR-A6MT-01,1669.28
TCGA-SR-A6MU-01,1397.93
TCGA-SR-A6MV-01,1430.24
TCGA-SR-A6MX-01,2410.54
TCGA-SR-A6MY-01,1424.2
TCGA-SR-A6MZ-01,1349.15
TCGA-SR-A6N0-01,1694.32
TCGA-TT-A6YJ-01,2161.5
TCGA-TT-A6YK-01,1838.91
TCGA-TT-A6YN-01,2183.9
TCGA-TT-A6YO-01,1006.45
TCGA-TT-A6YP-01,1597.84
TCGA-W2-A7H5-01,2502.51
TCGA-W2-A7H7-01,1532.48
TCGA-W2-A7HA-01,1698.67
TCGA-W2-A7HB-01,2345.12
TCGA-W2-A7HC-01,1540.37
TCGA-W2-A7HD-01,1711.74
TCGA-W2-A7HE-01,1643.55
TCGA-W2-A7HF-01,1981.4
TCGA-W2-A7HH-01,2418.53
TCGA-W2-A7UY-01,933.555
TCGA-WB-A80K-01,1598.74
TCGA-WB-A80L-01,1800.0
TCGA-WB-A80M-01,1405.59
TCGA-WB-A80N-01,2094.69
TCGA-WB-A80O-01,1791.87
TCGA-WB-A80P-01,1950.59
TCGA-WB-A80Q-01,2125.49
TCGA-WB-A80V-01,2337.03
TCGA-WB-A80Y-01,1756.11
TCGA-WB-A814-01,1252.12
TCGA-WB-A815-01,1580.22
TCGA-WB-A816-01,1348.12
TCGA-WB-A817-01,1498.02
TCGA-WB-A818-01,1593.64
TCGA-WB-A819-01,1382.09
TCGA-WB-A81A-01,1981.51
TCGA-WB-A81D-01,1608.02
TCGA-WB-A81E-01,1997.04
TCGA-WB-A81F-01,1568.73
TCGA-WB-A81G-01,1923.04
TCGA-WB-A81H-01,1687.95
TCGA-WB-A81I-01,1993.29
TCGA-WB-A81J-01,1432.75
TCGA-WB-A81K-01,1386.42
TCGA-WB-A81M-01,1950.73
TCGA-WB-A81N-01,1425.76
TCGA-WB-A81P-01,2164.97
TCGA-WB-A81Q-01,1707.35
TCGA-WB-A81R-01,1424.48
TCGA-WB-A81S-01,2016.67
TCGA-WB-A81T-01,1593.23
TCGA-WB-A81V-01,1319.18
TCGA-WB-A81W-01,1669.87
TCGA-WB-A821-01,1826.4
TCGA-WB-A822-01,1702.14
TCGA-XG-A823-01,865.385
TCGA-2A-A8VL-01,1897.53
TCGA-2A-A8VO-01,1807.11
TCGA-2A-A8VT-01,3612.87
TCGA-2A-A8VV-01,2497.24
TCGA-2A-A8VX-01,2154.43
TCGA-2A-A8W1-01,3016.41
TCGA-2A-A8W3-01,2702.51
TCGA-2A-AAYF-01,2118.85
TCGA-2A-AAYO-01,1750.39
TCGA-2A-AAYU-01,2511.64
TCGA-4L-AA1F-01,2039.84
TCGA-CH-5737-01,2290.95
TCGA-CH-5738-01,2954.25
TCGA-CH-5739-01,3453.5
TCGA-CH-5740-01,3232.54
TCGA-CH-5741-01,2841.68
TCGA-CH-5743-01,3085.61
TCGA-CH-5744-01,2478.96
TCGA-CH-5745-01,2478.23
TCGA-CH-5746-01,3224.94
TCGA-CH-5748-01,3013.76
TCGA-CH-5750-01,3402.4
TCGA-CH-5751-01,5263.24
TCGA-CH-5752-01,3878.47
TCGA-CH-5753-01,5302.31
TCGA-CH-5754-01,2225.42
TCGA-CH-5761-01,4097.25
TCGA-CH-5762-01,3253.68
TCGA-CH-5763-01,3153.29
TCGA-CH-5764-01,3832.22
TCGA-CH-5765-01,3689.29
TCGA-CH-5766-01,3020.37
TCGA-CH-5767-01,2256.0
TCGA-CH-5768-01,2901.64
TCGA-CH-5769-01,2910.22
TCGA-CH-5771-01,2319.36
TCGA-CH-5772-01,3742.29
TCGA-CH-5788-01,2132.03
TCGA-CH-5789-01,2595.7
TCGA-CH-5790-01,4120.25
TCGA-CH-5791-01,3255.16
TCGA-CH-5792-01,2194.14
TCGA-CH-5794-01,2219.72
TCGA-EJ-5494-01,3243.16
TCGA-EJ-5495-01,3791.88
TCGA-EJ-5496-01,3557.47
TCGA-EJ-5497-01,3776.06
TCGA-EJ-5498-01,3941.59
TCGA-EJ-5499-01,3308.38
TCGA-EJ-5501-01,2424.17
TCGA-EJ-5502-01,2655.11
TCGA-EJ-5503-01,2451.07
TCGA-EJ-5504-01,3073.74
TCGA-EJ-5505-01,3106.43
TCGA-EJ-5506-01,3994.87
TCGA-EJ-5507-01,5024.42
TCGA-EJ-5508-01,4429.15
TCGA-EJ-5509-01,2495.83
TCGA-EJ-5510-01,3916.23
TCGA-EJ-5511-01,3214.83
TCGA-EJ-5512-01,3010.76
TCGA-EJ-5514-01,3025.41
TCGA-EJ-5515-01,3385.69
TCGA-EJ-5516-01,4940.27
TCGA-EJ-5517-01,3002.2
TCGA-EJ-5518-01,3154.89
TCGA-EJ-5519-01,2397.25
TCGA-EJ-5521-01,2050.46
TCGA-EJ-5522-01,3853.14
TCGA-EJ-5524-01,5106.7
TCGA-EJ-5525-01,4156.94
TCGA-EJ-5526-01,4760.45
TCGA-EJ-5527-01,4683.52
TCGA-EJ-5530-01,3229.82
TCGA-EJ-5531-01,2787.21
TCGA-EJ-5532-01,2645.28
TCGA-EJ-5542-01,4120.62
TCGA-EJ-7115-01,2518.71
TCGA-EJ-7123-01,2367.58
TCGA-EJ-7125-01,2425.75
TCGA-EJ-7218-01,1783.39
TCGA-EJ-7314-01,2774.96
TCGA-EJ-7315-01,2768.79
TCGA-EJ-7317-01,1975.06
TCGA-EJ-7318-01,1077.12
TCGA-EJ-7321-01,3015.26
TCGA-EJ-7325-01,1242.18
TCGA-EJ-7327-01,3860.96
TCGA-EJ-7328-01,2977.29
TCGA-EJ-7330-01,2967.39
TCGA-EJ-7331-01,3274.97
TCGA-EJ-7781-01,3625.04
TCGA-EJ-7782-01,2872.7
TCGA-EJ-7783-01,3938.66
TCGA-EJ-7784-01,3232.98
TCGA-EJ-7785-01,3681.93
TCGA-EJ-7786-01,2416.22
TCGA-EJ-7788-01,3166.82
TCGA-EJ-7789-01,3544.08
TCGA-EJ-7791-01,2381.43
TCGA-EJ-7792-01,2534.51
TCGA-EJ-7793-01,2640.77
TCGA-EJ-7794-01,2824.7
TCGA-EJ-7797-01,2626.16
TCGA-EJ-8468-01,2993.01
TCGA-EJ-8469-01,3864.84
TCGA-EJ-8470-01,2816.11
TCGA-EJ-8472-01,3559.21
TCGA-EJ-8474-01,2605.74
TCGA-EJ-A46B-01,1930.36
TCGA-EJ-A46D-01,2231.93
TCGA-EJ-A46E-01,2174.73
TCGA-EJ-A46F-01,1420.22
TCGA-EJ-A46G-01,2237.5
TCGA-EJ-A46H-01,2443.81
TCGA-EJ-A46I-01,1971.83
TCGA-EJ-A65B-01,2273.6733
TCGA-EJ-A65D-01,2386.5156
TCGA-EJ-A65E-01,2486.64
TCGA-EJ-A65F-01,3512.54
TCGA-EJ-A65G-01,1967.57
TCGA-EJ-A65J-01,2378.81
TCGA-EJ-A65M-01,1475.5
TCGA-EJ-A6RA-01,1613.57
TCGA-EJ-A6RC-01,1711.75
TCGA-EJ-A7NF-01,2088.79
TCGA-EJ-A7NG-01,2089.11
TCGA-EJ-A7NH-01,2201.37
TCGA-EJ-A7NJ-01,2208.99
TCGA-EJ-A7NK-01,1920.2
TCGA-EJ-A7NM-01,2447.92
TCGA-EJ-A7NN-01,2316.25
TCGA-EJ-A8FN-01,1708.54
TCGA-EJ-A8FO-01,2353.63
TCGA-EJ-A8FP-01,2235.35
TCGA-EJ-A8FS-01,1974.34
TCGA-EJ-A8FU-01,2304.39
TCGA-EJ-AB20-01,1376.03
TCGA-EJ-AB27-01,1952.25
TCGA-FC-7708-01,2813.66
TCGA-FC-7961-01,2447.98
TCGA-FC-A4JI-01,1635.74
TCGA-FC-A5OB-01,2947.27
TCGA-FC-A66V-01,2543.3392
TCGA-FC-A6HD-01,2674.8096
TCGA-FC-A8O0-01,2272.81
TCGA-G9-6329-01,2258.14
TCGA-G9-6332-01,2293.68
TCGA-G9-6333-01,2011.26
TCGA-G9-6336-01,1902.62
TCGA-G9-6338-01,1557.04
TCGA-G9-6339-01,2006.26
TCGA-G9-6342-01,2290.28
TCGA-G9-6343-01,1473.84
TCGA-G9-6347-01,1580.9821
TCGA-G9-6348-01,2123.6
TCGA-G9-6351-01,2259.29
TCGA-G9-6353-01,1835.43
TCGA-G9-6354-01,2051.19
TCGA-G9-6356-01,2382.95
TCGA-G9-6361-01,2171.53
TCGA-G9-6362-01,4758.14
TCGA-G9-6363-01,4116.14
TCGA-G9-6364-01,2638.02
TCGA-G9-6365-01,2251.14
TCGA-G9-6366-01,1982.07
TCGA-G9-6367-01,1979.98
TCGA-G9-6369-01,1828.61
TCGA-G9-6370-01,2585.93
TCGA-G9-6371-01,2170.25
TCGA-G9-6373-01,2283.18
TCGA-G9-6377-01,2276.24
TCGA-G9-6378-01,2101.36
TCGA-G9-6379-01,1783.2523
TCGA-G9-6384-01,2951.03
TCGA-G9-6385-01,2311.75
TCGA-G9-6494-01,3698.4
TCGA-G9-6496-01,1774.43
TCGA-G9-6498-01,1685.22
TCGA-G9-6499-01,1835.29
TCGA-G9-7509-01,2348.34
TCGA-G9-7510-01,2055.38
TCGA-G9-7519-01,1504.65
TCGA-G9-7521-01,2690.5
TCGA-G9-7522-01,2251.84
TCGA-G9-7523-01,2080.26
TCGA-G9-7525-01,2078.9
TCGA-G9-A9S0-01,1414.43
TCGA-G9-A9S7-01,2492.65
TCGA-H9-7775-01,2560.98
TCGA-H9-A6BX-01,1771.59
TCGA-H9-A6BY-01,2573.8956
TCGA-HC-7075-01,2227.71
TCGA-HC-7077-01,2565.38
TCGA-HC-7078-01,2781.18
TCGA-HC-7079-01,2648.88
TCGA-HC-7080-01,2174.46
TCGA-HC-7081-01,2678.06
TCGA-HC-7209-01,2568.72
TCGA-HC-7210-01,2884.11
TCGA-HC-7211-01,3900.32
TCGA-HC-7212-01,4248.22
TCGA-HC-7213-01,2649.57
TCGA-HC-7230-01,2948.83
TCGA-HC-7231-01,2867.13
TCGA-HC-7232-01,3431.5
TCGA-HC-7233-01,2755.27
TCGA-HC-7736-01,2974.75
TCGA-HC-7737-01,2235.59
TCGA-HC-7738-01,2422.22
TCGA-HC-7740-01,2316.72
TCGA-HC-7742-01,2086.3
TCGA-HC-7744-01,2764.9
TCGA-HC-7745-01,2693.14
TCGA-HC-7747-01,2447.11
TCGA-HC-7748-01,3182.97
TCGA-HC-7749-01,2940.07
TCGA-HC-7750-01,1905.45
TCGA-HC-7752-01,1532.25
TCGA-HC-7817-01,2307.69
TCGA-HC-7818-01,2541.25
TCGA-HC-7819-01,3044.74
TCGA-HC-7820-01,2153.1
TCGA-HC-7821-01,2947.57
TCGA-HC-8213-01,3091.13
TCGA-HC-8216-01,2990.44
TCGA-HC-8256-01,2117.44
TCGA-HC-8257-01,3164.15
TCGA-HC-8258-01,1880.82
TCGA-HC-8259-01,2323.14
TCGA-HC-8260-01,2262.59
TCGA-HC-8261-01,2090.5
TCGA-HC-8262-01,2384.5
TCGA-HC-8264-01,2513.57
TCGA-HC-8265-01,2221.06
TCGA-HC-8266-01,2541.57
TCGA-HC-A48F-01,3088.38
TCGA-HC-A4ZV-01,2268.19
TCGA-HC-A631-01,3466.38
TCGA-HC-A632-01,3164.18
TCGA-HC-A6AL-01,2970.632
TCGA-HC-A6AN-01,2645.979
TCGA-HC-A6AO-01,2381.2225
TCGA-HC-A6AP-01,1973.8516
TCGA-HC-A6AQ-01,2211.0337
TCGA-HC-A6AS-01,1800.0049
TCGA-HC-A6HX-01,1807.137
TCGA-HC-A6HY-01,3134.5932
TCGA-HC-A76W-01,2683.83
TCGA-HC-A76X-01,2557.42
TCGA-HC-A8CY-01,2288.96
TCGA-HC-A8D0-01,2468.73
TCGA-HC-A8D1-01,2591.82
TCGA-HC-A9TE-01,1370.37
TCGA-HC-A9TH-01,2457.39
TCGA-HI-7168-01,2876.87
TCGA-HI-7169-01,1690.2
TCGA-HI-7170-01,2334.04
TCGA-HI-7171-01,3197.79
TCGA-J4-8198-01,2929.52
TCGA-J4-8200-01,2781.58
TCGA-J4-A67K-01,2463.6184
TCGA-J4-A67L-01,2374.9617
TCGA-J4-A67M-01,2295.0085
TCGA-J4-A67N-01,2636.4187
TCGA-J4-A67O-01,1937.1315
TCGA-J4-A67Q-01,2022.2774
TCGA-J4-A67R-01,2241.9162
TCGA-J4-A67S-01,2148.4383
TCGA-J4-A67T-01,1855.61
TCGA-J4-A6G1-01,2264.43
TCGA-J4-A6G3-01,2318.64
TCGA-J4-A6M7-01,6172.3106
TCGA-J4-A83I-01,2886.73
TCGA-J4-A83J-01,1861.79
TCGA-J4-A83K-01,2040.68
TCGA-J4-A83L-01,2086.89
TCGA-J4-A83M-01,1808.29
TCGA-J4-A83N-01,1791.71
TCGA-J4-AATV-01,1650.61
TCGA-J4-AATZ-01,2897.79
TCGA-J4-AAU2-01,1519.43
TCGA-J9-A52B-01,2345.27
TCGA-J9-A52C-01,1792.02
TCGA-J9-A52D-01,2358.62
TCGA-J9-A52E-01,1699.14
TCGA-J9-A8CK-01,1887.94
TCGA-J9-A8CL-01,3043.16
TCGA-J9-A8CM-01,1968.71
TCGA-J9-A8CN-01,1812.29
TCGA-J9-A8CP-01,1953.69
TCGA-KC-A4BL-01,2300.43
TCGA-KC-A4BN-01,2076.54
TCGA-KC-A4BO-01,
TCGA-KC-A4BR-01,2008.08
TCGA-KC-A4BV-01,2720.79
TCGA-KC-A7F3-01,1833.97
TCGA-KC-A7F5-01,1237.57
TCGA-KC-A7F6-01,1955.32
TCGA-KC-A7FA-01,2023.26
TCGA-KC-A7FD-01,2143.89
TCGA-KC-A7FE-01,1789.41
TCGA-KK-A59V-01,3009.34
TCGA-KK-A59X-01,1818.76
TCGA-KK-A59Y-01,2085.24
TCGA-KK-A59Z-01,2142.53
TCGA-KK-A5A1-01,3758.79
TCGA-KK-A6DY-01,2706.06
TCGA-KK-A6E0-01,1840.68
TCGA-KK-A6E1-01,2007.17
TCGA-KK-A6E2-01,3626.55
TCGA-KK-A6E3-01,2182.4842
TCGA-KK-A6E4-01,2905.5405
TCGA-KK-A6E5-01,1672.2
TCGA-KK-A6E6-01,2759.57
TCGA-KK-A6E7-01,3654.1347
TCGA-KK-A6E8-01,3185.8651
TCGA-KK-A7AP-01,3625.21
TCGA-KK-A7AQ-01,983.904
TCGA-KK-A7AU-01,2201.37
TCGA-KK-A7AV-01,1798.53
TCGA-KK-A7AW-01,914.027
TCGA-KK-A7AY-01,1171.41
TCGA-KK-A7AZ-01,1744.86
TCGA-KK-A7B0-01,726.838
TCGA-KK-A7B1-01,1966.0
TCGA-KK-A7B2-01,1341.59
TCGA-KK-A7B3-01,2793.63
TCGA-KK-A7B4-01,2061.37
TCGA-KK-A8I4-01,1748.87
TCGA-KK-A8I5-01,1930.39
TCGA-KK-A8I6-01,2038.22
TCGA-KK-A8I7-01,2151.81
TCGA-KK-A8I8-01,2651.37
TCGA-KK-A8I9-01,1646.68
TCGA-KK-A8IA-01,2722.13
TCGA-KK-A8IB-01,1392.08
TCGA-KK-A8IC-01,2627.72
TCGA-KK-A8ID-01,2166.6
TCGA-KK-A8IF-01,1751.78
TCGA-KK-A8IG-01,2177.83
TCGA-KK-A8IH-01,1578.03
TCGA-KK-A8II-01,2815.27
TCGA-KK-A8IJ-01,2237.05
TCGA-KK-A8IK-01,2242.34
TCGA-KK-A8IL-01,2081.65
TCGA-KK-A8IM-01,2590.33
TCGA-M7-A71Y-01,1978.82
TCGA-M7-A71Z-01,1258.6
TCGA-M7-A720-01,2009.27
TCGA-M7-A721-01,2106.19
TCGA-M7-A722-01,1441.7
TCGA-M7-A723-01,1738.71
TCGA-M7-A724-01,1365.47
TCGA-M7-A725-01,2576.86
TCGA-MG-AAMC-01,2243.14
TCGA-QU-A6IL-01,1906.0999
TCGA-QU-A6IM-01,1413.5705
TCGA-QU-A6IN-01,2202.5645
TCGA-QU-A6IO-01,1284.8235
TCGA-QU-A6IP-01,3222.8592
TCGA-SU-A7E7-01,2619.91
TCGA-TK-A8OK-01,2633.75
TCGA-TP-A8TT-01,2447.28
TCGA-TP-A8TV-01,1655.84
TCGA-V1-A8MF-01,1673.79
TCGA-V1-A8MG-01,2113.48
TCGA-V1-A8MJ-01,2129.85
TCGA-V1-A8MK-01,1807.69
TCGA-V1-A8ML-01,1893.81
TCGA-V1-A8MM-01,1695.78
TCGA-V1-A8MU-01,1854.77
TCGA-V1-A8WL-01,1906.25
TCGA-V1-A8WN-01,2718.5
TCGA-V1-A8WS-01,2533.57
TCGA-V1-A8WV-01,2165.79
TCGA-V1-A8WW-01,1662.83
TCGA-V1-A8X3-01,2235.17
TCGA-V1-A9O5-01,2686.79
TCGA-V1-A9O7-01,2002.54
TCGA-V1-A9O9-01,3609.6
TCGA-V1-A9OA-01,2451.66
TCGA-V1-A9OF-01,2535.61
TCGA-V1-A9OH-01,2411.27
TCGA-V1-A9OL-01,2014.81
TCGA-V1-A9OQ-01,1632.6
TCGA-V1-A9OT-01,1930.19
TCGA-V1-A9OX-01,1479.87
TCGA-V1-A9OY-01,2032.89
TCGA-V1-A9Z7-01,2846.72
TCGA-V1-A9Z8-01,1901.57
TCGA-V1-A9Z9-01,1699.01
TCGA-V1-A9ZG-01,2726.34
TCGA-V1-A9ZI-01,1730.5
TCGA-V1-A9ZK-01,2351.54
TCGA-V1-A9ZR-01,2219.71
TCGA-VN-A88I-01,1667.82
TCGA-VN-A88K-01,2727.29
TCGA-VN-A88L-01,2534.09
TCGA-VN-A88M-01,1956.8
TCGA-VN-A88N-01,1784.59
TCGA-VN-A88O-01,2031.04
TCGA-VN-A88P-01,1781.82
TCGA-VN-A88Q-01,2755.66
TCGA-VN-A88R-01,1577.69
TCGA-VN-A943-01,1802.33
TCGA-VP-A872-01,1156.31
TCGA-VP-A875-01,2544.53
TCGA-VP-A876-01,3143.78
TCGA-VP-A878-01,1737.45
TCGA-VP-A879-01,2155.92
TCGA-VP-A87B-01,1575.5
TCGA-VP-A87C-01,2344.46
TCGA-VP-A87D-01,3421.7
TCGA-VP-A87E-01,1601.11
TCGA-VP-A87H-01,1609.48
TCGA-VP-A87J-01,3589.07
TCGA-VP-A87K-01,2824.21
TCGA-VP-AA1N-01,1650.92
TCGA-WW-A8ZI-01,2829.45
TCGA-X4-A8KQ-01,1720.46
TCGA-X4-A8KS-01,1760.13
TCGA-XA-A8JR-01,1769.27
TCGA-XJ-A83F-01,1959.75
TCGA-XJ-A83G-01,1351.38
TCGA-XJ-A83H-01,1623.9
TCGA-XJ-A9DI-01,2523.23
TCGA-XJ-A9DK-01,2275.97
TCGA-XJ-A9DQ-01,2020.7
TCGA-XJ-A9DX-01,3100.3
TCGA-XK-AAIR-01,2707.0
TCGA-XK-AAIV-01,1981.93
TCGA-XK-AAIW-01,2962.59
TCGA-XK-AAJA-01,1760.04
TCGA-XK-AAJP-01,2116.67
TCGA-XK-AAJR-01,2188.84
TCGA-XK-AAJT-01,1727.87
TCGA-XK-AAJU-01,1712.5
TCGA-XQ-A8TA-01,2376.93
TCGA-XQ-A8TB-01,2754.26
TCGA-Y6-A8TL-01,1920.63
TCGA-Y6-A9XI-01,2428.45
TCGA-YJ-A8SW-01,3271.58
TCGA-YL-A8HJ-01,2212.33
TCGA-YL-A8HK-01,2784.51
TCGA-YL-A8HL-01,2965.21
TCGA-YL-A8HM-01,2077.08
TCGA-YL-A8HO-01,1800.81
TCGA-YL-A8S8-01,1965.82
TCGA-YL-A8S9-01,2837.6
TCGA-YL-A8SA-01,2395.31
TCGA-YL-A8SB-01,2657.49
TCGA-YL-A8SC-01,2931.71
TCGA-YL-A8SF-01,2496.39
TCGA-YL-A8SH-01,1847.78
TCGA-YL-A8SI-01,1898.16
TCGA-YL-A8SJ-01,2803.08
TCGA-YL-A8SK-01,2089.25
TCGA-YL-A8SL-01,2552.62
TCGA-YL-A8SO-01,1225.6
TCGA-YL-A8SP-01,3511.64
TCGA-YL-A8SQ-01,2512.09
TCGA-YL-A8SR-01,2582.52
TCGA-YL-A9WH-01,2467.14
TCGA-YL-A9WI-01,1682.24
TCGA-YL-A9WJ-01,1988.14
TCGA-YL-A9WK-01,2504.57
TCGA-YL-A9WL-01,3182.69
TCGA-YL-A9WX-01,2339.22
TCGA-YL-A9WY-01,2737.45
TCGA-ZG-A8QW-01,1553.25
TCGA-ZG-A8QX-01,1899.58
TCGA-ZG-A8QY-01,2424.43
TCGA-ZG-A8QZ-01,2635.52
TCGA-ZG-A9KY-01,3422.6
TCGA-ZG-A9L0-01,2495.57
TCGA-ZG-A9L1-01,2694.05
TCGA-ZG-A9L2-01,2100.74
TCGA-ZG-A9L4-01,2575.23
TCGA-ZG-A9L5-01,5908.33
TCGA-ZG-A9L6-01,1977.24
TCGA-ZG-A9L9-01,1367.39
TCGA-ZG-A9LB-01,2134.07
TCGA-ZG-A9LM-01,2505.81
TCGA-ZG-A9LN-01,1823.05
TCGA-ZG-A9LS-01,1676.66
TCGA-ZG-A9LU-01,1406.17
TCGA-ZG-A9LY-01,2531.33
TCGA-ZG-A9LZ-01,2698.58
TCGA-ZG-A9M4-01,2980.35
TCGA-ZG-A9MC-01,2454.95
TCGA-ZG-A9N3-01,2184.02
TCGA-ZG-A9ND-01,1821.2
TCGA-ZG-A9NI-01,1534.54
TCGA-3B-A9HI-01,1126.48
TCGA-3B-A9HJ-01,2016.36
TCGA-3B-A9HL-01,1463.89
TCGA-3B-A9HO-01,1307.27
TCGA-3B-A9HP-01,1707.75
TCGA-3B-A9HQ-01,2228.66
TCGA-3B-A9HR-01,4977.08
TCGA-3B-A9HS-01,1507.88
TCGA-3B-A9HT-01,2604.88
TCGA-3B-A9HU-01,2438.8
TCGA-3B-A9HV-01,5811.04
TCGA-3B-A9HX-01,2694.05
TCGA-3B-A9HY-01,3807.41
TCGA-3B-A9HZ-01,1789.2
TCGA-3B-A9I0-01,2050.77
TCGA-3B-A9I1-01,4996.25
TCGA-3B-A9I3-01,1730.0
TCGA-3R-A8YX-01,2496.03
TCGA-DX-A1KU-01,2519.4
TCGA-DX-A1KW-01,1954.63
TCGA-DX-A1KX-01,1840.55
TCGA-DX-A1KY-01,2869.38
TCGA-DX-A1KZ-01,1061.78
TCGA-DX-A1L0-01,2356.06
TCGA-DX-A1L1-01,2049.34
TCGA-DX-A1L2-01,1997.73
TCGA-DX-A1L3-01,1767.02
TCGA-DX-A1L4-01,1295.56
TCGA-DX-A23R-01,5423.15
TCGA-DX-A23T-01,1413.22
TCGA-DX-A23U-01,1808.99
TCGA-DX-A23V-01,1988.32
TCGA-DX-A23Y-01,3314.05
TCGA-DX-A23Z-01,1879.93
TCGA-DX-A240-01,1677.91
TCGA-DX-A2IZ-01,4897.1
TCGA-DX-A2J0-01,2789.53
TCGA-DX-A2J1-01,1009.58
TCGA-DX-A2J4-01,1724.58
TCGA-DX-A3LS-01,2396.8
TCGA-DX-A3LT-01,1818.02
TCGA-DX-A3LU-01,897.336
TCGA-DX-A3LW-01,1243.26
TCGA-DX-A3LY-01,894.921
TCGA-DX-A3M1-01,1476.28
TCGA-DX-A3M2-01,376.928
TCGA-DX-A3U5-01,1683.62
TCGA-DX-A3U6-01,1385.04
TCGA-DX-A3U7-01,3812.11
TCGA-DX-A3U8-01,2540.45
TCGA-DX-A3U9-01,2686.23
TCGA-DX-A3UA-01,2113.34
TCGA-DX-A3UB-01,1096.77
TCGA-DX-A3UC-01,1932.8
TCGA-DX-A3UD-01,2263.08
TCGA-DX-A3UE-01,2167.37
TCGA-DX-A3UF-01,2638.32
TCGA-DX-A48J-01,4086.43
TCGA-DX-A48K-01,1894.63
TCGA-DX-A48L-01,2925.16
TCGA-DX-A48N-01,3471.72
TCGA-DX-A48O-01,2346.94
TCGA-DX-A48P-01,1866.86
TCGA-DX-A48R-01,2945.7
TCGA-DX-A48U-01,3581.19
TCGA-DX-A48V-01,
TCGA-DX-A6B7-01,2562.61
TCGA-DX-A6B8-01,1999.07
TCGA-DX-A6B9-01,3440.65
TCGA-DX-A6BA-01,1930.01
TCGA-DX-A6BB-01,1735.58
TCGA-DX-A6BE-01,1067.11
TCGA-DX-A6BF-01,663.577
TCGA-DX-A6BG-01,1947.66
TCGA-DX-A6BH-01,2790.58
TCGA-DX-A6BK-01,
TCGA-DX-A6YQ-01,2931.91
TCGA-DX-A6YR-01,2420.33
TCGA-DX-A6YS-01,2561.16
TCGA-DX-A6YT-01,3566.36
TCGA-DX-A6YU-01,1667.54
TCGA-DX-A6YV-01,2492.15
TCGA-DX-A6YX-01,2840.29
TCGA-DX-A6YZ-01,1421.28
TCGA-DX-A6Z0-01,2199.22
TCGA-DX-A6Z2-01,2846.63
TCGA-DX-A7EF-01,2346.15
TCGA-DX-A7EI-01,2495.31
TCGA-DX-A7EL-01,1945.81
TCGA-DX-A7EM-01,2383.44
TCGA-DX-A7EN-01,2574.96
TCGA-DX-A7EO-01,1907.85
TCGA-DX-A7EQ-01,1228.57
TCGA-DX-A7ER-01,1516.23
TCGA-DX-A7ES-01,1351.65
TCGA-DX-A7ET-01,1331.67
TCGA-DX-A7EU-01,1044.6
TCGA-DX-A8BG-01,2544.64
TCGA-DX-A8BH-01,1937.56
TCGA-DX-A8BJ-01,1392.76
TCGA-DX-A8BK-01,1257.3
TCGA-DX-A8BL-01,1167.84
TCGA-DX-A8BM-01,3049.9
TCGA-DX-A8BN-01,1549.95
TCGA-DX-A8BO-01,1030.05
TCGA-DX-A8BP-01,1186.27
TCGA-DX-A8BR-01,1740.46
TCGA-DX-A8BS-01,3884.07
TCGA-DX-A8BT-01,1958.43
TCGA-DX-A8BU-01,3172.28
TCGA-DX-A8BV-01,1856.8
TCGA-DX-A8BX-01,2115.12
TCGA-DX-A8BZ-01,857.502
TCGA-DX-AATS-01,1908.81
TCGA-DX-AB2E-01,2075.32
TCGA-DX-AB2F-01,1855.22
TCGA-DX-AB2G-01,1336.41
TCGA-DX-AB2H-01,2682.79
TCGA-DX-AB2J-01,2076.52
TCGA-DX-AB2L-01,1158.39
TCGA-DX-AB2O-01,1480.57
TCGA-DX-AB2P-01,2447.56
TCGA-DX-AB2Q-01,1806.61
TCGA-DX-AB2S-01,1549.0
TCGA-DX-AB2T-01,2898.89
TCGA-DX-AB2V-01,3264.0
TCGA-DX-AB2W-01,716.332
TCGA-DX-AB2X-01,776.41
TCGA-DX-AB2Z-01,1925.7
TCGA-DX-AB30-01,2963.23
TCGA-DX-AB32-01,1504.71
TCGA-DX-AB35-01,1263.39
TCGA-DX-AB36-01,1773.94
TCGA-DX-AB37-01,1172.19
TCGA-DX-AB3A-01,1946.64
TCGA-DX-AB3B-01,4511.5
TCGA-DX-AB3C-01,1810.59
TCGA-FX-A2QS-01,9498.53
TCGA-FX-A3NJ-01,3540.24
TCGA-FX-A3NK-01,2970.52
TCGA-FX-A3RE-01,2187.38
TCGA-FX-A3TO-01,1640.5
TCGA-FX-A48G-01,684.247
TCGA-FX-A76Y-01,3466.89
TCGA-FX-A8OO-01,3264.51
TCGA-HB-A2OT-01,1985.15
TCGA-HB-A3L4-01,3088.46
TCGA-HB-A3YV-01,3717.91
TCGA-HB-A43Z-01,6244.97
TCGA-HB-A5W3-01,3673.14
TCGA-HS-A5N7-01,1861.01
TCGA-HS-A5N8-01,2181.49
TCGA-HS-A5NA-01,4683.89
TCGA-IE-A3OV-01,2070.85
TCGA-IE-A4EH-01,1981.48
TCGA-IE-A4EI-01,3928.96
TCGA-IE-A4EJ-01,3554.03
TCGA-IE-A4EK-01,3699.15
TCGA-IE-A6BZ-01,3123.51
TCGA-IF-A3RQ-01,1012.55
TCGA-IF-A4AJ-01,3502.27
TCGA-IS-A3K6-01,3558.67
TCGA-IS-A3K7-01,1834.52
TCGA-IS-A3K8-01,1770.03
TCGA-IS-A3KA-01,1317.32
TCGA-IW-A3M4-01,3222.51
TCGA-IW-A3M5-01,1685.91
TCGA-IW-A3M6-01,1723.32
TCGA-JV-A5VE-01,2851.38
TCGA-JV-A5VF-01,1498.0
TCGA-JV-A75J-01,3761.52
TCGA-K1-A3PN-01,2839.82
TCGA-K1-A3PO-01,1450.18
TCGA-K1-A42W-01,1525.47
TCGA-K1-A42X-01,4679.29
TCGA-K1-A6RT-01,2180.09
TCGA-K1-A6RU-01,1987.54
TCGA-K1-A6RV-01,937.402
TCGA-KD-A5QS-01,3044.35
TCGA-KD-A5QT-01,4475.88
TCGA-KD-A5QU-01,1449.28
TCGA-KF-A41W-01,2011.58
TCGA-LI-A67I-01,1606.82
TCGA-LI-A9QH-01,2374.4
TCGA-MB-A5Y8-01,1682.98
TCGA-MB-A5Y9-01,747.754
TCGA-MB-A5YA-01,2053.47
TCGA-MB-A8JK-01,2842.45
TCGA-MB-A8JL-01,2990.63
TCGA-MJ-A68H-01,1847.08
TCGA-MJ-A68J-01,1286.36
TCGA-MJ-A850-01,1639.46
TCGA-MO-A47P-01,1822.31
TCGA-MO-A47R-01,1504.44
TCGA-N1-A6IA-01,2663.83
TCGA-PC-A5DK-01,3541.08
TCGA-PC-A5DL-01,3794.98
TCGA-PC-A5DN-01,2138.44
TCGA-PC-A5DO-01,3015.97
TCGA-QC-A6FX-01,1731.92
TCGA-QC-A7B5-01,897.57
TCGA-QC-AA9N-01,2691.56
TCGA-QQ-A5V2-01,1125.14
TCGA-QQ-A5V9-01,1423.95
TCGA-QQ-A5VA-01,2889.55
TCGA-QQ-A5VB-01,2026.7
TCGA-QQ-A5VC-01,1399.42
TCGA-QQ-A5VD-01,1150.25
TCGA-QQ-A8VB-01,2399.57
TCGA-QQ-A8VD-01,1772.6
TCGA-QQ-A8VF-01,2279.62
TCGA-QQ-A8VG-01,2238.3
TCGA-QQ-A8VH-01,2234.99
TCGA-RN-A68Q-01,1807.36
TCGA-RN-AAAQ-01,1258.18
TCGA-SG-A6Z4-01,2950.12
TCGA-SG-A6Z7-01,2212.91
TCGA-SG-A849-01,1002.2
TCGA-SI-A71O-01,4129.61
TCGA-SI-A71P-01,2862.34
TCGA-SI-A71Q-01,3320.0
TCGA-SI-AA8B-01,3689.77
TCGA-SI-AA8C-01,2751.2
TCGA-UE-A6QT-01,1894.5
TCGA-UE-A6QU-01,1534.09
TCGA-VT-A80G-01,1320.19
TCGA-VT-A80J-01,1504.88
TCGA-VT-AB3D-01,1242.98
TCGA-WK-A8XO-01,1179.47
TCGA-WK-A8XQ-01,3096.79
TCGA-WK-A8XS-01,2371.31
TCGA-WK-A8XT-01,5424.75
TCGA-WK-A8XX-01,1584.81
TCGA-WK-A8XY-01,2608.92
TCGA-WK-A8XZ-01,3461.35
TCGA-WK-A8Y0-01,1876.31
TCGA-WP-A9GB-01,1318.34
TCGA-X2-A95T-01,4809.71
TCGA-X6-A7W8-01,566.606
TCGA-X6-A7WA-01,2534.16
TCGA-X6-A7WB-01,3919.76
TCGA-X6-A7WC-01,933.573
TCGA-X6-A7WD-01,2368.0
TCGA-X6-A8C2-01,1783.82
TCGA-X6-A8C3-01,2089.29
TCGA-X6-A8C4-01,1726.07
TCGA-X6-A8C5-01,1887.77
TCGA-X6-A8C6-01,1613.17
TCGA-X6-A8C7-01,5033.91
TCGA-X9-A971-01,3275.58
TCGA-X9-A973-01,1836.32
TCGA-Z4-A8JB-01,1580.82
TCGA-Z4-A9VC-01,2845.56
TCGA-Z4-AAPF-01,2179.03
TCGA-Z4-AAPG-01,1501.01
TCGA-3N-A9WB-06,1632.47
TCGA-3N-A9WC-06,1642.48
TCGA-3N-A9WD-06,1811.35
TCGA-BF-A1PU-01,781.169
TCGA-BF-A1PV-01,1814.11
TCGA-BF-A1PX-01,933.959
TCGA-BF-A1PZ-01,1132.69
TCGA-BF-A1Q0-01,2362.79
TCGA-BF-A3DJ-01,2263.66
TCGA-BF-A3DL-01,345.994
TCGA-BF-A3DM-01,1939.78
TCGA-BF-A3DN-01,2473.36
TCGA-BF-A5EO-01,325.593
TCGA-BF-A5EP-01,767.189
TCGA-BF-A5EQ-01,1316.72
TCGA-BF-A5ER-01,229.1
TCGA-BF-A5ES-01,639.884
TCGA-BF-AAP0-06,1485.52
TCGA-D3-A1Q1-06,1877.15
TCGA-D3-A1Q3-06,2325.54
TCGA-D3-A1Q4-06,3497.57
TCGA-D3-A1Q5-06,3522.56
TCGA-D3-A1Q6-06,3991.71
TCGA-D3-A1Q7-06,2389.01
TCGA-D3-A1Q8-06,2498.98
TCGA-D3-A1Q9-06,3489.29
TCGA-D3-A1QA-06,2480.6
TCGA-D3-A1QB-06,1017.98
TCGA-D3-A2J6-06,779.695
TCGA-D3-A2J7-06,1734.81
TCGA-D3-A2J8-06,1678.95
TCGA-D3-A2J9-06,2281.89
TCGA-D3-A2JA-06,2566.67
TCGA-D3-A2JB-06,2300.18
TCGA-D3-A2JC-06,2442.87
TCGA-D3-A2JD-06,497.783
TCGA-D3-A2JE-06,3134.08
TCGA-D3-A2JF-06,2567.38
TCGA-D3-A2JG-06,1851.35
TCGA-D3-A2JH-06,2817.09
TCGA-D3-A2JK-06,290.698
TCGA-D3-A2JL-06,2203.47
TCGA-D3-A2JN-06,1869.68
TCGA-D3-A2JO-06,4473.3
TCGA-D3-A2JP-06,1825.74
TCGA-D3-A3BZ-06,849.943
TCGA-D3-A3C1-06,842.742
TCGA-D3-A3C3-06,2016.35
TCGA-D3-A3C6-06,2740.32
TCGA-D3-A3C7-06,1992.82
TCGA-D3-A3C8-06,1997.82
TCGA-D3-A3CB-06,2055.81
TCGA-D3-A3CC-06,1527.81
TCGA-D3-A3CE-06,5043.4
TCGA-D3-A3CF-06,1890.11
TCGA-D3-A3ML-06,2268.56
TCGA-D3-A3MO-06,2021.59
TCGA-D3-A3MR-06,1557.61
TCGA-D3-A3MU-06,749.11
TCGA-D3-A3MV-06,1968.67
TCGA-D3-A51E-06,1636.17
TCGA-D3-A51F-06,1801.85
TCGA-D3-A51G-06,4026.47
TCGA-D3-A51H-06,2447.0
TCGA-D3-A51J-06,1719.43
TCGA-D3-A51K-06,638.629
TCGA-D3-A51N-06,1234.78
TCGA-D3-A51R-06,2178.5
TCGA-D3-A51T-06,2248.12
TCGA-D3-A5GL-06,1317.19
TCGA-D3-A5GN-06,2438.08
TCGA-D3-A5GO-06,1326.7
TCGA-D3-A5GR-06,5018.23
TCGA-D3-A5GS-06,1323.69
TCGA-D3-A5GT-01,1458.67
TCGA-D3-A5GU-06,4047.67
TCGA-D3-A8GB-06,1253.26
TCGA-D3-A8GC-06,2594.84
TCGA-D3-A8GD-06,2110.69
TCGA-D3-A8GE-06,2009.03
TCGA-D3-A8GI-06,611.954
TCGA-D3-A8GJ-06,1623.47
TCGA-D3-A8GK-06,1120.16
TCGA-D3-A8GL-06,2777.91
TCGA-D3-A8GM-06,1986.96
TCGA-D3-A8GN-06,1337.3
TCGA-D3-A8GO-06,1444.53
TCGA-D3-A8GP-06,2752.04
TCGA-D3-A8GQ-06,1504.33
TCGA-D3-A8GR-06,1164.63
TCGA-D3-A8GS-06,2637.74
TCGA-D3-A8GV-06,1470.47
TCGA-D9-A148-06,1267.0
TCGA-D9-A149-06,1564.37
TCGA-D9-A1JW-06,587.032
TCGA-D9-A1JX-06,2673.2
TCGA-D9-A1X3-01,
TCGA-D9-A1X3-06,2995.18
TCGA-D9-A3Z1-06,1481.04
TCGA-D9-A3Z3-06,1237.64
TCGA-D9-A3Z4-01,2111.58
TCGA-D9-A4Z2-01,2482.18
TCGA-D9-A4Z3-01,2805.04
TCGA-D9-A4Z5-01,803.826
TCGA-D9-A4Z6-01,
TCGA-D9-A4Z6-06,2093.91
TCGA-D9-A6E9-06,459.582
TCGA-D9-A6EA-06,1215.95
TCGA-D9-A6EC-06,1680.74
TCGA-D9-A6EG-06,2600.01
TCGA-DA-A1HV-06,2521.7
TCGA-DA-A1HW-06,3919.85
TCGA-DA-A1HY-06,2372.49
TCGA-DA-A1I0-06,159.558
TCGA-DA-A1I1-06,2309.7
TCGA-DA-A1I2-06,4880.08
TCGA-DA-A1I4-06,1652.52
TCGA-DA-A1I5-06,1882.17
TCGA-DA-A1I7-06,2737.09
TCGA-DA-A1I8-06,2422.11
TCGA-DA-A1IA-06,238.142
TCGA-DA-A1IB-06,2306.47
TCGA-DA-A1IC-06,3849.18
TCGA-DA-A3F2-06,366.466
TCGA-DA-A3F3-06,3199.94
TCGA-DA-A3F5-06,2253.16
TCGA-DA-A3F8-06,2287.0
TCGA-DA-A95V-06,584.978
TCGA-DA-A95W-06,2087.67
TCGA-DA-A95X-06,2586.2
TCGA-DA-A95Y-06,588.529
TCGA-DA-A95Z-06,1825.87
TCGA-EB-A1NK-01,647.291
TCGA-EB-A24C-01,2558.88
TCGA-EB-A24D-01,2551.56
TCGA-EB-A299-01,1399.99
TCGA-EB-A3HV-01,703.12
TCGA-EB-A3XB-01,1642.44
TCGA-EB-A3XC-01,1963.57
TCGA-EB-A3XD-01,461.25
TCGA-EB-A3XE-01,681.197
TCGA-EB-A3XF-01,2171.04
TCGA-EB-A3Y6-01,1298.28
TCGA-EB-A3Y7-01,174.135
TCGA-EB-A41A-01,1725.8
TCGA-EB-A41B-01,1562.88
TCGA-EB-A42Y-01,1494.6
TCGA-EB-A42Z-01,1393.61
TCGA-EB-A430-01,1336.66
TCGA-EB-A431-01,1548.93
TCGA-EB-A44N-01,1925.86
TCGA-EB-A44O-01,2281.3
TCGA-EB-A44P-01,2186.17
TCGA-EB-A44Q-06,2592.58
TCGA-EB-A44R-06,1865.51
TCGA-EB-A4IQ-01,913.505
TCGA-EB-A4IS-01,1998.87
TCGA-EB-A4OY-01,312.564
TCGA-EB-A4OZ-01,532.102
TCGA-EB-A4P0-01,1663.52
TCGA-EB-A4XL-01,2734.22
TCGA-EB-A551-01,2062.7
TCGA-EB-A553-01,1342.24
TCGA-EB-A57M-01,429.51
TCGA-EB-A5FP-01,3026.59
TCGA-EB-A5KH-06,587.983
TCGA-EB-A5SE-01,1896.31
TCGA-EB-A5SF-01,207.603
TCGA-EB-A5SG-06,1710.6
TCGA-EB-A5SH-06,585.139
TCGA-EB-A5UL-06,2433.97
TCGA-EB-A5UM-01,1111.97
TCGA-EB-A5UN-06,2020.84
TCGA-EB-A5VU-01,4601.39
TCGA-EB-A5VV-06,3105.59
TCGA-EB-A6L9-06,511.535
TCGA-EB-A6QY-01,2123.97
TCGA-EB-A6QZ-01,1195.85
TCGA-EB-A6R0-01,2581.75
TCGA-EE-A17X-06,960.45
TCGA-EE-A17Y-06,1552.75
TCGA-EE-A17Z-06,1287.04
TCGA-EE-A180-06,1792.73
TCGA-EE-A181-06,2178.45
TCGA-EE-A182-06,253.961
TCGA-EE-A183-06,431.14
TCGA-EE-A184-06,1348.79
TCGA-EE-A185-06,994.475
TCGA-EE-A20B-06,3083.15
TCGA-EE-A20C-06,3284.77
TCGA-EE-A20F-06,2473.94
TCGA-EE-A20H-06,4334.71
TCGA-EE-A20I-06,1289.58
TCGA-EE-A29A-06,2672.62
TCGA-EE-A29B-06,1116.55
TCGA-EE-A29C-06,888.178
TCGA-EE-A29D-06,2277.37
TCGA-EE-A29E-06,1413.86
TCGA-EE-A29G-06,2361.13
TCGA-EE-A29H-06,2284.0
TCGA-EE-A29L-06,2634.06
TCGA-EE-A29M-06,2872.49
TCGA-EE-A29N-06,2506.24
TCGA-EE-A29P-06,2695.65
TCGA-EE-A29Q-06,2687.55
TCGA-EE-A29R-06,1834.19
TCGA-EE-A29S-06,1768.35
TCGA-EE-A29T-06,3586.08
TCGA-EE-A29V-06,616.199
TCGA-EE-A29W-06,2738.49
TCGA-EE-A29X-06,788.214
TCGA-EE-A2A0-06,4059.34
TCGA-EE-A2A1-06,1389.86
TCGA-EE-A2A2-06,554.224
TCGA-EE-A2A5-06,1979.5
TCGA-EE-A2A6-06,2214.38
TCGA-EE-A2GB-06,2902.49
TCGA-EE-A2GC-06,3281.36
TCGA-EE-A2GD-06,2385.95
TCGA-EE-A2GE-06,2251.96
TCGA-EE-A2GH-06,2311.35
TCGA-EE-A2GI-06,1917.3
TCGA-EE-A2GJ-06,2945.47
TCGA-EE-A2GK-06,3176.65
TCGA-EE-A2GL-06,2546.36
TCGA-EE-A2GM-06,396.025
TCGA-EE-A2GN-06,1635.6
TCGA-EE-A2GO-06,2342.87
TCGA-EE-A2GP-06,3118.22
TCGA-EE-A2GR-06,3156.55
TCGA-EE-A2GS-06,4785.16
TCGA-EE-A2GT-06,859.087
TCGA-EE-A2GU-06,3257.53
TCGA-EE-A2M5-06,1867.46
TCGA-EE-A2M6-06,3402.47
TCGA-EE-A2M7-06,2963.95
TCGA-EE-A2M8-06,2656.26
TCGA-EE-A2MC-06,2264.76
TCGA-EE-A2MD-06,3330.15
TCGA-EE-A2ME-06,2874.2
TCGA-EE-A2MF-06,2901.39
TCGA-EE-A2MG-06,2801.21
TCGA-EE-A2MH-06,2709.58
TCGA-EE-A2MI-06,2953.71
TCGA-EE-A2MJ-06,2481.27
TCGA-EE-A2MK-06,3144.1
TCGA-EE-A2ML-06,2421.6
TCGA-EE-A2MM-06,5445.27
TCGA-EE-A2MN-06,1730.77
TCGA-EE-A2MP-06,1332.41
TCGA-EE-A2MQ-06,2752.49
TCGA-EE-A2MR-06,2670.74
TCGA-EE-A2MS-06,4279.19
TCGA-EE-A2MT-06,2038.18
TCGA-EE-A2MU-06,834.943
TCGA-EE-A3AA-06,2764.91
TCGA-EE-A3AB-06,3057.89
TCGA-EE-A3AC-06,3031.22
TCGA-EE-A3AD-06,3055.26
TCGA-EE-A3AE-06,3096.06
TCGA-EE-A3AF-06,837.057
TCGA-EE-A3AG-06,1773.67
TCGA-EE-A3AH-06,2924.29
TCGA-EE-A3J3-06,2727.48
TCGA-EE-A3J4-06,2426.32
TCGA-EE-A3J5-06,1892.85
TCGA-EE-A3J7-06,2243.96
TCGA-EE-A3J8-06,3620.91
TCGA-EE-A3JA-06,3470.81
TCGA-EE-A3JB-06,3026.77
TCGA-EE-A3JD-06,2777.94
TCGA-EE-A3JE-06,2499.1
TCGA-EE-A3JH-06,2191.39
TCGA-EE-A3JI-06,4665.59
TCGA-ER-A193-06,2136.4
TCGA-ER-A194-01,378.589
TCGA-ER-A195-06,2657.87
TCGA-ER-A196-01,1658.05
TCGA-ER-A197-06,1602.11
TCGA-ER-A198-06,2595.61
TCGA-ER-A199-06,1788.08
TCGA-ER-A19A-06,2584.6
TCGA-ER-A19B-06,3010.4
TCGA-ER-A19C-06,1947.64
TCGA-ER-A19D-06,948.635
TCGA-ER-A19E-06,1998.81
TCGA-ER-A19F-06,2554.03
TCGA-ER-A19G-06,3019.82
TCGA-ER-A19H-06,3703.44
TCGA-ER-A19J-06,2059.73
TCGA-ER-A19K-01,1839.84
TCGA-ER-A19L-06,3587.44
TCGA-ER-A19M-06,2712.95
TCGA-ER-A19N-06,1329.54
TCGA-ER-A19O-06,1003.9
TCGA-ER-A19P-06,3270.19
TCGA-ER-A19Q-06,1642.97
TCGA-ER-A19S-06,2894.66
TCGA-ER-A19T-01,2357.75
TCGA-ER-A19T-06,1317.51
TCGA-ER-A19W-06,2398.0
TCGA-ER-A1A1-06,3173.36
TCGA-ER-A2NB-01,295.868
TCGA-ER-A2NC-06,1857.67
TCGA-ER-A2ND-06,1134.6
TCGA-ER-A2NE-06,3278.46
TCGA-ER-A2NF-01,3570.76
TCGA-ER-A2NF-06,4009.41
TCGA-ER-A2NG-06,2000.0
TCGA-ER-A2NH-06,2244.15
TCGA-ER-A3ES-06,3101.65
TCGA-ER-A3ET-06,1824.03
TCGA-ER-A3EV-06,1068.26
TCGA-ER-A3PL-06,3461.78
TCGA-ER-A42H-01,2344.44
TCGA-ER-A42K-06,2276.65
TCGA-ER-A42L-06,1560.35
TCGA-FR-A2OS-01,2992.94
TCGA-FR-A3R1-01,2295.94
TCGA-FR-A3YN-06,2638.64
TCGA-FR-A3YO-06,311.779
TCGA-FR-A44A-06,2021.62
TCGA-FR-A69P-06,2559.16
TCGA-FR-A726-01,1912.76
TCGA-FR-A728-01,1055.74
TCGA-FR-A729-06,2474.99
TCGA-FR-A7U8-06,2016.88
TCGA-FR-A7U9-06,1366.68
TCGA-FR-A7UA-06,2294.43
TCGA-FR-A8YC-06,2721.55
TCGA-FR-A8YD-06,500.886
TCGA-FR-A8YE-06,2787.84
TCGA-FS-A1YW-06,3366.66
TCGA-FS-A1YX-06,2829.13
TCGA-FS-A1YY-06,1433.48
TCGA-FS-A1Z0-06,4385.27
TCGA-FS-A1Z3-06,3592.48
TCGA-FS-A1Z4-06,2991.31
TCGA-FS-A1Z7-06,2064.22
TCGA-FS-A1ZA-06,2359.89
TCGA-FS-A1ZB-06,1205.01
TCGA-FS-A1ZC-06,1832.68
TCGA-FS-A1ZD-06,3506.06
TCGA-FS-A1ZE-06,2565.35
TCGA-FS-A1ZF-06,1518.86
TCGA-FS-A1ZG-06,2045.23
TCGA-FS-A1ZH-06,2347.55
TCGA-FS-A1ZJ-06,2894.34
TCGA-FS-A1ZK-06,1761.24
TCGA-FS-A1ZM-06,2745.94
TCGA-FS-A1ZN-01,2737.32
TCGA-FS-A1ZP-06,2314.89
TCGA-FS-A1ZQ-06,902.12
TCGA-FS-A1ZR-06,2894.23
TCGA-FS-A1ZS-06,3139.5
TCGA-FS-A1ZT-06,3514.42
TCGA-FS-A1ZU-06,1988.25
TCGA-FS-A1ZW-06,3924.37
TCGA-FS-A1ZY-06,1143.76
TCGA-FS-A1ZZ-06,5414.51
TCGA-FS-A4F0-06,2993.39
TCGA-FS-A4F2-06,2597.6
TCGA-FS-A4F4-06,497.241
TCGA-FS-A4F5-06,1910.6
TCGA-FS-A4F8-06,3028.73
TCGA-FS-A4F9-06,2548.84
TCGA-FS-A4FB-06,2268.6
TCGA-FS-A4FC-06,1840.11
TCGA-FS-A4FD-06,2247.74
TCGA-FW-A3I3-06,3456.78
TCGA-FW-A3R5-06,2342.21
TCGA-FW-A3TU-06,438.399
TCGA-FW-A3TV-06,1690.54
TCGA-FW-A5DX-01,5108.6
TCGA-FW-A5DY-06,2524.64
TCGA-GF-A2C7-01,1958.24
TCGA-GF-A3OT-06,1509.29
TCGA-GF-A4EO-06,2799.62
TCGA-GF-A6C8-06,2061.02
TCGA-GF-A6C9-06,3094.2
TCGA-GF-A769-01,2066.64
TCGA-GN-A262-06,1930.42
TCGA-GN-A263-01,2116.61
TCGA-GN-A264-06,1857.35
TCGA-GN-A265-06,1551.52
TCGA-GN-A266-06,3378.45
TCGA-GN-A267-06,1623.68
TCGA-GN-A268-06,2111.99
TCGA-GN-A269-01,
TCGA-GN-A26A-06,2237.78
TCGA-GN-A26C-01,1568.39
TCGA-GN-A26D-06,1610.58
TCGA-GN-A4U3-06,1626.16
TCGA-GN-A4U4-06,2777.58
TCGA-GN-A4U5-01,1360.71
TCGA-GN-A4U7-06,922.161
TCGA-GN-A4U8-06,2440.16
TCGA-GN-A4U9-06,2507.17
TCGA-GN-A8LK-06,805.113
TCGA-GN-A8LL-06,395.511
TCGA-GN-A9SD-06,2222.18
TCGA-HR-A2OG-01,
TCGA-HR-A2OG-06,2311.17
TCGA-HR-A2OH-01,
TCGA-HR-A2OH-06,2328.65
TCGA-IH-A3EA-01,500.625
TCGA-LH-A9QB-06,2086.49
TCGA-OD-A75X-06,3440.72
TCGA-QB-A6FS-06,163.887
TCGA-QB-AA9O-06,1297.54
TCGA-RP-A690-06,2227.81
TCGA-RP-A693-06,1794.63
TCGA-RP-A694-06,1741.34
TCGA-RP-A695-06,1290.81
TCGA-RP-A6K9-06,1504.74
TCGA-W3-A824-06,1446.47
TCGA-W3-A825-06,2505.56
TCGA-W3-A828-06,1934.11
TCGA-W3-AA1O-06,2401.78
TCGA-W3-AA1Q-06,1991.12
TCGA-W3-AA1R-06,2520.56
TCGA-W3-AA1V-06,2310.58
TCGA-W3-AA1W-06,1816.69
TCGA-W3-AA21-06,1260.69
TCGA-WE-A8JZ-06,3057.06
TCGA-WE-A8K1-06,1701.32
TCGA-WE-A8K5-06,1707.07
TCGA-WE-A8K6-06,1731.45
TCGA-WE-A8ZM-06,2621.12
TCGA-WE-A8ZN-06,643.176
TCGA-WE-A8ZO-06,2988.54
TCGA-WE-A8ZQ-06,2700.26
TCGA-WE-A8ZT-06,2554.36
TCGA-WE-A8ZX-06,2685.72
TCGA-WE-A8ZY-06,3249.64
TCGA-WE-AA9Y-06,1329.82
TCGA-WE-AAA0-06,1550.91
TCGA-WE-AAA3-06,1548.94
TCGA-WE-AAA4-06,407.182
TCGA-XV-AB01-06,341.598
TCGA-YD-A89C-06,1430.0
TCGA-YD-A9TA-06,2501.94
TCGA-YD-A9TB-06,3582.76
TCGA-YG-AA3O-06,1824.76
TCGA-YG-AA3P-06,3679.81
TCGA-Z2-A8RT-06,2327.52
TCGA-Z2-AA3S-06,4242.21
TCGA-Z2-AA3V-06,188.328
TCGA-3M-AB46-01,3128.9161
TCGA-3M-AB47-01,4330.7333
TCGA-B7-5816-01,1596.2488
TCGA-B7-5818-01,1247.4979
TCGA-B7-A5TI-01,2214.3395
TCGA-B7-A5TJ-01,1939.5602
TCGA-B7-A5TK-01,4069.8423
TCGA-B7-A5TN-01,2807.8593
TCGA-BR-4183-01,
TCGA-BR-4184-01,
TCGA-BR-4187-01,2655.6453
TCGA-BR-4188-01,
TCGA-BR-4191-01,4870.979
TCGA-BR-4201-01,2173.6536
TCGA-BR-4253-01,4419.9787
TCGA-BR-4255-01,2627.9741
TCGA-BR-4256-01,2454.3516
TCGA-BR-4257-01,2265.8497
TCGA-BR-4267-01,3175.0426
TCGA-BR-4279-01,3566.4154
TCGA-BR-4280-01,2752.2229
TCGA-BR-4292-01,2233.1814
TCGA-BR-4294-01,2796.4835
TCGA-BR-4357-01,2298.2801
TCGA-BR-4361-01,2722.9307
TCGA-BR-4362-01,1816.1739
TCGA-BR-4363-01,4901.0411
TCGA-BR-4366-01,2381.9306
TCGA-BR-4367-01,2997.2118
TCGA-BR-4368-01,3307.6279
TCGA-BR-4369-01,2711.3913
TCGA-BR-4370-01,2919.564
TCGA-BR-4371-01,4493.3537
TCGA-BR-6452-01,1923.3553
TCGA-BR-6453-01,1895.382
TCGA-BR-6454-01,2433.2137
TCGA-BR-6455-01,2430.3802
TCGA-BR-6456-01,3175.4727
TCGA-BR-6457-01,1464.3142
TCGA-BR-6458-01,2739.3583
TCGA-BR-6563-01,2553.3282
TCGA-BR-6564-01,1173.4851
TCGA-BR-6565-01,2564.0004
TCGA-BR-6566-01,1835.7746
TCGA-BR-6705-01,1650.9131
TCGA-BR-6706-01,2457.5055
TCGA-BR-6707-01,1999.2503
TCGA-BR-6709-01,1566.8588
TCGA-BR-6710-01,
TCGA-BR-6801-01,3714.4006
TCGA-BR-6802-01,3043.6829
TCGA-BR-6803-01,1594.8424
TCGA-BR-6852-01,1815.5366
TCGA-BR-7196-01,2469.1912
TCGA-BR-7197-01,2040.3157
TCGA-BR-7703-01,1843.6133
TCGA-BR-7704-01,2856.0498
TCGA-BR-7707-01,1550.3644
TCGA-BR-7715-01,2118.2376
TCGA-BR-7716-01,2984.8097
TCGA-BR-7717-01,1480.1881
TCGA-BR-7722-01,1894.017
TCGA-BR-7723-01,2743.3294
TCGA-BR-7851-01,2367.3912
TCGA-BR-7901-01,3059.9394
TCGA-BR-7957-01,2611.7877
TCGA-BR-7958-01,2438.5808
TCGA-BR-7959-01,3012.5761
TCGA-BR-8058-01,2309.5314
TCGA-BR-8059-01,2035.5794
TCGA-BR-8060-01,2677.1656
TCGA-BR-8077-01,3761.8466
TCGA-BR-8078-01,2828.3868
TCGA-BR-8080-01,2275.3327
TCGA-BR-8081-01,2272.3234
TCGA-BR-8284-01,2585.9344
TCGA-BR-8285-01,
TCGA-BR-8286-01,2552.2424
TCGA-BR-8289-01,1917.6055
TCGA-BR-8291-01,2576.3377
TCGA-BR-8295-01,1485.6794
TCGA-BR-8296-01,2345.3538
TCGA-BR-8297-01,2726.7936
TCGA-BR-8360-01,
TCGA-BR-8361-01,2389.2837
TCGA-BR-8362-01,4310.578
TCGA-BR-8363-01,2953.3927
TCGA-BR-8364-01,2569.7916
TCGA-BR-8365-01,2705.1906
TCGA-BR-8366-01,2231.6302
TCGA-BR-8367-01,2762.6056
TCGA-BR-8368-01,2891.7791
TCGA-BR-8369-01,3855.4356
TCGA-BR-8370-01,
TCGA-BR-8371-01,2511.1149
TCGA-BR-8372-01,4132.6141
TCGA-BR-8373-01,4224.9415
TCGA-BR-8380-01,2347.8667
TCGA-BR-8381-01,2611.8084
TCGA-BR-8382-01,2185.3631
TCGA-BR-8384-01,2620.1435
TCGA-BR-8483-01,2595.5312
TCGA-BR-8484-01,4189.3156
TCGA-BR-8485-01,3059.5982
TCGA-BR-8486-01,3790.8126
TCGA-BR-8487-01,1795.6813
TCGA-BR-8588-01,1660.2616
TCGA-BR-8589-01,3288.0277
TCGA-BR-8590-01,2308.1871
TCGA-BR-8591-01,2170.8336
TCGA-BR-8592-01,2369.1906
TCGA-BR-8676-01,2826.7529
TCGA-BR-8677-01,2335.757
TCGA-BR-8678-01,3049.3602
TCGA-BR-8679-01,3251.2746
TCGA-BR-8680-01,5238.2777
TCGA-BR-8682-01,2859.9692
TCGA-BR-8683-01,5267.3678
TCGA-BR-8686-01,3352.7334
TCGA-BR-8687-01,2417.8465
TCGA-BR-8690-01,2682.9774
TCGA-BR-A44T-01,2828.4075
TCGA-BR-A44U-01,5760.98
TCGA-BR-A452-01,2445.2924
TCGA-BR-A453-01,2524.7241
TCGA-BR-A4CQ-01,
TCGA-BR-A4CR-01,6229.6075
TCGA-BR-A4CS-01,3218.5857
TCGA-BR-A4IU-01,2701.3333
TCGA-BR-A4IV-01,2633.277
TCGA-BR-A4IY-01,2351.3828
TCGA-BR-A4IZ-01,2283.2852
TCGA-BR-A4J1-01,2223.2951
TCGA-BR-A4J2-01,2958.6875
TCGA-BR-A4J4-01,2760.5684
TCGA-BR-A4J5-01,2101.8569
TCGA-BR-A4J6-01,1999.9742
TCGA-BR-A4J7-01,2741.2301
TCGA-BR-A4J8-01,2303.5024
TCGA-BR-A4J9-01,2870.1554
TCGA-BR-A4PD-01,2175.0632
TCGA-BR-A4PE-01,2572.2011
TCGA-BR-A4PF-01,4586.8879
TCGA-BR-A4QI-01,7983.6102
TCGA-BR-A4QL-01,3141.8324
TCGA-BR-A4QM-01,3853.4811
TCGA-CD-5798-01,1511.5637
TCGA-CD-5799-01,1804.4507
TCGA-CD-5800-01,1899.0739
TCGA-CD-5801-01,1887.988
TCGA-CD-5802-01,
TCGA-CD-5803-01,1990.8531
TCGA-CD-5804-01,1519.1025
TCGA-CD-5813-01,1462.4734
TCGA-CD-8524-01,3188.7303
TCGA-CD-8525-01,2014.7209
TCGA-CD-8526-01,2193.0467
TCGA-CD-8527-01,1721.2237
TCGA-CD-8528-01,3410.2932
TCGA-CD-8529-01,1891.3282
TCGA-CD-8530-01,2137.5759
TCGA-CD-8531-01,2888.3148
TCGA-CD-8532-01,2393.2755
TCGA-CD-8533-01,4578.2115
TCGA-CD-8534-01,3019.9909
TCGA-CD-8535-01,2610.3399
TCGA-CD-8536-01,2394.8887
TCGA-CD-A486-01,1722.1751
TCGA-CD-A487-01,2756.68
TCGA-CD-A489-01,3124.2935
TCGA-CD-A48A-01,2403.2342
TCGA-CD-A48C-01,2222.3437
TCGA-CD-A4MG-01,2495.3237
TCGA-CD-A4MH-01,3279.827
TCGA-CD-A4MI-01,2269.1796
TCGA-CD-A4MJ-01,2501.0838
TCGA-CG-4300-01,
TCGA-CG-4301-01,2422.8215
TCGA-CG-4304-01,2524.5866
TCGA-CG-4305-01,1893.3242
TCGA-CG-4306-01,2593.9697
TCGA-CG-4436-01,3080.4165
TCGA-CG-4437-01,1172.0993
TCGA-CG-4438-01,3487.2941
TCGA-CG-4440-01,2307.2475
TCGA-CG-4441-01,2063.1493
TCGA-CG-4442-01,1068.5186
TCGA-CG-4443-01,2764.3439
TCGA-CG-4444-01,3704.7985
TCGA-CG-4449-01,2409.834
TCGA-CG-4455-01,
TCGA-CG-4462-01,2319.5383
TCGA-CG-4465-01,2588.9813
TCGA-CG-4466-01,2684.9836
TCGA-CG-4469-01,2973.6021
TCGA-CG-4472-01,2619.1201
TCGA-CG-4474-01,2247.646
TCGA-CG-4475-01,2314.1144
TCGA-CG-4476-01,2850.5931
TCGA-CG-4477-01,2750.5919
TCGA-CG-5717-01,2128.9305
TCGA-CG-5718-01,1087.2177
TCGA-CG-5719-01,1481.5222
TCGA-CG-5720-01,1492.091
TCGA-CG-5721-01,2318.7456
TCGA-CG-5722-01,1774.3678
TCGA-CG-5723-01,2071.1535
TCGA-CG-5724-01,1574.863
TCGA-CG-5725-01,1746.105
TCGA-CG-5726-01,1524.418
TCGA-CG-5727-01,
TCGA-CG-5728-01,
TCGA-CG-5730-01,
TCGA-CG-5732-01,1539.8989
TCGA-CG-5733-01,
TCGA-CG-5734-01,1730.8825
TCGA-D7-5577-01,1601.161
TCGA-D7-5578-01,1769.3006
TCGA-D7-5579-01,
TCGA-D7-6518-01,2524.569
TCGA-D7-6519-01,2159.1892
TCGA-D7-6520-01,1441.8115
TCGA-D7-6521-01,2136.9347
TCGA-D7-6522-01,1474.4797
TCGA-D7-6524-01,1803.7579
TCGA-D7-6525-01,1936.7577
TCGA-D7-6526-01,2042.9838
TCGA-D7-6527-01,1518.9267
TCGA-D7-6528-01,4634.5407
TCGA-D7-6815-01,3265.4112
TCGA-D7-6817-01,3781.5158
TCGA-D7-6818-01,2346.4396
TCGA-D7-6820-01,1224.8401
TCGA-D7-6822-01,2029.6331
TCGA-D7-8570-01,1711.4512
TCGA-D7-8572-01,2536.0168
TCGA-D7-8573-01,4140.7838
TCGA-D7-8574-01,3265.4526
TCGA-D7-8575-01,3551.4109
TCGA-D7-8576-01,2505.21
TCGA-D7-8578-01,2398.1773
TCGA-D7-8579-01,1900.3665
TCGA-D7-A4YT-01,2768.8104
TCGA-D7-A4YU-01,5038.08
TCGA-D7-A4YV-01,3791.3711
TCGA-D7-A4YX-01,3174.8833
TCGA-D7-A4YY-01,2661.7363
TCGA-D7-A4Z0-01,2166.4075
TCGA-D7-A6ET-01,
TCGA-D7-A6EV-01,2388.8494
TCGA-D7-A6EX-01,2219.9135
TCGA-D7-A6EY-01,2114.1114
TCGA-D7-A6EZ-01,3360.1998
TCGA-D7-A6F0-01,2314.9296
TCGA-D7-A6F2-01,2853.9609
TCGA-D7-A747-01,3632.4559
TCGA-D7-A748-01,1803.3856
TCGA-D7-A74A-01,5573.8537
TCGA-D7-A74B-01,
TCGA-EQ-5647-01,
TCGA-EQ-8122-01,3027.1781
TCGA-EQ-A4SO-01,2599.8435
TCGA-F1-6177-01,1523.4252
TCGA-F1-6874-01,2789.6275
TCGA-F1-6875-01,3080.4463
TCGA-F1-A448-01,2348.4252
TCGA-F1-A72C-01,2673.6806
TCGA-FP-7735-01,1983.8314
TCGA-FP-7829-01,3195.3281
TCGA-FP-7916-01,2874.5712
TCGA-FP-7998-01,3429.6728
TCGA-FP-8099-01,2980.3009
TCGA-FP-8209-01,3238.5755
TCGA-FP-8210-01,2445.9956
TCGA-FP-8211-01,1965.2687
TCGA-FP-8631-01,2531.3942
TCGA-FP-A4BE-01,3772.1569
TCGA-FP-A4BF-01,3232.4431
TCGA-FP-A8CX-01,2171.6609
TCGA-FP-A9TM-01,3858.6104
TCGA-HF-7132-01,2436.0886
TCGA-HF-7133-01,2191.1336
TCGA-HF-7134-01,2372.6756
TCGA-HF-7136-01,2073.7802
TCGA-HF-A5NB-01,347.9732
TCGA-HJ-7597-01,3549.0841
TCGA-HU-8238-01,1838.5668
TCGA-HU-8243-01,2373.7407
TCGA-HU-8244-01,2167.6071
TCGA-HU-8245-01,
TCGA-HU-8249-01,3079.9085
TCGA-HU-8602-01,3951.8167
TCGA-HU-8604-01,5964.6214
TCGA-HU-8608-01,2883.3613
TCGA-HU-8610-01,1933.2726
TCGA-HU-A4G2-01,2708.8721
TCGA-HU-A4G3-01,1880.8421
TCGA-HU-A4G6-01,4957.004
TCGA-HU-A4G8-01,3523.7169
TCGA-HU-A4G9-01,2566.441
TCGA-HU-A4GC-01,2025.7137
TCGA-HU-A4GD-01,3884.3189
TCGA-HU-A4GF-01,4042.1689
TCGA-HU-A4GH-01,2841.4582
TCGA-HU-A4GJ-01,3743.3666
TCGA-HU-A4GN-01,2011.329
TCGA-HU-A4GP-01,2657.6825
TCGA-HU-A4GQ-01,2854.9226
TCGA-HU-A4GT-01,2682.1915
TCGA-HU-A4GU-01,3767.9686
TCGA-HU-A4GX-01,3235.8764
TCGA-HU-A4GY-01,3627.006
TCGA-HU-A4H0-01,3436.0845
TCGA-HU-A4H2-01,2839.5864
TCGA-HU-A4H3-01,3061.501
TCGA-HU-A4H4-01,3423.5818
TCGA-HU-A4H5-01,4448.4176
TCGA-HU-A4H6-01,2723.1431
TCGA-HU-A4H8-01,3261.8745
TCGA-HU-A4HB-01,2889.2041
TCGA-HU-A4HD-01,2079.4163
TCGA-IN-7806-01,2673.2049
TCGA-IN-7808-01,3245.2043
TCGA-IN-8462-01,2237.0801
TCGA-IN-8663-01,8260.675
TCGA-IN-A6RI-01,2688.7789
TCGA-IN-A6RJ-01,1901.1628
TCGA-IN-A6RL-01,2601.7566
TCGA-IN-A6RN-01,1922.0213
TCGA-IN-A6RO-01,3144.2833
TCGA-IN-A6RP-01,
TCGA-IN-A6RR-01,3114.1383
TCGA-IN-A6RS-01,2228.8484
TCGA-IN-A7NR-01,2226.4596
TCGA-IN-A7NT-01,3170.6433
TCGA-IN-A7NU-01,2926.4743
TCGA-IN-AB1V-01,3138.8954
TCGA-IN-AB1X-01,5113.4269
TCGA-IP-7968-01,3096.072
TCGA-KB-A6F5-01,
TCGA-KB-A6F7-01,3081.377
TCGA-KB-A93G-01,3428.5043
TCGA-KB-A93H-01,2369.3457
TCGA-KB-A93J-01,2846.4427
TCGA-MX-A5UG-01,3138.9989
TCGA-MX-A5UJ-01,2009.5606
TCGA-MX-A663-01,2233.9467
TCGA-MX-A666-01,3152.4633
TCGA-R5-A7O7-01,3345.8461
TCGA-R5-A7ZE-01,2935.8849
TCGA-R5-A7ZF-01,2569.0677
TCGA-R5-A7ZI-01,3045.7098
TCGA-R5-A7ZR-01,2658.4064
TCGA-R5-A804-01,
TCGA-R5-A805-01,2347.3704
TCGA-RD-A7BS-01,2852.2339
TCGA-RD-A7BT-01,3455.4538
TCGA-RD-A7BW-01,3130.9223
TCGA-RD-A7C1-01,3546.2713
TCGA-RD-A8MV-01,1975.186
TCGA-RD-A8MW-01,3326.6939
TCGA-RD-A8N0-01,3318.6587
TCGA-RD-A8N1-01,2013.966
TCGA-RD-A8N2-01,3009.8254
TCGA-RD-A8N4-01,3018.5534
TCGA-RD-A8N5-01,2178.8481
TCGA-RD-A8N6-01,4261.1568
TCGA-RD-A8N9-01,3767.8135
TCGA-RD-A8NB-01,3267.0762
TCGA-SW-A7EA-01,1905.9095
TCGA-SW-A7EB-01,2252.9023
TCGA-VQ-A8DL-01,
TCGA-VQ-A8DT-01,2021.3704
TCGA-VQ-A8DU-01,3789.944
TCGA-VQ-A8DV-01,2224.7636
TCGA-VQ-A8DZ-01,1515.1935
TCGA-VQ-A8E0-01,3474.7197
TCGA-VQ-A8E2-01,1595.0492
TCGA-VQ-A8E3-01,3795.1043
TCGA-VQ-A8E7-01,3335.0084
TCGA-VQ-A8P2-01,2708.2102
TCGA-VQ-A8P3-01,2018.6506
TCGA-VQ-A8P5-01,3365.3705
TCGA-VQ-A8P8-01,3417.2322
TCGA-VQ-A8PB-01,4174.2897
TCGA-VQ-A8PC-01,4607.2396
TCGA-VQ-A8PD-01,2860.1243
TCGA-VQ-A8PE-01,2775.2324
TCGA-VQ-A8PF-01,3108.8953
TCGA-VQ-A8PH-01,4457.0939
TCGA-VQ-A8PJ-01,3623.4279
TCGA-VQ-A8PK-01,4493.5368
TCGA-VQ-A8PM-01,3632.5283
TCGA-VQ-A8PO-01,2606.2344
TCGA-VQ-A8PP-01,3674.5451
TCGA-VQ-A8PQ-01,4887.0656
TCGA-VQ-A8PS-01,
TCGA-VQ-A8PT-01,
TCGA-VQ-A8PU-01,4412.0988
TCGA-VQ-A8PX-01,3610.946
TCGA-VQ-A8PY-01,
TCGA-VQ-A8PZ-01,
TCGA-VQ-A91A-01,3510.6661
TCGA-VQ-A91D-01,2707.1658
TCGA-VQ-A91E-01,2946.6088
TCGA-VQ-A91K-01,2711.2816
TCGA-VQ-A91N-01,5003.2504
TCGA-VQ-A91Q-01,1968.216
TCGA-VQ-A91S-01,6578.8031
TCGA-VQ-A91U-01,4464.6948
TCGA-VQ-A91V-01,3607.585
TCGA-VQ-A91W-01,3165.028
TCGA-VQ-A91X-01,5041.1203
TCGA-VQ-A91Y-01,3220.7781
TCGA-VQ-A91Z-01,4848.6889
TCGA-VQ-A922-01,3102.2975
TCGA-VQ-A923-01,4126.8437
TCGA-VQ-A924-01,3113.766
TCGA-VQ-A925-01,3418.2353
TCGA-VQ-A927-01,3018.9464
TCGA-VQ-A928-01,2553.3385
TCGA-VQ-A92D-01,7328.5803
TCGA-VQ-A94O-01,3712.6529
TCGA-VQ-A94P-01,3656.8718
TCGA-VQ-A94R-01,3500.2007
TCGA-VQ-A94T-01,3616.2097
TCGA-VQ-A94U-01,3813.2637
TCGA-VQ-AA64-01,2848.3352
TCGA-VQ-AA68-01,4338.5306
TCGA-VQ-AA69-01,4758.9779
TCGA-VQ-AA6A-01,4672.2659
TCGA-VQ-AA6B-01,4441.1062
TCGA-VQ-AA6D-01,3548.1017
TCGA-VQ-AA6F-01,3403.2508
TCGA-VQ-AA6G-01,2583.8558
TCGA-VQ-AA6I-01,2489.5119
TCGA-VQ-AA6J-01,3840.1925
TCGA-VQ-AA6K-01,2634.3318
TCGA-ZA-A8F6-01,3358.4211
TCGA-ZQ-A9CR-01,2573.1732
TCGA-2G-AAEW-01,1689.61
TCGA-2G-AAEX-01,2852.81
TCGA-2G-AAF1-01,2138.33
TCGA-2G-AAF4-01,2405.73
TCGA-2G-AAF6-01,3560.26
TCGA-2G-AAF8-01,2798.98
TCGA-2G-AAFG-01,2025.96
TCGA-2G-AAFH-01,2819.75
TCGA-2G-AAFI-01,3319.15
TCGA-2G-AAFJ-01,2187.66
TCGA-2G-AAFL-01,1467.0
TCGA-2G-AAFM-01,1963.1
TCGA-2G-AAFN-01,1966.05
TCGA-2G-AAFO-01,1742.32
TCGA-2G-AAFV-01,3549.27
TCGA-2G-AAFY-01,2900.1
TCGA-2G-AAFZ-01,3046.8
TCGA-2G-AAG0-01,3022.67
TCGA-2G-AAG3-01,2660.26
TCGA-2G-AAG5-01,2140.01
TCGA-2G-AAG6-01,2539.54
TCGA-2G-AAG7-01,6004.18
TCGA-2G-AAG8-01,1974.99
TCGA-2G-AAG9-01,2792.92
TCGA-2G-AAGA-01,3019.9
TCGA-2G-AAGC-01,3595.25
TCGA-2G-AAGE-01,3846.6
TCGA-2G-AAGF-01,1455.47
TCGA-2G-AAGG-01,3223.37
TCGA-2G-AAGI-01,4196.47
TCGA-2G-AAGJ-01,2759.75
TCGA-2G-AAGK-01,3124.75
TCGA-2G-AAGM-01,4286.42
TCGA-2G-AAGN-01,2512.85
TCGA-2G-AAGO-01,4044.42
TCGA-2G-AAGP-01,4712.53
TCGA-2G-AAGS-01,5125.58
TCGA-2G-AAGT-01,2953.8
TCGA-2G-AAGV-01,2630.11
TCGA-2G-AAGW-01,3442.06
TCGA-2G-AAGX-01,2481.74
TCGA-2G-AAGY-01,3361.6
TCGA-2G-AAGZ-01,1883.01
TCGA-2G-AAH0-01,2622.92
TCGA-2G-AAH2-01,3136.81
TCGA-2G-AAH3-01,2412.36
TCGA-2G-AAH4-01,2540.38
TCGA-2G-AAH8-01,2465.47
TCGA-2G-AAHA-01,1394.53
TCGA-2G-AAHC-01,2011.85
TCGA-2G-AAHG-01,2059.12
TCGA-2G-AAHL-01,1265.39
TCGA-2G-AAHN-01,920.585
TCGA-2G-AAHP-01,2211.29
TCGA-2G-AAHT-01,1067.24
TCGA-2G-AAKD-01,2762.64
TCGA-2G-AAKG-01,2833.5
TCGA-2G-AAKH-01,4141.31
TCGA-2G-AAKL-01,3515.61
TCGA-2G-AAKM-01,2464.19
TCGA-2G-AAKO-01,2073.06
TCGA-2G-AAL5-01,2798.16
TCGA-2G-AAL7-01,2888.11
TCGA-2G-AALF-01,1160.87
TCGA-2G-AALG-01,1259.08
TCGA-2G-AALN-01,2531.99
TCGA-2G-AALO-01,3074.1
TCGA-2G-AALP-01,3471.58
TCGA-2G-AALQ-01,1786.14
TCGA-2G-AALR-01,3040.8
TCGA-2G-AALS-01,2777.31
TCGA-2G-AALT-01,1155.82
TCGA-2G-AALW-01,2845.4
TCGA-2G-AALX-01,3091.49
TCGA-2G-AALY-01,2539.22
TCGA-2G-AALZ-01,1087.42
TCGA-2G-AAM2-01,5664.46
TCGA-2G-AAM3-01,1903.5
TCGA-2G-AAM4-01,3570.23
TCGA-2X-A9D5-01,1894.93
TCGA-2X-A9D6-01,1842.5
TCGA-4K-AA1G-01,1742.72
TCGA-4K-AA1H-01,2526.21
TCGA-4K-AA1I-01,2175.46
TCGA-4K-AAAL-01,1903.11
TCGA-S6-A8JW-01,2957.3
TCGA-S6-A8JX-01,2979.85
TCGA-S6-A8JY-01,2551.11
TCGA-SB-A6J6-01,2904.89
TCGA-SB-A76C-01,2373.75
TCGA-SN-A6IS-01,2387.9
TCGA-SN-A84W-01,2544.96
TCGA-SN-A84X-01,1717.72
TCGA-SN-A84Y-01,4678.82
TCGA-SO-A8JP-01,2588.62
TCGA-VF-A8A8-01,3866.26
TCGA-VF-A8A9-01,2184.19
TCGA-VF-A8AA-01,1847.98
TCGA-VF-A8AB-01,1697.73
TCGA-VF-A8AC-01,1812.14
TCGA-VF-A8AD-01,2553.67
TCGA-VF-A8AE-01,1508.35
TCGA-W4-A7U2-01,3178.27
TCGA-W4-A7U3-01,3283.81
TCGA-W4-A7U4-01,4388.46
TCGA-WZ-A7V3-01,2887.58
TCGA-WZ-A7V4-01,2106.48
TCGA-WZ-A7V5-01,2698.51
TCGA-WZ-A8D5-01,2255.84
TCGA-X3-A8G4-01,2665.58
TCGA-XE-A8H1-01,3206.88
TCGA-XE-A8H4-01,2371.47
TCGA-XE-A8H5-01,3226.55
TCGA-XE-A9SE-01,2758.4
TCGA-XE-AANI-01,2756.28
TCGA-XE-AANJ-01,2811.13
TCGA-XE-AANR-01,1451.02
TCGA-XE-AANV-01,1729.03
TCGA-XE-AAO3-01,5321.85
TCGA-XE-AAO4-01,1832.15
TCGA-XE-AAO6-01,2296.33
TCGA-XE-AAOB-01,2066.18
TCGA-XE-AAOC-01,2713.73
TCGA-XE-AAOD-01,1853.72
TCGA-XE-AAOF-01,2078.6
TCGA-XE-AAOJ-01,3590.84
TCGA-XE-AAOL-01,3434.86
TCGA-XY-A89B-01,2517.05
TCGA-XY-A8S2-01,4520.24
TCGA-XY-A8S3-01,3873.71
TCGA-XY-A9T9-01,3249.22
TCGA-YU-A90P-01,5009.98
TCGA-YU-A90Q-01,2081.04
TCGA-YU-A90S-01,1493.77
TCGA-YU-A90W-01,2708.24
TCGA-YU-A90Y-01,2486.01
TCGA-YU-A912-01,2928.77
TCGA-YU-A94D-01,2103.29
TCGA-YU-A94I-01,3897.67
TCGA-YU-AA4L-01,2351.34
TCGA-YU-AA61-01,2279.86
TCGA-ZM-AA05-01,1254.22
TCGA-ZM-AA06-01,1185.9
TCGA-ZM-AA0B-01,2401.69
TCGA-ZM-AA0D-01,1610.5
TCGA-ZM-AA0E-01,1789.9
TCGA-ZM-AA0F-01,2222.76
TCGA-ZM-AA0H-01,1404.55
TCGA-ZM-AA0N-01,1966.7
TCGA-4C-A93U-01,2606.76
TCGA-BJ-A0YZ-01,1953.77
TCGA-BJ-A0Z0-01,3905.24
TCGA-BJ-A0Z2-01,3119.14
TCGA-BJ-A0Z3-01,3380.45
TCGA-BJ-A0Z5-01,2790.38
TCGA-BJ-A0Z9-01,2331.67
TCGA-BJ-A0ZA-01,3091.68
TCGA-BJ-A0ZB-01,3212.32
TCGA-BJ-A0ZC-01,3187.75
TCGA-BJ-A0ZE-01,2324.33
TCGA-BJ-A0ZG-01,2643.08
TCGA-BJ-A0ZH-01,2560.27
TCGA-BJ-A0ZJ-01,2699.79
TCGA-BJ-A18Y-01,2899.66
TCGA-BJ-A18Z-01,2523.95
TCGA-BJ-A190-01,4247.13
TCGA-BJ-A191-01,3127.5
TCGA-BJ-A192-01,2061.81
TCGA-BJ-A28R-01,3128.87
TCGA-BJ-A28S-01,3231.74
TCGA-BJ-A28T-01,3176.9
TCGA-BJ-A28V-01,2838.07
TCGA-BJ-A28W-01,1542.46
TCGA-BJ-A28X-01,2809.88
TCGA-BJ-A28Z-01,2264.73
TCGA-BJ-A290-01,3188.73
TCGA-BJ-A291-01,1905.84
TCGA-BJ-A2N7-01,3016.73
TCGA-BJ-A2N8-01,2859.15
TCGA-BJ-A2N9-01,1507.72
TCGA-BJ-A2NA-01,3035.11
TCGA-BJ-A2P4-01,1829.92
TCGA-BJ-A3EZ-01,3184.27
TCGA-BJ-A3F0-01,1848.95
TCGA-BJ-A3PR-01,2187.62
TCGA-BJ-A3PT-01,2094.4
TCGA-BJ-A3PU-01,1770.59
TCGA-BJ-A45C-01,2557.37
TCGA-BJ-A45D-01,1222.92
TCGA-BJ-A45E-01,1666.91
TCGA-BJ-A45F-01,2339.02
TCGA-BJ-A45G-01,2488.0
TCGA-BJ-A45H-01,2473.68
TCGA-BJ-A45I-01,2297.96
TCGA-BJ-A45J-01,2000.64
TCGA-BJ-A45K-01,1827.99
TCGA-BJ-A4O8-01,2254.15
TCGA-BJ-A4O9-01,3020.6
TCGA-CE-A13K-01,2730.22
TCGA-CE-A27D-01,2852.4
TCGA-CE-A3MD-01,2391.56
TCGA-CE-A3ME-01,2789.23
TCGA-CE-A481-01,2611.85
TCGA-CE-A482-01,2696.35
TCGA-CE-A483-01,3399.46
TCGA-CE-A484-01,3152.77
TCGA-CE-A485-01,2416.92
TCGA-DE-A0XZ-01,3191.2
TCGA-DE-A0Y2-01,3208.65
TCGA-DE-A0Y3-01,3603.2
TCGA-DE-A2OL-01,2979.02
TCGA-DE-A3KN-01,3034.0
TCGA-DE-A4M8-01,2711.1
TCGA-DE-A4M9-01,2708.78
TCGA-DE-A4MA-01,1061.92
TCGA-DE-A4MB-01,2314.76
TCGA-DE-A4MC-01,3038.94
TCGA-DE-A4MD-01,4089.16
TCGA-DE-A69J-01,3475.85
TCGA-DE-A69K-01,3160.12
TCGA-DE-A7U5-01,2368.37
TCGA-DJ-A13L-01,2656.43
TCGA-DJ-A13M-01,1820.88
TCGA-DJ-A13O-01,2230.18
TCGA-DJ-A13P-01,3730.19
TCGA-DJ-A13R-01,2572.63
TCGA-DJ-A13S-01,2861.79
TCGA-DJ-A13T-01,4294.43
TCGA-DJ-A13U-01,3597.88
TCGA-DJ-A13V-01,3168.23
TCGA-DJ-A13W-01,2517.66
TCGA-DJ-A13X-01,3917.81
TCGA-DJ-A1QD-01,3488.35
TCGA-DJ-A1QE-01,3206.67
TCGA-DJ-A1QF-01,3879.53
TCGA-DJ-A1QG-01,3561.11
TCGA-DJ-A1QH-01,3302.55
TCGA-DJ-A1QI-01,4014.49
TCGA-DJ-A1QL-01,1970.98
TCGA-DJ-A1QM-01,2708.7
TCGA-DJ-A1QN-01,3384.07
TCGA-DJ-A1QO-01,2125.82
TCGA-DJ-A1QQ-01,3492.21
TCGA-DJ-A2PN-01,3096.58
TCGA-DJ-A2PO-01,3461.36
TCGA-DJ-A2PP-01,3617.91
TCGA-DJ-A2PQ-01,4001.66
TCGA-DJ-A2PR-01,3688.56
TCGA-DJ-A2PS-01,4317.07
TCGA-DJ-A2PT-01,1576.44
TCGA-DJ-A2PU-01,3308.72
TCGA-DJ-A2PV-01,3576.91
TCGA-DJ-A2PW-01,2813.38
TCGA-DJ-A2PX-01,3463.98
TCGA-DJ-A2PY-01,3718.17
TCGA-DJ-A2PZ-01,3351.69
TCGA-DJ-A2Q0-01,3168.36
TCGA-DJ-A2Q1-01,1785.04
TCGA-DJ-A2Q2-01,3648.05
TCGA-DJ-A2Q3-01,3486.51
TCGA-DJ-A2Q4-01,3131.6
TCGA-DJ-A2Q5-01,3174.48
TCGA-DJ-A2Q6-01,3749.86
TCGA-DJ-A2Q7-01,3062.8
TCGA-DJ-A2Q8-01,
TCGA-DJ-A2Q9-01,2861.51
TCGA-DJ-A2QA-01,1348.81
TCGA-DJ-A2QB-01,3026.43
TCGA-DJ-A2QC-01,1702.0
TCGA-DJ-A3UK-01,3048.18
TCGA-DJ-A3UM-01,2823.11
TCGA-DJ-A3UN-01,2988.82
TCGA-DJ-A3UO-01,2736.04
TCGA-DJ-A3UP-01,3348.1
TCGA-DJ-A3UQ-01,2724.7
TCGA-DJ-A3UR-01,2899.21
TCGA-DJ-A3US-01,2613.57
TCGA-DJ-A3UT-01,2309.88
TCGA-DJ-A3UU-01,3227.22
TCGA-DJ-A3UW-01,2285.84
TCGA-DJ-A3UX-01,3370.65
TCGA-DJ-A3UY-01,2865.49
TCGA-DJ-A3UZ-01,2882.87
TCGA-DJ-A3V0-01,2092.28
TCGA-DJ-A3V2-01,2708.47
TCGA-DJ-A3V3-01,2197.46
TCGA-DJ-A3V4-01,3225.81
TCGA-DJ-A3V5-01,2937.51
TCGA-DJ-A3V7-01,2359.08
TCGA-DJ-A3V8-01,2670.1
TCGA-DJ-A3V9-01,2443.16
TCGA-DJ-A3VA-01,2815.19
TCGA-DJ-A3VB-01,2084.64
TCGA-DJ-A3VD-01,2626.11
TCGA-DJ-A3VE-01,2969.65
TCGA-DJ-A3VF-01,2586.98
TCGA-DJ-A3VG-01,2506.72
TCGA-DJ-A3VI-01,2361.27
TCGA-DJ-A3VJ-01,2060.37
TCGA-DJ-A3VK-01,3002.05
TCGA-DJ-A3VL-01,2296.5
TCGA-DJ-A3VM-01,2709.22
TCGA-DJ-A4UL-01,1839.55
TCGA-DJ-A4UP-01,2512.64
TCGA-DJ-A4UQ-01,2846.57
TCGA-DJ-A4UR-01,2509.68
TCGA-DJ-A4UT-01,2192.13
TCGA-DJ-A4UW-01,2800.34
TCGA-DJ-A4V0-01,2995.22
TCGA-DJ-A4V2-01,2671.16
TCGA-DJ-A4V4-01,2564.1
TCGA-DJ-A4V5-01,2101.58
TCGA-DO-A1JZ-01,3419.08
TCGA-DO-A1K0-01,4170.3
TCGA-DO-A2HM-01,2497.73
TCGA-E3-A3DY-01,3939.06
TCGA-E3-A3DZ-01,2999.26
TCGA-E3-A3E0-01,3030.21
TCGA-E3-A3E1-01,2739.63
TCGA-E3-A3E2-01,2926.19
TCGA-E3-A3E3-01,2880.99
TCGA-E3-A3E5-01,3360.91
TCGA-E8-A242-01,2221.04
TCGA-E8-A2EA-01,1664.6
TCGA-E8-A3X7-01,1810.72
TCGA-E8-A413-01,2416.83
TCGA-E8-A414-01,2960.44
TCGA-E8-A415-01,2559.38
TCGA-E8-A416-01,2755.62
TCGA-E8-A417-01,2893.57
TCGA-E8-A418-01,2369.28
TCGA-E8-A419-01,1953.17
TCGA-E8-A432-01,2626.2
TCGA-E8-A433-01,1498.49
TCGA-E8-A434-01,2366.54
TCGA-E8-A436-01,2381.87
TCGA-E8-A437-01,1719.15
TCGA-E8-A438-01,1582.23
TCGA-E8-A44K-01,1913.7
TCGA-E8-A44M-01,2111.59
TCGA-EL-A3CL-01,3125.74
TCGA-EL-A3CM-01,3545.94
TCGA-EL-A3CN-01,2770.84
TCGA-EL-A3CO-01,2603.73
TCGA-EL-A3CP-01,4270.18
TCGA-EL-A3CR-01,1950.82
TCGA-EL-A3CS-01,3113.7
TCGA-EL-A3CT-01,3408.31
TCGA-EL-A3CU-01,3767.69
TCGA-EL-A3CV-01,3620.88
TCGA-EL-A3CW-01,3217.64
TCGA-EL-A3CX-01,1817.8
TCGA-EL-A3CY-01,2733.02
TCGA-EL-A3CZ-01,4577.49
TCGA-EL-A3D1-01,1156.92
TCGA-EL-A3D4-01,1866.38
TCGA-EL-A3D6-01,3062.96
TCGA-EL-A3GO-01,2614.02
TCGA-EL-A3GP-01,3031.74
TCGA-EL-A3GQ-01,4768.76
TCGA-EL-A3GR-01,3639.86
TCGA-EL-A3GS-01,3128.6
TCGA-EL-A3GU-01,2816.21
TCGA-EL-A3GV-01,3952.1
TCGA-EL-A3GW-01,3683.8
TCGA-EL-A3GX-01,2968.56
TCGA-EL-A3GY-01,3175.83
TCGA-EL-A3GZ-01,3224.97
TCGA-EL-A3H1-01,2876.35
TCGA-EL-A3H2-01,2882.12
TCGA-EL-A3H3-01,2471.48
TCGA-EL-A3H4-01,4242.56
TCGA-EL-A3H5-01,2180.64
TCGA-EL-A3H7-01,2478.9
TCGA-EL-A3H8-01,4123.42
TCGA-EL-A3MW-01,3078.58
TCGA-EL-A3MX-01,2537.79
TCGA-EL-A3MY-01,2538.85
TCGA-EL-A3MZ-01,2571.66
TCGA-EL-A3N2-01,3465.21
TCGA-EL-A3N3-01,2607.14
TCGA-EL-A3T0-01,2521.82
TCGA-EL-A3T1-01,2804.88
TCGA-EL-A3T2-01,4136.42
TCGA-EL-A3T3-01,1879.05
TCGA-EL-A3T6-01,2404.55
TCGA-EL-A3T7-01,2678.89
TCGA-EL-A3T8-01,2725.47
TCGA-EL-A3T9-01,1728.46
TCGA-EL-A3TA-01,2217.12
TCGA-EL-A3TB-01,2047.1
TCGA-EL-A3ZG-01,2390.93
TCGA-EL-A3ZH-01,2387.57
TCGA-EL-A3ZK-01,2457.68
TCGA-EL-A3ZL-01,2593.45
TCGA-EL-A3ZM-01,1396.8
TCGA-EL-A3ZN-01,2269.05
TCGA-EL-A3ZO-01,1674.8
TCGA-EL-A3ZP-01,2044.39
TCGA-EL-A3ZQ-01,1162.4
TCGA-EL-A3ZR-01,2305.34
TCGA-EL-A3ZS-01,2243.72
TCGA-EL-A3ZT-01,1971.23
TCGA-EL-A4JV-01,2499.4
TCGA-EL-A4JW-01,1992.49
TCGA-EL-A4JX-01,2101.64
TCGA-EL-A4JZ-01,2207.11
TCGA-EL-A4K0-01,3353.64
TCGA-EL-A4K1-01,2426.91
TCGA-EL-A4K2-01,2168.71
TCGA-EL-A4K4-01,2668.22
TCGA-EL-A4K6-01,1757.94
TCGA-EL-A4K7-01,1544.11
TCGA-EL-A4K9-01,2408.38
TCGA-EL-A4KD-01,2192.98
TCGA-EL-A4KG-01,2980.2
TCGA-EL-A4KH-01,1385.08
TCGA-EL-A4KI-01,1205.22
TCGA-EM-A1CS-01,4243.26
TCGA-EM-A1CT-01,3527.78
TCGA-EM-A1CU-01,3068.99
TCGA-EM-A1CV-01,4385.22
TCGA-EM-A1CW-01,2436.21
TCGA-EM-A1YA-01,1957.18
TCGA-EM-A1YB-01,1698.81
TCGA-EM-A1YC-01,3776.64
TCGA-EM-A1YD-01,2984.6
TCGA-EM-A1YE-01,2279.94
TCGA-EM-A22I-01,2856.6
TCGA-EM-A22J-01,3426.11
TCGA-EM-A22K-01,3457.07
TCGA-EM-A22L-01,4153.52
TCGA-EM-A22M-01,2022.83
TCGA-EM-A22N-01,3152.17
TCGA-EM-A22O-01,2284.32
TCGA-EM-A22P-01,3258.6
TCGA-EM-A22Q-01,982.301
TCGA-EM-A2CJ-01,2466.67
TCGA-EM-A2CK-01,3258.15
TCGA-EM-A2CL-01,3244.14
TCGA-EM-A2CN-01,2780.31
TCGA-EM-A2CO-01,2807.19
TCGA-EM-A2CP-01,2859.71
TCGA-EM-A2CQ-01,3136.59
TCGA-EM-A2CR-01,953.839
TCGA-EM-A2CT-01,2973.39
TCGA-EM-A2CU-01,2453.65
TCGA-EM-A2OV-01,2930.19
TCGA-EM-A2OW-01,2546.02
TCGA-EM-A2OX-01,3008.19
TCGA-EM-A2OY-01,3961.49
TCGA-EM-A2OZ-01,3489.5
TCGA-EM-A2P0-01,3880.54
TCGA-EM-A2P1-01,3287.05
TCGA-EM-A2P2-01,3730.84
TCGA-EM-A2P3-01,3421.07
TCGA-EM-A3AI-01,2101.53
TCGA-EM-A3AJ-01,2063.7
TCGA-EM-A3AK-01,3159.21
TCGA-EM-A3AL-01,2466.77
TCGA-EM-A3AN-01,3427.65
TCGA-EM-A3AO-01,1670.24
TCGA-EM-A3AP-01,3381.15
TCGA-EM-A3AQ-01,2362.41
TCGA-EM-A3AR-01,3537.88
TCGA-EM-A3FJ-01,3229.77
TCGA-EM-A3FK-01,3882.64
TCGA-EM-A3FL-01,2522.81
TCGA-EM-A3FM-01,1579.3
TCGA-EM-A3FN-01,2438.87
TCGA-EM-A3FO-01,3119.58
TCGA-EM-A3FP-01,2195.71
TCGA-EM-A3FQ-01,2729.3
TCGA-EM-A3FR-01,2843.32
TCGA-EM-A3O3-01,1687.46
TCGA-EM-A3O6-01,2056.27
TCGA-EM-A3O7-01,2842.11
TCGA-EM-A3O8-01,3858.4
TCGA-EM-A3O9-01,1984.87
TCGA-EM-A3OA-01,2332.59
TCGA-EM-A3OB-01,2597.35
TCGA-EM-A3ST-01,1798.22
TCGA-EM-A3SU-01,1756.06
TCGA-EM-A3SX-01,3343.26
TCGA-EM-A3SY-01,2265.47
TCGA-EM-A3SZ-01,2638.64
TCGA-EM-A4FF-01,3032.85
TCGA-EM-A4FH-01,2703.77
TCGA-EM-A4FK-01,2679.62
TCGA-EM-A4FM-01,2240.67
TCGA-EM-A4FN-01,2074.02
TCGA-EM-A4FO-01,2211.84
TCGA-EM-A4FQ-01,2412.92
TCGA-EM-A4FR-01,2238.04
TCGA-EM-A4FU-01,2662.26
TCGA-EM-A4FV-01,2633.02
TCGA-EM-A4G1-01,3225.49
TCGA-ET-A25G-01,2542.39
TCGA-ET-A25I-01,2533.28
TCGA-ET-A25J-01,3075.93
TCGA-ET-A25K-01,2754.2
TCGA-ET-A25L-01,2759.67
TCGA-ET-A25M-01,2924.72
TCGA-ET-A25N-01,3494.52
TCGA-ET-A25O-01,4452.46
TCGA-ET-A25P-01,2828.34
TCGA-ET-A25R-01,2712.96
TCGA-ET-A2MX-01,1932.27
TCGA-ET-A2MY-01,3206.83
TCGA-ET-A2MZ-01,3757.47
TCGA-ET-A2N0-01,1109.52
TCGA-ET-A2N1-01,
TCGA-ET-A2N3-01,1731.28
TCGA-ET-A2N4-01,2997.91
TCGA-ET-A2N5-01,2648.06
TCGA-ET-A39I-01,3806.04
TCGA-ET-A39J-01,3152.25
TCGA-ET-A39K-01,1588.47
TCGA-ET-A39L-01,3732.41
TCGA-ET-A39M-01,1659.8
TCGA-ET-A39N-01,2727.7
TCGA-ET-A39O-01,3046.57
TCGA-ET-A39P-01,2837.4
TCGA-ET-A39R-01,2666.53
TCGA-ET-A39S-01,2869.96
TCGA-ET-A39T-01,3527.13
TCGA-ET-A3BN-01,3312.31
TCGA-ET-A3BO-01,3450.69
TCGA-ET-A3BP-01,3197.68
TCGA-ET-A3BQ-01,2722.72
TCGA-ET-A3BS-01,3328.86
TCGA-ET-A3BT-01,3299.34
TCGA-ET-A3BU-01,2960.25
TCGA-ET-A3BV-01,2424.45
TCGA-ET-A3BW-01,4335.55
TCGA-ET-A3BX-01,2774.16
TCGA-ET-A3DO-01,2747.38
TCGA-ET-A3DP-01,3753.94
TCGA-ET-A3DQ-01,3664.16
TCGA-ET-A3DR-01,2803.51
TCGA-ET-A3DS-01,4121.47
TCGA-ET-A3DT-01,3477.34
TCGA-ET-A3DU-01,1893.14
TCGA-ET-A3DV-01,2397.82
TCGA-ET-A3DW-01,3051.87
TCGA-ET-A40P-01,2328.91
TCGA-ET-A40Q-01,2404.26
TCGA-ET-A40R-01,1954.23
TCGA-ET-A40S-01,2001.16
TCGA-ET-A40T-01,2446.46
TCGA-ET-A4KN-01,728.09
TCGA-ET-A4KQ-01,3509.21
TCGA-FE-A22Z-01,2307.31
TCGA-FE-A230-01,2840.56
TCGA-FE-A231-01,3691.83
TCGA-FE-A232-01,2340.97
TCGA-FE-A233-01,3314.89
TCGA-FE-A234-01,3596.8
TCGA-FE-A235-01,1589.23
TCGA-FE-A236-01,3092.75
TCGA-FE-A237-01,3001.65
TCGA-FE-A238-01,2415.79
TCGA-FE-A239-01,2326.31
TCGA-FE-A23A-01,2081.7
TCGA-FE-A3PA-01,2263.77
TCGA-FE-A3PB-01,2309.53
TCGA-FE-A3PC-01,2329.2
TCGA-FE-A3PD-01,2700.55
TCGA-FK-A3S3-01,2248.37
TCGA-FK-A3SB-01,3258.76
TCGA-FK-A3SD-01,1725.13
TCGA-FK-A3SE-01,2655.94
TCGA-FK-A3SG-01,2452.57
TCGA-FK-A3SH-01,2176.09
TCGA-FK-A4UB-01,2670.43
TCGA-FY-A2QD-01,4063.32
TCGA-FY-A3BL-01,3426.58
TCGA-FY-A3I4-01,1838.0
TCGA-FY-A3I5-01,3793.31
TCGA-FY-A3NM-01,3184.07
TCGA-FY-A3NN-01,4060.35
TCGA-FY-A3NP-01,3298.36
TCGA-FY-A3ON-01,2757.48
TCGA-FY-A3R6-01,2749.41
TCGA-FY-A3R7-01,3360.47
TCGA-FY-A3R8-01,3065.74
TCGA-FY-A3R9-01,2929.74
TCGA-FY-A3RA-01,2996.82
TCGA-FY-A3TY-01,2635.77
TCGA-FY-A3W9-01,2892.17
TCGA-FY-A3WA-01,4072.02
TCGA-FY-A3YR-01,2726.09
TCGA-FY-A40K-01,2904.98
TCGA-FY-A40L-01,2391.93
TCGA-FY-A40M-01,2871.36
TCGA-FY-A40N-01,2918.18
TCGA-FY-A4B0-01,1864.75
TCGA-FY-A4B3-01,2341.89
TCGA-FY-A4B4-01,2064.0
TCGA-FY-A76V-01,2914.47
TCGA-GE-A2C6-01,3206.88
TCGA-H2-A26U-01,2356.0
TCGA-H2-A2K9-01,3326.2
TCGA-H2-A3RH-01,2835.94
TCGA-H2-A3RI-01,3103.59
TCGA-H2-A421-01,2063.24
TCGA-H2-A422-01,2918.97
TCGA-IM-A3EB-01,2618.14
TCGA-IM-A3ED-01,3562.18
TCGA-IM-A3U2-01,2083.97
TCGA-IM-A3U3-01,2778.52
TCGA-IM-A41Y-01,2606.05
TCGA-IM-A41Z-01,2450.34
TCGA-IM-A420-01,2063.36
TCGA-IM-A4EB-01,2186.46
TCGA-J8-A3NZ-01,3497.03
TCGA-J8-A3O0-01,3117.5
TCGA-J8-A3O1-01,4446.78
TCGA-J8-A3O2-01,2987.21
TCGA-J8-A3YD-01,2817.05
TCGA-J8-A3YE-01,2513.1
TCGA-J8-A3YF-01,2089.83
TCGA-J8-A3YG-01,2243.46
TCGA-J8-A3YH-01,2512.01
TCGA-J8-A3YH-06,2385.29
TCGA-J8-A42S-01,2485.5
TCGA-J8-A4HW-01,2474.87
TCGA-J8-A4HY-01,2267.69
TCGA-KS-A41F-01,1350.41
TCGA-KS-A41I-01,1854.48
TCGA-KS-A41J-01,1755.36
TCGA-KS-A41L-01,2179.29
TCGA-KS-A4I1-01,2090.19
TCGA-KS-A4I3-01,2460.44
TCGA-KS-A4I5-01,1978.25
TCGA-KS-A4I7-01,2266.4
TCGA-KS-A4I9-01,2315.08
TCGA-KS-A4IB-01,3609.61
TCGA-KS-A4IC-01,2334.96
TCGA-KS-A4ID-01,2065.95
TCGA-L6-A4EP-01,1927.91
TCGA-L6-A4EQ-01,2000.87
TCGA-L6-A4ET-01,2284.05
TCGA-L6-A4EU-01,1873.79
TCGA-MK-A4N6-01,3223.46
TCGA-MK-A4N7-01,3867.85
TCGA-MK-A4N9-01,2993.46
TCGA-MK-A84Z-01,2324.99
TCGA-QD-A8IV-01,2870.65
TCGA-3G-AB0O-01,4241.67
TCGA-3G-AB0Q-01,2274.68
TCGA-3G-AB0T-01,3833.51
TCGA-3G-AB14-01,2121.16
TCGA-3G-AB19-01,4364.77
TCGA-3Q-A9WF-01,3963.14
TCGA-3S-A8YW-01,1061.61
TCGA-3S-AAYX-01,4143.29
TCGA-3T-AA9L-01,3774.04
TCGA-4V-A9QI-01,5677.63
TCGA-4V-A9QJ-01,3137.87
TCGA-4V-A9QL-01,2510.12
TCGA-4V-A9QM-01,3234.76
TCGA-4V-A9QN-01,1869.02
TCGA-4V-A9QQ-01,
TCGA-4V-A9QR-01,4615.29
TCGA-4V-A9QS-01,3657.75
TCGA-4V-A9QT-01,4401.49
TCGA-4V-A9QU-01,4775.3
TCGA-4V-A9QW-01,2096.05
TCGA-4V-A9QX-01,4608.29
TCGA-4X-A9F9-01,2842.14
TCGA-4X-A9FA-01,2163.05
TCGA-4X-A9FB-01,4938.58
TCGA-4X-A9FC-01,4813.96
TCGA-4X-A9FD-01,4156.77
TCGA-5G-A9ZZ-01,3714.09
TCGA-5K-AAAP-01,2230.11
TCGA-5U-AB0D-01,834.495
TCGA-5U-AB0E-01,2040.44
TCGA-5U-AB0F-01,1374.25
TCGA-5V-A9RR-01,2396.59
TCGA-X7-A8D6-01,7496.39
TCGA-X7-A8D7-01,4899.11
TCGA-X7-A8D8-01,3271.13
TCGA-X7-A8D9-01,3325.32
TCGA-X7-A8DB-01,3908.24
TCGA-X7-A8DC-01,
TCGA-X7-A8DD-01,2323.2
TCGA-X7-A8DE-01,3317.36
TCGA-X7-A8DF-01,2539.92
TCGA-X7-A8DG-01,3222.6
TCGA-X7-A8DI-01,
TCGA-X7-A8DJ-01,3959.48
TCGA-X7-A8M0-01,2673.28
TCGA-X7-A8M1-01,4173.8
TCGA-X7-A8M3-01,5571.22
TCGA-X7-A8M4-01,3502.27
TCGA-X7-A8M5-01,1984.98
TCGA-X7-A8M6-01,2149.97
TCGA-X7-A8M7-01,3640.78
TCGA-X7-A8M8-01,3035.62
TCGA-XH-A853-01,3386.27
TCGA-XM-A8R8-01,2467.41
TCGA-XM-A8R9-01,3382.57
TCGA-XM-A8RB-01,3694.19
TCGA-XM-A8RC-01,3838.55
TCGA-XM-A8RD-01,2715.83
TCGA-XM-A8RE-01,2941.78
TCGA-XM-A8RF-01,3874.24
TCGA-XM-A8RG-01,6704.51
TCGA-XM-A8RH-01,5247.14
TCGA-XM-A8RI-01,3954.35
TCGA-XM-A8RL-01,5519.08
TCGA-XM-AAZ1-01,2108.65
TCGA-XM-AAZ2-01,2475.37
TCGA-XM-AAZ3-01,3673.51
TCGA-XU-A92O-01,2846.97
TCGA-XU-A92Q-01,2357.21
TCGA-XU-A92R-01,
TCGA-XU-A92T-01,4164.8
TCGA-XU-A92U-01,3639.8
TCGA-XU-A92V-01,3757.0
TCGA-XU-A92W-01,4398.21
TCGA-XU-A92X-01,2048.89
TCGA-XU-A92Y-01,3455.39
TCGA-XU-A92Z-01,3223.83
TCGA-XU-A930-01,3284.67
TCGA-XU-A931-01,8598.79
TCGA-XU-A932-01,1904.2
TCGA-XU-A933-01,2191.68
TCGA-XU-A936-01,2608.09
TCGA-XU-AAXW-01,4915.9
TCGA-XU-AAXX-01,4754.71
TCGA-XU-AAXY-01,2675.4
TCGA-XU-AAXZ-01,1134.3
TCGA-XU-AAY0-01,2442.38
TCGA-XU-AAY1-01,2839.43
TCGA-YT-A95D-01,3450.22
TCGA-YT-A95E-01,3970.18
TCGA-YT-A95F-01,4903.05
TCGA-YT-A95G-01,4287.76
TCGA-YT-A95H-01,3568.1
TCGA-ZB-A961-01,2741.95
TCGA-ZB-A962-01,3660.49
TCGA-ZB-A963-01,3481.61
TCGA-ZB-A964-01,4433.38
TCGA-ZB-A965-01,5768.74
TCGA-ZB-A966-01,1559.77
TCGA-ZB-A969-01,3732.48
TCGA-ZB-A96A-01,3112.24
TCGA-ZB-A96B-01,3130.61
TCGA-ZB-A96C-01,3653.02
TCGA-ZB-A96D-01,5145.2
TCGA-ZB-A96E-01,3193.56
TCGA-ZB-A96F-01,3548.93
TCGA-ZB-A96G-01,3069.28
TCGA-ZB-A96H-01,3870.14
TCGA-ZB-A96I-01,2345.58
TCGA-ZB-A96K-01,3471.03
TCGA-ZB-A96L-01,6208.52
TCGA-ZB-A96M-01,4085.27
TCGA-ZB-A96O-01,2877.22
TCGA-ZB-A96P-01,5972.03
TCGA-ZB-A96Q-01,5716.09
TCGA-ZB-A96R-01,3087.57
TCGA-ZB-A96V-01,1729.31
TCGA-ZC-AAA7-01,1755.86
TCGA-ZC-AAAA-01,3404.03
TCGA-ZC-AAAF-01,2611.07
TCGA-ZC-AAAH-01,2633.75
TCGA-ZL-A9V6-01,4174.95
TCGA-ZT-A8OM-01,1553.69
TCGA-2E-A9G8-01,1472.41
TCGA-4E-A92E-01,2180.78
TCGA-5B-A90C-01,3441.1
TCGA-5S-A9Q8-01,1390.71
TCGA-A5-A0G1-01,1662.887
TCGA-A5-A0G2-01,4116.1218
TCGA-A5-A0G3-01,1700.8724
TCGA-A5-A0G5-01,1250.3019
TCGA-A5-A0G9-01,1371.0318
TCGA-A5-A0GA-01,1977.4707
TCGA-A5-A0GB-01,2131.7927
TCGA-A5-A0GD-01,1791.9769
TCGA-A5-A0GE-01,2047.7933
TCGA-A5-A0GG-01,1987.1047
TCGA-A5-A0GH-01,2478.9638
TCGA-A5-A0GI-01,1297.8718
TCGA-A5-A0GJ-01,1059.9071
TCGA-A5-A0GM-01,2242.0727
TCGA-A5-A0GN-01,1414.8777
TCGA-A5-A0GP-01,1500.2928
TCGA-A5-A0GQ-01,1685.2474
TCGA-A5-A0GR-01,1650.8042
TCGA-A5-A0GU-01,2339.6333
TCGA-A5-A0GV-01,1831.3529
TCGA-A5-A0GW-01,1798.947
TCGA-A5-A0GX-01,1031.7424
TCGA-A5-A0R6-01,1496.9015
TCGA-A5-A0R7-01,2043.2183
TCGA-A5-A0R8-01,1410.5925
TCGA-A5-A0R9-01,1495.5879
TCGA-A5-A0RA-01,287.5049
TCGA-A5-A0VO-01,2497.0373
TCGA-A5-A0VP-01,2310.1669
TCGA-A5-A0VQ-01,1486.929
TCGA-A5-A1OF-01,1271.9057
TCGA-A5-A1OG-01,2048.6423
TCGA-A5-A1OH-01,1966.98
TCGA-A5-A1OJ-01,1817.8246
TCGA-A5-A1OK-01,2387.5428
TCGA-A5-A2K2-01,2679.47
TCGA-A5-A2K3-01,1971.32
TCGA-A5-A2K4-01,2243.8
TCGA-A5-A2K5-01,588.629
TCGA-A5-A2K7-01,1354.33
TCGA-A5-A3LO-01,2933.1
TCGA-A5-A3LP-01,2509.79
TCGA-A5-A7WJ-01,2021.0
TCGA-A5-A7WK-01,1507.8
TCGA-A5-AB3J-01,2205.16
TCGA-AJ-A23M-01,2987.6451
TCGA-AJ-A23N-01,2193.06
TCGA-AJ-A23O-01,1845.4454
TCGA-AJ-A2QK-01,2876.3447
TCGA-AJ-A2QL-01,3008.7519
TCGA-AJ-A2QM-01,2325.36
TCGA-AJ-A2QN-01,4801.5026
TCGA-AJ-A2QO-01,1878.5
TCGA-AJ-A3BD-01,1007.64
TCGA-AJ-A3BF-01,1337.56
TCGA-AJ-A3BG-01,1185.02
TCGA-AJ-A3BH-01,2648.26
TCGA-AJ-A3BI-01,995.521
TCGA-AJ-A3BK-01,1168.72
TCGA-AJ-A3EJ-01,2476.98
TCGA-AJ-A3EK-01,2418.26
TCGA-AJ-A3EL-01,1356.18
TCGA-AJ-A3EM-01,1306.52
TCGA-AJ-A3I9-01,1863.85
TCGA-AJ-A3IA-01,1469.51
TCGA-AJ-A3NC-01,2061.62
TCGA-AJ-A3NE-01,2119.0
TCGA-AJ-A3NF-01,2215.82
TCGA-AJ-A3NG-01,2652.38
TCGA-AJ-A3NH-01,2239.86
TCGA-AJ-A3OJ-01,2186.67
TCGA-AJ-A3OK-01,2031.66
TCGA-AJ-A3OL-01,2281.09
TCGA-AJ-A3QS-01,2472.84
TCGA-AJ-A3TW-01,1036.97
TCGA-AJ-A5DV-01,2236.48
TCGA-AJ-A5DW-01,3027.07
TCGA-AJ-A6NU-01,2158.7
TCGA-AJ-A8CT-01,1465.13
TCGA-AJ-A8CV-01,1485.01
TCGA-AJ-A8CW-01,1784.15
TCGA-AP-A051-01,2643.293
TCGA-AP-A052-01,1724.6492
TCGA-AP-A054-01,3627.5971
TCGA-AP-A056-01,2107.4787
TCGA-AP-A059-01,2835.9325
TCGA-AP-A05A-01,1333.3443
TCGA-AP-A05D-01,1119.2181
TCGA-AP-A05H-01,1280.956
TCGA-AP-A05J-01,824.726
TCGA-AP-A05N-01,2700.961
TCGA-AP-A05O-01,1953.6846
TCGA-AP-A05P-01,3415.4789
TCGA-AP-A0L8-01,1617.4984
TCGA-AP-A0L9-01,2370.6904
TCGA-AP-A0LD-01,1544.6134
TCGA-AP-A0LE-01,1383.517
TCGA-AP-A0LF-01,1611.8436
TCGA-AP-A0LG-01,3065.8309
TCGA-AP-A0LH-01,3947.414
TCGA-AP-A0LI-01,1202.2549
TCGA-AP-A0LJ-01,980.5646
TCGA-AP-A0LL-01,1599.8407
TCGA-AP-A0LM-01,2287.7284
TCGA-AP-A0LN-01,1423.7814
TCGA-AP-A0LO-01,2066.4193
TCGA-AP-A0LP-01,1554.8926
TCGA-AP-A0LQ-01,
TCGA-AP-A0LS-01,3019.0128
TCGA-AP-A0LT-01,1622.6407
TCGA-AP-A0LV-01,1641.3828
TCGA-AP-A1DH-01,2351.3945
TCGA-AP-A1DK-01,2804.5428
TCGA-AP-A1DM-01,2152.1065
TCGA-AP-A1DO-01,2377.2655
TCGA-AP-A1DP-01,2520.1449
TCGA-AP-A1DQ-01,3175.5982
TCGA-AP-A1DR-01,2556.765
TCGA-AP-A1DV-01,3361.4599
TCGA-AP-A1E0-01,2924.974
TCGA-AP-A1E1-01,2209.5107
TCGA-AP-A1E3-01,1654.5388
TCGA-AP-A1E4-01,2222.9915
TCGA-AP-A3K1-01,1383.04
TCGA-AP-A5FX-01,2035.2
TCGA-AW-A1PO-01,4141.7467
TCGA-AX-A05S-01,1618.4626
TCGA-AX-A05T-01,2390.0855
TCGA-AX-A05U-01,3259.8069
TCGA-AX-A05W-01,1344.17
TCGA-AX-A05Y-01,1609.1289
TCGA-AX-A05Z-01,961.499
TCGA-AX-A060-01,1527.3878
TCGA-AX-A062-01,3996.7816
TCGA-AX-A063-01,2031.5194
TCGA-AX-A064-01,2671.7017
TCGA-AX-A06B-01,3017.3182
TCGA-AX-A06F-01,2281.3896
TCGA-AX-A06H-01,3446.1467
TCGA-AX-A06J-01,980.9205
TCGA-AX-A06L-01,2303.4902
TCGA-AX-A0IS-01,2847.5676
TCGA-AX-A0IU-01,1887.7207
TCGA-AX-A0IW-01,818.8665
TCGA-AX-A0IZ-01,2370.878
TCGA-AX-A0J0-01,3101.3978
TCGA-AX-A0J1-01,2251.7049
TCGA-AX-A1C4-01,2936.1647
TCGA-AX-A1C5-01,2124.1524
TCGA-AX-A1C7-01,772.703
TCGA-AX-A1C8-01,1701.9416
TCGA-AX-A1C9-01,2446.6873
TCGA-AX-A1CA-01,1090.4111
TCGA-AX-A1CC-01,2265.8446
TCGA-AX-A1CE-01,2159.1545
TCGA-AX-A1CF-01,2273.5707
TCGA-AX-A1CI-01,2894.7633
TCGA-AX-A1CJ-01,1786.227
TCGA-AX-A1CK-01,1542.2281
TCGA-AX-A1CN-01,2547.4513
TCGA-AX-A2H2-01,2451.0886
TCGA-AX-A2H4-01,2246.08
TCGA-AX-A2H5-01,5218.694
TCGA-AX-A2H7-01,2519.6655
TCGA-AX-A2HA-01,2155.7895
TCGA-AX-A2HC-01,2609.3496
TCGA-AX-A2HD-01,2429.032
TCGA-AX-A2HG-01,2793.9134
TCGA-AX-A2HH-01,2203.7
TCGA-AX-A2HJ-01,2788.767
TCGA-AX-A2HK-01,3791.9263
TCGA-AX-A2IN-01,1478.83
TCGA-AX-A2IO-01,2388.3396
TCGA-AX-A3FS-01,3155.19
TCGA-AX-A3FT-01,2002.32
TCGA-AX-A3FV-01,2845.62
TCGA-AX-A3FW-01,2445.49
TCGA-AX-A3FX-01,2047.9
TCGA-AX-A3FZ-01,1824.45
TCGA-AX-A3G1-01,4103.2
TCGA-AX-A3G4-01,1469.51
TCGA-AX-A3G6-01,1486.41
TCGA-AX-A3G7-01,1917.03
TCGA-AX-A3G8-01,1685.37
TCGA-AX-A3G9-01,2788.76
TCGA-AX-A3GB-01,1484.38
TCGA-AX-A3GI-01,3861.41
TCGA-B5-A0JN-01,1714.65
TCGA-B5-A0JR-01,1510.22
TCGA-B5-A0JS-01,1903.7946
TCGA-B5-A0JT-01,2190.5944
TCGA-B5-A0JU-01,2791.5498
TCGA-B5-A0JV-01,2182.845
TCGA-B5-A0JX-01,2459.7146
TCGA-B5-A0JY-01,2162.8723
TCGA-B5-A0JZ-01,1803.3916
TCGA-B5-A0K0-01,2513.8777
TCGA-B5-A0K1-01,2279.4878
TCGA-B5-A0K2-01,2162.7664
TCGA-B5-A0K3-01,1624.426
TCGA-B5-A0K4-01,930.5334
TCGA-B5-A0K6-01,924.6368
TCGA-B5-A0K7-01,2063.8852
TCGA-B5-A0K8-01,3546.7325
TCGA-B5-A0K9-01,1565.84
TCGA-B5-A11E-01,2666.9425
TCGA-B5-A11F-01,1945.9581
TCGA-B5-A11G-01,1687.8381
TCGA-B5-A11H-01,2271.6334
TCGA-B5-A11I-01,2947.0399
TCGA-B5-A11J-01,2951.8728
TCGA-B5-A11L-01,1913.4315
TCGA-B5-A11M-01,2619.2614
TCGA-B5-A11N-01,1952.3615
TCGA-B5-A11O-01,2196.5204
TCGA-B5-A11P-01,1780.2628
TCGA-B5-A11Q-01,1994.2345
TCGA-B5-A11R-01,2038.64
TCGA-B5-A11S-01,2858.4564
TCGA-B5-A11U-01,2568.1453
TCGA-B5-A11V-01,1871.0259
TCGA-B5-A11W-01,1721.8114
TCGA-B5-A11X-01,1799.907
TCGA-B5-A11Y-01,1726.727
TCGA-B5-A11Z-01,2565.5633
TCGA-B5-A121-01,2703.8407
TCGA-B5-A1MR-01,692.3575
TCGA-B5-A1MS-01,2386.87
TCGA-B5-A1MU-01,1942.6142
TCGA-B5-A1MV-01,2131.3807
TCGA-B5-A1MW-01,2060.9
TCGA-B5-A1MX-01,2333.007
TCGA-B5-A1MY-01,2699.2704
TCGA-B5-A1MZ-01,2726.1283
TCGA-B5-A1N2-01,3118.4738
TCGA-B5-A3F9-01,2125.09
TCGA-B5-A3FA-01,1432.26
TCGA-B5-A3FB-01,1829.29
TCGA-B5-A3FC-01,1969.56
TCGA-B5-A3FD-01,1802.14
TCGA-B5-A3FH-01,2339.68
TCGA-B5-A3S1-01,1953.36
TCGA-B5-A5OC-01,2124.83
TCGA-B5-A5OD-01,745.083
TCGA-B5-A5OE-01,1123.25
TCGA-BG-A0LW-01,2142.6096
TCGA-BG-A0LX-01,2546.6917
TCGA-BG-A0M0-01,2115.4159
TCGA-BG-A0M2-01,2339.6216
TCGA-BG-A0M3-01,1662.7205
TCGA-BG-A0M4-01,1541.2858
TCGA-BG-A0M6-01,2688.6478
TCGA-BG-A0M7-01,1269.9703
TCGA-BG-A0M9-01,1525.4071
TCGA-BG-A0MA-01,2003.3577
TCGA-BG-A0MC-01,823.5418
TCGA-BG-A0MG-01,2043.3834
TCGA-BG-A0MI-01,1781.8162
TCGA-BG-A0MK-01,1371.99
TCGA-BG-A0MO-01,1906.6681
TCGA-BG-A0MQ-01,2272.4788
TCGA-BG-A0MT-01,2290.4046
TCGA-BG-A0MU-01,1659.9856
TCGA-BG-A0RY-01,1512.1955
TCGA-BG-A0VT-01,3483.5657
TCGA-BG-A0VV-01,2143.9513
TCGA-BG-A0VW-01,1911.3388
TCGA-BG-A0VX-01,2050.8235
TCGA-BG-A0VZ-01,2598.8058
TCGA-BG-A0W1-01,1980.4343
TCGA-BG-A0W2-01,2238.2312
TCGA-BG-A0YU-01,2394.1512
TCGA-BG-A0YV-01,2907.8535
TCGA-BG-A186-01,2420.87
TCGA-BG-A187-01,1485.3642
TCGA-BG-A18A-01,1322.2205
TCGA-BG-A18B-01,2681.534
TCGA-BG-A18C-01,1913.8926
TCGA-BG-A222-01,3131.9418
TCGA-BG-A2AD-01,2078.5108
TCGA-BG-A2AE-01,2651.0643
TCGA-BG-A2L7-01,3305.9023
TCGA-BG-A3EW-01,2155.53
TCGA-BG-A3PP-01,2400.62
TCGA-BK-A0C9-01,848.9747
TCGA-BK-A0CA-01,2611.0192
TCGA-BK-A0CB-01,1121.6056
TCGA-BK-A0CC-01,3429.2092
TCGA-BK-A139-01,2627.9577
TCGA-BK-A13B-01,1439.55
TCGA-BK-A13C-01,2823.0501
TCGA-BK-A26L-01,2373.2573
TCGA-BK-A4ZD-01,3265.36
TCGA-BK-A56F-01,2490.51
TCGA-BK-A6W3-01,2408.4
TCGA-BK-A6W4-01,2767.69
TCGA-BS-A0T9-01,1172.3566
TCGA-BS-A0TA-01,1961.0437
TCGA-BS-A0TC-01,220.1546
TCGA-BS-A0TD-01,1225.1075
TCGA-BS-A0TE-01,1742.5977
TCGA-BS-A0TG-01,1943.9731
TCGA-BS-A0TI-01,1291.6375
TCGA-BS-A0TJ-01,2454.5883
TCGA-BS-A0U5-01,2374.5817
TCGA-BS-A0U7-01,2002.3428
TCGA-BS-A0U8-01,2367.514
TCGA-BS-A0U9-01,2341.8849
TCGA-BS-A0UA-01,1940.1801
TCGA-BS-A0UF-01,2967.9725
TCGA-BS-A0UJ-01,1270.7036
TCGA-BS-A0UL-01,2556.6716
TCGA-BS-A0UM-01,1715.7909
TCGA-BS-A0UT-01,1630.4956
TCGA-BS-A0UV-01,2152.2477
TCGA-BS-A0V4-01,1479.74
TCGA-BS-A0V6-01,2578.5307
TCGA-BS-A0V7-01,1213.08
TCGA-BS-A0V8-01,2707.3848
TCGA-BS-A0VI-01,1957.8899
TCGA-BS-A0WQ-01,2697.3349
TCGA-D1-A0ZN-01,2626.0668
TCGA-D1-A0ZO-01,2465.414
TCGA-D1-A0ZP-01,2173.2124
TCGA-D1-A0ZQ-01,2109.5868
TCGA-D1-A0ZR-01,2258.2115
TCGA-D1-A0ZS-01,4832.3433
TCGA-D1-A0ZU-01,2364.0912
TCGA-D1-A0ZV-01,1815.0166
TCGA-D1-A0ZZ-01,3387.2146
TCGA-D1-A101-01,2252.3509
TCGA-D1-A102-01,3846.7298
TCGA-D1-A103-01,2573.7996
TCGA-D1-A15V-01,2396.1663
TCGA-D1-A15W-01,2591.799
TCGA-D1-A15X-01,1591.944
TCGA-D1-A15Z-01,2656.1164
TCGA-D1-A160-01,1951.0383
TCGA-D1-A161-01,1874.5286
TCGA-D1-A163-01,2687.7382
TCGA-D1-A165-01,2355.4629
TCGA-D1-A167-01,373.1788
TCGA-D1-A168-01,889.5956
TCGA-D1-A169-01,1223.7495
TCGA-D1-A16B-01,2089.9751
TCGA-D1-A16D-01,1934.1296
TCGA-D1-A16E-01,1841.3839
TCGA-D1-A16F-01,1894.5105
TCGA-D1-A16G-01,1444.5001
TCGA-D1-A16I-01,1499.2778
TCGA-D1-A16J-01,1729.7187
TCGA-D1-A16N-01,2224.7894
TCGA-D1-A16O-01,1924.615
TCGA-D1-A16Q-01,1323.9848
TCGA-D1-A16R-01,1432.1206
TCGA-D1-A16S-01,1144.4049
TCGA-D1-A16V-01,2961.1079
TCGA-D1-A16X-01,1381.672
TCGA-D1-A16Y-01,699.3025
TCGA-D1-A174-01,956.6147
TCGA-D1-A175-01,3479.2845
TCGA-D1-A176-01,1858.3854
TCGA-D1-A177-01,1884.3254
TCGA-D1-A179-01,2453.0667
TCGA-D1-A17A-01,1660.4612
TCGA-D1-A17B-01,1772.3766
TCGA-D1-A17C-01,1058.6997
TCGA-D1-A17D-01,1279.8624
TCGA-D1-A17F-01,1684.166
TCGA-D1-A17H-01,547.7354
TCGA-D1-A17K-01,1615.4389
TCGA-D1-A17L-01,1059.0933
TCGA-D1-A17M-01,1961.8941
TCGA-D1-A17N-01,616.9402
TCGA-D1-A17Q-01,2298.3854
TCGA-D1-A17R-01,1378.1496
TCGA-D1-A17S-01,1761.0013
TCGA-D1-A17T-01,1378.0058
TCGA-D1-A17U-01,1952.3378
TCGA-D1-A1NS-01,1782.0178
TCGA-D1-A1NU-01,1917.806
TCGA-D1-A1NW-01,2548.0941
TCGA-D1-A1NX-01,2315.0125
TCGA-D1-A1NY-01,2014.0486
TCGA-D1-A1NZ-01,2051.1064
TCGA-D1-A1O0-01,2356.4243
TCGA-D1-A1O5-01,2185.5498
TCGA-D1-A1O7-01,2263.3317
TCGA-D1-A1O8-01,1477.8498
TCGA-D1-A2G0-01,1313.01
TCGA-D1-A2G5-01,2433.7859
TCGA-D1-A2G6-01,2048.3003
TCGA-D1-A2G7-01,2324.292
TCGA-D1-A3DA-01,1963.66
TCGA-D1-A3DG-01,1341.67
TCGA-D1-A3DH-01,1797.36
TCGA-D1-A3JQ-01,2273.31
TCGA-DF-A2KN-01,1636.49
TCGA-DF-A2KR-01,2154.6
TCGA-DF-A2KS-01,4057.7998
TCGA-DF-A2KU-01,892.682
TCGA-DF-A2KV-01,1186.34
TCGA-DF-A2KY-01,911.227
TCGA-DF-A2KZ-01,1289.52
TCGA-DF-A2L0-01,650.097
TCGA-DI-A0WH-01,2131.0981
TCGA-DI-A1BU-01,1892.22
TCGA-DI-A1BY-01,1908.5128
TCGA-DI-A1C3-01,1787.47
TCGA-DI-A1NN-01,2395.7914
TCGA-DI-A1NO-01,1728.1279
TCGA-DI-A2QT-01,1092.64
TCGA-DI-A2QU-01,1922.8656
TCGA-DI-A2QY-01,1578.44
TCGA-E6-A1LX-01,1647.3071
TCGA-E6-A1LZ-01,1529.965
TCGA-E6-A1M0-01,2332.4088
TCGA-E6-A2P8-01,3885.52
TCGA-E6-A2P9-01,2059.65
TCGA-E6-A8L9-01,1849.91
TCGA-EC-A1NJ-01,2899.8323
TCGA-EC-A1QX-01,2073.585
TCGA-EC-A24G-01,2078.393
TCGA-EO-A1Y5-01,1998.4482
TCGA-EO-A1Y7-01,1626.87
TCGA-EO-A1Y8-01,1699.2805
TCGA-EO-A22R-01,3126.1817
TCGA-EO-A22S-01,2527.2883
TCGA-EO-A22T-01,3489.2775
TCGA-EO-A22U-01,1963.22
TCGA-EO-A22X-01,1575.93
TCGA-EO-A22Y-01,2808.67
TCGA-EO-A2CG-01,2261.4998
TCGA-EO-A2CH-01,3319.2692
TCGA-EO-A3AS-01,1701.2
TCGA-EO-A3AU-01,2480.6
TCGA-EO-A3AV-01,1117.86
TCGA-EO-A3AY-01,542.446
TCGA-EO-A3AZ-01,709.629
TCGA-EO-A3B0-01,1775.03
TCGA-EO-A3B1-01,1938.0
TCGA-EO-A3KU-01,3404.72
TCGA-EO-A3KW-01,2635.24
TCGA-EO-A3KX-01,2494.12
TCGA-EO-A3L0-01,1650.07
TCGA-EY-A1GC-01,1744.8407
TCGA-EY-A1GD-01,2642.8379
TCGA-EY-A1GE-01,2724.1703
TCGA-EY-A1GF-01,3373.3041
TCGA-EY-A1GH-01,2998.7913
TCGA-EY-A1GI-01,4700.4507
TCGA-EY-A1GJ-01,
TCGA-EY-A1GK-01,2426.3974
TCGA-EY-A1GL-01,1351.38
TCGA-EY-A1GM-01,2091.6715
TCGA-EY-A1GO-01,1618.79
TCGA-EY-A1GP-01,1763.56
TCGA-EY-A1GQ-01,1485.6747
TCGA-EY-A1GR-01,2288.4914
TCGA-EY-A1GS-01,1960.8547
TCGA-EY-A1GT-01,1968.8387
TCGA-EY-A1GU-01,2873.5768
TCGA-EY-A1GV-01,1504.3523
TCGA-EY-A1GW-01,1995.9224
TCGA-EY-A1GX-01,1497.06
TCGA-EY-A1H0-01,1955.7519
TCGA-EY-A210-01,1360.47
TCGA-EY-A212-01,2328.4796
TCGA-EY-A214-01,2300.8733
TCGA-EY-A215-01,2632.7547
TCGA-EY-A2OM-01,3716.1116
TCGA-EY-A2ON-01,1911.26
TCGA-EY-A2OO-01,1781.59
TCGA-EY-A2OP-01,1810.71
TCGA-EY-A2OQ-01,1474.96
TCGA-EY-A3L3-01,3786.36
TCGA-EY-A3QX-01,1973.43
TCGA-EY-A4KR-01,1641.45
TCGA-EY-A547-01,753.396
TCGA-EY-A548-01,1708.77
TCGA-EY-A549-01,1536.86
TCGA-EY-A54A-01,2364.72
TCGA-EY-A5W2-01,1435.03
TCGA-EY-A72D-01,3881.3
TCGA-FI-A2CX-01,2138.608
TCGA-FI-A2CY-01,3786.7742
TCGA-FI-A2D0-01,2750.9484
TCGA-FI-A2D2-01,3349.5562
TCGA-FI-A2D4-01,1804.7189
TCGA-FI-A2D5-01,2270.5062
TCGA-FI-A2D6-01,6310.9442
TCGA-FI-A2EU-01,2262.3453
TCGA-FI-A2EW-01,1521.0992
TCGA-FI-A2EX-01,1999.9943
TCGA-FI-A2EY-01,870.0
TCGA-FI-A2F4-01,1942.3779
TCGA-FI-A2F8-01,1761.4521
TCGA-FI-A2F9-01,2311.61
TCGA-FI-A3PV-01,1199.32
TCGA-FI-A3PX-01,2389.28
TCGA-H5-A2HR-01,850.505
TCGA-JU-AAVI-01,1080.69
TCGA-K6-A3WQ-01,1714.13
TCGA-KP-A3VZ-01,1668.13
TCGA-KP-A3W0-01,2147.13
TCGA-KP-A3W1-01,1816.26
TCGA-KP-A3W3-01,2318.07
TCGA-KP-A3W4-01,2040.43
TCGA-PG-A5BC-01,2126.54
TCGA-PG-A6IB-01,1133.49
TCGA-PG-A7D5-01,1038.19
TCGA-PG-A914-01,2497.57
TCGA-PG-A915-01,2763.88
TCGA-PG-A916-01,1950.95
TCGA-PG-A917-01,2401.63
TCGA-QF-A5YS-01,1087.24
TCGA-QF-A5YT-01,1119.69
TCGA-QS-A5YQ-01,1163.53
TCGA-QS-A5YR-01,1065.88
TCGA-QS-A744-01,1813.48
TCGA-QS-A8F1-01,1380.5
TCGA-SJ-A6ZI-01,2512.44
TCGA-SJ-A6ZJ-01,1230.33
TCGA-SL-A6J9-01,966.713
TCGA-SL-A6JA-01,2603.93
TCGA-N5-A4R8-01,1767.1
TCGA-N5-A4RA-01,1484.32
TCGA-N5-A4RD-01,1696.82
TCGA-N5-A4RF-01,1938.96
TCGA-N5-A4RJ-01,1515.89
TCGA-N5-A4RM-01,1645.83
TCGA-N5-A4RN-01,3216.82
TCGA-N5-A4RO-01,1743.94
TCGA-N5-A4RS-01,1511.57
TCGA-N5-A4RT-01,2214.41
TCGA-N5-A4RU-01,2099.67
TCGA-N5-A4RV-01,1162.23
TCGA-N5-A59E-01,1129.38
TCGA-N5-A59F-01,1305.47
TCGA-N6-A4V9-01,2928.19
TCGA-N6-A4VC-01,1454.29
TCGA-N6-A4VD-01,2464.8
TCGA-N6-A4VE-01,2360.3
TCGA-N6-A4VF-01,2188.65
TCGA-N6-A4VG-01,1132.73
TCGA-N7-A4Y0-01,2813.87
TCGA-N7-A4Y5-01,1257.93
TCGA-N7-A4Y8-01,1351.07
TCGA-N7-A59B-01,1076.21
TCGA-N8-A4PI-01,2147.46
TCGA-N8-A4PL-01,1109.5
TCGA-N8-A4PM-01,1191.96
TCGA-N8-A4PN-01,2648.87
TCGA-N8-A4PO-01,1637.99
TCGA-N8-A4PP-01,2578.78
TCGA-N8-A4PQ-01,1843.25
TCGA-N8-A56S-01,2260.54
TCGA-N9-A4PZ-01,2249.78
TCGA-N9-A4Q1-01,1055.74
TCGA-N9-A4Q3-01,1074.96
TCGA-N9-A4Q4-01,1139.69
TCGA-N9-A4Q7-01,1261.82
TCGA-N9-A4Q8-01,2644.28
TCGA-NA-A4QV-01,1432.91
TCGA-NA-A4QW-01,2090.67
TCGA-NA-A4QX-01,2557.51
TCGA-NA-A4QY-01,2532.72
TCGA-NA-A4R0-01,1724.72
TCGA-NA-A4R1-01,4372.93
TCGA-NA-A5I1-01,1856.86
TCGA-ND-A4W6-01,953.488
TCGA-ND-A4WA-01,2018.28
TCGA-ND-A4WC-01,1814.45
TCGA-ND-A4WF-01,1434.2
TCGA-NF-A4WU-01,1846.88
TCGA-NF-A4WX-01,1427.19
TCGA-NF-A4X2-01,2970.34
TCGA-NF-A5CP-01,2078.88
TCGA-NG-A4VU-01,1702.37
TCGA-NG-A4VW-01,2206.21
TCGA-QM-A5NM-01,1270.96
TCGA-QN-A5NN-01,1264.33
TCGA-RZ-AB0B-01,1868.23
TCGA-V3-A9ZX-01,1567.67
TCGA-V3-A9ZY-01,578.832
TCGA-V4-A9E5-01,729.794
TCGA-V4-A9E7-01,991.819
TCGA-V4-A9E8-01,466.634
TCGA-V4-A9E9-01,460.364
TCGA-V4-A9EA-01,369.909
TCGA-V4-A9EC-01,1025.66
TCGA-V4-A9ED-01,914.201
TCGA-V4-A9EE-01,1985.29
TCGA-V4-A9EF-01,1053.04
TCGA-V4-A9EH-01,827.011
TCGA-V4-A9EI-01,1190.82
TCGA-V4-A9EJ-01,1185.4
TCGA-V4-A9EK-01,1888.95
TCGA-V4-A9EL-01,1354.38
TCGA-V4-A9EM-01,628.577
TCGA-V4-A9EO-01,1429.9
TCGA-V4-A9EQ-01,403.148
TCGA-V4-A9ES-01,1515.68
TCGA-V4-A9ET-01,508.675
TCGA-V4-A9EU-01,2055.28
TCGA-V4-A9EV-01,1732.12
TCGA-V4-A9EW-01,1465.44
TCGA-V4-A9EX-01,1628.31
TCGA-V4-A9EY-01,315.27
TCGA-V4-A9EZ-01,358.073
TCGA-V4-A9F0-01,1410.92
TCGA-V4-A9F1-01,1501.04
TCGA-V4-A9F2-01,797.442
TCGA-V4-A9F3-01,2163.13
TCGA-V4-A9F4-01,1910.76
TCGA-V4-A9F5-01,912.548
TCGA-V4-A9F7-01,1756.41
TCGA-V4-A9F8-01,444.635
TCGA-VD-A8K7-01,2385.52
TCGA-VD-A8K8-01,1608.06
TCGA-VD-A8K9-01,1778.11
TCGA-VD-A8KA-01,1304.36
TCGA-VD-A8KB-01,888.393
TCGA-VD-A8KD-01,1870.11
TCGA-VD-A8KE-01,735.106
TCGA-VD-A8KF-01,2628.35
TCGA-VD-A8KG-01,535.572
TCGA-VD-A8KH-01,1916.22
TCGA-VD-A8KI-01,588.436
TCGA-VD-A8KJ-01,1603.38
TCGA-VD-A8KK-01,941.905
TCGA-VD-A8KL-01,519.774
TCGA-VD-A8KM-01,1248.52
TCGA-VD-A8KN-01,1545.22
TCGA-VD-A8KO-01,2683.21
TCGA-VD-AA8M-01,625.874
TCGA-VD-AA8N-01,860.153
TCGA-VD-AA8O-01,687.945
TCGA-VD-AA8P-01,1236.87
TCGA-VD-AA8Q-01,1098.53
TCGA-VD-AA8R-01,1296.28
TCGA-VD-AA8S-01,340.271
TCGA-VD-AA8T-01,2119.7
TCGA-WC-A87T-01,1871.28
TCGA-WC-A87U-01,1586.6
TCGA-WC-A87W-01,2518.69
TCGA-WC-A87Y-01,1568.28
TCGA-WC-A880-01,1181.09
TCGA-WC-A881-01,1358.6
TCGA-WC-A882-01,318.508
TCGA-WC-A883-01,1333.33
TCGA-WC-A884-01,753.025
TCGA-WC-A885-01,648.001
TCGA-WC-A888-01,1117.29
TCGA-WC-A88A-01,1134.33
TCGA-WC-AA9A-01,2039.89
TCGA-WC-AA9E-01,1897.65
TCGA-YZ-A980-01,1471.02
TCGA-YZ-A982-01,665.487
TCGA-YZ-A983-01,1349.75
TCGA-YZ-A984-01,423.104
TCGA-YZ-A985-01,651.106
