SAMPLE_ID,mRNA_all
TCGA-OR-A5J1-01,0.5702
TCGA-OR-A5J2-01,0.6293
TCGA-OR-A5J3-01,0.5264
TCGA-OR-A5J4-01,
TCGA-OR-A5J5-01,-0.0302
TCGA-OR-A5J6-01,-1.6178
TCGA-OR-A5J7-01,-1.622
TCGA-OR-A5J8-01,-1.4188
TCGA-OR-A5J9-01,-0.442
TCGA-OR-A5JA-01,0.2219
TCGA-OR-A5JB-01,0.4932
TCGA-OR-A5JC-01,-0.161
TCGA-OR-A5JD-01,-0.2293
TCGA-OR-A5JE-01,-3.1901
TCGA-OR-A5JF-01,-0.3362
TCGA-OR-A5JG-01,-0.5196
TCGA-OR-A5JH-01,
TCGA-OR-A5JI-01,0.1941
TCGA-OR-A5JJ-01,0.0431
TCGA-OR-A5JK-01,-0.7134
TCGA-OR-A5JL-01,1.1654
TCGA-OR-A5JM-01,-1.2698
TCGA-OR-A5JO-01,-0.0055
TCGA-OR-A5JP-01,-1.5469
TCGA-OR-A5JQ-01,0.3975
TCGA-OR-A5JR-01,1.0365
TCGA-OR-A5JS-01,-0.2715
TCGA-OR-A5JT-01,1.0073
TCGA-OR-A5JU-01,
TCGA-OR-A5JV-01,1.3303
TCGA-OR-A5JW-01,0.1483
TCGA-OR-A5JX-01,0.1035
TCGA-OR-A5JY-01,-0.5134
TCGA-OR-A5JZ-01,1.2617
TCGA-OR-A5K0-01,-1.2444
TCGA-OR-A5K1-01,0.228
TCGA-OR-A5K2-01,-2.7423
TCGA-OR-A5K3-01,0.1517
TCGA-OR-A5K4-01,1.407
TCGA-OR-A5K5-01,-2.0679
TCGA-OR-A5K6-01,-0.3979
TCGA-OR-A5K8-01,-0.3246
TCGA-OR-A5K9-01,-0.7282
TCGA-OR-A5KB-01,
TCGA-OR-A5KO-01,1.295
TCGA-OR-A5KP-01,
TCGA-OR-A5KQ-01,
TCGA-OR-A5KS-01,
TCGA-OR-A5KT-01,-1.5823
TCGA-OR-A5KU-01,-1.0263
TCGA-OR-A5KV-01,-0.7531
TCGA-OR-A5KW-01,0.8814
TCGA-OR-A5KX-01,-0.1368
TCGA-OR-A5KY-01,-1.0099
TCGA-OR-A5KZ-01,0.6557
TCGA-OR-A5L1-01,
TCGA-OR-A5L2-01,
TCGA-OR-A5L3-01,-1.0642
TCGA-OR-A5L4-01,0.9821
TCGA-OR-A5L5-01,0.1082
TCGA-OR-A5L6-01,-0.928
TCGA-OR-A5L8-01,0.7258
TCGA-OR-A5L9-01,0.4846
TCGA-OR-A5LA-01,0.2004
TCGA-OR-A5LB-01,0.9756
TCGA-OR-A5LC-01,-1.088
TCGA-OR-A5LD-01,-1.3923
TCGA-OR-A5LE-01,0.0565
TCGA-OR-A5LF-01,
TCGA-OR-A5LG-01,-0.2119
TCGA-OR-A5LH-01,0.4531
TCGA-OR-A5LI-01,
TCGA-OR-A5LJ-01,1.2376
TCGA-OR-A5LK-01,1.6845
TCGA-OR-A5LL-01,0.3549
TCGA-OR-A5LM-01,-0.438
TCGA-OR-A5LN-01,0.4618
TCGA-OR-A5LO-01,1.3924
TCGA-OR-A5LP-01,0.6805
TCGA-OR-A5LR-01,1.2009
TCGA-OR-A5LS-01,0.3122
TCGA-OR-A5LT-01,0.3975
TCGA-OR-A5OG-01,
TCGA-OU-A5PI-01,0.6605
TCGA-P6-A5OF-01,0.7839
TCGA-P6-A5OH-01,
TCGA-PA-A5YG-01,1.0904
TCGA-PK-A5H8-01,0.1709
TCGA-PK-A5H9-01,0.7769
TCGA-PK-A5HA-01,1.4531
TCGA-PK-A5HB-01,0.632
TCGA-PK-A5HC-01,
TCGA-2F-A9KO-01,1.3887
TCGA-2F-A9KP-01,0.5928
TCGA-2F-A9KQ-01,0.9103
TCGA-2F-A9KR-01,-1.1373
TCGA-2F-A9KT-01,0.3378
TCGA-2F-A9KW-01,0.1905
TCGA-4Z-AA7M-01,0.7335
TCGA-4Z-AA7N-01,0.053
TCGA-4Z-AA7O-01,0.753
TCGA-4Z-AA7Q-01,0.0263
TCGA-4Z-AA7R-01,0.8723
TCGA-4Z-AA7S-01,1.045
TCGA-4Z-AA7W-01,-0.6334
TCGA-4Z-AA7Y-01,1.025
TCGA-4Z-AA80-01,0.6808
TCGA-4Z-AA81-01,0.0498
TCGA-4Z-AA82-01,1.1776
TCGA-4Z-AA83-01,-1.6463
TCGA-4Z-AA84-01,0.3019
TCGA-4Z-AA86-01,0.0202
TCGA-4Z-AA87-01,0.2061
TCGA-4Z-AA89-01,-1.4873
TCGA-5N-A9KI-01,-0.2398
TCGA-5N-A9KM-01,0.4395
TCGA-BL-A0C8-01,0.8726
TCGA-BL-A13I-01,-0.3372
TCGA-BL-A13J-01,1.6704
TCGA-BL-A3JM-01,0.4993
TCGA-BL-A5ZZ-01,0.1597
TCGA-BT-A0S7-01,1.3497
TCGA-BT-A0YX-01,0.192
TCGA-BT-A20J-01,0.7102
TCGA-BT-A20N-01,0.8776
TCGA-BT-A20O-01,0.3036
TCGA-BT-A20P-01,-0.0477
TCGA-BT-A20Q-01,0.7469
TCGA-BT-A20R-01,0.5891
TCGA-BT-A20T-01,0.4599
TCGA-BT-A20U-01,0.4181
TCGA-BT-A20V-01,1.3345
TCGA-BT-A20W-01,0.9465
TCGA-BT-A20X-01,1.0988
TCGA-BT-A2LA-01,0.6346
TCGA-BT-A2LB-01,-0.7915
TCGA-BT-A2LD-01,-0.4507
TCGA-BT-A3PH-01,0.6623
TCGA-BT-A3PJ-01,0.5499
TCGA-BT-A3PK-01,0.6791
TCGA-BT-A42B-01,
TCGA-BT-A42C-01,0.5629
TCGA-BT-A42E-01,-1.4414
TCGA-BT-A42F-01,-0.6471
TCGA-C4-A0EZ-01,0.8936
TCGA-C4-A0F0-01,1.8165
TCGA-C4-A0F1-01,-1.8192
TCGA-C4-A0F6-01,1.0848
TCGA-C4-A0F7-01,0.4726
TCGA-CF-A1HR-01,0.1024
TCGA-CF-A1HS-01,1.3793
TCGA-CF-A27C-01,-1.8255
TCGA-CF-A3MF-01,0.1769
TCGA-CF-A3MG-01,0.9309
TCGA-CF-A3MH-01,0.4778
TCGA-CF-A3MI-01,-1.3616
TCGA-CF-A47S-01,0.1292
TCGA-CF-A47T-01,0.1895
TCGA-CF-A47V-01,0.0063
TCGA-CF-A47W-01,-2.353
TCGA-CF-A47X-01,0.434
TCGA-CF-A47Y-01,-1.4681
TCGA-CF-A5U8-01,-1.781
TCGA-CF-A5UA-01,-0.4886
TCGA-CF-A7I0-01,-0.1018
TCGA-CF-A8HX-01,-0.112
TCGA-CF-A8HY-01,0.2752
TCGA-CF-A9FF-01,0.0271
TCGA-CF-A9FH-01,0.1834
TCGA-CF-A9FL-01,0.5367
TCGA-CF-A9FM-01,-4.4208
TCGA-CU-A0YN-01,1.0392
TCGA-CU-A0YO-01,0.6053
TCGA-CU-A0YR-01,1.0594
TCGA-CU-A3KJ-01,1.6312
TCGA-CU-A3QU-01,0.9282
TCGA-CU-A3YL-01,0.2978
TCGA-CU-A5W6-01,0.9771
TCGA-CU-A72E-01,-1.7145
TCGA-DK-A1A3-01,0.2278
TCGA-DK-A1A5-01,1.4317
TCGA-DK-A1A6-01,0.9756
TCGA-DK-A1A7-01,0.0593
TCGA-DK-A1AA-01,-1.9167
TCGA-DK-A1AB-01,0.6295
TCGA-DK-A1AC-01,0.2311
TCGA-DK-A1AD-01,0.992
TCGA-DK-A1AE-01,0.915
TCGA-DK-A1AF-01,0.0929
TCGA-DK-A1AG-01,0.3174
TCGA-DK-A2HX-01,0.2492
TCGA-DK-A2I1-01,0.4071
TCGA-DK-A2I2-01,0.2166
TCGA-DK-A2I4-01,0.6614
TCGA-DK-A2I6-01,0.1964
TCGA-DK-A3IK-01,0.3517
TCGA-DK-A3IL-01,0.1534
TCGA-DK-A3IM-01,1.1853
TCGA-DK-A3IN-01,0.5794
TCGA-DK-A3IQ-01,0.1981
TCGA-DK-A3IS-01,-1.7548
TCGA-DK-A3IT-01,0.4066
TCGA-DK-A3IU-01,-0.107
TCGA-DK-A3IV-01,0.5595
TCGA-DK-A3WW-01,0.0545
TCGA-DK-A3WX-01,0.4721
TCGA-DK-A3WY-01,0.4263
TCGA-DK-A3X1-01,0.7074
TCGA-DK-A3X2-01,0.6676
TCGA-DK-A6AV-01,0.7358
TCGA-DK-A6AW-01,-1.9767
TCGA-DK-A6B0-01,-2.4651
TCGA-DK-A6B1-01,1.3968
TCGA-DK-A6B2-01,0.6131
TCGA-DK-A6B5-01,0.4195
TCGA-DK-A6B6-01,0.6234
TCGA-DK-AA6L-01,-0.0029
TCGA-DK-AA6M-01,-0.6329
TCGA-DK-AA6P-01,0.4758
TCGA-DK-AA6Q-01,0.1743
TCGA-DK-AA6R-01,1.1446
TCGA-DK-AA6S-01,0.113
TCGA-DK-AA6T-01,-0.1481
TCGA-DK-AA6U-01,0.4627
TCGA-DK-AA6W-01,0.2379
TCGA-DK-AA6X-01,0.5853
TCGA-DK-AA71-01,-2.9479
TCGA-DK-AA74-01,-0.9481
TCGA-DK-AA75-01,0.3757
TCGA-DK-AA76-01,0.5683
TCGA-DK-AA77-01,0.5443
TCGA-E5-A2PC-01,0.59
TCGA-E5-A4TZ-01,1.1126
TCGA-E5-A4U1-01,-0.2331
TCGA-E7-A3X6-01,1.0001
TCGA-E7-A3Y1-01,-1.3385
TCGA-E7-A4IJ-01,-2.0786
TCGA-E7-A4XJ-01,-0.4806
TCGA-E7-A519-01,-1.9192
TCGA-E7-A541-01,-0.001
TCGA-E7-A5KE-01,0.8222
TCGA-E7-A5KF-01,-0.0735
TCGA-E7-A677-01,0.2859
TCGA-E7-A678-01,-2.7946
TCGA-E7-A6MD-01,-1.0209
TCGA-E7-A6ME-01,1.0423
TCGA-E7-A6MF-01,1.3832
TCGA-E7-A7DU-01,-1.9587
TCGA-E7-A7DV-01,-0.5713
TCGA-E7-A7PW-01,0.6084
TCGA-E7-A7XN-01,-0.0205
TCGA-E7-A85H-01,-0.1528
TCGA-E7-A8O7-01,0.62
TCGA-E7-A97P-01,-1.1953
TCGA-E7-A97Q-01,0.2939
TCGA-FD-A3B3-01,0.4235
TCGA-FD-A3B4-01,0.5202
TCGA-FD-A3B5-01,-2.1767
TCGA-FD-A3B6-01,0.2485
TCGA-FD-A3B7-01,0.3716
TCGA-FD-A3B8-01,0.5233
TCGA-FD-A3N5-01,1.0188
TCGA-FD-A3N6-01,0.9066
TCGA-FD-A3NA-01,0.5627
TCGA-FD-A3SJ-01,-0.2053
TCGA-FD-A3SL-01,-1.0844
TCGA-FD-A3SM-01,-0.8469
TCGA-FD-A3SN-01,-0.0181
TCGA-FD-A3SO-01,0.4507
TCGA-FD-A3SP-01,0.3473
TCGA-FD-A3SQ-01,-0.0424
TCGA-FD-A3SR-01,0.7186
TCGA-FD-A3SS-01,0.3203
TCGA-FD-A43N-01,0.077
TCGA-FD-A43P-01,0.703
TCGA-FD-A43S-01,-0.9345
TCGA-FD-A43U-01,-0.3993
TCGA-FD-A43X-01,-0.1342
TCGA-FD-A43Y-01,-0.084
TCGA-FD-A5BR-01,-0.5662
TCGA-FD-A5BS-01,-0.5019
TCGA-FD-A5BT-01,-1.7034
TCGA-FD-A5BU-01,-0.2087
TCGA-FD-A5BV-01,0.409
TCGA-FD-A5BX-01,-2.2212
TCGA-FD-A5BY-01,0.2415
TCGA-FD-A5BZ-01,-0.6414
TCGA-FD-A5C0-01,1.0939
TCGA-FD-A5C1-01,-0.6446
TCGA-FD-A62N-01,0.0041
TCGA-FD-A62O-01,1.045
TCGA-FD-A62P-01,0.5512
TCGA-FD-A62S-01,0.0715
TCGA-FD-A6TA-01,-1.3468
TCGA-FD-A6TB-01,0.0492
TCGA-FD-A6TC-01,0.4822
TCGA-FD-A6TD-01,-0.1189
TCGA-FD-A6TE-01,0.9578
TCGA-FD-A6TF-01,-0.0607
TCGA-FD-A6TG-01,0.3295
TCGA-FD-A6TH-01,0.0482
TCGA-FD-A6TI-01,-0.1889
TCGA-FD-A6TK-01,-0.1881
TCGA-FJ-A3Z7-01,-0.3592
TCGA-FJ-A3Z9-01,-1.7708
TCGA-FJ-A3ZE-01,-1.0298
TCGA-FJ-A3ZF-01,0.6158
TCGA-FJ-A871-01,-1.3457
TCGA-FT-A3EE-01,-0.0589
TCGA-FT-A61P-01,0.3415
TCGA-G2-A2EC-01,0.6294
TCGA-G2-A2EF-01,0.7
TCGA-G2-A2EJ-01,0.4593
TCGA-G2-A2EK-01,0.5434
TCGA-G2-A2EL-01,1.4027
TCGA-G2-A2EO-01,0.2085
TCGA-G2-A2ES-01,0.3707
TCGA-G2-A3IB-01,0.3071
TCGA-G2-A3IE-01,0.2758
TCGA-G2-A3VY-01,1.092
TCGA-G2-AA3B-01,0.2374
TCGA-G2-AA3C-01,-1.1018
TCGA-G2-AA3D-01,-2.3442
TCGA-G2-AA3F-01,0.7473
TCGA-GC-A3BM-01,1.1124
TCGA-GC-A3I6-01,1.3536
TCGA-GC-A3OO-01,-0.0144
TCGA-GC-A3RB-01,0.8111
TCGA-GC-A3RC-01,0.6682
TCGA-GC-A3RD-01,1.2576
TCGA-GC-A3WC-01,0.5871
TCGA-GC-A3YS-01,-0.0101
TCGA-GC-A4ZW-01,0.2788
TCGA-GC-A6I1-01,-2.6057
TCGA-GC-A6I3-01,-0.6097
TCGA-GD-A2C5-01,0.9611
TCGA-GD-A3OP-01,0.6159
TCGA-GD-A3OQ-01,0.6126
TCGA-GD-A3OS-01,0.6072
TCGA-GD-A6C6-01,-3.5747
TCGA-GD-A76B-01,-0.1169
TCGA-GU-A42P-01,0.2576
TCGA-GU-A42Q-01,0.0687
TCGA-GU-A42R-01,-3.7172
TCGA-GU-A762-01,-0.5722
TCGA-GU-A763-01,-0.6721
TCGA-GU-A764-01,0.3349
TCGA-GU-A766-01,-0.6771
TCGA-GU-A767-01,-0.9667
TCGA-GU-AATO-01,-0.3229
TCGA-GU-AATP-01,-0.4969
TCGA-GU-AATQ-01,0.1115
TCGA-GV-A3JV-01,0.5204
TCGA-GV-A3JW-01,0.6461
TCGA-GV-A3JX-01,0.5873
TCGA-GV-A3JZ-01,0.9301
TCGA-GV-A3QF-01,0.8845
TCGA-GV-A3QG-01,0.4706
TCGA-GV-A3QH-01,1.0062
TCGA-GV-A3QI-01,1.1574
TCGA-GV-A3QK-01,-1.641
TCGA-GV-A40E-01,-0.0599
TCGA-GV-A40G-01,0.4768
TCGA-GV-A6ZA-01,0.0694
TCGA-H4-A2HO-01,0.4444
TCGA-H4-A2HQ-01,-1.833
TCGA-HQ-A2OE-01,0.6325
TCGA-HQ-A2OF-01,0.7324
TCGA-HQ-A5ND-01,1.1269
TCGA-HQ-A5NE-01,0.6741
TCGA-K4-A3WS-01,-0.0058
TCGA-K4-A3WU-01,0.2565
TCGA-K4-A3WV-01,-0.4629
TCGA-K4-A4AB-01,0.1442
TCGA-K4-A4AC-01,0.5093
TCGA-K4-A54R-01,0.5962
TCGA-K4-A5RH-01,0.66
TCGA-K4-A5RI-01,0.8258
TCGA-K4-A5RJ-01,0.1127
TCGA-K4-A6FZ-01,0.3663
TCGA-K4-A6MB-01,0.3235
TCGA-K4-A83P-01,0.2626
TCGA-K4-AAQO-01,0.0972
TCGA-KQ-A41N-01,-0.0771
TCGA-KQ-A41O-01,-1.1083
TCGA-KQ-A41P-01,0.02
TCGA-KQ-A41Q-01,1.0103
TCGA-KQ-A41R-01,0.007
TCGA-KQ-A41S-01,-0.451
TCGA-LC-A66R-01,0.808
TCGA-LT-A5Z6-01,0.1268
TCGA-LT-A8JT-01,0.5661
TCGA-MV-A51V-01,-0.6884
TCGA-PQ-A6FI-01,-1.9496
TCGA-PQ-A6FN-01,-0.4587
TCGA-R3-A69X-01,-1.5295
TCGA-S5-A6DX-01,0.0373
TCGA-S5-AA26-01,0.472
TCGA-SY-A9G0-01,-0.0305
TCGA-SY-A9G5-01,-0.0927
TCGA-UY-A78K-01,-0.23
TCGA-UY-A78L-01,0.4955
TCGA-UY-A78M-01,-0.8634
TCGA-UY-A78N-01,0.7874
TCGA-UY-A78O-01,0.2048
TCGA-UY-A78P-01,-0.0208
TCGA-UY-A8OB-01,-0.2241
TCGA-UY-A8OC-01,0.5219
TCGA-UY-A8OD-01,-0.0872
TCGA-UY-A9PA-01,0.3116
TCGA-UY-A9PB-01,0.0842
TCGA-UY-A9PD-01,0.0118
TCGA-UY-A9PE-01,-0.1474
TCGA-UY-A9PF-01,-0.569
TCGA-UY-A9PH-01,-0.0692
TCGA-XF-A8HB-01,-0.3058
TCGA-XF-A8HC-01,1.0803
TCGA-XF-A8HD-01,-0.1671
TCGA-XF-A8HE-01,0.4784
TCGA-XF-A8HF-01,0.0663
TCGA-XF-A8HG-01,0.5485
TCGA-XF-A8HH-01,0.0594
TCGA-XF-A8HI-01,-1.8194
TCGA-XF-A9SG-01,
TCGA-XF-A9SH-01,0.0764
TCGA-XF-A9SI-01,-0.7923
TCGA-XF-A9SJ-01,-0.6627
TCGA-XF-A9SK-01,-0.6811
TCGA-XF-A9SL-01,-0.6316
TCGA-XF-A9SM-01,0.4782
TCGA-XF-A9SP-01,-0.891
TCGA-XF-A9ST-01,-3.8343
TCGA-XF-A9SU-01,-0.7086
TCGA-XF-A9SV-01,0.3078
TCGA-XF-A9SW-01,-0.2445
TCGA-XF-A9SX-01,-0.8856
TCGA-XF-A9SY-01,0.4434
TCGA-XF-A9SZ-01,-0.6632
TCGA-XF-A9T0-01,0.0014
TCGA-XF-A9T2-01,-1.7301
TCGA-XF-A9T3-01,-2.1164
TCGA-XF-A9T4-01,0.2615
TCGA-XF-A9T5-01,0.1429
TCGA-XF-A9T6-01,-0.4706
TCGA-XF-A9T8-01,0.9358
TCGA-XF-AAME-01,0.1891
TCGA-XF-AAMF-01,
TCGA-XF-AAMG-01,0.1466
TCGA-XF-AAMH-01,-0.8254
TCGA-XF-AAMJ-01,0.0096
TCGA-XF-AAML-01,0.7063
TCGA-XF-AAMQ-01,0.6921
TCGA-XF-AAMR-01,0.3174
TCGA-XF-AAMT-01,1.0712
TCGA-XF-AAMW-01,0.3205
TCGA-XF-AAMX-01,-0.3596
TCGA-XF-AAMY-01,-0.5714
TCGA-XF-AAMZ-01,0.049
TCGA-XF-AAN0-01,0.0118
TCGA-XF-AAN1-01,0.0534
TCGA-XF-AAN2-01,0.4318
TCGA-XF-AAN3-01,0.9393
TCGA-XF-AAN4-01,0.1583
TCGA-XF-AAN5-01,0.7413
TCGA-XF-AAN7-01,1.2027
TCGA-XF-AAN8-01,-0.9172
TCGA-YC-A89H-01,-0.222
TCGA-YC-A8S6-01,-0.6404
TCGA-YC-A9TC-01,-0.2795
TCGA-YF-AA3L-01,-0.2863
TCGA-YF-AA3M-01,0.338
TCGA-ZF-A9R0-01,-0.9208
TCGA-ZF-A9R1-01,-3.4881
TCGA-ZF-A9R2-01,-2.8222
TCGA-ZF-A9R3-01,0.1885
TCGA-ZF-A9R4-01,0.4769
TCGA-ZF-A9R5-01,0.1962
TCGA-ZF-A9R7-01,-0.1968
TCGA-ZF-A9R9-01,-0.0533
TCGA-ZF-A9RC-01,-0.6357
TCGA-ZF-A9RD-01,0.1782
TCGA-ZF-A9RE-01,0.9697
TCGA-ZF-A9RF-01,0.1172
TCGA-ZF-A9RG-01,
TCGA-ZF-A9RL-01,0.8544
TCGA-ZF-A9RM-01,0.7427
TCGA-ZF-A9RN-01,0.1911
TCGA-ZF-AA4N-01,0.6057
TCGA-ZF-AA4R-01,0.8839
TCGA-ZF-AA4T-01,0.4536
TCGA-ZF-AA4U-01,-6.5404
TCGA-ZF-AA4V-01,0.4531
TCGA-ZF-AA4W-01,0.2739
TCGA-ZF-AA4X-01,0.6832
TCGA-ZF-AA51-01,0.7495
TCGA-ZF-AA52-01,-0.9133
TCGA-ZF-AA53-01,-2.4656
TCGA-ZF-AA54-01,0.0001
TCGA-ZF-AA56-01,0.1681
TCGA-ZF-AA58-01,0.466
TCGA-ZF-AA5H-01,-0.2835
TCGA-ZF-AA5N-01,-0.8411
TCGA-ZF-AA5P-01,-0.1087
TCGA-3C-AAAU-01,1.0
TCGA-3C-AALI-01,-2.0021
TCGA-3C-AALJ-01,-1.6041
TCGA-3C-AALK-01,-1.13
TCGA-4H-AAAK-01,-0.7207
TCGA-5L-AAT0-01,-0.8882
TCGA-5T-A9QA-01,-2.3947
TCGA-A1-A0SB-01,0.7993
TCGA-A1-A0SD-01,0.6617
TCGA-A1-A0SE-01,0.5954
TCGA-A1-A0SF-01,0.006
TCGA-A1-A0SG-01,-0.378
TCGA-A1-A0SH-01,0.7144
TCGA-A1-A0SI-01,0.182
TCGA-A1-A0SJ-01,0.7446
TCGA-A1-A0SK-01,2.6848
TCGA-A1-A0SM-01,-0.2175
TCGA-A1-A0SN-01,0.5717
TCGA-A1-A0SO-01,-0.391
TCGA-A1-A0SP-01,0.1503
TCGA-A1-A0SQ-01,0.1736
TCGA-A2-A04N-01,-0.2054
TCGA-A2-A04P-01,-0.7018
TCGA-A2-A04Q-01,-0.1686
TCGA-A2-A04R-01,-0.0315
TCGA-A2-A04T-01,0.6012
TCGA-A2-A04U-01,-1.6128
TCGA-A2-A04V-01,0.3904
TCGA-A2-A04W-01,-1.4151
TCGA-A2-A04X-01,-0.8871
TCGA-A2-A04Y-01,0.0124
TCGA-A2-A0CK-01,-0.7693
TCGA-A2-A0CL-01,0.9543
TCGA-A2-A0CM-01,1.2713
TCGA-A2-A0CO-01,-0.6992
TCGA-A2-A0CP-01,-0.7655
TCGA-A2-A0CQ-01,-0.7354
TCGA-A2-A0CR-01,-1.8443
TCGA-A2-A0CS-01,-0.8125
TCGA-A2-A0CT-01,1.4958
TCGA-A2-A0CU-01,0.3939
TCGA-A2-A0CV-01,0.3176
TCGA-A2-A0CW-01,-2.0021
TCGA-A2-A0CX-01,-0.3551
TCGA-A2-A0CZ-01,-0.5779
TCGA-A2-A0D0-01,1.1268
TCGA-A2-A0D1-01,-0.3443
TCGA-A2-A0D2-01,-0.1984
TCGA-A2-A0D3-01,0.4005
TCGA-A2-A0D4-01,-0.2658
TCGA-A2-A0EM-01,0.5664
TCGA-A2-A0EN-01,-0.6648
TCGA-A2-A0EO-01,0.4126
TCGA-A2-A0EP-01,-0.9549
TCGA-A2-A0EQ-01,0.593
TCGA-A2-A0ER-01,1.3342
TCGA-A2-A0ES-01,0.8027
TCGA-A2-A0ET-01,1.619
TCGA-A2-A0EU-01,0.9866
TCGA-A2-A0EV-01,0.5272
TCGA-A2-A0EW-01,0.7708
TCGA-A2-A0EX-01,0.201
TCGA-A2-A0EY-01,-0.4776
TCGA-A2-A0ST-01,1.1473
TCGA-A2-A0SU-01,0.7782
TCGA-A2-A0SV-01,-1.2328
TCGA-A2-A0SW-01,0.2504
TCGA-A2-A0SX-01,-1.9689
TCGA-A2-A0SY-01,0.6041
TCGA-A2-A0T0-01,0.9735
TCGA-A2-A0T1-01,-1.7679
TCGA-A2-A0T2-01,-0.9898
TCGA-A2-A0T3-01,-0.0795
TCGA-A2-A0T4-01,0.1507
TCGA-A2-A0T5-01,0.274
TCGA-A2-A0T6-01,0.6198
TCGA-A2-A0T7-01,0.2462
TCGA-A2-A0YC-01,0.7082
TCGA-A2-A0YD-01,0.18
TCGA-A2-A0YE-01,0.6996
TCGA-A2-A0YF-01,1.1501
TCGA-A2-A0YG-01,0.2646
TCGA-A2-A0YH-01,0.2992
TCGA-A2-A0YI-01,0.5866
TCGA-A2-A0YJ-01,-0.0852
TCGA-A2-A0YK-01,0.9624
TCGA-A2-A0YL-01,0.9679
TCGA-A2-A0YM-01,1.1491
TCGA-A2-A0YT-01,0.4166
TCGA-A2-A1FV-01,2.3295
TCGA-A2-A1FW-01,1.6759
TCGA-A2-A1FX-01,0.6215
TCGA-A2-A1FZ-01,0.6096
TCGA-A2-A1G0-01,0.6779
TCGA-A2-A1G1-01,1.7621
TCGA-A2-A1G4-01,1.4346
TCGA-A2-A1G6-01,0.8371
TCGA-A2-A259-01,0.1768
TCGA-A2-A25A-01,0.6692
TCGA-A2-A25B-01,-0.1261
TCGA-A2-A25C-01,1.0387
TCGA-A2-A25D-01,-0.549
TCGA-A2-A25E-01,0.6212
TCGA-A2-A25F-01,1.1965
TCGA-A2-A3KC-01,0.0985
TCGA-A2-A3KD-01,0.4261
TCGA-A2-A3XS-01,-0.5713
TCGA-A2-A3XT-01,-0.9124
TCGA-A2-A3XU-01,-2.8384
TCGA-A2-A3XV-01,-7.2572
TCGA-A2-A3XW-01,-2.9271
TCGA-A2-A3XX-01,-0.7196
TCGA-A2-A3XY-01,-2.0504
TCGA-A2-A3XZ-01,-2.0987
TCGA-A2-A3Y0-01,-2.9304
TCGA-A2-A4RW-01,-0.3119
TCGA-A2-A4RX-01,0.588
TCGA-A2-A4RY-01,-0.2555
TCGA-A2-A4S0-01,0.1267
TCGA-A2-A4S1-01,-1.9177
TCGA-A2-A4S2-01,-1.2296
TCGA-A2-A4S3-01,-1.4564
TCGA-A7-A0CD-01,0.8706
TCGA-A7-A0CE-01,1.0145
TCGA-A7-A0CG-01,0.9376
TCGA-A7-A0CH-01,0.5661
TCGA-A7-A0CJ-01,-1.0098
TCGA-A7-A0D9-01,0.4908
TCGA-A7-A0DA-01,-0.5124
TCGA-A7-A0DB-01,-0.3408
TCGA-A7-A0DC-01,1.0064
TCGA-A7-A13D-01,-0.3136
TCGA-A7-A13E-01,-0.5281
TCGA-A7-A13F-01,-0.1466
TCGA-A7-A13G-01,0.4783
TCGA-A7-A13H-01,-0.8006
TCGA-A7-A26E-01,1.4553
TCGA-A7-A26F-01,0.6322
TCGA-A7-A26G-01,0.9818
TCGA-A7-A26H-01,0.8099
TCGA-A7-A26I-01,0.7826
TCGA-A7-A26J-01,0.9052
TCGA-A7-A2KD-01,0.9258
TCGA-A7-A3IY-01,-0.0769
TCGA-A7-A3IZ-01,1.2196
TCGA-A7-A3J0-01,0.2465
TCGA-A7-A3J1-01,-0.0161
TCGA-A7-A3RF-01,-0.8915
TCGA-A7-A425-01,-1.6262
TCGA-A7-A426-01,-1.3025
TCGA-A7-A4SA-01,-1.0921
TCGA-A7-A4SB-01,0.0512
TCGA-A7-A4SC-01,-0.6222
TCGA-A7-A4SD-01,-0.1609
TCGA-A7-A4SE-01,-0.3522
TCGA-A7-A4SF-01,-0.4144
TCGA-A7-A56D-01,-3.8453
TCGA-A7-A5ZV-01,0.0761
TCGA-A7-A5ZW-01,0.2118
TCGA-A7-A5ZX-01,-0.1789
TCGA-A7-A6VV-01,-0.5431
TCGA-A7-A6VW-01,-2.372
TCGA-A7-A6VX-01,-0.0318
TCGA-A7-A6VY-01,1.3793
TCGA-A8-A06N-01,1.6667
TCGA-A8-A06O-01,-0.1279
TCGA-A8-A06P-01,-0.3354
TCGA-A8-A06Q-01,0.5972
TCGA-A8-A06R-01,-0.2147
TCGA-A8-A06T-01,0.7641
TCGA-A8-A06U-01,1.6483
TCGA-A8-A06X-01,0.4553
TCGA-A8-A06Y-01,0.3825
TCGA-A8-A06Z-01,0.3654
TCGA-A8-A075-01,-1.1605
TCGA-A8-A076-01,-1.1026
TCGA-A8-A079-01,-0.0125
TCGA-A8-A07B-01,-0.9675
TCGA-A8-A07C-01,0.4969
TCGA-A8-A07E-01,0.3879
TCGA-A8-A07F-01,0.9862
TCGA-A8-A07G-01,-0.0008
TCGA-A8-A07I-01,0.0706
TCGA-A8-A07J-01,0.077
TCGA-A8-A07L-01,0.2191
TCGA-A8-A07O-01,0.1987
TCGA-A8-A07P-01,0.4895
TCGA-A8-A07R-01,0.5727
TCGA-A8-A07S-01,-0.0868
TCGA-A8-A07U-01,0.2812
TCGA-A8-A07W-01,0.1203
TCGA-A8-A07Z-01,-0.3757
TCGA-A8-A081-01,1.2489
TCGA-A8-A082-01,-0.2746
TCGA-A8-A083-01,-0.0475
TCGA-A8-A085-01,1.4415
TCGA-A8-A086-01,0.1835
TCGA-A8-A08A-01,-0.7065
TCGA-A8-A08B-01,-0.1678
TCGA-A8-A08C-01,0.8182
TCGA-A8-A08G-01,0.2717
TCGA-A8-A08H-01,0.0956
TCGA-A8-A08I-01,1.4108
TCGA-A8-A08J-01,-0.049
TCGA-A8-A08L-01,-0.1367
TCGA-A8-A08O-01,0.9661
TCGA-A8-A08P-01,-0.518
TCGA-A8-A08R-01,0.2158
TCGA-A8-A08T-01,1.1402
TCGA-A8-A08X-01,-0.7531
TCGA-A8-A08Z-01,0.3212
TCGA-A8-A090-01,0.33
TCGA-A8-A091-01,1.9585
TCGA-A8-A092-01,0.4258
TCGA-A8-A093-01,0.5924
TCGA-A8-A094-01,0.2704
TCGA-A8-A095-01,0.6216
TCGA-A8-A096-01,0.3179
TCGA-A8-A097-01,0.045
TCGA-A8-A099-01,0.7096
TCGA-A8-A09A-01,0.6868
TCGA-A8-A09B-01,0.0235
TCGA-A8-A09C-01,-0.1327
TCGA-A8-A09D-01,0.1332
TCGA-A8-A09G-01,-0.3058
TCGA-A8-A09I-01,-0.3627
TCGA-A8-A09M-01,-0.0114
TCGA-A8-A09N-01,0.9517
TCGA-A8-A09Q-01,0.4587
TCGA-A8-A09R-01,0.5051
TCGA-A8-A09T-01,0.5492
TCGA-A8-A09V-01,1.4846
TCGA-A8-A09W-01,0.0698
TCGA-A8-A09X-01,-0.5408
TCGA-A8-A09Z-01,-0.2935
TCGA-A8-A0A1-01,0.218
TCGA-A8-A0A2-01,0.607
TCGA-A8-A0A4-01,0.8663
TCGA-A8-A0A6-01,0.791
TCGA-A8-A0A7-01,0.0077
TCGA-A8-A0A9-01,-0.2207
TCGA-A8-A0AB-01,0.9999
TCGA-A8-A0AD-01,0.4941
TCGA-AC-A23C-01,0.6843
TCGA-AC-A23E-01,0.436
TCGA-AC-A23G-01,-0.4674
TCGA-AC-A23H-01,-1.0473
TCGA-AC-A2B8-01,0.5269
TCGA-AC-A2BK-01,0.5901
TCGA-AC-A2BM-01,0.6883
TCGA-AC-A2FB-01,0.7745
TCGA-AC-A2FE-01,-0.7689
TCGA-AC-A2FF-01,0.7657
TCGA-AC-A2FG-01,0.6907
TCGA-AC-A2FK-01,1.2198
TCGA-AC-A2FM-01,0.225
TCGA-AC-A2FO-01,0.2176
TCGA-AC-A2QH-01,-1.399
TCGA-AC-A2QI-01,-0.4457
TCGA-AC-A2QJ-01,-4.1029
TCGA-AC-A3BB-01,-1.2039
TCGA-AC-A3EH-01,-0.9813
TCGA-AC-A3HN-01,-0.4737
TCGA-AC-A3OD-01,0.6468
TCGA-AC-A3QP-01,-1.8213
TCGA-AC-A3QQ-01,-3.1689
TCGA-AC-A3TM-01,-2.6792
TCGA-AC-A3TN-01,-1.8439
TCGA-AC-A3W5-01,-1.2299
TCGA-AC-A3W6-01,-1.4553
TCGA-AC-A3W7-01,-0.7948
TCGA-AC-A3YI-01,-1.2851
TCGA-AC-A3YJ-01,-0.3977
TCGA-AC-A4ZE-01,0.3971
TCGA-AC-A5EH-01,-1.3668
TCGA-AC-A5EI-01,
TCGA-AC-A5XS-01,-1.8255
TCGA-AC-A5XU-01,0.5609
TCGA-AC-A62V-01,-2.4952
TCGA-AC-A62X-01,0.2027
TCGA-AC-A62Y-01,-0.072
TCGA-AC-A6IV-01,0.3636
TCGA-AC-A6IW-01,-1.7784
TCGA-AC-A6IX-01,-0.6593
TCGA-AC-A6NO-01,-0.9186
TCGA-AC-A7VB-01,-0.2249
TCGA-AC-A7VC-01,-1.826
TCGA-AC-A8OP-01,-0.3708
TCGA-AC-A8OQ-01,-1.9858
TCGA-AC-A8OR-01,-0.3528
TCGA-AC-A8OS-01,-0.4548
TCGA-AN-A03X-01,-0.531
TCGA-AN-A03Y-01,-0.1229
TCGA-AN-A041-01,0.4507
TCGA-AN-A046-01,-0.4654
TCGA-AN-A049-01,-0.3437
TCGA-AN-A04A-01,1.0105
TCGA-AN-A04C-01,-1.1022
TCGA-AN-A04D-01,-1.0179
TCGA-AN-A0AJ-01,0.5706
TCGA-AN-A0AK-01,-0.5713
TCGA-AN-A0AL-01,-0.721
TCGA-AN-A0AM-01,-1.7409
TCGA-AN-A0AR-01,-0.719
TCGA-AN-A0AS-01,0.0378
TCGA-AN-A0AT-01,0.761
TCGA-AN-A0FD-01,0.0201
TCGA-AN-A0FF-01,-0.1432
TCGA-AN-A0FJ-01,0.481
TCGA-AN-A0FK-01,0.2904
TCGA-AN-A0FL-01,-1.1585
TCGA-AN-A0FN-01,-0.0875
TCGA-AN-A0FS-01,0.7746
TCGA-AN-A0FT-01,-0.4775
TCGA-AN-A0FV-01,-0.0546
TCGA-AN-A0FW-01,0.5748
TCGA-AN-A0FX-01,-0.8011
TCGA-AN-A0FY-01,1.0619
TCGA-AN-A0FZ-01,0.9634
TCGA-AN-A0G0-01,-0.9163
TCGA-AN-A0XL-01,-0.0851
TCGA-AN-A0XN-01,0.971
TCGA-AN-A0XO-01,0.6773
TCGA-AN-A0XP-01,0.2843
TCGA-AN-A0XR-01,-0.1352
TCGA-AN-A0XS-01,0.0582
TCGA-AN-A0XT-01,1.0972
TCGA-AN-A0XU-01,0.506
TCGA-AN-A0XV-01,0.5816
TCGA-AN-A0XW-01,-0.1134
TCGA-AO-A03L-01,0.3273
TCGA-AO-A03M-01,0.0118
TCGA-AO-A03N-01,-0.5316
TCGA-AO-A03O-01,0.7826
TCGA-AO-A03P-01,0.953
TCGA-AO-A03R-01,-0.5117
TCGA-AO-A03T-01,-0.913
TCGA-AO-A03U-01,0.2706
TCGA-AO-A03V-01,0.5696
TCGA-AO-A0J2-01,0.9742
TCGA-AO-A0J3-01,0.615
TCGA-AO-A0J4-01,0.7079
TCGA-AO-A0J5-01,0.3563
TCGA-AO-A0J6-01,0.3115
TCGA-AO-A0J7-01,0.4641
TCGA-AO-A0J8-01,0.0137
TCGA-AO-A0J9-01,-0.2673
TCGA-AO-A0JA-01,0.7679
TCGA-AO-A0JB-01,-0.7862
TCGA-AO-A0JC-01,1.0568
TCGA-AO-A0JD-01,1.1658
TCGA-AO-A0JE-01,-1.1316
TCGA-AO-A0JF-01,0.7774
TCGA-AO-A0JG-01,1.0316
TCGA-AO-A0JI-01,1.1343
TCGA-AO-A0JJ-01,0.7972
TCGA-AO-A0JL-01,-0.8471
TCGA-AO-A0JM-01,-1.7072
TCGA-AO-A124-01,0.8461
TCGA-AO-A125-01,-0.422
TCGA-AO-A126-01,-0.8364
TCGA-AO-A128-01,0.3328
TCGA-AO-A129-01,-0.7217
TCGA-AO-A12A-01,0.4359
TCGA-AO-A12B-01,-0.4073
TCGA-AO-A12D-01,-0.1004
TCGA-AO-A12E-01,0.1736
TCGA-AO-A12F-01,0.0612
TCGA-AO-A12G-01,-0.1489
TCGA-AO-A12H-01,0.4839
TCGA-AO-A1KO-01,1.9316
TCGA-AO-A1KP-01,1.2226
TCGA-AO-A1KQ-01,0.5958
TCGA-AO-A1KR-01,-1.0719
TCGA-AO-A1KS-01,2.0199
TCGA-AO-A1KT-01,-0.583
TCGA-AQ-A04H-01,1.0351
TCGA-AQ-A04J-01,0.4645
TCGA-AQ-A04L-01,0.138
TCGA-AQ-A0Y5-01,1.1348
TCGA-AQ-A1H2-01,0.2749
TCGA-AQ-A1H3-01,0.7193
TCGA-AQ-A54N-01,-0.6605
TCGA-AQ-A54O-01,-0.2786
TCGA-AQ-A7U7-01,-0.2996
TCGA-AR-A0TP-01,1.1191
TCGA-AR-A0TQ-01,0.3559
TCGA-AR-A0TR-01,1.1846
TCGA-AR-A0TS-01,1.393
TCGA-AR-A0TT-01,-0.7636
TCGA-AR-A0TU-01,-0.2368
TCGA-AR-A0TV-01,0.3921
TCGA-AR-A0TW-01,-0.0328
TCGA-AR-A0TX-01,-0.5014
TCGA-AR-A0TY-01,0.43
TCGA-AR-A0TZ-01,1.2399
TCGA-AR-A0U0-01,-0.8278
TCGA-AR-A0U1-01,-0.4062
TCGA-AR-A0U2-01,0.9065
TCGA-AR-A0U3-01,0.7991
TCGA-AR-A0U4-01,0.5353
TCGA-AR-A1AH-01,0.2558
TCGA-AR-A1AI-01,1.3246
TCGA-AR-A1AJ-01,0.519
TCGA-AR-A1AK-01,-0.0207
TCGA-AR-A1AL-01,0.808
TCGA-AR-A1AM-01,-0.0033
TCGA-AR-A1AN-01,0.4089
TCGA-AR-A1AO-01,0.0118
TCGA-AR-A1AP-01,0.0965
TCGA-AR-A1AQ-01,0.2405
TCGA-AR-A1AR-01,1.442
TCGA-AR-A1AS-01,-0.7054
TCGA-AR-A1AT-01,-0.5884
TCGA-AR-A1AU-01,0.5982
TCGA-AR-A1AV-01,0.8442
TCGA-AR-A1AW-01,0.4697
TCGA-AR-A1AX-01,0.0199
TCGA-AR-A1AY-01,0.436
TCGA-AR-A24H-01,-0.5618
TCGA-AR-A24K-01,1.7047
TCGA-AR-A24L-01,0.4186
TCGA-AR-A24M-01,1.562
TCGA-AR-A24N-01,0.6088
TCGA-AR-A24O-01,0.9782
TCGA-AR-A24P-01,1.1091
TCGA-AR-A24Q-01,0.2265
TCGA-AR-A24R-01,1.5548
TCGA-AR-A24S-01,1.191
TCGA-AR-A24T-01,0.8345
TCGA-AR-A24U-01,0.2766
TCGA-AR-A24V-01,0.2628
TCGA-AR-A24W-01,1.7241
TCGA-AR-A24X-01,0.8642
TCGA-AR-A24Z-01,0.3422
TCGA-AR-A250-01,0.1817
TCGA-AR-A251-01,-0.2476
TCGA-AR-A252-01,1.5942
TCGA-AR-A254-01,-0.1269
TCGA-AR-A255-01,0.0832
TCGA-AR-A256-01,-0.2422
TCGA-AR-A2LE-01,1.0256
TCGA-AR-A2LH-01,-0.3916
TCGA-AR-A2LJ-01,-2.2244
TCGA-AR-A2LK-01,1.5073
TCGA-AR-A2LM-01,0.9572
TCGA-AR-A2LN-01,0.5009
TCGA-AR-A2LO-01,1.2668
TCGA-AR-A2LQ-01,0.0486
TCGA-AR-A5QM-01,-1.1921
TCGA-AR-A5QN-01,-0.7048
TCGA-AR-A5QP-01,-0.6538
TCGA-AR-A5QQ-01,-1.4506
TCGA-B6-A0I1-01,0.5019
TCGA-B6-A0I2-01,-0.781
TCGA-B6-A0I5-01,-1.2207
TCGA-B6-A0I6-01,0.8655
TCGA-B6-A0I8-01,0.1762
TCGA-B6-A0I9-01,0.8533
TCGA-B6-A0IA-01,-0.2371
TCGA-B6-A0IB-01,0.0731
TCGA-B6-A0IC-01,0.2098
TCGA-B6-A0IE-01,-0.7506
TCGA-B6-A0IG-01,-0.5664
TCGA-B6-A0IH-01,0.249
TCGA-B6-A0IJ-01,0.2053
TCGA-B6-A0IK-01,1.0164
TCGA-B6-A0IM-01,1.9141
TCGA-B6-A0IN-01,-0.4626
TCGA-B6-A0IO-01,0.5616
TCGA-B6-A0IP-01,0.1349
TCGA-B6-A0IQ-01,0.7752
TCGA-B6-A0RE-01,0.002
TCGA-B6-A0RG-01,1.0409
TCGA-B6-A0RH-01,-1.1633
TCGA-B6-A0RI-01,-0.2193
TCGA-B6-A0RL-01,0.3314
TCGA-B6-A0RM-01,0.1578
TCGA-B6-A0RN-01,0.6773
TCGA-B6-A0RO-01,1.3256
TCGA-B6-A0RP-01,0.5117
TCGA-B6-A0RQ-01,0.3047
TCGA-B6-A0RS-01,-1.0971
TCGA-B6-A0RT-01,2.0965
TCGA-B6-A0RU-01,1.2912
TCGA-B6-A0RV-01,0.3717
TCGA-B6-A0WS-01,0.0599
TCGA-B6-A0WT-01,0.7143
TCGA-B6-A0WV-01,1.3417
TCGA-B6-A0WW-01,0.3715
TCGA-B6-A0WX-01,-0.0731
TCGA-B6-A0WY-01,0.2945
TCGA-B6-A0WZ-01,-1.4938
TCGA-B6-A0X0-01,-0.2179
TCGA-B6-A0X1-01,0.7283
TCGA-B6-A0X4-01,0.6297
TCGA-B6-A0X5-01,0.1314
TCGA-B6-A0X7-01,0.6249
TCGA-B6-A1KC-01,2.6079
TCGA-B6-A1KF-01,-0.0834
TCGA-B6-A1KI-01,0.2741
TCGA-B6-A1KN-01,0.7393
TCGA-B6-A2IU-01,0.029
TCGA-B6-A3ZX-01,-0.5405
TCGA-B6-A400-01,-0.4143
TCGA-B6-A401-01,-1.483
TCGA-B6-A402-01,-1.5265
TCGA-B6-A408-01,-0.4334
TCGA-B6-A409-01,-1.9911
TCGA-B6-A40B-01,-1.9211
TCGA-B6-A40C-01,-1.6412
TCGA-BH-A0AU-01,0.4483
TCGA-BH-A0AV-01,1.1076
TCGA-BH-A0AW-01,-0.2791
TCGA-BH-A0AY-01,-0.981
TCGA-BH-A0AZ-01,-0.3574
TCGA-BH-A0B0-01,-0.2096
TCGA-BH-A0B1-01,0.9271
TCGA-BH-A0B2-01,-0.199
TCGA-BH-A0B3-01,-0.6434
TCGA-BH-A0B4-01,-1.1164
TCGA-BH-A0B5-01,0.5576
TCGA-BH-A0B7-01,0.2498
TCGA-BH-A0B8-01,1.3385
TCGA-BH-A0B9-01,0.588
TCGA-BH-A0BA-01,0.8699
TCGA-BH-A0BC-01,-0.1378
TCGA-BH-A0BD-01,0.4545
TCGA-BH-A0BF-01,-0.2331
TCGA-BH-A0BG-01,0.7861
TCGA-BH-A0BJ-01,0.5304
TCGA-BH-A0BL-01,0.8955
TCGA-BH-A0BM-01,0.3223
TCGA-BH-A0BO-01,0.0968
TCGA-BH-A0BP-01,0.394
TCGA-BH-A0BQ-01,-0.6243
TCGA-BH-A0BR-01,-0.5527
TCGA-BH-A0BS-01,0.6034
TCGA-BH-A0BT-01,-0.7818
TCGA-BH-A0BV-01,1.3447
TCGA-BH-A0BW-01,0.9491
TCGA-BH-A0BZ-01,-0.6891
TCGA-BH-A0C0-01,-0.3569
TCGA-BH-A0C1-01,0.6004
TCGA-BH-A0C3-01,0.0803
TCGA-BH-A0C7-01,0.8184
TCGA-BH-A0DD-01,1.2442
TCGA-BH-A0DE-01,-0.0307
TCGA-BH-A0DG-01,-0.7681
TCGA-BH-A0DH-01,0.4579
TCGA-BH-A0DI-01,-0.1669
TCGA-BH-A0DK-01,-0.5562
TCGA-BH-A0DL-01,0.995
TCGA-BH-A0DO-01,0.8636
TCGA-BH-A0DP-01,0.7712
TCGA-BH-A0DQ-01,1.0107
TCGA-BH-A0DS-01,-0.7626
TCGA-BH-A0DT-01,0.3291
TCGA-BH-A0DV-01,-0.0932
TCGA-BH-A0DX-01,-0.3572
TCGA-BH-A0DZ-01,-0.1198
TCGA-BH-A0E0-01,-0.0008
TCGA-BH-A0E1-01,0.0418
TCGA-BH-A0E2-01,0.5951
TCGA-BH-A0E6-01,0.2248
TCGA-BH-A0E7-01,0.238
TCGA-BH-A0E9-01,0.9293
TCGA-BH-A0EA-01,0.9951
TCGA-BH-A0EB-01,0.2852
TCGA-BH-A0EE-01,0.2444
TCGA-BH-A0EI-01,2.2431
TCGA-BH-A0GY-01,0.0268
TCGA-BH-A0GZ-01,-0.129
TCGA-BH-A0H0-01,-0.0033
TCGA-BH-A0H3-01,0.889
TCGA-BH-A0H5-01,0.2732
TCGA-BH-A0H6-01,-0.4191
TCGA-BH-A0H7-01,0.2644
TCGA-BH-A0H9-01,-0.0417
TCGA-BH-A0HA-01,-0.4144
TCGA-BH-A0HB-01,-0.2895
TCGA-BH-A0HF-01,-0.1861
TCGA-BH-A0HI-01,0.3193
TCGA-BH-A0HK-01,0.4349
TCGA-BH-A0HL-01,0.4476
TCGA-BH-A0HN-01,-0.2388
TCGA-BH-A0HO-01,0.0579
TCGA-BH-A0HP-01,0.6113
TCGA-BH-A0HQ-01,-0.3119
TCGA-BH-A0HU-01,-1.7218
TCGA-BH-A0HW-01,0.5268
TCGA-BH-A0HX-01,0.2467
TCGA-BH-A0HY-01,-1.8623
TCGA-BH-A0RX-01,-0.4661
TCGA-BH-A0W3-01,0.9684
TCGA-BH-A0W4-01,0.4383
TCGA-BH-A0W5-01,0.5578
TCGA-BH-A0W7-01,-0.683
TCGA-BH-A0WA-01,0.4038
TCGA-BH-A18F-01,0.3286
TCGA-BH-A18G-01,-0.701
TCGA-BH-A18H-01,-0.5572
TCGA-BH-A18I-01,0.5907
TCGA-BH-A18J-01,-0.3325
TCGA-BH-A18K-01,0.1407
TCGA-BH-A18L-01,0.8181
TCGA-BH-A18M-01,0.4022
TCGA-BH-A18N-01,0.7939
TCGA-BH-A18P-01,1.1773
TCGA-BH-A18Q-01,2.0485
TCGA-BH-A18R-01,0.8992
TCGA-BH-A18S-01,0.4812
TCGA-BH-A18T-01,0.8799
TCGA-BH-A18U-01,-0.5589
TCGA-BH-A18V-01,0.8377
TCGA-BH-A1EN-01,-0.5038
TCGA-BH-A1EO-01,0.875
TCGA-BH-A1ES-01,1.1851
TCGA-BH-A1ET-01,1.016
TCGA-BH-A1EU-01,1.6821
TCGA-BH-A1EV-01,0.1031
TCGA-BH-A1EW-01,0.1962
TCGA-BH-A1EX-01,0.9545
TCGA-BH-A1EY-01,0.5727
TCGA-BH-A1F0-01,0.5549
TCGA-BH-A1F2-01,0.9086
TCGA-BH-A1F5-01,1.439
TCGA-BH-A1F6-01,0.1975
TCGA-BH-A1F8-01,1.2934
TCGA-BH-A1FB-01,0.8675
TCGA-BH-A1FC-01,1.0893
TCGA-BH-A1FD-01,0.2649
TCGA-BH-A1FE-01,1.1091
TCGA-BH-A1FG-01,-0.0901
TCGA-BH-A1FH-01,0.8661
TCGA-BH-A1FJ-01,0.9702
TCGA-BH-A1FL-01,0.8495
TCGA-BH-A1FM-01,2.3415
TCGA-BH-A1FN-01,0.5858
TCGA-BH-A1FR-01,1.0293
TCGA-BH-A1FU-01,-0.1733
TCGA-BH-A201-01,0.7219
TCGA-BH-A202-01,0.3182
TCGA-BH-A203-01,-0.2561
TCGA-BH-A204-01,1.7156
TCGA-BH-A208-01,-0.2753
TCGA-BH-A209-01,0.1186
TCGA-BH-A28O-01,-0.1309
TCGA-BH-A28Q-01,0.6023
TCGA-BH-A2L8-01,-0.8926
TCGA-BH-A42T-01,-1.6417
TCGA-BH-A42U-01,-1.9357
TCGA-BH-A42V-01,-0.9939
TCGA-BH-A5IZ-01,-0.0117
TCGA-BH-A5J0-01,-1.5465
TCGA-BH-A6R8-01,-0.9082
TCGA-BH-A6R9-01,-0.9515
TCGA-BH-A8FY-01,-0.9071
TCGA-BH-A8FZ-01,-0.3376
TCGA-BH-A8G0-01,-0.3084
TCGA-BH-AB28-01,0.2948
TCGA-C8-A12K-01,-0.0872
TCGA-C8-A12L-01,1.2911
TCGA-C8-A12M-01,0.9725
TCGA-C8-A12N-01,-0.7931
TCGA-C8-A12O-01,0.1086
TCGA-C8-A12P-01,-0.5086
TCGA-C8-A12Q-01,1.196
TCGA-C8-A12T-01,-0.5634
TCGA-C8-A12U-01,-0.1361
TCGA-C8-A12V-01,-0.239
TCGA-C8-A12W-01,0.3247
TCGA-C8-A12X-01,-1.2811
TCGA-C8-A12Y-01,-1.6761
TCGA-C8-A12Z-01,-0.1071
TCGA-C8-A130-01,-0.7811
TCGA-C8-A131-01,-1.3567
TCGA-C8-A132-01,0.6293
TCGA-C8-A133-01,-0.3341
TCGA-C8-A134-01,-0.4669
TCGA-C8-A135-01,-0.5278
TCGA-C8-A137-01,-0.1841
TCGA-C8-A138-01,-0.4656
TCGA-C8-A1HE-01,0.825
TCGA-C8-A1HF-01,-0.4929
TCGA-C8-A1HG-01,-0.1938
TCGA-C8-A1HI-01,0.4444
TCGA-C8-A1HJ-01,1.2999
TCGA-C8-A1HK-01,0.827
TCGA-C8-A1HL-01,-0.4391
TCGA-C8-A1HM-01,1.7918
TCGA-C8-A1HN-01,1.034
TCGA-C8-A1HO-01,0.787
TCGA-C8-A26V-01,0.5697
TCGA-C8-A26W-01,0.4291
TCGA-C8-A26X-01,-0.5464
TCGA-C8-A26Y-01,0.7859
TCGA-C8-A26Z-01,0.7518
TCGA-C8-A273-01,-0.6927
TCGA-C8-A274-01,0.4786
TCGA-C8-A275-01,-0.115
TCGA-C8-A278-01,-0.8133
TCGA-C8-A27A-01,1.4493
TCGA-C8-A27B-01,2.3636
TCGA-C8-A3M7-01,0.0687
TCGA-C8-A3M8-01,-0.3754
TCGA-C8-A8HP-01,-2.9756
TCGA-C8-A8HQ-01,-0.3918
TCGA-C8-A8HR-01,0.3875
TCGA-C8-A9FZ-01,
TCGA-D8-A13Y-01,1.7722
TCGA-D8-A13Z-01,0.7981
TCGA-D8-A140-01,1.0893
TCGA-D8-A141-01,-0.4713
TCGA-D8-A142-01,-0.5996
TCGA-D8-A143-01,0.3876
TCGA-D8-A145-01,0.7362
TCGA-D8-A147-01,2.0668
TCGA-D8-A1J8-01,1.5373
TCGA-D8-A1J9-01,-0.1234
TCGA-D8-A1JA-01,0.8574
TCGA-D8-A1JB-01,1.7239
TCGA-D8-A1JC-01,0.8442
TCGA-D8-A1JD-01,-0.9661
TCGA-D8-A1JE-01,1.269
TCGA-D8-A1JF-01,1.5221
TCGA-D8-A1JG-01,1.1476
TCGA-D8-A1JH-01,0.8035
TCGA-D8-A1JI-01,0.7507
TCGA-D8-A1JJ-01,-0.7989
TCGA-D8-A1JK-01,-0.3431
TCGA-D8-A1JL-01,-0.0605
TCGA-D8-A1JM-01,0.4942
TCGA-D8-A1JN-01,0.5419
TCGA-D8-A1JP-01,1.9159
TCGA-D8-A1JS-01,-1.4743
TCGA-D8-A1JT-01,-0.6305
TCGA-D8-A1JU-01,0.5162
TCGA-D8-A1X5-01,-0.0828
TCGA-D8-A1X6-01,-0.2089
TCGA-D8-A1X7-01,0.7271
TCGA-D8-A1X8-01,1.1665
TCGA-D8-A1X9-01,0.5506
TCGA-D8-A1XA-01,0.5723
TCGA-D8-A1XB-01,0.1591
TCGA-D8-A1XC-01,1.0044
TCGA-D8-A1XD-01,1.0485
TCGA-D8-A1XF-01,0.3017
TCGA-D8-A1XG-01,1.1182
TCGA-D8-A1XJ-01,0.38
TCGA-D8-A1XK-01,1.6155
TCGA-D8-A1XL-01,-0.9495
TCGA-D8-A1XM-01,0.7654
TCGA-D8-A1XO-01,0.7604
TCGA-D8-A1XQ-01,-0.0662
TCGA-D8-A1XR-01,0.4218
TCGA-D8-A1XS-01,0.2951
TCGA-D8-A1XT-01,0.2033
TCGA-D8-A1XU-01,0.6906
TCGA-D8-A1XV-01,1.0804
TCGA-D8-A1XW-01,1.4104
TCGA-D8-A1XY-01,-0.4328
TCGA-D8-A1XZ-01,1.6801
TCGA-D8-A1Y0-01,0.6874
TCGA-D8-A1Y1-01,0.153
TCGA-D8-A1Y2-01,-1.1439
TCGA-D8-A1Y3-01,-2.4743
TCGA-D8-A27E-01,0.8535
TCGA-D8-A27F-01,0.9624
TCGA-D8-A27G-01,-0.1439
TCGA-D8-A27H-01,0.2733
TCGA-D8-A27I-01,0.221
TCGA-D8-A27K-01,0.6613
TCGA-D8-A27L-01,0.2233
TCGA-D8-A27M-01,0.5793
TCGA-D8-A27N-01,-1.4639
TCGA-D8-A27P-01,0.818
TCGA-D8-A27R-01,-0.3813
TCGA-D8-A27T-01,0.4452
TCGA-D8-A27V-01,0.4991
TCGA-D8-A27W-01,0.334
TCGA-D8-A3Z5-01,-1.0766
TCGA-D8-A3Z6-01,-1.642
TCGA-D8-A4Z1-01,-0.1728
TCGA-D8-A73U-01,-0.6359
TCGA-D8-A73W-01,-0.1449
TCGA-D8-A73X-01,-0.3832
TCGA-E2-A105-01,0.6603
TCGA-E2-A107-01,-0.8294
TCGA-E2-A108-01,-0.0306
TCGA-E2-A109-01,0.662
TCGA-E2-A10A-01,0.3365
TCGA-E2-A10B-01,0.1275
TCGA-E2-A10C-01,-1.0419
TCGA-E2-A10E-01,0.655
TCGA-E2-A10F-01,0.3243
TCGA-E2-A14N-01,0.0126
TCGA-E2-A14O-01,-1.094
TCGA-E2-A14P-01,-0.8661
TCGA-E2-A14Q-01,-0.0229
TCGA-E2-A14R-01,0.0307
TCGA-E2-A14S-01,0.3955
TCGA-E2-A14T-01,0.9024
TCGA-E2-A14U-01,-0.6559
TCGA-E2-A14V-01,0.9081
TCGA-E2-A14W-01,0.5784
TCGA-E2-A14X-01,0.765
TCGA-E2-A14Y-01,0.127
TCGA-E2-A14Z-01,-0.3672
TCGA-E2-A150-01,0.8491
TCGA-E2-A152-01,0.5522
TCGA-E2-A153-01,-0.2906
TCGA-E2-A154-01,0.4285
TCGA-E2-A155-01,1.1481
TCGA-E2-A156-01,0.812
TCGA-E2-A158-01,0.9889
TCGA-E2-A159-01,0.3775
TCGA-E2-A15A-01,0.4443
TCGA-E2-A15C-01,0.4149
TCGA-E2-A15D-01,0.1332
TCGA-E2-A15E-01,0.5269
TCGA-E2-A15F-01,0.4682
TCGA-E2-A15G-01,1.2698
TCGA-E2-A15H-01,-0.1099
TCGA-E2-A15I-01,1.2459
TCGA-E2-A15J-01,0.0731
TCGA-E2-A15K-01,-0.0718
TCGA-E2-A15L-01,0.4378
TCGA-E2-A15M-01,1.2235
TCGA-E2-A15O-01,0.043
TCGA-E2-A15P-01,0.9001
TCGA-E2-A15R-01,1.4487
TCGA-E2-A15S-01,1.2249
TCGA-E2-A15T-01,1.4524
TCGA-E2-A1AZ-01,1.9388
TCGA-E2-A1B0-01,1.0084
TCGA-E2-A1B1-01,0.9764
TCGA-E2-A1B4-01,-0.6119
TCGA-E2-A1B5-01,-0.1625
TCGA-E2-A1B6-01,-0.5667
TCGA-E2-A1BC-01,0.5552
TCGA-E2-A1BD-01,-0.1865
TCGA-E2-A1IE-01,0.772
TCGA-E2-A1IF-01,-1.4118
TCGA-E2-A1IG-01,-0.2689
TCGA-E2-A1IH-01,0.8537
TCGA-E2-A1II-01,0.3842
TCGA-E2-A1IJ-01,-0.4856
TCGA-E2-A1IK-01,-0.1485
TCGA-E2-A1IL-01,0.0743
TCGA-E2-A1IN-01,-0.1624
TCGA-E2-A1IO-01,0.6119
TCGA-E2-A1IU-01,0.6113
TCGA-E2-A1L6-01,0.508
TCGA-E2-A1L7-01,0.8717
TCGA-E2-A1L8-01,0.9983
TCGA-E2-A1L9-01,-0.2449
TCGA-E2-A1LA-01,-0.0914
TCGA-E2-A1LB-01,-0.3671
TCGA-E2-A1LE-01,-1.1335
TCGA-E2-A1LG-01,0.2477
TCGA-E2-A1LH-01,-1.5129
TCGA-E2-A1LI-01,0.6008
TCGA-E2-A1LK-01,-0.7721
TCGA-E2-A1LL-01,0.9375
TCGA-E2-A1LS-01,1.2759
TCGA-E2-A2P5-01,-0.549
TCGA-E2-A2P6-01,-0.2646
TCGA-E2-A3DX-01,0.3001
TCGA-E2-A56Z-01,1.9948
TCGA-E2-A570-01,0.1545
TCGA-E2-A573-01,-0.7955
TCGA-E2-A574-01,-2.0309
TCGA-E2-A576-01,-1.6443
TCGA-E2-A9RU-01,-2.8614
TCGA-E9-A1N3-01,0.9472
TCGA-E9-A1N4-01,0.8999
TCGA-E9-A1N5-01,-0.1483
TCGA-E9-A1N6-01,-0.3229
TCGA-E9-A1N8-01,0.9973
TCGA-E9-A1N9-01,0.8284
TCGA-E9-A1NA-01,0.4463
TCGA-E9-A1NC-01,-1.3564
TCGA-E9-A1ND-01,-0.4541
TCGA-E9-A1NE-01,1.1948
TCGA-E9-A1NF-01,-0.3858
TCGA-E9-A1NG-01,-0.0201
TCGA-E9-A1NH-01,-0.2576
TCGA-E9-A1NI-01,-0.3786
TCGA-E9-A1QZ-01,0.3643
TCGA-E9-A1R0-01,0.5389
TCGA-E9-A1R2-01,-0.2183
TCGA-E9-A1R3-01,0.5681
TCGA-E9-A1R4-01,0.1936
TCGA-E9-A1R5-01,0.1848
TCGA-E9-A1R6-01,-0.1568
TCGA-E9-A1R7-01,1.5513
TCGA-E9-A1RA-01,0.421
TCGA-E9-A1RB-01,0.3543
TCGA-E9-A1RC-01,0.8518
TCGA-E9-A1RD-01,0.6021
TCGA-E9-A1RE-01,0.8127
TCGA-E9-A1RF-01,-0.1637
TCGA-E9-A1RG-01,-1.0236
TCGA-E9-A1RH-01,1.5805
TCGA-E9-A1RI-01,0.3394
TCGA-E9-A226-01,0.463
TCGA-E9-A227-01,-0.0228
TCGA-E9-A228-01,0.8411
TCGA-E9-A229-01,0.2785
TCGA-E9-A22A-01,-0.4498
TCGA-E9-A22B-01,-0.0253
TCGA-E9-A22D-01,-0.8425
TCGA-E9-A22E-01,-0.8764
TCGA-E9-A22G-01,-0.3752
TCGA-E9-A22H-01,0.8039
TCGA-E9-A243-01,0.7802
TCGA-E9-A244-01,-1.0855
TCGA-E9-A245-01,-0.1636
TCGA-E9-A247-01,-0.1318
TCGA-E9-A248-01,0.6974
TCGA-E9-A249-01,0.0815
TCGA-E9-A24A-01,0.7481
TCGA-E9-A295-01,-0.0673
TCGA-E9-A2JS-01,-0.2523
TCGA-E9-A2JT-01,0.9456
TCGA-E9-A3HO-01,-5.0596
TCGA-E9-A3Q9-01,0.183
TCGA-E9-A3QA-01,-0.9473
TCGA-E9-A3X8-01,-3.355
TCGA-E9-A54X-01,-0.6772
TCGA-E9-A54Y-01,-1.7113
TCGA-E9-A5FK-01,-2.0755
TCGA-E9-A5FL-01,-2.7964
TCGA-E9-A5UO-01,-0.2486
TCGA-E9-A5UP-01,-1.5648
TCGA-E9-A6HE-01,-2.5478
TCGA-EW-A1IW-01,0.9931
TCGA-EW-A1IX-01,0.1045
TCGA-EW-A1IY-01,1.0093
TCGA-EW-A1IZ-01,-0.1219
TCGA-EW-A1J1-01,1.0581
TCGA-EW-A1J2-01,0.8292
TCGA-EW-A1J3-01,0.5192
TCGA-EW-A1J5-01,0.437
TCGA-EW-A1J6-01,0.8931
TCGA-EW-A1OV-01,-0.1371
TCGA-EW-A1OW-01,0.091
TCGA-EW-A1OX-01,0.4711
TCGA-EW-A1OY-01,0.6185
TCGA-EW-A1OZ-01,-1.1417
TCGA-EW-A1P0-01,0.6369
TCGA-EW-A1P1-01,0.3009
TCGA-EW-A1P3-01,-0.5927
TCGA-EW-A1P4-01,-0.5374
TCGA-EW-A1P5-01,0.2062
TCGA-EW-A1P6-01,0.4474
TCGA-EW-A1P7-01,-0.1258
TCGA-EW-A1P8-01,-0.3389
TCGA-EW-A1PA-01,0.6915
TCGA-EW-A1PB-01,-1.0325
TCGA-EW-A1PC-01,0.369
TCGA-EW-A1PD-01,1.3376
TCGA-EW-A1PE-01,0.1787
TCGA-EW-A1PF-01,-0.3587
TCGA-EW-A1PG-01,0.7676
TCGA-EW-A1PH-01,-0.7397
TCGA-EW-A2FR-01,-0.6151
TCGA-EW-A2FS-01,0.1727
TCGA-EW-A2FV-01,0.3583
TCGA-EW-A2FW-01,0.0847
TCGA-EW-A3E8-01,-0.8775
TCGA-EW-A3U0-01,-0.4455
TCGA-EW-A423-01,-1.6107
TCGA-EW-A424-01,-1.1363
TCGA-EW-A6S9-01,-0.4622
TCGA-EW-A6SA-01,0.3333
TCGA-EW-A6SB-01,-1.1457
TCGA-EW-A6SC-01,0.103
TCGA-EW-A6SD-01,-0.2365
TCGA-GI-A2C8-01,0.2346
TCGA-GI-A2C9-01,-0.1774
TCGA-GM-A2D9-01,-0.7167
TCGA-GM-A2DA-01,-0.8308
TCGA-GM-A2DB-01,0.0861
TCGA-GM-A2DC-01,-0.8041
TCGA-GM-A2DD-01,-0.7495
TCGA-GM-A2DF-01,-0.3919
TCGA-GM-A2DH-01,1.1993
TCGA-GM-A2DI-01,0.3731
TCGA-GM-A2DK-01,-0.7515
TCGA-GM-A2DL-01,0.4523
TCGA-GM-A2DM-01,0.4686
TCGA-GM-A2DN-01,0.1496
TCGA-GM-A2DO-01,-0.1244
TCGA-GM-A3NW-01,-0.1668
TCGA-GM-A3NY-01,-0.1651
TCGA-GM-A3XG-01,-0.8558
TCGA-GM-A3XL-01,-1.8789
TCGA-GM-A3XN-01,-1.1914
TCGA-GM-A4E0-01,-0.8826
TCGA-GM-A5PV-01,-0.0549
TCGA-GM-A5PX-01,-1.0036
TCGA-HN-A2NL-01,0.5567
TCGA-HN-A2OB-01,-0.2694
TCGA-JL-A3YW-01,-1.3272
TCGA-JL-A3YX-01,-1.6091
TCGA-LD-A66U-01,-2.1446
TCGA-LD-A74U-01,-0.817
TCGA-LD-A7W5-01,-0.7342
TCGA-LD-A7W6-01,0.2371
TCGA-LD-A9QF-01,-1.5225
TCGA-LL-A440-01,-0.7225
TCGA-LL-A441-01,-0.2891
TCGA-LL-A442-01,0.374
TCGA-LL-A50Y-01,-2.033
TCGA-LL-A5YL-01,-2.2296
TCGA-LL-A5YM-01,-4.4929
TCGA-LL-A5YN-01,-2.0443
TCGA-LL-A5YO-01,-1.4881
TCGA-LL-A5YP-01,-0.7485
TCGA-LL-A6FP-01,-0.8882
TCGA-LL-A6FQ-01,-1.8375
TCGA-LL-A6FR-01,-2.1473
TCGA-LL-A73Y-01,-0.3413
TCGA-LL-A73Z-01,-0.8279
TCGA-LL-A740-01,-1.0325
TCGA-LL-A7SZ-01,-3.494
TCGA-LL-A7T0-01,-1.238
TCGA-LL-A8F5-01,-1.8306
TCGA-LL-A9Q3-01,-2.6571
TCGA-LQ-A4E4-01,-0.432
TCGA-MS-A51U-01,-0.1873
TCGA-OK-A5Q2-01,-0.8875
TCGA-OL-A5D6-01,-1.6703
TCGA-OL-A5D7-01,-1.5303
TCGA-OL-A5D8-01,-0.6019
TCGA-OL-A5DA-01,-0.423
TCGA-OL-A5RU-01,-0.9191
TCGA-OL-A5RV-01,-0.3203
TCGA-OL-A5RW-01,-1.3808
TCGA-OL-A5RX-01,-0.285
TCGA-OL-A5RY-01,-1.3146
TCGA-OL-A5RZ-01,-1.0584
TCGA-OL-A5S0-01,-1.7619
TCGA-OL-A66H-01,-1.0282
TCGA-OL-A66I-01,-0.6722
TCGA-OL-A66J-01,-0.8404
TCGA-OL-A66K-01,-0.7125
TCGA-OL-A66L-01,-2.8156
TCGA-OL-A66N-01,-2.281
TCGA-OL-A66O-01,-2.0451
TCGA-OL-A66P-01,-2.7649
TCGA-OL-A6VO-01,-0.9711
TCGA-OL-A6VQ-01,-0.0426
TCGA-OL-A6VR-01,-0.7519
TCGA-OL-A97C-01,-0.3713
TCGA-PE-A5DC-01,-0.5486
TCGA-PE-A5DD-01,-1.2698
TCGA-PE-A5DE-01,-0.1935
TCGA-PL-A8LV-01,-0.841
TCGA-PL-A8LX-01,-0.48
TCGA-PL-A8LY-01,-1.063
TCGA-PL-A8LZ-01,-0.724
TCGA-S3-A6ZF-01,1.267
TCGA-S3-A6ZG-01,0.5691
TCGA-S3-A6ZH-01,0.8717
TCGA-S3-AA0Z-01,-0.054
TCGA-S3-AA10-01,0.0204
TCGA-S3-AA11-01,-0.572
TCGA-S3-AA12-01,-0.5869
TCGA-S3-AA14-01,-0.5131
TCGA-S3-AA15-01,-1.2614
TCGA-S3-AA17-01,-0.7774
TCGA-UL-AAZ6-01,-1.3547
TCGA-UU-A93S-01,-2.2129
TCGA-V7-A7HQ-01,-2.7974
TCGA-W8-A86G-01,-0.8392
TCGA-WT-AB41-01,-1.5247
TCGA-WT-AB44-01,-2.6547
TCGA-XX-A899-01,-0.2413
TCGA-XX-A89A-01,-0.8606
TCGA-Z7-A8R5-01,-1.5653
TCGA-Z7-A8R6-01,-1.2597
TCGA-2W-A8YY-01,-0.5523
TCGA-4J-AA1J-01,0.1474
TCGA-BI-A0VR-01,1.4834
TCGA-BI-A0VS-01,0.6436
TCGA-BI-A20A-01,1.4059
TCGA-C5-A0TN-01,-0.5067
TCGA-C5-A1BE-01,-0.291
TCGA-C5-A1BF-01,-0.3048
TCGA-C5-A1BI-01,-0.115
TCGA-C5-A1BJ-01,0.0611
TCGA-C5-A1BK-01,0.4317
TCGA-C5-A1BL-01,1.5016
TCGA-C5-A1BM-01,0.2102
TCGA-C5-A1BN-01,-0.1659
TCGA-C5-A1BQ-01,-0.3292
TCGA-C5-A1M5-01,1.182
TCGA-C5-A1M6-01,0.8176
TCGA-C5-A1M7-01,-3.7876
TCGA-C5-A1M8-01,-0.2021
TCGA-C5-A1M9-01,0.1028
TCGA-C5-A1ME-01,-0.9483
TCGA-C5-A1MF-01,-2.3398
TCGA-C5-A1MH-01,0.8937
TCGA-C5-A1MI-01,0.5829
TCGA-C5-A1MJ-01,1.1964
TCGA-C5-A1MK-01,-0.3868
TCGA-C5-A1ML-01,0.1056
TCGA-C5-A1MN-01,-0.2744
TCGA-C5-A1MP-01,-0.5163
TCGA-C5-A1MQ-01,-2.7765
TCGA-C5-A2LS-01,1.2339
TCGA-C5-A2LT-01,0.5191
TCGA-C5-A2LV-01,-0.2818
TCGA-C5-A2LX-01,-1.778
TCGA-C5-A2LY-01,-0.2532
TCGA-C5-A2LZ-01,-0.5779
TCGA-C5-A2M1-01,0.223
TCGA-C5-A2M2-01,-0.3179
TCGA-C5-A3HD-01,0.3142
TCGA-C5-A3HE-01,-0.5716
TCGA-C5-A3HF-01,-0.4554
TCGA-C5-A3HL-01,0.4203
TCGA-C5-A7CG-01,0.6508
TCGA-C5-A7CH-01,0.1716
TCGA-C5-A7CJ-01,0.4337
TCGA-C5-A7CK-01,0.4237
TCGA-C5-A7CL-01,-0.5767
TCGA-C5-A7CM-01,-0.9223
TCGA-C5-A7CO-01,-0.1282
TCGA-C5-A7UC-01,-0.3001
TCGA-C5-A7UE-01,-0.8528
TCGA-C5-A7UH-01,-0.0761
TCGA-C5-A7UI-01,-2.019
TCGA-C5-A7X3-01,-0.8591
TCGA-C5-A7X5-01,0.1799
TCGA-C5-A7X8-01,-1.0236
TCGA-C5-A7XC-01,-0.1155
TCGA-C5-A8XH-01,-1.783
TCGA-C5-A8XI-01,0.8478
TCGA-C5-A8XJ-01,0.3403
TCGA-C5-A8XK-01,-0.8259
TCGA-C5-A8YQ-01,0.2007
TCGA-C5-A8YR-01,-0.6876
TCGA-C5-A8YT-01,-0.1413
TCGA-C5-A8ZZ-01,0.3846
TCGA-C5-A907-01,-2.0559
TCGA-DG-A2KH-01,0.2738
TCGA-DG-A2KJ-01,-1.4976
TCGA-DG-A2KK-01,-0.1039
TCGA-DG-A2KL-01,1.6584
TCGA-DG-A2KM-01,-0.2119
TCGA-DR-A0ZL-01,0.2439
TCGA-DR-A0ZM-01,-0.8136
TCGA-DS-A0VK-01,-0.1326
TCGA-DS-A0VL-01,-0.1613
TCGA-DS-A0VM-01,0.6655
TCGA-DS-A0VN-01,0.6098
TCGA-DS-A1OA-01,-0.5307
TCGA-DS-A3LQ-01,1.1964
TCGA-DS-A5RQ-01,1.1294
TCGA-DS-A7WF-01,2.9844
TCGA-DS-A7WH-01,0.7536
TCGA-DS-A7WI-01,-1.685
TCGA-EA-A1QS-01,1.0617
TCGA-EA-A1QT-01,-0.2654
TCGA-EA-A3HQ-01,0.2832
TCGA-EA-A3HR-01,0.6629
TCGA-EA-A3HS-01,-0.0225
TCGA-EA-A3HT-01,1.1807
TCGA-EA-A3HU-01,1.8624
TCGA-EA-A3QD-01,0.8192
TCGA-EA-A3QE-01,0.1688
TCGA-EA-A3Y4-01,-1.172
TCGA-EA-A410-01,-0.5689
TCGA-EA-A411-01,-0.353
TCGA-EA-A439-01,1.5998
TCGA-EA-A43B-01,-1.2932
TCGA-EA-A44S-01,-0.0982
TCGA-EA-A4BA-01,0.3239
TCGA-EA-A50E-01,-0.3618
TCGA-EA-A556-01,-0.0918
TCGA-EA-A5FO-01,2.4391
TCGA-EA-A5O9-01,0.1998
TCGA-EA-A5ZD-01,-0.0311
TCGA-EA-A5ZE-01,-0.1124
TCGA-EA-A5ZF-01,1.7546
TCGA-EA-A6QX-01,-1.1479
TCGA-EA-A78R-01,-1.9962
TCGA-EA-A97N-01,2.2553
TCGA-EK-A2GZ-01,-0.4843
TCGA-EK-A2H0-01,-0.3074
TCGA-EK-A2H1-01,-1.3021
TCGA-EK-A2IP-01,-0.2862
TCGA-EK-A2PG-01,0.3285
TCGA-EK-A2PI-01,0.4419
TCGA-EK-A2PK-01,-1.4344
TCGA-EK-A2PL-01,-0.0508
TCGA-EK-A2PM-01,-1.3508
TCGA-EK-A2R7-01,-0.1519
TCGA-EK-A2R8-01,0.5408
TCGA-EK-A2R9-01,-1.0029
TCGA-EK-A2RA-01,0.4315
TCGA-EK-A2RB-01,0.8405
TCGA-EK-A2RC-01,-0.5497
TCGA-EK-A2RD-01,
TCGA-EK-A2RE-01,0.5982
TCGA-EK-A2RJ-01,-1.3495
TCGA-EK-A2RK-01,0.2265
TCGA-EK-A2RL-01,0.1301
TCGA-EK-A2RM-01,-1.6981
TCGA-EK-A2RN-01,0.146
TCGA-EK-A2RO-01,-1.0814
TCGA-EK-A3GJ-01,-0.1621
TCGA-EK-A3GK-01,-0.8121
TCGA-EK-A3GM-01,0.7851
TCGA-EK-A3GN-01,-0.7832
TCGA-EX-A1H5-01,0.1096
TCGA-EX-A1H6-01,-0.3383
TCGA-EX-A3L1-01,0.3124
TCGA-EX-A69L-01,-0.0855
TCGA-EX-A69M-01,-0.464
TCGA-EX-A8YF-01,1.1049
TCGA-FU-A23K-01,-1.2633
TCGA-FU-A23L-01,0.6405
TCGA-FU-A2QG-01,0.3859
TCGA-FU-A3EO-01,-0.6927
TCGA-FU-A3HY-01,0.3432
TCGA-FU-A3HZ-01,-0.3734
TCGA-FU-A3NI-01,3.2212
TCGA-FU-A3TQ-01,0.3351
TCGA-FU-A3TX-01,0.9602
TCGA-FU-A3WB-01,0.5745
TCGA-FU-A3YQ-01,-0.0863
TCGA-FU-A40J-01,0.3436
TCGA-FU-A57G-01,0.4384
TCGA-FU-A5XV-01,0.1703
TCGA-FU-A770-01,-0.2758
TCGA-GH-A9DA-01,-0.623
TCGA-HG-A2PA-01,-0.3558
TCGA-HG-A9SC-01,
TCGA-HM-A3JJ-01,0.2026
TCGA-HM-A3JK-01,-0.6506
TCGA-HM-A4S6-01,-0.6382
TCGA-HM-A6W2-01,-0.7782
TCGA-IR-A3L7-01,2.0693
TCGA-IR-A3LA-01,2.7386
TCGA-IR-A3LB-01,0.032
TCGA-IR-A3LC-01,-0.3115
TCGA-IR-A3LF-01,0.7892
TCGA-IR-A3LH-01,-0.4407
TCGA-IR-A3LI-01,-0.3339
TCGA-IR-A3LK-01,-0.381
TCGA-IR-A3LL-01,0.451
TCGA-JW-A5VG-01,-0.6331
TCGA-JW-A5VH-01,0.0406
TCGA-JW-A5VI-01,1.5333
TCGA-JW-A5VJ-01,-0.915
TCGA-JW-A5VK-01,-0.8862
TCGA-JW-A5VL-01,-1.0657
TCGA-JW-A69B-01,-0.9085
TCGA-JW-A852-01,-2.6171
TCGA-JW-AAVH-01,1.1941
TCGA-JX-A3PZ-01,-1.2622
TCGA-JX-A3Q0-01,0.7575
TCGA-JX-A3Q8-01,0.0799
TCGA-JX-A5QV-01,0.3808
TCGA-LP-A4AU-01,-0.6946
TCGA-LP-A4AV-01,-0.7988
TCGA-LP-A4AW-01,0.7931
TCGA-LP-A4AX-01,0.0491
TCGA-LP-A5U2-01,0.41
TCGA-LP-A5U3-01,0.4442
TCGA-LP-A7HU-01,-0.4129
TCGA-MA-AA3W-01,1.4175
TCGA-MA-AA3X-01,0.0505
TCGA-MA-AA3Y-01,0.1098
TCGA-MA-AA3Z-01,-0.4209
TCGA-MA-AA41-01,0.0011
TCGA-MA-AA42-01,0.2068
TCGA-MA-AA43-01,-0.6231
TCGA-MU-A51Y-01,-0.4937
TCGA-MU-A5YI-01,1.9477
TCGA-MU-A8JM-01,0.1559
TCGA-MY-A5BD-01,0.3855
TCGA-MY-A5BE-01,0.1389
TCGA-MY-A5BF-01,4.2918
TCGA-MY-A913-01,0.3057
TCGA-PN-A8MA-01,-0.0626
TCGA-Q1-A5R1-01,-0.12
TCGA-Q1-A5R2-01,-1.658
TCGA-Q1-A5R3-01,-3.3465
TCGA-Q1-A6DT-01,0.0543
TCGA-Q1-A6DV-01,0.5742
TCGA-Q1-A6DW-01,0.9736
TCGA-Q1-A73O-01,0.5531
TCGA-Q1-A73P-01,0.1107
TCGA-Q1-A73Q-01,0.9807
TCGA-Q1-A73R-01,0.8359
TCGA-Q1-A73S-01,-1.2125
TCGA-R2-A69V-01,-0.8162
TCGA-RA-A741-01,-1.4203
TCGA-UC-A7PD-01,-0.5671
TCGA-UC-A7PF-01,1.6401
TCGA-UC-A7PG-01,0.321
TCGA-UC-A7PI-01,-0.2371
TCGA-VS-A8EB-01,0.1107
TCGA-VS-A8EC-01,1.0542
TCGA-VS-A8EG-01,0.6593
TCGA-VS-A8EH-01,-0.3788
TCGA-VS-A8EI-01,-0.2339
TCGA-VS-A8EJ-01,-1.9218
TCGA-VS-A8EL-01,-1.109
TCGA-VS-A8Q8-01,-0.7845
TCGA-VS-A8Q9-01,-0.3079
TCGA-VS-A8QA-01,0.6014
TCGA-VS-A8QC-01,-0.3469
TCGA-VS-A8QF-01,0.9861
TCGA-VS-A8QH-01,-0.0984
TCGA-VS-A8QM-01,0.9264
TCGA-VS-A94W-01,1.3334
TCGA-VS-A94X-01,2.466
TCGA-VS-A94Y-01,-1.1064
TCGA-VS-A94Z-01,0.2052
TCGA-VS-A950-01,0.0214
TCGA-VS-A952-01,-0.029
TCGA-VS-A953-01,-0.1128
TCGA-VS-A954-01,0.5896
TCGA-VS-A957-01,0.1316
TCGA-VS-A958-01,-0.5953
TCGA-VS-A959-01,-0.3025
TCGA-VS-A9U5-01,0.8868
TCGA-VS-A9U6-01,0.3977
TCGA-VS-A9U7-01,-1.2638
TCGA-VS-A9UA-01,
TCGA-VS-A9UB-01,-1.172
TCGA-VS-A9UC-01,-1.7708
TCGA-VS-A9UD-01,-0.3121
TCGA-VS-A9UH-01,-1.4318
TCGA-VS-A9UI-01,0.5351
TCGA-VS-A9UJ-01,-0.0826
TCGA-VS-A9UL-01,1.3759
TCGA-VS-A9UM-01,1.2482
TCGA-VS-A9UO-01,-1.3982
TCGA-VS-A9UP-01,1.3863
TCGA-VS-A9UQ-01,-0.2504
TCGA-VS-A9UR-01,-0.3233
TCGA-VS-A9UT-01,-0.2366
TCGA-VS-A9UU-01,0.0655
TCGA-VS-A9UV-01,-0.126
TCGA-VS-A9UY-01,-0.4335
TCGA-VS-A9UZ-01,1.1702
TCGA-VS-A9V0-01,-0.1479
TCGA-VS-A9V1-01,-1.2027
TCGA-VS-A9V2-01,-0.3724
TCGA-VS-A9V3-01,-0.1356
TCGA-VS-A9V4-01,0.5742
TCGA-VS-A9V5-01,-0.0773
TCGA-VS-AA62-01,0.0606
TCGA-WL-A834-01,-0.8351
TCGA-XS-A8TJ-01,0.7809
TCGA-ZJ-A8QO-01,1.7479
TCGA-ZJ-A8QQ-01,-0.6046
TCGA-ZJ-A8QR-01,0.6888
TCGA-ZJ-AAX4-01,1.5552
TCGA-ZJ-AAX8-01,-0.0611
TCGA-ZJ-AAXA-01,0.7996
TCGA-ZJ-AAXB-01,0.1159
TCGA-ZJ-AAXD-01,1.0295
TCGA-ZJ-AAXF-01,-0.7242
TCGA-ZJ-AAXI-01,0.224
TCGA-ZJ-AAXJ-01,1.1636
TCGA-ZJ-AAXN-01,0.2333
TCGA-ZJ-AAXT-01,0.3634
TCGA-ZJ-AAXU-01,-0.6981
TCGA-ZJ-AB0H-01,-0.815
TCGA-ZJ-AB0I-01,0.6104
TCGA-ZX-AA5X-01,-1.139
TCGA-3X-AAV9-01,0.0496
TCGA-3X-AAVA-01,0.3061
TCGA-3X-AAVB-01,0.6125
TCGA-3X-AAVC-01,1.5874
TCGA-3X-AAVE-01,0.2829
TCGA-4G-AAZO-01,0.0414
TCGA-4G-AAZT-01,-1.5261
TCGA-W5-AA2G-01,-0.8783
TCGA-W5-AA2H-01,-0.2978
TCGA-W5-AA2I-01,-1.9868
TCGA-W5-AA2O-01,-0.3793
TCGA-W5-AA2Q-01,0.5964
TCGA-W5-AA2R-01,0.9783
TCGA-W5-AA2T-01,0.4324
TCGA-W5-AA2U-01,0.3092
TCGA-W5-AA2W-01,0.2691
TCGA-W5-AA2X-01,0.3071
TCGA-W5-AA2Z-01,1.2174
TCGA-W5-AA30-01,0.4617
TCGA-W5-AA31-01,0.6687
TCGA-W5-AA33-01,0.9924
TCGA-W5-AA34-01,0.3361
TCGA-W5-AA36-01,-1.8432
TCGA-W5-AA38-01,-1.9874
TCGA-W5-AA39-01,-2.2239
TCGA-W6-AA0S-01,0.058
TCGA-WD-A7RX-01,-0.7938
TCGA-YR-A95A-01,-0.0794
TCGA-ZD-A8I3-01,0.0534
TCGA-ZH-A8Y1-01,0.6843
TCGA-ZH-A8Y2-01,0.5996
TCGA-ZH-A8Y4-01,-0.3948
TCGA-ZH-A8Y5-01,0.3708
TCGA-ZH-A8Y6-01,2.3853
TCGA-ZH-A8Y8-01,-0.3154
TCGA-ZU-A8S4-01,-0.8938
TCGA-3L-AA1B-01,0.631
TCGA-4N-A93T-01,-1.1606
TCGA-4T-AA8H-01,-0.6224
TCGA-5M-AAT4-01,0.6933
TCGA-5M-AAT5-01,-0.687
TCGA-5M-AAT6-01,-0.9148
TCGA-5M-AATA-01,-0.7176
TCGA-5M-AATE-01,0.1195
TCGA-A6-2671-01,-0.4124
TCGA-A6-2672-01,-0.3482
TCGA-A6-2674-01,-0.4137
TCGA-A6-2675-01,0.2177
TCGA-A6-2676-01,0.0199
TCGA-A6-2677-01,1.0004
TCGA-A6-2678-01,0.5814
TCGA-A6-2679-01,-3.8469
TCGA-A6-2680-01,-0.4886
TCGA-A6-2681-01,0.5374
TCGA-A6-2682-01,0.3462
TCGA-A6-2683-01,-1.8007
TCGA-A6-2684-01,0.8749
TCGA-A6-2685-01,-0.0499
TCGA-A6-2686-01,1.0851
TCGA-A6-3807-01,0.4946
TCGA-A6-3808-01,-0.4181
TCGA-A6-3809-01,0.1893
TCGA-A6-3810-01,1.0992
TCGA-A6-4105-01,0.3092
TCGA-A6-4107-01,-0.1906
TCGA-A6-5656-01,0.4882
TCGA-A6-5657-01,0.6464
TCGA-A6-5659-01,2.4701
TCGA-A6-5660-01,0.9237
TCGA-A6-5661-01,0.0637
TCGA-A6-5662-01,-4.0831
TCGA-A6-5664-01,-0.3625
TCGA-A6-5665-01,0.1077
TCGA-A6-5666-01,2.0565
TCGA-A6-5667-01,1.9168
TCGA-A6-6137-01,0.7733
TCGA-A6-6138-01,-0.2047
TCGA-A6-6140-01,0.6299
TCGA-A6-6141-01,-0.8312
TCGA-A6-6142-01,-0.2517
TCGA-A6-6648-01,1.4934
TCGA-A6-6649-01,-0.1901
TCGA-A6-6650-01,0.9422
TCGA-A6-6651-01,0.2618
TCGA-A6-6652-01,-0.5705
TCGA-A6-6653-01,-0.4765
TCGA-A6-6654-01,0.1905
TCGA-A6-6780-01,-1.3137
TCGA-A6-6781-01,-1.0425
TCGA-A6-6782-01,0.1345
TCGA-A6-A565-01,-0.4454
TCGA-A6-A566-01,-0.8796
TCGA-A6-A567-01,0.4129
TCGA-A6-A56B-01,0.2443
TCGA-A6-A5ZU-01,0.0272
TCGA-AA-3488-01,-0.913
TCGA-AA-3489-01,-0.5431
TCGA-AA-3492-01,-0.2017
TCGA-AA-3494-01,0.234
TCGA-AA-3495-01,-0.5266
TCGA-AA-3496-01,-0.2167
TCGA-AA-3502-01,-0.2865
TCGA-AA-3506-01,-0.8134
TCGA-AA-3510-01,-0.783
TCGA-AA-3511-01,-0.6804
TCGA-AA-3514-01,-2.7778
TCGA-AA-3517-01,-0.2671
TCGA-AA-3518-01,-0.384
TCGA-AA-3519-01,0.5172
TCGA-AA-3520-01,-0.6409
TCGA-AA-3521-01,0.2012
TCGA-AA-3522-01,0.6644
TCGA-AA-3524-01,0.5583
TCGA-AA-3525-01,-0.4752
TCGA-AA-3526-01,-0.8191
TCGA-AA-3527-01,-2.9817
TCGA-AA-3529-01,-0.347
TCGA-AA-3530-01,1.5239
TCGA-AA-3531-01,0.0519
TCGA-AA-3532-01,-0.1526
TCGA-AA-3534-01,0.4794
TCGA-AA-3538-01,1.3452
TCGA-AA-3542-01,-2.5056
TCGA-AA-3543-01,-0.8129
TCGA-AA-3544-01,-1.8913
TCGA-AA-3548-01,-1.9907
TCGA-AA-3549-01,1.0541
TCGA-AA-3552-01,-0.7387
TCGA-AA-3553-01,0.4495
TCGA-AA-3555-01,0.4083
TCGA-AA-3558-01,
TCGA-AA-3560-01,-0.5243
TCGA-AA-3561-01,-0.706
TCGA-AA-3655-01,0.4837
TCGA-AA-3660-01,0.9688
TCGA-AA-3663-01,-1.1653
TCGA-AA-3664-01,1.675
TCGA-AA-3666-01,0.7426
TCGA-AA-3667-01,-2.9237
TCGA-AA-3673-01,0.4939
TCGA-AA-3675-01,-0.9504
TCGA-AA-3678-01,-0.491
TCGA-AA-3679-01,0.6063
TCGA-AA-3680-01,0.3055
TCGA-AA-3681-01,0.6042
TCGA-AA-3684-01,-2.3538
TCGA-AA-3685-01,0.0364
TCGA-AA-3688-01,1.178
TCGA-AA-3692-01,0.2274
TCGA-AA-3693-01,0.1996
TCGA-AA-3695-01,-0.8788
TCGA-AA-3696-01,0.8761
TCGA-AA-3710-01,-0.7843
TCGA-AA-3712-01,1.3184
TCGA-AA-3713-01,0.1991
TCGA-AA-3715-01,-2.2617
TCGA-AA-3811-01,1.0805
TCGA-AA-3812-01,-1.8978
TCGA-AA-3814-01,1.2008
TCGA-AA-3818-01,0.8665
TCGA-AA-3819-01,-0.7373
TCGA-AA-3821-01,-2.1064
TCGA-AA-3831-01,-0.7401
TCGA-AA-3833-01,-1.0621
TCGA-AA-3837-01,0.0749
TCGA-AA-3841-01,-0.5392
TCGA-AA-3842-01,1.1795
TCGA-AA-3844-01,1.1025
TCGA-AA-3845-01,0.5987
TCGA-AA-3846-01,0.9261
TCGA-AA-3848-01,-0.9816
TCGA-AA-3850-01,-1.0237
TCGA-AA-3851-01,0.4097
TCGA-AA-3852-01,-1.3014
TCGA-AA-3854-01,-0.9935
TCGA-AA-3855-01,-0.6278
TCGA-AA-3856-01,0.4563
TCGA-AA-3858-01,-0.8755
TCGA-AA-3864-01,0.1209
TCGA-AA-3866-01,0.3779
TCGA-AA-3867-01,0.5718
TCGA-AA-3869-01,0.4612
TCGA-AA-3870-01,-0.0799
TCGA-AA-3872-01,0.2559
TCGA-AA-3875-01,-0.0448
TCGA-AA-3877-01,-0.4301
TCGA-AA-3930-01,0.4648
TCGA-AA-3939-01,0.5948
TCGA-AA-3941-01,1.0456
TCGA-AA-3947-01,1.0698
TCGA-AA-3949-01,-0.4152
TCGA-AA-3950-01,0.1892
TCGA-AA-3952-01,-0.8611
TCGA-AA-3955-01,1.1908
TCGA-AA-3956-01,0.9639
TCGA-AA-3966-01,-0.443
TCGA-AA-3968-01,1.339
TCGA-AA-3971-01,0.8494
TCGA-AA-3973-01,1.9363
TCGA-AA-3975-01,0.3688
TCGA-AA-3976-01,0.7172
TCGA-AA-3977-01,0.2214
TCGA-AA-3979-01,0.1596
TCGA-AA-3980-01,0.6526
TCGA-AA-3982-01,1.0152
TCGA-AA-3984-01,1.5132
TCGA-AA-3986-01,-0.2005
TCGA-AA-3989-01,-1.0592
TCGA-AA-3994-01,-1.5662
TCGA-AA-A004-01,-3.1728
TCGA-AA-A00A-01,-0.1458
TCGA-AA-A00D-01,1.2275
TCGA-AA-A00E-01,-4.3904
TCGA-AA-A00F-01,-0.0966
TCGA-AA-A00J-01,0.5513
TCGA-AA-A00K-01,0.646
TCGA-AA-A00L-01,0.84
TCGA-AA-A00N-01,-0.7211
TCGA-AA-A00O-01,0.0367
TCGA-AA-A00Q-01,0.0209
TCGA-AA-A00R-01,0.7848
TCGA-AA-A00U-01,-0.2325
TCGA-AA-A00W-01,-0.3011
TCGA-AA-A00Z-01,1.0756
TCGA-AA-A010-01,0.2477
TCGA-AA-A017-01,1.2072
TCGA-AA-A01C-01,-0.4646
TCGA-AA-A01D-01,0.3039
TCGA-AA-A01F-01,-0.049
TCGA-AA-A01G-01,-0.0245
TCGA-AA-A01I-01,2.3097
TCGA-AA-A01K-01,-0.3508
TCGA-AA-A01P-01,-0.8587
TCGA-AA-A01Q-01,-0.6984
TCGA-AA-A01R-01,-2.0314
TCGA-AA-A01S-01,-2.1917
TCGA-AA-A01T-01,-1.6885
TCGA-AA-A01V-01,-1.7887
TCGA-AA-A01X-01,0.1997
TCGA-AA-A01Z-01,0.8594
TCGA-AA-A022-01,-0.6111
TCGA-AA-A024-01,-1.2425
TCGA-AA-A029-01,-1.0234
TCGA-AA-A02E-01,-0.6836
TCGA-AA-A02F-01,0.4593
TCGA-AA-A02H-01,0.5866
TCGA-AA-A02J-01,1.2954
TCGA-AA-A02O-01,-1.2071
TCGA-AA-A02R-01,-0.145
TCGA-AA-A02W-01,1.9906
TCGA-AA-A02Y-01,-0.1971
TCGA-AA-A03F-01,-3.8308
TCGA-AA-A03J-01,-1.576
TCGA-AD-5900-01,-0.5915
TCGA-AD-6548-01,0.6325
TCGA-AD-6888-01,-0.5644
TCGA-AD-6889-01,-1.6164
TCGA-AD-6890-01,-0.7745
TCGA-AD-6895-01,-1.3037
TCGA-AD-6899-01,0.4048
TCGA-AD-6901-01,-0.3395
TCGA-AD-6963-01,0.3866
TCGA-AD-6964-01,-0.7275
TCGA-AD-6965-01,2.5131
TCGA-AD-A5EJ-01,-0.9558
TCGA-AD-A5EK-01,1.005
TCGA-AF-2687-01,0.2104
TCGA-AF-2689-01,
TCGA-AF-2690-01,0.5335
TCGA-AF-2691-01,0.3775
TCGA-AF-2692-01,1.1643
TCGA-AF-2693-01,1.3591
TCGA-AF-3400-01,-0.4333
TCGA-AF-3911-01,0.51
TCGA-AF-4110-01,-0.3622
TCGA-AF-5654-01,0.4575
TCGA-AF-6136-01,0.7927
TCGA-AF-6655-01,0.8354
TCGA-AF-6672-01,0.9529
TCGA-AF-A56K-01,1.0023
TCGA-AF-A56L-01,-0.4418
TCGA-AF-A56N-01,0.5579
TCGA-AG-3574-01,0.8927
TCGA-AG-3575-01,-0.4337
TCGA-AG-3578-01,0.294
TCGA-AG-3580-01,-0.8627
TCGA-AG-3581-01,-0.6704
TCGA-AG-3582-01,1.0882
TCGA-AG-3583-01,-0.3548
TCGA-AG-3584-01,0.3881
TCGA-AG-3586-01,-0.9823
TCGA-AG-3587-01,0.0297
TCGA-AG-3591-01,0.034
TCGA-AG-3592-01,0.3692
TCGA-AG-3593-01,0.2069
TCGA-AG-3594-01,0.5137
TCGA-AG-3598-01,-1.008
TCGA-AG-3599-01,-0.6125
TCGA-AG-3600-01,-0.3307
TCGA-AG-3601-01,-0.0596
TCGA-AG-3602-01,0.581
TCGA-AG-3605-01,1.1373
TCGA-AG-3608-01,0.6402
TCGA-AG-3609-01,0.1096
TCGA-AG-3725-01,0.0805
TCGA-AG-3726-01,-1.8115
TCGA-AG-3727-01,-3.571
TCGA-AG-3728-01,-1.6724
TCGA-AG-3731-01,0.7353
TCGA-AG-3732-01,0.8586
TCGA-AG-3742-01,1.0713
TCGA-AG-3878-01,-2.1886
TCGA-AG-3881-01,-1.2432
TCGA-AG-3882-01,-2.1268
TCGA-AG-3883-01,-3.8075
TCGA-AG-3885-01,-2.1055
TCGA-AG-3887-01,-0.2745
TCGA-AG-3890-01,-0.3084
TCGA-AG-3892-01,-1.1161
TCGA-AG-3893-01,1.957
TCGA-AG-3894-01,-1.3981
TCGA-AG-3896-01,0.141
TCGA-AG-3898-01,1.7323
TCGA-AG-3901-01,-0.836
TCGA-AG-3902-01,0.8629
TCGA-AG-3909-01,-0.5861
TCGA-AG-3999-01,-1.7727
TCGA-AG-4001-01,0.5189
TCGA-AG-4005-01,-0.3175
TCGA-AG-4007-01,0.6328
TCGA-AG-4008-01,1.2559
TCGA-AG-4015-01,-0.3564
TCGA-AG-4021-01,0.1344
TCGA-AG-4022-01,1.2558
TCGA-AG-A002-01,-0.0652
TCGA-AG-A008-01,-0.1649
TCGA-AG-A00C-01,0.3496
TCGA-AG-A00Y-01,-0.4849
TCGA-AG-A011-01,-0.1773
TCGA-AG-A015-01,-0.2475
TCGA-AG-A016-01,-1.0403
TCGA-AG-A01J-01,0.2804
TCGA-AG-A01L-01,-0.1911
TCGA-AG-A01N-01,0.0118
TCGA-AG-A01W-01,0.8017
TCGA-AG-A01Y-01,0.8474
TCGA-AG-A020-01,0.2706
TCGA-AG-A025-01,-0.2027
TCGA-AG-A026-01,0.1632
TCGA-AG-A02G-01,1.0166
TCGA-AG-A02N-01,0.295
TCGA-AG-A02X-01,0.4523
TCGA-AG-A032-01,-0.2401
TCGA-AH-6544-01,0.0921
TCGA-AH-6547-01,-0.1203
TCGA-AH-6643-01,0.4298
TCGA-AH-6644-01,0.6661
TCGA-AH-6897-01,1.3792
TCGA-AH-6903-01,1.7889
TCGA-AM-5820-01,0.1374
TCGA-AM-5821-01,-0.4164
TCGA-AU-3779-01,0.3296
TCGA-AU-6004-01,-0.7688
TCGA-AY-4070-01,-0.2342
TCGA-AY-4071-01,0.3866
TCGA-AY-5543-01,-0.6496
TCGA-AY-6196-01,-0.2834
TCGA-AY-6197-01,-0.687
TCGA-AY-6386-01,-1.1363
TCGA-AY-A54L-01,1.0544
TCGA-AY-A69D-01,0.1527
TCGA-AY-A71X-01,-0.7529
TCGA-AY-A8YK-01,0.7536
TCGA-AZ-4308-01,-3.0031
TCGA-AZ-4313-01,-1.305
TCGA-AZ-4315-01,-0.8589
TCGA-AZ-4323-01,0.9462
TCGA-AZ-4614-01,-0.215
TCGA-AZ-4615-01,-0.551
TCGA-AZ-4616-01,-0.4578
TCGA-AZ-4681-01,-2.3375
TCGA-AZ-4682-01,0.5559
TCGA-AZ-4684-01,-0.0457
TCGA-AZ-5403-01,0.6401
TCGA-AZ-5407-01,-0.5242
TCGA-AZ-6598-01,0.051
TCGA-AZ-6599-01,0.0786
TCGA-AZ-6600-01,0.5869
TCGA-AZ-6603-01,1.1598
TCGA-AZ-6605-01,0.122
TCGA-AZ-6606-01,0.1277
TCGA-AZ-6607-01,1.0543
TCGA-CA-5254-01,-0.7792
TCGA-CA-5255-01,-1.3453
TCGA-CA-5256-01,0.0441
TCGA-CA-5796-01,-0.1945
TCGA-CA-5797-01,0.9668
TCGA-CA-6715-01,1.2487
TCGA-CA-6716-01,0.8194
TCGA-CA-6717-01,0.0694
TCGA-CA-6718-01,-0.3124
TCGA-CA-6719-01,1.3912
TCGA-CI-6619-01,-0.6639
TCGA-CI-6620-01,0.0365
TCGA-CI-6621-01,-0.0187
TCGA-CI-6622-01,-0.6994
TCGA-CI-6623-01,0.7003
TCGA-CI-6624-01,0.8048
TCGA-CK-4947-01,0.3535
TCGA-CK-4948-01,0.655
TCGA-CK-4950-01,0.1671
TCGA-CK-4951-01,0.3369
TCGA-CK-4952-01,0.2651
TCGA-CK-5912-01,0.6555
TCGA-CK-5913-01,-0.4395
TCGA-CK-5914-01,0.3395
TCGA-CK-5915-01,0.5132
TCGA-CK-5916-01,0.5925
TCGA-CK-6746-01,-0.7783
TCGA-CK-6747-01,-0.4654
TCGA-CK-6748-01,0.738
TCGA-CK-6751-01,-0.5902
TCGA-CL-4957-01,0.3627
TCGA-CL-5917-01,2.3112
TCGA-CL-5918-01,0.796
TCGA-CM-4743-01,-1.4452
TCGA-CM-4744-01,0.4111
TCGA-CM-4746-01,-1.2017
TCGA-CM-4747-01,0.1572
TCGA-CM-4748-01,0.2909
TCGA-CM-4750-01,-0.053
TCGA-CM-4751-01,-0.6041
TCGA-CM-4752-01,0.7246
TCGA-CM-5341-01,0.4683
TCGA-CM-5344-01,0.3018
TCGA-CM-5348-01,0.9936
TCGA-CM-5349-01,0.034
TCGA-CM-5860-01,1.1146
TCGA-CM-5861-01,-0.3121
TCGA-CM-5862-01,1.0562
TCGA-CM-5863-01,-0.1689
TCGA-CM-5864-01,1.3956
TCGA-CM-5868-01,0.1499
TCGA-CM-6161-01,-0.3464
TCGA-CM-6162-01,0.1794
TCGA-CM-6163-01,1.0959
TCGA-CM-6164-01,1.0123
TCGA-CM-6165-01,0.3879
TCGA-CM-6166-01,1.4997
TCGA-CM-6167-01,0.2528
TCGA-CM-6168-01,-0.3914
TCGA-CM-6169-01,2.1357
TCGA-CM-6170-01,0.8547
TCGA-CM-6171-01,0.6195
TCGA-CM-6172-01,0.2801
TCGA-CM-6674-01,-1.2759
TCGA-CM-6675-01,0.7372
TCGA-CM-6676-01,0.6302
TCGA-CM-6677-01,0.5157
TCGA-CM-6678-01,0.5733
TCGA-CM-6679-01,0.6796
TCGA-CM-6680-01,-0.1978
TCGA-D5-5537-01,-0.2022
TCGA-D5-5538-01,1.2041
TCGA-D5-5539-01,0.4395
TCGA-D5-5540-01,0.6525
TCGA-D5-5541-01,1.2806
TCGA-D5-6529-01,0.2414
TCGA-D5-6530-01,-0.5848
TCGA-D5-6531-01,0.73
TCGA-D5-6532-01,1.0013
TCGA-D5-6533-01,-0.6008
TCGA-D5-6534-01,-0.502
TCGA-D5-6535-01,0.6106
TCGA-D5-6536-01,-0.6373
TCGA-D5-6537-01,0.2714
TCGA-D5-6538-01,0.5307
TCGA-D5-6539-01,-0.0235
TCGA-D5-6540-01,-1.0817
TCGA-D5-6541-01,-0.4996
TCGA-D5-6898-01,0.3403
TCGA-D5-6920-01,-0.8435
TCGA-D5-6922-01,0.6828
TCGA-D5-6923-01,1.5468
TCGA-D5-6924-01,1.5155
TCGA-D5-6926-01,0.4436
TCGA-D5-6927-01,-0.9425
TCGA-D5-6928-01,-0.5061
TCGA-D5-6929-01,0.4254
TCGA-D5-6930-01,-1.1859
TCGA-D5-6931-01,1.5097
TCGA-D5-6932-01,-0.4626
TCGA-D5-7000-01,1.1349
TCGA-DC-4745-01,0.6794
TCGA-DC-4749-01,0.1267
TCGA-DC-5337-01,0.5468
TCGA-DC-5869-01,1.7831
TCGA-DC-6154-01,1.4555
TCGA-DC-6155-01,-2.3655
TCGA-DC-6156-01,1.79
TCGA-DC-6157-01,1.1471
TCGA-DC-6158-01,2.0715
TCGA-DC-6160-01,0.9137
TCGA-DC-6681-01,0.0337
TCGA-DC-6682-01,1.9522
TCGA-DC-6683-01,2.2551
TCGA-DM-A0X9-01,0.6898
TCGA-DM-A0XD-01,0.7499
TCGA-DM-A0XF-01,0.3852
TCGA-DM-A1D0-01,-0.8959
TCGA-DM-A1D4-01,-0.8051
TCGA-DM-A1D6-01,-0.2157
TCGA-DM-A1D7-01,-1.0274
TCGA-DM-A1D8-01,-0.5614
TCGA-DM-A1D9-01,-0.6034
TCGA-DM-A1DA-01,0.254
TCGA-DM-A1DB-01,2.6392
TCGA-DM-A1HA-01,-0.1281
TCGA-DM-A1HB-01,-0.6753
TCGA-DM-A280-01,-0.9585
TCGA-DM-A282-01,0.6631
TCGA-DM-A285-01,0.9882
TCGA-DM-A288-01,0.2386
TCGA-DM-A28A-01,-0.2603
TCGA-DM-A28C-01,-0.3441
TCGA-DM-A28E-01,-0.4189
TCGA-DM-A28F-01,0.82
TCGA-DM-A28G-01,-0.5637
TCGA-DM-A28H-01,1.723
TCGA-DM-A28K-01,-0.9684
TCGA-DM-A28M-01,-0.3394
TCGA-DT-5265-01,0.4552
TCGA-DY-A0XA-01,1.3347
TCGA-DY-A1DC-01,-0.7332
TCGA-DY-A1DD-01,0.7211
TCGA-DY-A1DE-01,-1.7649
TCGA-DY-A1DF-01,-0.3679
TCGA-DY-A1DG-01,0.4272
TCGA-DY-A1H8-01,-0.5399
TCGA-EF-5830-01,-0.2807
TCGA-EF-5831-01,0.8971
TCGA-EI-6506-01,-0.6664
TCGA-EI-6507-01,-0.0259
TCGA-EI-6508-01,0.6489
TCGA-EI-6509-01,0.21
TCGA-EI-6510-01,-0.0945
TCGA-EI-6511-01,0.9837
TCGA-EI-6512-01,1.7512
TCGA-EI-6513-01,1.3023
TCGA-EI-6514-01,1.487
TCGA-EI-6881-01,-0.2341
TCGA-EI-6882-01,0.1044
TCGA-EI-6883-01,-0.9619
TCGA-EI-6884-01,-0.52
TCGA-EI-6885-01,0.61
TCGA-EI-6917-01,0.4563
TCGA-EI-7002-01,0.8481
TCGA-EI-7004-01,-0.2129
TCGA-F4-6459-01,1.0725
TCGA-F4-6460-01,0.3331
TCGA-F4-6461-01,0.0475
TCGA-F4-6463-01,-0.4873
TCGA-F4-6569-01,-0.5969
TCGA-F4-6570-01,-0.0152
TCGA-F4-6703-01,-0.8056
TCGA-F4-6704-01,-0.0372
TCGA-F4-6805-01,0.0348
TCGA-F4-6806-01,0.5303
TCGA-F4-6807-01,-0.1714
TCGA-F4-6808-01,1.04
TCGA-F4-6809-01,-0.39
TCGA-F4-6854-01,0.8611
TCGA-F4-6855-01,0.0624
TCGA-F4-6856-01,-0.5691
TCGA-F5-6464-01,0.5403
TCGA-F5-6465-01,1.4022
TCGA-F5-6571-01,0.5698
TCGA-F5-6702-01,0.681
TCGA-F5-6810-01,-0.2087
TCGA-F5-6811-01,0.308
TCGA-F5-6812-01,0.1135
TCGA-F5-6813-01,-0.4453
TCGA-F5-6814-01,-0.0074
TCGA-F5-6861-01,-1.093
TCGA-F5-6863-01,-0.6154
TCGA-F5-6864-01,0.0421
TCGA-G4-6293-01,-1.1386
TCGA-G4-6294-01,1.4549
TCGA-G4-6295-01,-0.6583
TCGA-G4-6297-01,0.3352
TCGA-G4-6298-01,-0.9931
TCGA-G4-6299-01,-0.9134
TCGA-G4-6302-01,-0.6198
TCGA-G4-6303-01,1.9831
TCGA-G4-6304-01,-1.3925
TCGA-G4-6306-01,0.0921
TCGA-G4-6307-01,-0.2059
TCGA-G4-6309-01,-0.8489
TCGA-G4-6311-01,0.2853
TCGA-G4-6315-01,-0.0609
TCGA-G4-6317-01,0.9735
TCGA-G4-6320-01,-0.5062
TCGA-G4-6321-01,-0.7507
TCGA-G4-6322-01,-0.8612
TCGA-G4-6323-01,-0.5031
TCGA-G4-6586-01,-1.533
TCGA-G4-6588-01,-0.8673
TCGA-G4-6626-01,0.155
TCGA-G4-6627-01,0.1279
TCGA-G4-6628-01,-0.5399
TCGA-G5-6641-01,-0.7138
TCGA-NH-A50T-01,-0.7753
TCGA-NH-A50U-01,0.4519
TCGA-NH-A50V-01,-0.4866
TCGA-NH-A5IV-01,-0.6567
TCGA-NH-A6GA-01,0.3374
TCGA-NH-A6GB-01,0.177
TCGA-NH-A6GC-01,-0.5855
TCGA-NH-A8F7-01,0.7415
TCGA-NH-A8F8-01,-0.7911
TCGA-QG-A5YV-01,-0.3782
TCGA-QG-A5YW-01,-1.1234
TCGA-QG-A5YX-01,-0.0556
TCGA-QG-A5Z1-01,0.2928
TCGA-QG-A5Z2-01,-0.1653
TCGA-QL-A97D-01,-0.6061
TCGA-RU-A8FL-01,-0.5152
TCGA-SS-A7HO-01,-0.5116
TCGA-T9-A92H-01,0.3281
TCGA-WS-AB45-01,-0.6082
TCGA-FA-8693-01,-0.4835
TCGA-FA-A4BB-01,0.4474
TCGA-FA-A4XK-01,0.7186
TCGA-FA-A6HN-01,0.1701
TCGA-FA-A6HO-01,0.4876
TCGA-FA-A7DS-01,0.5295
TCGA-FA-A7Q1-01,1.8999
TCGA-FA-A82F-01,0.0646
TCGA-FA-A86F-01,0.7576
TCGA-FF-8041-01,-0.2269
TCGA-FF-8042-01,-0.4999
TCGA-FF-8043-01,0.3
TCGA-FF-8046-01,-1.5816
TCGA-FF-8047-01,-0.726
TCGA-FF-8061-01,-0.6577
TCGA-FF-8062-01,-0.7886
TCGA-FF-A7CQ-01,0.6221
TCGA-FF-A7CR-01,1.3138
TCGA-FF-A7CW-01,-0.8914
TCGA-FF-A7CX-01,0.6294
TCGA-FM-8000-01,-0.7472
TCGA-G8-6324-01,-0.2697
TCGA-G8-6325-01,-2.1578
TCGA-G8-6326-01,-1.9495
TCGA-G8-6906-01,-1.3235
TCGA-G8-6907-01,-0.0072
TCGA-G8-6909-01,-0.0009
TCGA-G8-6914-01,-1.4403
TCGA-GR-7351-01,-1.2193
TCGA-GR-7353-01,-1.1705
TCGA-GR-A4D4-01,0.5779
TCGA-GR-A4D5-01,0.6146
TCGA-GR-A4D6-01,-0.9411
TCGA-GR-A4D9-01,0.8384
TCGA-GS-A9TQ-01,0.677
TCGA-GS-A9TT-01,1.2191
TCGA-GS-A9TU-01,1.0665
TCGA-GS-A9TV-01,1.3155
TCGA-GS-A9TW-01,1.0004
TCGA-GS-A9TX-01,1.5881
TCGA-GS-A9TY-01,-1.5581
TCGA-GS-A9TZ-01,1.8682
TCGA-GS-A9U3-01,0.5006
TCGA-GS-A9U4-01,0.5859
TCGA-RQ-A68N-01,-0.9825
TCGA-RQ-A6JB-01,0.3782
TCGA-RQ-AAAT-01,-0.6982
TCGA-VB-A8QN-01,0.1504
TCGA-2H-A9GF-01,0.8085
TCGA-2H-A9GH-01,-0.003
TCGA-2H-A9GI-01,0.1564
TCGA-2H-A9GJ-01,0.8129
TCGA-2H-A9GK-01,-1.0298
TCGA-2H-A9GL-01,0.9883
TCGA-2H-A9GM-01,-0.4762
TCGA-2H-A9GN-01,0.1149
TCGA-2H-A9GO-01,0.939
TCGA-2H-A9GQ-01,0.5631
TCGA-2H-A9GR-01,-0.6655
TCGA-IC-A6RE-01,0.2457
TCGA-IG-A3I8-01,1.9038
TCGA-IG-A3QL-01,0.4441
TCGA-IG-A3Y9-01,0.2093
TCGA-IG-A3YA-01,1.8373
TCGA-IG-A3YB-01,-0.0881
TCGA-IG-A3YC-01,-0.4705
TCGA-IG-A4P3-01,0.2923
TCGA-IG-A4QS-01,0.2249
TCGA-IG-A4QT-01,-0.0167
TCGA-IG-A50L-01,0.3238
TCGA-IG-A51D-01,0.1345
TCGA-IG-A5B8-01,-0.473
TCGA-IG-A5S3-01,0.1511
TCGA-IG-A625-01,1.4805
TCGA-IG-A6QS-01,0.0909
TCGA-IG-A7DP-01,-1.0722
TCGA-IG-A8O2-01,-0.0194
TCGA-IG-A97H-01,-0.2057
TCGA-IG-A97I-01,0.0181
TCGA-JY-A6F8-01,-2.0541
TCGA-JY-A6FA-01,1.1482
TCGA-JY-A6FB-01,-2.2282
TCGA-JY-A6FD-01,-0.4423
TCGA-JY-A6FE-01,-1.4708
TCGA-JY-A6FG-01,-2.1161
TCGA-JY-A6FH-01,-0.5444
TCGA-JY-A938-01,0.1118
TCGA-JY-A939-01,-0.334
TCGA-JY-A93C-01,0.0279
TCGA-JY-A93D-01,0.0575
TCGA-JY-A93E-01,0.3013
TCGA-JY-A93F-01,-1.5195
TCGA-KH-A6WC-01,-0.7606
TCGA-L5-A43C-01,-0.8267
TCGA-L5-A43E-01,-0.7672
TCGA-L5-A43H-01,0.3796
TCGA-L5-A43I-01,0.4907
TCGA-L5-A43J-01,0.5521
TCGA-L5-A43M-01,-1.0594
TCGA-L5-A4OE-01,0.773
TCGA-L5-A4OF-01,-0.1405
TCGA-L5-A4OG-01,-1.3105
TCGA-L5-A4OH-01,0.8394
TCGA-L5-A4OI-01,-1.1174
TCGA-L5-A4OJ-01,-0.418
TCGA-L5-A4OM-01,1.3017
TCGA-L5-A4ON-01,0.7137
TCGA-L5-A4OO-01,-1.0678
TCGA-L5-A4OP-01,-0.3753
TCGA-L5-A4OQ-01,0.8204
TCGA-L5-A4OR-01,-0.1987
TCGA-L5-A4OS-01,-0.9786
TCGA-L5-A4OT-01,-0.0318
TCGA-L5-A4OU-01,-0.7002
TCGA-L5-A4OW-01,0.2169
TCGA-L5-A4OX-01,1.0867
TCGA-L5-A88S-01,-1.3596
TCGA-L5-A88V-01,-1.8625
TCGA-L5-A88W-01,-1.5341
TCGA-L5-A88Y-01,-1.9564
TCGA-L5-A88Z-01,-0.8981
TCGA-L5-A891-01,-0.9742
TCGA-L5-A893-01,-0.8454
TCGA-L5-A8NE-01,-1.179
TCGA-L5-A8NF-01,0.703
TCGA-L5-A8NG-01,0.8298
TCGA-L5-A8NH-01,-0.2518
TCGA-L5-A8NI-01,-0.3071
TCGA-L5-A8NJ-01,0.0062
TCGA-L5-A8NK-01,0.9002
TCGA-L5-A8NL-01,-0.1707
TCGA-L5-A8NM-01,-0.125
TCGA-L5-A8NN-01,1.9418
TCGA-L5-A8NQ-01,-2.7375
TCGA-L5-A8NR-01,1.1032
TCGA-L5-A8NS-01,0.8859
TCGA-L5-A8NT-01,-0.2369
TCGA-L5-A8NU-01,-1.2986
TCGA-L5-A8NV-01,-0.5669
TCGA-L5-A8NW-01,0.2199
TCGA-L7-A56G-01,0.6579
TCGA-L7-A6VZ-01,0.1914
TCGA-LN-A49K-01,1.5579
TCGA-LN-A49L-01,2.4529
TCGA-LN-A49M-01,1.344
TCGA-LN-A49N-01,0.7904
TCGA-LN-A49O-01,0.761
TCGA-LN-A49P-01,1.3321
TCGA-LN-A49R-01,-0.5022
TCGA-LN-A49S-01,-0.3195
TCGA-LN-A49U-01,0.0093
TCGA-LN-A49V-01,0.6231
TCGA-LN-A49W-01,0.5243
TCGA-LN-A49X-01,1.3505
TCGA-LN-A49Y-01,-0.0432
TCGA-LN-A4A1-01,0.0067
TCGA-LN-A4A2-01,1.195
TCGA-LN-A4A3-01,-0.2943
TCGA-LN-A4A4-01,-0.0812
TCGA-LN-A4A5-01,0.7215
TCGA-LN-A4A6-01,0.6794
TCGA-LN-A4A8-01,1.7457
TCGA-LN-A4A9-01,-0.8942
TCGA-LN-A4MQ-01,1.3659
TCGA-LN-A4MR-01,-0.0547
TCGA-LN-A5U5-01,-0.6365
TCGA-LN-A5U6-01,-1.0592
TCGA-LN-A5U7-01,0.9378
TCGA-LN-A7HV-01,-0.5397
TCGA-LN-A7HW-01,-0.7179
TCGA-LN-A7HX-01,0.2464
TCGA-LN-A7HY-01,-0.5879
TCGA-LN-A7HZ-01,0.2377
TCGA-LN-A8HZ-01,-0.3069
TCGA-LN-A8I0-01,-2.1325
TCGA-LN-A8I1-01,-0.6115
TCGA-LN-A9FO-01,3.2799
TCGA-LN-A9FP-01,0.2535
TCGA-LN-A9FQ-01,-0.7318
TCGA-LN-A9FR-01,0.1071
TCGA-M9-A5M8-01,-0.2177
TCGA-Q9-A6FU-01,1.12
TCGA-Q9-A6FW-01,-0.8274
TCGA-R6-A6DN-01,0.2328
TCGA-R6-A6DQ-01,0.7193
TCGA-R6-A6KZ-01,-1.3538
TCGA-R6-A6L4-01,0.3315
TCGA-R6-A6L6-01,-2.0012
TCGA-R6-A6XG-01,-1.3145
TCGA-R6-A6XQ-01,1.8099
TCGA-R6-A6Y0-01,-1.7535
TCGA-R6-A6Y2-01,-0.4063
TCGA-R6-A8W5-01,0.5666
TCGA-R6-A8W8-01,-0.0365
TCGA-R6-A8WC-01,1.4236
TCGA-R6-A8WG-01,2.3993
TCGA-RE-A7BO-01,-0.1734
TCGA-S8-A6BV-01,0.4332
TCGA-S8-A6BW-01,0.0911
TCGA-V5-A7RB-01,-1.2087
TCGA-V5-A7RC-01,0.8835
TCGA-V5-A7RE-01,-0.0479
TCGA-V5-AASV-01,0.9072
TCGA-V5-AASW-01,-0.3245
TCGA-V5-AASX-01,0.7379
TCGA-VR-A8EO-01,0.1786
TCGA-VR-A8EP-01,1.4747
TCGA-VR-A8EQ-01,-1.4634
TCGA-VR-A8ER-01,-0.5283
TCGA-VR-A8ET-01,1.2844
TCGA-VR-A8EU-01,0.8346
TCGA-VR-A8EW-01,0.688
TCGA-VR-A8EX-01,-0.3351
TCGA-VR-A8EY-01,-1.843
TCGA-VR-A8EZ-01,-0.2503
TCGA-VR-A8Q7-01,-0.1137
TCGA-VR-AA4D-01,-0.0983
TCGA-VR-AA4G-01,-0.5914
TCGA-VR-AA7B-01,-1.2048
TCGA-VR-AA7D-01,-0.203
TCGA-VR-AA7I-01,0.7686
TCGA-X8-AAAR-01,0.2871
TCGA-XP-A8T6-01,-1.1909
TCGA-XP-A8T7-01,
TCGA-XP-A8T8-01,0.4729
TCGA-Z6-A8JD-01,0.6912
TCGA-Z6-A8JE-01,2.1693
TCGA-Z6-A9VB-01,0.147
TCGA-Z6-AAPN-01,-0.4879
TCGA-ZR-A9CJ-01,-1.399
TCGA-02-0001-01,
TCGA-02-0003-01,
TCGA-02-0006-01,
TCGA-02-0007-01,
TCGA-02-0009-01,
TCGA-02-0010-01,
TCGA-02-0011-01,
TCGA-02-0014-01,
TCGA-02-0015-01,
TCGA-02-0016-01,
TCGA-02-0021-01,
TCGA-02-0023-01,
TCGA-02-0024-01,
TCGA-02-0025-01,
TCGA-02-0026-01,
TCGA-02-0027-01,
TCGA-02-0028-01,
TCGA-02-0033-01,
TCGA-02-0034-01,
TCGA-02-0037-01,
TCGA-02-0038-01,
TCGA-02-0039-01,
TCGA-02-0043-01,
TCGA-02-0046-01,
TCGA-02-0047-01,0.0032
TCGA-02-0048-01,
TCGA-02-0051-01,
TCGA-02-0052-01,
TCGA-02-0054-01,
TCGA-02-0055-01,-0.7028
TCGA-02-0057-01,
TCGA-02-0058-01,
TCGA-02-0059-01,
TCGA-02-0060-01,
TCGA-02-0064-01,
TCGA-02-0068-01,
TCGA-02-0069-01,
TCGA-02-0070-01,
TCGA-02-0071-01,
TCGA-02-0074-01,
TCGA-02-0075-01,
TCGA-02-0079-01,
TCGA-02-0080-01,
TCGA-02-0083-01,
TCGA-02-0084-01,
TCGA-02-0085-01,
TCGA-02-0086-01,
TCGA-02-0087-01,
TCGA-02-0089-01,
TCGA-02-0099-01,
TCGA-02-0102-01,
TCGA-02-0104-01,
TCGA-02-0106-01,
TCGA-02-0107-01,
TCGA-02-0111-01,
TCGA-02-0113-01,
TCGA-02-0114-01,
TCGA-02-0115-01,
TCGA-02-0116-01,
TCGA-02-0258-01,
TCGA-02-0260-01,
TCGA-02-0266-01,
TCGA-02-0269-01,
TCGA-02-0271-01,
TCGA-02-0281-01,
TCGA-02-0285-01,
TCGA-02-0289-01,
TCGA-02-0290-01,
TCGA-02-0317-01,
TCGA-02-0321-01,
TCGA-02-0324-01,
TCGA-02-0325-01,
TCGA-02-0326-01,
TCGA-02-0330-01,
TCGA-02-0332-01,
TCGA-02-0333-01,
TCGA-02-0337-01,
TCGA-02-0338-01,
TCGA-02-0339-01,
TCGA-02-0422-01,
TCGA-02-0430-01,
TCGA-02-0432-01,
TCGA-02-0440-01,
TCGA-02-0446-01,
TCGA-02-0451-01,
TCGA-02-0456-01,
TCGA-02-2466-01,
TCGA-02-2470-01,
TCGA-02-2483-01,-0.2911
TCGA-02-2485-01,0.7886
TCGA-02-2486-01,-0.7648
TCGA-06-0119-01,
TCGA-06-0121-01,
TCGA-06-0122-01,
TCGA-06-0124-01,
TCGA-06-0125-01,0.0307
TCGA-06-0125-02,0.874
TCGA-06-0126-01,
TCGA-06-0127-01,
TCGA-06-0128-01,
TCGA-06-0129-01,0.9369
TCGA-06-0130-01,-0.6429
TCGA-06-0132-01,-0.5976
TCGA-06-0133-01,
TCGA-06-0137-01,
TCGA-06-0138-01,-0.3823
TCGA-06-0139-01,
TCGA-06-0140-01,
TCGA-06-0141-01,-1.36
TCGA-06-0142-01,
TCGA-06-0143-01,
TCGA-06-0145-01,
TCGA-06-0146-01,
TCGA-06-0147-01,
TCGA-06-0148-01,
TCGA-06-0149-01,
TCGA-06-0150-01,
TCGA-06-0151-01,
TCGA-06-0152-01,
TCGA-06-0154-01,
TCGA-06-0155-01,
TCGA-06-0157-01,0.4199
TCGA-06-0158-01,0.7518
TCGA-06-0159-01,
TCGA-06-0160-01,
TCGA-06-0162-01,
TCGA-06-0164-01,
TCGA-06-0165-01,
TCGA-06-0166-01,
TCGA-06-0167-01,
TCGA-06-0168-01,-0.4136
TCGA-06-0169-01,
TCGA-06-0171-01,
TCGA-06-0171-02,0.0061
TCGA-06-0173-01,
TCGA-06-0174-01,0.6644
TCGA-06-0175-01,
TCGA-06-0176-01,
TCGA-06-0177-01,
TCGA-06-0178-01,-1.2757
TCGA-06-0179-01,
TCGA-06-0182-01,
TCGA-06-0184-01,-0.5546
TCGA-06-0185-01,
TCGA-06-0187-01,0.073
TCGA-06-0188-01,
TCGA-06-0189-01,
TCGA-06-0190-01,-0.6354
TCGA-06-0190-02,0.1979
TCGA-06-0192-01,
TCGA-06-0194-01,
TCGA-06-0195-01,
TCGA-06-0197-01,
TCGA-06-0201-01,
TCGA-06-0206-01,
TCGA-06-0208-01,
TCGA-06-0210-01,-0.1334
TCGA-06-0210-02,0.2719
TCGA-06-0211-01,-0.1166
TCGA-06-0211-02,-0.5312
TCGA-06-0213-01,
TCGA-06-0214-01,
TCGA-06-0216-01,
TCGA-06-0219-01,-0.8592
TCGA-06-0221-01,
TCGA-06-0221-02,0.8731
TCGA-06-0237-01,
TCGA-06-0238-01,-0.2207
TCGA-06-0240-01,
TCGA-06-0241-01,
TCGA-06-0394-01,
TCGA-06-0397-01,
TCGA-06-0402-01,
TCGA-06-0409-01,
TCGA-06-0410-01,
TCGA-06-0412-01,
TCGA-06-0413-01,
TCGA-06-0414-01,
TCGA-06-0644-01,-1.1938
TCGA-06-0645-01,-1.0032
TCGA-06-0646-01,-0.3891
TCGA-06-0648-01,
TCGA-06-0649-01,0.0329
TCGA-06-0650-01,
TCGA-06-0686-01,-1.3694
TCGA-06-0743-01,-0.7312
TCGA-06-0744-01,-0.5429
TCGA-06-0745-01,-1.0634
TCGA-06-0747-01,-0.1684
TCGA-06-0749-01,-3.472
TCGA-06-0750-01,-1.4062
TCGA-06-0875-01,
TCGA-06-0876-01,
TCGA-06-0877-01,
TCGA-06-0878-01,0.4999
TCGA-06-0879-01,
TCGA-06-0881-01,
TCGA-06-0882-01,-3.6866
TCGA-06-0939-01,
TCGA-06-1084-01,
TCGA-06-1086-01,
TCGA-06-1087-01,
TCGA-06-1800-01,
TCGA-06-1801-01,
TCGA-06-1802-01,
TCGA-06-1804-01,0.0384
TCGA-06-1805-01,
TCGA-06-1806-01,
TCGA-06-2557-01,0.3277
TCGA-06-2558-01,0.1646
TCGA-06-2559-01,1.4136
TCGA-06-2561-01,0.0842
TCGA-06-2562-01,-0.7318
TCGA-06-2563-01,0.3166
TCGA-06-2564-01,0.7009
TCGA-06-2565-01,1.362
TCGA-06-2566-01,
TCGA-06-2567-01,0.6365
TCGA-06-2569-01,-0.7299
TCGA-06-2570-01,0.0292
TCGA-06-5408-01,0.522
TCGA-06-5410-01,-1.2148
TCGA-06-5411-01,-1.7053
TCGA-06-5412-01,-0.4157
TCGA-06-5413-01,0.1914
TCGA-06-5414-01,0.4593
TCGA-06-5415-01,0.3196
TCGA-06-5416-01,0.1284
TCGA-06-5417-01,2.1741
TCGA-06-5418-01,0.2181
TCGA-06-5856-01,0.5084
TCGA-06-5858-01,1.8934
TCGA-06-5859-01,0.5816
TCGA-06-6388-01,
TCGA-06-6389-01,
TCGA-06-6390-01,
TCGA-06-6693-01,
TCGA-06-6694-01,
TCGA-06-6695-01,
TCGA-06-6697-01,
TCGA-06-6698-01,
TCGA-06-6699-01,
TCGA-06-6700-01,
TCGA-06-6701-01,
TCGA-06-A5U0-01,
TCGA-06-A5U1-01,
TCGA-06-A6S0-01,
TCGA-06-A6S1-01,
TCGA-06-A7TK-01,
TCGA-06-A7TL-01,
TCGA-08-0244-01,
TCGA-08-0245-01,
TCGA-08-0246-01,
TCGA-08-0344-01,
TCGA-08-0345-01,
TCGA-08-0346-01,
TCGA-08-0347-01,
TCGA-08-0348-01,
TCGA-08-0349-01,
TCGA-08-0350-01,
TCGA-08-0351-01,
TCGA-08-0352-01,
TCGA-08-0353-01,
TCGA-08-0354-01,
TCGA-08-0355-01,
TCGA-08-0356-01,
TCGA-08-0357-01,
TCGA-08-0358-01,
TCGA-08-0359-01,
TCGA-08-0375-01,
TCGA-08-0380-01,
TCGA-08-0386-01,0.9709
TCGA-08-0389-01,
TCGA-08-0390-01,
TCGA-08-0392-01,
TCGA-08-0509-01,
TCGA-08-0510-01,
TCGA-08-0512-01,
TCGA-08-0514-01,
TCGA-08-0516-01,
TCGA-08-0517-01,
TCGA-08-0518-01,
TCGA-08-0520-01,
TCGA-08-0521-01,
TCGA-08-0524-01,
TCGA-08-0525-01,
TCGA-08-0529-01,
TCGA-08-0531-01,
TCGA-12-0615-01,
TCGA-12-0616-01,-0.7988
TCGA-12-0618-01,0.1049
TCGA-12-0619-01,0.6878
TCGA-12-0620-01,
TCGA-12-0654-01,
TCGA-12-0656-01,
TCGA-12-0657-01,
TCGA-12-0662-01,
TCGA-12-0670-01,
TCGA-12-0688-01,
TCGA-12-0691-01,
TCGA-12-0692-01,
TCGA-12-0703-01,
TCGA-12-0707-01,
TCGA-12-0769-01,
TCGA-12-0772-01,
TCGA-12-0773-01,
TCGA-12-0775-01,
TCGA-12-0776-01,
TCGA-12-0778-01,
TCGA-12-0780-01,
TCGA-12-0818-01,
TCGA-12-0819-01,
TCGA-12-0820-01,
TCGA-12-0821-01,-0.6723
TCGA-12-0822-01,
TCGA-12-0826-01,
TCGA-12-0827-01,
TCGA-12-0828-01,
TCGA-12-0829-01,
TCGA-12-1088-01,
TCGA-12-1089-01,
TCGA-12-1090-01,
TCGA-12-1091-01,
TCGA-12-1092-01,
TCGA-12-1093-01,
TCGA-12-1094-01,
TCGA-12-1095-01,
TCGA-12-1096-01,
TCGA-12-1097-01,
TCGA-12-1098-01,
TCGA-12-1099-01,
TCGA-12-1597-01,-0.3136
TCGA-12-1598-01,
TCGA-12-1599-01,
TCGA-12-1600-01,
TCGA-12-1602-01,
TCGA-12-3644-01,
TCGA-12-3646-01,
TCGA-12-3648-01,
TCGA-12-3649-01,
TCGA-12-3650-01,0.2048
TCGA-12-3651-01,
TCGA-12-3652-01,1.2602
TCGA-12-3653-01,0.8676
TCGA-12-5295-01,0.4342
TCGA-12-5299-01,0.1945
TCGA-12-5301-01,
TCGA-14-0736-01,
TCGA-14-0740-01,
TCGA-14-0781-01,-0.9679
TCGA-14-0783-01,
TCGA-14-0786-01,
TCGA-14-0787-01,-0.7601
TCGA-14-0789-01,-2.785
TCGA-14-0790-01,0.7546
TCGA-14-0812-01,
TCGA-14-0813-01,
TCGA-14-0817-01,0.0985
TCGA-14-0862-01,
TCGA-14-0865-01,
TCGA-14-0866-01,
TCGA-14-0867-01,
TCGA-14-0871-01,-0.0506
TCGA-14-1034-01,0.6408
TCGA-14-1034-02,1.944
TCGA-14-1037-01,
TCGA-14-1043-01,
TCGA-14-1395-01,
TCGA-14-1396-01,
TCGA-14-1401-01,
TCGA-14-1402-01,
TCGA-14-1450-01,
TCGA-14-1451-01,
TCGA-14-1452-01,
TCGA-14-1453-01,
TCGA-14-1454-01,
TCGA-14-1455-01,
TCGA-14-1456-01,
TCGA-14-1458-01,
TCGA-14-1459-01,
TCGA-14-1794-01,
TCGA-14-1795-01,
TCGA-14-1821-01,
TCGA-14-1823-01,1.9954
TCGA-14-1825-01,-0.1737
TCGA-14-1827-01,
TCGA-14-1829-01,0.6245
TCGA-14-2554-01,2.8989
TCGA-14-2555-01,
TCGA-14-3476-01,
TCGA-14-3477-01,
TCGA-14-4157-01,
TCGA-15-0742-01,-0.5444
TCGA-15-1444-01,1.1774
TCGA-15-1446-01,
TCGA-15-1447-01,
TCGA-15-1449-01,
TCGA-16-0846-01,-1.0607
TCGA-16-0848-01,
TCGA-16-0849-01,
TCGA-16-0850-01,
TCGA-16-0861-01,
TCGA-16-1045-01,-0.1211
TCGA-16-1047-01,
TCGA-16-1048-01,
TCGA-16-1055-01,
TCGA-16-1056-01,
TCGA-16-1060-01,
TCGA-16-1062-01,
TCGA-16-1063-01,
TCGA-16-1460-01,
TCGA-19-0955-01,
TCGA-19-0957-01,
TCGA-19-0960-01,
TCGA-19-0962-01,
TCGA-19-0963-01,
TCGA-19-0964-01,
TCGA-19-1385-01,
TCGA-19-1386-01,
TCGA-19-1387-01,
TCGA-19-1388-01,
TCGA-19-1389-01,
TCGA-19-1390-01,0.6447
TCGA-19-1392-01,
TCGA-19-1786-01,
TCGA-19-1787-01,1.7019
TCGA-19-1789-01,
TCGA-19-1790-01,
TCGA-19-1791-01,
TCGA-19-2619-01,0.1955
TCGA-19-2620-01,0.2848
TCGA-19-2621-01,
TCGA-19-2623-01,
TCGA-19-2624-01,0.2181
TCGA-19-2625-01,-0.4093
TCGA-19-2629-01,0.3901
TCGA-19-2631-01,
TCGA-19-4065-01,-0.3968
TCGA-19-4068-01,
TCGA-19-5947-01,
TCGA-19-5950-01,
TCGA-19-5951-01,
TCGA-19-5952-01,
TCGA-19-5953-01,
TCGA-19-5954-01,
TCGA-19-5955-01,
TCGA-19-5956-01,
TCGA-19-5958-01,
TCGA-19-5959-01,
TCGA-19-5960-01,1.808
TCGA-19-A60I-01,
TCGA-19-A6J4-01,
TCGA-19-A6J5-01,
TCGA-26-1438-01,
TCGA-26-1439-01,
TCGA-26-1440-01,
TCGA-26-1442-01,0.2484
TCGA-26-1443-01,
TCGA-26-1799-01,
TCGA-26-5132-01,0.4741
TCGA-26-5133-01,0.4862
TCGA-26-5134-01,-0.244
TCGA-26-5135-01,-0.7802
TCGA-26-5136-01,0.6498
TCGA-26-5139-01,-1.5212
TCGA-26-6173-01,
TCGA-26-6174-01,
TCGA-26-A7UX-01,
TCGA-27-1830-01,0.3586
TCGA-27-1831-01,2.2
TCGA-27-1832-01,0.0874
TCGA-27-1833-01,
TCGA-27-1834-01,0.9103
TCGA-27-1835-01,-0.1659
TCGA-27-1836-01,
TCGA-27-1837-01,-0.3223
TCGA-27-1838-01,
TCGA-27-2518-01,
TCGA-27-2519-01,-0.2353
TCGA-27-2521-01,-0.019
TCGA-27-2523-01,0.8459
TCGA-27-2524-01,-0.8944
TCGA-27-2526-01,0.5198
TCGA-27-2527-01,
TCGA-27-2528-01,0.753
TCGA-28-1746-01,
TCGA-28-1747-01,0.2032
TCGA-28-1749-01,
TCGA-28-1750-01,
TCGA-28-1751-01,
TCGA-28-1752-01,
TCGA-28-1753-01,-0.3924
TCGA-28-1755-01,
TCGA-28-1756-01,
TCGA-28-1757-01,
TCGA-28-2499-01,0.2931
TCGA-28-2501-01,
TCGA-28-2502-01,
TCGA-28-2506-01,
TCGA-28-2509-01,1.0437
TCGA-28-2510-01,-1.283
TCGA-28-2513-01,-0.487
TCGA-28-2514-01,1.1551
TCGA-28-5204-01,0.4963
TCGA-28-5207-01,0.7822
TCGA-28-5208-01,1.0452
TCGA-28-5209-01,0.5999
TCGA-28-5211-01,
TCGA-28-5213-01,-0.3329
TCGA-28-5214-01,
TCGA-28-5215-01,0.2416
TCGA-28-5216-01,0.1992
TCGA-28-5218-01,0.4038
TCGA-28-5219-01,
TCGA-28-5220-01,0.9429
TCGA-28-6450-01,
TCGA-32-1970-01,0.462
TCGA-32-1973-01,
TCGA-32-1976-01,
TCGA-32-1977-01,
TCGA-32-1978-01,
TCGA-32-1979-01,
TCGA-32-1980-01,-2.2636
TCGA-32-1982-01,-0.7785
TCGA-32-1986-01,
TCGA-32-1987-01,
TCGA-32-1991-01,
TCGA-32-2491-01,
TCGA-32-2494-01,
TCGA-32-2495-01,
TCGA-32-2615-01,-0.7614
TCGA-32-2616-01,-0.3191
TCGA-32-2632-01,0.1714
TCGA-32-2634-01,0.4588
TCGA-32-2638-01,0.0236
TCGA-32-4208-01,
TCGA-32-4209-01,
TCGA-32-4210-01,
TCGA-32-4211-01,
TCGA-32-4213-01,0.2499
TCGA-32-4719-01,
TCGA-32-5222-01,1.156
TCGA-41-2571-01,-2.7753
TCGA-41-2572-01,-0.1069
TCGA-41-2573-01,
TCGA-41-2575-01,
TCGA-41-3392-01,
TCGA-41-3393-01,
TCGA-41-3915-01,0.2611
TCGA-41-4097-01,-0.6159
TCGA-41-5651-01,-0.0257
TCGA-41-6646-01,
TCGA-4W-AA9R-01,
TCGA-4W-AA9S-01,
TCGA-4W-AA9T-01,
TCGA-74-6573-01,
TCGA-74-6575-01,
TCGA-74-6577-01,
TCGA-74-6578-01,
TCGA-74-6581-01,
TCGA-74-6584-01,
TCGA-76-4925-01,0.8321
TCGA-76-4926-01,-3.6205
TCGA-76-4927-01,-0.6664
TCGA-76-4928-01,-0.5236
TCGA-76-4929-01,-0.0464
TCGA-76-4931-01,0.086
TCGA-76-4932-01,0.3039
TCGA-76-4934-01,
TCGA-76-4935-01,
TCGA-76-6191-01,
TCGA-76-6192-01,
TCGA-76-6193-01,
TCGA-76-6280-01,
TCGA-76-6282-01,
TCGA-76-6283-01,
TCGA-76-6285-01,
TCGA-76-6286-01,
TCGA-76-6656-01,
TCGA-76-6657-01,
TCGA-76-6660-01,
TCGA-76-6661-01,
TCGA-76-6662-01,
TCGA-76-6663-01,
TCGA-76-6664-01,
TCGA-81-5910-01,
TCGA-81-5911-01,
TCGA-87-5896-01,
TCGA-OX-A56R-01,
TCGA-RR-A6KA-01,
TCGA-RR-A6KB-01,
TCGA-RR-A6KC-01,
TCGA-4P-AA8J-01,-2.0859
TCGA-BA-4074-01,-0.2609
TCGA-BA-4076-01,0.1965
TCGA-BA-4078-01,0.7789
TCGA-BA-5149-01,0.8458
TCGA-BA-5151-01,0.2989
TCGA-BA-5152-01,-0.1173
TCGA-BA-5153-01,0.7877
TCGA-BA-5555-01,0.4686
TCGA-BA-5556-01,-0.3868
TCGA-BA-5557-01,0.828
TCGA-BA-5558-01,-0.0042
TCGA-BA-5559-01,1.4765
TCGA-BA-6868-01,-0.4637
TCGA-BA-6869-01,-1.4215
TCGA-BA-6870-01,-0.2471
TCGA-BA-6871-01,0.8516
TCGA-BA-6872-01,-1.1376
TCGA-BA-6873-01,0.4827
TCGA-BA-7269-01,-1.5728
TCGA-BA-A4IF-01,-0.525
TCGA-BA-A4IG-01,0.5397
TCGA-BA-A4IH-01,0.942
TCGA-BA-A4II-01,0.5446
TCGA-BA-A6D8-01,-2.3689
TCGA-BA-A6DA-01,-1.9752
TCGA-BA-A6DB-01,-1.0569
TCGA-BA-A6DD-01,-1.4033
TCGA-BA-A6DE-01,0.6695
TCGA-BA-A6DF-01,
TCGA-BA-A6DG-01,-0.7671
TCGA-BA-A6DI-01,0.1467
TCGA-BA-A6DJ-01,-0.8385
TCGA-BA-A6DL-01,-1.3535
TCGA-BA-A8YP-01,0.7339
TCGA-BB-4217-01,0.3536
TCGA-BB-4223-01,0.7857
TCGA-BB-4224-01,1.4455
TCGA-BB-4225-01,-0.5477
TCGA-BB-4227-01,0.7141
TCGA-BB-4228-01,1.0838
TCGA-BB-7861-01,1.542
TCGA-BB-7862-01,0.4149
TCGA-BB-7863-01,-0.4696
TCGA-BB-7864-01,0.4108
TCGA-BB-7866-01,0.5744
TCGA-BB-7870-01,-0.1468
TCGA-BB-7871-01,-0.1287
TCGA-BB-7872-01,1.0706
TCGA-BB-8596-01,-0.0915
TCGA-BB-8601-01,-1.0095
TCGA-BB-A5HU-01,1.4111
TCGA-BB-A5HY-01,1.5565
TCGA-BB-A5HZ-01,-0.462
TCGA-BB-A6UM-01,0.5796
TCGA-BB-A6UO-01,-1.3558
TCGA-C9-A47Z-01,1.1536
TCGA-C9-A480-01,-0.4002
TCGA-CN-4722-01,-0.0787
TCGA-CN-4723-01,-0.0224
TCGA-CN-4725-01,1.0958
TCGA-CN-4726-01,0.4952
TCGA-CN-4727-01,-0.8801
TCGA-CN-4728-01,0.1378
TCGA-CN-4729-01,0.2762
TCGA-CN-4730-01,0.2947
TCGA-CN-4731-01,0.5591
TCGA-CN-4733-01,-0.0841
TCGA-CN-4734-01,-0.1512
TCGA-CN-4735-01,1.2535
TCGA-CN-4736-01,-0.0113
TCGA-CN-4737-01,1.0948
TCGA-CN-4738-01,0.6302
TCGA-CN-4739-01,0.4895
TCGA-CN-4740-01,0.9078
TCGA-CN-4741-01,-0.0295
TCGA-CN-4742-01,0.3676
TCGA-CN-5355-01,0.684
TCGA-CN-5356-01,0.2846
TCGA-CN-5358-01,-0.0317
TCGA-CN-5359-01,0.9806
TCGA-CN-5360-01,0.834
TCGA-CN-5361-01,0.2639
TCGA-CN-5363-01,1.2905
TCGA-CN-5364-01,0.6702
TCGA-CN-5365-01,-0.84
TCGA-CN-5366-01,0.276
TCGA-CN-5367-01,1.191
TCGA-CN-5369-01,-0.1126
TCGA-CN-5370-01,0.0741
TCGA-CN-5373-01,0.1186
TCGA-CN-5374-01,0.3381
TCGA-CN-6010-01,1.1388
TCGA-CN-6011-01,0.7873
TCGA-CN-6012-01,0.6902
TCGA-CN-6013-01,0.8652
TCGA-CN-6016-01,-0.7201
TCGA-CN-6017-01,-0.7197
TCGA-CN-6018-01,1.8357
TCGA-CN-6019-01,0.2755
TCGA-CN-6020-01,0.082
TCGA-CN-6021-01,0.4867
TCGA-CN-6022-01,-0.6544
TCGA-CN-6023-01,0.5159
TCGA-CN-6024-01,0.5167
TCGA-CN-6988-01,0.4809
TCGA-CN-6989-01,0.3915
TCGA-CN-6992-01,0.7196
TCGA-CN-6994-01,0.4925
TCGA-CN-6995-01,0.2176
TCGA-CN-6996-01,0.9178
TCGA-CN-6997-01,0.7044
TCGA-CN-6998-01,-0.3364
TCGA-CN-A497-01,-0.4552
TCGA-CN-A498-01,0.018
TCGA-CN-A499-01,1.4288
TCGA-CN-A49A-01,2.733
TCGA-CN-A49B-01,0.1026
TCGA-CN-A49C-01,-0.6004
TCGA-CN-A63T-01,-0.6929
TCGA-CN-A63U-01,-0.8974
TCGA-CN-A63V-01,-0.7272
TCGA-CN-A63W-01,-0.8289
TCGA-CN-A63Y-01,
TCGA-CN-A640-01,
TCGA-CN-A641-01,0.1507
TCGA-CN-A642-01,-0.9406
TCGA-CN-A6UY-01,-1.3515
TCGA-CN-A6V1-01,-1.4855
TCGA-CN-A6V3-01,0.167
TCGA-CN-A6V6-01,0.4583
TCGA-CN-A6V7-01,-0.4606
TCGA-CQ-5323-01,0.3789
TCGA-CQ-5324-01,-0.0988
TCGA-CQ-5325-01,-0.1511
TCGA-CQ-5326-01,0.4813
TCGA-CQ-5327-01,-0.448
TCGA-CQ-5329-01,-0.4175
TCGA-CQ-5330-01,-0.4009
TCGA-CQ-5331-01,-0.1254
TCGA-CQ-5332-01,0.6032
TCGA-CQ-5333-01,-1.6085
TCGA-CQ-5334-01,-0.2158
TCGA-CQ-6218-01,-0.5483
TCGA-CQ-6219-01,0.8567
TCGA-CQ-6220-01,0.3439
TCGA-CQ-6222-01,-1.1294
TCGA-CQ-6223-01,0.5829
TCGA-CQ-6224-01,-0.0896
TCGA-CQ-6225-01,0.5936
TCGA-CQ-6227-01,0.1393
TCGA-CQ-6228-01,1.0208
TCGA-CQ-6229-01,0.41
TCGA-CQ-7063-01,-0.5466
TCGA-CQ-7064-01,
TCGA-CQ-7065-01,1.503
TCGA-CQ-7067-01,-1.1699
TCGA-CQ-7068-01,-0.4861
TCGA-CQ-7069-01,0.0278
TCGA-CQ-7071-01,0.0366
TCGA-CQ-7072-01,0.3546
TCGA-CQ-A4C6-01,-0.2658
TCGA-CQ-A4C9-01,-0.6916
TCGA-CQ-A4CA-01,-1.0736
TCGA-CQ-A4CB-01,-0.1563
TCGA-CQ-A4CD-01,-0.7536
TCGA-CQ-A4CE-01,0.3622
TCGA-CQ-A4CG-01,-0.0941
TCGA-CQ-A4CH-01,0.5063
TCGA-CQ-A4CI-01,0.3208
TCGA-CR-5243-01,0.3237
TCGA-CR-5247-01,-0.1063
TCGA-CR-5248-01,0.3657
TCGA-CR-5249-01,0.1401
TCGA-CR-5250-01,0.8738
TCGA-CR-6467-01,0.3825
TCGA-CR-6470-01,0.7339
TCGA-CR-6471-01,0.8588
TCGA-CR-6472-01,0.4619
TCGA-CR-6473-01,1.6516
TCGA-CR-6474-01,1.1235
TCGA-CR-6477-01,1.4677
TCGA-CR-6478-01,0.7046
TCGA-CR-6480-01,0.1105
TCGA-CR-6481-01,0.466
TCGA-CR-6482-01,1.2128
TCGA-CR-6484-01,-0.8853
TCGA-CR-6487-01,1.257
TCGA-CR-6488-01,0.316
TCGA-CR-6491-01,0.2362
TCGA-CR-6492-01,-0.2689
TCGA-CR-6493-01,0.0702
TCGA-CR-7364-01,0.8761
TCGA-CR-7365-01,0.4824
TCGA-CR-7367-01,-0.2284
TCGA-CR-7368-01,1.3544
TCGA-CR-7369-01,1.3791
TCGA-CR-7370-01,1.0702
TCGA-CR-7371-01,0.8673
TCGA-CR-7372-01,0.9468
TCGA-CR-7373-01,0.5277
TCGA-CR-7374-01,1.2746
TCGA-CR-7376-01,0.3041
TCGA-CR-7377-01,0.4158
TCGA-CR-7379-01,0.6654
TCGA-CR-7380-01,0.3905
TCGA-CR-7382-01,-0.0431
TCGA-CR-7383-01,0.0292
TCGA-CR-7385-01,0.1211
TCGA-CR-7386-01,0.2357
TCGA-CR-7388-01,0.5647
TCGA-CR-7389-01,-0.0649
TCGA-CR-7390-01,1.2926
TCGA-CR-7391-01,0.1642
TCGA-CR-7392-01,0.5512
TCGA-CR-7393-01,0.6716
TCGA-CR-7394-01,0.1295
TCGA-CR-7395-01,-0.3602
TCGA-CR-7397-01,0.7877
TCGA-CR-7398-01,0.3774
TCGA-CR-7399-01,1.0672
TCGA-CR-7401-01,-0.3128
TCGA-CR-7402-01,0.8966
TCGA-CR-7404-01,0.0335
TCGA-CV-5430-01,2.6886
TCGA-CV-5431-01,0.597
TCGA-CV-5432-01,-0.6674
TCGA-CV-5434-01,0.7892
TCGA-CV-5435-01,0.4947
TCGA-CV-5436-01,0.2209
TCGA-CV-5439-01,0.9056
TCGA-CV-5440-01,0.5119
TCGA-CV-5441-01,0.928
TCGA-CV-5442-01,1.3932
TCGA-CV-5443-01,-0.2284
TCGA-CV-5444-01,-0.3196
TCGA-CV-5966-01,-1.1055
TCGA-CV-5970-01,1.5032
TCGA-CV-5971-01,0.1555
TCGA-CV-5973-01,-0.4272
TCGA-CV-5976-01,0.2373
TCGA-CV-5977-01,-0.0739
TCGA-CV-5978-01,0.7057
TCGA-CV-5979-01,-0.2631
TCGA-CV-6003-01,-0.1971
TCGA-CV-6433-01,0.1127
TCGA-CV-6436-01,-1.3898
TCGA-CV-6441-01,0.1654
TCGA-CV-6933-01,1.0689
TCGA-CV-6934-01,0.2825
TCGA-CV-6935-01,0.2243
TCGA-CV-6936-01,1.2857
TCGA-CV-6937-01,-1.7388
TCGA-CV-6938-01,-0.5259
TCGA-CV-6939-01,0.7277
TCGA-CV-6940-01,1.5057
TCGA-CV-6941-01,0.4923
TCGA-CV-6942-01,-0.5238
TCGA-CV-6943-01,0.2576
TCGA-CV-6945-01,-0.4775
TCGA-CV-6948-01,0.4074
TCGA-CV-6950-01,0.2161
TCGA-CV-6951-01,0.5854
TCGA-CV-6952-01,-0.683
TCGA-CV-6953-01,0.2688
TCGA-CV-6954-01,-0.1283
TCGA-CV-6955-01,-0.6436
TCGA-CV-6956-01,0.1612
TCGA-CV-6959-01,1.0728
TCGA-CV-6960-01,0.0542
TCGA-CV-6961-01,0.2043
TCGA-CV-6962-01,1.1031
TCGA-CV-7089-01,-0.6805
TCGA-CV-7090-01,0.473
TCGA-CV-7091-01,0.3678
TCGA-CV-7095-01,-0.3325
TCGA-CV-7097-01,0.485
TCGA-CV-7099-01,-0.7065
TCGA-CV-7100-01,0.6037
TCGA-CV-7101-01,0.9886
TCGA-CV-7102-01,0.7318
TCGA-CV-7103-01,-0.1148
TCGA-CV-7104-01,-0.0779
TCGA-CV-7177-01,0.1741
TCGA-CV-7178-01,0.9637
TCGA-CV-7180-01,-0.4208
TCGA-CV-7183-01,-0.3563
TCGA-CV-7235-01,1.6049
TCGA-CV-7236-01,1.157
TCGA-CV-7238-01,-0.6314
TCGA-CV-7242-01,0.4939
TCGA-CV-7243-01,1.8677
TCGA-CV-7245-01,1.9775
TCGA-CV-7247-01,1.0576
TCGA-CV-7248-01,0.3435
TCGA-CV-7250-01,-0.6616
TCGA-CV-7252-01,0.0179
TCGA-CV-7253-01,0.8069
TCGA-CV-7254-01,2.0373
TCGA-CV-7255-01,0.9675
TCGA-CV-7261-01,1.4591
TCGA-CV-7263-01,0.7636
TCGA-CV-7406-01,0.3043
TCGA-CV-7407-01,-0.0777
TCGA-CV-7409-01,-0.0314
TCGA-CV-7410-01,-0.0347
TCGA-CV-7411-01,-0.2445
TCGA-CV-7413-01,-0.4774
TCGA-CV-7414-01,0.0263
TCGA-CV-7415-01,0.0926
TCGA-CV-7416-01,1.1885
TCGA-CV-7418-01,0.5994
TCGA-CV-7421-01,-0.9044
TCGA-CV-7422-01,1.2544
TCGA-CV-7423-01,0.0877
TCGA-CV-7424-01,0.7098
TCGA-CV-7425-01,1.6134
TCGA-CV-7427-01,0.0202
TCGA-CV-7428-01,-0.1206
TCGA-CV-7429-01,0.0566
TCGA-CV-7430-01,0.5856
TCGA-CV-7432-01,1.0302
TCGA-CV-7433-01,-0.7661
TCGA-CV-7434-01,-0.3261
TCGA-CV-7435-01,0.6957
TCGA-CV-7437-01,1.3034
TCGA-CV-7438-01,0.357
TCGA-CV-7440-01,0.657
TCGA-CV-7446-01,2.752
TCGA-CV-7568-01,1.6674
TCGA-CV-A45O-01,-0.6642
TCGA-CV-A45P-01,-0.6794
TCGA-CV-A45Q-01,-3.5503
TCGA-CV-A45R-01,-0.0786
TCGA-CV-A45T-01,-0.6741
TCGA-CV-A45U-01,0.7483
TCGA-CV-A45V-01,-0.4481
TCGA-CV-A45W-01,-0.0916
TCGA-CV-A45X-01,0.186
TCGA-CV-A45Y-01,-1.0576
TCGA-CV-A45Z-01,-0.2169
TCGA-CV-A460-01,-0.6423
TCGA-CV-A461-01,-1.2403
TCGA-CV-A463-01,-0.4181
TCGA-CV-A464-01,-1.0126
TCGA-CV-A465-01,0.8503
TCGA-CV-A468-01,-0.9705
TCGA-CV-A6JD-01,-1.7692
TCGA-CV-A6JE-01,-1.1248
TCGA-CV-A6JM-01,-4.1739
TCGA-CV-A6JN-01,-2.615
TCGA-CV-A6JO-01,-1.3848
TCGA-CV-A6JT-01,-2.4538
TCGA-CV-A6JU-01,-2.2
TCGA-CV-A6JY-01,0.4584
TCGA-CV-A6JZ-01,-0.668
TCGA-CV-A6K0-01,-0.1557
TCGA-CV-A6K1-01,-2.4136
TCGA-CV-A6K2-01,-0.3333
TCGA-CX-7085-01,-0.0319
TCGA-CX-7086-01,1.387
TCGA-CX-7219-01,-0.6906
TCGA-CX-A4AQ-01,-1.5898
TCGA-D6-6515-01,-0.2336
TCGA-D6-6516-01,1.763
TCGA-D6-6517-01,-0.2183
TCGA-D6-6823-01,0.4152
TCGA-D6-6824-01,0.1475
TCGA-D6-6825-01,0.7975
TCGA-D6-6826-01,1.2184
TCGA-D6-6827-01,0.4466
TCGA-D6-8568-01,0.6885
TCGA-D6-8569-01,0.274
TCGA-D6-A4Z9-01,-0.1486
TCGA-D6-A4ZB-01,-5.1795
TCGA-D6-A6EK-01,-2.3743
TCGA-D6-A6EM-01,-1.3033
TCGA-D6-A6EN-01,-2.4206
TCGA-D6-A6EO-01,-0.0647
TCGA-D6-A6EP-01,-1.6848
TCGA-D6-A6EQ-01,-2.1275
TCGA-D6-A6ES-01,-3.6127
TCGA-D6-A74Q-01,-0.9603
TCGA-DQ-5624-01,-0.0465
TCGA-DQ-5625-01,1.1915
TCGA-DQ-5629-01,1.0278
TCGA-DQ-5630-01,-0.3136
TCGA-DQ-5631-01,1.508
TCGA-DQ-7588-01,-0.0478
TCGA-DQ-7589-01,0.8487
TCGA-DQ-7590-01,0.1467
TCGA-DQ-7591-01,3.0031
TCGA-DQ-7592-01,1.2866
TCGA-DQ-7593-01,0.8539
TCGA-DQ-7594-01,0.6867
TCGA-DQ-7595-01,0.5786
TCGA-DQ-7596-01,1.0478
TCGA-F7-7848-01,0.8407
TCGA-F7-8298-01,-0.2759
TCGA-F7-8489-01,0.3767
TCGA-F7-A50G-01,-0.574
TCGA-F7-A50I-01,-0.5543
TCGA-F7-A50J-01,-0.3108
TCGA-F7-A61S-01,-1.028
TCGA-F7-A61V-01,-0.3483
TCGA-F7-A61W-01,-0.5696
TCGA-F7-A620-01,-0.3923
TCGA-F7-A622-01,-1.8267
TCGA-F7-A623-01,0.0421
TCGA-F7-A624-01,-1.2236
TCGA-H7-7774-01,-0.5303
TCGA-H7-8501-01,-0.1591
TCGA-H7-8502-01,-0.3392
TCGA-H7-A6C4-01,-0.6343
TCGA-H7-A6C5-01,
TCGA-H7-A76A-01,-2.0048
TCGA-HD-7229-01,0.0547
TCGA-HD-7753-01,0.6252
TCGA-HD-7754-01,0.3886
TCGA-HD-7831-01,-0.085
TCGA-HD-7832-01,-0.6815
TCGA-HD-7917-01,1.0343
TCGA-HD-8224-01,-0.3518
TCGA-HD-8314-01,-0.3884
TCGA-HD-8634-01,-0.4455
TCGA-HD-8635-01,1.1023
TCGA-HD-A4C1-01,-4.0951
TCGA-HD-A633-01,-0.562
TCGA-HD-A634-01,1.2894
TCGA-HD-A6HZ-01,0.809
TCGA-HD-A6I0-01,-3.4496
TCGA-HL-7533-01,0.2428
TCGA-IQ-7630-01,-0.2868
TCGA-IQ-7631-01,-0.6022
TCGA-IQ-7632-01,-0.3395
TCGA-IQ-A61E-01,-0.1914
TCGA-IQ-A61G-01,-1.7225
TCGA-IQ-A61H-01,0.5443
TCGA-IQ-A61I-01,0.2542
TCGA-IQ-A61J-01,-0.2267
TCGA-IQ-A61K-01,
TCGA-IQ-A61L-01,
TCGA-IQ-A61O-01,-0.6899
TCGA-IQ-A6SG-01,0.7899
TCGA-IQ-A6SH-01,-1.4874
TCGA-KU-A66S-01,-0.1965
TCGA-KU-A66T-01,-0.0836
TCGA-KU-A6H7-01,-0.9132
TCGA-KU-A6H8-01,-0.7234
TCGA-MT-A51W-01,-0.7786
TCGA-MT-A51X-01,0.1542
TCGA-MT-A67A-01,-1.698
TCGA-MT-A67D-01,-0.6297
TCGA-MT-A67F-01,-0.7095
TCGA-MT-A67G-01,
TCGA-MT-A7BN-01,-1.9687
TCGA-MZ-A5BI-01,-0.974
TCGA-MZ-A6I9-01,-0.7212
TCGA-MZ-A7D7-01,-0.2177
TCGA-P3-A5Q5-01,-1.1117
TCGA-P3-A5Q6-01,-0.7634
TCGA-P3-A5QA-01,-1.0625
TCGA-P3-A5QE-01,2.1459
TCGA-P3-A5QF-01,-0.9145
TCGA-P3-A6SW-01,-0.3404
TCGA-P3-A6SX-01,-0.1199
TCGA-P3-A6T0-01,-0.078
TCGA-P3-A6T2-01,-0.5317
TCGA-P3-A6T3-01,0.2677
TCGA-P3-A6T4-01,0.8562
TCGA-P3-A6T5-01,-1.1976
TCGA-P3-A6T6-01,-1.4096
TCGA-P3-A6T7-01,-0.5845
TCGA-P3-A6T8-01,-0.7428
TCGA-QK-A64Z-01,-0.6713
TCGA-QK-A652-01,-0.6574
TCGA-QK-A6IF-01,0.0578
TCGA-QK-A6IG-01,-1.0726
TCGA-QK-A6IH-01,-1.7875
TCGA-QK-A6II-01,-0.9935
TCGA-QK-A6IJ-01,-1.8454
TCGA-QK-A6V9-01,2.1513
TCGA-QK-A6VB-01,0.9657
TCGA-QK-A6VC-01,-0.0341
TCGA-QK-A8Z7-01,0.2525
TCGA-QK-A8Z8-01,0.3209
TCGA-QK-A8Z9-01,-0.7612
TCGA-QK-A8ZA-01,0.324
TCGA-QK-A8ZB-01,0.4261
TCGA-QK-AA3J-01,0.2614
TCGA-QK-AA3K-01,-1.0878
TCGA-RS-A6TO-01,-1.1357
TCGA-RS-A6TP-01,0.1978
TCGA-T2-A6WX-01,-1.5621
TCGA-T2-A6WZ-01,-2.0045
TCGA-T2-A6X0-01,-0.0507
TCGA-T2-A6X2-01,-0.9102
TCGA-T3-A92M-01,-0.3064
TCGA-T3-A92N-01,-0.0607
TCGA-TN-A7HI-01,-0.1246
TCGA-TN-A7HJ-01,0.5747
TCGA-TN-A7HL-01,-1.594
TCGA-UF-A718-01,-0.1697
TCGA-UF-A719-01,1.0422
TCGA-UF-A71A-01,-0.2987
TCGA-UF-A71B-01,0.7688
TCGA-UF-A71D-01,0.3026
TCGA-UF-A71E-01,-0.0277
TCGA-UF-A7J9-01,0.2606
TCGA-UF-A7JA-01,-1.9628
TCGA-UF-A7JC-01,-0.1869
TCGA-UF-A7JD-01,-0.1055
TCGA-UF-A7JF-01,-2.3036
TCGA-UF-A7JH-01,-0.7566
TCGA-UF-A7JJ-01,-0.4057
TCGA-UF-A7JK-01,0.2334
TCGA-UF-A7JO-01,-1.0698
TCGA-UF-A7JS-01,-1.8077
TCGA-UF-A7JT-01,-0.4141
TCGA-UF-A7JV-01,-0.6706
TCGA-UP-A6WW-01,-1.2622
TCGA-WA-A7GZ-01,0.3372
TCGA-WA-A7H4-01,1.09
TCGA-KL-8323-01,0.5639
TCGA-KL-8324-01,-1.7927
TCGA-KL-8325-01,1.3207
TCGA-KL-8326-01,-1.7047
TCGA-KL-8327-01,-0.537
TCGA-KL-8328-01,-0.7856
TCGA-KL-8329-01,0.4578
TCGA-KL-8330-01,0.5973
TCGA-KL-8331-01,-0.4148
TCGA-KL-8332-01,-0.2236
TCGA-KL-8333-01,1.1464
TCGA-KL-8334-01,0.6516
TCGA-KL-8335-01,0.3724
TCGA-KL-8336-01,0.6129
TCGA-KL-8337-01,0.6094
TCGA-KL-8338-01,-1.0944
TCGA-KL-8339-01,0.5513
TCGA-KL-8340-01,-0.0326
TCGA-KL-8341-01,1.6643
TCGA-KL-8342-01,-0.1741
TCGA-KL-8343-01,0.4509
TCGA-KL-8344-01,0.2397
TCGA-KL-8345-01,0.5944
TCGA-KL-8346-01,-1.3602
TCGA-KM-8438-01,-0.5439
TCGA-KM-8439-01,-0.9747
TCGA-KM-8440-01,0.7242
TCGA-KM-8441-01,-0.6258
TCGA-KM-8442-01,0.9167
TCGA-KM-8443-01,-0.0119
TCGA-KM-8476-01,-0.443
TCGA-KM-8477-01,0.2385
TCGA-KM-8639-01,-0.6739
TCGA-KN-8418-01,0.6121
TCGA-KN-8419-01,1.5129
TCGA-KN-8421-01,-1.1638
TCGA-KN-8422-01,-1.8758
TCGA-KN-8423-01,1.0062
TCGA-KN-8424-01,0.8949
TCGA-KN-8425-01,-0.1122
TCGA-KN-8426-01,-0.6813
TCGA-KN-8427-01,-0.7605
TCGA-KN-8428-01,1.7859
TCGA-KN-8429-01,1.2581
TCGA-KN-8431-01,-1.457
TCGA-KN-8432-01,0.8683
TCGA-KN-8433-01,-2.0006
TCGA-KN-8434-01,-0.0586
TCGA-KN-8435-01,1.3036
TCGA-KN-8436-01,1.2972
TCGA-KN-8437-01,-0.0724
TCGA-KO-8403-01,0.2041
TCGA-KO-8404-01,-1.9073
TCGA-KO-8405-01,-1.084
TCGA-KO-8406-01,0.9335
TCGA-KO-8407-01,-0.1167
TCGA-KO-8408-01,-1.2869
TCGA-KO-8409-01,-1.4046
TCGA-KO-8410-01,1.1966
TCGA-KO-8411-01,1.557
TCGA-KO-8413-01,-0.025
TCGA-KO-8414-01,-0.7077
TCGA-KO-8415-01,-1.3796
TCGA-KO-8416-01,0.5256
TCGA-KO-8417-01,0.8187
TCGA-3Z-A93Z-01,-1.0265
TCGA-6D-AA2E-01,-1.2929
TCGA-A3-3306-01,0.077
TCGA-A3-3307-01,-0.018
TCGA-A3-3308-01,-0.1419
TCGA-A3-3311-01,0.3999
TCGA-A3-3313-01,0.1054
TCGA-A3-3316-01,-0.0354
TCGA-A3-3317-01,-1.7531
TCGA-A3-3319-01,-0.2881
TCGA-A3-3320-01,0.9304
TCGA-A3-3322-01,0.2815
TCGA-A3-3323-01,0.6912
TCGA-A3-3324-01,0.34
TCGA-A3-3325-01,0.0544
TCGA-A3-3326-01,0.2617
TCGA-A3-3331-01,0.6942
TCGA-A3-3335-01,-0.3811
TCGA-A3-3343-01,0.4038
TCGA-A3-3346-01,-1.1834
TCGA-A3-3347-01,-0.2623
TCGA-A3-3349-01,0.2809
TCGA-A3-3351-01,0.8608
TCGA-A3-3352-01,0.7539
TCGA-A3-3357-01,-0.2455
TCGA-A3-3358-01,-0.3658
TCGA-A3-3359-01,0.0369
TCGA-A3-3362-01,-0.07
TCGA-A3-3363-01,-0.7834
TCGA-A3-3365-01,0.5472
TCGA-A3-3367-01,1.2809
TCGA-A3-3370-01,0.3718
TCGA-A3-3372-01,1.1736
TCGA-A3-3373-01,0.3096
TCGA-A3-3374-01,-2.123
TCGA-A3-3376-01,0.9352
TCGA-A3-3378-01,-0.1878
TCGA-A3-3380-01,0.3364
TCGA-A3-3382-01,0.1124
TCGA-A3-3383-01,-0.0962
TCGA-A3-3385-01,0.834
TCGA-A3-3387-01,0.2478
TCGA-A3-A6NI-01,-0.9373
TCGA-A3-A6NJ-01,-0.3183
TCGA-A3-A6NL-01,-0.0272
TCGA-A3-A6NN-01,0.2616
TCGA-A3-A8CQ-01,-0.099
TCGA-A3-A8OU-01,-1.0913
TCGA-A3-A8OV-01,-0.7728
TCGA-A3-A8OW-01,-0.054
TCGA-A3-A8OX-01,-1.0124
TCGA-AK-3426-01,-0.772
TCGA-AK-3427-01,0.2523
TCGA-AK-3428-01,3.0697
TCGA-AK-3429-01,-0.1073
TCGA-AK-3430-01,
TCGA-AK-3431-01,1.0272
TCGA-AK-3433-01,1.0647
TCGA-AK-3434-01,0.0652
TCGA-AK-3436-01,-1.2584
TCGA-AK-3440-01,-4.9236
TCGA-AK-3443-01,1.4018
TCGA-AK-3444-01,0.282
TCGA-AK-3445-01,-0.9415
TCGA-AK-3447-01,0.1149
TCGA-AK-3450-01,-0.3704
TCGA-AK-3451-01,-0.3014
TCGA-AK-3453-01,-1.575
TCGA-AK-3454-01,0.3442
TCGA-AK-3455-01,0.2169
TCGA-AK-3456-01,0.5409
TCGA-AK-3458-01,1.0564
TCGA-AK-3460-01,0.202
TCGA-AK-3461-01,0.354
TCGA-AK-3465-01,0.1638
TCGA-AS-3777-01,-0.9716
TCGA-AS-3778-01,-0.2027
TCGA-B0-4688-01,2.2062
TCGA-B0-4690-01,0.0676
TCGA-B0-4691-01,-1.0852
TCGA-B0-4693-01,0.1452
TCGA-B0-4694-01,-0.6384
TCGA-B0-4696-01,0.3981
TCGA-B0-4697-01,-1.3779
TCGA-B0-4698-01,0.5237
TCGA-B0-4699-01,0.9139
TCGA-B0-4700-01,-1.0894
TCGA-B0-4701-01,-0.5153
TCGA-B0-4703-01,-0.1709
TCGA-B0-4706-01,0.0024
TCGA-B0-4707-01,-1.5977
TCGA-B0-4710-01,0.9608
TCGA-B0-4712-01,-0.0297
TCGA-B0-4713-01,-0.8777
TCGA-B0-4714-01,-0.9052
TCGA-B0-4718-01,-0.2525
TCGA-B0-4810-01,-0.6454
TCGA-B0-4811-01,-0.5215
TCGA-B0-4813-01,-1.2394
TCGA-B0-4814-01,0.4342
TCGA-B0-4815-01,-1.0272
TCGA-B0-4816-01,-0.1641
TCGA-B0-4817-01,-1.3209
TCGA-B0-4818-01,-0.2052
TCGA-B0-4819-01,-0.6138
TCGA-B0-4821-01,-2.2861
TCGA-B0-4822-01,-1.403
TCGA-B0-4823-01,0.4506
TCGA-B0-4824-01,-0.1995
TCGA-B0-4827-01,-0.6485
TCGA-B0-4828-01,-0.196
TCGA-B0-4833-01,-1.1341
TCGA-B0-4834-01,0.5407
TCGA-B0-4836-01,0.2737
TCGA-B0-4837-01,-0.5216
TCGA-B0-4838-01,-0.0585
TCGA-B0-4839-01,-0.576
TCGA-B0-4841-01,-0.6577
TCGA-B0-4842-01,-2.1764
TCGA-B0-4843-01,-1.2906
TCGA-B0-4844-01,-1.246
TCGA-B0-4845-01,-0.0176
TCGA-B0-4846-01,0.7141
TCGA-B0-4847-01,-1.4328
TCGA-B0-4848-01,-0.3555
TCGA-B0-4849-01,-0.3659
TCGA-B0-4852-01,1.0823
TCGA-B0-4945-01,0.0239
TCGA-B0-5075-01,-0.3916
TCGA-B0-5077-01,-0.2583
TCGA-B0-5080-01,0.64
TCGA-B0-5081-01,-0.8774
TCGA-B0-5083-01,0.3531
TCGA-B0-5084-01,-0.589
TCGA-B0-5085-01,-1.3578
TCGA-B0-5088-01,-0.9376
TCGA-B0-5092-01,-1.3414
TCGA-B0-5094-01,-0.8039
TCGA-B0-5095-01,-0.393
TCGA-B0-5096-01,0.3573
TCGA-B0-5097-01,0.5659
TCGA-B0-5098-01,-0.0541
TCGA-B0-5099-01,0.1138
TCGA-B0-5100-01,-0.6012
TCGA-B0-5102-01,0.097
TCGA-B0-5104-01,0.3741
TCGA-B0-5106-01,-0.4347
TCGA-B0-5107-01,-1.2152
TCGA-B0-5108-01,-0.0328
TCGA-B0-5109-01,-1.397
TCGA-B0-5110-01,0.7093
TCGA-B0-5113-01,1.285
TCGA-B0-5115-01,0.3769
TCGA-B0-5116-01,1.3155
TCGA-B0-5117-01,-0.7733
TCGA-B0-5119-01,0.6529
TCGA-B0-5120-01,1.0358
TCGA-B0-5121-01,-0.1557
TCGA-B0-5399-01,0.4746
TCGA-B0-5400-01,-2.2335
TCGA-B0-5402-01,1.5019
TCGA-B0-5690-01,0.4579
TCGA-B0-5691-01,0.8906
TCGA-B0-5692-01,-0.4589
TCGA-B0-5693-01,0.6
TCGA-B0-5694-01,0.089
TCGA-B0-5695-01,0.252
TCGA-B0-5696-01,-0.3506
TCGA-B0-5697-01,-0.5062
TCGA-B0-5698-01,-0.4993
TCGA-B0-5699-01,1.194
TCGA-B0-5701-01,-0.2204
TCGA-B0-5702-01,-2.2943
TCGA-B0-5703-01,0.0806
TCGA-B0-5705-01,1.8749
TCGA-B0-5706-01,0.4531
TCGA-B0-5707-01,-1.4348
TCGA-B0-5709-01,0.4831
TCGA-B0-5710-01,0.843
TCGA-B0-5711-01,1.2169
TCGA-B0-5712-01,-4.0633
TCGA-B0-5713-01,0.2252
TCGA-B0-5812-01,1.3372
TCGA-B2-3923-01,1.2641
TCGA-B2-3924-01,0.3361
TCGA-B2-4098-01,-0.8909
TCGA-B2-4099-01,-1.0198
TCGA-B2-4101-01,0.557
TCGA-B2-4102-01,0.3478
TCGA-B2-5633-01,0.3981
TCGA-B2-5635-01,-0.1735
TCGA-B2-5639-01,0.196
TCGA-B2-5641-01,0.005
TCGA-B2-A4SR-01,0.5654
TCGA-B4-5377-01,0.7983
TCGA-B4-5378-01,1.276
TCGA-B4-5832-01,3.1634
TCGA-B4-5834-01,1.1435
TCGA-B4-5835-01,1.2817
TCGA-B4-5836-01,0.3424
TCGA-B4-5838-01,0.6211
TCGA-B4-5843-01,1.007
TCGA-B4-5844-01,0.6334
TCGA-B8-4143-01,-0.4101
TCGA-B8-4146-01,3.333
TCGA-B8-4148-01,0.2436
TCGA-B8-4151-01,-0.1239
TCGA-B8-4153-01,-0.1398
TCGA-B8-4154-01,0.4448
TCGA-B8-4619-01,0.2635
TCGA-B8-4620-01,1.5797
TCGA-B8-4621-01,-0.7982
TCGA-B8-4622-01,0.7813
TCGA-B8-5158-01,0.1223
TCGA-B8-5159-01,1.1445
TCGA-B8-5162-01,0.0629
TCGA-B8-5163-01,0.3139
TCGA-B8-5164-01,0.4702
TCGA-B8-5165-01,1.3074
TCGA-B8-5545-01,0.6914
TCGA-B8-5546-01,0.6838
TCGA-B8-5549-01,0.7898
TCGA-B8-5550-01,-0.5039
TCGA-B8-5551-01,-0.4254
TCGA-B8-5552-01,0.4905
TCGA-B8-5553-01,0.0258
TCGA-B8-A54D-01,0.4758
TCGA-B8-A54E-01,-1.4657
TCGA-B8-A54F-01,0.1012
TCGA-B8-A54G-01,-0.5343
TCGA-B8-A54H-01,-0.3008
TCGA-B8-A54I-01,-2.2121
TCGA-B8-A54J-01,-0.6442
TCGA-B8-A7U6-01,-0.9746
TCGA-B8-A8YJ-01,-0.4122
TCGA-BP-4158-01,0.1759
TCGA-BP-4159-01,0.5228
TCGA-BP-4160-01,0.3379
TCGA-BP-4161-01,0.7058
TCGA-BP-4162-01,0.3534
TCGA-BP-4163-01,0.236
TCGA-BP-4164-01,1.1883
TCGA-BP-4165-01,-0.8343
TCGA-BP-4166-01,0.5542
TCGA-BP-4167-01,-1.3137
TCGA-BP-4169-01,0.8492
TCGA-BP-4170-01,0.4091
TCGA-BP-4173-01,0.0175
TCGA-BP-4174-01,-0.3215
TCGA-BP-4176-01,0.6331
TCGA-BP-4177-01,0.4875
TCGA-BP-4325-01,0.6005
TCGA-BP-4326-01,-0.2282
TCGA-BP-4327-01,-0.747
TCGA-BP-4329-01,1.2789
TCGA-BP-4330-01,0.6773
TCGA-BP-4332-01,0.4497
TCGA-BP-4334-01,-1.2264
TCGA-BP-4335-01,-0.3154
TCGA-BP-4337-01,-1.8478
TCGA-BP-4338-01,-0.6788
TCGA-BP-4340-01,0.3653
TCGA-BP-4341-01,-0.3438
TCGA-BP-4343-01,1.9782
TCGA-BP-4345-01,-0.5837
TCGA-BP-4346-01,-0.3238
TCGA-BP-4347-01,-0.357
TCGA-BP-4349-01,-0.5857
TCGA-BP-4351-01,-0.662
TCGA-BP-4352-01,-1.7421
TCGA-BP-4354-01,-0.2727
TCGA-BP-4355-01,-0.3499
TCGA-BP-4756-01,-0.3607
TCGA-BP-4758-01,-0.4236
TCGA-BP-4759-01,0.4969
TCGA-BP-4760-01,0.7443
TCGA-BP-4761-01,-2.5894
TCGA-BP-4762-01,1.3565
TCGA-BP-4763-01,1.161
TCGA-BP-4765-01,0.3708
TCGA-BP-4766-01,0.3306
TCGA-BP-4768-01,0.5621
TCGA-BP-4769-01,0.1325
TCGA-BP-4770-01,-5.7737
TCGA-BP-4771-01,-0.7977
TCGA-BP-4774-01,-0.1669
TCGA-BP-4775-01,1.4728
TCGA-BP-4776-01,-0.8024
TCGA-BP-4777-01,-0.3924
TCGA-BP-4781-01,0.6653
TCGA-BP-4782-01,-0.3744
TCGA-BP-4784-01,0.8203
TCGA-BP-4787-01,-0.6838
TCGA-BP-4789-01,1.2899
TCGA-BP-4790-01,1.1312
TCGA-BP-4795-01,0.3667
TCGA-BP-4797-01,0.1516
TCGA-BP-4798-01,-0.5976
TCGA-BP-4799-01,0.8973
TCGA-BP-4801-01,0.1649
TCGA-BP-4803-01,0.9119
TCGA-BP-4804-01,-0.1148
TCGA-BP-4807-01,0.8522
TCGA-BP-4959-01,-0.1976
TCGA-BP-4960-01,-0.6197
TCGA-BP-4961-01,0.9952
TCGA-BP-4962-01,-0.7291
TCGA-BP-4963-01,0.0122
TCGA-BP-4964-01,1.137
TCGA-BP-4965-01,1.0829
TCGA-BP-4967-01,1.8107
TCGA-BP-4968-01,-0.723
TCGA-BP-4969-01,-1.5332
TCGA-BP-4970-01,0.7083
TCGA-BP-4971-01,-1.2583
TCGA-BP-4972-01,0.8611
TCGA-BP-4973-01,0.6983
TCGA-BP-4974-01,0.001
TCGA-BP-4975-01,1.4583
TCGA-BP-4977-01,1.0889
TCGA-BP-4981-01,-1.2316
TCGA-BP-4982-01,1.1013
TCGA-BP-4983-01,0.7792
TCGA-BP-4985-01,-2.4082
TCGA-BP-4987-01,0.8427
TCGA-BP-4989-01,-0.6491
TCGA-BP-4991-01,1.2605
TCGA-BP-4992-01,-1.8826
TCGA-BP-4993-01,-0.0082
TCGA-BP-4994-01,1.1434
TCGA-BP-4998-01,0.3061
TCGA-BP-4999-01,1.0558
TCGA-BP-5000-01,-0.7602
TCGA-BP-5001-01,-0.9629
TCGA-BP-5004-01,0.5775
TCGA-BP-5007-01,0.5624
TCGA-BP-5008-01,0.4225
TCGA-BP-5010-01,-0.8573
TCGA-BP-5168-01,0.5128
TCGA-BP-5169-01,-2.1577
TCGA-BP-5170-01,0.1736
TCGA-BP-5173-01,-0.608
TCGA-BP-5174-01,-1.3884
TCGA-BP-5175-01,-2.0784
TCGA-BP-5176-01,-0.6358
TCGA-BP-5177-01,-0.2815
TCGA-BP-5178-01,-0.9968
TCGA-BP-5180-01,0.0391
TCGA-BP-5182-01,0.0306
TCGA-BP-5183-01,-0.2336
TCGA-BP-5184-01,0.7613
TCGA-BP-5185-01,-0.9819
TCGA-BP-5186-01,0.6569
TCGA-BP-5187-01,1.1548
TCGA-BP-5189-01,0.5522
TCGA-BP-5190-01,-0.7325
TCGA-BP-5191-01,-3.0419
TCGA-BP-5192-01,0.9385
TCGA-BP-5194-01,1.6995
TCGA-BP-5195-01,0.1041
TCGA-BP-5196-01,-0.2206
TCGA-BP-5198-01,-0.6845
TCGA-BP-5200-01,0.6337
TCGA-BP-5201-01,-0.0389
TCGA-BP-5202-01,0.3746
TCGA-CJ-4634-01,0.6032
TCGA-CJ-4635-01,0.8135
TCGA-CJ-4636-01,-0.3794
TCGA-CJ-4637-01,-0.0133
TCGA-CJ-4638-01,-1.9793
TCGA-CJ-4639-01,1.2528
TCGA-CJ-4640-01,-0.1039
TCGA-CJ-4641-01,-0.3079
TCGA-CJ-4643-01,0.608
TCGA-CJ-4644-01,0.1779
TCGA-CJ-4868-01,-0.1969
TCGA-CJ-4869-01,-0.7919
TCGA-CJ-4870-01,0.2582
TCGA-CJ-4871-01,0.5529
TCGA-CJ-4872-01,0.8585
TCGA-CJ-4873-01,-1.6022
TCGA-CJ-4874-01,0.6466
TCGA-CJ-4875-01,-0.3978
TCGA-CJ-4876-01,-0.7422
TCGA-CJ-4878-01,-0.9628
TCGA-CJ-4881-01,-1.042
TCGA-CJ-4882-01,-0.4066
TCGA-CJ-4884-01,-0.3623
TCGA-CJ-4885-01,1.017
TCGA-CJ-4886-01,0.5858
TCGA-CJ-4887-01,-1.1738
TCGA-CJ-4888-01,-0.4773
TCGA-CJ-4889-01,0.044
TCGA-CJ-4890-01,-0.0275
TCGA-CJ-4891-01,-1.6013
TCGA-CJ-4892-01,-0.4721
TCGA-CJ-4893-01,0.3289
TCGA-CJ-4894-01,0.768
TCGA-CJ-4895-01,-0.1487
TCGA-CJ-4897-01,1.1796
TCGA-CJ-4899-01,0.4862
TCGA-CJ-4900-01,-0.7148
TCGA-CJ-4901-01,0.397
TCGA-CJ-4902-01,0.0173
TCGA-CJ-4903-01,0.8116
TCGA-CJ-4904-01,0.6692
TCGA-CJ-4905-01,1.3103
TCGA-CJ-4907-01,0.9024
TCGA-CJ-4908-01,0.3053
TCGA-CJ-4912-01,-1.5473
TCGA-CJ-4913-01,
TCGA-CJ-4916-01,-0.4225
TCGA-CJ-4918-01,0.3808
TCGA-CJ-4920-01,0.44
TCGA-CJ-4923-01,-0.8371
TCGA-CJ-5671-01,-0.3621
TCGA-CJ-5672-01,-0.806
TCGA-CJ-5675-01,-0.2127
TCGA-CJ-5676-01,-0.3308
TCGA-CJ-5677-01,-0.949
TCGA-CJ-5678-01,-0.3588
TCGA-CJ-5679-01,-0.9631
TCGA-CJ-5680-01,-0.1431
TCGA-CJ-5681-01,1.3818
TCGA-CJ-5682-01,0.4937
TCGA-CJ-5683-01,0.1064
TCGA-CJ-5684-01,0.3315
TCGA-CJ-5686-01,0.2593
TCGA-CJ-5689-01,-0.1456
TCGA-CJ-6027-01,-0.18
TCGA-CJ-6028-01,1.6225
TCGA-CJ-6030-01,0.2875
TCGA-CJ-6031-01,-0.1883
TCGA-CJ-6032-01,0.3711
TCGA-CJ-6033-01,-0.6413
TCGA-CW-5580-01,1.3615
TCGA-CW-5581-01,0.469
TCGA-CW-5583-01,1.3547
TCGA-CW-5584-01,0.1047
TCGA-CW-5585-01,0.9561
TCGA-CW-5587-01,0.6404
TCGA-CW-5588-01,0.8239
TCGA-CW-5589-01,0.6979
TCGA-CW-5591-01,0.265
TCGA-CW-6087-01,0.1033
TCGA-CW-6088-01,1.273
TCGA-CW-6090-01,0.8526
TCGA-CW-6093-01,0.714
TCGA-CW-6097-01,0.4362
TCGA-CZ-4853-01,0.9336
TCGA-CZ-4854-01,-0.1429
TCGA-CZ-4856-01,0.299
TCGA-CZ-4857-01,0.4895
TCGA-CZ-4858-01,0.678
TCGA-CZ-4859-01,0.661
TCGA-CZ-4860-01,1.7921
TCGA-CZ-4861-01,1.5032
TCGA-CZ-4862-01,0.5773
TCGA-CZ-4863-01,-0.1226
TCGA-CZ-4864-01,0.3075
TCGA-CZ-4866-01,0.4337
TCGA-CZ-5451-01,0.3752
TCGA-CZ-5452-01,-0.884
TCGA-CZ-5453-01,0.0534
TCGA-CZ-5454-01,1.4748
TCGA-CZ-5455-01,0.9041
TCGA-CZ-5456-01,0.2478
TCGA-CZ-5457-01,-0.3323
TCGA-CZ-5458-01,2.0925
TCGA-CZ-5459-01,-0.5379
TCGA-CZ-5460-01,0.1203
TCGA-CZ-5461-01,1.0448
TCGA-CZ-5462-01,-0.8732
TCGA-CZ-5463-01,1.1961
TCGA-CZ-5464-01,0.6023
TCGA-CZ-5465-01,1.7767
TCGA-CZ-5466-01,-2.5781
TCGA-CZ-5467-01,0.691
TCGA-CZ-5468-01,-1.3776
TCGA-CZ-5469-01,-0.6926
TCGA-CZ-5470-01,-0.0438
TCGA-CZ-5982-01,0.5467
TCGA-CZ-5984-01,0.298
TCGA-CZ-5985-01,0.5625
TCGA-CZ-5986-01,1.621
TCGA-CZ-5987-01,-0.7783
TCGA-CZ-5988-01,0.926
TCGA-CZ-5989-01,3.3157
TCGA-DV-5565-01,-0.8419
TCGA-DV-5566-01,-0.3404
TCGA-DV-5567-01,1.2219
TCGA-DV-5569-01,0.1616
TCGA-DV-5574-01,-0.0429
TCGA-DV-5575-01,0.4696
TCGA-DV-5576-01,0.432
TCGA-DV-A4VX-01,-1.436
TCGA-DV-A4VZ-01,-1.5996
TCGA-DV-A4W0-01,0.3713
TCGA-EU-5904-01,0.7925
TCGA-EU-5905-01,0.4685
TCGA-EU-5906-01,1.0259
TCGA-EU-5907-01,-0.0146
TCGA-G6-A5PC-01,-2.0454
TCGA-G6-A8L6-01,-0.4239
TCGA-G6-A8L7-01,-2.6037
TCGA-G6-A8L8-01,-1.2113
TCGA-GK-A6C7-01,-0.2501
TCGA-MM-A563-01,-0.8256
TCGA-MM-A564-01,-2.255
TCGA-MM-A84U-01,-1.7515
TCGA-MW-A4EC-01,-0.9536
TCGA-T7-A92I-01,-0.4119
TCGA-2K-A9WE-01,-0.3259
TCGA-2Z-A9J1-01,-0.8436
TCGA-2Z-A9J2-01,-0.3827
TCGA-2Z-A9J3-01,-0.438
TCGA-2Z-A9J5-01,-1.3567
TCGA-2Z-A9J6-01,-0.7451
TCGA-2Z-A9J7-01,-0.9643
TCGA-2Z-A9J8-01,0.5178
TCGA-2Z-A9J9-01,1.306
TCGA-2Z-A9JD-01,0.3071
TCGA-2Z-A9JE-01,-0.1509
TCGA-2Z-A9JG-01,0.0726
TCGA-2Z-A9JI-01,0.6399
TCGA-2Z-A9JJ-01,0.5776
TCGA-2Z-A9JK-01,0.1912
TCGA-2Z-A9JL-01,0.2483
TCGA-2Z-A9JM-01,-0.3155
TCGA-2Z-A9JN-01,0.3527
TCGA-2Z-A9JO-01,-0.2245
TCGA-2Z-A9JP-01,-1.0863
TCGA-2Z-A9JQ-01,-0.8251
TCGA-2Z-A9JR-01,-0.5537
TCGA-2Z-A9JS-01,-0.0349
TCGA-2Z-A9JT-01,-1.4533
TCGA-4A-A93W-01,0.3163
TCGA-4A-A93X-01,-4.6574
TCGA-4A-A93Y-01,-0.2158
TCGA-5P-A9JU-01,0.7808
TCGA-5P-A9JV-01,0.3489
TCGA-5P-A9JW-01,-0.9973
TCGA-5P-A9JY-01,-0.471
TCGA-5P-A9JZ-01,-0.7386
TCGA-5P-A9K0-01,-0.7157
TCGA-5P-A9K2-01,-0.9779
TCGA-5P-A9K3-01,0.2931
TCGA-5P-A9K4-01,1.3384
TCGA-5P-A9K6-01,-0.4275
TCGA-5P-A9K8-01,0.6914
TCGA-5P-A9K9-01,0.083
TCGA-5P-A9KA-01,0.9972
TCGA-5P-A9KC-01,0.1048
TCGA-5P-A9KE-01,-0.5849
TCGA-5P-A9KH-01,1.9159
TCGA-A4-7286-01,-0.4576
TCGA-A4-7287-01,-1.8802
TCGA-A4-7288-01,1.0408
TCGA-A4-7583-01,0.4198
TCGA-A4-7584-01,0.3334
TCGA-A4-7585-01,1.0348
TCGA-A4-7732-01,0.1888
TCGA-A4-7734-01,1.184
TCGA-A4-7828-01,0.6098
TCGA-A4-7915-01,1.7276
TCGA-A4-7996-01,0.5563
TCGA-A4-7997-01,1.0087
TCGA-A4-8098-01,-2.8069
TCGA-A4-8310-01,-0.419
TCGA-A4-8311-01,-0.2337
TCGA-A4-8312-01,0.4669
TCGA-A4-8515-01,0.692
TCGA-A4-8516-01,-0.2617
TCGA-A4-8517-01,-0.0409
TCGA-A4-8518-01,-0.5443
TCGA-A4-8630-01,0.3052
TCGA-A4-A48D-01,-0.9809
TCGA-A4-A4ZT-01,0.1571
TCGA-A4-A57E-01,-0.2157
TCGA-A4-A5DU-01,-0.4614
TCGA-A4-A5XZ-01,0.0071
TCGA-A4-A5Y0-01,-1.9532
TCGA-A4-A5Y1-01,1.9618
TCGA-A4-A6HP-01,-1.1398
TCGA-A4-A772-01,-0.7448
TCGA-A4-A7UZ-01,-0.2428
TCGA-AL-3466-01,-0.3768
TCGA-AL-3467-01,2.4824
TCGA-AL-3471-01,-0.1924
TCGA-AL-3472-01,0.6876
TCGA-AL-3473-01,0.4143
TCGA-AL-7173-01,-0.2908
TCGA-AT-A5NU-01,-0.316
TCGA-B1-5398-01,-1.5721
TCGA-B1-7332-01,0.5375
TCGA-B1-A47M-01,-1.4153
TCGA-B1-A47N-01,-0.5653
TCGA-B1-A654-01,-0.8442
TCGA-B1-A655-01,0.4079
TCGA-B1-A656-01,-1.1079
TCGA-B1-A657-01,0.1538
TCGA-B3-3925-01,1.2372
TCGA-B3-3926-01,1.5328
TCGA-B3-4103-01,0.7428
TCGA-B3-4104-01,-0.8137
TCGA-B3-8121-01,0.3665
TCGA-B3-A6W5-01,-0.2962
TCGA-B9-4113-01,0.4525
TCGA-B9-4114-01,0.3752
TCGA-B9-4115-01,0.4615
TCGA-B9-4116-01,1.6657
TCGA-B9-4117-01,1.7036
TCGA-B9-4617-01,-0.4133
TCGA-B9-5155-01,0.8061
TCGA-B9-5156-01,0.4843
TCGA-B9-7268-01,0.2475
TCGA-B9-A44B-01,0.091
TCGA-B9-A5W7-01,0.3181
TCGA-B9-A5W8-01,-0.4915
TCGA-B9-A5W9-01,-0.2821
TCGA-B9-A69E-01,0.0338
TCGA-B9-A8YH-01,0.3552
TCGA-B9-A8YI-01,-0.0272
TCGA-BQ-5875-01,-3.3534
TCGA-BQ-5876-01,1.3219
TCGA-BQ-5877-01,1.1987
TCGA-BQ-5878-01,1.1752
TCGA-BQ-5879-01,1.7503
TCGA-BQ-5880-01,0.2191
TCGA-BQ-5881-01,-1.494
TCGA-BQ-5882-01,1.3634
TCGA-BQ-5883-01,0.9794
TCGA-BQ-5884-01,0.9973
TCGA-BQ-5885-01,0.7928
TCGA-BQ-5886-01,-0.2216
TCGA-BQ-5887-01,0.3817
TCGA-BQ-5888-01,-1.0216
TCGA-BQ-5889-01,-0.0101
TCGA-BQ-5890-01,0.2379
TCGA-BQ-5891-01,1.4968
TCGA-BQ-5892-01,0.6752
TCGA-BQ-5893-01,0.7453
TCGA-BQ-5894-01,-0.0067
TCGA-BQ-7044-01,0.4118
TCGA-BQ-7045-01,-0.3419
TCGA-BQ-7046-01,-0.3971
TCGA-BQ-7048-01,0.6618
TCGA-BQ-7050-01,0.7112
TCGA-BQ-7051-01,0.647
TCGA-BQ-7053-01,0.1687
TCGA-BQ-7055-01,1.2166
TCGA-BQ-7058-01,0.5513
TCGA-BQ-7059-01,0.1019
TCGA-BQ-7060-01,-0.1156
TCGA-BQ-7061-01,1.4083
TCGA-BQ-7062-01,0.2292
TCGA-DW-5560-01,-0.5286
TCGA-DW-5561-01,-0.1613
TCGA-DW-7834-01,0.3744
TCGA-DW-7836-01,0.1445
TCGA-DW-7837-01,0.2091
TCGA-DW-7838-01,-0.3123
TCGA-DW-7839-01,1.3217
TCGA-DW-7840-01,-0.3875
TCGA-DW-7841-01,-0.0083
TCGA-DW-7842-01,1.2716
TCGA-DW-7963-01,-0.6856
TCGA-DZ-6131-01,1.9036
TCGA-DZ-6132-01,0.3329
TCGA-DZ-6133-01,0.6172
TCGA-DZ-6134-01,0.381
TCGA-DZ-6135-01,1.2411
TCGA-EV-5901-01,1.1535
TCGA-EV-5902-01,0.7318
TCGA-EV-5903-01,0.6905
TCGA-F9-A4JJ-01,0.8475
TCGA-F9-A7Q0-01,-0.3241
TCGA-F9-A7VF-01,-1.3041
TCGA-F9-A8NY-01,-0.1612
TCGA-F9-A97G-01,0.3894
TCGA-G7-6789-01,1.3212
TCGA-G7-6790-01,0.0642
TCGA-G7-6792-01,1.2832
TCGA-G7-6793-01,0.6037
TCGA-G7-6795-01,-1.9737
TCGA-G7-6796-01,-0.8323
TCGA-G7-6797-01,1.1008
TCGA-G7-7501-01,2.0241
TCGA-G7-7502-01,1.3913
TCGA-G7-A4TM-01,-0.0113
TCGA-G7-A8LB-01,-0.3836
TCGA-G7-A8LC-01,-0.2664
TCGA-G7-A8LD-01,0.8734
TCGA-G7-A8LE-01,0.9399
TCGA-GL-6846-01,0.606
TCGA-GL-7773-01,0.8247
TCGA-GL-7966-01,2.0507
TCGA-GL-8500-01,-0.0176
TCGA-GL-A4EM-01,-3.8424
TCGA-GL-A59R-01,-0.3323
TCGA-GL-A59T-01,-1.3399
TCGA-GL-A9DC-01,0.4298
TCGA-GL-A9DD-01,-0.3708
TCGA-GL-A9DE-01,0.7481
TCGA-HE-7128-01,0.7923
TCGA-HE-7129-01,0.7144
TCGA-HE-7130-01,-2.1892
TCGA-HE-A5NF-01,-0.6253
TCGA-HE-A5NH-01,0.2358
TCGA-HE-A5NI-01,-0.8351
TCGA-HE-A5NJ-01,-0.0202
TCGA-HE-A5NK-01,-0.5435
TCGA-HE-A5NL-01,-0.378
TCGA-IA-A40U-01,-0.7112
TCGA-IA-A40X-01,-0.5079
TCGA-IA-A40Y-01,0.2593
TCGA-IA-A83S-01,-0.2444
TCGA-IA-A83T-01,-1.9493
TCGA-IA-A83V-01,-0.7753
TCGA-IA-A83W-01,0.2848
TCGA-IZ-8195-01,0.4428
TCGA-IZ-8196-01,0.9717
TCGA-IZ-A6M8-01,-2.1634
TCGA-IZ-A6M9-01,-0.8852
TCGA-J7-6720-01,0.2666
TCGA-J7-8537-01,0.6997
TCGA-J7-A8I2-01,-3.9432
TCGA-KV-A6GD-01,-0.9435
TCGA-KV-A6GE-01,-0.8055
TCGA-KV-A74V-01,-0.6026
TCGA-MH-A55W-01,-0.0973
TCGA-MH-A55Z-01,-0.7969
TCGA-MH-A560-01,-1.6402
TCGA-MH-A561-01,-0.2602
TCGA-MH-A562-01,-1.0821
TCGA-MH-A854-01,-0.7324
TCGA-MH-A855-01,-0.0308
TCGA-MH-A856-01,0.2539
TCGA-MH-A857-01,0.6193
TCGA-O9-A75Z-01,0.511
TCGA-P4-A5E6-01,-0.7325
TCGA-P4-A5E7-01,-0.0159
TCGA-P4-A5E8-01,0.0316
TCGA-P4-A5EA-01,0.1848
TCGA-P4-A5EB-01,0.7864
TCGA-P4-A5ED-01,-0.4153
TCGA-P4-AAVK-01,-0.311
TCGA-P4-AAVL-01,-0.5598
TCGA-P4-AAVM-01,-0.405
TCGA-P4-AAVO-01,-0.8041
TCGA-PJ-A5Z8-01,0.4706
TCGA-PJ-A5Z9-01,-1.1023
TCGA-Q2-A5QZ-01,-2.5889
TCGA-SX-A71R-01,-0.8058
TCGA-SX-A71S-01,1.0108
TCGA-SX-A71U-01,0.024
TCGA-SX-A71V-01,-0.1215
TCGA-SX-A7SL-01,-0.6438
TCGA-SX-A7SM-01,0.1691
TCGA-SX-A7SN-01,-0.0621
TCGA-SX-A7SO-01,0.9693
TCGA-SX-A7SP-01,0.4618
TCGA-SX-A7SQ-01,0.1051
TCGA-SX-A7SR-01,0.019
TCGA-SX-A7SS-01,-0.485
TCGA-SX-A7SU-01,-0.3383
TCGA-UN-AAZ9-01,0.8533
TCGA-UZ-A9PJ-01,0.6833
TCGA-UZ-A9PK-01,-0.3071
TCGA-UZ-A9PL-01,-1.1857
TCGA-UZ-A9PM-01,-1.5411
TCGA-UZ-A9PN-01,0.0267
TCGA-UZ-A9PO-01,-0.2459
TCGA-UZ-A9PP-01,0.2799
TCGA-UZ-A9PQ-01,1.415
TCGA-UZ-A9PR-01,0.8621
TCGA-UZ-A9PS-01,0.5018
TCGA-UZ-A9PU-01,0.5003
TCGA-UZ-A9PV-01,-0.3046
TCGA-UZ-A9PX-01,0.2432
TCGA-UZ-A9PZ-01,-0.5866
TCGA-UZ-A9Q0-01,-0.5639
TCGA-UZ-A9Q1-01,0.5339
TCGA-V9-A7HT-01,-0.1682
TCGA-WN-A9G9-01,-0.0418
TCGA-WN-AB4C-01,1.2209
TCGA-Y8-A894-01,0.9314
TCGA-Y8-A895-01,-0.0166
TCGA-Y8-A896-01,0.6099
TCGA-Y8-A897-01,-0.1623
TCGA-Y8-A898-01,-0.9992
TCGA-Y8-A8RY-01,-0.1201
TCGA-Y8-A8RZ-01,0.1009
TCGA-Y8-A8S0-01,0.6158
TCGA-Y8-A8S1-01,-3.8341
TCGA-AB-2802-03,
TCGA-AB-2803-03,-0.0984
TCGA-AB-2804-03,
TCGA-AB-2805-03,1.0094
TCGA-AB-2806-03,1.0784
TCGA-AB-2807-03,0.725
TCGA-AB-2808-03,0.7939
TCGA-AB-2809-03,
TCGA-AB-2810-03,-1.507
TCGA-AB-2811-03,-0.7681
TCGA-AB-2812-03,0.7948
TCGA-AB-2813-03,0.7345
TCGA-AB-2814-03,1.1336
TCGA-AB-2815-03,0.3963
TCGA-AB-2816-03,-0.4383
TCGA-AB-2817-03,0.019
TCGA-AB-2818-03,0.6699
TCGA-AB-2819-03,0.3263
TCGA-AB-2820-03,0.063
TCGA-AB-2821-03,0.4316
TCGA-AB-2822-03,1.2241
TCGA-AB-2823-03,0.4686
TCGA-AB-2824-03,0.1946
TCGA-AB-2825-03,-0.0219
TCGA-AB-2826-03,0.0007
TCGA-AB-2827-03,
TCGA-AB-2828-03,0.499
TCGA-AB-2829-03,
TCGA-AB-2830-03,0.3089
TCGA-AB-2831-03,
TCGA-AB-2832-03,-1.2264
TCGA-AB-2833-03,0.0179
TCGA-AB-2834-03,0.4172
TCGA-AB-2835-03,-0.4397
TCGA-AB-2836-03,-0.0539
TCGA-AB-2837-03,0.1902
TCGA-AB-2838-03,0.7181
TCGA-AB-2839-03,0.9195
TCGA-AB-2840-03,-0.7466
TCGA-AB-2841-03,-0.639
TCGA-AB-2842-03,1.2582
TCGA-AB-2843-03,0.0261
TCGA-AB-2844-03,0.2012
TCGA-AB-2845-03,0.0351
TCGA-AB-2846-03,0.3322
TCGA-AB-2847-03,-0.1173
TCGA-AB-2848-03,-0.1695
TCGA-AB-2849-03,1.3865
TCGA-AB-2850-03,
TCGA-AB-2851-03,-0.1708
TCGA-AB-2853-03,1.0511
TCGA-AB-2854-03,-0.3134
TCGA-AB-2855-03,0.129
TCGA-AB-2856-03,-1.7788
TCGA-AB-2857-03,0.7242
TCGA-AB-2858-03,0.3171
TCGA-AB-2859-03,0.435
TCGA-AB-2860-03,0.2888
TCGA-AB-2861-03,-0.7681
TCGA-AB-2862-03,-0.7662
TCGA-AB-2863-03,1.0604
TCGA-AB-2864-03,
TCGA-AB-2865-03,0.2171
TCGA-AB-2866-03,-0.659
TCGA-AB-2867-03,1.0124
TCGA-AB-2868-03,0.1483
TCGA-AB-2869-03,0.0079
TCGA-AB-2870-03,-0.2097
TCGA-AB-2871-03,-1.5482
TCGA-AB-2872-03,-0.6728
TCGA-AB-2873-03,-0.0678
TCGA-AB-2874-03,0.9154
TCGA-AB-2875-03,0.4341
TCGA-AB-2876-03,
TCGA-AB-2877-03,-0.5654
TCGA-AB-2878-03,
TCGA-AB-2879-03,-0.1826
TCGA-AB-2880-03,0.0569
TCGA-AB-2881-03,0.3978
TCGA-AB-2882-03,0.4839
TCGA-AB-2883-03,
TCGA-AB-2884-03,-0.3365
TCGA-AB-2885-03,1.0423
TCGA-AB-2886-03,0.3803
TCGA-AB-2887-03,0.428
TCGA-AB-2888-03,0.144
TCGA-AB-2889-03,0.2446
TCGA-AB-2890-03,0.2804
TCGA-AB-2891-03,0.3951
TCGA-AB-2892-03,
TCGA-AB-2893-03,
TCGA-AB-2894-03,
TCGA-AB-2895-03,0.0647
TCGA-AB-2896-03,-0.0594
TCGA-AB-2897-03,-0.3136
TCGA-AB-2898-03,0.1847
TCGA-AB-2899-03,0.0498
TCGA-AB-2900-03,-0.4649
TCGA-AB-2901-03,0.2385
TCGA-AB-2903-03,0.1265
TCGA-AB-2904-03,0.2831
TCGA-AB-2905-03,
TCGA-AB-2906-03,
TCGA-AB-2907-03,
TCGA-AB-2908-03,-0.2446
TCGA-AB-2909-03,0.2311
TCGA-AB-2910-03,-1.7303
TCGA-AB-2911-03,-0.7956
TCGA-AB-2912-03,1.208
TCGA-AB-2913-03,0.794
TCGA-AB-2914-03,0.9156
TCGA-AB-2915-03,-0.0867
TCGA-AB-2916-03,0.6494
TCGA-AB-2917-03,1.1971
TCGA-AB-2918-03,-0.5198
TCGA-AB-2919-03,-0.1888
TCGA-AB-2920-03,-8.6281
TCGA-AB-2921-03,-0.3416
TCGA-AB-2922-03,
TCGA-AB-2923-03,
TCGA-AB-2924-03,0.2905
TCGA-AB-2925-03,-1.0354
TCGA-AB-2926-03,
TCGA-AB-2927-03,-0.4094
TCGA-AB-2928-03,0.5668
TCGA-AB-2929-03,0.5225
TCGA-AB-2930-03,-0.1512
TCGA-AB-2931-03,-0.2531
TCGA-AB-2932-03,-0.4159
TCGA-AB-2933-03,0.2271
TCGA-AB-2934-03,-0.5885
TCGA-AB-2935-03,-0.3969
TCGA-AB-2936-03,0.9361
TCGA-AB-2937-03,-1.9147
TCGA-AB-2938-03,0.8265
TCGA-AB-2939-03,0.5351
TCGA-AB-2940-03,0.3569
TCGA-AB-2941-03,0.7912
TCGA-AB-2942-03,0.0109
TCGA-AB-2943-03,0.4459
TCGA-AB-2944-03,0.612
TCGA-AB-2945-03,
TCGA-AB-2946-03,0.4076
TCGA-AB-2947-03,
TCGA-AB-2948-03,0.392
TCGA-AB-2949-03,0.3785
TCGA-AB-2950-03,0.5291
TCGA-AB-2952-03,-1.1096
TCGA-AB-2954-03,-0.1921
TCGA-AB-2955-03,0.6761
TCGA-AB-2956-03,-0.447
TCGA-AB-2957-03,
TCGA-AB-2959-03,1.3228
TCGA-AB-2963-03,0.9281
TCGA-AB-2964-03,-2.788
TCGA-AB-2965-03,0.3811
TCGA-AB-2966-03,0.7104
TCGA-AB-2967-03,0.1327
TCGA-AB-2968-03,
TCGA-AB-2969-03,-1.4647
TCGA-AB-2970-03,0.5245
TCGA-AB-2971-03,-0.0509
TCGA-AB-2972-03,-1.6518
TCGA-AB-2973-03,-0.0379
TCGA-AB-2974-03,
TCGA-AB-2975-03,-3.4247
TCGA-AB-2976-03,-0.33
TCGA-AB-2977-03,-1.3315
TCGA-AB-2978-03,-2.3349
TCGA-AB-2979-03,-0.6717
TCGA-AB-2980-03,0.5055
TCGA-AB-2981-03,-0.1515
TCGA-AB-2982-03,-0.1191
TCGA-AB-2983-03,0.4619
TCGA-AB-2984-03,-0.4369
TCGA-AB-2985-03,-0.4879
TCGA-AB-2986-03,-0.5539
TCGA-AB-2987-03,-0.2395
TCGA-AB-2988-03,0.145
TCGA-AB-2989-03,
TCGA-AB-2990-03,-0.478
TCGA-AB-2991-03,0.3184
TCGA-AB-2992-03,0.2907
TCGA-AB-2993-03,0.2532
TCGA-AB-2994-03,-0.2989
TCGA-AB-2995-03,0.3553
TCGA-AB-2996-03,0.5348
TCGA-AB-2997-03,
TCGA-AB-2998-03,0.0584
TCGA-AB-2999-03,0.2863
TCGA-AB-3000-03,0.3291
TCGA-AB-3001-03,0.971
TCGA-AB-3002-03,0.4509
TCGA-AB-3005-03,-0.8677
TCGA-AB-3006-03,0.3707
TCGA-AB-3007-03,-0.0235
TCGA-AB-3008-03,0.4384
TCGA-AB-3009-03,0.6224
TCGA-AB-3011-03,-0.2286
TCGA-AB-3012-03,0.7179
TCGA-CS-4938-01,0.9908
TCGA-CS-4941-01,-0.1506
TCGA-CS-4942-01,0.5676
TCGA-CS-4943-01,1.8797
TCGA-CS-4944-01,0.1116
TCGA-CS-5390-01,1.1735
TCGA-CS-5393-01,1.0595
TCGA-CS-5394-01,1.24
TCGA-CS-5395-01,1.6679
TCGA-CS-5396-01,0.8038
TCGA-CS-5397-01,-0.0219
TCGA-CS-6186-01,0.4695
TCGA-CS-6188-01,0.5621
TCGA-CS-6290-01,0.2122
TCGA-CS-6665-01,0.0877
TCGA-CS-6666-01,0.5242
TCGA-CS-6667-01,0.7259
TCGA-CS-6668-01,1.633
TCGA-CS-6669-01,-2.9155
TCGA-CS-6670-01,0.1041
TCGA-DB-5270-01,-0.9487
TCGA-DB-5273-01,0.3575
TCGA-DB-5274-01,-0.8545
TCGA-DB-5275-01,0.0447
TCGA-DB-5276-01,0.0823
TCGA-DB-5277-01,-0.5658
TCGA-DB-5278-01,-0.2823
TCGA-DB-5279-01,1.6622
TCGA-DB-5280-01,1.2364
TCGA-DB-5281-01,-0.0988
TCGA-DB-A4X9-01,0.238
TCGA-DB-A4XA-01,-0.4996
TCGA-DB-A4XB-01,0.5898
TCGA-DB-A4XC-01,0.4336
TCGA-DB-A4XD-01,1.047
TCGA-DB-A4XE-01,-0.1858
TCGA-DB-A4XF-01,0.6955
TCGA-DB-A4XG-01,1.0706
TCGA-DB-A4XH-01,0.5969
TCGA-DB-A64L-01,-0.174
TCGA-DB-A64O-01,-0.5532
TCGA-DB-A64P-01,0.2082
TCGA-DB-A64Q-01,0.4494
TCGA-DB-A64R-01,0.5201
TCGA-DB-A64S-01,0.1078
TCGA-DB-A64U-01,0.3965
TCGA-DB-A64V-01,-0.6836
TCGA-DB-A64W-01,0.3858
TCGA-DB-A64X-01,-0.313
TCGA-DB-A75K-01,-0.9557
TCGA-DB-A75L-01,0.0128
TCGA-DB-A75M-01,-0.3288
TCGA-DB-A75O-01,-0.7379
TCGA-DB-A75P-01,-1.5238
TCGA-DH-5140-01,0.6122
TCGA-DH-5141-01,0.0306
TCGA-DH-5142-01,-0.4977
TCGA-DH-5143-01,0.4881
TCGA-DH-5144-01,1.4203
TCGA-DH-A669-01,1.3129
TCGA-DH-A66B-01,-0.9017
TCGA-DH-A66D-01,-0.1768
TCGA-DH-A66F-01,0.274
TCGA-DH-A66G-01,-0.5153
TCGA-DH-A7UR-01,-0.2448
TCGA-DH-A7US-01,-0.6328
TCGA-DH-A7UT-01,-0.7653
TCGA-DH-A7UU-01,0.9413
TCGA-DH-A7UV-01,-0.2652
TCGA-DU-5847-01,0.5466
TCGA-DU-5849-01,-0.2702
TCGA-DU-5851-01,-0.2615
TCGA-DU-5852-01,0.3351
TCGA-DU-5853-01,1.5884
TCGA-DU-5854-01,0.3053
TCGA-DU-5855-01,0.5919
TCGA-DU-5870-01,0.1548
TCGA-DU-5871-01,0.9214
TCGA-DU-5872-01,0.5007
TCGA-DU-5874-01,1.2747
TCGA-DU-6392-01,-0.998
TCGA-DU-6393-01,1.8288
TCGA-DU-6394-01,0.9724
TCGA-DU-6395-01,0.2
TCGA-DU-6396-01,0.0721
TCGA-DU-6397-01,-0.0168
TCGA-DU-6399-01,1.4231
TCGA-DU-6400-01,0.7067
TCGA-DU-6401-01,1.1593
TCGA-DU-6402-01,-1.9434
TCGA-DU-6403-01,0.0985
TCGA-DU-6404-01,-0.328
TCGA-DU-6405-01,0.5086
TCGA-DU-6406-01,0.9179
TCGA-DU-6407-01,1.3152
TCGA-DU-6408-01,0.1564
TCGA-DU-6410-01,1.0599
TCGA-DU-6542-01,-0.5214
TCGA-DU-7006-01,0.1592
TCGA-DU-7007-01,1.1931
TCGA-DU-7008-01,0.0809
TCGA-DU-7009-01,1.3372
TCGA-DU-7010-01,0.9576
TCGA-DU-7011-01,0.6416
TCGA-DU-7012-01,0.9406
TCGA-DU-7013-01,1.8776
TCGA-DU-7014-01,-0.8894
TCGA-DU-7015-01,1.598
TCGA-DU-7018-01,0.8246
TCGA-DU-7019-01,0.5618
TCGA-DU-7290-01,0.7312
TCGA-DU-7292-01,-0.6329
TCGA-DU-7294-01,1.1164
TCGA-DU-7298-01,0.5189
TCGA-DU-7299-01,1.2557
TCGA-DU-7300-01,0.4187
TCGA-DU-7301-01,1.8065
TCGA-DU-7302-01,0.6609
TCGA-DU-7304-01,0.8526
TCGA-DU-7306-01,0.7239
TCGA-DU-7309-01,0.0778
TCGA-DU-8158-01,0.6473
TCGA-DU-8161-01,-0.2659
TCGA-DU-8162-01,-0.8839
TCGA-DU-8163-01,0.7288
TCGA-DU-8164-01,0.6926
TCGA-DU-8165-01,3.0528
TCGA-DU-8166-01,0.8155
TCGA-DU-8167-01,-0.5785
TCGA-DU-8168-01,1.1024
TCGA-DU-A5TP-01,-1.0941
TCGA-DU-A5TR-01,-1.7359
TCGA-DU-A5TS-01,-0.641
TCGA-DU-A5TT-01,-1.0087
TCGA-DU-A5TU-01,-1.3406
TCGA-DU-A5TW-01,-0.309
TCGA-DU-A5TY-01,0.3351
TCGA-DU-A6S2-01,-0.7057
TCGA-DU-A6S3-01,-0.7588
TCGA-DU-A6S6-01,-1.8621
TCGA-DU-A6S7-01,-0.1318
TCGA-DU-A6S8-01,-0.0063
TCGA-DU-A76K-01,-1.7381
TCGA-DU-A76L-01,-0.694
TCGA-DU-A76O-01,-1.5974
TCGA-DU-A76R-01,0.4179
TCGA-DU-A7T6-01,-0.4378
TCGA-DU-A7T8-01,-0.1928
TCGA-DU-A7TA-01,0.5939
TCGA-DU-A7TB-01,-0.4214
TCGA-DU-A7TC-01,-1.9201
TCGA-DU-A7TD-01,1.1053
TCGA-DU-A7TG-01,-1.9222
TCGA-DU-A7TI-01,0.1588
TCGA-DU-A7TJ-01,0.9532
TCGA-E1-5302-01,0.1308
TCGA-E1-5303-01,0.8848
TCGA-E1-5304-01,1.4677
TCGA-E1-5305-01,1.252
TCGA-E1-5307-01,1.0495
TCGA-E1-5311-01,1.1371
TCGA-E1-5318-01,1.6755
TCGA-E1-5319-01,1.0444
TCGA-E1-5322-01,1.294
TCGA-E1-A7YD-01,1.1363
TCGA-E1-A7YE-01,1.2024
TCGA-E1-A7YH-01,0.0412
TCGA-E1-A7YI-01,0.5023
TCGA-E1-A7YJ-01,0.1331
TCGA-E1-A7YK-01,-1.15
TCGA-E1-A7YL-01,-0.6522
TCGA-E1-A7YM-01,-0.4758
TCGA-E1-A7YN-01,-0.882
TCGA-E1-A7YO-01,0.7741
TCGA-E1-A7YQ-01,-1.075
TCGA-E1-A7YS-01,1.7285
TCGA-E1-A7YU-01,-0.7855
TCGA-E1-A7YV-01,0.8151
TCGA-E1-A7YW-01,0.5513
TCGA-E1-A7YY-01,-3.0431
TCGA-E1-A7Z2-01,-1.3708
TCGA-E1-A7Z3-01,-1.197
TCGA-E1-A7Z4-01,-0.8101
TCGA-E1-A7Z6-01,0.6733
TCGA-EZ-7264-01,1.5123
TCGA-F6-A8O3-01,0.547
TCGA-F6-A8O4-01,0.3642
TCGA-FG-5962-01,0.256
TCGA-FG-5963-01,-1.0903
TCGA-FG-5964-01,-0.748
TCGA-FG-5965-01,0.8296
TCGA-FG-6688-01,-0.0135
TCGA-FG-6689-01,0.0835
TCGA-FG-6690-01,0.9714
TCGA-FG-6691-01,1.2265
TCGA-FG-6692-01,-0.9208
TCGA-FG-7634-01,1.0878
TCGA-FG-7636-01,-0.1614
TCGA-FG-7637-01,1.3431
TCGA-FG-7638-01,-0.1214
TCGA-FG-7641-01,0.2486
TCGA-FG-7643-01,-0.9146
TCGA-FG-8181-01,-3.0887
TCGA-FG-8182-01,0.7646
TCGA-FG-8185-01,-0.9108
TCGA-FG-8186-01,-0.2942
TCGA-FG-8187-01,0.2244
TCGA-FG-8188-01,0.9955
TCGA-FG-8189-01,-3.2016
TCGA-FG-8191-01,0.7065
TCGA-FG-A4MT-01,-1.1136
TCGA-FG-A4MU-01,0.0233
TCGA-FG-A4MW-01,-0.7975
TCGA-FG-A4MX-01,-0.8872
TCGA-FG-A4MY-01,-0.3393
TCGA-FG-A60J-01,0.4252
TCGA-FG-A60K-01,0.7444
TCGA-FG-A60L-01,-2.2494
TCGA-FG-A6IZ-01,-1.3339
TCGA-FG-A6J1-01,-2.0524
TCGA-FG-A6J3-01,-2.3077
TCGA-FG-A70Y-01,-0.2188
TCGA-FG-A70Z-01,-0.3314
TCGA-FG-A710-01,-0.4968
TCGA-FG-A711-01,-0.5117
TCGA-FG-A713-01,-2.3053
TCGA-FG-A87N-01,-0.2305
TCGA-FG-A87Q-01,-0.3199
TCGA-FN-7833-01,0.7391
TCGA-HT-7467-01,0.2049
TCGA-HT-7468-01,1.1955
TCGA-HT-7469-01,1.9069
TCGA-HT-7470-01,0.1189
TCGA-HT-7471-01,0.9126
TCGA-HT-7472-01,1.1663
TCGA-HT-7473-01,1.7739
TCGA-HT-7474-01,-0.6919
TCGA-HT-7475-01,-0.811
TCGA-HT-7476-01,-0.5084
TCGA-HT-7477-01,-0.3607
TCGA-HT-7478-01,0.2694
TCGA-HT-7479-01,0.6741
TCGA-HT-7480-01,0.7704
TCGA-HT-7481-01,0.5146
TCGA-HT-7482-01,1.244
TCGA-HT-7483-01,0.5905
TCGA-HT-7485-01,1.422
TCGA-HT-7601-01,0.3329
TCGA-HT-7602-01,0.3412
TCGA-HT-7603-01,-1.3694
TCGA-HT-7604-01,1.3816
TCGA-HT-7605-01,-0.3959
TCGA-HT-7606-01,0.447
TCGA-HT-7607-01,-0.9252
TCGA-HT-7608-01,0.3903
TCGA-HT-7609-01,1.0931
TCGA-HT-7610-01,0.3085
TCGA-HT-7611-01,1.5061
TCGA-HT-7616-01,1.3485
TCGA-HT-7620-01,0.4623
TCGA-HT-7676-01,0.6842
TCGA-HT-7677-01,0.7616
TCGA-HT-7680-01,1.2019
TCGA-HT-7681-01,-0.9155
TCGA-HT-7684-01,-0.404
TCGA-HT-7686-01,0.5567
TCGA-HT-7687-01,1.1485
TCGA-HT-7688-01,-1.6116
TCGA-HT-7689-01,0.8126
TCGA-HT-7690-01,0.2049
TCGA-HT-7691-01,-0.3145
TCGA-HT-7692-01,0.5313
TCGA-HT-7693-01,0.938
TCGA-HT-7694-01,-1.0282
TCGA-HT-7695-01,0.1779
TCGA-HT-7854-01,0.8809
TCGA-HT-7855-01,0.9665
TCGA-HT-7856-01,-1.1344
TCGA-HT-7857-01,-0.3333
TCGA-HT-7858-01,0.8349
TCGA-HT-7860-01,1.1203
TCGA-HT-7873-01,0.6606
TCGA-HT-7874-01,-0.8301
TCGA-HT-7875-01,0.6002
TCGA-HT-7877-01,0.3712
TCGA-HT-7879-01,-0.3395
TCGA-HT-7880-01,-1.6789
TCGA-HT-7881-01,-1.3366
TCGA-HT-7882-01,-1.1905
TCGA-HT-7884-01,-0.0629
TCGA-HT-7902-01,-0.0733
TCGA-HT-8010-01,-0.6991
TCGA-HT-8011-01,-3.0608
TCGA-HT-8012-01,0.4781
TCGA-HT-8013-01,0.244
TCGA-HT-8015-01,-1.7614
TCGA-HT-8018-01,-1.6018
TCGA-HT-8019-01,-3.2378
TCGA-HT-8104-01,0.5854
TCGA-HT-8105-01,0.7958
TCGA-HT-8106-01,-0.6109
TCGA-HT-8107-01,-2.0998
TCGA-HT-8108-01,0.5637
TCGA-HT-8109-01,0.3566
TCGA-HT-8110-01,-0.0034
TCGA-HT-8111-01,0.3802
TCGA-HT-8113-01,-2.2754
TCGA-HT-8114-01,0.7645
TCGA-HT-8558-01,-2.3179
TCGA-HT-8563-01,-0.4266
TCGA-HT-8564-01,1.4507
TCGA-HT-A4DS-01,-3.2356
TCGA-HT-A4DV-01,-1.4867
TCGA-HT-A5R5-01,-0.4899
TCGA-HT-A5R7-01,-1.444
TCGA-HT-A5R9-01,0.9727
TCGA-HT-A5RA-01,0.4505
TCGA-HT-A5RB-01,0.5081
TCGA-HT-A5RC-01,0.3243
TCGA-HT-A614-01,-0.2013
TCGA-HT-A615-01,0.6576
TCGA-HT-A616-01,-0.1936
TCGA-HT-A617-01,-0.9867
TCGA-HT-A618-01,0.1831
TCGA-HT-A61A-01,-2.1781
TCGA-HT-A61B-01,0.0038
TCGA-HT-A61C-01,-2.211
TCGA-HT-A74H-01,-1.0861
TCGA-HT-A74J-01,-0.7753
TCGA-HT-A74K-01,-3.0529
TCGA-HT-A74L-01,1.2049
TCGA-HT-A74O-01,-2.293
TCGA-HW-7486-01,0.5767
TCGA-HW-7487-01,-0.0669
TCGA-HW-7489-01,-1.1377
TCGA-HW-7490-01,1.1989
TCGA-HW-7491-01,1.3932
TCGA-HW-7493-01,0.3845
TCGA-HW-7495-01,-0.2611
TCGA-HW-8319-01,0.7491
TCGA-HW-8320-01,0.8261
TCGA-HW-8321-01,0.4942
TCGA-HW-8322-01,0.7194
TCGA-HW-A5KJ-01,-0.2789
TCGA-HW-A5KK-01,-0.425
TCGA-HW-A5KL-01,0.7233
TCGA-HW-A5KM-01,1.1046
TCGA-IK-7675-01,1.563
TCGA-IK-8125-01,0.3574
TCGA-KT-A74X-01,-0.326
TCGA-KT-A7W1-01,0.7025
TCGA-P5-A5ET-01,-0.6511
TCGA-P5-A5EU-01,0.2007
TCGA-P5-A5EV-01,-0.1119
TCGA-P5-A5EW-01,1.4551
TCGA-P5-A5EX-01,-0.764
TCGA-P5-A5EY-01,-0.1218
TCGA-P5-A5EZ-01,0.3525
TCGA-P5-A5F0-01,-0.6844
TCGA-P5-A5F1-01,-0.4533
TCGA-P5-A5F2-01,-0.2005
TCGA-P5-A5F4-01,-1.0344
TCGA-P5-A5F6-01,0.686
TCGA-P5-A72U-01,-1.2232
TCGA-P5-A72W-01,-3.0151
TCGA-P5-A72X-01,-0.5293
TCGA-P5-A72Z-01,0.2366
TCGA-P5-A730-01,0.9601
TCGA-P5-A731-01,-0.9736
TCGA-P5-A733-01,-1.2672
TCGA-P5-A735-01,-0.4175
TCGA-P5-A736-01,-0.5376
TCGA-P5-A737-01,0.5866
TCGA-P5-A77W-01,0.3821
TCGA-P5-A77X-01,0.1469
TCGA-P5-A780-01,0.2434
TCGA-P5-A781-01,0.1545
TCGA-QH-A65R-01,0.0768
TCGA-QH-A65S-01,0.3814
TCGA-QH-A65V-01,-0.2431
TCGA-QH-A65X-01,-2.7432
TCGA-QH-A65Z-01,0.1378
TCGA-QH-A6CS-01,-1.182
TCGA-QH-A6CU-01,-0.7541
TCGA-QH-A6CV-01,-0.8736
TCGA-QH-A6CW-01,0.0734
TCGA-QH-A6CX-01,-0.8658
TCGA-QH-A6CY-01,-0.2786
TCGA-QH-A6CZ-01,0.5058
TCGA-QH-A6X3-01,1.1677
TCGA-QH-A6X4-01,-0.3204
TCGA-QH-A6X5-01,-0.5662
TCGA-QH-A6X8-01,0.1345
TCGA-QH-A6X9-01,1.0124
TCGA-QH-A6XA-01,0.3463
TCGA-QH-A6XC-01,-2.0613
TCGA-QH-A86X-01,-0.0167
TCGA-QH-A870-01,0.3873
TCGA-R8-A6MK-01,0.4145
TCGA-R8-A6ML-01,0.3382
TCGA-R8-A6MO-01,0.1339
TCGA-R8-A6YH-01,-0.648
TCGA-RY-A83X-01,-0.0416
TCGA-RY-A83Y-01,-1.2307
TCGA-RY-A83Z-01,-1.1608
TCGA-RY-A840-01,-0.6308
TCGA-RY-A843-01,0.3176
TCGA-RY-A845-01,0.1146
TCGA-RY-A847-01,0.0114
TCGA-S9-A6TS-01,-0.4279
TCGA-S9-A6TU-01,-0.58
TCGA-S9-A6TV-01,-0.8768
TCGA-S9-A6TW-01,-0.8168
TCGA-S9-A6TX-01,-0.474
TCGA-S9-A6TY-01,0.6205
TCGA-S9-A6TZ-01,1.1557
TCGA-S9-A6U0-01,-1.0327
TCGA-S9-A6U1-01,0.8033
TCGA-S9-A6U2-01,0.7593
TCGA-S9-A6U5-01,-0.1782
TCGA-S9-A6U6-01,-0.1015
TCGA-S9-A6U8-01,0.5589
TCGA-S9-A6U9-01,0.2949
TCGA-S9-A6UA-01,-1.0186
TCGA-S9-A6UB-01,1.0756
TCGA-S9-A6WD-01,0.6814
TCGA-S9-A6WE-01,0.2898
TCGA-S9-A6WG-01,-0.596
TCGA-S9-A6WH-01,0.4674
TCGA-S9-A6WI-01,-2.6456
TCGA-S9-A6WL-01,-0.0885
TCGA-S9-A6WM-01,-0.2483
TCGA-S9-A6WN-01,-0.2101
TCGA-S9-A6WO-01,0.8359
TCGA-S9-A6WP-01,-0.0856
TCGA-S9-A6WQ-01,-0.5181
TCGA-S9-A7IQ-01,-2.6948
TCGA-S9-A7IS-01,0.7663
TCGA-S9-A7IX-01,-0.6508
TCGA-S9-A7IY-01,0.1425
TCGA-S9-A7IZ-01,-0.343
TCGA-S9-A7J0-01,0.4809
TCGA-S9-A7J1-01,0.5169
TCGA-S9-A7J2-01,0.2653
TCGA-S9-A7J3-01,0.4255
TCGA-S9-A7QW-01,-1.1049
TCGA-S9-A7QX-01,0.171
TCGA-S9-A7QY-01,-0.3786
TCGA-S9-A7QZ-01,0.3303
TCGA-S9-A7R1-01,0.1247
TCGA-S9-A7R2-01,-0.4239
TCGA-S9-A7R3-01,0.5536
TCGA-S9-A7R4-01,0.993
TCGA-S9-A7R7-01,0.3712
TCGA-S9-A7R8-01,0.7937
TCGA-S9-A89V-01,-0.5922
TCGA-S9-A89Z-01,0.0738
TCGA-TM-A7C3-01,0.3041
TCGA-TM-A7C4-01,-0.4299
TCGA-TM-A7C5-01,0.2661
TCGA-TM-A7CA-01,0.423
TCGA-TM-A7CF-01,-0.2762
TCGA-TM-A84B-01,0.1224
TCGA-TM-A84C-01,-0.3276
TCGA-TM-A84F-01,-0.8462
TCGA-TM-A84G-01,0.8803
TCGA-TM-A84H-01,0.1539
TCGA-TM-A84I-01,1.4164
TCGA-TM-A84J-01,-0.4527
TCGA-TM-A84L-01,0.0841
TCGA-TM-A84M-01,0.9187
TCGA-TM-A84O-01,0.1907
TCGA-TM-A84Q-01,-0.175
TCGA-TM-A84R-01,-1.533
TCGA-TM-A84S-01,0.5269
TCGA-TM-A84T-01,0.4702
TCGA-TQ-A7RF-01,0.2183
TCGA-TQ-A7RG-01,0.3648
TCGA-TQ-A7RH-01,-0.0048
TCGA-TQ-A7RI-01,-0.2369
TCGA-TQ-A7RJ-01,0.4381
TCGA-TQ-A7RK-01,-0.0533
TCGA-TQ-A7RM-01,1.8448
TCGA-TQ-A7RN-01,0.5402
TCGA-TQ-A7RO-01,0.2112
TCGA-TQ-A7RP-01,-0.7515
TCGA-TQ-A7RQ-01,0.8097
TCGA-TQ-A7RR-01,-0.0913
TCGA-TQ-A7RS-01,0.113
TCGA-TQ-A7RU-01,-0.0297
TCGA-TQ-A7RV-01,-0.0568
TCGA-TQ-A7RW-01,1.0109
TCGA-TQ-A8XE-01,-0.2033
TCGA-VM-A8C8-01,-2.1953
TCGA-VM-A8C9-01,-2.5401
TCGA-VM-A8CA-01,-1.3639
TCGA-VM-A8CB-01,-0.8964
TCGA-VM-A8CD-01,-1.3003
TCGA-VM-A8CE-01,-0.1784
TCGA-VM-A8CF-01,-2.5068
TCGA-VM-A8CH-01,0.4366
TCGA-VV-A829-01,1.4898
TCGA-VV-A86M-01,0.9146
TCGA-VW-A7QS-01,-0.4334
TCGA-VW-A8FI-01,0.1813
TCGA-W9-A837-01,0.0555
TCGA-WH-A86K-01,-0.2137
TCGA-WY-A858-01,-0.8945
TCGA-WY-A859-01,-1.9726
TCGA-WY-A85A-01,0.48
TCGA-WY-A85B-01,0.327
TCGA-WY-A85C-01,0.2849
TCGA-WY-A85D-01,-0.2584
TCGA-WY-A85E-01,0.032
TCGA-2V-A95S-01,1.0805
TCGA-2Y-A9GS-01,0.8432
TCGA-2Y-A9GT-01,0.9897
TCGA-2Y-A9GU-01,-0.5739
TCGA-2Y-A9GV-01,-0.3011
TCGA-2Y-A9GW-01,0.5728
TCGA-2Y-A9GX-01,0.2877
TCGA-2Y-A9GY-01,-0.179
TCGA-2Y-A9GZ-01,0.6171
TCGA-2Y-A9H0-01,1.231
TCGA-2Y-A9H1-01,-1.8698
TCGA-2Y-A9H2-01,0.4828
TCGA-2Y-A9H3-01,-1.8425
TCGA-2Y-A9H4-01,0.8276
TCGA-2Y-A9H5-01,-0.0311
TCGA-2Y-A9H6-01,-0.4905
TCGA-2Y-A9H7-01,-0.4026
TCGA-2Y-A9H8-01,-0.3503
TCGA-2Y-A9H9-01,-0.3982
TCGA-2Y-A9HA-01,0.1112
TCGA-2Y-A9HB-01,0.6017
TCGA-3K-AAZ8-01,-1.0522
TCGA-4R-AA8I-01,0.5752
TCGA-5C-A9VG-01,-0.4765
TCGA-5C-A9VH-01,-0.6163
TCGA-5C-AAPD-01,-0.0398
TCGA-5R-AA1C-01,1.3586
TCGA-5R-AA1D-01,0.5328
TCGA-5R-AAAM-01,-0.2163
TCGA-BC-4072-01,0.4606
TCGA-BC-4073-01,1.2166
TCGA-BC-A10Q-01,0.0844
TCGA-BC-A10R-01,0.747
TCGA-BC-A10S-01,-0.5049
TCGA-BC-A10T-01,0.2894
TCGA-BC-A10U-01,2.313
TCGA-BC-A10W-01,0.5232
TCGA-BC-A10X-01,0.5544
TCGA-BC-A10Y-01,0.8435
TCGA-BC-A10Z-01,1.1362
TCGA-BC-A110-01,-0.7564
TCGA-BC-A112-01,0.7248
TCGA-BC-A216-01,1.2044
TCGA-BC-A217-01,0.7388
TCGA-BC-A3KF-01,0.0498
TCGA-BC-A3KG-01,1.7702
TCGA-BC-A5W4-01,-1.0891
TCGA-BC-A69H-01,-2.6999
TCGA-BC-A69I-01,-0.0039
TCGA-BC-A8YO-01,1.7023
TCGA-BD-A2L6-01,-0.3112
TCGA-BD-A3EP-01,0.632
TCGA-BW-A5NO-01,1.0065
TCGA-BW-A5NP-01,0.5476
TCGA-BW-A5NQ-01,0.0735
TCGA-CC-5258-01,3.915
TCGA-CC-5259-01,-0.8243
TCGA-CC-5260-01,0.8828
TCGA-CC-5261-01,1.6523
TCGA-CC-5262-01,-0.9214
TCGA-CC-5263-01,1.4627
TCGA-CC-5264-01,2.9341
TCGA-CC-A123-01,-2.1417
TCGA-CC-A1HT-01,0.6926
TCGA-CC-A3M9-01,0.4398
TCGA-CC-A3MA-01,0.6742
TCGA-CC-A3MB-01,0.8553
TCGA-CC-A3MC-01,-0.939
TCGA-CC-A5UC-01,-1.5243
TCGA-CC-A5UD-01,-1.0953
TCGA-CC-A5UE-01,1.6259
TCGA-CC-A7IE-01,0.6222
TCGA-CC-A7IF-01,0.0211
TCGA-CC-A7IG-01,-0.5094
TCGA-CC-A7IH-01,1.8014
TCGA-CC-A7II-01,-1.0037
TCGA-CC-A7IJ-01,0.2754
TCGA-CC-A7IK-01,0.5041
TCGA-CC-A7IL-01,-1.1524
TCGA-CC-A8HT-01,-1.03
TCGA-CC-A8HU-01,0.7274
TCGA-CC-A8HV-01,-0.2245
TCGA-CC-A9FS-01,1.5108
TCGA-CC-A9FU-01,-0.5666
TCGA-CC-A9FV-01,-0.1478
TCGA-CC-A9FW-01,0.1178
TCGA-DD-A113-01,0.516
TCGA-DD-A114-01,2.2121
TCGA-DD-A115-01,0.108
TCGA-DD-A116-01,-0.6064
TCGA-DD-A118-01,0.2891
TCGA-DD-A119-01,-0.732
TCGA-DD-A11A-01,1.2144
TCGA-DD-A11B-01,0.6815
TCGA-DD-A11C-01,0.7529
TCGA-DD-A11D-01,-0.3735
TCGA-DD-A1E9-01,
TCGA-DD-A1EA-01,1.8645
TCGA-DD-A1EB-01,0.7967
TCGA-DD-A1EC-01,-0.0544
TCGA-DD-A1ED-01,0.4634
TCGA-DD-A1EE-01,1.1808
TCGA-DD-A1EF-01,-0.0587
TCGA-DD-A1EG-01,-0.7175
TCGA-DD-A1EH-01,0.9703
TCGA-DD-A1EI-01,0.1628
TCGA-DD-A1EJ-01,0.1111
TCGA-DD-A1EK-01,-0.0899
TCGA-DD-A1EL-01,0.6461
TCGA-DD-A39V-01,-0.2895
TCGA-DD-A39W-01,0.7046
TCGA-DD-A39X-01,-1.4614
TCGA-DD-A39Y-01,-1.5977
TCGA-DD-A39Z-01,-1.2474
TCGA-DD-A3A0-01,
TCGA-DD-A3A1-01,-2.3636
TCGA-DD-A3A2-01,-0.3591
TCGA-DD-A3A3-01,-1.5183
TCGA-DD-A3A4-01,0.7996
TCGA-DD-A3A5-01,-0.8806
TCGA-DD-A3A6-01,-1.2023
TCGA-DD-A3A7-01,-1.6149
TCGA-DD-A3A8-01,-0.6051
TCGA-DD-A3A9-01,-1.7074
TCGA-DD-A4NA-01,0.8583
TCGA-DD-A4NB-01,0.2203
TCGA-DD-A4ND-01,0.2625
TCGA-DD-A4NE-01,1.3034
TCGA-DD-A4NF-01,2.1282
TCGA-DD-A4NG-01,0.7881
TCGA-DD-A4NH-01,-0.5514
TCGA-DD-A4NI-01,0.1667
TCGA-DD-A4NJ-01,0.8011
TCGA-DD-A4NK-01,-0.4884
TCGA-DD-A4NL-01,-0.3713
TCGA-DD-A4NN-01,-0.9044
TCGA-DD-A4NO-01,0.5024
TCGA-DD-A4NP-01,-0.3518
TCGA-DD-A4NQ-01,-1.1098
TCGA-DD-A4NR-01,-1.0309
TCGA-DD-A4NS-01,0.362
TCGA-DD-A4NV-01,0.7942
TCGA-DD-A73A-01,-0.3022
TCGA-DD-A73B-01,0.7528
TCGA-DD-A73C-01,1.0155
TCGA-DD-A73D-01,-0.1063
TCGA-DD-A73E-01,0.2324
TCGA-DD-A73F-01,-0.1754
TCGA-DD-A73G-01,-2.9411
TCGA-DD-AA3A-01,0.4465
TCGA-DD-AAC8-01,0.8607
TCGA-DD-AAC9-01,-1.6147
TCGA-DD-AACA-01,0.8895
TCGA-DD-AACB-01,-0.0813
TCGA-DD-AACC-01,-0.8888
TCGA-DD-AACD-01,-0.2815
TCGA-DD-AACE-01,-0.6589
TCGA-DD-AACF-01,0.838
TCGA-DD-AACG-01,-0.7218
TCGA-DD-AACH-01,0.3182
TCGA-DD-AACI-01,0.5196
TCGA-DD-AACJ-01,-1.6514
TCGA-DD-AACK-01,-0.0694
TCGA-DD-AACL-01,-1.2782
TCGA-DD-AACM-01,
TCGA-DD-AACN-01,0.2642
TCGA-DD-AACO-01,-1.1064
TCGA-DD-AACP-01,-0.1034
TCGA-DD-AACQ-01,-0.8002
TCGA-DD-AACS-01,1.5224
TCGA-DD-AACT-01,-1.2691
TCGA-DD-AACU-01,0.3412
TCGA-DD-AACV-01,0.8623
TCGA-DD-AACW-01,-0.4089
TCGA-DD-AACX-01,0.3131
TCGA-DD-AACY-01,-0.6344
TCGA-DD-AACZ-01,0.7353
TCGA-DD-AAD0-01,-0.7559
TCGA-DD-AAD1-01,0.4089
TCGA-DD-AAD2-01,-0.7864
TCGA-DD-AAD3-01,0.1586
TCGA-DD-AAD5-01,-2.1426
TCGA-DD-AAD6-01,-0.1463
TCGA-DD-AAD8-01,0.6658
TCGA-DD-AADA-01,0.3308
TCGA-DD-AADB-01,-0.2903
TCGA-DD-AADC-01,0.3808
TCGA-DD-AADD-01,0.2699
TCGA-DD-AADE-01,
TCGA-DD-AADF-01,-0.6324
TCGA-DD-AADG-01,-0.225
TCGA-DD-AADI-01,-0.2559
TCGA-DD-AADJ-01,-1.4663
TCGA-DD-AADK-01,-1.4025
TCGA-DD-AADL-01,-0.022
TCGA-DD-AADM-01,-1.8156
TCGA-DD-AADN-01,-2.5023
TCGA-DD-AADO-01,-1.8369
TCGA-DD-AADP-01,0.9709
TCGA-DD-AADQ-01,-0.703
TCGA-DD-AADR-01,-0.3262
TCGA-DD-AADS-01,-2.1316
TCGA-DD-AADU-01,-1.3025
TCGA-DD-AADV-01,1.1537
TCGA-DD-AADW-01,0.8683
TCGA-DD-AADY-01,2.0149
TCGA-DD-AAE0-01,-1.6831
TCGA-DD-AAE1-01,-0.5806
TCGA-DD-AAE2-01,0.2106
TCGA-DD-AAE3-01,-1.0955
TCGA-DD-AAE4-01,-0.686
TCGA-DD-AAE6-01,-1.1706
TCGA-DD-AAE7-01,-1.0037
TCGA-DD-AAE8-01,
TCGA-DD-AAE9-01,0.2963
TCGA-DD-AAEA-01,-1.5032
TCGA-DD-AAEB-01,-0.4972
TCGA-DD-AAED-01,0.9688
TCGA-DD-AAEE-01,0.1956
TCGA-DD-AAEG-01,-0.6511
TCGA-DD-AAEH-01,0.8468
TCGA-DD-AAEI-01,-0.6271
TCGA-DD-AAEK-01,-0.2969
TCGA-DD-AAVP-01,0.6867
TCGA-DD-AAVQ-01,-0.2932
TCGA-DD-AAVR-01,-0.1545
TCGA-DD-AAVS-01,0.3707
TCGA-DD-AAVU-01,-0.9486
TCGA-DD-AAVV-01,0.6461
TCGA-DD-AAVW-01,0.8271
TCGA-DD-AAVX-01,-0.4116
TCGA-DD-AAVY-01,1.3357
TCGA-DD-AAVZ-01,0.5865
TCGA-DD-AAW0-01,0.053
TCGA-DD-AAW1-01,2.5005
TCGA-DD-AAW2-01,1.4517
TCGA-DD-AAW3-01,-0.5662
TCGA-ED-A459-01,1.5529
TCGA-ED-A4XI-01,0.1208
TCGA-ED-A5KG-01,1.4766
TCGA-ED-A627-01,0.2109
TCGA-ED-A66X-01,0.0301
TCGA-ED-A66Y-01,0.7085
TCGA-ED-A7PX-01,0.3106
TCGA-ED-A7PY-01,0.0377
TCGA-ED-A7PZ-01,-0.9126
TCGA-ED-A7XO-01,-0.4922
TCGA-ED-A7XP-01,1.4478
TCGA-ED-A82E-01,0.6289
TCGA-ED-A8O5-01,0.9232
TCGA-ED-A8O6-01,-0.1632
TCGA-ED-A97K-01,-0.3351
TCGA-EP-A12J-01,1.5772
TCGA-EP-A26S-01,0.4904
TCGA-EP-A2KA-01,-1.1784
TCGA-EP-A2KB-01,-0.6193
TCGA-EP-A2KC-01,0.2728
TCGA-EP-A3JL-01,-0.559
TCGA-EP-A3RK-01,-0.0009
TCGA-ES-A2HS-01,-0.9075
TCGA-ES-A2HT-01,-1.5932
TCGA-FV-A23B-01,0.3182
TCGA-FV-A2QQ-01,-0.9053
TCGA-FV-A2QR-01,0.515
TCGA-FV-A3I0-01,1.1895
TCGA-FV-A3I1-01,-0.1767
TCGA-FV-A3R2-01,-0.0571
TCGA-FV-A3R3-01,0.4
TCGA-FV-A495-01,-1.6926
TCGA-FV-A496-01,0.0324
TCGA-FV-A4ZP-01,-4.9769
TCGA-FV-A4ZQ-01,0.2356
TCGA-G3-A25S-01,-0.8026
TCGA-G3-A25T-01,-0.1373
TCGA-G3-A25U-01,0.9502
TCGA-G3-A25V-01,-0.7945
TCGA-G3-A25W-01,
TCGA-G3-A25X-01,-1.1409
TCGA-G3-A25Y-01,0.0998
TCGA-G3-A25Z-01,-1.1042
TCGA-G3-A3CH-01,0.6134
TCGA-G3-A3CI-01,-0.0845
TCGA-G3-A3CJ-01,-1.4156
TCGA-G3-A3CK-01,0.1405
TCGA-G3-A5SI-01,1.6391
TCGA-G3-A5SJ-01,-0.0725
TCGA-G3-A5SK-01,1.1178
TCGA-G3-A5SL-01,-0.0228
TCGA-G3-A5SM-01,0.2502
TCGA-G3-A6UC-01,1.5737
TCGA-G3-A7M5-01,-1.1249
TCGA-G3-A7M6-01,0.5472
TCGA-G3-A7M7-01,-1.7587
TCGA-G3-A7M8-01,-1.0667
TCGA-G3-A7M9-01,0.4542
TCGA-G3-AAUZ-01,-1.2186
TCGA-G3-AAV0-01,-0.5226
TCGA-G3-AAV1-01,1.0497
TCGA-G3-AAV2-01,0.563
TCGA-G3-AAV3-01,1.1926
TCGA-G3-AAV4-01,0.5759
TCGA-G3-AAV5-01,-1.1742
TCGA-G3-AAV6-01,0.4817
TCGA-G3-AAV7-01,1.0364
TCGA-GJ-A3OU-01,-0.2506
TCGA-GJ-A6C0-01,1.0546
TCGA-GJ-A9DB-01,0.3071
TCGA-HP-A5MZ-01,0.3198
TCGA-HP-A5N0-01,0.9268
TCGA-K7-A5RF-01,-0.3753
TCGA-K7-A5RG-01,0.8521
TCGA-K7-A6G5-01,0.2198
TCGA-K7-AAU7-01,0.3811
TCGA-KR-A7K0-01,-0.2408
TCGA-KR-A7K2-01,-0.3183
TCGA-KR-A7K7-01,-0.5087
TCGA-KR-A7K8-01,-1.5908
TCGA-LG-A6GG-01,-0.2165
TCGA-LG-A9QC-01,0.405
TCGA-LG-A9QD-01,-1.0119
TCGA-MI-A75C-01,-1.4525
TCGA-MI-A75E-01,-0.0452
TCGA-MI-A75G-01,0.5997
TCGA-MI-A75H-01,-0.7114
TCGA-MI-A75I-01,-0.4359
TCGA-MR-A520-01,0.0177
TCGA-MR-A8JO-01,-0.0087
TCGA-NI-A4U2-01,0.1
TCGA-NI-A8LF-01,0.5629
TCGA-O8-A75V-01,-1.5762
TCGA-PD-A5DF-01,-0.4073
TCGA-QA-A7B7-01,0.4836
TCGA-RC-A6M3-01,-0.8268
TCGA-RC-A6M4-01,-0.2632
TCGA-RC-A6M5-01,-0.3482
TCGA-RC-A6M6-01,-0.4505
TCGA-RC-A7S9-01,-0.4737
TCGA-RC-A7SB-01,-0.4964
TCGA-RC-A7SF-01,-0.1206
TCGA-RC-A7SH-01,-1.3238
TCGA-RC-A7SK-01,-1.3017
TCGA-RG-A7D4-01,0.6961
TCGA-UB-A7MA-01,0.2343
TCGA-UB-A7MB-01,1.0219
TCGA-UB-A7MC-01,1.8197
TCGA-UB-A7MD-01,-0.4917
TCGA-UB-A7ME-01,0.1258
TCGA-UB-A7MF-01,-0.7137
TCGA-UB-AA0U-01,-0.159
TCGA-UB-AA0V-01,0.4147
TCGA-WJ-A86L-01,1.0873
TCGA-WQ-A9G7-01,-1.779
TCGA-WQ-AB4B-01,-0.9799
TCGA-WX-AA44-01,0.0596
TCGA-WX-AA46-01,0.4366
TCGA-WX-AA47-01,-0.8309
TCGA-XR-A8TD-01,0.4551
TCGA-XR-A8TE-01,0.3446
TCGA-XR-A8TF-01,0.8473
TCGA-XR-A8TG-01,1.0964
TCGA-YA-A8S7-01,0.3323
TCGA-ZP-A9CV-01,0.7177
TCGA-ZP-A9CY-01,-0.184
TCGA-ZP-A9CZ-01,0.1552
TCGA-ZP-A9D0-01,0.5603
TCGA-ZP-A9D1-01,0.4361
TCGA-ZP-A9D2-01,0.1502
TCGA-ZP-A9D4-01,-0.1577
TCGA-ZS-A9CD-01,0.3647
TCGA-ZS-A9CE-01,-0.5079
TCGA-ZS-A9CF-01,1.0056
TCGA-ZS-A9CG-01,1.5767
TCGA-05-4244-01,0.9433
TCGA-05-4249-01,0.2969
TCGA-05-4250-01,0.8871
TCGA-05-4382-01,-2.1884
TCGA-05-4384-01,-0.3539
TCGA-05-4389-01,-0.0986
TCGA-05-4390-01,-0.978
TCGA-05-4395-01,-1.5958
TCGA-05-4396-01,1.3997
TCGA-05-4397-01,2.2797
TCGA-05-4398-01,-1.7326
TCGA-05-4402-01,0.244
TCGA-05-4403-01,-0.477
TCGA-05-4405-01,0.0221
TCGA-05-4410-01,-0.4993
TCGA-05-4415-01,0.5292
TCGA-05-4417-01,0.161
TCGA-05-4418-01,-0.7449
TCGA-05-4420-01,-0.1058
TCGA-05-4422-01,-0.2078
TCGA-05-4424-01,0.7646
TCGA-05-4425-01,-0.6843
TCGA-05-4426-01,1.7001
TCGA-05-4427-01,0.0776
TCGA-05-4430-01,-0.8174
TCGA-05-4432-01,0.2712
TCGA-05-4433-01,0.386
TCGA-05-4434-01,1.2549
TCGA-05-5423-01,0.7573
TCGA-05-5425-01,-0.5115
TCGA-05-5428-01,0.4267
TCGA-05-5429-01,-0.3081
TCGA-05-5715-01,-0.6699
TCGA-17-Z000-01,
TCGA-17-Z001-01,
TCGA-17-Z002-01,
TCGA-17-Z003-01,
TCGA-17-Z004-01,
TCGA-17-Z005-01,
TCGA-17-Z007-01,
TCGA-17-Z009-01,
TCGA-17-Z010-01,
TCGA-17-Z011-01,
TCGA-17-Z013-01,
TCGA-17-Z014-01,
TCGA-17-Z015-01,
TCGA-17-Z016-01,
TCGA-17-Z017-01,
TCGA-17-Z018-01,
TCGA-17-Z019-01,
TCGA-17-Z020-01,
TCGA-17-Z021-01,
TCGA-17-Z022-01,
TCGA-17-Z023-01,
TCGA-17-Z025-01,
TCGA-17-Z026-01,
TCGA-17-Z027-01,
TCGA-17-Z028-01,
TCGA-17-Z030-01,
TCGA-17-Z031-01,
TCGA-17-Z032-01,
TCGA-17-Z033-01,
TCGA-17-Z036-01,
TCGA-17-Z037-01,
TCGA-17-Z041-01,
TCGA-17-Z042-01,
TCGA-17-Z043-01,
TCGA-17-Z044-01,
TCGA-17-Z045-01,
TCGA-17-Z047-01,
TCGA-17-Z048-01,
TCGA-17-Z049-01,
TCGA-17-Z050-01,
TCGA-17-Z051-01,
TCGA-17-Z052-01,
TCGA-17-Z053-01,
TCGA-17-Z054-01,
TCGA-17-Z055-01,
TCGA-17-Z056-01,
TCGA-17-Z057-01,
TCGA-17-Z058-01,
TCGA-17-Z059-01,
TCGA-17-Z060-01,
TCGA-17-Z061-01,
TCGA-17-Z062-01,
TCGA-35-3615-01,-0.7629
TCGA-35-4122-01,-0.7822
TCGA-35-4123-01,-0.8878
TCGA-35-5375-01,3.0018
TCGA-38-4625-01,0.7728
TCGA-38-4626-01,-0.5263
TCGA-38-4627-01,0.7869
TCGA-38-4628-01,-1.1087
TCGA-38-4631-01,0.0501
TCGA-38-4632-01,-1.5114
TCGA-38-6178-01,0.1236
TCGA-38-7271-01,0.5723
TCGA-38-A44F-01,-1.0934
TCGA-44-2655-01,0.3029
TCGA-44-2656-01,0.3606
TCGA-44-2657-01,-0.2423
TCGA-44-2659-01,1.1066
TCGA-44-2662-01,-0.749
TCGA-44-2665-01,-0.5322
TCGA-44-2666-01,0.2521
TCGA-44-2668-01,0.0328
TCGA-44-3396-01,-1.1037
TCGA-44-3398-01,-0.2397
TCGA-44-3917-01,
TCGA-44-3918-01,0.1643
TCGA-44-3919-01,-0.1735
TCGA-44-4112-01,-0.0469
TCGA-44-5643-01,1.0935
TCGA-44-5644-01,0.47
TCGA-44-5645-01,1.6646
TCGA-44-6144-01,
TCGA-44-6145-01,0.0028
TCGA-44-6146-01,0.6278
TCGA-44-6148-01,0.5899
TCGA-44-6774-01,-0.7565
TCGA-44-6775-01,0.0491
TCGA-44-6776-01,-1.2271
TCGA-44-6777-01,1.2746
TCGA-44-6778-01,1.1958
TCGA-44-6779-01,0.8413
TCGA-44-7659-01,-0.1105
TCGA-44-7660-01,0.3167
TCGA-44-7661-01,-0.4238
TCGA-44-7662-01,-0.8918
TCGA-44-7667-01,0.5295
TCGA-44-7669-01,1.4758
TCGA-44-7670-01,0.6024
TCGA-44-7671-01,-1.5323
TCGA-44-7672-01,-0.1869
TCGA-44-8117-01,0.7886
TCGA-44-8119-01,0.9131
TCGA-44-8120-01,0.0173
TCGA-44-A479-01,0.3607
TCGA-44-A47A-01,-0.7791
TCGA-44-A47B-01,0.3517
TCGA-44-A47F-01,
TCGA-44-A47G-01,-1.3309
TCGA-44-A4SS-01,-0.4672
TCGA-44-A4SU-01,1.0512
TCGA-49-4486-01,0.3268
TCGA-49-4487-01,0.184
TCGA-49-4488-01,-1.1302
TCGA-49-4490-01,-1.0774
TCGA-49-4494-01,-0.8325
TCGA-49-4501-01,0.3481
TCGA-49-4505-01,-0.2423
TCGA-49-4506-01,-1.5055
TCGA-49-4507-01,-1.1414
TCGA-49-4510-01,0.3963
TCGA-49-4512-01,-0.432
TCGA-49-4514-01,-0.9784
TCGA-49-6742-01,0.5311
TCGA-49-6743-01,1.4885
TCGA-49-6744-01,0.5726
TCGA-49-6745-01,0.1965
TCGA-49-6761-01,-0.4006
TCGA-49-6767-01,2.247
TCGA-49-AAQV-01,1.0994
TCGA-49-AAR0-01,-1.4163
TCGA-49-AAR2-01,-1.5081
TCGA-49-AAR3-01,0.364
TCGA-49-AAR4-01,-1.9845
TCGA-49-AAR9-01,-0.5883
TCGA-49-AARE-01,-1.1619
TCGA-49-AARN-01,-0.5949
TCGA-49-AARO-01,-1.322
TCGA-49-AARQ-01,-1.2736
TCGA-49-AARR-01,-1.2185
TCGA-4B-A93V-01,-1.409
TCGA-50-5044-01,-1.3394
TCGA-50-5045-01,0.2626
TCGA-50-5049-01,-0.0822
TCGA-50-5051-01,-0.6885
TCGA-50-5055-01,0.1661
TCGA-50-5066-01,0.1747
TCGA-50-5068-01,1.0255
TCGA-50-5072-01,0.0475
TCGA-50-5930-01,-0.3907
TCGA-50-5931-01,0.6669
TCGA-50-5932-01,0.7682
TCGA-50-5933-01,1.0644
TCGA-50-5935-01,1.2537
TCGA-50-5936-01,0.3124
TCGA-50-5939-01,0.3516
TCGA-50-5941-01,1.4161
TCGA-50-5942-01,1.6695
TCGA-50-5944-01,0.7842
TCGA-50-5946-01,0.1707
TCGA-50-6590-01,-1.2155
TCGA-50-6591-01,0.5707
TCGA-50-6592-01,0.537
TCGA-50-6593-01,-0.5886
TCGA-50-6594-01,-0.3724
TCGA-50-6595-01,-0.4074
TCGA-50-6597-01,-0.7981
TCGA-50-6673-01,0.422
TCGA-50-7109-01,0.8484
TCGA-50-8457-01,1.0154
TCGA-50-8459-01,-0.5675
TCGA-50-8460-01,-0.4908
TCGA-53-7624-01,0.8887
TCGA-53-7626-01,1.1396
TCGA-53-7813-01,0.3181
TCGA-53-A4EZ-01,-0.5994
TCGA-55-1592-01,1.1249
TCGA-55-1594-01,0.9244
TCGA-55-1595-01,-1.0668
TCGA-55-1596-01,-0.4948
TCGA-55-5899-01,0.2685
TCGA-55-6543-01,0.5973
TCGA-55-6642-01,1.2525
TCGA-55-6712-01,0.636
TCGA-55-6968-01,0.5143
TCGA-55-6969-01,0.6009
TCGA-55-6970-01,-0.26
TCGA-55-6971-01,0.5185
TCGA-55-6972-01,0.1638
TCGA-55-6975-01,0.4057
TCGA-55-6978-01,1.104
TCGA-55-6979-01,-0.6986
TCGA-55-6980-01,0.2487
TCGA-55-6981-01,-1.4391
TCGA-55-6982-01,0.551
TCGA-55-6983-01,0.5378
TCGA-55-6984-01,-0.7221
TCGA-55-6985-01,0.7047
TCGA-55-6986-01,0.4705
TCGA-55-6987-01,0.5015
TCGA-55-7227-01,-0.2488
TCGA-55-7281-01,0.8087
TCGA-55-7283-01,0.2587
TCGA-55-7284-01,1.1503
TCGA-55-7570-01,0.7219
TCGA-55-7573-01,1.045
TCGA-55-7574-01,-0.3777
TCGA-55-7576-01,-0.5931
TCGA-55-7724-01,1.0999
TCGA-55-7725-01,1.5179
TCGA-55-7726-01,1.3412
TCGA-55-7727-01,1.3666
TCGA-55-7728-01,-1.84
TCGA-55-7815-01,2.1114
TCGA-55-7816-01,0.2795
TCGA-55-7903-01,0.3424
TCGA-55-7907-01,-1.2656
TCGA-55-7910-01,0.1537
TCGA-55-7911-01,-0.3792
TCGA-55-7913-01,0.546
TCGA-55-7914-01,0.2751
TCGA-55-7994-01,1.7474
TCGA-55-7995-01,0.6792
TCGA-55-8085-01,-0.5867
TCGA-55-8087-01,0.3562
TCGA-55-8089-01,-0.0566
TCGA-55-8090-01,1.8526
TCGA-55-8091-01,0.3609
TCGA-55-8092-01,-0.2463
TCGA-55-8094-01,0.0927
TCGA-55-8096-01,0.1598
TCGA-55-8097-01,-0.3639
TCGA-55-8203-01,1.6291
TCGA-55-8204-01,0.3704
TCGA-55-8205-01,0.1765
TCGA-55-8206-01,0.9058
TCGA-55-8207-01,0.9532
TCGA-55-8208-01,-0.6575
TCGA-55-8299-01,-1.233
TCGA-55-8301-01,-0.0756
TCGA-55-8302-01,-1.5744
TCGA-55-8505-01,-0.9995
TCGA-55-8506-01,-1.6581
TCGA-55-8507-01,-0.4248
TCGA-55-8508-01,-1.045
TCGA-55-8510-01,-1.329
TCGA-55-8511-01,-0.1393
TCGA-55-8512-01,-0.5387
TCGA-55-8513-01,-0.9823
TCGA-55-8514-01,-1.1884
TCGA-55-8614-01,-0.5737
TCGA-55-8615-01,-1.3941
TCGA-55-8616-01,-1.0071
TCGA-55-8619-01,0.3533
TCGA-55-8620-01,0.7823
TCGA-55-8621-01,-0.5479
TCGA-55-A48X-01,-0.8701
TCGA-55-A48Y-01,0.2353
TCGA-55-A48Z-01,1.0312
TCGA-55-A490-01,0.1183
TCGA-55-A491-01,-2.665
TCGA-55-A492-01,-2.2769
TCGA-55-A493-01,0.0425
TCGA-55-A494-01,0.3336
TCGA-55-A4DF-01,0.723
TCGA-55-A4DG-01,1.3444
TCGA-55-A57B-01,1.0105
TCGA-62-8394-01,0.1572
TCGA-62-8395-01,-0.7212
TCGA-62-8397-01,-0.6919
TCGA-62-8398-01,-0.4422
TCGA-62-8399-01,-0.3107
TCGA-62-8402-01,0.6653
TCGA-62-A46O-01,0.7042
TCGA-62-A46P-01,-2.1445
TCGA-62-A46R-01,0.4773
TCGA-62-A46S-01,-0.3726
TCGA-62-A46U-01,-0.1778
TCGA-62-A46V-01,-0.5163
TCGA-62-A46Y-01,-0.4734
TCGA-62-A470-01,0.2453
TCGA-62-A471-01,-0.5323
TCGA-62-A472-01,0.7661
TCGA-64-1676-01,3.4075
TCGA-64-1677-01,0.2774
TCGA-64-1678-01,1.4065
TCGA-64-1679-01,0.4961
TCGA-64-1680-01,0.6437
TCGA-64-1681-01,1.3977
TCGA-64-5774-01,1.1841
TCGA-64-5775-01,1.5233
TCGA-64-5778-01,-0.236
TCGA-64-5779-01,1.2204
TCGA-64-5781-01,-2.1049
TCGA-64-5815-01,1.1917
TCGA-67-3770-01,-0.0723
TCGA-67-3771-01,-0.8572
TCGA-67-3772-01,2.613
TCGA-67-3773-01,-0.5351
TCGA-67-3774-01,-0.5056
TCGA-67-4679-01,1.7486
TCGA-67-6215-01,-0.7613
TCGA-67-6216-01,-0.1667
TCGA-67-6217-01,0.5895
TCGA-69-7760-01,1.7639
TCGA-69-7761-01,1.1626
TCGA-69-7763-01,-0.6857
TCGA-69-7764-01,0.8715
TCGA-69-7765-01,0.8609
TCGA-69-7973-01,0.5725
TCGA-69-7974-01,-0.2789
TCGA-69-7978-01,0.257
TCGA-69-7979-01,-1.8973
TCGA-69-7980-01,-0.0574
TCGA-69-8253-01,-2.1426
TCGA-69-8254-01,0.0381
TCGA-69-8255-01,-1.0671
TCGA-69-8453-01,-0.8342
TCGA-69-A59K-01,0.732
TCGA-71-6725-01,-0.2214
TCGA-71-8520-01,-0.2052
TCGA-73-4658-01,-0.7068
TCGA-73-4659-01,-1.1265
TCGA-73-4662-01,0.9293
TCGA-73-4666-01,0.7543
TCGA-73-4668-01,0.6792
TCGA-73-4670-01,0.3006
TCGA-73-4675-01,-1.0985
TCGA-73-4676-01,0.2327
TCGA-73-4677-01,-0.8927
TCGA-73-7498-01,0.073
TCGA-73-7499-01,0.2952
TCGA-73-A9RS-01,-1.4458
TCGA-75-5122-01,-0.5031
TCGA-75-5125-01,1.28
TCGA-75-5126-01,0.339
TCGA-75-5146-01,0.2239
TCGA-75-5147-01,0.8174
TCGA-75-6203-01,0.145
TCGA-75-6205-01,0.3627
TCGA-75-6206-01,-1.3406
TCGA-75-6207-01,1.7406
TCGA-75-6211-01,0.9329
TCGA-75-6212-01,1.0702
TCGA-75-6214-01,-0.9354
TCGA-75-7025-01,1.1955
TCGA-75-7027-01,0.2391
TCGA-75-7030-01,-0.3306
TCGA-75-7031-01,-0.2898
TCGA-78-7143-01,0.5217
TCGA-78-7145-01,0.9741
TCGA-78-7146-01,2.0618
TCGA-78-7147-01,-0.1483
TCGA-78-7148-01,0.7776
TCGA-78-7149-01,-1.5986
TCGA-78-7150-01,0.4079
TCGA-78-7152-01,-0.3289
TCGA-78-7153-01,0.3165
TCGA-78-7154-01,2.2434
TCGA-78-7155-01,1.715
TCGA-78-7156-01,-3.7772
TCGA-78-7158-01,0.993
TCGA-78-7159-01,0.2222
TCGA-78-7160-01,0.2588
TCGA-78-7161-01,1.1437
TCGA-78-7162-01,0.3279
TCGA-78-7163-01,1.0175
TCGA-78-7166-01,-1.2702
TCGA-78-7167-01,-0.6916
TCGA-78-7220-01,0.1835
TCGA-78-7535-01,-1.0086
TCGA-78-7536-01,0.6067
TCGA-78-7537-01,-0.2809
TCGA-78-7539-01,-0.2632
TCGA-78-7540-01,-0.6296
TCGA-78-7542-01,0.8446
TCGA-78-7633-01,0.4085
TCGA-78-8640-01,0.4096
TCGA-78-8648-01,-0.5871
TCGA-78-8655-01,0.9106
TCGA-78-8660-01,-0.6859
TCGA-78-8662-01,-2.1509
TCGA-80-5607-01,0.3794
TCGA-80-5608-01,-0.0901
TCGA-80-5611-01,1.022
TCGA-83-5908-01,0.3569
TCGA-86-6562-01,-0.0811
TCGA-86-6851-01,0.258
TCGA-86-7701-01,1.5261
TCGA-86-7711-01,-0.2309
TCGA-86-7713-01,0.5111
TCGA-86-7714-01,1.4221
TCGA-86-7953-01,1.473
TCGA-86-7954-01,0.7229
TCGA-86-7955-01,1.2234
TCGA-86-8054-01,1.658
TCGA-86-8055-01,1.4599
TCGA-86-8056-01,0.581
TCGA-86-8073-01,-0.4155
TCGA-86-8074-01,0.6253
TCGA-86-8075-01,0.3685
TCGA-86-8076-01,0.1633
TCGA-86-8278-01,0.414
TCGA-86-8279-01,0.8269
TCGA-86-8280-01,0.3284
TCGA-86-8281-01,1.1362
TCGA-86-8358-01,1.6768
TCGA-86-8359-01,0.1489
TCGA-86-8585-01,-0.7771
TCGA-86-8668-01,0.0487
TCGA-86-8669-01,0.3732
TCGA-86-8671-01,-0.2678
TCGA-86-8672-01,-2.5181
TCGA-86-8673-01,-2.6717
TCGA-86-8674-01,-1.524
TCGA-86-A456-01,-0.4821
TCGA-86-A4D0-01,0.0447
TCGA-86-A4JF-01,0.1949
TCGA-86-A4P7-01,-0.3262
TCGA-86-A4P8-01,0.0331
TCGA-91-6828-01,0.7068
TCGA-91-6829-01,0.1195
TCGA-91-6830-01,-1.2208
TCGA-91-6831-01,0.9994
TCGA-91-6835-01,1.2829
TCGA-91-6836-01,0.9706
TCGA-91-6840-01,1.2883
TCGA-91-6847-01,0.4746
TCGA-91-6848-01,-0.2376
TCGA-91-6849-01,-1.1072
TCGA-91-7771-01,1.5375
TCGA-91-8496-01,2.9959
TCGA-91-8497-01,-0.5821
TCGA-91-8499-01,1.918
TCGA-91-A4BC-01,-0.9615
TCGA-91-A4BD-01,-1.8851
TCGA-93-7347-01,-0.6056
TCGA-93-7348-01,-0.5345
TCGA-93-8067-01,0.2203
TCGA-93-A4JN-01,-0.8156
TCGA-93-A4JO-01,-1.1083
TCGA-93-A4JP-01,0.1727
TCGA-93-A4JQ-01,-0.7322
TCGA-95-7039-01,-1.3118
TCGA-95-7043-01,-0.1285
TCGA-95-7562-01,0.7241
TCGA-95-7567-01,-1.1753
TCGA-95-7944-01,-2.4687
TCGA-95-7947-01,-0.1649
TCGA-95-7948-01,0.0704
TCGA-95-8039-01,0.8204
TCGA-95-8494-01,0.3967
TCGA-95-A4VK-01,-0.8794
TCGA-95-A4VN-01,-0.5508
TCGA-95-A4VP-01,-1.4677
TCGA-97-7546-01,1.7428
TCGA-97-7547-01,-0.543
TCGA-97-7552-01,0.9719
TCGA-97-7553-01,0.3056
TCGA-97-7554-01,0.0538
TCGA-97-7937-01,0.927
TCGA-97-7938-01,0.5384
TCGA-97-7941-01,-0.0787
TCGA-97-8171-01,0.1551
TCGA-97-8172-01,1.3327
TCGA-97-8174-01,-0.5791
TCGA-97-8175-01,-0.8922
TCGA-97-8176-01,-0.9764
TCGA-97-8177-01,-0.1173
TCGA-97-8179-01,0.0976
TCGA-97-8547-01,-1.3871
TCGA-97-8552-01,-0.489
TCGA-97-A4LX-01,1.0416
TCGA-97-A4M0-01,0.4179
TCGA-97-A4M1-01,-0.5084
TCGA-97-A4M2-01,-1.0124
TCGA-97-A4M3-01,-0.622
TCGA-97-A4M5-01,-0.8878
TCGA-97-A4M6-01,0.8504
TCGA-97-A4M7-01,0.2796
TCGA-99-7458-01,1.5232
TCGA-99-8025-01,-0.7464
TCGA-99-8028-01,-1.3513
TCGA-99-8032-01,-0.7132
TCGA-99-8033-01,-2.1546
TCGA-99-AA5R-01,-0.4224
TCGA-J2-8192-01,1.9163
TCGA-J2-8194-01,0.0389
TCGA-J2-A4AD-01,-1.0993
TCGA-J2-A4AE-01,-1.074
TCGA-J2-A4AG-01,-0.6549
TCGA-L4-A4E5-01,-0.384
TCGA-L4-A4E6-01,-0.9764
TCGA-L9-A443-01,-0.6792
TCGA-L9-A444-01,-1.11
TCGA-L9-A50W-01,-0.4928
TCGA-L9-A5IP-01,-1.7481
TCGA-L9-A743-01,-1.1764
TCGA-L9-A7SV-01,0.0026
TCGA-L9-A8F4-01,1.1605
TCGA-MN-A4N1-01,-2.8253
TCGA-MN-A4N4-01,-1.7935
TCGA-MN-A4N5-01,0.9443
TCGA-MP-A4SV-01,0.4235
TCGA-MP-A4SW-01,-0.4404
TCGA-MP-A4SY-01,0.259
TCGA-MP-A4T2-01,
TCGA-MP-A4T4-01,-0.401
TCGA-MP-A4T6-01,-0.8691
TCGA-MP-A4T7-01,-2.0584
TCGA-MP-A4T8-01,-0.1191
TCGA-MP-A4T9-01,-0.299
TCGA-MP-A4TA-01,-1.8336
TCGA-MP-A4TC-01,-1.035
TCGA-MP-A4TD-01,-2.1675
TCGA-MP-A4TE-01,-0.8117
TCGA-MP-A4TF-01,-0.6178
TCGA-MP-A4TH-01,-0.4497
TCGA-MP-A4TI-01,-0.4797
TCGA-MP-A4TJ-01,-0.2137
TCGA-MP-A4TK-01,-0.6336
TCGA-MP-A5C7-01,0.7604
TCGA-NJ-A4YF-01,-1.3511
TCGA-NJ-A4YG-01,-1.3123
TCGA-NJ-A4YI-01,-0.7474
TCGA-NJ-A4YP-01,-0.8516
TCGA-NJ-A4YQ-01,-0.4468
TCGA-NJ-A55A-01,1.3572
TCGA-NJ-A55O-01,-0.6937
TCGA-NJ-A55R-01,-1.0114
TCGA-NJ-A7XG-01,0.2766
TCGA-O1-A52J-01,1.2693
TCGA-S2-AA1A-01,-0.6426
TCGA-18-3406-01,0.9517
TCGA-18-3407-01,0.2438
TCGA-18-3408-01,2.518
TCGA-18-3410-01,1.4789
TCGA-18-3411-01,-0.0427
TCGA-18-3412-01,-0.0136
TCGA-18-3414-01,-0.5606
TCGA-18-3415-01,0.2876
TCGA-18-3416-01,-0.4817
TCGA-18-3417-01,-0.8807
TCGA-18-3419-01,0.7718
TCGA-18-3421-01,0.8682
TCGA-18-4083-01,0.7986
TCGA-18-4086-01,0.0537
TCGA-18-4721-01,-0.4151
TCGA-18-5592-01,0.2584
TCGA-21-1071-01,0.1261
TCGA-21-1072-01,1.4031
TCGA-21-1075-01,1.2805
TCGA-21-1076-01,-0.08
TCGA-21-1079-01,0.408
TCGA-21-1080-01,0.1258
TCGA-21-1081-01,-2.996
TCGA-21-1082-01,-0.0122
TCGA-21-5782-01,-0.5602
TCGA-21-5783-01,1.231
TCGA-21-5784-01,-1.9195
TCGA-21-5786-01,0.762
TCGA-21-5787-01,-1.3844
TCGA-22-0940-01,-0.4119
TCGA-22-0944-01,-0.0154
TCGA-22-1000-01,-1.0855
TCGA-22-1002-01,-0.1079
TCGA-22-1005-01,-0.9583
TCGA-22-1011-01,0.5012
TCGA-22-1012-01,-1.0189
TCGA-22-1016-01,-0.8448
TCGA-22-1017-01,0.208
TCGA-22-4591-01,1.3521
TCGA-22-4593-01,1.8476
TCGA-22-4594-01,-0.41
TCGA-22-4595-01,0.6996
TCGA-22-4596-01,-0.9467
TCGA-22-4599-01,1.2651
TCGA-22-4601-01,-0.3919
TCGA-22-4604-01,-0.1457
TCGA-22-4605-01,-0.0999
TCGA-22-4607-01,-0.3158
TCGA-22-4609-01,0.0755
TCGA-22-4613-01,0.163
TCGA-22-5471-01,0.0491
TCGA-22-5472-01,0.1976
TCGA-22-5473-01,0.8119
TCGA-22-5474-01,-0.2519
TCGA-22-5477-01,3.4644
TCGA-22-5478-01,-0.748
TCGA-22-5479-01,0.2813
TCGA-22-5480-01,2.569
TCGA-22-5481-01,-2.0023
TCGA-22-5482-01,-0.6564
TCGA-22-5483-01,1.4201
TCGA-22-5485-01,-0.4485
TCGA-22-5489-01,-0.0217
TCGA-22-5491-01,-0.3187
TCGA-22-5492-01,0.299
TCGA-22-A5C4-01,2.0043
TCGA-33-4532-01,1.1276
TCGA-33-4533-01,1.0406
TCGA-33-4538-01,1.4815
TCGA-33-4547-01,0.3387
TCGA-33-4566-01,1.119
TCGA-33-4582-01,0.4632
TCGA-33-4583-01,0.5877
TCGA-33-4586-01,0.4883
TCGA-33-4587-01,0.9709
TCGA-33-4589-01,0.4853
TCGA-33-6738-01,-0.8215
TCGA-33-A4WN-01,-0.5739
TCGA-33-A5GW-01,-0.5381
TCGA-33-AAS8-01,-1.2609
TCGA-33-AASB-01,-0.9198
TCGA-33-AASD-01,0.2049
TCGA-33-AASI-01,-0.4543
TCGA-33-AASJ-01,0.2219
TCGA-33-AASL-01,-0.9135
TCGA-34-2596-01,0.7164
TCGA-34-2600-01,-0.8937
TCGA-34-2604-01,
TCGA-34-2605-01,
TCGA-34-2608-01,-0.1186
TCGA-34-2609-01,
TCGA-34-5231-01,1.4354
TCGA-34-5232-01,-0.1881
TCGA-34-5234-01,-0.2044
TCGA-34-5236-01,-1.2909
TCGA-34-5239-01,-0.0623
TCGA-34-5240-01,1.1846
TCGA-34-5241-01,0.4234
TCGA-34-5927-01,1.7867
TCGA-34-5928-01,-0.0735
TCGA-34-5929-01,0.3234
TCGA-34-7107-01,2.5519
TCGA-34-8454-01,-0.7041
TCGA-34-8455-01,0.2592
TCGA-34-8456-01,1.3807
TCGA-34-A5IX-01,0.3308
TCGA-37-3783-01,-0.2287
TCGA-37-3789-01,-0.2335
TCGA-37-3792-01,-4.4011
TCGA-37-4129-01,0.0404
TCGA-37-4130-01,1.9482
TCGA-37-4132-01,0.8469
TCGA-37-4133-01,0.2983
TCGA-37-4135-01,0.4508
TCGA-37-4141-01,1.3181
TCGA-37-5819-01,0.6346
TCGA-37-A5EL-01,-1.1144
TCGA-37-A5EN-01,-0.2858
TCGA-39-5011-01,0.4239
TCGA-39-5016-01,0.611
TCGA-39-5019-01,-0.5276
TCGA-39-5021-01,0.3849
TCGA-39-5022-01,-0.1035
TCGA-39-5024-01,-0.8924
TCGA-39-5027-01,0.4938
TCGA-39-5028-01,1.0832
TCGA-39-5029-01,0.0617
TCGA-39-5030-01,-0.1472
TCGA-39-5031-01,-0.8252
TCGA-39-5034-01,0.3633
TCGA-39-5035-01,0.1425
TCGA-39-5036-01,0.6174
TCGA-39-5037-01,1.435
TCGA-39-5039-01,-0.4687
TCGA-39-5040-01,-0.8521
TCGA-43-2576-01,-1.8308
TCGA-43-2578-01,0.0582
TCGA-43-2581-01,-0.8459
TCGA-43-3394-01,0.2627
TCGA-43-3920-01,0.5811
TCGA-43-5668-01,0.2411
TCGA-43-5670-01,0.5737
TCGA-43-6143-01,1.2898
TCGA-43-6647-01,-1.6123
TCGA-43-6770-01,1.8901
TCGA-43-6771-01,-0.0784
TCGA-43-6773-01,-1.7723
TCGA-43-7656-01,0.6416
TCGA-43-7657-01,-2.0057
TCGA-43-7658-01,-2.7839
TCGA-43-8115-01,0.0132
TCGA-43-8116-01,0.5225
TCGA-43-8118-01,-0.2004
TCGA-43-A474-01,0.614
TCGA-43-A475-01,0.5224
TCGA-43-A56U-01,-1.4073
TCGA-43-A56V-01,-0.4676
TCGA-46-3765-01,0.32
TCGA-46-3766-01,0.6084
TCGA-46-3767-01,0.1554
TCGA-46-3768-01,0.0541
TCGA-46-3769-01,1.1024
TCGA-46-6025-01,-0.2221
TCGA-46-6026-01,0.8075
TCGA-51-4079-01,0.3716
TCGA-51-4080-01,1.5174
TCGA-51-4081-01,1.3743
TCGA-52-7622-01,0.3991
TCGA-52-7809-01,1.1846
TCGA-52-7810-01,-0.5666
TCGA-52-7811-01,-1.0166
TCGA-52-7812-01,-0.5435
TCGA-56-1622-01,1.316
TCGA-56-5897-01,0.4346
TCGA-56-5898-01,0.0686
TCGA-56-6545-01,0.8813
TCGA-56-6546-01,0.647
TCGA-56-7221-01,0.801
TCGA-56-7222-01,1.3534
TCGA-56-7223-01,2.7481
TCGA-56-7579-01,-0.5663
TCGA-56-7580-01,0.9796
TCGA-56-7582-01,1.5427
TCGA-56-7730-01,2.1431
TCGA-56-7731-01,-0.768
TCGA-56-7822-01,0.2692
TCGA-56-7823-01,0.4504
TCGA-56-8082-01,1.5144
TCGA-56-8083-01,0.8282
TCGA-56-8201-01,0.1801
TCGA-56-8304-01,-0.5905
TCGA-56-8305-01,-0.2141
TCGA-56-8307-01,0.8873
TCGA-56-8308-01,-0.204
TCGA-56-8309-01,-0.5963
TCGA-56-8503-01,-0.7594
TCGA-56-8504-01,0.4222
TCGA-56-8622-01,-1.2693
TCGA-56-8623-01,-0.9994
TCGA-56-8624-01,-0.0584
TCGA-56-8625-01,0.0368
TCGA-56-8626-01,-0.7858
TCGA-56-8628-01,-0.0813
TCGA-56-8629-01,-0.7151
TCGA-56-A49D-01,0.3049
TCGA-56-A4BW-01,-0.6709
TCGA-56-A4BX-01,-1.0305
TCGA-56-A4BY-01,-0.0868
TCGA-56-A4ZJ-01,-1.4045
TCGA-56-A4ZK-01,0.1198
TCGA-56-A5DR-01,-0.5413
TCGA-56-A5DS-01,-0.7588
TCGA-56-A62T-01,0.4123
TCGA-58-8386-01,0.2356
TCGA-58-8387-01,0.4176
TCGA-58-8388-01,0.0096
TCGA-58-8390-01,0.6626
TCGA-58-8391-01,0.479
TCGA-58-8392-01,-0.1944
TCGA-58-8393-01,0.2046
TCGA-58-A46J-01,-0.6109
TCGA-58-A46K-01,-0.3746
TCGA-58-A46L-01,0.2674
TCGA-58-A46M-01,0.2077
TCGA-58-A46N-01,0.0567
TCGA-60-2695-01,-0.103
TCGA-60-2697-01,0.1295
TCGA-60-2698-01,0.3784
TCGA-60-2703-01,1.6124
TCGA-60-2704-01,0.4955
TCGA-60-2706-01,0.6094
TCGA-60-2707-01,-0.1082
TCGA-60-2708-01,0.4147
TCGA-60-2709-01,-0.2236
TCGA-60-2710-01,0.0791
TCGA-60-2711-01,1.7814
TCGA-60-2713-01,-0.3425
TCGA-60-2714-01,-1.4555
TCGA-60-2716-01,0.5507
TCGA-60-2719-01,-1.6469
TCGA-60-2720-01,-1.4858
TCGA-60-2721-01,0.2118
TCGA-60-2722-01,0.2572
TCGA-60-2723-01,0.7761
TCGA-60-2724-01,-1.1149
TCGA-60-2725-01,0.2731
TCGA-60-2726-01,-0.4454
TCGA-63-5128-01,1.9117
TCGA-63-5131-01,0.5875
TCGA-63-6202-01,-1.5889
TCGA-63-7020-01,0.2766
TCGA-63-7021-01,-1.1711
TCGA-63-7022-01,-0.5763
TCGA-63-7023-01,1.3724
TCGA-63-A5M9-01,0.1005
TCGA-63-A5MB-01,0.0737
TCGA-63-A5MG-01,-0.035
TCGA-63-A5MH-01,-0.6148
TCGA-63-A5MI-01,0.915
TCGA-63-A5MJ-01,0.0588
TCGA-63-A5ML-01,-0.2489
TCGA-63-A5MM-01,-4.8872
TCGA-63-A5MN-01,-0.7211
TCGA-63-A5MP-01,1.7751
TCGA-63-A5MR-01,-1.8111
TCGA-63-A5MS-01,-0.4574
TCGA-63-A5MT-01,1.2294
TCGA-63-A5MU-01,1.8839
TCGA-63-A5MV-01,-1.6869
TCGA-63-A5MW-01,-1.1591
TCGA-63-A5MY-01,-0.2439
TCGA-66-2727-01,0.3417
TCGA-66-2734-01,0.1383
TCGA-66-2737-01,-0.1099
TCGA-66-2742-01,0.3887
TCGA-66-2744-01,-0.3034
TCGA-66-2753-01,2.0464
TCGA-66-2754-01,0.8079
TCGA-66-2755-01,-0.1757
TCGA-66-2756-01,-0.1375
TCGA-66-2757-01,0.1891
TCGA-66-2758-01,0.3177
TCGA-66-2759-01,0.2494
TCGA-66-2763-01,1.2252
TCGA-66-2765-01,-1.1054
TCGA-66-2766-01,0.0125
TCGA-66-2767-01,-0.4115
TCGA-66-2768-01,0.0825
TCGA-66-2769-01,-0.6258
TCGA-66-2770-01,-0.3168
TCGA-66-2771-01,-0.2768
TCGA-66-2773-01,0.2582
TCGA-66-2777-01,-0.6613
TCGA-66-2778-01,-0.7158
TCGA-66-2780-01,-0.0636
TCGA-66-2781-01,0.1001
TCGA-66-2782-01,0.1583
TCGA-66-2783-01,0.0573
TCGA-66-2785-01,-0.8211
TCGA-66-2786-01,-1.3737
TCGA-66-2787-01,0.8218
TCGA-66-2788-01,0.291
TCGA-66-2789-01,0.1468
TCGA-66-2790-01,0.5669
TCGA-66-2791-01,-0.2378
TCGA-66-2792-01,0.9541
TCGA-66-2793-01,1.0399
TCGA-66-2794-01,-0.3132
TCGA-66-2795-01,0.4536
TCGA-66-2800-01,-0.0614
TCGA-68-7755-01,-0.2796
TCGA-68-7756-01,-4.06
TCGA-68-7757-01,-0.8699
TCGA-68-8250-01,0.3658
TCGA-68-8251-01,0.9144
TCGA-68-A59I-01,0.0242
TCGA-68-A59J-01,-0.5984
TCGA-6A-AB49-01,-0.3825
TCGA-70-6722-01,-0.3937
TCGA-70-6723-01,1.9617
TCGA-77-6842-01,1.0508
TCGA-77-6843-01,-0.3227
TCGA-77-6844-01,-0.0326
TCGA-77-6845-01,0.1361
TCGA-77-7138-01,1.6414
TCGA-77-7139-01,0.8323
TCGA-77-7140-01,1.0569
TCGA-77-7141-01,1.5738
TCGA-77-7142-01,1.866
TCGA-77-7335-01,-0.2857
TCGA-77-7337-01,1.0086
TCGA-77-7338-01,0.074
TCGA-77-7463-01,0.9723
TCGA-77-7465-01,0.9673
TCGA-77-8007-01,-1.2103
TCGA-77-8008-01,-0.8038
TCGA-77-8009-01,0.3359
TCGA-77-8128-01,-0.1544
TCGA-77-8130-01,-2.0019
TCGA-77-8131-01,-1.3766
TCGA-77-8133-01,0.1374
TCGA-77-8136-01,-0.3594
TCGA-77-8138-01,-0.2447
TCGA-77-8139-01,1.0784
TCGA-77-8140-01,-0.6338
TCGA-77-8143-01,-0.1761
TCGA-77-8144-01,-1.024
TCGA-77-8145-01,-0.6794
TCGA-77-8148-01,0.1543
TCGA-77-8150-01,-0.3319
TCGA-77-8153-01,-0.9153
TCGA-77-8154-01,-0.1492
TCGA-77-8156-01,-0.4822
TCGA-77-A5FZ-01,-0.6211
TCGA-77-A5G1-01,-0.4976
TCGA-77-A5G3-01,1.7212
TCGA-77-A5G6-01,2.0696
TCGA-77-A5G7-01,-0.1509
TCGA-77-A5G8-01,-0.4684
TCGA-77-A5GB-01,-1.1647
TCGA-77-A5GF-01,-0.1429
TCGA-77-A5GH-01,0.2307
TCGA-79-5596-01,-0.2852
TCGA-85-6175-01,0.786
TCGA-85-6560-01,2.3763
TCGA-85-6561-01,0.5146
TCGA-85-6798-01,-2.5125
TCGA-85-7696-01,0.1355
TCGA-85-7697-01,0.1087
TCGA-85-7698-01,0.5987
TCGA-85-7699-01,0.7396
TCGA-85-7710-01,0.6083
TCGA-85-7843-01,1.2569
TCGA-85-7844-01,0.3628
TCGA-85-7950-01,1.3976
TCGA-85-8048-01,-0.6168
TCGA-85-8049-01,-0.8266
TCGA-85-8052-01,0.0256
TCGA-85-8070-01,0.1778
TCGA-85-8071-01,0.7902
TCGA-85-8072-01,-0.8177
TCGA-85-8276-01,-0.6948
TCGA-85-8277-01,-0.2984
TCGA-85-8287-01,0.5634
TCGA-85-8288-01,0.3832
TCGA-85-8350-01,-0.9074
TCGA-85-8351-01,0.9249
TCGA-85-8352-01,1.3567
TCGA-85-8353-01,-0.0964
TCGA-85-8354-01,0.5316
TCGA-85-8355-01,0.5045
TCGA-85-8479-01,-1.0814
TCGA-85-8481-01,-1.2731
TCGA-85-8580-01,0.7681
TCGA-85-8582-01,-0.2791
TCGA-85-8584-01,-0.8279
TCGA-85-8664-01,-0.0834
TCGA-85-8666-01,0.4482
TCGA-85-A4CL-01,-1.331
TCGA-85-A4CN-01,-0.9275
TCGA-85-A4JB-01,0.7075
TCGA-85-A4JC-01,-1.8139
TCGA-85-A4PA-01,-0.0193
TCGA-85-A4QQ-01,-0.5868
TCGA-85-A4QR-01,1.1013
TCGA-85-A50M-01,-0.2669
TCGA-85-A50Z-01,-0.8262
TCGA-85-A510-01,0.7586
TCGA-85-A511-01,-0.5147
TCGA-85-A512-01,-0.4726
TCGA-85-A513-01,-3.1804
TCGA-85-A53L-01,-0.1195
TCGA-85-A5B5-01,-0.1173
TCGA-90-6837-01,0.8733
TCGA-90-7766-01,0.4459
TCGA-90-7767-01,2.0358
TCGA-90-7769-01,-0.0546
TCGA-90-7964-01,-0.2488
TCGA-90-A4ED-01,-0.4459
TCGA-90-A4EE-01,-0.2548
TCGA-90-A59Q-01,-0.8352
TCGA-92-7340-01,-0.1565
TCGA-92-7341-01,-0.1522
TCGA-92-8063-01,-0.7255
TCGA-92-8064-01,0.3266
TCGA-92-8065-01,-0.3469
TCGA-94-7033-01,-2.0884
TCGA-94-7557-01,-0.3729
TCGA-94-7943-01,-0.1575
TCGA-94-8035-01,0.4271
TCGA-94-8490-01,-0.2665
TCGA-94-8491-01,-0.1771
TCGA-94-A4VJ-01,-2.7235
TCGA-94-A5I4-01,-0.9779
TCGA-94-A5I6-01,0.741
TCGA-96-7544-01,1.2157
TCGA-96-7545-01,0.9889
TCGA-96-8169-01,-0.8369
TCGA-96-8170-01,-1.0101
TCGA-96-A4JL-01,-0.2185
TCGA-98-7454-01,0.4922
TCGA-98-8020-01,-1.3589
TCGA-98-8021-01,0.0073
TCGA-98-8022-01,-1.7884
TCGA-98-8023-01,-0.2825
TCGA-98-A538-01,-1.3113
TCGA-98-A539-01,-0.224
TCGA-98-A53A-01,1.2815
TCGA-98-A53B-01,-0.4946
TCGA-98-A53C-01,-0.5078
TCGA-98-A53D-01,-1.5358
TCGA-98-A53H-01,-0.5224
TCGA-98-A53I-01,-0.5193
TCGA-98-A53J-01,-1.2073
TCGA-J1-A4AH-01,0.6407
TCGA-L3-A4E7-01,0.2176
TCGA-L3-A524-01,-0.4526
TCGA-LA-A446-01,1.8843
TCGA-LA-A7SW-01,-1.081
TCGA-MF-A522-01,-0.9713
TCGA-NC-A5HD-01,0.2669
TCGA-NC-A5HE-01,-1.5015
TCGA-NC-A5HF-01,-0.8331
TCGA-NC-A5HG-01,-0.1668
TCGA-NC-A5HH-01,-0.0947
TCGA-NC-A5HI-01,0.2921
TCGA-NC-A5HJ-01,0.3123
TCGA-NC-A5HK-01,-0.7293
TCGA-NC-A5HL-01,-0.1086
TCGA-NC-A5HM-01,-0.607
TCGA-NC-A5HN-01,0.1686
TCGA-NC-A5HO-01,-1.2809
TCGA-NC-A5HP-01,-0.6702
TCGA-NC-A5HQ-01,-0.1053
TCGA-NC-A5HR-01,0.0641
TCGA-NC-A5HT-01,-0.509
TCGA-NK-A5CR-01,-0.6836
TCGA-NK-A5CT-01,-1.3804
TCGA-NK-A5CX-01,-0.6819
TCGA-NK-A7XE-01,-1.0835
TCGA-O2-A52N-01,-2.378
TCGA-O2-A52Q-01,-1.6166
TCGA-O2-A52S-01,0.765
TCGA-O2-A52V-01,0.042
TCGA-O2-A52W-01,0.362
TCGA-O2-A5IB-01,1.4669
TCGA-XC-AA0X-01,-0.2141
TCGA-3H-AB3K-01,-0.2578
TCGA-3H-AB3L-01,-0.9041
TCGA-3H-AB3M-01,0.3614
TCGA-3H-AB3O-01,-0.7869
TCGA-3H-AB3S-01,-0.538
TCGA-3H-AB3T-01,0.0917
TCGA-3H-AB3U-01,0.546
TCGA-3H-AB3X-01,2.6109
TCGA-3U-A98D-01,0.1929
TCGA-3U-A98E-01,0.5177
TCGA-3U-A98F-01,2.8382
TCGA-3U-A98G-01,-0.8772
TCGA-3U-A98H-01,0.2087
TCGA-3U-A98I-01,0.2966
TCGA-3U-A98J-01,-0.463
TCGA-LK-A4NW-01,-0.1082
TCGA-LK-A4NY-01,0.6807
TCGA-LK-A4NZ-01,0.0837
TCGA-LK-A4O0-01,0.9413
TCGA-LK-A4O2-01,-0.8505
TCGA-LK-A4O4-01,-0.3191
TCGA-LK-A4O5-01,0.7095
TCGA-LK-A4O6-01,-0.9712
TCGA-LK-A4O7-01,0.8537
TCGA-MQ-A4KX-01,-0.3853
TCGA-MQ-A4LC-01,-0.3106
TCGA-MQ-A4LI-01,-0.0167
TCGA-MQ-A4LJ-01,-0.0136
TCGA-MQ-A4LM-01,-0.5955
TCGA-MQ-A4LP-01,-0.2229
TCGA-MQ-A4LV-01,-1.0716
TCGA-MQ-A6BL-01,-1.2551
TCGA-MQ-A6BN-01,-2.5106
TCGA-MQ-A6BQ-01,-0.436
TCGA-MQ-A6BR-01,-0.4274
TCGA-MQ-A6BS-01,0.7144
TCGA-NQ-A57I-01,-1.0397
TCGA-NQ-A638-01,-2.0445
TCGA-SC-A6LM-01,1.8366
TCGA-SC-A6LN-01,-2.0677
TCGA-SC-A6LP-01,-1.7616
TCGA-SC-A6LQ-01,-0.2685
TCGA-SC-A6LR-01,-1.1113
TCGA-SC-AA5Z-01,0.3533
TCGA-SH-A7BC-01,0.5046
TCGA-SH-A7BD-01,-2.3031
TCGA-SH-A7BH-01,-0.6944
TCGA-SH-A9CT-01,0.6435
TCGA-SH-A9CU-01,-0.3414
TCGA-TS-A7OU-01,-0.784
TCGA-TS-A7OY-01,-0.849
TCGA-TS-A7OZ-01,-0.3584
TCGA-TS-A7P0-01,-0.2922
TCGA-TS-A7P1-01,0.5113
TCGA-TS-A7P3-01,0.81
TCGA-TS-A7P6-01,-1.7942
TCGA-TS-A7P7-01,0.9376
TCGA-TS-A7P8-01,0.217
TCGA-TS-A7PB-01,-1.0451
TCGA-TS-A8AF-01,-0.2061
TCGA-TS-A8AI-01,0.3051
TCGA-TS-A8AS-01,-0.1719
TCGA-TS-A8AV-01,-0.5469
TCGA-TS-A8AY-01,0.0886
TCGA-UD-AABY-01,0.5203
TCGA-UD-AABZ-01,0.1835
TCGA-UD-AAC1-01,-0.0248
TCGA-UD-AAC4-01,-0.1617
TCGA-UD-AAC5-01,0.5549
TCGA-UD-AAC6-01,-0.1543
TCGA-UD-AAC7-01,0.0299
TCGA-UT-A88C-01,0.8507
TCGA-UT-A88D-01,1.2784
TCGA-UT-A88E-01,0.3856
TCGA-UT-A88G-01,2.4171
TCGA-UT-A97Y-01,-0.2615
TCGA-XT-AASU-01,1.0714
TCGA-YS-A95B-01,-0.0709
TCGA-YS-A95C-01,0.3012
TCGA-YS-AA4M-01,0.4494
TCGA-ZN-A9VO-01,-0.7407
TCGA-ZN-A9VP-01,2.52
TCGA-ZN-A9VQ-01,0.9367
TCGA-ZN-A9VS-01,0.8093
TCGA-ZN-A9VU-01,1.3796
TCGA-ZN-A9VV-01,0.6757
TCGA-ZN-A9VW-01,0.1964
TCGA-04-1331-01,
TCGA-04-1332-01,
TCGA-04-1335-01,
TCGA-04-1336-01,
TCGA-04-1337-01,
TCGA-04-1338-01,
TCGA-04-1341-01,
TCGA-04-1342-01,
TCGA-04-1343-01,
TCGA-04-1346-01,
TCGA-04-1347-01,
TCGA-04-1348-01,-0.0192
TCGA-04-1349-01,
TCGA-04-1350-01,
TCGA-04-1351-01,
TCGA-04-1353-01,
TCGA-04-1356-01,
TCGA-04-1357-01,0.8725
TCGA-04-1360-01,
TCGA-04-1361-01,
TCGA-04-1362-01,0.7642
TCGA-04-1364-01,0.6597
TCGA-04-1365-01,0.3735
TCGA-04-1367-01,
TCGA-04-1369-01,
TCGA-04-1371-01,
TCGA-04-1514-01,1.6814
TCGA-04-1516-01,
TCGA-04-1517-01,
TCGA-04-1519-01,1.0525
TCGA-04-1525-01,
TCGA-04-1530-01,
TCGA-04-1536-01,
TCGA-04-1542-01,
TCGA-04-1638-01,
TCGA-04-1644-01,
TCGA-04-1646-01,
TCGA-04-1648-01,
TCGA-04-1649-01,
TCGA-04-1651-01,
TCGA-04-1652-01,
TCGA-04-1654-01,
TCGA-04-1655-01,
TCGA-09-0364-01,-1.0186
TCGA-09-0365-01,
TCGA-09-0366-01,-0.466
TCGA-09-0367-01,0.4228
TCGA-09-0369-01,-2.1329
TCGA-09-1659-01,0.6291
TCGA-09-1661-01,
TCGA-09-1662-01,-0.0987
TCGA-09-1664-01,
TCGA-09-1665-01,
TCGA-09-1666-01,0.2849
TCGA-09-1667-01,0.3049
TCGA-09-1668-01,0.3934
TCGA-09-1669-01,0.5627
TCGA-09-1670-01,0.5525
TCGA-09-1672-01,
TCGA-09-1673-01,1.1845
TCGA-09-1674-01,1.0562
TCGA-09-1675-01,
TCGA-09-2043-01,
TCGA-09-2044-01,0.065
TCGA-09-2045-01,-0.8912
TCGA-09-2049-01,
TCGA-09-2050-01,
TCGA-09-2051-01,1.8862
TCGA-09-2053-01,
TCGA-09-2054-01,0.0484
TCGA-09-2055-01,
TCGA-10-0925-01,
TCGA-10-0926-01,
TCGA-10-0927-01,
TCGA-10-0928-01,0.5715
TCGA-10-0930-01,
TCGA-10-0931-01,
TCGA-10-0933-01,
TCGA-10-0934-01,
TCGA-10-0935-01,
TCGA-10-0936-01,0.2843
TCGA-10-0937-01,
TCGA-10-0938-01,
TCGA-13-0714-01,
TCGA-13-0717-01,
TCGA-13-0720-01,
TCGA-13-0723-01,
TCGA-13-0724-01,
TCGA-13-0725-01,
TCGA-13-0726-01,
TCGA-13-0727-01,
TCGA-13-0730-01,-0.4496
TCGA-13-0751-01,
TCGA-13-0755-01,
TCGA-13-0757-01,
TCGA-13-0758-01,
TCGA-13-0760-01,
TCGA-13-0761-01,
TCGA-13-0762-01,
TCGA-13-0764-01,
TCGA-13-0765-01,
TCGA-13-0766-01,
TCGA-13-0768-01,
TCGA-13-0791-01,
TCGA-13-0792-01,
TCGA-13-0793-01,
TCGA-13-0794-01,
TCGA-13-0795-01,
TCGA-13-0797-01,
TCGA-13-0799-01,-0.2739
TCGA-13-0800-01,-0.14
TCGA-13-0801-01,-1.0969
TCGA-13-0802-01,
TCGA-13-0803-01,
TCGA-13-0804-01,
TCGA-13-0805-01,
TCGA-13-0807-01,
TCGA-13-0883-01,
TCGA-13-0884-01,
TCGA-13-0885-01,
TCGA-13-0886-01,
TCGA-13-0887-01,
TCGA-13-0888-01,
TCGA-13-0889-01,
TCGA-13-0890-01,-1.9086
TCGA-13-0891-01,
TCGA-13-0893-01,0.7381
TCGA-13-0894-01,
TCGA-13-0897-01,-0.8084
TCGA-13-0899-01,-0.5868
TCGA-13-0900-01,
TCGA-13-0901-01,
TCGA-13-0903-01,
TCGA-13-0904-01,
TCGA-13-0905-01,
TCGA-13-0906-01,
TCGA-13-0908-01,
TCGA-13-0910-01,
TCGA-13-0911-01,
TCGA-13-0912-01,
TCGA-13-0913-01,-0.5602
TCGA-13-0916-01,-0.3395
TCGA-13-0919-01,
TCGA-13-0920-01,0.6416
TCGA-13-0921-01,
TCGA-13-0923-01,
TCGA-13-0924-01,-0.3868
TCGA-13-1403-01,-0.1739
TCGA-13-1404-01,
TCGA-13-1405-01,-0.2765
TCGA-13-1407-01,
TCGA-13-1408-01,
TCGA-13-1409-01,
TCGA-13-1410-01,-0.4416
TCGA-13-1411-01,-1.1534
TCGA-13-1412-01,
TCGA-13-1477-01,
TCGA-13-1481-01,-0.8595
TCGA-13-1482-01,
TCGA-13-1483-01,
TCGA-13-1484-01,
TCGA-13-1485-01,
TCGA-13-1487-01,
TCGA-13-1488-01,
TCGA-13-1489-01,
TCGA-13-1491-01,
TCGA-13-1492-01,
TCGA-13-1494-01,
TCGA-13-1495-01,
TCGA-13-1496-01,
TCGA-13-1497-01,-1.1047
TCGA-13-1498-01,1.0494
TCGA-13-1499-01,
TCGA-13-1500-01,
TCGA-13-1501-01,
TCGA-13-1504-01,
TCGA-13-1505-01,-0.8142
TCGA-13-1506-01,0.6401
TCGA-13-1507-01,-0.8746
TCGA-13-1509-01,
TCGA-13-1510-01,
TCGA-13-1511-01,-0.1255
TCGA-13-1512-01,0.0556
TCGA-13-1817-01,
TCGA-13-1819-01,
TCGA-13-2057-01,
TCGA-13-2059-01,
TCGA-13-2060-01,0.7211
TCGA-13-2061-01,
TCGA-13-2065-01,
TCGA-13-2066-01,
TCGA-13-2071-01,
TCGA-13-A5FT-01,0.5367
TCGA-13-A5FU-01,
TCGA-20-0987-01,
TCGA-20-0990-01,
TCGA-20-0991-01,
TCGA-20-0996-01,
TCGA-20-1682-01,1.2821
TCGA-20-1683-01,2.0735
TCGA-20-1684-01,-0.0888
TCGA-20-1685-01,1.2267
TCGA-20-1686-01,
TCGA-20-1687-01,0.1654
TCGA-23-1021-01,
TCGA-23-1022-01,
TCGA-23-1023-01,-0.4799
TCGA-23-1024-01,
TCGA-23-1026-01,-1.2444
TCGA-23-1027-01,-1.087
TCGA-23-1028-01,
TCGA-23-1029-01,0.5901
TCGA-23-1030-01,
TCGA-23-1031-01,
TCGA-23-1032-01,
TCGA-23-1109-01,0.241
TCGA-23-1110-01,
TCGA-23-1111-01,-0.209
TCGA-23-1113-01,
TCGA-23-1114-01,-0.7925
TCGA-23-1116-01,
TCGA-23-1117-01,
TCGA-23-1118-01,
TCGA-23-1119-01,
TCGA-23-1120-01,0.0928
TCGA-23-1121-01,
TCGA-23-1122-01,-0.0209
TCGA-23-1123-01,-0.7369
TCGA-23-1124-01,
TCGA-23-1809-01,-4.1631
TCGA-23-2072-01,
TCGA-23-2077-01,0.1536
TCGA-23-2078-01,-0.1514
TCGA-23-2079-01,
TCGA-23-2081-01,1.8566
TCGA-23-2084-01,0.234
TCGA-23-2641-01,
TCGA-23-2643-01,
TCGA-23-2645-01,
TCGA-23-2647-01,
TCGA-23-2649-01,
TCGA-24-0966-01,
TCGA-24-0968-01,
TCGA-24-0970-01,
TCGA-24-0975-01,-0.6786
TCGA-24-0979-01,
TCGA-24-0980-01,
TCGA-24-0982-01,
TCGA-24-1103-01,-0.4929
TCGA-24-1104-01,
TCGA-24-1105-01,
TCGA-24-1413-01,0.5382
TCGA-24-1416-01,-0.6813
TCGA-24-1417-01,0.0532
TCGA-24-1418-01,-0.8094
TCGA-24-1419-01,0.081
TCGA-24-1422-01,
TCGA-24-1423-01,0.3078
TCGA-24-1424-01,-0.0676
TCGA-24-1425-01,-0.3351
TCGA-24-1426-01,
TCGA-24-1427-01,0.7983
TCGA-24-1428-01,-0.366
TCGA-24-1430-01,0.8021
TCGA-24-1431-01,
TCGA-24-1434-01,0.3848
TCGA-24-1435-01,-0.5185
TCGA-24-1436-01,-0.5068
TCGA-24-1463-01,0.5936
TCGA-24-1464-01,
TCGA-24-1466-01,
TCGA-24-1467-01,0.2578
TCGA-24-1469-01,0.7395
TCGA-24-1470-01,
TCGA-24-1471-01,
TCGA-24-1474-01,-0.0134
TCGA-24-1544-01,-9.6625
TCGA-24-1545-01,0.7164
TCGA-24-1546-01,-0.9433
TCGA-24-1548-01,1.0967
TCGA-24-1549-01,0.4437
TCGA-24-1550-01,0.1291
TCGA-24-1551-01,-0.4474
TCGA-24-1552-01,-0.5656
TCGA-24-1553-01,0.121
TCGA-24-1555-01,0.6632
TCGA-24-1556-01,0.1023
TCGA-24-1557-01,0.0309
TCGA-24-1558-01,0.6515
TCGA-24-1560-01,-0.6777
TCGA-24-1562-01,-0.2023
TCGA-24-1563-01,0.567
TCGA-24-1564-01,0.5077
TCGA-24-1565-01,
TCGA-24-1567-01,1.4798
TCGA-24-1603-01,0.61
TCGA-24-1604-01,1.1216
TCGA-24-1614-01,
TCGA-24-1616-01,-0.3315
TCGA-24-1842-01,0.1773
TCGA-24-1843-01,-0.6956
TCGA-24-1844-01,-0.0448
TCGA-24-1845-01,
TCGA-24-1846-01,0.4784
TCGA-24-1847-01,1.2321
TCGA-24-1849-01,-0.7725
TCGA-24-1850-01,-1.6063
TCGA-24-1852-01,
TCGA-24-1920-01,
TCGA-24-1923-01,
TCGA-24-1924-01,0.3617
TCGA-24-1927-01,
TCGA-24-1928-01,0.0607
TCGA-24-1930-01,-0.6122
TCGA-24-2019-01,0.5134
TCGA-24-2020-01,0.1684
TCGA-24-2023-01,0.6793
TCGA-24-2024-01,-0.0505
TCGA-24-2026-01,-0.0809
TCGA-24-2027-01,0.0868
TCGA-24-2029-01,
TCGA-24-2030-01,
TCGA-24-2033-01,-0.0042
TCGA-24-2035-01,0.4954
TCGA-24-2038-01,0.038
TCGA-24-2254-01,0.5064
TCGA-24-2260-01,
TCGA-24-2261-01,1.236
TCGA-24-2262-01,0.6518
TCGA-24-2267-01,-0.5155
TCGA-24-2271-01,-0.9999
TCGA-24-2280-01,
TCGA-24-2281-01,-0.3483
TCGA-24-2288-01,0.5275
TCGA-24-2289-01,0.6176
TCGA-24-2290-01,0.676
TCGA-24-2293-01,-0.0096
TCGA-24-2295-01,
TCGA-24-2297-01,-0.2644
TCGA-24-2298-01,-0.5823
TCGA-25-1312-01,-0.997
TCGA-25-1313-01,0.4557
TCGA-25-1314-01,-1.1124
TCGA-25-1315-01,0.0092
TCGA-25-1316-01,1.9412
TCGA-25-1317-01,-0.6735
TCGA-25-1318-01,-0.1486
TCGA-25-1319-01,0.6973
TCGA-25-1320-01,0.8348
TCGA-25-1321-01,0.3412
TCGA-25-1322-01,-0.1049
TCGA-25-1323-01,-0.5187
TCGA-25-1324-01,-1.2192
TCGA-25-1326-01,0.8773
TCGA-25-1328-01,0.0189
TCGA-25-1329-01,0.8474
TCGA-25-1623-01,-0.6487
TCGA-25-1625-01,0.8673
TCGA-25-1626-01,-0.3519
TCGA-25-1627-01,0.1465
TCGA-25-1628-01,-0.1944
TCGA-25-1630-01,-0.2907
TCGA-25-1631-01,-0.0731
TCGA-25-1632-01,0.789
TCGA-25-1633-01,-0.6984
TCGA-25-1634-01,-1.3806
TCGA-25-1635-01,0.349
TCGA-25-1870-01,1.6235
TCGA-25-1871-01,0.0643
TCGA-25-1877-01,
TCGA-25-1878-01,
TCGA-25-2042-01,0.5401
TCGA-25-2391-01,0.1928
TCGA-25-2392-01,0.4267
TCGA-25-2393-01,1.0499
TCGA-25-2396-01,0.6721
TCGA-25-2397-01,-0.943
TCGA-25-2398-01,-0.3322
TCGA-25-2399-01,-0.1351
TCGA-25-2400-01,0.4192
TCGA-25-2401-01,-1.1618
TCGA-25-2404-01,0.0817
TCGA-25-2408-01,
TCGA-25-2409-01,-0.4645
TCGA-29-1688-01,-0.8495
TCGA-29-1690-01,0.0823
TCGA-29-1691-01,1.3271
TCGA-29-1692-01,
TCGA-29-1693-01,-0.4968
TCGA-29-1694-01,-0.0036
TCGA-29-1695-01,-0.999
TCGA-29-1696-01,0.5259
TCGA-29-1697-01,0.2447
TCGA-29-1698-01,-2.5963
TCGA-29-1699-01,0.5227
TCGA-29-1701-01,-0.0267
TCGA-29-1702-01,0.105
TCGA-29-1703-01,0.08
TCGA-29-1704-01,
TCGA-29-1705-01,1.6575
TCGA-29-1707-01,
TCGA-29-1710-01,0.5636
TCGA-29-1711-01,-0.6224
TCGA-29-1761-01,-0.2285
TCGA-29-1762-01,-0.0113
TCGA-29-1763-01,-0.3877
TCGA-29-1764-01,
TCGA-29-1766-01,
TCGA-29-1768-01,
TCGA-29-1769-01,
TCGA-29-1770-01,-0.4233
TCGA-29-1771-01,
TCGA-29-1774-01,
TCGA-29-1775-01,
TCGA-29-1776-01,0.3113
TCGA-29-1777-01,
TCGA-29-1778-01,-0.027
TCGA-29-1781-01,-0.5871
TCGA-29-1783-01,-1.0301
TCGA-29-1784-01,-0.3597
TCGA-29-1785-01,0.0882
TCGA-29-2425-01,-0.727
TCGA-29-2427-01,0.015
TCGA-29-2428-01,-0.9411
TCGA-29-2429-01,
TCGA-29-2431-01,
TCGA-29-2432-01,
TCGA-29-2434-01,
TCGA-29-2436-01,
TCGA-29-A5NZ-01,2.1672
TCGA-30-1714-01,
TCGA-30-1718-01,0.7514
TCGA-30-1853-01,
TCGA-30-1855-01,-0.7683
TCGA-30-1856-01,
TCGA-30-1857-01,-0.4299
TCGA-30-1859-01,
TCGA-30-1860-01,-0.8739
TCGA-30-1861-01,1.0759
TCGA-30-1862-01,-0.7508
TCGA-30-1866-01,
TCGA-30-1867-01,
TCGA-30-1880-01,
TCGA-30-1887-01,
TCGA-30-1891-01,-0.157
TCGA-30-1892-01,
TCGA-31-1944-01,0.1143
TCGA-31-1946-01,-0.6845
TCGA-31-1950-01,0.411
TCGA-31-1951-01,-0.149
TCGA-31-1953-01,-0.0107
TCGA-31-1955-01,
TCGA-31-1956-01,-0.2725
TCGA-31-1959-01,-0.0603
TCGA-36-1568-01,1.4105
TCGA-36-1569-01,1.3687
TCGA-36-1570-01,0.3964
TCGA-36-1571-01,0.0628
TCGA-36-1574-01,0.2719
TCGA-36-1575-01,1.12
TCGA-36-1576-01,-0.3907
TCGA-36-1577-01,-0.4648
TCGA-36-1578-01,3.0062
TCGA-36-1580-01,-0.3311
TCGA-36-1581-01,0.626
TCGA-36-2529-01,
TCGA-36-2530-01,
TCGA-36-2532-01,
TCGA-36-2533-01,
TCGA-36-2534-01,
TCGA-36-2537-01,
TCGA-36-2538-01,
TCGA-36-2540-01,
TCGA-36-2542-01,
TCGA-36-2543-01,
TCGA-36-2544-01,
TCGA-36-2545-01,
TCGA-36-2547-01,
TCGA-36-2548-01,
TCGA-36-2549-01,
TCGA-36-2551-01,
TCGA-36-2552-01,
TCGA-3P-A9WA-01,0.8598
TCGA-42-2582-01,
TCGA-42-2587-01,
TCGA-42-2588-01,
TCGA-42-2589-01,
TCGA-42-2590-01,
TCGA-42-2591-01,
TCGA-42-2593-01,
TCGA-57-1582-01,1.0756
TCGA-57-1583-01,0.5968
TCGA-57-1584-01,0.0576
TCGA-57-1585-01,-0.1443
TCGA-57-1586-01,
TCGA-57-1992-01,
TCGA-57-1993-01,-1.2109
TCGA-57-1994-01,0.3869
TCGA-59-2348-01,-0.3921
TCGA-59-2349-01,
TCGA-59-2350-01,-0.5586
TCGA-59-2351-01,0.2337
TCGA-59-2352-01,0.9427
TCGA-59-2354-01,-0.1596
TCGA-59-2355-01,0.1186
TCGA-59-2363-01,0.3534
TCGA-59-2372-01,
TCGA-59-A5PD-01,1.5603
TCGA-5X-AA5U-01,0.1701
TCGA-61-1721-01,0.3142
TCGA-61-1722-01,
TCGA-61-1724-01,1.7251
TCGA-61-1725-01,-0.2964
TCGA-61-1727-01,
TCGA-61-1728-01,0.2856
TCGA-61-1730-01,
TCGA-61-1733-01,0.1138
TCGA-61-1734-01,
TCGA-61-1736-01,0.4096
TCGA-61-1737-01,-0.5146
TCGA-61-1738-01,-0.1688
TCGA-61-1740-01,-0.8064
TCGA-61-1741-01,-0.6582
TCGA-61-1743-01,-0.0989
TCGA-61-1895-01,
TCGA-61-1899-01,
TCGA-61-1900-01,-0.0962
TCGA-61-1901-01,
TCGA-61-1903-01,
TCGA-61-1904-01,
TCGA-61-1906-01,
TCGA-61-1907-01,0.3587
TCGA-61-1910-01,0.1589
TCGA-61-1911-01,
TCGA-61-1913-01,
TCGA-61-1914-01,-0.7371
TCGA-61-1915-01,
TCGA-61-1917-01,1.5322
TCGA-61-1918-01,-0.3582
TCGA-61-1919-01,-0.8379
TCGA-61-1995-01,-0.8437
TCGA-61-1998-01,-0.1629
TCGA-61-2000-01,1.97
TCGA-61-2002-01,-0.0448
TCGA-61-2003-01,-0.6424
TCGA-61-2008-01,0.0205
TCGA-61-2009-01,-1.8567
TCGA-61-2012-01,0.654
TCGA-61-2016-01,0.529
TCGA-61-2017-01,
TCGA-61-2018-01,
TCGA-61-2087-01,
TCGA-61-2088-01,-1.2061
TCGA-61-2092-01,-1.6072
TCGA-61-2094-01,-0.1239
TCGA-61-2095-01,-0.2908
TCGA-61-2096-01,
TCGA-61-2097-01,0.168
TCGA-61-2098-01,-1.7371
TCGA-61-2101-01,-1.3944
TCGA-61-2102-01,-1.5946
TCGA-61-2104-01,-1.4719
TCGA-61-2109-01,0.328
TCGA-61-2110-01,-0.2498
TCGA-61-2111-01,0.1604
TCGA-61-2113-01,-0.4703
TCGA-61-2610-02,
TCGA-61-2611-02,
TCGA-61-2612-01,
TCGA-61-2613-01,
TCGA-61-2614-01,
TCGA-72-4231-01,
TCGA-72-4232-01,
TCGA-72-4233-01,
TCGA-72-4234-01,
TCGA-72-4235-01,
TCGA-72-4236-01,
TCGA-72-4237-01,
TCGA-72-4238-01,
TCGA-72-4240-01,
TCGA-72-4241-01,
TCGA-OY-A56P-01,1.3387
TCGA-OY-A56Q-01,-0.1129
TCGA-VG-A8LO-01,0.8613
TCGA-WR-A838-01,1.7317
TCGA-2J-AAB1-01,-0.7119
TCGA-2J-AAB4-01,0.262
TCGA-2J-AAB6-01,-0.9979
TCGA-2J-AAB8-01,-1.4871
TCGA-2J-AAB9-01,-0.3816
TCGA-2J-AABA-01,0.0344
TCGA-2J-AABE-01,-0.5552
TCGA-2J-AABF-01,0.4454
TCGA-2J-AABH-01,-1.287
TCGA-2J-AABI-01,0.1499
TCGA-2J-AABK-01,0.1433
TCGA-2J-AABO-01,-1.1518
TCGA-2J-AABP-01,-1.0311
TCGA-2J-AABR-01,-0.0209
TCGA-2J-AABT-01,-0.3848
TCGA-2J-AABU-01,-0.2734
TCGA-2J-AABV-01,-2.9983
TCGA-2L-AAQA-01,-0.4431
TCGA-2L-AAQE-01,-0.3705
TCGA-2L-AAQI-01,0.4204
TCGA-2L-AAQJ-01,-0.0537
TCGA-2L-AAQL-01,-1.6071
TCGA-2L-AAQM-01,0.2371
TCGA-3A-A9I5-01,-2.1673
TCGA-3A-A9I7-01,0.071
TCGA-3A-A9I9-01,-1.0215
TCGA-3A-A9IB-01,-0.1906
TCGA-3A-A9IC-01,-1.3612
TCGA-3A-A9IH-01,-0.5729
TCGA-3A-A9IJ-01,-0.9527
TCGA-3A-A9IL-01,0.5791
TCGA-3A-A9IN-01,-0.0537
TCGA-3A-A9IO-01,0.1908
TCGA-3A-A9IR-01,1.2481
TCGA-3A-A9IS-01,1.1647
TCGA-3A-A9IU-01,0.3707
TCGA-3A-A9IV-01,1.9279
TCGA-3A-A9IX-01,0.8831
TCGA-3A-A9IZ-01,-0.3662
TCGA-3A-A9J0-01,-2.0813
TCGA-3E-AAAY-01,-0.5657
TCGA-3E-AAAZ-01,-0.7629
TCGA-F2-6879-01,0.8738
TCGA-F2-6880-01,0.9158
TCGA-F2-7273-01,1.186
TCGA-F2-7276-01,0.6007
TCGA-F2-A44G-01,0.0904
TCGA-F2-A44H-01,0.082
TCGA-F2-A7TX-01,1.3649
TCGA-F2-A8YN-01,0.0686
TCGA-FB-A4P5-01,-0.6892
TCGA-FB-A4P6-01,0.3198
TCGA-FB-A545-01,-0.716
TCGA-FB-A5VM-01,-2.8627
TCGA-FB-A78T-01,-0.5565
TCGA-FB-A7DR-01,-0.0851
TCGA-FB-AAPP-01,-0.4805
TCGA-FB-AAPQ-01,-0.1556
TCGA-FB-AAPS-01,-0.6996
TCGA-FB-AAPU-01,-0.764
TCGA-FB-AAPY-01,-1.6764
TCGA-FB-AAPZ-01,0.8634
TCGA-FB-AAQ0-01,0.5299
TCGA-FB-AAQ1-01,0.1378
TCGA-FB-AAQ2-01,0.1268
TCGA-FB-AAQ3-01,-0.1737
TCGA-FB-AAQ6-01,-0.0999
TCGA-FZ-5919-01,
TCGA-FZ-5920-01,
TCGA-FZ-5921-01,
TCGA-FZ-5922-01,
TCGA-FZ-5923-01,
TCGA-FZ-5924-01,
TCGA-FZ-5926-01,
TCGA-H6-8124-01,0.9816
TCGA-H6-A45N-01,0.0116
TCGA-H8-A6C1-01,-0.3187
TCGA-HV-A5A3-01,-0.1224
TCGA-HV-A5A4-01,-0.2782
TCGA-HV-A5A5-01,-0.5963
TCGA-HV-A5A6-01,-0.4654
TCGA-HV-A7OL-01,-2.6169
TCGA-HV-A7OP-01,-2.1682
TCGA-HV-AA8V-01,-1.2257
TCGA-HV-AA8X-01,-0.4611
TCGA-HZ-7289-01,0.0499
TCGA-HZ-7918-01,1.6043
TCGA-HZ-7919-01,1.3858
TCGA-HZ-7920-01,1.021
TCGA-HZ-7922-01,2.2918
TCGA-HZ-7923-01,0.7341
TCGA-HZ-7924-01,1.0259
TCGA-HZ-7925-01,-0.1988
TCGA-HZ-7926-01,0.9823
TCGA-HZ-8001-01,-0.9148
TCGA-HZ-8002-01,0.9462
TCGA-HZ-8003-01,1.1347
TCGA-HZ-8005-01,0.7449
TCGA-HZ-8315-01,0.9237
TCGA-HZ-8317-01,0.4673
TCGA-HZ-8519-01,0.9517
TCGA-HZ-8636-01,1.2394
TCGA-HZ-8637-01,1.7665
TCGA-HZ-8638-01,0.366
TCGA-HZ-A49G-01,0.0811
TCGA-HZ-A49H-01,-0.5093
TCGA-HZ-A49I-01,-0.9826
TCGA-HZ-A4BH-01,0.2278
TCGA-HZ-A4BK-01,-0.2547
TCGA-HZ-A77O-01,-0.92
TCGA-HZ-A77P-01,-0.3231
TCGA-HZ-A77Q-01,-0.409
TCGA-HZ-A8P0-01,-0.7271
TCGA-HZ-A8P1-01,0.6507
TCGA-HZ-A9TJ-01,0.4117
TCGA-IB-7644-01,1.26
TCGA-IB-7645-01,1.0259
TCGA-IB-7646-01,1.6407
TCGA-IB-7647-01,1.5008
TCGA-IB-7649-01,1.5219
TCGA-IB-7651-01,0.782
TCGA-IB-7652-01,2.8322
TCGA-IB-7885-01,-0.1196
TCGA-IB-7886-01,2.126
TCGA-IB-7887-01,0.0233
TCGA-IB-7888-01,0.9839
TCGA-IB-7889-01,-0.2275
TCGA-IB-7890-01,0.9346
TCGA-IB-7891-01,0.9551
TCGA-IB-7893-01,0.8817
TCGA-IB-7897-01,2.1886
TCGA-IB-8126-01,1.8645
TCGA-IB-8127-01,1.1368
TCGA-IB-A5SO-01,-0.0068
TCGA-IB-A5SP-01,-0.3258
TCGA-IB-A5SQ-01,-0.2634
TCGA-IB-A5SS-01,0.1683
TCGA-IB-A5ST-01,-0.2499
TCGA-IB-A6UF-01,0.1745
TCGA-IB-A6UG-01,1.1955
TCGA-IB-A7LX-01,2.1277
TCGA-IB-A7M4-01,-0.0741
TCGA-IB-AAUM-01,0.4182
TCGA-IB-AAUN-01,0.361
TCGA-IB-AAUO-01,-0.9664
TCGA-IB-AAUP-01,0.7049
TCGA-IB-AAUQ-01,-1.1816
TCGA-IB-AAUR-01,-0.0402
TCGA-IB-AAUS-01,-0.8045
TCGA-IB-AAUT-01,0.0172
TCGA-IB-AAUU-01,0.0915
TCGA-IB-AAUV-01,-0.6932
TCGA-IB-AAUW-01,0.3768
TCGA-L1-A7W4-01,1.3042
TCGA-LB-A7SX-01,0.1578
TCGA-LB-A8F3-01,-1.1758
TCGA-LB-A9Q5-01,-0.4511
TCGA-M8-A5N4-01,-0.5646
TCGA-OE-A75W-01,-2.9773
TCGA-PZ-A5RE-01,-1.5035
TCGA-Q3-A5QY-01,0.3797
TCGA-Q3-AA2A-01,-0.9177
TCGA-RB-A7B8-01,-0.9793
TCGA-RB-AA9M-01,0.4207
TCGA-RL-AAAS-01,-0.8689
TCGA-S4-A8RM-01,0.6484
TCGA-S4-A8RO-01,-0.6715
TCGA-S4-A8RP-01,-0.3871
TCGA-US-A774-01,-0.3527
TCGA-US-A776-01,-0.3284
TCGA-US-A779-01,-1.1182
TCGA-US-A77E-01,-0.321
TCGA-US-A77G-01,0.0995
TCGA-US-A77J-01,-1.353
TCGA-XD-AAUG-01,-0.188
TCGA-XD-AAUH-01,-0.1887
TCGA-XD-AAUI-01,-0.4002
TCGA-XD-AAUL-01,-0.4488
TCGA-XN-A8T3-01,-0.3533
TCGA-XN-A8T5-01,-0.3149
TCGA-YB-A89D-01,0.2683
TCGA-YH-A8SY-01,-0.2456
TCGA-YY-A8LH-01,0.1784
TCGA-Z5-AAPL-01,1.3267
TCGA-P7-A5NX-01,-3.2159
TCGA-P7-A5NY-01,0.79
TCGA-P8-A5KC-01,0.8262
TCGA-P8-A5KD-01,0.1239
TCGA-P8-A6RX-01,-0.5819
TCGA-P8-A6RY-01,1.1633
TCGA-PR-A5PF-01,0.5061
TCGA-PR-A5PG-01,0.507
TCGA-PR-A5PH-01,0.0124
TCGA-QR-A6GO-01,-1.0149
TCGA-QR-A6GR-01,-0.3623
TCGA-QR-A6GS-01,-0.4199
TCGA-QR-A6GT-01,0.6377
TCGA-QR-A6GU-01,1.5292
TCGA-QR-A6GW-01,-1.2716
TCGA-QR-A6GX-01,1.5237
TCGA-QR-A6GY-01,0.818
TCGA-QR-A6GZ-01,-1.0444
TCGA-QR-A6H0-01,-1.1772
TCGA-QR-A6H1-01,-1.144
TCGA-QR-A6H2-01,-3.3504
TCGA-QR-A6H3-01,-2.7341
TCGA-QR-A6H4-01,-0.5754
TCGA-QR-A6H5-01,0.5461
TCGA-QR-A6H6-01,1.6941
TCGA-QR-A6ZZ-01,-0.7745
TCGA-QR-A700-01,0.4813
TCGA-QR-A702-01,-0.4445
TCGA-QR-A703-01,0.1997
TCGA-QR-A705-01,-0.1587
TCGA-QR-A706-01,0.1456
TCGA-QR-A707-01,-0.3569
TCGA-QR-A708-01,-0.1445
TCGA-QR-A70A-01,0.5709
TCGA-QR-A70C-01,0.1888
TCGA-QR-A70D-01,1.1121
TCGA-QR-A70E-01,0.9506
TCGA-QR-A70G-01,1.4004
TCGA-QR-A70H-01,-0.7216
TCGA-QR-A70I-01,0.6625
TCGA-QR-A70J-01,-0.7134
TCGA-QR-A70K-01,0.0794
TCGA-QR-A70M-01,-1.2868
TCGA-QR-A70N-01,0.7145
TCGA-QR-A70O-01,0.912
TCGA-QR-A70P-01,1.858
TCGA-QR-A70Q-01,0.5773
TCGA-QR-A70R-01,-0.0268
TCGA-QR-A70T-01,0.6888
TCGA-QR-A70U-01,-0.6915
TCGA-QR-A70V-01,0.9684
TCGA-QR-A70W-01,0.3342
TCGA-QR-A70X-01,-0.0759
TCGA-QR-A7IN-01,0.4862
TCGA-QR-A7IP-01,1.2206
TCGA-QT-A5XJ-01,3.2926
TCGA-QT-A5XK-01,-0.013
TCGA-QT-A5XL-01,-0.1508
TCGA-QT-A5XM-01,-0.314
TCGA-QT-A5XN-01,0.357
TCGA-QT-A5XO-01,1.5997
TCGA-QT-A5XP-01,-1.1381
TCGA-QT-A69Q-01,1.0706
TCGA-QT-A7U0-01,1.0371
TCGA-RM-A68T-01,0.4163
TCGA-RM-A68W-01,-0.7509
TCGA-RT-A6Y9-01,0.401
TCGA-RT-A6YA-01,-0.9225
TCGA-RT-A6YC-01,0.7816
TCGA-RW-A67V-01,0.5345
TCGA-RW-A67W-01,-0.0866
TCGA-RW-A67X-01,-2.3594
TCGA-RW-A67Y-01,1.1975
TCGA-RW-A680-01,0.2227
TCGA-RW-A681-01,0.7238
TCGA-RW-A684-01,-0.7405
TCGA-RW-A685-01,-0.4679
TCGA-RW-A686-01,0.7429
TCGA-RW-A688-01,-0.0703
TCGA-RW-A689-01,-0.3617
TCGA-RW-A68A-01,0.5486
TCGA-RW-A68B-01,0.1554
TCGA-RW-A68C-01,-0.5348
TCGA-RW-A68D-01,0.692
TCGA-RW-A68F-01,0.6097
TCGA-RW-A68G-01,0.8235
TCGA-RW-A7CZ-01,0.1129
TCGA-RW-A7D0-01,-2.106
TCGA-RW-A8AZ-01,-0.3723
TCGA-RX-A8JQ-01,0.6108
TCGA-S7-A7WL-01,0.0573
TCGA-S7-A7WM-01,-0.5847
TCGA-S7-A7WN-01,-1.6078
TCGA-S7-A7WO-01,-0.8511
TCGA-S7-A7WP-01,-0.6757
TCGA-S7-A7WQ-01,-0.1844
TCGA-S7-A7WR-01,0.2846
TCGA-S7-A7WT-01,0.4679
TCGA-S7-A7WU-01,1.122
TCGA-S7-A7WV-01,-1.2647
TCGA-S7-A7WW-01,-0.4537
TCGA-S7-A7WX-01,-0.6414
TCGA-S7-A7X0-01,0.0009
TCGA-S7-A7X1-01,-0.5856
TCGA-S7-A7X2-01,-1.7087
TCGA-SA-A6C2-01,1.7378
TCGA-SP-A6QC-01,-2.1496
TCGA-SP-A6QD-01,0.417
TCGA-SP-A6QF-01,-1.4807
TCGA-SP-A6QG-01,1.5879
TCGA-SP-A6QH-01,-0.073
TCGA-SP-A6QI-01,-0.0441
TCGA-SP-A6QJ-01,-0.4321
TCGA-SP-A6QK-01,-0.0779
TCGA-SQ-A6I4-01,-1.5147
TCGA-SQ-A6I6-01,0.8967
TCGA-SR-A6MP-01,-0.1633
TCGA-SR-A6MQ-01,0.5805
TCGA-SR-A6MR-01,-0.7789
TCGA-SR-A6MS-01,-1.4026
TCGA-SR-A6MT-01,0.029
TCGA-SR-A6MU-01,-0.6894
TCGA-SR-A6MV-01,-0.5969
TCGA-SR-A6MX-01,1.5171
TCGA-SR-A6MY-01,-0.614
TCGA-SR-A6MZ-01,-0.8332
TCGA-SR-A6N0-01,0.0893
TCGA-TT-A6YJ-01,1.0755
TCGA-TT-A6YK-01,0.4209
TCGA-TT-A6YN-01,1.1172
TCGA-TT-A6YO-01,-2.0195
TCGA-TT-A6YP-01,-0.1482
TCGA-W2-A7H5-01,1.6688
TCGA-W2-A7H7-01,-0.3173
TCGA-W2-A7HA-01,0.0996
TCGA-W2-A7HB-01,1.4057
TCGA-W2-A7HC-01,-0.2965
TCGA-W2-A7HD-01,0.1307
TCGA-W2-A7HE-01,-0.0339
TCGA-W2-A7HF-01,0.7231
TCGA-W2-A7HH-01,1.5305
TCGA-W2-A7UY-01,-2.3239
TCGA-WB-A80K-01,-0.1459
TCGA-WB-A80L-01,0.3343
TCGA-WB-A80M-01,-0.6672
TCGA-WB-A80N-01,0.9483
TCGA-WB-A80O-01,0.3159
TCGA-WB-A80P-01,0.6596
TCGA-WB-A80Q-01,1.0074
TCGA-WB-A80V-01,1.3917
TCGA-WB-A80Y-01,0.2343
TCGA-WB-A814-01,-1.1354
TCGA-WB-A815-01,-0.1931
TCGA-WB-A816-01,-0.8363
TCGA-WB-A817-01,-0.4094
TCGA-WB-A818-01,-0.1588
TCGA-WB-A819-01,-0.7355
TCGA-WB-A81A-01,0.7233
TCGA-WB-A81D-01,-0.1224
TCGA-WB-A81E-01,0.755
TCGA-WB-A81F-01,-0.2226
TCGA-WB-A81G-01,0.602
TCGA-WB-A81H-01,0.074
TCGA-WB-A81I-01,0.7473
TCGA-WB-A81J-01,-0.5898
TCGA-WB-A81K-01,-0.7229
TCGA-WB-A81M-01,0.6599
TCGA-WB-A81N-01,-0.6096
TCGA-WB-A81P-01,1.0819
TCGA-WB-A81Q-01,0.1203
TCGA-WB-A81R-01,-0.6132
TCGA-WB-A81S-01,0.7946
TCGA-WB-A81T-01,-0.1599
TCGA-WB-A81V-01,-0.9241
TCGA-WB-A81W-01,0.0304
TCGA-WB-A821-01,0.3932
TCGA-WB-A822-01,0.1079
TCGA-XG-A823-01,-2.6308
TCGA-2A-A8VL-01,-0.7383
TCGA-2A-A8VO-01,-0.9047
TCGA-2A-A8VT-01,1.4567
TCGA-2A-A8VV-01,0.1978
TCGA-2A-A8VX-01,-0.3055
TCGA-2A-A8W1-01,0.8416
TCGA-2A-A8W3-01,0.4671
TCGA-2A-AAYF-01,-0.3623
TCGA-2A-AAYO-01,-1.0134
TCGA-2A-AAYU-01,0.2174
TCGA-4L-AA1F-01,-0.4918
TCGA-CH-5737-01,-0.0961
TCGA-CH-5738-01,0.7707
TCGA-CH-5739-01,1.3029
TCGA-CH-5740-01,1.0775
TCGA-CH-5741-01,0.6382
TCGA-CH-5743-01,0.919
TCGA-CH-5744-01,0.1727
TCGA-CH-5745-01,0.1717
TCGA-CH-5746-01,1.0695
TCGA-CH-5748-01,0.8386
TCGA-CH-5750-01,1.2521
TCGA-CH-5751-01,2.7394
TCGA-CH-5752-01,1.6986
TCGA-CH-5753-01,2.7647
TCGA-CH-5754-01,-0.195
TCGA-CH-5761-01,1.8857
TCGA-CH-5762-01,1.0998
TCGA-CH-5763-01,0.9929
TCGA-CH-5764-01,1.6577
TCGA-CH-5765-01,1.5281
TCGA-CH-5766-01,0.8461
TCGA-CH-5767-01,-0.1485
TCGA-CH-5768-01,0.7094
TCGA-CH-5769-01,0.7195
TCGA-CH-5771-01,-0.0541
TCGA-CH-5772-01,1.5767
TCGA-CH-5788-01,-0.3411
TCGA-CH-5789-01,0.3296
TCGA-CH-5790-01,1.9047
TCGA-CH-5791-01,1.1013
TCGA-CH-5792-01,-0.2433
TCGA-CH-5794-01,-0.2038
TCGA-EJ-5494-01,1.0887
TCGA-EJ-5495-01,1.6216
TCGA-EJ-5496-01,1.4041
TCGA-EJ-5497-01,1.6073
TCGA-EJ-5498-01,1.7536
TCGA-EJ-5499-01,1.1566
TCGA-EJ-5501-01,0.0966
TCGA-EJ-5502-01,0.4067
TCGA-EJ-5503-01,0.1342
TCGA-EJ-5504-01,0.9058
TCGA-EJ-5505-01,0.9419
TCGA-EJ-5506-01,1.7994
TCGA-EJ-5507-01,2.5811
TCGA-EJ-5508-01,2.1512
TCGA-EJ-5509-01,0.1959
TCGA-EJ-5510-01,1.7316
TCGA-EJ-5511-01,1.0588
TCGA-EJ-5512-01,0.8352
TCGA-EJ-5514-01,0.8518
TCGA-EJ-5515-01,1.2353
TCGA-EJ-5516-01,2.5235
TCGA-EJ-5517-01,0.8255
TCGA-EJ-5518-01,0.9947
TCGA-EJ-5519-01,0.0585
TCGA-EJ-5521-01,-0.4741
TCGA-EJ-5522-01,1.6762
TCGA-EJ-5524-01,2.6365
TCGA-EJ-5525-01,1.935
TCGA-EJ-5526-01,2.3971
TCGA-EJ-5527-01,2.3416
TCGA-EJ-5530-01,1.0747
TCGA-EJ-5531-01,0.5723
TCGA-EJ-5532-01,0.3941
TCGA-EJ-5542-01,1.905
TCGA-EJ-7115-01,0.227
TCGA-EJ-7123-01,0.016
TCGA-EJ-7125-01,0.0988
TCGA-EJ-7218-01,-0.9497
TCGA-EJ-7314-01,0.5572
TCGA-EJ-7315-01,0.5496
TCGA-EJ-7317-01,-0.6018
TCGA-EJ-7318-01,-2.6679
TCGA-EJ-7321-01,0.8403
TCGA-EJ-7325-01,-2.1821
TCGA-EJ-7327-01,1.6831
TCGA-EJ-7328-01,0.7971
TCGA-EJ-7330-01,0.7858
TCGA-EJ-7331-01,1.122
TCGA-EJ-7781-01,1.4682
TCGA-EJ-7782-01,0.6752
TCGA-EJ-7783-01,1.7511
TCGA-EJ-7784-01,1.078
TCGA-EJ-7785-01,1.5213
TCGA-EJ-7786-01,0.0854
TCGA-EJ-7788-01,1.0075
TCGA-EJ-7789-01,1.3912
TCGA-EJ-7791-01,0.0359
TCGA-EJ-7792-01,0.2483
TCGA-EJ-7793-01,0.3883
TCGA-EJ-7794-01,0.6178
TCGA-EJ-7797-01,0.3694
TCGA-EJ-8468-01,0.8151
TCGA-EJ-8469-01,1.6866
TCGA-EJ-8470-01,0.6074
TCGA-EJ-8472-01,1.4057
TCGA-EJ-8474-01,0.3428
TCGA-EJ-A46B-01,-0.6798
TCGA-EJ-A46D-01,-0.1851
TCGA-EJ-A46E-01,-0.2736
TCGA-EJ-A46F-01,-1.7257
TCGA-EJ-A46G-01,-0.1766
TCGA-EJ-A46H-01,0.1241
TCGA-EJ-A46I-01,-0.6074
TCGA-EJ-A65B-01,-0.1219
TCGA-EJ-A65D-01,0.0432
TCGA-EJ-A65E-01,0.1833
TCGA-EJ-A65F-01,1.3607
TCGA-EJ-A65G-01,-0.6147
TCGA-EJ-A65J-01,0.0322
TCGA-EJ-A65M-01,-1.5956
TCGA-EJ-A6RA-01,-1.2907
TCGA-EJ-A6RC-01,-1.0894
TCGA-EJ-A7NF-01,-0.411
TCGA-EJ-A7NG-01,-0.4105
TCGA-EJ-A7NH-01,-0.2321
TCGA-EJ-A7NJ-01,-0.2203
TCGA-EJ-A7NK-01,-0.6978
TCGA-EJ-A7NM-01,0.1298
TCGA-EJ-A7NN-01,-0.0587
TCGA-EJ-A8FN-01,-1.0958
TCGA-EJ-A8FO-01,-0.0041
TCGA-EJ-A8FP-01,-0.1798
TCGA-EJ-A8FS-01,-0.603
TCGA-EJ-A8FU-01,-0.0762
TCGA-EJ-AB20-01,-1.8334
TCGA-EJ-AB27-01,-0.6414
TCGA-FC-7708-01,0.6044
TCGA-FC-7961-01,0.1299
TCGA-FC-A4JI-01,-1.2442
TCGA-FC-A5OB-01,0.7626
TCGA-FC-A66V-01,0.2601
TCGA-FC-A6HD-01,0.4319
TCGA-FC-A8O0-01,-0.1232
TCGA-G9-6329-01,-0.1453
TCGA-G9-6332-01,-0.092
TCGA-G9-6333-01,-0.5399
TCGA-G9-6336-01,-0.7292
TCGA-G9-6338-01,-1.4123
TCGA-G9-6339-01,-0.5484
TCGA-G9-6342-01,-0.0971
TCGA-G9-6343-01,-1.5994
TCGA-G9-6347-01,-1.3603
TCGA-G9-6348-01,-0.3546
TCGA-G9-6351-01,-0.1435
TCGA-G9-6353-01,-0.8517
TCGA-G9-6354-01,-0.4729
TCGA-G9-6356-01,0.0381
TCGA-G9-6361-01,-0.2786
TCGA-G9-6362-01,2.3955
TCGA-G9-6363-01,1.9013
TCGA-G9-6364-01,0.3847
TCGA-G9-6365-01,-0.1559
TCGA-G9-6366-01,-0.5897
TCGA-G9-6367-01,-0.5933
TCGA-G9-6369-01,-0.8644
TCGA-G9-6370-01,0.3167
TCGA-G9-6371-01,-0.2806
TCGA-G9-6373-01,-0.1077
TCGA-G9-6377-01,-0.1181
TCGA-G9-6378-01,-0.3905
TCGA-G9-6379-01,-0.95
TCGA-G9-6384-01,0.7669
TCGA-G9-6385-01,-0.0653
TCGA-G9-6494-01,1.5365
TCGA-G9-6496-01,-0.9669
TCGA-G9-6498-01,-1.1427
TCGA-G9-6499-01,-0.8519
TCGA-G9-7509-01,-0.0118
TCGA-G9-7510-01,-0.4659
TCGA-G9-7519-01,-1.5289
TCGA-G9-7521-01,0.4519
TCGA-G9-7522-01,-0.1548
TCGA-G9-7523-01,-0.4249
TCGA-G9-7525-01,-0.4272
TCGA-G9-A9S0-01,-1.7396
TCGA-G9-A9S7-01,0.1915
TCGA-H9-7775-01,0.2837
TCGA-H9-A6BX-01,-0.9723
TCGA-H9-A6BY-01,0.3008
TCGA-HC-7075-01,-0.1915
TCGA-HC-7077-01,0.2895
TCGA-HC-7078-01,0.5649
TCGA-HC-7079-01,0.3987
TCGA-HC-7080-01,-0.274
TCGA-HC-7081-01,0.4361
TCGA-HC-7209-01,0.294
TCGA-HC-7210-01,0.6887
TCGA-HC-7211-01,1.7177
TCGA-HC-7212-01,2.009
TCGA-HC-7213-01,0.3996
TCGA-HC-7230-01,0.7644
TCGA-HC-7231-01,0.6686
TCGA-HC-7232-01,1.2812
TCGA-HC-7233-01,0.533
TCGA-HC-7736-01,0.7942
TCGA-HC-7737-01,-0.1795
TCGA-HC-7738-01,0.0938
TCGA-HC-7740-01,-0.058
TCGA-HC-7742-01,-0.415
TCGA-HC-7744-01,0.5449
TCGA-HC-7745-01,0.4552
TCGA-HC-7747-01,0.1287
TCGA-HC-7748-01,1.0249
TCGA-HC-7749-01,0.7543
TCGA-HC-7750-01,-0.7241
TCGA-HC-7752-01,-1.467
TCGA-HC-7817-01,-0.0713
TCGA-HC-7818-01,0.2573
TCGA-HC-7819-01,0.8735
TCGA-HC-7820-01,-0.3076
TCGA-HC-7821-01,0.7629
TCGA-HC-8213-01,0.9251
TCGA-HC-8216-01,0.8122
TCGA-HC-8256-01,-0.3645
TCGA-HC-8257-01,1.0046
TCGA-HC-8258-01,-0.7684
TCGA-HC-8259-01,-0.0485
TCGA-HC-8260-01,-0.1386
TCGA-HC-8261-01,-0.4082
TCGA-HC-8262-01,0.0403
TCGA-HC-8264-01,0.22
TCGA-HC-8265-01,-0.2017
TCGA-HC-8266-01,0.2578
TCGA-HC-A48F-01,0.922
TCGA-HC-A4ZV-01,-0.1301
TCGA-HC-A631-01,1.3156
TCGA-HC-A632-01,1.0047
TCGA-HC-A6AL-01,0.7895
TCGA-HC-A6AN-01,0.395
TCGA-HC-A6AO-01,0.0356
TCGA-HC-A6AP-01,-0.6039
TCGA-HC-A6AQ-01,-0.2171
TCGA-HC-A6AS-01,-0.9181
TCGA-HC-A6HX-01,-0.9046
TCGA-HC-A6HY-01,0.9727
TCGA-HC-A76W-01,0.4434
TCGA-HC-A76X-01,0.279
TCGA-HC-A8CY-01,-0.0991
TCGA-HC-A8D0-01,0.1586
TCGA-HC-A8D1-01,0.3245
TCGA-HC-A9TE-01,-1.8475
TCGA-HC-A9TH-01,0.143
TCGA-HI-7168-01,0.6802
TCGA-HI-7169-01,-1.1326
TCGA-HI-7170-01,-0.0326
TCGA-HI-7171-01,1.0407
TCGA-J4-8198-01,0.742
TCGA-J4-8200-01,0.5654
TCGA-J4-A67K-01,0.1516
TCGA-J4-A67L-01,0.0267
TCGA-J4-A67M-01,-0.0901
TCGA-J4-A67N-01,0.3827
TCGA-J4-A67O-01,-0.6679
TCGA-J4-A67Q-01,-0.5213
TCGA-J4-A67R-01,-0.1698
TCGA-J4-A67S-01,-0.315
TCGA-J4-A67T-01,-0.8144
TCGA-J4-A6G1-01,-0.1358
TCGA-J4-A6G3-01,-0.0551
TCGA-J4-A6M7-01,3.2827
TCGA-J4-A83I-01,0.6918
TCGA-J4-A83J-01,-0.8031
TCGA-J4-A83K-01,-0.4904
TCGA-J4-A83L-01,-0.4141
TCGA-J4-A83M-01,-0.9025
TCGA-J4-A83N-01,-0.9339
TCGA-J4-AATV-01,-1.2134
TCGA-J4-AATZ-01,0.7049
TCGA-J4-AAU2-01,-1.4956
TCGA-J9-A52B-01,-0.0162
TCGA-J9-A52C-01,-0.9333
TCGA-J9-A52D-01,0.0031
TCGA-J9-A52E-01,-1.1146
TCGA-J9-A8CK-01,-0.7556
TCGA-J9-A8CL-01,0.8717
TCGA-J9-A8CM-01,-0.6128
TCGA-J9-A8CN-01,-0.8949
TCGA-J9-A8CP-01,-0.6389
TCGA-KC-A4BL-01,-0.082
TCGA-KC-A4BN-01,-0.431
TCGA-KC-A4BO-01,
TCGA-KC-A4BR-01,-0.5453
TCGA-KC-A4BV-01,0.49
TCGA-KC-A7F3-01,-0.8544
TCGA-KC-A7F5-01,-2.1948
TCGA-KC-A7F6-01,-0.636
TCGA-KC-A7FA-01,-0.5196
TCGA-KC-A7FD-01,-0.3222
TCGA-KC-A7FE-01,-0.9382
TCGA-KK-A59V-01,0.8336
TCGA-KK-A59X-01,-0.8828
TCGA-KK-A59Y-01,-0.4168
TCGA-KK-A59Z-01,-0.3244
TCGA-KK-A5A1-01,1.5917
TCGA-KK-A6DY-01,0.4715
TCGA-KK-A6E0-01,-0.842
TCGA-KK-A6E1-01,-0.5468
TCGA-KK-A6E2-01,1.4696
TCGA-KK-A6E3-01,-0.2614
TCGA-KK-A6E4-01,0.714
TCGA-KK-A6E5-01,-1.1691
TCGA-KK-A6E6-01,0.5383
TCGA-KK-A6E7-01,1.4955
TCGA-KK-A6E8-01,1.028
TCGA-KK-A7AP-01,1.4684
TCGA-KK-A7AQ-01,-2.9762
TCGA-KK-A7AU-01,-0.2321
TCGA-KK-A7AV-01,-0.9209
TCGA-KK-A7AW-01,-3.2272
TCGA-KK-A7AY-01,-2.382
TCGA-KK-A7AZ-01,-1.0242
TCGA-KK-A7B0-01,-4.0077
TCGA-KK-A7B1-01,-0.6175
TCGA-KK-A7B2-01,-1.9198
TCGA-KK-A7B3-01,0.5801
TCGA-KK-A7B4-01,-0.456
TCGA-KK-A8I4-01,-1.0163
TCGA-KK-A8I5-01,-0.6798
TCGA-KK-A8I6-01,-0.4945
TCGA-KK-A8I7-01,-0.3097
TCGA-KK-A8I8-01,0.4019
TCGA-KK-A8I9-01,-1.2215
TCGA-KK-A8IA-01,0.4917
TCGA-KK-A8IB-01,-1.7939
TCGA-KK-A8IC-01,0.3714
TCGA-KK-A8ID-01,-0.2863
TCGA-KK-A8IF-01,-1.0107
TCGA-KK-A8IG-01,-0.2687
TCGA-KK-A8IH-01,-1.3666
TCGA-KK-A8II-01,0.6064
TCGA-KK-A8IJ-01,-0.1773
TCGA-KK-A8IK-01,-0.1692
TCGA-KK-A8IL-01,-0.4226
TCGA-KK-A8IM-01,0.3225
TCGA-M7-A71Y-01,-0.5953
TCGA-M7-A71Z-01,-2.1374
TCGA-M7-A720-01,-0.5433
TCGA-M7-A721-01,-0.3827
TCGA-M7-A722-01,-1.6745
TCGA-M7-A723-01,-1.0362
TCGA-M7-A724-01,-1.8597
TCGA-M7-A725-01,0.3048
TCGA-MG-AAMC-01,-0.168
TCGA-QU-A6IL-01,-0.7229
TCGA-QU-A6IM-01,-1.7417
TCGA-QU-A6IN-01,-0.2302
TCGA-QU-A6IO-01,-2.0671
TCGA-QU-A6IP-01,1.0673
TCGA-SU-A7E7-01,0.3612
TCGA-TK-A8OK-01,0.3792
TCGA-TP-A8TT-01,0.1289
TCGA-TP-A8TV-01,-1.2026
TCGA-V1-A8MF-01,-1.1659
TCGA-V1-A8MG-01,-0.3709
TCGA-V1-A8MJ-01,-0.3446
TCGA-V1-A8MK-01,-0.9036
TCGA-V1-A8ML-01,-0.745
TCGA-V1-A8MM-01,-1.1214
TCGA-V1-A8MU-01,-0.816
TCGA-V1-A8WL-01,-0.7227
TCGA-V1-A8WN-01,0.4872
TCGA-V1-A8WS-01,0.247
TCGA-V1-A8WV-01,-0.2876
TCGA-V1-A8WW-01,-1.1883
TCGA-V1-A8X3-01,-0.1801
TCGA-V1-A9O5-01,0.4472
TCGA-V1-A9O7-01,-0.5547
TCGA-V1-A9O9-01,1.4537
TCGA-V1-A9OA-01,0.135
TCGA-V1-A9OF-01,0.2498
TCGA-V1-A9OH-01,0.0784
TCGA-V1-A9OL-01,-0.5339
TCGA-V1-A9OQ-01,-1.2508
TCGA-V1-A9OT-01,-0.6801
TCGA-V1-A9OX-01,-1.5855
TCGA-V1-A9OY-01,-0.5034
TCGA-V1-A9Z7-01,0.6443
TCGA-V1-A9Z8-01,-0.731
TCGA-V1-A9Z9-01,-1.1149
TCGA-V1-A9ZG-01,0.497
TCGA-V1-A9ZI-01,-1.0523
TCGA-V1-A9ZK-01,-0.0071
TCGA-V1-A9ZR-01,-0.2038
TCGA-VN-A88I-01,-1.1781
TCGA-VN-A88K-01,0.4982
TCGA-VN-A88L-01,0.2477
TCGA-VN-A88M-01,-0.6335
TCGA-VN-A88N-01,-0.9474
TCGA-VN-A88O-01,-0.5065
TCGA-VN-A88P-01,-0.9527
TCGA-VN-A88Q-01,0.5334
TCGA-VN-A88R-01,-1.3674
TCGA-VN-A943-01,-0.9137
TCGA-VP-A872-01,-2.4262
TCGA-VP-A875-01,0.2617
TCGA-VP-A876-01,0.9826
TCGA-VP-A878-01,-1.0387
TCGA-VP-A879-01,-0.3032
TCGA-VP-A87B-01,-1.3721
TCGA-VP-A87C-01,-0.0174
TCGA-VP-A87D-01,1.2714
TCGA-VP-A87E-01,-1.3172
TCGA-VP-A87H-01,-1.2994
TCGA-VP-A87J-01,1.4342
TCGA-VP-A87K-01,0.6172
TCGA-VP-AA1N-01,-1.2128
TCGA-WW-A8ZI-01,0.6235
TCGA-X4-A8KQ-01,-1.0721
TCGA-X4-A8KS-01,-0.9945
TCGA-XA-A8JR-01,-0.9768
TCGA-XJ-A83F-01,-0.6283
TCGA-XJ-A83G-01,-1.895
TCGA-XJ-A83H-01,-1.269
TCGA-XJ-A9DI-01,0.2331
TCGA-XJ-A9DK-01,-0.1185
TCGA-XJ-A9DQ-01,-0.5239
TCGA-XJ-A9DX-01,0.9352
TCGA-XK-AAIR-01,0.4727
TCGA-XK-AAIV-01,-0.59
TCGA-XK-AAIW-01,0.7803
TCGA-XK-AAJA-01,-0.9946
TCGA-XK-AAJP-01,-0.3658
TCGA-XK-AAJR-01,-0.2515
TCGA-XK-AAJT-01,-1.0575
TCGA-XK-AAJU-01,-1.088
TCGA-XQ-A8TA-01,0.0295
TCGA-XQ-A8TB-01,0.5317
TCGA-Y6-A8TL-01,-0.697
TCGA-Y6-A9XI-01,0.1026
TCGA-YJ-A8SW-01,1.1185
TCGA-YL-A8HJ-01,-0.2151
TCGA-YL-A8HK-01,0.5689
TCGA-YL-A8HL-01,0.7833
TCGA-YL-A8HM-01,-0.4301
TCGA-YL-A8HO-01,-0.9166
TCGA-YL-A8S8-01,-0.6178
TCGA-YL-A8S9-01,0.6333
TCGA-YL-A8SA-01,0.0557
TCGA-YL-A8SB-01,0.4098
TCGA-YL-A8SC-01,0.7445
TCGA-YL-A8SF-01,0.1966
TCGA-YL-A8SH-01,-0.8288
TCGA-YL-A8SI-01,-0.7372
TCGA-YL-A8SJ-01,0.5916
TCGA-YL-A8SK-01,-0.4102
TCGA-YL-A8SL-01,0.2726
TCGA-YL-A8SO-01,-2.2279
TCGA-YL-A8SP-01,1.3599
TCGA-YL-A8SQ-01,0.218
TCGA-YL-A8SR-01,0.3122
TCGA-YL-A9WH-01,0.1565
TCGA-YL-A9WI-01,-1.1487
TCGA-YL-A9WJ-01,-0.5793
TCGA-YL-A9WK-01,0.2078
TCGA-YL-A9WL-01,1.0246
TCGA-YL-A9WX-01,-0.025
TCGA-YL-A9WY-01,0.5108
TCGA-ZG-A8QW-01,-1.4206
TCGA-ZG-A8QX-01,-0.7346
TCGA-ZG-A8QY-01,0.0969
TCGA-ZG-A8QZ-01,0.3815
TCGA-ZG-A9KY-01,1.2723
TCGA-ZG-A9L0-01,0.1955
TCGA-ZG-A9L1-01,0.4564
TCGA-ZG-A9L2-01,-0.3915
TCGA-ZG-A9L4-01,0.3026
TCGA-ZG-A9L5-01,3.1336
TCGA-ZG-A9L6-01,-0.598
TCGA-ZG-A9L9-01,-1.8549
TCGA-ZG-A9LB-01,-0.3379
TCGA-ZG-A9LM-01,0.2095
TCGA-ZG-A9LN-01,-0.8748
TCGA-ZG-A9LS-01,-1.16
TCGA-ZG-A9LU-01,-1.7596
TCGA-ZG-A9LY-01,0.244
TCGA-ZG-A9LZ-01,0.4621
TCGA-ZG-A9M4-01,0.8006
TCGA-ZG-A9MC-01,0.1396
TCGA-ZG-A9N3-01,-0.259
TCGA-ZG-A9ND-01,-0.8782
TCGA-ZG-A9NI-01,-1.4619
TCGA-3B-A9HI-01,-1.3047
TCGA-3B-A9HJ-01,-0.053
TCGA-3B-A9HL-01,-0.7415
TCGA-3B-A9HO-01,-0.9848
TCGA-3B-A9HP-01,-0.4102
TCGA-3B-A9HQ-01,0.1623
TCGA-3B-A9HR-01,1.8903
TCGA-3B-A9HS-01,-0.6778
TCGA-3B-A9HT-01,0.4977
TCGA-3B-A9HU-01,0.356
TCGA-3B-A9HV-01,2.2235
TCGA-3B-A9HX-01,0.5701
TCGA-3B-A9HY-01,1.3141
TCGA-3B-A9HZ-01,-0.31
TCGA-3B-A9I0-01,-0.0166
TCGA-3B-A9I1-01,1.8986
TCGA-3B-A9I3-01,-0.3824
TCGA-3R-A8YX-01,0.4059
TCGA-DX-A1KU-01,0.426
TCGA-DX-A1KW-01,-0.1199
TCGA-DX-A1KX-01,-0.2492
TCGA-DX-A1KY-01,0.7057
TCGA-DX-A1KZ-01,-1.4319
TCGA-DX-A1L0-01,0.2818
TCGA-DX-A1L1-01,-0.0181
TCGA-DX-A1L2-01,-0.073
TCGA-DX-A1L3-01,-0.3368
TCGA-DX-A1L4-01,-1.0041
TCGA-DX-A23R-01,2.0749
TCGA-DX-A23T-01,-0.8172
TCGA-DX-A23U-01,-0.2864
TCGA-DX-A23V-01,-0.0831
TCGA-DX-A23Y-01,1.0156
TCGA-DX-A23Z-01,-0.2037
TCGA-DX-A240-01,-0.4481
TCGA-DX-A2IZ-01,1.8555
TCGA-DX-A2J0-01,0.645
TCGA-DX-A2J1-01,-1.5402
TCGA-DX-A2J4-01,-0.3891
TCGA-DX-A3LS-01,0.3187
TCGA-DX-A3LT-01,-0.2757
TCGA-DX-A3LU-01,-1.7935
TCGA-DX-A3LW-01,-1.0927
TCGA-DX-A3LY-01,-1.7993
TCGA-DX-A3M1-01,-0.7234
TCGA-DX-A3M2-01,-3.6564
TCGA-DX-A3U5-01,-0.4408
TCGA-DX-A3U6-01,-0.8605
TCGA-DX-A3U7-01,1.3167
TCGA-DX-A3U8-01,0.4439
TCGA-DX-A3U9-01,0.5639
TCGA-DX-A3UA-01,0.048
TCGA-DX-A3UB-01,-1.3622
TCGA-DX-A3UC-01,-0.144
TCGA-DX-A3UD-01,0.1952
TCGA-DX-A3UE-01,0.1023
TCGA-DX-A3UF-01,0.5252
TCGA-DX-A48J-01,1.4662
TCGA-DX-A48K-01,-0.1869
TCGA-DX-A48L-01,0.7471
TCGA-DX-A48N-01,1.1156
TCGA-DX-A48O-01,0.2735
TCGA-DX-A48P-01,-0.2187
TCGA-DX-A48R-01,0.7622
TCGA-DX-A48U-01,1.1823
TCGA-DX-A48V-01,
TCGA-DX-A6B7-01,0.4625
TCGA-DX-A6B8-01,-0.0715
TCGA-DX-A6B9-01,1.0962
TCGA-DX-A6BA-01,-0.1471
TCGA-DX-A6BB-01,-0.3754
TCGA-DX-A6BE-01,-1.4211
TCGA-DX-A6BF-01,-2.442
TCGA-DX-A6BG-01,-0.1275
TCGA-DX-A6BH-01,0.6458
TCGA-DX-A6BK-01,
TCGA-DX-A6YQ-01,0.7521
TCGA-DX-A6YR-01,0.3397
TCGA-DX-A6YS-01,0.4613
TCGA-DX-A6YT-01,1.1734
TCGA-DX-A6YU-01,-0.4614
TCGA-DX-A6YV-01,0.4026
TCGA-DX-A6YX-01,0.6838
TCGA-DX-A6YZ-01,-0.805
TCGA-DX-A6Z0-01,0.1337
TCGA-DX-A6Z2-01,0.6886
TCGA-DX-A7EF-01,0.2728
TCGA-DX-A7EI-01,0.4053
TCGA-DX-A7EL-01,-0.1296
TCGA-DX-A7EM-01,0.3067
TCGA-DX-A7EN-01,0.4729
TCGA-DX-A7EO-01,-0.172
TCGA-DX-A7EQ-01,-1.1182
TCGA-DX-A7ER-01,-0.666
TCGA-DX-A7ES-01,-0.913
TCGA-DX-A7ET-01,-0.945
TCGA-DX-A7EU-01,-1.4669
TCGA-DX-A8BG-01,0.4474
TCGA-DX-A8BH-01,-0.1387
TCGA-DX-A8BJ-01,-0.8486
TCGA-DX-A8BK-01,-1.0686
TCGA-DX-A8BL-01,-1.2272
TCGA-DX-A8BM-01,0.8369
TCGA-DX-A8BN-01,-0.6187
TCGA-DX-A8BO-01,-1.4971
TCGA-DX-A8BP-01,-1.1936
TCGA-DX-A8BR-01,-0.3694
TCGA-DX-A8BS-01,1.357
TCGA-DX-A8BT-01,-0.1157
TCGA-DX-A8BU-01,0.9216
TCGA-DX-A8BV-01,-0.2303
TCGA-DX-A8BX-01,0.0498
TCGA-DX-A8BZ-01,-1.8911
TCGA-DX-AATS-01,-0.1709
TCGA-DX-AB2E-01,0.009
TCGA-DX-AB2F-01,-0.2321
TCGA-DX-AB2G-01,-0.9374
TCGA-DX-AB2H-01,0.5611
TCGA-DX-AB2J-01,0.0102
TCGA-DX-AB2L-01,-1.2447
TCGA-DX-AB2O-01,-0.7171
TCGA-DX-AB2P-01,0.3638
TCGA-DX-AB2Q-01,-0.2892
TCGA-DX-AB2S-01,-0.62
TCGA-DX-AB2T-01,0.7277
TCGA-DX-AB2V-01,0.9829
TCGA-DX-AB2W-01,-2.2776
TCGA-DX-AB2X-01,-2.1046
TCGA-DX-AB2Z-01,-0.1519
TCGA-DX-AB30-01,0.7749
TCGA-DX-AB32-01,-0.6824
TCGA-DX-AB35-01,-1.0582
TCGA-DX-AB36-01,-0.3284
TCGA-DX-AB37-01,-1.2192
TCGA-DX-AB3A-01,-0.1287
TCGA-DX-AB3B-01,1.6791
TCGA-DX-AB3C-01,-0.2845
TCGA-FX-A2QS-01,3.2806
TCGA-FX-A3NJ-01,1.1576
TCGA-FX-A3NK-01,0.7802
TCGA-FX-A3RE-01,0.1221
TCGA-FX-A3TO-01,-0.4966
TCGA-FX-A48G-01,-2.3761
TCGA-FX-A76Y-01,1.1126
TCGA-FX-A8OO-01,0.9832
TCGA-HB-A2OT-01,-0.0866
TCGA-HB-A3L4-01,0.864
TCGA-HB-A3YV-01,1.2629
TCGA-HB-A43Z-01,2.3785
TCGA-HB-A5W3-01,1.2369
TCGA-HS-A5N7-01,-0.2254
TCGA-HS-A5N8-01,0.1163
TCGA-HS-A5NA-01,1.7597
TCGA-IE-A3OV-01,0.0043
TCGA-IE-A4EH-01,-0.0905
TCGA-IE-A4EI-01,1.3817
TCGA-IE-A4EJ-01,1.166
TCGA-IE-A4EK-01,1.252
TCGA-IE-A6BZ-01,0.8882
TCGA-IF-A3RQ-01,-1.5339
TCGA-IF-A4AJ-01,1.1344
TCGA-IS-A3K6-01,1.1688
TCGA-IS-A3K7-01,-0.2562
TCGA-IS-A3K8-01,-0.3332
TCGA-IS-A3KA-01,-0.9683
TCGA-IW-A3M4-01,0.9553
TCGA-IW-A3M5-01,-0.4379
TCGA-IW-A3M6-01,-0.3907
TCGA-JV-A5VE-01,0.6922
TCGA-JV-A5VF-01,-0.692
TCGA-JV-A75J-01,1.288
TCGA-K1-A3PN-01,0.6834
TCGA-K1-A3PO-01,-0.7617
TCGA-K1-A42W-01,-0.6529
TCGA-K1-A42X-01,1.7576
TCGA-K1-A6RT-01,0.1149
TCGA-K1-A6RU-01,-0.084
TCGA-K1-A6RV-01,-1.6997
TCGA-KD-A5QS-01,0.833
TCGA-KD-A5QT-01,1.662
TCGA-KD-A5QU-01,-0.7631
TCGA-KF-A41W-01,-0.0581
TCGA-LI-A67I-01,-0.5412
TCGA-LI-A9QH-01,0.2985
TCGA-MB-A5Y8-01,-0.4416
TCGA-MB-A5Y9-01,-2.1854
TCGA-MB-A5YA-01,-0.0138
TCGA-MB-A8JK-01,0.6854
TCGA-MB-A8JL-01,0.7947
TCGA-MJ-A68H-01,-0.2416
TCGA-MJ-A68J-01,-1.0194
TCGA-MJ-A850-01,-0.498
TCGA-MO-A47P-01,-0.2706
TCGA-MO-A47R-01,-0.6827
TCGA-N1-A6IA-01,0.5459
TCGA-PC-A5DK-01,1.1581
TCGA-PC-A5DL-01,1.307
TCGA-PC-A5DN-01,0.0734
TCGA-PC-A5DO-01,0.8129
TCGA-QC-A6FX-01,-0.38
TCGA-QC-A7B5-01,-1.793
TCGA-QC-AA9N-01,0.5681
TCGA-QQ-A5V2-01,-1.3073
TCGA-QQ-A5V9-01,-0.801
TCGA-QQ-A5VA-01,0.7208
TCGA-QQ-A5VB-01,-0.042
TCGA-QQ-A5VC-01,-0.8383
TCGA-QQ-A5VD-01,-1.2599
TCGA-QQ-A8VB-01,0.3212
TCGA-QQ-A8VD-01,-0.3301
TCGA-QQ-A8VF-01,0.2109
TCGA-QQ-A8VG-01,0.1716
TCGA-QQ-A8VH-01,0.1684
TCGA-RN-A68Q-01,-0.2883
TCGA-RN-AAAQ-01,-1.0671
TCGA-SG-A6Z4-01,0.7654
TCGA-SG-A6Z7-01,0.147
TCGA-SG-A849-01,-1.556
TCGA-SI-A71O-01,1.4888
TCGA-SI-A71P-01,0.7004
TCGA-SI-A71Q-01,1.0194
TCGA-SI-AA8B-01,1.2466
TCGA-SI-AA8C-01,0.6153
TCGA-UE-A6QT-01,-0.1871
TCGA-UE-A6QU-01,-0.6408
TCGA-VT-A80G-01,-0.9636
TCGA-VT-A80J-01,-0.6821
TCGA-VT-AB3D-01,-1.0932
TCGA-WK-A8XO-01,-1.2059
TCGA-WK-A8XQ-01,0.8698
TCGA-WK-A8XS-01,0.2957
TCGA-WK-A8XT-01,2.0756
TCGA-WK-A8XX-01,-0.5709
TCGA-WK-A8XY-01,0.5011
TCGA-WK-A8XZ-01,1.1091
TCGA-WK-A8Y0-01,-0.2078
TCGA-WP-A9GB-01,-0.9666
TCGA-X2-A95T-01,1.8167
TCGA-X6-A7W8-01,-2.7813
TCGA-X6-A7WA-01,0.4385
TCGA-X6-A7WB-01,1.3766
TCGA-X6-A7WC-01,-1.7085
TCGA-X6-A7WD-01,0.2927
TCGA-X6-A8C2-01,-0.3165
TCGA-X6-A8C3-01,0.0234
TCGA-X6-A8C4-01,-0.3873
TCGA-X6-A8C5-01,-0.1947
TCGA-X6-A8C6-01,-0.5327
TCGA-X6-A8C7-01,1.9147
TCGA-X9-A971-01,0.9905
TCGA-X9-A973-01,-0.2541
TCGA-Z4-A8JB-01,-0.5763
TCGA-Z4-A9VC-01,0.6878
TCGA-Z4-AAPF-01,0.1138
TCGA-Z4-AAPG-01,-0.6877
TCGA-3N-A9WB-06,-0.1531
TCGA-3N-A9WC-06,-0.1435
TCGA-3N-A9WD-06,0.0102
TCGA-BF-A1PU-01,-1.3102
TCGA-BF-A1PV-01,0.0126
TCGA-BF-A1PX-01,-1.0298
TCGA-BF-A1PZ-01,-0.727
TCGA-BF-A1Q0-01,0.4276
TCGA-BF-A3DJ-01,0.3603
TCGA-BF-A3DL-01,-2.5873
TCGA-BF-A3DM-01,0.1178
TCGA-BF-A3DN-01,0.4994
TCGA-BF-A5EO-01,-2.6825
TCGA-BF-A5EP-01,-1.3385
TCGA-BF-A5EQ-01,-0.4906
TCGA-BF-A5ER-01,-3.2328
TCGA-BF-A5ES-01,-1.6232
TCGA-BF-AAP0-06,-0.3012
TCGA-D3-A1Q1-06,0.0662
TCGA-D3-A1Q3-06,0.4026
TCGA-D3-A1Q4-06,1.0437
TCGA-D3-A1Q5-06,1.0549
TCGA-D3-A1Q6-06,1.2513
TCGA-D3-A1Q7-06,0.4449
TCGA-D3-A1Q8-06,0.5156
TCGA-D3-A1Q9-06,1.04
TCGA-D3-A1QA-06,0.504
TCGA-D3-A1QB-06,-0.8946
TCGA-D3-A2J6-06,-1.3131
TCGA-D3-A2J7-06,-0.0576
TCGA-D3-A2J8-06,-0.109
TCGA-D3-A2J9-06,0.3729
TCGA-D3-A2JA-06,0.5576
TCGA-D3-A2JB-06,0.3854
TCGA-D3-A2JC-06,0.48
TCGA-D3-A2JD-06,-2.0171
TCGA-D3-A2JE-06,0.8713
TCGA-D3-A2JF-06,0.558
TCGA-D3-A2JG-06,0.0445
TCGA-D3-A2JH-06,0.7038
TCGA-D3-A2JK-06,-2.86
TCGA-D3-A2JL-06,0.318
TCGA-D3-A2JN-06,0.06
TCGA-D3-A2JO-06,1.4302
TCGA-D3-A2JP-06,0.0226
TCGA-D3-A3BZ-06,-1.1778
TCGA-D3-A3C1-06,-1.1911
TCGA-D3-A3C3-06,0.1786
TCGA-D3-A3C6-06,0.6604
TCGA-D3-A3C7-06,0.1601
TCGA-D3-A3C8-06,0.1641
TCGA-D3-A3CB-06,0.209
TCGA-D3-A3CC-06,-0.2571
TCGA-D3-A3CE-06,1.6187
TCGA-D3-A3CF-06,0.077
TCGA-D3-A3ML-06,0.3637
TCGA-D3-A3MO-06,0.1827
TCGA-D3-A3MR-06,-0.2268
TCGA-D3-A3MU-06,-1.3759
TCGA-D3-A3MV-06,0.141
TCGA-D3-A51E-06,-0.1495
TCGA-D3-A51F-06,0.0019
TCGA-D3-A51G-06,1.2649
TCGA-D3-A51H-06,0.4826
TCGA-D3-A51J-06,-0.0716
TCGA-D3-A51K-06,-1.6263
TCGA-D3-A51N-06,-0.5915
TCGA-D3-A51R-06,0.3001
TCGA-D3-A51T-06,0.3495
TCGA-D3-A5GL-06,-0.49
TCGA-D3-A5GN-06,0.4769
TCGA-D3-A5GO-06,-0.4788
TCGA-D3-A5GR-06,1.6108
TCGA-D3-A5GS-06,-0.4823
TCGA-D3-A5GT-01,-0.3299
TCGA-D3-A5GU-06,1.2732
TCGA-D3-A8GB-06,-0.5682
TCGA-D3-A8GC-06,0.5747
TCGA-D3-A8GD-06,0.2504
TCGA-D3-A8GE-06,0.1729
TCGA-D3-A8GI-06,-1.6932
TCGA-D3-A8GJ-06,-0.1618
TCGA-D3-A8GK-06,-0.7444
TCGA-D3-A8GL-06,0.6818
TCGA-D3-A8GM-06,0.1555
TCGA-D3-A8GN-06,-0.4663
TCGA-D3-A8GO-06,-0.3451
TCGA-D3-A8GP-06,0.6671
TCGA-D3-A8GQ-06,-0.2815
TCGA-D3-A8GR-06,-0.6833
TCGA-D3-A8GS-06,0.6005
TCGA-D3-A8GV-06,-0.3172
TCGA-D9-A148-06,-0.551
TCGA-D9-A149-06,-0.22
TCGA-D9-A1JW-06,-1.7585
TCGA-D9-A1JX-06,0.6215
TCGA-D9-A1X3-01,
TCGA-D9-A1X3-06,0.8001
TCGA-D9-A3Z1-06,-0.306
TCGA-D9-A3Z3-06,-0.5879
TCGA-D9-A3Z4-01,0.2511
TCGA-D9-A4Z2-01,0.505
TCGA-D9-A4Z3-01,0.6971
TCGA-D9-A4Z5-01,-1.2653
TCGA-D9-A4Z6-01,
TCGA-D9-A4Z6-06,0.2379
TCGA-D9-A6E9-06,-2.1423
TCGA-D9-A6EA-06,-0.6156
TCGA-D9-A6EC-06,-0.1073
TCGA-D9-A6EG-06,0.5779
TCGA-DA-A1HV-06,0.5298
TCGA-DA-A1HW-06,1.2227
TCGA-DA-A1HY-06,0.434
TCGA-DA-A1I0-06,-3.7982
TCGA-DA-A1I1-06,0.3919
TCGA-DA-A1I2-06,1.567
TCGA-DA-A1I4-06,-0.1339
TCGA-DA-A1I5-06,0.0704
TCGA-DA-A1I7-06,0.6586
TCGA-DA-A1I8-06,0.4665
TCGA-DA-A1IA-06,-3.1722
TCGA-DA-A1IB-06,0.3897
TCGA-DA-A1IC-06,1.1942
TCGA-DA-A3F2-06,-2.4972
TCGA-DA-A3F3-06,0.904
TCGA-DA-A3F5-06,0.353
TCGA-DA-A3F8-06,0.3764
TCGA-DA-A95V-06,-1.764
TCGA-DA-A95W-06,0.2332
TCGA-DA-A95X-06,0.5695
TCGA-DA-A95Y-06,-1.7545
TCGA-DA-A95Z-06,0.0227
TCGA-EB-A1NK-01,-1.6052
TCGA-EB-A24C-01,0.5528
TCGA-EB-A24D-01,0.5483
TCGA-EB-A299-01,-0.3943
TCGA-EB-A3HV-01,-1.4754
TCGA-EB-A3XB-01,-0.1435
TCGA-EB-A3XC-01,0.1369
TCGA-EB-A3XD-01,-2.1366
TCGA-EB-A3XE-01,-1.5251
TCGA-EB-A3XF-01,0.2947
TCGA-EB-A3Y6-01,-0.5128
TCGA-EB-A3Y7-01,-3.6617
TCGA-EB-A41A-01,-0.0658
TCGA-EB-A41B-01,-0.2215
TCGA-EB-A42Y-01,-0.2916
TCGA-EB-A42Z-01,-0.4015
TCGA-EB-A430-01,-0.467
TCGA-EB-A431-01,-0.2356
TCGA-EB-A44N-01,0.1065
TCGA-EB-A44O-01,0.3725
TCGA-EB-A44P-01,0.3056
TCGA-EB-A44Q-06,0.5734
TCGA-EB-A44R-06,0.0565
TCGA-EB-A4IQ-01,-1.0646
TCGA-EB-A4IS-01,0.1649
TCGA-EB-A4OY-01,-2.7465
TCGA-EB-A4OZ-01,-1.9126
TCGA-EB-A4P0-01,-0.1235
TCGA-EB-A4XL-01,0.6569
TCGA-EB-A551-01,0.2143
TCGA-EB-A553-01,-0.4605
TCGA-EB-A57M-01,-2.2484
TCGA-EB-A5FP-01,0.8165
TCGA-EB-A5KH-06,-1.7559
TCGA-EB-A5SE-01,0.0822
TCGA-EB-A5SF-01,-3.3869
TCGA-EB-A5SG-06,-0.0797
TCGA-EB-A5SH-06,-1.7635
TCGA-EB-A5UL-06,0.4742
TCGA-EB-A5UM-01,-0.756
TCGA-EB-A5UN-06,0.1821
TCGA-EB-A5VU-01,1.4746
TCGA-EB-A5VV-06,0.857
TCGA-EB-A6L9-06,-1.9744
TCGA-EB-A6QY-01,0.2602
TCGA-EB-A6QZ-01,-0.6418
TCGA-EB-A6R0-01,0.5668
TCGA-EE-A17X-06,-0.9859
TCGA-EE-A17Y-06,-0.2317
TCGA-EE-A17Z-06,-0.5264
TCGA-EE-A180-06,-0.006
TCGA-EE-A181-06,0.3
TCGA-EE-A182-06,-3.0715
TCGA-EE-A183-06,-2.2425
TCGA-EE-A184-06,-0.4528
TCGA-EE-A185-06,-0.9313
TCGA-EE-A20B-06,0.8456
TCGA-EE-A20C-06,0.9451
TCGA-EE-A20F-06,0.4998
TCGA-EE-A20H-06,1.3808
TCGA-EE-A20I-06,-0.5233
TCGA-EE-A29A-06,0.6211
TCGA-EE-A29B-06,-0.7495
TCGA-EE-A29C-06,-1.1087
TCGA-EE-A29D-06,0.3698
TCGA-EE-A29E-06,-0.3788
TCGA-EE-A29G-06,0.4265
TCGA-EE-A29H-06,0.3743
TCGA-EE-A29L-06,0.5983
TCGA-EE-A29M-06,0.7344
TCGA-EE-A29N-06,0.5202
TCGA-EE-A29P-06,0.6346
TCGA-EE-A29Q-06,0.6299
TCGA-EE-A29R-06,0.0299
TCGA-EE-A29S-06,-0.0275
TCGA-EE-A29T-06,1.0829
TCGA-EE-A29V-06,-1.6824
TCGA-EE-A29W-06,0.6594
TCGA-EE-A29X-06,-1.2961
TCGA-EE-A2A0-06,1.2777
TCGA-EE-A2A1-06,-0.4057
TCGA-EE-A2A2-06,-1.8487
TCGA-EE-A2A5-06,0.1496
TCGA-EE-A2A6-06,0.3257
TCGA-EE-A2GB-06,0.7507
TCGA-EE-A2GC-06,0.9435
TCGA-EE-A2GD-06,0.4429
TCGA-EE-A2GE-06,0.3521
TCGA-EE-A2GH-06,0.393
TCGA-EE-A2GI-06,0.0995
TCGA-EE-A2GJ-06,0.7738
TCGA-EE-A2GK-06,0.8925
TCGA-EE-A2GL-06,0.5451
TCGA-EE-A2GM-06,-2.3756
TCGA-EE-A2GN-06,-0.1501
TCGA-EE-A2GO-06,0.4143
TCGA-EE-A2GP-06,0.8633
TCGA-EE-A2GR-06,0.8825
TCGA-EE-A2GS-06,1.5361
TCGA-EE-A2GT-06,-1.161
TCGA-EE-A2GU-06,0.932
TCGA-EE-A2M5-06,0.0581
TCGA-EE-A2M6-06,1.0004
TCGA-EE-A2M7-06,0.7836
TCGA-EE-A2M8-06,0.6115
TCGA-EE-A2MC-06,0.361
TCGA-EE-A2MD-06,0.9666
TCGA-EE-A2ME-06,0.7354
TCGA-EE-A2MF-06,0.7501
TCGA-EE-A2MG-06,0.6949
TCGA-EE-A2MH-06,0.6427
TCGA-EE-A2MI-06,0.7782
TCGA-EE-A2MJ-06,0.5044
TCGA-EE-A2MK-06,0.8763
TCGA-EE-A2ML-06,0.4662
TCGA-EE-A2MM-06,1.7391
TCGA-EE-A2MN-06,-0.0613
TCGA-EE-A2MP-06,-0.472
TCGA-EE-A2MQ-06,0.6674
TCGA-EE-A2MR-06,0.62
TCGA-EE-A2MS-06,1.3605
TCGA-EE-A2MT-06,0.1955
TCGA-EE-A2MU-06,-1.2057
TCGA-EE-A3AA-06,0.6745
TCGA-EE-A3AB-06,0.8327
TCGA-EE-A3AC-06,0.8189
TCGA-EE-A3AD-06,0.8313
TCGA-EE-A3AE-06,0.8521
TCGA-EE-A3AF-06,-1.2017
TCGA-EE-A3AG-06,-0.0228
TCGA-EE-A3AH-06,0.7625
TCGA-EE-A3J3-06,0.653
TCGA-EE-A3J4-06,0.4693
TCGA-EE-A3J5-06,0.0793
TCGA-EE-A3J7-06,0.3466
TCGA-EE-A3J8-06,1.0981
TCGA-EE-A3JA-06,1.0316
TCGA-EE-A3JB-06,0.8166
TCGA-EE-A3JD-06,0.6818
TCGA-EE-A3JE-06,0.5157
TCGA-EE-A3JH-06,0.3093
TCGA-EE-A3JI-06,1.4963
TCGA-ER-A193-06,0.2694
TCGA-ER-A194-01,-2.4462
TCGA-ER-A195-06,0.6124
TCGA-ER-A196-01,-0.1287
TCGA-ER-A197-06,-0.1826
TCGA-ER-A198-06,0.5752
TCGA-ER-A199-06,-0.0101
TCGA-ER-A19A-06,0.5685
TCGA-ER-A19B-06,0.8081
TCGA-ER-A19C-06,0.1241
TCGA-ER-A19D-06,-1.0053
TCGA-ER-A19E-06,0.1649
TCGA-ER-A19F-06,0.5498
TCGA-ER-A19G-06,0.813
TCGA-ER-A19H-06,1.1335
TCGA-ER-A19J-06,0.212
TCGA-ER-A19K-01,0.0347
TCGA-ER-A19L-06,1.0835
TCGA-ER-A19M-06,0.6447
TCGA-ER-A19N-06,-0.4754
TCGA-ER-A19O-06,-0.9165
TCGA-ER-A19P-06,0.9381
TCGA-ER-A19Q-06,-0.143
TCGA-ER-A19S-06,0.7465
TCGA-ER-A19T-01,0.4242
TCGA-ER-A19T-06,-0.4897
TCGA-ER-A19W-06,0.4508
TCGA-ER-A1A1-06,0.8909
TCGA-ER-A2NB-01,-2.8324
TCGA-ER-A2NC-06,0.0499
TCGA-ER-A2ND-06,-0.7243
TCGA-ER-A2NE-06,0.9421
TCGA-ER-A2NF-01,1.0762
TCGA-ER-A2NF-06,1.2582
TCGA-ER-A2NG-06,0.1658
TCGA-ER-A2NH-06,0.3467
TCGA-ER-A3ES-06,0.855
TCGA-ER-A3ET-06,0.0212
TCGA-ER-A3EV-06,-0.8189
TCGA-ER-A3PL-06,1.0275
TCGA-ER-A42H-01,0.4154
TCGA-ER-A42K-06,0.3693
TCGA-ER-A42L-06,-0.224
TCGA-FR-A2OS-01,0.7989
TCGA-FR-A3R1-01,0.3825
TCGA-FR-A3YN-06,0.601
TCGA-FR-A3YO-06,-2.7504
TCGA-FR-A44A-06,0.1827
TCGA-FR-A69P-06,0.553
TCGA-FR-A726-01,0.0957
TCGA-FR-A728-01,-0.8374
TCGA-FR-A729-06,0.5005
TCGA-FR-A7U8-06,0.179
TCGA-FR-A7U9-06,-0.4321
TCGA-FR-A7UA-06,0.3815
TCGA-FR-A8YC-06,0.6496
TCGA-FR-A8YD-06,-2.0074
TCGA-FR-A8YE-06,0.6874
TCGA-FS-A1YW-06,0.9838
TCGA-FS-A1YX-06,0.7105
TCGA-FS-A1YY-06,-0.3572
TCGA-FS-A1Z0-06,1.399
TCGA-FS-A1Z3-06,1.0857
TCGA-FS-A1Z4-06,0.7981
TCGA-FS-A1Z7-06,0.2154
TCGA-FS-A1ZA-06,0.4257
TCGA-FS-A1ZB-06,-0.6298
TCGA-FS-A1ZC-06,0.0286
TCGA-FS-A1ZD-06,1.0475
TCGA-FS-A1ZE-06,0.5568
TCGA-FS-A1ZF-06,-0.2664
TCGA-FS-A1ZG-06,0.2009
TCGA-FS-A1ZH-06,0.4174
TCGA-FS-A1ZJ-06,0.7463
TCGA-FS-A1ZK-06,-0.0339
TCGA-FS-A1ZM-06,0.6636
TCGA-FS-A1ZN-01,0.6587
TCGA-FS-A1ZP-06,0.3954
TCGA-FS-A1ZQ-06,-1.0843
TCGA-FS-A1ZR-06,0.7463
TCGA-FS-A1ZS-06,0.874
TCGA-FS-A1ZT-06,1.0512
TCGA-FS-A1ZU-06,0.1565
TCGA-FS-A1ZW-06,1.2246
TCGA-FS-A1ZY-06,-0.7117
TCGA-FS-A1ZZ-06,1.7302
TCGA-FS-A4F0-06,0.7992
TCGA-FS-A4F2-06,0.5764
TCGA-FS-A4F4-06,-2.0188
TCGA-FS-A4F5-06,0.094
TCGA-FS-A4F8-06,0.8176
TCGA-FS-A4F9-06,0.5466
TCGA-FS-A4FB-06,0.3637
TCGA-FS-A4FC-06,0.0349
TCGA-FS-A4FD-06,0.3492
TCGA-FW-A3I3-06,1.0253
TCGA-FW-A3R5-06,0.4139
TCGA-FW-A3TU-06,-2.2163
TCGA-FW-A3TV-06,-0.0982
TCGA-FW-A5DX-01,1.6388
TCGA-FW-A5DY-06,0.5317
TCGA-GF-A2C7-01,0.1327
TCGA-GF-A3OT-06,-0.2763
TCGA-GF-A4EO-06,0.6941
TCGA-GF-A6C8-06,0.213
TCGA-GF-A6C9-06,0.8512
TCGA-GF-A769-01,0.2173
TCGA-GN-A262-06,0.1102
TCGA-GN-A263-01,0.2548
TCGA-GN-A264-06,0.0496
TCGA-GN-A265-06,-0.233
TCGA-GN-A266-06,0.9893
TCGA-GN-A267-06,-0.1616
TCGA-GN-A268-06,0.2514
TCGA-GN-A269-01,
TCGA-GN-A26A-06,0.3422
TCGA-GN-A26C-01,-0.216
TCGA-GN-A26D-06,-0.1743
TCGA-GN-A4U3-06,-0.1592
TCGA-GN-A4U4-06,0.6816
TCGA-GN-A4U5-01,-0.439
TCGA-GN-A4U7-06,-1.0498
TCGA-GN-A4U8-06,0.4782
TCGA-GN-A4U9-06,0.5208
TCGA-GN-A8LK-06,-1.2628
TCGA-GN-A8LL-06,-2.3777
TCGA-GN-A9SD-06,0.3312
TCGA-HR-A2OG-01,
TCGA-HR-A2OG-06,0.3929
TCGA-HR-A2OH-01,
TCGA-HR-A2OH-06,0.4047
TCGA-IH-A3EA-01,-2.0082
TCGA-LH-A9QB-06,0.2323
TCGA-OD-A75X-06,1.0179
TCGA-QB-A6FS-06,-3.7564
TCGA-QB-AA9O-06,-0.5136
TCGA-RP-A690-06,0.3352
TCGA-RP-A693-06,-0.0044
TCGA-RP-A694-06,-0.0517
TCGA-RP-A695-06,-0.5218
TCGA-RP-A6K9-06,-0.281
TCGA-W3-A824-06,-0.343
TCGA-W3-A825-06,0.5198
TCGA-W3-A828-06,0.1132
TCGA-W3-AA1O-06,0.4533
TCGA-W3-AA1Q-06,0.1588
TCGA-W3-AA1R-06,0.5291
TCGA-W3-AA1V-06,0.3925
TCGA-W3-AA1W-06,0.0148
TCGA-W3-AA21-06,-0.5589
TCGA-WE-A8JZ-06,0.8322
TCGA-WE-A8K1-06,-0.0882
TCGA-WE-A8K5-06,-0.0829
TCGA-WE-A8K6-06,-0.0606
TCGA-WE-A8ZM-06,0.5906
TCGA-WE-A8ZN-06,-1.6152
TCGA-WE-A8ZO-06,0.7966
TCGA-WE-A8ZQ-06,0.6373
TCGA-WE-A8ZT-06,0.55
TCGA-WE-A8ZX-06,0.6288
TCGA-WE-A8ZY-06,0.9282
TCGA-WE-AA9Y-06,-0.4751
TCGA-WE-AAA0-06,-0.2336
TCGA-WE-AAA3-06,-0.2356
TCGA-WE-AAA4-06,-2.3321
TCGA-XV-AB01-06,-2.6073
TCGA-YD-A89C-06,-0.361
TCGA-YD-A9TA-06,0.5175
TCGA-YD-A9TB-06,1.0815
TCGA-YG-AA3O-06,0.0218
TCGA-YG-AA3P-06,1.1235
TCGA-Z2-A8RT-06,0.404
TCGA-Z2-AA3S-06,1.3469
TCGA-Z2-AA3V-06,-3.5392
TCGA-3M-AB46-01,0.4379
TCGA-3M-AB47-01,1.39
TCGA-B7-5816-01,-1.533
TCGA-B7-5818-01,-2.2547
TCGA-B7-A5TI-01,-0.5746
TCGA-B7-A5TJ-01,-0.9626
TCGA-B7-A5TK-01,1.208
TCGA-B7-A5TN-01,0.1209
TCGA-BR-4183-01,
TCGA-BR-4184-01,
TCGA-BR-4187-01,-0.0424
TCGA-BR-4188-01,
TCGA-BR-4191-01,1.7343
TCGA-BR-4201-01,-0.6289
TCGA-BR-4253-01,1.4497
TCGA-BR-4255-01,-0.073
TCGA-BR-4256-01,-0.2732
TCGA-BR-4257-01,-0.5072
TCGA-BR-4267-01,0.4808
TCGA-BR-4279-01,0.8213
TCGA-BR-4280-01,0.0622
TCGA-BR-4292-01,-0.5498
TCGA-BR-4294-01,0.109
TCGA-BR-4357-01,-0.4656
TCGA-BR-4361-01,0.0309
TCGA-BR-4362-01,-1.155
TCGA-BR-4363-01,1.7524
TCGA-BR-4366-01,-0.3609
TCGA-BR-4367-01,0.312
TCGA-BR-4368-01,0.6006
TCGA-BR-4369-01,0.0185
TCGA-BR-4370-01,0.2351
TCGA-BR-4371-01,1.498
TCGA-BR-6452-01,-0.9871
TCGA-BR-6453-01,-1.03
TCGA-BR-6454-01,-0.2986
TCGA-BR-6455-01,-0.302
TCGA-BR-6456-01,0.4812
TCGA-BR-6457-01,-1.7856
TCGA-BR-6458-01,0.0485
TCGA-BR-6563-01,-0.1574
TCGA-BR-6564-01,-2.4337
TCGA-BR-6565-01,-0.1452
TCGA-BR-6566-01,-1.1236
TCGA-BR-6705-01,-1.4344
TCGA-BR-6706-01,-0.2695
TCGA-BR-6707-01,-0.8738
TCGA-BR-6709-01,-1.5874
TCGA-BR-6710-01,
TCGA-BR-6801-01,0.9403
TCGA-BR-6802-01,0.357
TCGA-BR-6803-01,-1.5356
TCGA-BR-6852-01,-1.1561
TCGA-BR-7196-01,-0.2556
TCGA-BR-7197-01,-0.8143
TCGA-BR-7703-01,-1.1111
TCGA-BR-7704-01,0.1707
TCGA-BR-7707-01,-1.6184
TCGA-BR-7715-01,-0.7045
TCGA-BR-7716-01,0.2998
TCGA-BR-7717-01,-1.754
TCGA-BR-7722-01,-1.0322
TCGA-BR-7723-01,0.0528
TCGA-BR-7851-01,-0.3789
TCGA-BR-7901-01,0.3727
TCGA-BR-7957-01,-0.0911
TCGA-BR-7958-01,-0.2921
TCGA-BR-7959-01,0.327
TCGA-BR-8058-01,-0.4513
TCGA-BR-8059-01,-0.8211
TCGA-BR-8060-01,-0.0187
TCGA-BR-8077-01,0.9775
TCGA-BR-8078-01,0.1422
TCGA-BR-8080-01,-0.495
TCGA-BR-8081-01,-0.4989
TCGA-BR-8284-01,-0.1203
TCGA-BR-8285-01,
TCGA-BR-8286-01,-0.1587
TCGA-BR-8289-01,-0.9959
TCGA-BR-8291-01,-0.1312
TCGA-BR-8295-01,-1.7432
TCGA-BR-8296-01,-0.4063
TCGA-BR-8297-01,0.0351
TCGA-BR-8360-01,
TCGA-BR-8361-01,-0.3519
TCGA-BR-8362-01,1.3763
TCGA-BR-8363-01,0.2689
TCGA-BR-8364-01,-0.1386
TCGA-BR-8365-01,0.0118
TCGA-BR-8366-01,-0.5518
TCGA-BR-8367-01,0.0733
TCGA-BR-8368-01,0.2071
TCGA-BR-8369-01,1.0495
TCGA-BR-8370-01,
TCGA-BR-8371-01,-0.2063
TCGA-BR-8372-01,1.2528
TCGA-BR-8373-01,1.3176
TCGA-BR-8380-01,-0.4031
TCGA-BR-8381-01,-0.0911
TCGA-BR-8382-01,-0.6132
TCGA-BR-8384-01,-0.0818
TCGA-BR-8483-01,-0.1094
TCGA-BR-8484-01,1.2928
TCGA-BR-8485-01,0.3723
TCGA-BR-8486-01,1.0
TCGA-BR-8487-01,-1.1883
TCGA-BR-8588-01,-1.4179
TCGA-BR-8589-01,0.5832
TCGA-BR-8590-01,-0.453
TCGA-BR-8591-01,-0.6327
TCGA-BR-8592-01,-0.3766
TCGA-BR-8676-01,0.1405
TCGA-BR-8677-01,-0.4183
TCGA-BR-8678-01,0.3625
TCGA-BR-8679-01,0.5503
TCGA-BR-8680-01,1.9473
TCGA-BR-8682-01,0.1747
TCGA-BR-8683-01,1.9635
TCGA-BR-8686-01,0.6403
TCGA-BR-8687-01,-0.3171
TCGA-BR-8690-01,-0.0124
TCGA-BR-A44T-01,0.1422
TCGA-BR-A44U-01,2.2259
TCGA-BR-A452-01,-0.2841
TCGA-BR-A453-01,-0.1904
TCGA-BR-A4CQ-01,
TCGA-BR-A4CR-01,2.455
TCGA-BR-A4CS-01,0.5207
TCGA-BR-A4IU-01,0.0076
TCGA-BR-A4IV-01,-0.0671
TCGA-BR-A4IY-01,-0.3987
TCGA-BR-A4IZ-01,-0.4848
TCGA-BR-A4J1-01,-0.5628
TCGA-BR-A4J2-01,0.2741
TCGA-BR-A4J4-01,0.0711
TCGA-BR-A4J5-01,-0.7273
TCGA-BR-A4J6-01,-0.8728
TCGA-BR-A4J7-01,0.0505
TCGA-BR-A4J8-01,-0.459
TCGA-BR-A4J9-01,0.1851
TCGA-BR-A4PD-01,-0.627
TCGA-BR-A4PE-01,-0.1359
TCGA-BR-A4PF-01,1.5583
TCGA-BR-A4QI-01,3.1817
TCGA-BR-A4QL-01,0.45
TCGA-BR-A4QM-01,1.048
TCGA-CD-5798-01,-1.6926
TCGA-CD-5799-01,-1.174
TCGA-CD-5800-01,-1.0243
TCGA-CD-5801-01,-1.0415
TCGA-CD-5802-01,
TCGA-CD-5803-01,-0.8861
TCGA-CD-5804-01,-1.678
TCGA-CD-5813-01,-1.7893
TCGA-CD-8524-01,0.4934
TCGA-CD-8525-01,-0.8512
TCGA-CD-8526-01,-0.6029
TCGA-CD-8527-01,-1.3123
TCGA-CD-8528-01,0.6901
TCGA-CD-8529-01,-1.0363
TCGA-CD-8530-01,-0.6779
TCGA-CD-8531-01,0.2036
TCGA-CD-8532-01,-0.347
TCGA-CD-8533-01,1.5528
TCGA-CD-8534-01,0.3342
TCGA-CD-8535-01,-0.0928
TCGA-CD-8536-01,-0.345
TCGA-CD-A486-01,-1.3107
TCGA-CD-A487-01,0.067
TCGA-CD-A489-01,0.4336
TCGA-CD-A48A-01,-0.3349
TCGA-CD-A48C-01,-0.564
TCGA-CD-A4MG-01,-0.2247
TCGA-CD-A4MH-01,0.5759
TCGA-CD-A4MI-01,-0.5029
TCGA-CD-A4MJ-01,-0.218
TCGA-CG-4300-01,
TCGA-CG-4301-01,-0.3111
TCGA-CG-4304-01,-0.1906
TCGA-CG-4305-01,-1.0332
TCGA-CG-4306-01,-0.1112
TCGA-CG-4436-01,0.3922
TCGA-CG-4437-01,-2.4372
TCGA-CG-4438-01,0.7555
TCGA-CG-4440-01,-0.4542
TCGA-CG-4441-01,-0.7817
TCGA-CG-4442-01,-2.708
TCGA-CG-4443-01,0.0751
TCGA-CG-4444-01,0.9328
TCGA-CG-4449-01,-0.3268
TCGA-CG-4455-01,
TCGA-CG-4462-01,-0.4387
TCGA-CG-4465-01,-0.1168
TCGA-CG-4466-01,-0.0102
TCGA-CG-4469-01,0.2888
TCGA-CG-4472-01,-0.0829
TCGA-CG-4474-01,-0.5309
TCGA-CG-4475-01,-0.4455
TCGA-CG-4476-01,0.1651
TCGA-CG-4477-01,0.0605
TCGA-CG-5717-01,-0.6898
TCGA-CG-5718-01,-2.6573
TCGA-CG-5719-01,-1.7514
TCGA-CG-5720-01,-1.7306
TCGA-CG-5721-01,-0.4397
TCGA-CG-5722-01,-1.2232
TCGA-CG-5723-01,-0.7703
TCGA-CG-5724-01,-1.5725
TCGA-CG-5725-01,-1.2702
TCGA-CG-5726-01,-1.6678
TCGA-CG-5727-01,
TCGA-CG-5728-01,
TCGA-CG-5730-01,
TCGA-CG-5732-01,-1.6382
TCGA-CG-5733-01,
TCGA-CG-5734-01,-1.2959
TCGA-D7-5577-01,-1.524
TCGA-D7-5578-01,-1.2316
TCGA-D7-5579-01,
TCGA-D7-6518-01,-0.1906
TCGA-D7-6519-01,-0.6484
TCGA-D7-6520-01,-1.8309
TCGA-D7-6521-01,-0.6788
TCGA-D7-6522-01,-1.7653
TCGA-D7-6524-01,-1.1751
TCGA-D7-6525-01,-0.9668
TCGA-D7-6526-01,-0.8105
TCGA-D7-6527-01,-1.6784
TCGA-D7-6528-01,1.5886
TCGA-D7-6815-01,0.563
TCGA-D7-6817-01,0.9928
TCGA-D7-6818-01,-0.4049
TCGA-D7-6820-01,-2.3084
TCGA-D7-6822-01,-0.8296
TCGA-D7-8570-01,-1.3289
TCGA-D7-8572-01,-0.1774
TCGA-D7-8573-01,1.2586
TCGA-D7-8574-01,0.563
TCGA-D7-8575-01,0.8089
TCGA-D7-8576-01,-0.2132
TCGA-D7-8578-01,-0.341
TCGA-D7-8579-01,-1.0224
TCGA-D7-A4YT-01,0.0798
TCGA-D7-A4YU-01,1.8331
TCGA-D7-A4YV-01,1.0004
TCGA-D7-A4YX-01,0.4807
TCGA-D7-A4YY-01,-0.0357
TCGA-D7-A4Z0-01,-0.6387
TCGA-D7-A6ET-01,
TCGA-D7-A6EV-01,-0.3524
TCGA-D7-A6EX-01,-0.5672
TCGA-D7-A6EY-01,-0.7102
TCGA-D7-A6EZ-01,0.6468
TCGA-D7-A6F0-01,-0.4445
TCGA-D7-A6F2-01,0.1686
TCGA-D7-A747-01,0.875
TCGA-D7-A748-01,-1.1757
TCGA-D7-A74A-01,2.1292
TCGA-D7-A74B-01,
TCGA-EQ-5647-01,
TCGA-EQ-8122-01,0.3411
TCGA-EQ-A4SO-01,-0.1046
TCGA-F1-6177-01,-1.6697
TCGA-F1-6874-01,0.1018
TCGA-F1-6875-01,0.3922
TCGA-F1-A448-01,-0.4024
TCGA-F1-A72C-01,-0.0226
TCGA-FP-7735-01,-0.8965
TCGA-FP-7829-01,0.4995
TCGA-FP-7916-01,0.1896
TCGA-FP-7998-01,0.7067
TCGA-FP-8099-01,0.2954
TCGA-FP-8209-01,0.5388
TCGA-FP-8210-01,-0.2832
TCGA-FP-8211-01,-0.924
TCGA-FP-8631-01,-0.1827
TCGA-FP-A4BE-01,0.9855
TCGA-FP-A4BF-01,0.5333
TCGA-FP-A8CX-01,-0.6316
TCGA-FP-A9TM-01,1.0519
TCGA-HF-7132-01,-0.2951
TCGA-HF-7133-01,-0.6054
TCGA-HF-7134-01,-0.3723
TCGA-HF-7136-01,-0.7666
TCGA-HF-A5NB-01,-5.9893
TCGA-HJ-7597-01,0.807
TCGA-HU-8238-01,-1.1192
TCGA-HU-8243-01,-0.371
TCGA-HU-8244-01,-0.6371
TCGA-HU-8245-01,
TCGA-HU-8249-01,0.3917
TCGA-HU-8602-01,1.1218
TCGA-HU-8604-01,2.3277
TCGA-HU-8608-01,0.1986
TCGA-HU-8610-01,-0.9721
TCGA-HU-A4G2-01,0.0157
TCGA-HU-A4G3-01,-1.0526
TCGA-HU-A4G6-01,1.7856
TCGA-HU-A4G8-01,0.786
TCGA-HU-A4G9-01,-0.1424
TCGA-HU-A4GC-01,-0.8353
TCGA-HU-A4GD-01,1.0714
TCGA-HU-A4GF-01,1.188
TCGA-HU-A4GH-01,0.1557
TCGA-HU-A4GJ-01,0.9631
TCGA-HU-A4GN-01,-0.8562
TCGA-HU-A4GP-01,-0.0401
TCGA-HU-A4GQ-01,0.1695
TCGA-HU-A4GT-01,-0.0132
TCGA-HU-A4GU-01,0.9823
TCGA-HU-A4GX-01,0.5364
TCGA-HU-A4GY-01,0.8706
TCGA-HU-A4H0-01,0.7122
TCGA-HU-A4H2-01,0.1538
TCGA-HU-A4H3-01,0.3741
TCGA-HU-A4H4-01,0.7015
TCGA-HU-A4H5-01,1.4685
TCGA-HU-A4H6-01,0.0311
TCGA-HU-A4H8-01,0.5598
TCGA-HU-A4HB-01,0.2045
TCGA-HU-A4HD-01,-0.7587
TCGA-IN-7806-01,-0.0231
TCGA-IN-7808-01,0.5448
TCGA-IN-8462-01,-0.5447
TCGA-IN-8663-01,3.2816
TCGA-IN-A6RI-01,-0.0061
TCGA-IN-A6RJ-01,-1.0211
TCGA-IN-A6RL-01,-0.1024
TCGA-IN-A6RN-01,-0.9892
TCGA-IN-A6RO-01,0.4523
TCGA-IN-A6RP-01,
TCGA-IN-A6RR-01,0.4241
TCGA-IN-A6RS-01,-0.5555
TCGA-IN-A7NR-01,-0.5586
TCGA-IN-A7NT-01,0.4767
TCGA-IN-A7NU-01,0.242
TCGA-IN-AB1V-01,0.4473
TCGA-IN-AB1X-01,1.8766
TCGA-IP-7968-01,0.407
TCGA-KB-A6F5-01,
TCGA-KB-A6F7-01,0.3931
TCGA-KB-A93G-01,0.7057
TCGA-KB-A93H-01,-0.3764
TCGA-KB-A93J-01,0.1608
TCGA-MX-A5UG-01,0.4474
TCGA-MX-A5UJ-01,-0.8588
TCGA-MX-A663-01,-0.5488
TCGA-MX-A666-01,0.4599
TCGA-R5-A7O7-01,0.6343
TCGA-R5-A7ZE-01,0.2514
TCGA-R5-A7ZF-01,-0.1394
TCGA-R5-A7ZI-01,0.359
TCGA-R5-A7ZR-01,-0.0393
TCGA-R5-A804-01,
TCGA-R5-A805-01,-0.4037
TCGA-RD-A7BS-01,0.1668
TCGA-RD-A7BT-01,0.7287
TCGA-RD-A7BW-01,0.4398
TCGA-RD-A7C1-01,0.8047
TCGA-RD-A8MV-01,-0.9093
TCGA-RD-A8MW-01,0.6175
TCGA-RD-A8N0-01,0.6104
TCGA-RD-A8N1-01,-0.8523
TCGA-RD-A8N2-01,0.3243
TCGA-RD-A8N4-01,0.3328
TCGA-RD-A8N5-01,-0.6219
TCGA-RD-A8N6-01,1.3426
TCGA-RD-A8N9-01,0.9822
TCGA-RD-A8NB-01,0.5645
TCGA-SW-A7EA-01,-1.0138
TCGA-SW-A7EB-01,-0.524
TCGA-VQ-A8DL-01,
TCGA-VQ-A8DT-01,-0.8416
TCGA-VQ-A8DU-01,0.9993
TCGA-VQ-A8DV-01,-0.5608
TCGA-VQ-A8DZ-01,-1.6856
TCGA-VQ-A8E0-01,0.745
TCGA-VQ-A8E2-01,-1.5352
TCGA-VQ-A8E3-01,1.0033
TCGA-VQ-A8E7-01,0.6248
TCGA-VQ-A8P2-01,0.015
TCGA-VQ-A8P3-01,-0.8455
TCGA-VQ-A8P5-01,0.6513
TCGA-VQ-A8P8-01,0.6961
TCGA-VQ-A8PB-01,1.2822
TCGA-VQ-A8PC-01,1.5713
TCGA-VQ-A8PD-01,0.1749
TCGA-VQ-A8PE-01,0.0866
TCGA-VQ-A8PF-01,0.4191
TCGA-VQ-A8PH-01,1.4742
TCGA-VQ-A8PJ-01,0.8677
TCGA-VQ-A8PK-01,1.4981
TCGA-VQ-A8PM-01,0.8751
TCGA-VQ-A8PO-01,-0.0974
TCGA-VQ-A8PP-01,0.9087
TCGA-VQ-A8PQ-01,1.744
TCGA-VQ-A8PS-01,
TCGA-VQ-A8PT-01,
TCGA-VQ-A8PU-01,1.4445
TCGA-VQ-A8PX-01,0.8576
TCGA-VQ-A8PY-01,
TCGA-VQ-A8PZ-01,
TCGA-VQ-A91A-01,0.7751
TCGA-VQ-A91D-01,0.0139
TCGA-VQ-A91E-01,0.2621
TCGA-VQ-A91K-01,0.0183
TCGA-VQ-A91N-01,1.8128
TCGA-VQ-A91Q-01,-0.9196
TCGA-VQ-A91S-01,2.6148
TCGA-VQ-A91U-01,1.4792
TCGA-VQ-A91V-01,0.8549
TCGA-VQ-A91W-01,0.4715
TCGA-VQ-A91X-01,1.8349
TCGA-VQ-A91Y-01,0.5227
TCGA-VQ-A91Z-01,1.7209
TCGA-VQ-A922-01,0.4129
TCGA-VQ-A923-01,1.2487
TCGA-VQ-A924-01,0.4237
TCGA-VQ-A925-01,0.697
TCGA-VQ-A927-01,0.3331
TCGA-VQ-A928-01,-0.1574
TCGA-VQ-A92D-01,2.9309
TCGA-VQ-A94O-01,0.939
TCGA-VQ-A94P-01,0.8946
TCGA-VQ-A94R-01,0.7664
TCGA-VQ-A94T-01,0.8619
TCGA-VQ-A94U-01,1.0173
TCGA-VQ-AA64-01,0.1628
TCGA-VQ-AA68-01,1.3953
TCGA-VQ-AA69-01,1.6662
TCGA-VQ-AA6A-01,1.6123
TCGA-VQ-AA6B-01,1.4637
TCGA-VQ-AA6D-01,0.8062
TCGA-VQ-AA6F-01,0.6841
TCGA-VQ-AA6G-01,-0.1226
TCGA-VQ-AA6I-01,-0.2316
TCGA-VQ-AA6J-01,1.0379
TCGA-VQ-AA6K-01,-0.066
TCGA-ZA-A8F6-01,0.6453
TCGA-ZQ-A9CR-01,-0.1348
TCGA-2G-AAEW-01,-1.0806
TCGA-2G-AAEX-01,0.3847
TCGA-2G-AAF1-01,-0.4217
TCGA-2G-AAF4-01,-0.0921
TCGA-2G-AAF6-01,1.0046
TCGA-2G-AAF8-01,0.3315
TCGA-2G-AAFG-01,-0.5728
TCGA-2G-AAFH-01,0.3521
TCGA-2G-AAFI-01,0.8084
TCGA-2G-AAFJ-01,-0.3579
TCGA-2G-AAFL-01,-1.4757
TCGA-2G-AAFM-01,-0.6609
TCGA-2G-AAFN-01,-0.6567
TCGA-2G-AAFO-01,-0.9946
TCGA-2G-AAFV-01,0.9959
TCGA-2G-AAFY-01,0.4307
TCGA-2G-AAFZ-01,0.5688
TCGA-2G-AAG0-01,0.5466
TCGA-2G-AAG3-01,0.1892
TCGA-2G-AAG5-01,-0.4195
TCGA-2G-AAG6-01,0.0593
TCGA-2G-AAG7-01,2.4669
TCGA-2G-AAG8-01,-0.644
TCGA-2G-AAG9-01,0.3254
TCGA-2G-AAGA-01,0.544
TCGA-2G-AAGC-01,1.0319
TCGA-2G-AAGE-01,1.221
TCGA-2G-AAGF-01,-1.4978
TCGA-2G-AAGG-01,0.7264
TCGA-2G-AAGI-01,1.4646
TCGA-2G-AAGJ-01,0.292
TCGA-2G-AAGK-01,0.6395
TCGA-2G-AAGM-01,1.5239
TCGA-2G-AAGN-01,0.0298
TCGA-2G-AAGO-01,1.3613
TCGA-2G-AAGP-01,1.7891
TCGA-2G-AAGS-01,2.0242
TCGA-2G-AAGT-01,0.4821
TCGA-2G-AAGV-01,0.1574
TCGA-2G-AAGW-01,0.9101
TCGA-2G-AAGX-01,-0.0051
TCGA-2G-AAGY-01,0.8439
TCGA-2G-AAGZ-01,-0.7774
TCGA-2G-AAH0-01,0.1497
TCGA-2G-AAH2-01,0.6503
TCGA-2G-AAH3-01,-0.0844
TCGA-2G-AAH4-01,0.0602
TCGA-2G-AAH8-01,-0.0235
TCGA-2G-AAHA-01,-1.6174
TCGA-2G-AAHC-01,-0.5923
TCGA-2G-AAHG-01,-0.5273
TCGA-2G-AAHL-01,-1.8892
TCGA-2G-AAHN-01,-2.7787
TCGA-2G-AAHP-01,-0.3279
TCGA-2G-AAHT-01,-2.3654
TCGA-2G-AAKD-01,0.2949
TCGA-2G-AAKG-01,0.3657
TCGA-2G-AAKH-01,1.4276
TCGA-2G-AAKL-01,0.9692
TCGA-2G-AAKM-01,-0.0249
TCGA-2G-AAKO-01,-0.5085
TCGA-2G-AAL5-01,0.3306
TCGA-2G-AAL7-01,0.4192
TCGA-2G-AALF-01,-2.1303
TCGA-2G-AALG-01,-1.9032
TCGA-2G-AALN-01,0.051
TCGA-2G-AALO-01,0.5938
TCGA-2G-AALP-01,0.934
TCGA-2G-AALQ-01,-0.9252
TCGA-2G-AALR-01,0.5633
TCGA-2G-AALS-01,0.3097
TCGA-2G-AALT-01,-2.1425
TCGA-2G-AALW-01,0.3775
TCGA-2G-AALX-01,0.6095
TCGA-2G-AALY-01,0.059
TCGA-2G-AALZ-01,-2.313
TCGA-2G-AAM2-01,2.3039
TCGA-2G-AAM3-01,-0.7472
TCGA-2G-AAM4-01,1.0124
TCGA-2X-A9D5-01,-0.7598
TCGA-2X-A9D6-01,-0.8383
TCGA-4K-AA1G-01,-0.994
TCGA-4K-AA1H-01,0.0446
TCGA-4K-AA1I-01,-0.3736
TCGA-4K-AAAL-01,-0.7477
TCGA-S6-A8JW-01,0.4854
TCGA-S6-A8JX-01,0.5066
TCGA-S6-A8JY-01,0.072
TCGA-SB-A6J6-01,0.4354
TCGA-SB-A76C-01,-0.1296
TCGA-SN-A6IS-01,-0.1129
TCGA-SN-A84W-01,0.0653
TCGA-SN-A84X-01,-1.0344
TCGA-SN-A84Y-01,1.769
TCGA-SO-A8JP-01,0.1129
TCGA-VF-A8A8-01,1.2353
TCGA-VF-A8A9-01,-0.3624
TCGA-VF-A8AA-01,-0.83
TCGA-VF-A8AB-01,-1.0672
TCGA-VF-A8AC-01,-0.8847
TCGA-VF-A8AD-01,0.0748
TCGA-VF-A8AE-01,-1.398
TCGA-W4-A7U2-01,0.687
TCGA-W4-A7U3-01,0.7784
TCGA-W4-A7U4-01,1.5898
TCGA-WZ-A7V3-01,0.4186
TCGA-WZ-A7V4-01,-0.4637
TCGA-WZ-A7V5-01,0.2292
TCGA-WZ-A8D5-01,-0.2721
TCGA-X3-A8G4-01,0.1948
TCGA-XE-A8H1-01,0.7121
TCGA-XE-A8H4-01,-0.1322
TCGA-XE-A8H5-01,0.7292
TCGA-XE-A9SE-01,0.2906
TCGA-XE-AANI-01,0.2884
TCGA-XE-AANJ-01,0.3436
TCGA-XE-AANR-01,-1.5064
TCGA-XE-AANV-01,-1.0161
TCGA-XE-AAO3-01,2.1294
TCGA-XE-AAO4-01,-0.854
TCGA-XE-AAO6-01,-0.2223
TCGA-XE-AAOB-01,-0.5178
TCGA-XE-AAOC-01,0.2449
TCGA-XE-AAOD-01,-0.8213
TCGA-XE-AAOF-01,-0.501
TCGA-XE-AAOJ-01,1.0285
TCGA-XE-AAOL-01,0.9042
TCGA-XY-A89B-01,0.0344
TCGA-XY-A8S2-01,1.6725
TCGA-XY-A8S3-01,1.2407
TCGA-XY-A9T9-01,0.7488
TCGA-YU-A90P-01,1.9604
TCGA-YU-A90Q-01,-0.4977
TCGA-YU-A90S-01,-1.4251
TCGA-YU-A90W-01,0.2393
TCGA-YU-A90Y-01,-0.0003
TCGA-YU-A912-01,0.4583
TCGA-YU-A94D-01,-0.468
TCGA-YU-A94I-01,1.2579
TCGA-YU-AA4L-01,-0.1561
TCGA-YU-AA61-01,-0.2425
TCGA-ZM-AA05-01,-1.914
TCGA-ZM-AA06-01,-2.0706
TCGA-ZM-AA0B-01,-0.0968
TCGA-ZM-AA0D-01,-1.2147
TCGA-ZM-AA0E-01,-0.9193
TCGA-ZM-AA0F-01,-0.3134
TCGA-ZM-AA0H-01,-1.5974
TCGA-ZM-AA0N-01,-0.6558
TCGA-4C-A93U-01,-0.0594
TCGA-BJ-A0YZ-01,-1.121
TCGA-BJ-A0Z0-01,1.4289
TCGA-BJ-A0Z2-01,0.6013
TCGA-BJ-A0Z3-01,0.8975
TCGA-BJ-A0Z5-01,0.1912
TCGA-BJ-A0Z9-01,-0.47
TCGA-BJ-A0ZA-01,0.5688
TCGA-BJ-A0ZB-01,0.7097
TCGA-BJ-A0ZC-01,0.6814
TCGA-BJ-A0ZE-01,-0.4816
TCGA-BJ-A0ZG-01,-0.0085
TCGA-BJ-A0ZH-01,-0.1257
TCGA-BJ-A0ZJ-01,0.0697
TCGA-BJ-A18Y-01,0.3327
TCGA-BJ-A18Z-01,-0.1783
TCGA-BJ-A190-01,1.7379
TCGA-BJ-A191-01,0.6112
TCGA-BJ-A192-01,-0.9228
TCGA-BJ-A28R-01,0.6128
TCGA-BJ-A28S-01,0.7319
TCGA-BJ-A28T-01,0.6689
TCGA-BJ-A28V-01,0.2536
TCGA-BJ-A28W-01,-1.9911
TCGA-BJ-A28X-01,0.2169
TCGA-BJ-A28Z-01,-0.5772
TCGA-BJ-A290-01,0.6826
TCGA-BJ-A291-01,-1.2124
TCGA-BJ-A2N7-01,0.4784
TCGA-BJ-A2N8-01,0.2809
TCGA-BJ-A2N9-01,-2.075
TCGA-BJ-A2NA-01,0.5008
TCGA-BJ-A2P4-01,-1.362
TCGA-BJ-A3EZ-01,0.6774
TCGA-BJ-A3F0-01,-1.324
TCGA-BJ-A3PR-01,-0.7048
TCGA-BJ-A3PT-01,-0.8651
TCGA-BJ-A3PU-01,-1.4834
TCGA-BJ-A45C-01,-0.1298
TCGA-BJ-A45D-01,-2.8455
TCGA-BJ-A45E-01,-1.7055
TCGA-BJ-A45F-01,-0.4584
TCGA-BJ-A45G-01,-0.2311
TCGA-BJ-A45H-01,-0.2523
TCGA-BJ-A45I-01,-0.5236
TCGA-BJ-A45J-01,-1.0337
TCGA-BJ-A45K-01,-1.3659
TCGA-BJ-A4O8-01,-0.5945
TCGA-BJ-A4O9-01,0.4831
TCGA-CE-A13K-01,0.111
TCGA-CE-A27D-01,0.2722
TCGA-CE-A3MD-01,-0.3766
TCGA-CE-A3ME-01,0.1897
TCGA-CE-A481-01,-0.0522
TCGA-CE-A482-01,0.065
TCGA-CE-A483-01,0.9182
TCGA-CE-A484-01,0.6408
TCGA-CE-A485-01,-0.3378
TCGA-DE-A0XZ-01,0.6854
TCGA-DE-A0Y2-01,0.7055
TCGA-DE-A0Y3-01,1.1325
TCGA-DE-A2OL-01,0.4321
TCGA-DE-A3KN-01,0.4994
TCGA-DE-A4M8-01,0.0851
TCGA-DE-A4M9-01,0.0819
TCGA-DE-A4MA-01,-3.365
TCGA-DE-A4MB-01,-0.4968
TCGA-DE-A4MC-01,0.5054
TCGA-DE-A4MD-01,1.5984
TCGA-DE-A69J-01,1.0
TCGA-DE-A69K-01,0.6494
TCGA-DE-A7U5-01,-0.4125
TCGA-DJ-A13L-01,0.0101
TCGA-DJ-A13M-01,-1.3803
TCGA-DJ-A13O-01,-0.6338
TCGA-DJ-A13P-01,1.26
TCGA-DJ-A13R-01,-0.1079
TCGA-DJ-A13S-01,0.2843
TCGA-DJ-A13T-01,1.7787
TCGA-DJ-A13U-01,1.1271
TCGA-DJ-A13V-01,0.6588
TCGA-DJ-A13W-01,-0.1874
TCGA-DJ-A13X-01,1.4407
TCGA-DJ-A1QD-01,1.0132
TCGA-DJ-A1QE-01,0.7032
TCGA-DJ-A1QF-01,1.4046
TCGA-DJ-A1QG-01,1.0892
TCGA-DJ-A1QH-01,0.8117
TCGA-DJ-A1QI-01,1.5305
TCGA-DJ-A1QL-01,-1.0887
TCGA-DJ-A1QM-01,0.0818
TCGA-DJ-A1QN-01,0.9015
TCGA-DJ-A1QO-01,-0.8103
TCGA-DJ-A1QQ-01,1.0173
TCGA-DJ-A2PN-01,0.5746
TCGA-DJ-A2PO-01,0.9846
TCGA-DJ-A2PP-01,1.1475
TCGA-DJ-A2PQ-01,1.5187
TCGA-DJ-A2PR-01,1.2187
TCGA-DJ-A2PS-01,1.7981
TCGA-DJ-A2PT-01,-1.9109
TCGA-DJ-A2PU-01,0.8186
TCGA-DJ-A2PV-01,1.1055
TCGA-DJ-A2PW-01,0.2214
TCGA-DJ-A2PX-01,0.9874
TCGA-DJ-A2PY-01,1.2482
TCGA-DJ-A2PZ-01,0.8661
TCGA-DJ-A2Q0-01,0.659
TCGA-DJ-A2Q1-01,-1.4535
TCGA-DJ-A2Q2-01,1.1781
TCGA-DJ-A2Q3-01,1.0113
TCGA-DJ-A2Q4-01,0.616
TCGA-DJ-A2Q5-01,0.6661
TCGA-DJ-A2Q6-01,1.2794
TCGA-DJ-A2Q7-01,0.5342
TCGA-DJ-A2Q8-01,
TCGA-DJ-A2Q9-01,0.2839
TCGA-DJ-A2QA-01,-2.4849
TCGA-DJ-A2QB-01,0.4902
TCGA-DJ-A2QC-01,-1.6288
TCGA-DJ-A3UK-01,0.5166
TCGA-DJ-A3UM-01,0.2342
TCGA-DJ-A3UN-01,0.4442
TCGA-DJ-A3UO-01,0.1188
TCGA-DJ-A3UP-01,0.8621
TCGA-DJ-A3UQ-01,0.1035
TCGA-DJ-A3UR-01,0.3321
TCGA-DJ-A3US-01,-0.0498
TCGA-DJ-A3UT-01,-0.5046
TCGA-DJ-A3UU-01,0.7267
TCGA-DJ-A3UW-01,-0.5431
TCGA-DJ-A3UX-01,0.8868
TCGA-DJ-A3UY-01,0.289
TCGA-DJ-A3UZ-01,0.3113
TCGA-DJ-A3V0-01,-0.8688
TCGA-DJ-A3V2-01,0.0815
TCGA-DJ-A3V3-01,-0.6883
TCGA-DJ-A3V4-01,0.7251
TCGA-DJ-A3V5-01,0.3804
TCGA-DJ-A3V7-01,-0.427
TCGA-DJ-A3V8-01,0.029
TCGA-DJ-A3V9-01,-0.298
TCGA-DJ-A3VA-01,0.2238
TCGA-DJ-A3VB-01,-0.8823
TCGA-DJ-A3VD-01,-0.0322
TCGA-DJ-A3VE-01,0.4205
TCGA-DJ-A3VF-01,-0.0874
TCGA-DJ-A3VG-01,-0.2035
TCGA-DJ-A3VI-01,-0.4236
TCGA-DJ-A3VJ-01,-0.9254
TCGA-DJ-A3VK-01,0.4604
TCGA-DJ-A3VL-01,-0.526
TCGA-DJ-A3VM-01,0.0825
TCGA-DJ-A4UL-01,-1.3427
TCGA-DJ-A4UP-01,-0.1948
TCGA-DJ-A4UQ-01,0.2646
TCGA-DJ-A4UR-01,-0.1991
TCGA-DJ-A4UT-01,-0.6972
TCGA-DJ-A4UW-01,0.2043
TCGA-DJ-A4V0-01,0.452
TCGA-DJ-A4V2-01,0.0304
TCGA-DJ-A4V4-01,-0.1202
TCGA-DJ-A4V5-01,-0.8525
TCGA-DO-A1JZ-01,0.9394
TCGA-DO-A1K0-01,1.6707
TCGA-DO-A2HM-01,-0.2167
TCGA-E3-A3DY-01,1.4607
TCGA-E3-A3DZ-01,0.457
TCGA-E3-A3E0-01,0.4948
TCGA-E3-A3E1-01,0.1236
TCGA-E3-A3E2-01,0.3662
TCGA-E3-A3E3-01,0.3089
TCGA-E3-A3E5-01,0.8762
TCGA-E8-A242-01,-0.649
TCGA-E8-A2EA-01,-1.7106
TCGA-E8-A3X7-01,-1.4009
TCGA-E8-A413-01,-0.3379
TCGA-E8-A414-01,0.409
TCGA-E8-A415-01,-0.1269
TCGA-E8-A416-01,0.1451
TCGA-E8-A417-01,0.3249
TCGA-E8-A418-01,-0.4111
TCGA-E8-A419-01,-1.1221
TCGA-E8-A432-01,-0.032
TCGA-E8-A433-01,-2.0976
TCGA-E8-A434-01,-0.4153
TCGA-E8-A436-01,-0.3916
TCGA-E8-A437-01,-1.5919
TCGA-E8-A438-01,-1.8974
TCGA-E8-A44K-01,-1.1973
TCGA-E8-A44M-01,-0.835
TCGA-EL-A3CL-01,0.6091
TCGA-EL-A3CM-01,1.0735
TCGA-EL-A3CN-01,0.1653
TCGA-EL-A3CO-01,-0.0637
TCGA-EL-A3CP-01,1.7579
TCGA-EL-A3CR-01,-1.1265
TCGA-EL-A3CS-01,0.5949
TCGA-EL-A3CT-01,0.9278
TCGA-EL-A3CU-01,1.2969
TCGA-EL-A3CV-01,1.1505
TCGA-EL-A3CW-01,0.7158
TCGA-EL-A3CX-01,-1.3865
TCGA-EL-A3CY-01,0.1147
TCGA-EL-A3CZ-01,2.0138
TCGA-EL-A3D1-01,-3.0497
TCGA-EL-A3D4-01,-1.2894
TCGA-EL-A3D6-01,0.5344
TCGA-EL-A3GO-01,-0.0492
TCGA-EL-A3GP-01,0.4967
TCGA-EL-A3GQ-01,2.1645
TCGA-EL-A3GR-01,1.1698
TCGA-EL-A3GS-01,0.6125
TCGA-EL-A3GU-01,0.2251
TCGA-EL-A3GV-01,1.4728
TCGA-EL-A3GW-01,1.214
TCGA-EL-A3GX-01,0.4191
TCGA-EL-A3GY-01,0.6676
TCGA-EL-A3GZ-01,0.7242
TCGA-EL-A3H1-01,0.3029
TCGA-EL-A3H2-01,0.3103
TCGA-EL-A3H3-01,-0.2556
TCGA-EL-A3H4-01,1.734
TCGA-EL-A3H5-01,-0.7165
TCGA-EL-A3H7-01,-0.2446
TCGA-EL-A3H8-01,1.6291
TCGA-EL-A3MW-01,0.5531
TCGA-EL-A3MX-01,-0.1581
TCGA-EL-A3MY-01,-0.1566
TCGA-EL-A3MZ-01,-0.1093
TCGA-EL-A3N2-01,0.9887
TCGA-EL-A3N3-01,-0.0589
TCGA-EL-A3T0-01,-0.1814
TCGA-EL-A3T1-01,0.2103
TCGA-EL-A3T2-01,1.6407
TCGA-EL-A3T3-01,-1.2645
TCGA-EL-A3T6-01,-0.3567
TCGA-EL-A3T7-01,0.0411
TCGA-EL-A3T8-01,0.1046
TCGA-EL-A3T9-01,-1.572
TCGA-EL-A3TA-01,-0.6555
TCGA-EL-A3TB-01,-0.9492
TCGA-EL-A3ZG-01,-0.3776
TCGA-EL-A3ZH-01,-0.3828
TCGA-EL-A3ZK-01,-0.2762
TCGA-EL-A3ZL-01,-0.0783
TCGA-EL-A3ZM-01,-2.3562
TCGA-EL-A3ZN-01,-0.5702
TCGA-EL-A3ZO-01,-1.6881
TCGA-EL-A3ZP-01,-0.9541
TCGA-EL-A3ZQ-01,-3.0323
TCGA-EL-A3ZR-01,-0.5118
TCGA-EL-A3ZS-01,-0.6116
TCGA-EL-A3ZT-01,-1.0882
TCGA-EL-A4JV-01,-0.2142
TCGA-EL-A4JW-01,-1.0487
TCGA-EL-A4JX-01,-0.8524
TCGA-EL-A4JZ-01,-0.6721
TCGA-EL-A4K0-01,0.8682
TCGA-EL-A4K1-01,-0.3226
TCGA-EL-A4K2-01,-0.7367
TCGA-EL-A4K4-01,0.0264
TCGA-EL-A4K6-01,-1.5098
TCGA-EL-A4K7-01,-1.9872
TCGA-EL-A4K9-01,-0.3508
TCGA-EL-A4KD-01,-0.6958
TCGA-EL-A4KG-01,0.4335
TCGA-EL-A4KH-01,-2.3872
TCGA-EL-A4KI-01,-2.8991
TCGA-EM-A1CS-01,1.7346
TCGA-EM-A1CT-01,1.0546
TCGA-EM-A1CU-01,0.5416
TCGA-EM-A1CV-01,1.8558
TCGA-EM-A1CW-01,-0.3085
TCGA-EM-A1YA-01,-1.1146
TCGA-EM-A1YB-01,-1.6357
TCGA-EM-A1YC-01,1.3056
TCGA-EM-A1YD-01,0.439
TCGA-EM-A1YE-01,-0.5526
TCGA-EM-A22I-01,0.2776
TCGA-EM-A22J-01,0.9469
TCGA-EM-A22K-01,0.9801
TCGA-EM-A22L-01,1.6559
TCGA-EM-A22M-01,-0.9931
TCGA-EM-A22N-01,0.6401
TCGA-EM-A22O-01,-0.5455
TCGA-EM-A22P-01,0.7624
TCGA-EM-A22Q-01,-3.6517
TCGA-EM-A2CJ-01,-0.2628
TCGA-EM-A2CK-01,0.7619
TCGA-EM-A2CL-01,0.746
TCGA-EM-A2CN-01,0.1779
TCGA-EM-A2CO-01,0.2133
TCGA-EM-A2CP-01,0.2816
TCGA-EM-A2CQ-01,0.6219
TCGA-EM-A2CR-01,-3.7599
TCGA-EM-A2CT-01,0.4251
TCGA-EM-A2CU-01,-0.2823
TCGA-EM-A2OV-01,0.3712
TCGA-EM-A2OW-01,-0.1462
TCGA-EM-A2OX-01,0.468
TCGA-EM-A2OY-01,1.4816
TCGA-EM-A2OZ-01,1.0144
TCGA-EM-A2P0-01,1.4055
TCGA-EM-A2P1-01,0.7944
TCGA-EM-A2P2-01,1.2607
TCGA-EM-A2P3-01,0.9415
TCGA-EM-A3AI-01,-0.8526
TCGA-EM-A3AJ-01,-0.9195
TCGA-EM-A3AK-01,0.6483
TCGA-EM-A3AL-01,-0.2626
TCGA-EM-A3AN-01,0.9486
TCGA-EM-A3AO-01,-1.6982
TCGA-EM-A3AP-01,0.8983
TCGA-EM-A3AQ-01,-0.4218
TCGA-EM-A3AR-01,1.0651
TCGA-EM-A3FJ-01,0.7296
TCGA-EM-A3FK-01,1.4075
TCGA-EM-A3FL-01,-0.1799
TCGA-EM-A3FM-01,-1.9042
TCGA-EM-A3FN-01,-0.3045
TCGA-EM-A3FO-01,0.6018
TCGA-EM-A3FP-01,-0.6912
TCGA-EM-A3FQ-01,0.1097
TCGA-EM-A3FR-01,0.2604
TCGA-EM-A3O3-01,-1.6604
TCGA-EM-A3O6-01,-0.9327
TCGA-EM-A3O7-01,0.2588
TCGA-EM-A3O8-01,1.3845
TCGA-EM-A3O9-01,-1.0628
TCGA-EM-A3OA-01,-0.4685
TCGA-EM-A3OB-01,-0.0727
TCGA-EM-A3ST-01,-1.4264
TCGA-EM-A3SU-01,-1.5137
TCGA-EM-A3SX-01,0.8568
TCGA-EM-A3SY-01,-0.576
TCGA-EM-A3SZ-01,-0.0147
TCGA-EM-A4FF-01,0.498
TCGA-EM-A4FH-01,0.0751
TCGA-EM-A4FK-01,0.0421
TCGA-EM-A4FM-01,-0.6166
TCGA-EM-A4FN-01,-0.9011
TCGA-EM-A4FO-01,-0.6642
TCGA-EM-A4FQ-01,-0.3439
TCGA-EM-A4FR-01,-0.6209
TCGA-EM-A4FU-01,0.0182
TCGA-EM-A4FV-01,-0.0225
TCGA-EM-A4G1-01,0.7248
TCGA-ET-A25G-01,-0.1515
TCGA-ET-A25I-01,-0.1647
TCGA-ET-A25J-01,0.5499
TCGA-ET-A25K-01,0.1432
TCGA-ET-A25L-01,0.1505
TCGA-ET-A25M-01,0.3643
TCGA-ET-A25N-01,1.0197
TCGA-ET-A25O-01,1.9118
TCGA-ET-A25P-01,0.241
TCGA-ET-A25R-01,0.0876
TCGA-ET-A2MX-01,-1.1617
TCGA-ET-A2MY-01,0.7034
TCGA-ET-A2MZ-01,1.2869
TCGA-ET-A2N0-01,-3.2036
TCGA-ET-A2N1-01,
TCGA-ET-A2N3-01,-1.566
TCGA-ET-A2N4-01,0.4553
TCGA-ET-A2N5-01,-0.0015
TCGA-ET-A39I-01,1.3342
TCGA-ET-A39J-01,0.6402
TCGA-ET-A39K-01,-1.8829
TCGA-ET-A39L-01,1.2622
TCGA-ET-A39M-01,-1.7212
TCGA-ET-A39N-01,0.1076
TCGA-ET-A39O-01,0.5146
TCGA-ET-A39P-01,0.2527
TCGA-ET-A39R-01,0.0241
TCGA-ET-A39S-01,0.2948
TCGA-ET-A39T-01,1.0539
TCGA-ET-A3BN-01,0.8226
TCGA-ET-A3BO-01,0.9733
TCGA-ET-A3BP-01,0.6929
TCGA-ET-A3BQ-01,0.1008
TCGA-ET-A3BS-01,0.8409
TCGA-ET-A3BT-01,0.8081
TCGA-ET-A3BU-01,0.4088
TCGA-ET-A3BV-01,-0.3263
TCGA-ET-A3BW-01,1.8138
TCGA-ET-A3BX-01,0.1698
TCGA-ET-A3DO-01,0.134
TCGA-ET-A3DP-01,1.2834
TCGA-ET-A3DQ-01,1.1943
TCGA-ET-A3DR-01,0.2085
TCGA-ET-A3DS-01,1.6274
TCGA-ET-A3DT-01,1.0016
TCGA-ET-A3DU-01,-1.237
TCGA-ET-A3DV-01,-0.367
TCGA-ET-A3DW-01,0.521
TCGA-ET-A40P-01,-0.4744
TCGA-ET-A40Q-01,-0.3571
TCGA-ET-A40R-01,-1.1201
TCGA-ET-A40S-01,-1.0327
TCGA-ET-A40T-01,-0.2931
TCGA-ET-A4KN-01,-4.7534
TCGA-ET-A4KQ-01,1.0352
TCGA-FE-A22Z-01,-0.5087
TCGA-FE-A230-01,0.2568
TCGA-FE-A231-01,1.222
TCGA-FE-A232-01,-0.4553
TCGA-FE-A233-01,0.8254
TCGA-FE-A234-01,1.126
TCGA-FE-A235-01,-1.8812
TCGA-FE-A236-01,0.57
TCGA-FE-A237-01,0.4599
TCGA-FE-A238-01,-0.3395
TCGA-FE-A239-01,-0.4785
TCGA-FE-A23A-01,-0.8875
TCGA-FE-A3PA-01,-0.5788
TCGA-FE-A3PB-01,-0.5051
TCGA-FE-A3PC-01,-0.4739
TCGA-FE-A3PD-01,0.0707
TCGA-FK-A3S3-01,-0.6039
TCGA-FK-A3SB-01,0.7625
TCGA-FK-A3SD-01,-1.5791
TCGA-FK-A3SE-01,0.0094
TCGA-FK-A3SG-01,-0.2839
TCGA-FK-A3SH-01,-0.7242
TCGA-FK-A4UB-01,0.0294
TCGA-FY-A2QD-01,1.575
TCGA-FY-A3BL-01,0.9474
TCGA-FY-A3I4-01,-1.3458
TCGA-FY-A3I5-01,1.3218
TCGA-FY-A3NM-01,0.6772
TCGA-FY-A3NN-01,1.5723
TCGA-FY-A3NP-01,0.807
TCGA-FY-A3ON-01,0.1475
TCGA-FY-A3R6-01,0.1368
TCGA-FY-A3R7-01,0.8757
TCGA-FY-A3R8-01,0.5377
TCGA-FY-A3R9-01,0.3707
TCGA-FY-A3RA-01,0.454
TCGA-FY-A3TY-01,-0.0187
TCGA-FY-A3W9-01,0.3231
TCGA-FY-A3WA-01,1.5829
TCGA-FY-A3YR-01,0.1054
TCGA-FY-A40K-01,0.3394
TCGA-FY-A40L-01,-0.3761
TCGA-FY-A40M-01,0.2965
TCGA-FY-A40N-01,0.3561
TCGA-FY-A4B0-01,-1.2926
TCGA-FY-A4B3-01,-0.4539
TCGA-FY-A4B4-01,-0.9189
TCGA-FY-A76V-01,0.3514
TCGA-GE-A2C6-01,0.7035
TCGA-H2-A26U-01,-0.4318
TCGA-H2-A2K9-01,0.838
TCGA-H2-A3RH-01,0.2508
TCGA-H2-A3RI-01,0.5829
TCGA-H2-A421-01,-0.9203
TCGA-H2-A422-01,0.3571
TCGA-IM-A3EB-01,-0.0434
TCGA-IM-A3ED-01,1.0903
TCGA-IM-A3U2-01,-0.8835
TCGA-IM-A3U3-01,0.1755
TCGA-IM-A41Y-01,-0.0604
TCGA-IM-A41Z-01,-0.2872
TCGA-IM-A420-01,-0.9201
TCGA-IM-A4EB-01,-0.7067
TCGA-J8-A3NZ-01,1.0224
TCGA-J8-A3O0-01,0.5994
TCGA-J8-A3O1-01,1.9071
TCGA-J8-A3O2-01,0.4422
TCGA-J8-A3YD-01,0.2262
TCGA-J8-A3YE-01,-0.1941
TCGA-J8-A3YF-01,-0.8731
TCGA-J8-A3YG-01,-0.612
TCGA-J8-A3YH-01,-0.1957
TCGA-J8-A3YH-06,-0.3863
TCGA-J8-A42S-01,-0.2348
TCGA-J8-A4HW-01,-0.2506
TCGA-J8-A4HY-01,-0.5724
TCGA-KS-A41F-01,-2.4805
TCGA-KS-A41I-01,-1.313
TCGA-KS-A41J-01,-1.5152
TCGA-KS-A41L-01,-0.7188
TCGA-KS-A4I1-01,-0.8725
TCGA-KS-A4I3-01,-0.2721
TCGA-KS-A4I5-01,-1.0751
TCGA-KS-A4I7-01,-0.5745
TCGA-KS-A4I9-01,-0.4963
TCGA-KS-A4IB-01,1.1391
TCGA-KS-A4IC-01,-0.4648
TCGA-KS-A4ID-01,-0.9154
TCGA-L6-A4EP-01,-1.17
TCGA-L6-A4EQ-01,-1.0333
TCGA-L6-A4ET-01,-0.546
TCGA-L6-A4EU-01,-1.2748
TCGA-MK-A4N6-01,0.7224
TCGA-MK-A4N7-01,1.3935
TCGA-MK-A4N9-01,0.4499
TCGA-MK-A84Z-01,-0.4806
TCGA-QD-A8IV-01,0.2956
TCGA-3G-AB0O-01,0.6768
TCGA-3G-AB0Q-01,-0.9143
TCGA-3G-AB0T-01,0.4184
TCGA-3G-AB14-01,-1.0927
TCGA-3G-AB19-01,0.7499
TCGA-3Q-A9WF-01,0.5033
TCGA-3S-A8YW-01,-2.8596
TCGA-3S-AAYX-01,0.6169
TCGA-3T-AA9L-01,0.3785
TCGA-4V-A9QI-01,1.4214
TCGA-4V-A9QJ-01,-0.0929
TCGA-4V-A9QL-01,-0.6629
TCGA-4V-A9QM-01,-0.0152
TCGA-4V-A9QN-01,-1.4158
TCGA-4V-A9QQ-01,
TCGA-4V-A9QR-01,0.8924
TCGA-4V-A9QS-01,0.2986
TCGA-4V-A9QT-01,0.7712
TCGA-4V-A9QU-01,0.9794
TCGA-4V-A9QW-01,-1.1231
TCGA-4V-A9QX-01,0.8885
TCGA-4X-A9F9-01,-0.3457
TCGA-4X-A9FA-01,-1.0428
TCGA-4X-A9FB-01,1.0653
TCGA-4X-A9FC-01,1.0
TCGA-4X-A9FD-01,0.6252
TCGA-5G-A9ZZ-01,0.3376
TCGA-5K-AAAP-01,-0.9648
TCGA-5U-AB0D-01,-3.4738
TCGA-5U-AB0E-01,-1.1918
TCGA-5U-AB0F-01,-2.2008
TCGA-5V-A9RR-01,-0.781
TCGA-X7-A8D6-01,2.1311
TCGA-X7-A8D7-01,1.0448
TCGA-X7-A8D8-01,0.0133
TCGA-X7-A8D9-01,0.0553
TCGA-X7-A8DB-01,0.4677
TCGA-X7-A8DC-01,
TCGA-X7-A8DD-01,-0.8604
TCGA-X7-A8DE-01,0.0491
TCGA-X7-A8DF-01,-0.6327
TCGA-X7-A8DG-01,-0.0249
TCGA-X7-A8DI-01,
TCGA-X7-A8DJ-01,0.501
TCGA-X7-A8M0-01,-0.5021
TCGA-X7-A8M1-01,0.6356
TCGA-X7-A8M3-01,1.3731
TCGA-X7-A8M4-01,0.1877
TCGA-X7-A8M5-01,-1.2621
TCGA-X7-A8M6-01,-1.0583
TCGA-X7-A8M7-01,0.2867
TCGA-X7-A8M8-01,-0.1775
TCGA-XH-A853-01,0.1016
TCGA-XM-A8R8-01,-0.7067
TCGA-XM-A8R9-01,0.0989
TCGA-XM-A8RB-01,0.3239
TCGA-XM-A8RC-01,0.4218
TCGA-XM-A8RD-01,-0.4617
TCGA-XM-A8RE-01,-0.2577
TCGA-XM-A8RF-01,0.4454
TCGA-XM-A8RG-01,1.846
TCGA-XM-A8RH-01,1.2201
TCGA-XM-A8RI-01,0.4977
TCGA-XM-A8RL-01,1.3491
TCGA-XM-AAZ1-01,-1.1078
TCGA-XM-AAZ2-01,-0.6984
TCGA-XM-AAZ3-01,0.3096
TCGA-XU-A92O-01,-0.3413
TCGA-XU-A92Q-01,-0.8233
TCGA-XU-A92R-01,
TCGA-XU-A92T-01,0.6301
TCGA-XU-A92U-01,0.286
TCGA-XU-A92V-01,0.3669
TCGA-XU-A92W-01,0.7693
TCGA-XU-A92X-01,-1.1812
TCGA-XU-A92Y-01,0.1532
TCGA-XU-A92Z-01,-0.0239
TCGA-XU-A930-01,0.0239
TCGA-XU-A931-01,2.4815
TCGA-XU-A932-01,-1.3682
TCGA-XU-A933-01,-1.0092
TCGA-XU-A936-01,-0.5651
TCGA-XU-AAXW-01,1.0535
TCGA-XU-AAXX-01,0.9684
TCGA-XU-AAXY-01,-0.5
TCGA-XU-AAXZ-01,-2.6905
TCGA-XU-AAY0-01,-0.7327
TCGA-XU-AAY1-01,-0.3481
TCGA-YT-A95D-01,0.1494
TCGA-YT-A95E-01,0.5079
TCGA-YT-A95F-01,1.0468
TCGA-YT-A95G-01,0.7044
TCGA-YT-A95H-01,0.2352
TCGA-ZB-A961-01,-0.4373
TCGA-ZB-A962-01,0.3005
TCGA-ZB-A963-01,0.1725
TCGA-ZB-A964-01,0.7897
TCGA-ZB-A965-01,1.4621
TCGA-ZB-A966-01,-1.8776
TCGA-ZB-A969-01,0.3502
TCGA-ZB-A96A-01,-0.1138
TCGA-ZB-A96B-01,-0.0988
TCGA-ZB-A96C-01,0.2953
TCGA-ZB-A96D-01,1.1699
TCGA-ZB-A96E-01,-0.048
TCGA-ZB-A96F-01,0.2215
TCGA-ZB-A96G-01,-0.1493
TCGA-ZB-A96H-01,0.4427
TCGA-ZB-A96I-01,-0.836
TCGA-ZB-A96K-01,0.1648
TCGA-ZB-A96L-01,1.6497
TCGA-ZB-A96M-01,0.5809
TCGA-ZB-A96O-01,-0.3143
TCGA-ZB-A96P-01,1.5505
TCGA-ZB-A96Q-01,1.4387
TCGA-ZB-A96R-01,-0.1342
TCGA-ZB-A96V-01,-1.6142
TCGA-ZC-AAA7-01,-1.5753
TCGA-ZC-AAAA-01,0.115
TCGA-ZC-AAAF-01,-0.5622
TCGA-ZC-AAAH-01,-0.5401
TCGA-ZL-A9V6-01,0.6363
TCGA-ZT-A8OM-01,-1.8875
TCGA-2E-A9G8-01,-0.6807
TCGA-4E-A92E-01,0.3075
TCGA-5B-A90C-01,1.4552
TCGA-5S-A9Q8-01,-0.8243
TCGA-A5-A0G1-01,-0.3747
TCGA-A5-A0G2-01,1.906
TCGA-A5-A0G3-01,-0.3179
TCGA-A5-A0G5-01,-1.0921
TCGA-A5-A0G9-01,-0.8602
TCGA-A5-A0GA-01,0.0612
TCGA-A5-A0GB-01,0.2503
TCGA-A5-A0GD-01,-0.1866
TCGA-A5-A0GE-01,0.1492
TCGA-A5-A0GG-01,0.0735
TCGA-A5-A0GH-01,0.63
TCGA-A5-A0GI-01,-0.9981
TCGA-A5-A0GJ-01,-1.5076
TCGA-A5-A0GM-01,0.3772
TCGA-A5-A0GN-01,-0.781
TCGA-A5-A0GP-01,-0.6335
TCGA-A5-A0GQ-01,-0.3411
TCGA-A5-A0GR-01,-0.393
TCGA-A5-A0GU-01,0.4844
TCGA-A5-A0GV-01,-0.1319
TCGA-A5-A0GW-01,-0.1768
TCGA-A5-A0GX-01,-1.5753
TCGA-A5-A0R6-01,-0.6392
TCGA-A5-A0R7-01,0.1435
TCGA-A5-A0R8-01,-0.7886
TCGA-A5-A0R9-01,-0.6414
TCGA-A5-A0RA-01,-4.7856
TCGA-A5-A0VO-01,0.6482
TCGA-A5-A0VP-01,0.4525
TCGA-A5-A0VQ-01,-0.6561
TCGA-A5-A1OF-01,-1.049
TCGA-A5-A1OG-01,0.1502
TCGA-A5-A1OH-01,0.0479
TCGA-A5-A1OJ-01,-0.1506
TCGA-A5-A1OK-01,0.5354
TCGA-A5-A2K2-01,0.8257
TCGA-A5-A2K3-01,0.0534
TCGA-A5-A2K4-01,0.3792
TCGA-A5-A2K5-01,-2.9862
TCGA-A5-A2K7-01,-0.891
TCGA-A5-A3LO-01,1.0533
TCGA-A5-A3LP-01,0.6611
TCGA-A5-A7WJ-01,0.116
TCGA-A5-A7WK-01,-0.621
TCGA-A5-AB3J-01,0.3355
TCGA-AJ-A23M-01,1.0996
TCGA-AJ-A23N-01,0.3216
TCGA-AJ-A23O-01,-0.1126
TCGA-AJ-A2QK-01,1.0041
TCGA-AJ-A2QL-01,1.1174
TCGA-AJ-A2QM-01,0.469
TCGA-AJ-A2QN-01,2.2937
TCGA-AJ-A2QO-01,-0.0679
TCGA-AJ-A3BD-01,-1.6348
TCGA-AJ-A3BF-01,-0.9224
TCGA-AJ-A3BG-01,-1.2269
TCGA-AJ-A3BH-01,0.7962
TCGA-AJ-A3BI-01,-1.6652
TCGA-AJ-A3BK-01,-1.2618
TCGA-AJ-A3EJ-01,0.6279
TCGA-AJ-A3EK-01,0.5676
TCGA-AJ-A3EL-01,-0.8876
TCGA-AJ-A3EM-01,-0.9814
TCGA-AJ-A3I9-01,-0.0876
TCGA-AJ-A3IA-01,-0.6857
TCGA-AJ-A3NC-01,0.1661
TCGA-AJ-A3NE-01,0.2352
TCGA-AJ-A3NF-01,0.3476
TCGA-AJ-A3NG-01,0.8001
TCGA-AJ-A3NH-01,0.3747
TCGA-AJ-A3OJ-01,0.3143
TCGA-AJ-A3OK-01,0.1293
TCGA-AJ-A3OL-01,0.4206
TCGA-AJ-A3QS-01,0.6237
TCGA-AJ-A3TW-01,-1.5626
TCGA-AJ-A5DV-01,0.3709
TCGA-AJ-A5DW-01,1.1326
TCGA-AJ-A6NU-01,0.2819
TCGA-AJ-A8CT-01,-0.6932
TCGA-AJ-A8CV-01,-0.6593
TCGA-AJ-A8CW-01,-0.1976
TCGA-AP-A051-01,0.7915
TCGA-AP-A052-01,-0.2829
TCGA-AP-A054-01,1.5881
TCGA-AP-A056-01,0.2214
TCGA-AP-A059-01,0.9685
TCGA-AP-A05A-01,-0.9303
TCGA-AP-A05D-01,-1.3706
TCGA-AP-A05H-01,-1.0311
TCGA-AP-A05J-01,-2.1385
TCGA-AP-A05N-01,0.8458
TCGA-AP-A05O-01,0.0308
TCGA-AP-A05P-01,1.4364
TCGA-AP-A0L8-01,-0.4443
TCGA-AP-A0L9-01,0.5176
TCGA-AP-A0LD-01,-0.5603
TCGA-AP-A0LE-01,-0.8374
TCGA-AP-A0LF-01,-0.4531
TCGA-AP-A0LG-01,1.1646
TCGA-AP-A0LH-01,1.8007
TCGA-AP-A0LI-01,-1.1906
TCGA-AP-A0LJ-01,-1.7033
TCGA-AP-A0LL-01,-0.4719
TCGA-AP-A0LM-01,0.4279
TCGA-AP-A0LN-01,-0.7652
TCGA-AP-A0LO-01,0.1719
TCGA-AP-A0LP-01,-0.5436
TCGA-AP-A0LQ-01,
TCGA-AP-A0LS-01,1.1259
TCGA-AP-A0LT-01,-0.4363
TCGA-AP-A0LV-01,-0.4074
TCGA-AP-A1DH-01,0.497
TCGA-AP-A1DK-01,0.9405
TCGA-AP-A1DM-01,0.2742
TCGA-AP-A1DO-01,0.5246
TCGA-AP-A1DP-01,0.6714
TCGA-AP-A1DQ-01,1.2532
TCGA-AP-A1DR-01,0.7077
TCGA-AP-A1DV-01,1.3963
TCGA-AP-A1E0-01,1.0463
TCGA-AP-A1E1-01,0.3404
TCGA-AP-A1E3-01,-0.3874
TCGA-AP-A1E4-01,0.3557
TCGA-AP-A3K1-01,-0.8383
TCGA-AP-A5FX-01,0.1336
TCGA-AW-A1PO-01,1.9217
TCGA-AX-A05S-01,-0.4428
TCGA-AX-A05T-01,0.5381
TCGA-AX-A05U-01,1.319
TCGA-AX-A05W-01,-0.91
TCGA-AX-A05Y-01,-0.4574
TCGA-AX-A05Z-01,-1.7526
TCGA-AX-A060-01,-0.5885
TCGA-AX-A062-01,1.832
TCGA-AX-A063-01,0.1291
TCGA-AX-A064-01,0.8184
TCGA-AX-A06B-01,1.1245
TCGA-AX-A06F-01,0.421
TCGA-AX-A06H-01,1.4589
TCGA-AX-A06J-01,-1.7023
TCGA-AX-A06L-01,0.4452
TCGA-AX-A0IS-01,0.9788
TCGA-AX-A0IU-01,-0.0556
TCGA-AX-A0IW-01,-2.1564
TCGA-AX-A0IZ-01,0.5178
TCGA-AX-A0J0-01,1.1937
TCGA-AX-A0J1-01,0.388
TCGA-AX-A1C4-01,1.0559
TCGA-AX-A1C5-01,0.2413
TCGA-AX-A1C7-01,-2.3023
TCGA-AX-A1C8-01,-0.3163
TCGA-AX-A1C9-01,0.597
TCGA-AX-A1CA-01,-1.4362
TCGA-AX-A1CC-01,0.4038
TCGA-AX-A1CE-01,0.2824
TCGA-AX-A1CF-01,0.4123
TCGA-AX-A1CI-01,1.0202
TCGA-AX-A1CJ-01,-0.1947
TCGA-AX-A1CK-01,-0.5642
TCGA-AX-A1CN-01,0.6985
TCGA-AX-A2H2-01,0.6015
TCGA-AX-A2H4-01,0.3817
TCGA-AX-A2H5-01,2.5034
TCGA-AX-A2H7-01,0.6709
TCGA-AX-A2HA-01,0.2785
TCGA-AX-A2HC-01,0.7589
TCGA-AX-A2HD-01,0.5788
TCGA-AX-A2HG-01,0.9309
TCGA-AX-A2HH-01,0.3338
TCGA-AX-A2HJ-01,0.9263
TCGA-AX-A2HK-01,1.6996
TCGA-AX-A2IN-01,-0.6698
TCGA-AX-A2IO-01,0.5362
TCGA-AX-A3FS-01,1.2369
TCGA-AX-A3FT-01,0.0927
TCGA-AX-A3FV-01,0.9771
TCGA-AX-A3FW-01,0.5957
TCGA-AX-A3FX-01,0.1493
TCGA-AX-A3FZ-01,-0.1414
TCGA-AX-A3G1-01,1.8981
TCGA-AX-A3G4-01,-0.6857
TCGA-AX-A3G6-01,-0.6569
TCGA-AX-A3G7-01,-0.0169
TCGA-AX-A3G8-01,-0.3409
TCGA-AX-A3G9-01,0.9263
TCGA-AX-A3GB-01,-0.6604
TCGA-AX-A3GI-01,1.7453
TCGA-B5-A0JN-01,-0.2976
TCGA-B5-A0JR-01,-0.617
TCGA-B5-A0JS-01,-0.0343
TCGA-B5-A0JT-01,0.3188
TCGA-B5-A0JU-01,0.9288
TCGA-B5-A0JV-01,0.3099
TCGA-B5-A0JX-01,0.6103
TCGA-B5-A0JY-01,0.2867
TCGA-B5-A0JZ-01,-0.1706
TCGA-B5-A0K0-01,0.6652
TCGA-B5-A0K1-01,0.4189
TCGA-B5-A0K2-01,0.2866
TCGA-B5-A0K3-01,-0.4336
TCGA-B5-A0K4-01,-1.835
TCGA-B5-A0K6-01,-1.8509
TCGA-B5-A0K7-01,0.1689
TCGA-B5-A0K8-01,1.5313
TCGA-B5-A0K9-01,-0.526
TCGA-B5-A11E-01,0.8139
TCGA-B5-A11F-01,0.0208
TCGA-B5-A11G-01,-0.3372
TCGA-B5-A11H-01,0.4102
TCGA-B5-A11I-01,1.0652
TCGA-B5-A11J-01,1.0693
TCGA-B5-A11L-01,-0.0216
TCGA-B5-A11M-01,0.7685
TCGA-B5-A11N-01,0.0291
TCGA-B5-A11O-01,0.3256
TCGA-B5-A11P-01,-0.2031
TCGA-B5-A11Q-01,0.0825
TCGA-B5-A11R-01,0.1379
TCGA-B5-A11S-01,0.9884
TCGA-B5-A11U-01,0.7189
TCGA-B5-A11V-01,-0.078
TCGA-B5-A11W-01,-0.2871
TCGA-B5-A11X-01,-0.1755
TCGA-B5-A11Y-01,-0.2799
TCGA-B5-A11Z-01,0.7164
TCGA-B5-A121-01,0.8485
TCGA-B5-A1MR-01,-2.5783
TCGA-B5-A1MS-01,0.5347
TCGA-B5-A1MU-01,0.0165
TCGA-B5-A1MV-01,0.2498
TCGA-B5-A1MW-01,0.1652
TCGA-B5-A1MX-01,0.4773
TCGA-B5-A1MY-01,0.8442
TCGA-B5-A1MZ-01,0.8691
TCGA-B5-A1N2-01,1.2075
TCGA-B5-A3F9-01,0.2424
TCGA-B5-A3FA-01,-0.7503
TCGA-B5-A3FB-01,-0.1347
TCGA-B5-A3FC-01,0.0512
TCGA-B5-A3FD-01,-0.1724
TCGA-B5-A3FH-01,0.4844
TCGA-B5-A3S1-01,0.0304
TCGA-B5-A5OC-01,0.2421
TCGA-B5-A5OD-01,-2.3938
TCGA-B5-A5OE-01,-1.3616
TCGA-BG-A0LW-01,0.263
TCGA-BG-A0LX-01,0.6978
TCGA-BG-A0M0-01,0.2309
TCGA-BG-A0M2-01,0.4844
TCGA-BG-A0M3-01,-0.3749
TCGA-BG-A0M4-01,-0.5657
TCGA-BG-A0M6-01,0.8343
TCGA-BG-A0M7-01,-1.0528
TCGA-BG-A0M9-01,-0.5918
TCGA-BG-A0MA-01,0.094
TCGA-BG-A0MC-01,-2.1421
TCGA-BG-A0MG-01,0.1437
TCGA-BG-A0MI-01,-0.2009
TCGA-BG-A0MK-01,-0.8584
TCGA-BG-A0MO-01,-0.0305
TCGA-BG-A0MQ-01,0.4111
TCGA-BG-A0MT-01,0.4309
TCGA-BG-A0MU-01,-0.3791
TCGA-BG-A0RY-01,-0.6137
TCGA-BG-A0VT-01,1.4861
TCGA-BG-A0VV-01,0.2646
TCGA-BG-A0VW-01,-0.0243
TCGA-BG-A0VX-01,0.1529
TCGA-BG-A0VZ-01,0.7488
TCGA-BG-A0W1-01,0.065
TCGA-BG-A0W2-01,0.3729
TCGA-BG-A0YU-01,0.5424
TCGA-BG-A0YV-01,1.0315
TCGA-BG-A186-01,0.5703
TCGA-BG-A187-01,-0.6587
TCGA-BG-A18A-01,-0.9514
TCGA-BG-A18B-01,0.8276
TCGA-BG-A18C-01,-0.021
TCGA-BG-A222-01,1.2183
TCGA-BG-A2AD-01,0.1866
TCGA-BG-A2AE-01,0.7989
TCGA-BG-A2L7-01,1.3544
TCGA-BG-A3EW-01,0.2782
TCGA-BG-A3PP-01,0.5492
TCGA-BK-A0C9-01,-2.0656
TCGA-BK-A0CA-01,0.7606
TCGA-BK-A0CB-01,-1.3653
TCGA-BK-A0CC-01,1.4465
TCGA-BK-A139-01,0.7768
TCGA-BK-A13B-01,-0.7375
TCGA-BK-A13C-01,0.957
TCGA-BK-A26L-01,0.5203
TCGA-BK-A4ZD-01,1.3233
TCGA-BK-A56F-01,0.6417
TCGA-BK-A6W3-01,0.5573
TCGA-BK-A6W4-01,0.9072
TCGA-BS-A0T9-01,-1.254
TCGA-BS-A0TA-01,0.0402
TCGA-BS-A0TC-01,-5.4548
TCGA-BS-A0TD-01,-1.1433
TCGA-BS-A0TE-01,-0.2569
TCGA-BS-A0TG-01,0.0183
TCGA-BS-A0TI-01,-1.0103
TCGA-BS-A0TJ-01,0.6051
TCGA-BS-A0U5-01,0.5217
TCGA-BS-A0U7-01,0.0927
TCGA-BS-A0U8-01,0.5142
TCGA-BS-A0U9-01,0.4868
TCGA-BS-A0UA-01,0.0133
TCGA-BS-A0UF-01,1.083
TCGA-BS-A0UJ-01,-1.0514
TCGA-BS-A0UL-01,0.7076
TCGA-BS-A0UM-01,-0.2959
TCGA-BS-A0UT-01,-0.4242
TCGA-BS-A0UV-01,0.2743
TCGA-BS-A0V4-01,-0.6682
TCGA-BS-A0V6-01,0.7291
TCGA-BS-A0V7-01,-1.1681
TCGA-BS-A0V8-01,0.8518
TCGA-BS-A0VI-01,0.0362
TCGA-BS-A0WQ-01,0.8424
TCGA-D1-A0ZN-01,0.775
TCGA-D1-A0ZO-01,0.6162
TCGA-D1-A0ZP-01,0.2987
TCGA-D1-A0ZQ-01,0.224
TCGA-D1-A0ZR-01,0.3953
TCGA-D1-A0ZS-01,2.3098
TCGA-D1-A0ZU-01,0.5106
TCGA-D1-A0ZV-01,-0.1544
TCGA-D1-A0ZZ-01,1.4155
TCGA-D1-A101-01,0.3887
TCGA-D1-A102-01,1.7357
TCGA-D1-A103-01,0.7244
TCGA-D1-A15V-01,0.5445
TCGA-D1-A15W-01,0.742
TCGA-D1-A15X-01,-0.4844
TCGA-D1-A15Z-01,0.8037
TCGA-D1-A160-01,0.0274
TCGA-D1-A161-01,-0.0733
TCGA-D1-A163-01,0.8334
TCGA-D1-A165-01,0.5014
TCGA-D1-A167-01,-4.131
TCGA-D1-A168-01,-1.9481
TCGA-D1-A169-01,-1.1461
TCGA-D1-A16B-01,0.2005
TCGA-D1-A16D-01,0.0055
TCGA-D1-A16E-01,-0.1182
TCGA-D1-A16F-01,-0.0466
TCGA-D1-A16G-01,-0.7289
TCGA-D1-A16I-01,-0.6353
TCGA-D1-A16J-01,-0.2756
TCGA-D1-A16N-01,0.3578
TCGA-D1-A16O-01,-0.0069
TCGA-D1-A16Q-01,-0.948
TCGA-D1-A16R-01,-0.7505
TCGA-D1-A16S-01,-1.3147
TCGA-D1-A16V-01,1.0772
TCGA-D1-A16X-01,-0.8407
TCGA-D1-A16Y-01,-2.5532
TCGA-D1-A174-01,-1.7654
TCGA-D1-A175-01,1.483
TCGA-D1-A176-01,-0.095
TCGA-D1-A177-01,-0.0602
TCGA-D1-A179-01,0.6035
TCGA-D1-A17A-01,-0.3784
TCGA-D1-A17B-01,-0.2143
TCGA-D1-A17C-01,-1.5104
TCGA-D1-A17D-01,-1.0333
TCGA-D1-A17F-01,-0.3427
TCGA-D1-A17H-01,-3.1672
TCGA-D1-A17K-01,-0.4475
TCGA-D1-A17L-01,-1.5095
TCGA-D1-A17M-01,0.0413
TCGA-D1-A17N-01,-2.8682
TCGA-D1-A17Q-01,0.4396
TCGA-D1-A17R-01,-0.8472
TCGA-D1-A17S-01,-0.2305
TCGA-D1-A17T-01,-0.8474
TCGA-D1-A17U-01,0.0291
TCGA-D1-A1NS-01,-0.2006
TCGA-D1-A1NU-01,-0.0158
TCGA-D1-A1NW-01,0.6992
TCGA-D1-A1NX-01,0.4578
TCGA-D1-A1NY-01,0.1074
TCGA-D1-A1NZ-01,0.1532
TCGA-D1-A1O0-01,0.5024
TCGA-D1-A1O5-01,0.313
TCGA-D1-A1O7-01,0.401
TCGA-D1-A1O8-01,-0.6715
TCGA-D1-A2G0-01,-0.969
TCGA-D1-A2G5-01,0.5837
TCGA-D1-A2G6-01,0.1498
TCGA-D1-A2G7-01,0.4678
TCGA-D1-A3DA-01,0.0436
TCGA-D1-A3DG-01,-0.9147
TCGA-D1-A3DH-01,-0.179
TCGA-D1-A3JQ-01,0.412
TCGA-DF-A2KN-01,-0.4149
TCGA-DF-A2KR-01,0.2771
TCGA-DF-A2KS-01,1.8701
TCGA-DF-A2KU-01,-1.9394
TCGA-DF-A2KV-01,-1.2241
TCGA-DF-A2KY-01,-1.8877
TCGA-DF-A2KZ-01,-1.0144
TCGA-DF-A2L0-01,-2.7366
TCGA-DI-A0WH-01,0.2495
TCGA-DI-A1BU-01,-0.0496
TCGA-DI-A1BY-01,-0.0281
TCGA-DI-A1C3-01,-0.1929
TCGA-DI-A1NN-01,0.5441
TCGA-DI-A1NO-01,-0.2779
TCGA-DI-A2QT-01,-1.4311
TCGA-DI-A2QU-01,-0.0092
TCGA-DI-A2QY-01,-0.5058
TCGA-E6-A1LX-01,-0.3984
TCGA-E6-A1LZ-01,-0.5843
TCGA-E6-A1M0-01,0.4766
TCGA-E6-A2P8-01,1.7609
TCGA-E6-A2P9-01,0.1637
TCGA-E6-A8L9-01,-0.1065
TCGA-EC-A1NJ-01,1.0246
TCGA-EC-A1QX-01,0.1807
TCGA-EC-A24G-01,0.1865
TCGA-EO-A1Y5-01,0.0878
TCGA-EO-A1Y7-01,-0.4298
TCGA-EO-A1Y8-01,-0.3202
TCGA-EO-A22R-01,1.2137
TCGA-EO-A22S-01,0.6785
TCGA-EO-A22T-01,1.4902
TCGA-EO-A22U-01,0.043
TCGA-EO-A22X-01,-0.5098
TCGA-EO-A22Y-01,0.9442
TCGA-EO-A2CG-01,0.3989
TCGA-EO-A2CH-01,1.3645
TCGA-EO-A3AS-01,-0.3174
TCGA-EO-A3AU-01,0.6316
TCGA-EO-A3AV-01,-1.3737
TCGA-EO-A3AY-01,-3.1916
TCGA-EO-A3AZ-01,-2.5164
TCGA-EO-A3B0-01,-0.2105
TCGA-EO-A3B1-01,0.0105
TCGA-EO-A3KU-01,1.4285
TCGA-EO-A3KW-01,0.7838
TCGA-EO-A3KX-01,0.6453
TCGA-EO-A3L0-01,-0.3942
TCGA-EY-A1GC-01,-0.2537
TCGA-EY-A1GD-01,0.791
TCGA-EY-A1GE-01,0.8673
TCGA-EY-A1GF-01,1.4052
TCGA-EY-A1GH-01,1.109
TCGA-EY-A1GI-01,2.2401
TCGA-EY-A1GJ-01,
TCGA-EY-A1GK-01,0.576
TCGA-EY-A1GL-01,-0.8965
TCGA-EY-A1GM-01,0.2025
TCGA-EY-A1GO-01,-0.4423
TCGA-EY-A1GP-01,-0.2268
TCGA-EY-A1GQ-01,-0.6582
TCGA-EY-A1GR-01,0.4288
TCGA-EY-A1GS-01,0.04
TCGA-EY-A1GT-01,0.0502
TCGA-EY-A1GU-01,1.0017
TCGA-EY-A1GV-01,-0.6268
TCGA-EY-A1GW-01,0.0846
TCGA-EY-A1GX-01,-0.639
TCGA-EY-A1H0-01,0.0334
TCGA-EY-A210-01,-0.8796
TCGA-EY-A212-01,0.4724
TCGA-EY-A214-01,0.4424
TCGA-EY-A215-01,0.7814
TCGA-EY-A2OM-01,1.6487
TCGA-EY-A2ON-01,-0.0244
TCGA-EY-A2OO-01,-0.2012
TCGA-EY-A2OP-01,-0.1604
TCGA-EY-A2OQ-01,-0.6764
TCGA-EY-A3L3-01,1.6959
TCGA-EY-A3QX-01,0.0561
TCGA-EY-A4KR-01,-0.4073
TCGA-EY-A547-01,-2.3659
TCGA-EY-A548-01,-0.3062
TCGA-EY-A549-01,-0.573
TCGA-EY-A54A-01,0.5112
TCGA-EY-A5W2-01,-0.7454
TCGA-EY-A72D-01,1.7582
TCGA-FI-A2CX-01,0.2583
TCGA-FI-A2CY-01,1.6961
TCGA-FI-A2D0-01,0.8919
TCGA-FI-A2D2-01,1.3874
TCGA-FI-A2D4-01,-0.1688
TCGA-FI-A2D5-01,0.4089
TCGA-FI-A2D6-01,2.9817
TCGA-FI-A2EU-01,0.3999
TCGA-FI-A2EW-01,-0.5989
TCGA-FI-A2EX-01,0.0897
TCGA-FI-A2EY-01,-2.0041
TCGA-FI-A2F4-01,0.0162
TCGA-FI-A2F8-01,-0.2298
TCGA-FI-A2F9-01,0.4541
TCGA-FI-A3PV-01,-1.1968
TCGA-FI-A3PX-01,0.5372
TCGA-H5-A2HR-01,-2.0611
TCGA-JU-AAVI-01,-1.4587
TCGA-K6-A3WQ-01,-0.2983
TCGA-KP-A3VZ-01,-0.3668
TCGA-KP-A3W0-01,0.2683
TCGA-KP-A3W1-01,-0.1527
TCGA-KP-A3W3-01,0.4611
TCGA-KP-A3W4-01,0.1401
TCGA-PG-A5BC-01,0.2441
TCGA-PG-A6IB-01,-1.3388
TCGA-PG-A7D5-01,-1.5596
TCGA-PG-A914-01,0.6488
TCGA-PG-A915-01,0.9037
TCGA-PG-A916-01,0.0273
TCGA-PG-A917-01,0.5502
TCGA-QF-A5YS-01,-1.4435
TCGA-QF-A5YT-01,-1.3696
TCGA-QS-A5YQ-01,-1.273
TCGA-QS-A5YR-01,-1.4934
TCGA-QS-A744-01,-0.1566
TCGA-QS-A8F1-01,-0.8429
TCGA-SJ-A6ZI-01,0.6637
TCGA-SJ-A6ZJ-01,-1.1326
TCGA-SL-A6J9-01,-1.739
TCGA-SL-A6JA-01,0.7537
TCGA-N5-A4R8-01,0.0235
TCGA-N5-A4RA-01,-0.496
TCGA-N5-A4RD-01,-0.0974
TCGA-N5-A4RF-01,0.3
TCGA-N5-A4RJ-01,-0.4333
TCGA-N5-A4RM-01,-0.1883
TCGA-N5-A4RN-01,1.8085
TCGA-N5-A4RO-01,-0.0158
TCGA-N5-A4RS-01,-0.4418
TCGA-N5-A4RT-01,0.6958
TCGA-N5-A4RU-01,0.5373
TCGA-N5-A4RV-01,-1.2246
TCGA-N5-A59E-01,-1.31
TCGA-N5-A59F-01,-0.8784
TCGA-N6-A4V9-01,1.5283
TCGA-N6-A4VC-01,-0.5569
TCGA-N6-A4VD-01,1.015
TCGA-N6-A4VE-01,0.8859
TCGA-N6-A4VF-01,0.6609
TCGA-N6-A4VG-01,-1.3012
TCGA-N7-A4Y0-01,1.4097
TCGA-N7-A4Y5-01,-0.9889
TCGA-N7-A4Y8-01,-0.7762
TCGA-N7-A59B-01,-1.4536
TCGA-N8-A4PI-01,0.6043
TCGA-N8-A4PL-01,-1.3629
TCGA-N8-A4PM-01,-1.1494
TCGA-N8-A4PN-01,1.2296
TCGA-N8-A4PO-01,-0.2025
TCGA-N8-A4PP-01,1.1497
TCGA-N8-A4PQ-01,0.1492
TCGA-N8-A56S-01,0.7572
TCGA-N9-A4PZ-01,0.743
TCGA-N9-A4Q1-01,-1.5108
TCGA-N9-A4Q3-01,-1.4571
TCGA-N9-A4Q4-01,-1.2829
TCGA-N9-A4Q7-01,-0.9797
TCGA-N9-A4Q8-01,1.2244
TCGA-NA-A4QV-01,-0.601
TCGA-NA-A4QW-01,0.5245
TCGA-NA-A4QX-01,1.125
TCGA-NA-A4QY-01,1.096
TCGA-NA-A4R0-01,-0.0488
TCGA-NA-A4R1-01,2.7235
TCGA-NA-A5I1-01,0.1711
TCGA-ND-A4W6-01,-1.8142
TCGA-ND-A4WA-01,0.4195
TCGA-ND-A4WC-01,0.1023
TCGA-ND-A4WF-01,-0.5983
TCGA-NF-A4WU-01,0.1551
TCGA-NF-A4WX-01,-0.6129
TCGA-NF-A4X2-01,1.5709
TCGA-NF-A5CP-01,0.5076
TCGA-NG-A4VU-01,-0.0877
TCGA-NG-A4VW-01,0.6847
TCGA-QM-A5NM-01,-0.9582
TCGA-QN-A5NN-01,-0.9738
TCGA-RZ-AB0B-01,0.9957
TCGA-V3-A9ZX-01,0.684
TCGA-V3-A9ZY-01,-1.086
TCGA-V4-A9E5-01,-0.6745
TCGA-V4-A9E7-01,-0.1296
TCGA-V4-A9E8-01,-1.4685
TCGA-V4-A9E9-01,-1.4925
TCGA-V4-A9EA-01,-1.8806
TCGA-V4-A9EC-01,-0.07
TCGA-V4-A9ED-01,-0.2743
TCGA-V4-A9EE-01,1.1037
TCGA-V4-A9EF-01,-0.0232
TCGA-V4-A9EH-01,-0.4524
TCGA-V4-A9EI-01,0.1953
TCGA-V4-A9EJ-01,0.1872
TCGA-V4-A9EK-01,1.0153
TCGA-V4-A9EL-01,0.424
TCGA-V4-A9EM-01,-0.9397
TCGA-V4-A9EO-01,0.5205
TCGA-V4-A9EQ-01,-1.728
TCGA-V4-A9ES-01,0.624
TCGA-V4-A9ET-01,-1.3154
TCGA-V4-A9EU-01,1.1653
TCGA-V4-A9EV-01,0.8613
TCGA-V4-A9EW-01,0.5641
TCGA-V4-A9EX-01,0.7514
TCGA-V4-A9EY-01,-2.164
TCGA-V4-A9EZ-01,-1.9383
TCGA-V4-A9F0-01,0.4967
TCGA-V4-A9F1-01,0.6068
TCGA-V4-A9F2-01,-0.5171
TCGA-V4-A9F3-01,1.2563
TCGA-V4-A9F4-01,1.0357
TCGA-V4-A9F5-01,-0.2776
TCGA-V4-A9F7-01,0.886
TCGA-V4-A9F8-01,-1.5542
TCGA-VD-A8K7-01,1.4302
TCGA-VD-A8K8-01,0.7292
TCGA-VD-A8K9-01,0.9078
TCGA-VD-A8KA-01,0.3572
TCGA-VD-A8KB-01,-0.3252
TCGA-VD-A8KD-01,0.9975
TCGA-VD-A8KE-01,-0.6616
TCGA-VD-A8KF-01,1.6025
TCGA-VD-A8KG-01,-1.2239
TCGA-VD-A8KH-01,1.0408
TCGA-VD-A8KI-01,-1.0568
TCGA-VD-A8KJ-01,0.724
TCGA-VD-A8KK-01,-0.2213
TCGA-VD-A8KL-01,-1.2771
TCGA-VD-A8KM-01,0.2794
TCGA-VD-A8KN-01,0.6583
TCGA-VD-A8KO-01,1.6393
TCGA-VD-AA8M-01,-0.9473
TCGA-VD-AA8N-01,-0.3826
TCGA-VD-AA8O-01,-0.7794
TCGA-VD-AA8P-01,0.2628
TCGA-VD-AA8Q-01,0.052
TCGA-VD-AA8R-01,0.3461
TCGA-VD-AA8S-01,-2.0287
TCGA-VD-AA8T-01,1.2202
TCGA-WC-A87T-01,0.9986
TCGA-WC-A87U-01,0.7053
TCGA-WC-A87W-01,1.5268
TCGA-WC-A87Y-01,0.6847
TCGA-WC-A880-01,0.1808
TCGA-WC-A881-01,0.4296
TCGA-WC-A882-01,-2.1459
TCGA-WC-A883-01,0.3962
TCGA-WC-A884-01,-0.6189
TCGA-WC-A885-01,-0.8856
TCGA-WC-A888-01,0.0821
TCGA-WC-A88A-01,0.109
TCGA-WC-AA9A-01,1.152
TCGA-WC-AA9E-01,1.0235
TCGA-YZ-A980-01,0.5709
TCGA-YZ-A982-01,-0.8383
TCGA-YZ-A983-01,0.418
TCGA-YZ-A984-01,-1.6423
TCGA-YZ-A985-01,-0.8771
