SAMPLE_ID,mRNA_Diploid
TCGA-OR-A5J1-01,0.8712
TCGA-OR-A5J2-01,0.9494
TCGA-OR-A5J3-01,0.8142
TCGA-OR-A5J4-01,
TCGA-OR-A5J5-01,0.1636
TCGA-OR-A5J6-01,-1.1113
TCGA-OR-A5J7-01,-1.1138
TCGA-OR-A5J8-01,-0.9886
TCGA-OR-A5J9-01,-0.2402
TCGA-OR-A5JA-01,0.4422
TCGA-OR-A5JB-01,0.7716
TCGA-OR-A5JC-01,0.0288
TCGA-OR-A5JD-01,-0.0391
TCGA-OR-A5JE-01,-1.8247
TCGA-OR-A5JF-01,-0.1421
TCGA-OR-A5JG-01,-0.3097
TCGA-OR-A5JH-01,
TCGA-OR-A5JI-01,0.4102
TCGA-OR-A5JJ-01,0.2421
TCGA-OR-A5JK-01,-0.4752
TCGA-OR-A5JL-01,1.7416
TCGA-OR-A5JM-01,-0.8908
TCGA-OR-A5JO-01,0.1898
TCGA-OR-A5JP-01,-1.0686
TCGA-OR-A5JQ-01,0.6517
TCGA-OR-A5JR-01,1.5369
TCGA-OR-A5JS-01,-0.0802
TCGA-OR-A5JT-01,1.492
TCGA-OR-A5JU-01,
TCGA-OR-A5JV-01,2.0179
TCGA-OR-A5JW-01,0.3582
TCGA-OR-A5JX-01,0.3082
TCGA-OR-A5JY-01,-0.3042
TCGA-OR-A5JZ-01,1.901
TCGA-OR-A5K0-01,-0.8736
TCGA-OR-A5K1-01,0.4492
TCGA-OR-A5K2-01,-1.6609
TCGA-OR-A5K3-01,0.362
TCGA-OR-A5K4-01,2.152
TCGA-OR-A5K5-01,-1.3583
TCGA-OR-A5K6-01,-0.1997
TCGA-OR-A5K8-01,-0.1311
TCGA-OR-A5K9-01,-0.4874
TCGA-OR-A5KB-01,
TCGA-OR-A5KO-01,1.9573
TCGA-OR-A5KP-01,
TCGA-OR-A5KQ-01,
TCGA-OR-A5KS-01,
TCGA-OR-A5KT-01,-1.0901
TCGA-OR-A5KU-01,-0.7192
TCGA-OR-A5KV-01,-0.5077
TCGA-OR-A5KW-01,1.303
TCGA-OR-A5KX-01,0.0533
TCGA-OR-A5KY-01,-0.7071
TCGA-OR-A5KZ-01,0.985
TCGA-OR-A5L1-01,
TCGA-OR-A5L2-01,
TCGA-OR-A5L3-01,-0.7469
TCGA-OR-A5L4-01,1.4534
TCGA-OR-A5L5-01,0.3134
TCGA-OR-A5L6-01,-0.6455
TCGA-OR-A5L8-01,1.081
TCGA-OR-A5L9-01,0.7607
TCGA-OR-A5LA-01,0.4175
TCGA-OR-A5LB-01,1.4435
TCGA-OR-A5LC-01,-0.7641
TCGA-OR-A5LD-01,-0.9716
TCGA-OR-A5LE-01,0.2566
TCGA-OR-A5LF-01,
TCGA-OR-A5LG-01,-0.0219
TCGA-OR-A5LH-01,0.7209
TCGA-OR-A5LI-01,
TCGA-OR-A5LJ-01,1.8606
TCGA-OR-A5LK-01,2.6697
TCGA-OR-A5LL-01,0.5996
TCGA-OR-A5LM-01,-0.2365
TCGA-OR-A5LN-01,0.7319
TCGA-OR-A5LO-01,2.1261
TCGA-OR-A5LP-01,1.0187
TCGA-OR-A5LR-01,1.7997
TCGA-OR-A5LS-01,0.5483
TCGA-OR-A5LT-01,0.6517
TCGA-OR-A5OG-01,
TCGA-OU-A5PI-01,0.9915
TCGA-P6-A5OF-01,1.1624
TCGA-P6-A5OH-01,
TCGA-PA-A5YG-01,1.6214
TCGA-PK-A5H8-01,0.3837
TCGA-PK-A5H9-01,1.1525
TCGA-PK-A5HA-01,2.2344
TCGA-PK-A5HB-01,0.9531
TCGA-PK-A5HC-01,
TCGA-2F-A9KO-01,2.6498
TCGA-2F-A9KP-01,0.6663
TCGA-2F-A9KQ-01,1.3342
TCGA-2F-A9KR-01,-1.2719
TCGA-2F-A9KT-01,0.2234
TCGA-2F-A9KW-01,-0.0001
TCGA-4Z-AA7M-01,0.9449
TCGA-4Z-AA7N-01,-0.1898
TCGA-4Z-AA7O-01,0.9857
TCGA-4Z-AA7Q-01,-0.2247
TCGA-4Z-AA7R-01,1.2467
TCGA-4Z-AA7S-01,1.6632
TCGA-4Z-AA7W-01,-0.9153
TCGA-4Z-AA7Y-01,1.6125
TCGA-4Z-AA80-01,0.8374
TCGA-4Z-AA81-01,-0.1941
TCGA-4Z-AA82-01,2.0174
TCGA-4Z-AA83-01,-1.5288
TCGA-4Z-AA84-01,0.1669
TCGA-4Z-AA86-01,-0.2325
TCGA-4Z-AA87-01,0.0225
TCGA-4Z-AA89-01,-1.4577
TCGA-5N-A9KI-01,-0.5402
TCGA-5N-A9KM-01,0.391
TCGA-BL-A0C8-01,1.2473
TCGA-BL-A13I-01,-0.6424
TCGA-BL-A13J-01,3.6453
TCGA-BL-A3JM-01,0.4951
TCGA-BL-A5ZZ-01,-0.0441
TCGA-BT-A0S7-01,2.5261
TCGA-BT-A0YX-01,0.002
TCGA-BT-A20J-01,0.8969
TCGA-BT-A20N-01,1.2586
TCGA-BT-A20O-01,0.1696
TCGA-BT-A20P-01,-0.3182
TCGA-BT-A20Q-01,0.9728
TCGA-BT-A20R-01,0.6593
TCGA-BT-A20T-01,0.4262
TCGA-BT-A20U-01,0.3548
TCGA-BT-A20V-01,2.4789
TCGA-BT-A20W-01,1.4197
TCGA-BT-A20X-01,1.8029
TCGA-BT-A2LA-01,0.7463
TCGA-BT-A2LB-01,-1.0403
TCGA-BT-A2LD-01,-0.7533
TCGA-BT-A3PH-01,0.8006
TCGA-BT-A3PJ-01,0.5865
TCGA-BT-A3PK-01,0.834
TCGA-BT-A42B-01,
TCGA-BT-A42C-01,0.6103
TCGA-BT-A42E-01,-1.4357
TCGA-BT-A42F-01,-0.9267
TCGA-C4-A0EZ-01,1.2955
TCGA-C4-A0F0-01,4.2401
TCGA-C4-A0F1-01,-1.598
TCGA-C4-A0F6-01,1.7661
TCGA-C4-A0F7-01,0.4482
TCGA-CF-A1HR-01,-0.1237
TCGA-CF-A1HS-01,2.6197
TCGA-CF-A27C-01,-1.6004
TCGA-CF-A3MF-01,-0.0196
TCGA-CF-A3MG-01,1.3825
TCGA-CF-A3MH-01,0.4572
TCGA-CF-A3MI-01,-1.3959
TCGA-CF-A47S-01,-0.0869
TCGA-CF-A47T-01,-0.0016
TCGA-CF-A47V-01,-0.2504
TCGA-CF-A47W-01,-1.7677
TCGA-CF-A47X-01,0.3818
TCGA-CF-A47Y-01,-1.4486
TCGA-CF-A5U8-01,-1.5834
TCGA-CF-A5UA-01,-0.7886
TCGA-CF-A7I0-01,-0.3835
TCGA-CF-A8HX-01,-0.3956
TCGA-CF-A8HY-01,0.1257
TCGA-CF-A9FF-01,-0.2237
TCGA-CF-A9FH-01,-0.0103
TCGA-CF-A9FL-01,0.5622
TCGA-CF-A9FM-01,-2.0643
TCGA-CU-A0YN-01,1.6485
TCGA-CU-A0YO-01,0.6901
TCGA-CU-A0YR-01,1.7001
TCGA-CU-A3KJ-01,3.4951
TCGA-CU-A3QU-01,1.3762
TCGA-CU-A3YL-01,0.1606
TCGA-CU-A5W6-01,1.4936
TCGA-CU-A72E-01,-1.5571
TCGA-DK-A1A3-01,0.0545
TCGA-DK-A1A5-01,2.7898
TCGA-DK-A1A6-01,1.4899
TCGA-DK-A1A7-01,-0.1815
TCGA-DK-A1AA-01,-1.6337
TCGA-DK-A1AB-01,0.7364
TCGA-DK-A1AC-01,0.0594
TCGA-DK-A1AD-01,1.5303
TCGA-DK-A1AE-01,1.3452
TCGA-DK-A1AF-01,-0.1366
TCGA-DK-A1AG-01,0.1911
TCGA-DK-A2HX-01,0.0863
TCGA-DK-A2I1-01,0.3365
TCGA-DK-A2I2-01,0.0379
TCGA-DK-A2I4-01,0.7988
TCGA-DK-A2I6-01,0.0085
TCGA-DK-A3IK-01,0.2457
TCGA-DK-A3IL-01,-0.0531
TCGA-DK-A3IM-01,2.0388
TCGA-DK-A3IN-01,0.6412
TCGA-DK-A3IQ-01,0.0109
TCGA-DK-A3IS-01,-1.5732
TCGA-DK-A3IT-01,0.3356
TCGA-DK-A3IU-01,-0.3898
TCGA-DK-A3IV-01,0.6041
TCGA-DK-A3WW-01,-0.1878
TCGA-DK-A3WX-01,0.4472
TCGA-DK-A3WY-01,0.3687
TCGA-DK-A3X1-01,0.8911
TCGA-DK-A3X2-01,0.8111
TCGA-DK-A6AV-01,0.9497
TCGA-DK-A6AW-01,-1.6545
TCGA-DK-A6B0-01,-1.7962
TCGA-DK-A6B1-01,2.676
TCGA-DK-A6B2-01,0.7049
TCGA-DK-A6B5-01,0.3571
TCGA-DK-A6B6-01,0.7247
TCGA-DK-AA6L-01,-0.262
TCGA-DK-AA6M-01,-0.9148
TCGA-DK-AA6P-01,0.4537
TCGA-DK-AA6Q-01,-0.0233
TCGA-DK-AA6R-01,1.9261
TCGA-DK-AA6S-01,-0.1092
TCGA-DK-AA6T-01,-0.4378
TCGA-DK-AA6U-01,0.4309
TCGA-DK-AA6W-01,0.0694
TCGA-DK-AA6X-01,0.6522
TCGA-DK-AA71-01,-1.8975
TCGA-DK-AA74-01,-1.1518
TCGA-DK-AA75-01,0.2846
TCGA-DK-AA76-01,0.6204
TCGA-DK-AA77-01,0.5762
TCGA-E5-A2PC-01,0.661
TCGA-E5-A4TZ-01,1.8398
TCGA-E5-A4U1-01,-0.5329
TCGA-E7-A3X6-01,1.5501
TCGA-E7-A3Y1-01,-1.384
TCGA-E7-A4IJ-01,-1.688
TCGA-E7-A4XJ-01,-0.7812
TCGA-E7-A519-01,-1.6346
TCGA-E7-A541-01,-0.2597
TCGA-E7-A5KE-01,1.1345
TCGA-E7-A5KF-01,-0.3497
TCGA-E7-A677-01,0.1421
TCGA-E7-A678-01,-1.8688
TCGA-E7-A6MD-01,-1.1998
TCGA-E7-A6ME-01,1.6564
TCGA-E7-A6MF-01,2.6321
TCGA-E7-A7DU-01,-1.6483
TCGA-E7-A7DV-01,-0.8624
TCGA-E7-A7PW-01,0.6958
TCGA-E7-A7XN-01,-0.2844
TCGA-E7-A85H-01,-0.4431
TCGA-E7-A8O7-01,0.7181
TCGA-E7-A97P-01,-1.3058
TCGA-E7-A97Q-01,0.1545
TCGA-FD-A3B3-01,0.364
TCGA-FD-A3B4-01,0.5325
TCGA-FD-A3B5-01,-1.7182
TCGA-FD-A3B6-01,0.0853
TCGA-FD-A3B7-01,0.2779
TCGA-FD-A3B8-01,0.5379
TCGA-FD-A3N5-01,1.5969
TCGA-FD-A3N6-01,1.3256
TCGA-FD-A3NA-01,0.61
TCGA-FD-A3SJ-01,-0.5024
TCGA-FD-A3SL-01,-1.2398
TCGA-FD-A3SM-01,-1.0811
TCGA-FD-A3SN-01,-0.2813
TCGA-FD-A3SO-01,0.4102
TCGA-FD-A3SP-01,0.2386
TCGA-FD-A3SQ-01,-0.3116
TCGA-FD-A3SR-01,0.914
TCGA-FD-A3SS-01,0.1957
TCGA-FD-A43N-01,-0.1579
TCGA-FD-A43P-01,0.8823
TCGA-FD-A43S-01,-1.1426
TCGA-FD-A43U-01,-0.7042
TCGA-FD-A43X-01,-0.4216
TCGA-FD-A43Y-01,-0.3623
TCGA-FD-A5BR-01,-0.858
TCGA-FD-A5BS-01,-0.8008
TCGA-FD-A5BT-01,-1.5525
TCGA-FD-A5BU-01,-0.5062
TCGA-FD-A5BV-01,0.3395
TCGA-FD-A5BX-01,-1.7312
TCGA-FD-A5BY-01,0.0748
TCGA-FD-A5BZ-01,-0.922
TCGA-FD-A5C0-01,1.7902
TCGA-FD-A5C1-01,-0.9246
TCGA-FD-A62N-01,-0.2532
TCGA-FD-A62O-01,1.6632
TCGA-FD-A62P-01,0.5888
TCGA-FD-A62S-01,-0.1653
TCGA-FD-A6TA-01,-1.3883
TCGA-FD-A6TB-01,-0.1948
TCGA-FD-A6TC-01,0.4649
TCGA-FD-A6TD-01,-0.4038
TCGA-FD-A6TE-01,1.4467
TCGA-FD-A6TF-01,-0.3341
TCGA-FD-A6TG-01,0.2102
TCGA-FD-A6TH-01,-0.1961
TCGA-FD-A6TI-01,-0.484
TCGA-FD-A6TK-01,-0.4832
TCGA-FJ-A3Z7-01,-0.6646
TCGA-FJ-A3Z9-01,-1.5794
TCGA-FJ-A3ZE-01,-1.2055
TCGA-FJ-A3ZF-01,0.71
TCGA-FJ-A871-01,-1.3877
TCGA-FT-A3EE-01,-0.3319
TCGA-FT-A61P-01,0.2294
TCGA-G2-A2EC-01,0.7362
TCGA-G2-A2EF-01,0.8762
TCGA-G2-A2EJ-01,0.425
TCGA-G2-A2EK-01,0.5745
TCGA-G2-A2EL-01,2.695
TCGA-G2-A2EO-01,0.026
TCGA-G2-A2ES-01,0.2764
TCGA-G2-A3IB-01,0.175
TCGA-G2-A3IE-01,0.1266
TCGA-G2-A3VY-01,1.7852
TCGA-G2-AA3B-01,0.0688
TCGA-G2-AA3C-01,-1.2505
TCGA-G2-AA3D-01,-1.7653
TCGA-G2-AA3F-01,0.9737
TCGA-GC-A3BM-01,1.8393
TCGA-GC-A3I6-01,2.5382
TCGA-GC-A3OO-01,-0.2767
TCGA-GC-A3RB-01,1.11
TCGA-GC-A3RC-01,0.8123
TCGA-GC-A3RD-01,2.2465
TCGA-GC-A3WC-01,0.6554
TCGA-GC-A3YS-01,-0.2712
TCGA-GC-A4ZW-01,0.1313
TCGA-GC-A6I1-01,-1.8292
TCGA-GC-A6I3-01,-0.8954
TCGA-GD-A2C5-01,1.4547
TCGA-GD-A3OP-01,0.7102
TCGA-GD-A3OQ-01,0.7038
TCGA-GD-A3OS-01,0.6935
TCGA-GD-A6C6-01,-1.9886
TCGA-GD-A76B-01,-0.4014
TCGA-GU-A42P-01,0.0991
TCGA-GU-A42Q-01,-0.1689
TCGA-GU-A42R-01,-2.0045
TCGA-GU-A762-01,-0.8632
TCGA-GU-A763-01,-0.9471
TCGA-GU-A764-01,0.2189
TCGA-GU-A766-01,-0.9512
TCGA-GU-A767-01,-1.1643
TCGA-GU-AATO-01,-0.6278
TCGA-GU-AATP-01,-0.7962
TCGA-GU-AATQ-01,-0.1112
TCGA-GV-A3JV-01,0.5329
TCGA-GV-A3JW-01,0.7688
TCGA-GV-A3JX-01,0.6558
TCGA-GV-A3JZ-01,1.3807
TCGA-GV-A3QF-01,1.2744
TCGA-GV-A3QG-01,0.4446
TCGA-GV-A3QH-01,1.5653
TCGA-GV-A3QI-01,1.9613
TCGA-GV-A3QK-01,-1.5266
TCGA-GV-A40E-01,-0.333
TCGA-GV-A40G-01,0.4554
TCGA-GV-A6ZA-01,-0.1681
TCGA-H4-A2HO-01,0.3995
TCGA-H4-A2HQ-01,-1.6032
TCGA-HQ-A2OE-01,0.7423
TCGA-HQ-A2OF-01,0.9426
TCGA-HQ-A5ND-01,1.8782
TCGA-HQ-A5NE-01,0.824
TCGA-K4-A3WS-01,-0.2657
TCGA-K4-A3WU-01,0.0974
TCGA-K4-A3WV-01,-0.7648
TCGA-K4-A4AB-01,-0.066
TCGA-K4-A4AC-01,0.5129
TCGA-K4-A54R-01,0.6727
TCGA-K4-A5RH-01,0.7961
TCGA-K4-A5RI-01,1.1423
TCGA-K4-A5RJ-01,-0.1096
TCGA-K4-A6FZ-01,0.2693
TCGA-K4-A6MB-01,0.2007
TCGA-K4-A83P-01,0.1066
TCGA-K4-AAQO-01,-0.1307
TCGA-KQ-A41N-01,-0.3539
TCGA-KQ-A41O-01,-1.2544
TCGA-KQ-A41P-01,-0.2329
TCGA-KQ-A41Q-01,1.5756
TCGA-KQ-A41R-01,-0.2495
TCGA-KQ-A41S-01,-0.7537
TCGA-LC-A66R-01,1.1034
TCGA-LT-A5Z6-01,-0.0902
TCGA-LT-A8JT-01,0.6162
TCGA-MV-A51V-01,-0.9603
TCGA-PQ-A6FI-01,-1.6452
TCGA-PQ-A6FN-01,-0.7609
TCGA-R3-A69X-01,-1.4773
TCGA-S5-A6DX-01,-0.2104
TCGA-S5-AA26-01,0.4471
TCGA-SY-A9G0-01,-0.2968
TCGA-SY-A9G5-01,-0.3728
TCGA-UY-A78K-01,-0.5295
TCGA-UY-A78L-01,0.4883
TCGA-UY-A78M-01,-1.093
TCGA-UY-A78N-01,1.0587
TCGA-UY-A78O-01,0.0206
TCGA-UY-A78P-01,-0.2847
TCGA-UY-A8OB-01,-0.5231
TCGA-UY-A8OC-01,0.5355
TCGA-UY-A8OD-01,-0.3661
TCGA-UY-A9PA-01,0.1821
TCGA-UY-A9PB-01,-0.1483
TCGA-UY-A9PD-01,-0.2433
TCGA-UY-A9PE-01,-0.437
TCGA-UY-A9PF-01,-0.8605
TCGA-UY-A9PH-01,-0.3444
TCGA-XF-A8HB-01,-0.6102
TCGA-XF-A8HC-01,1.7543
TCGA-XF-A8HD-01,-0.4594
TCGA-XF-A8HE-01,0.4582
TCGA-XF-A8HF-01,-0.1721
TCGA-XF-A8HG-01,0.5839
TCGA-XF-A8HH-01,-0.1814
TCGA-XF-A8HI-01,-1.5981
TCGA-XF-A9SG-01,
TCGA-XF-A9SH-01,-0.1588
TCGA-XF-A9SI-01,-1.0409
TCGA-XF-A9SJ-01,-0.9395
TCGA-XF-A9SK-01,-0.9544
TCGA-XF-A9SL-01,-0.9138
TCGA-XF-A9SM-01,0.4579
TCGA-XF-A9SP-01,-1.1125
TCGA-XF-A9ST-01,-2.0165
TCGA-XF-A9SU-01,-0.9764
TCGA-XF-A9SV-01,0.1761
TCGA-XF-A9SW-01,-0.5453
TCGA-XF-A9SX-01,-1.1087
TCGA-XF-A9SY-01,0.3977
TCGA-XF-A9SZ-01,-0.9398
TCGA-XF-A9T0-01,-0.2566
TCGA-XF-A9T2-01,-1.5634
TCGA-XF-A9T3-01,-1.6999
TCGA-XF-A9T4-01,0.1049
TCGA-XF-A9T5-01,-0.0678
TCGA-XF-A9T6-01,-0.772
TCGA-XF-A9T8-01,1.3942
TCGA-XF-AAME-01,-0.0021
TCGA-XF-AAMF-01,
TCGA-XF-AAMG-01,-0.0625
TCGA-XF-AAMH-01,-1.0655
TCGA-XF-AAMJ-01,-0.2462
TCGA-XF-AAML-01,0.889
TCGA-XF-AAMQ-01,0.8601
TCGA-XF-AAMR-01,0.1911
TCGA-XF-AAMT-01,1.7307
TCGA-XF-AAMW-01,0.196
TCGA-XF-AAMX-01,-0.665
TCGA-XF-AAMY-01,-0.8625
TCGA-XF-AAMZ-01,-0.195
TCGA-XF-AAN0-01,-0.2433
TCGA-XF-AAN1-01,-0.1892
TCGA-XF-AAN2-01,0.378
TCGA-XF-AAN3-01,1.4025
TCGA-XF-AAN4-01,-0.0461
TCGA-XF-AAN5-01,0.961
TCGA-XF-AAN7-01,2.0877
TCGA-XF-AAN8-01,-1.1307
TCGA-YC-A89H-01,-0.5208
TCGA-YC-A8S6-01,-0.9211
TCGA-YC-A9TC-01,-0.5827
TCGA-YF-AA3L-01,-0.5898
TCGA-YF-AA3M-01,0.2237
TCGA-ZF-A9R0-01,-1.1332
TCGA-ZF-A9R1-01,-1.9782
TCGA-ZF-A9R2-01,-1.8742
TCGA-ZF-A9R3-01,-0.003
TCGA-ZF-A9R4-01,0.4556
TCGA-ZF-A9R5-01,0.0081
TCGA-ZF-A9R7-01,-0.4929
TCGA-ZF-A9R9-01,-0.325
TCGA-ZF-A9RC-01,-0.9172
TCGA-ZF-A9RD-01,-0.0178
TCGA-ZF-A9RE-01,1.4755
TCGA-ZF-A9RF-01,-0.1034
TCGA-ZF-A9RG-01,
TCGA-ZF-A9RL-01,1.206
TCGA-ZF-A9RM-01,0.9641
TCGA-ZF-A9RN-01,0.0008
TCGA-ZF-AA4N-01,0.6907
TCGA-ZF-AA4R-01,1.2731
TCGA-ZF-AA4T-01,0.4153
TCGA-ZF-AA4U-01,-2.1398
TCGA-ZF-AA4V-01,0.4143
TCGA-ZF-AA4W-01,0.1237
TCGA-ZF-AA4X-01,0.8422
TCGA-ZF-AA51-01,0.9782
TCGA-ZF-AA52-01,-1.128
TCGA-ZF-AA53-01,-1.7963
TCGA-ZF-AA54-01,-0.2583
TCGA-ZF-AA56-01,-0.0322
TCGA-ZF-AA58-01,0.4367
TCGA-ZF-AA5H-01,-0.5869
TCGA-ZF-AA5N-01,-1.0769
TCGA-ZF-AA5P-01,-0.3917
TCGA-3C-AAAU-01,1.159
TCGA-3C-AALI-01,-1.6294
TCGA-3C-AALJ-01,-1.4202
TCGA-3C-AALK-01,-1.1243
TCGA-4H-AAAK-01,-0.8203
TCGA-5L-AAT0-01,-0.9506
TCGA-5T-A9QA-01,-1.8059
TCGA-A1-A0SB-01,0.8533
TCGA-A1-A0SD-01,0.6573
TCGA-A1-A0SE-01,0.5666
TCGA-A1-A0SF-01,-0.1437
TCGA-A1-A0SG-01,-0.5252
TCGA-A1-A0SH-01,0.7311
TCGA-A1-A0SI-01,0.0514
TCGA-A1-A0SJ-01,0.7741
TCGA-A1-A0SK-01,4.9459
TCGA-A1-A0SM-01,-0.3727
TCGA-A1-A0SN-01,0.5347
TCGA-A1-A0SO-01,-0.5371
TCGA-A1-A0SP-01,0.0153
TCGA-A1-A0SQ-01,0.0417
TCGA-A2-A04N-01,-0.3609
TCGA-A2-A04P-01,-0.805
TCGA-A2-A04Q-01,-0.3243
TCGA-A2-A04R-01,-0.1836
TCGA-A2-A04T-01,0.5745
TCGA-A2-A04U-01,-1.4252
TCGA-A2-A04V-01,0.3007
TCGA-A2-A04W-01,-1.3088
TCGA-A2-A04X-01,-0.9498
TCGA-A2-A04Y-01,-0.1368
TCGA-A2-A0CK-01,-0.859
TCGA-A2-A0CL-01,1.0872
TCGA-A2-A0CM-01,1.6124
TCGA-A2-A0CO-01,-0.8029
TCGA-A2-A0CP-01,-0.856
TCGA-A2-A0CQ-01,-0.832
TCGA-A2-A0CR-01,-1.5504
TCGA-A2-A0CS-01,-0.8927
TCGA-A2-A0CT-01,2.026
TCGA-A2-A0CU-01,0.3051
TCGA-A2-A0CV-01,0.2112
TCGA-A2-A0CW-01,-1.6294
TCGA-A2-A0CX-01,-0.5041
TCGA-A2-A0CZ-01,-0.7021
TCGA-A2-A0D0-01,1.3648
TCGA-A2-A0D1-01,-0.494
TCGA-A2-A0D2-01,-0.354
TCGA-A2-A0D3-01,0.3132
TCGA-A2-A0D4-01,-0.4196
TCGA-A2-A0EM-01,0.5277
TCGA-A2-A0EN-01,-0.7749
TCGA-A2-A0EO-01,0.3284
TCGA-A2-A0EP-01,-1.0002
TCGA-A2-A0EQ-01,0.5633
TCGA-A2-A0ER-01,1.7247
TCGA-A2-A0ES-01,0.8584
TCGA-A2-A0ET-01,2.2691
TCGA-A2-A0EU-01,1.1377
TCGA-A2-A0EV-01,0.4757
TCGA-A2-A0EW-01,0.8119
TCGA-A2-A0EX-01,0.0733
TCGA-A2-A0EY-01,-0.6151
TCGA-A2-A0ST-01,1.3991
TCGA-A2-A0SU-01,0.8226
TCGA-A2-A0SV-01,-1.1932
TCGA-A2-A0SW-01,0.131
TCGA-A2-A0SX-01,-1.6131
TCGA-A2-A0SY-01,0.5784
TCGA-A2-A0T0-01,1.1172
TCGA-A2-A0T1-01,-1.5103
TCGA-A2-A0T2-01,-1.0256
TCGA-A2-A0T3-01,-0.2337
TCGA-A2-A0T4-01,0.0157
TCGA-A2-A0T5-01,0.1589
TCGA-A2-A0T6-01,0.5997
TCGA-A2-A0T7-01,0.126
TCGA-A2-A0YC-01,0.7224
TCGA-A2-A0YD-01,0.0491
TCGA-A2-A0YE-01,0.7103
TCGA-A2-A0YF-01,1.4038
TCGA-A2-A0YG-01,0.1478
TCGA-A2-A0YH-01,0.1891
TCGA-A2-A0YI-01,0.5548
TCGA-A2-A0YJ-01,-0.2396
TCGA-A2-A0YK-01,1.0998
TCGA-A2-A0YL-01,1.1085
TCGA-A2-A0YM-01,1.4021
TCGA-A2-A0YT-01,0.3334
TCGA-A2-A1FV-01,3.9261
TCGA-A2-A1FW-01,2.3855
TCGA-A2-A1FX-01,0.602
TCGA-A2-A1FZ-01,0.5859
TCGA-A2-A1G0-01,0.6798
TCGA-A2-A1G1-01,2.5666
TCGA-A2-A1G4-01,1.9097
TCGA-A2-A1G6-01,0.9091
TCGA-A2-A259-01,0.0455
TCGA-A2-A25A-01,0.6677
TCGA-A2-A25B-01,-0.2815
TCGA-A2-A25C-01,1.2206
TCGA-A2-A25D-01,-0.6774
TCGA-A2-A25E-01,0.6017
TCGA-A2-A25F-01,1.4825
TCGA-A2-A3KC-01,-0.0429
TCGA-A2-A3KD-01,0.3454
TCGA-A2-A3XS-01,-0.6965
TCGA-A2-A3XT-01,-0.9688
TCGA-A2-A3XU-01,-1.9753
TCGA-A2-A3XV-01,-2.7062
TCGA-A2-A3XW-01,-2.0057
TCGA-A2-A3XX-01,-0.8194
TCGA-A2-A3XY-01,-1.6526
TCGA-A2-A3XZ-01,-1.6754
TCGA-A2-A3Y0-01,-2.0068
TCGA-A2-A4RW-01,-0.4636
TCGA-A2-A4RX-01,0.5567
TCGA-A2-A4RY-01,-0.4097
TCGA-A2-A4S0-01,-0.0113
TCGA-A2-A4S1-01,-1.5877
TCGA-A2-A4S2-01,-1.1911
TCGA-A2-A4S3-01,-1.3339
TCGA-A7-A0CD-01,0.9592
TCGA-A7-A0CE-01,1.1819
TCGA-A7-A0CG-01,1.0613
TCGA-A7-A0CH-01,0.5273
TCGA-A7-A0CJ-01,-1.04
TCGA-A7-A0D9-01,0.4282
TCGA-A7-A0DA-01,-0.6457
TCGA-A7-A0DB-01,-0.4907
TCGA-A7-A0DC-01,1.1692
TCGA-A7-A13D-01,-0.4652
TCGA-A7-A13E-01,-0.6594
TCGA-A7-A13F-01,-0.3022
TCGA-A7-A13G-01,0.412
TCGA-A7-A13H-01,-0.8835
TCGA-A7-A26E-01,1.9488
TCGA-A7-A26F-01,0.6166
TCGA-A7-A26G-01,1.1303
TCGA-A7-A26H-01,0.8688
TCGA-A7-A26I-01,0.8289
TCGA-A7-A26J-01,1.0115
TCGA-A7-A2KD-01,1.0431
TCGA-A7-A3IY-01,-0.231
TCGA-A7-A3IZ-01,1.5222
TCGA-A7-A3J0-01,0.1264
TCGA-A7-A3J1-01,-0.1672
TCGA-A7-A3RF-01,-0.9531
TCGA-A7-A425-01,-1.4327
TCGA-A7-A426-01,-1.2383
TCGA-A7-A4SA-01,-1.0981
TCGA-A7-A4SB-01,-0.0949
TCGA-A7-A4SC-01,-0.7395
TCGA-A7-A4SD-01,-0.3167
TCGA-A7-A4SE-01,-0.5013
TCGA-A7-A4SF-01,-0.5585
TCGA-A7-A56D-01,-2.2655
TCGA-A7-A5ZV-01,-0.0676
TCGA-A7-A5ZW-01,0.0858
TCGA-A7-A5ZX-01,-0.3346
TCGA-A7-A6VV-01,-0.6723
TCGA-A7-A6VW-01,-1.7965
TCGA-A7-A6VX-01,-0.1839
TCGA-A7-A6VY-01,1.8069
TCGA-A8-A06N-01,2.3665
TCGA-A8-A06O-01,-0.2834
TCGA-A8-A06P-01,-0.4857
TCGA-A8-A06Q-01,0.569
TCGA-A8-A06R-01,-0.37
TCGA-A8-A06T-01,0.8022
TCGA-A8-A06U-01,2.3288
TCGA-A8-A06X-01,0.3826
TCGA-A8-A06Y-01,0.2908
TCGA-A8-A06Z-01,0.2697
TCGA-A8-A075-01,-1.145
TCGA-A8-A076-01,-1.1054
TCGA-A8-A079-01,-0.1634
TCGA-A8-A07B-01,-1.0094
TCGA-A8-A07C-01,0.4362
TCGA-A8-A07E-01,0.2976
TCGA-A8-A07F-01,1.1372
TCGA-A8-A07G-01,-0.151
TCGA-A8-A07I-01,-0.0736
TCGA-A8-A07J-01,-0.0666
TCGA-A8-A07L-01,0.0944
TCGA-A8-A07O-01,0.0707
TCGA-A8-A07P-01,0.4265
TCGA-A8-A07R-01,0.5361
TCGA-A8-A07S-01,-0.2412
TCGA-A8-A07U-01,0.1675
TCGA-A8-A07W-01,-0.0185
TCGA-A8-A07Z-01,-0.5232
TCGA-A8-A081-01,1.5731
TCGA-A8-A082-01,-0.4281
TCGA-A8-A083-01,-0.2004
TCGA-A8-A085-01,1.9226
TCGA-A8-A086-01,0.0531
TCGA-A8-A08A-01,-0.8088
TCGA-A8-A08B-01,-0.3235
TCGA-A8-A08C-01,0.8811
TCGA-A8-A08G-01,0.1562
TCGA-A8-A08H-01,-0.0461
TCGA-A8-A08I-01,1.8652
TCGA-A8-A08J-01,-0.202
TCGA-A8-A08L-01,-0.2922
TCGA-A8-A08O-01,1.1055
TCGA-A8-A08P-01,-0.6506
TCGA-A8-A08R-01,0.0904
TCGA-A8-A08T-01,1.3872
TCGA-A8-A08X-01,-0.8461
TCGA-A8-A08Z-01,0.2157
TCGA-A8-A090-01,0.2263
TCGA-A8-A091-01,3.0032
TCGA-A8-A092-01,0.3451
TCGA-A8-A093-01,0.5626
TCGA-A8-A094-01,0.1546
TCGA-A8-A095-01,0.6022
TCGA-A8-A096-01,0.2116
TCGA-A8-A097-01,-0.1017
TCGA-A8-A099-01,0.7243
TCGA-A8-A09A-01,0.6923
TCGA-A8-A09B-01,-0.1249
TCGA-A8-A09C-01,-0.2882
TCGA-A8-A09D-01,-0.004
TCGA-A8-A09G-01,-0.4578
TCGA-A8-A09I-01,-0.5111
TCGA-A8-A09M-01,-0.1623
TCGA-A8-A09N-01,1.0832
TCGA-A8-A09Q-01,0.3869
TCGA-A8-A09R-01,0.4468
TCGA-A8-A09T-01,0.5047
TCGA-A8-A09V-01,2.0046
TCGA-A8-A09W-01,-0.0745
TCGA-A8-A09X-01,-0.6703
TCGA-A8-A09Z-01,-0.4461
TCGA-A8-A0A1-01,0.0931
TCGA-A8-A0A2-01,0.5823
TCGA-A8-A0A4-01,0.9526
TCGA-A8-A0A6-01,0.8412
TCGA-A8-A0A7-01,-0.1418
TCGA-A8-A0A9-01,-0.3759
TCGA-A8-A0AB-01,1.1588
TCGA-A8-A0AD-01,0.4324
TCGA-AC-A23C-01,0.6888
TCGA-AC-A23E-01,0.3579
TCGA-AC-A23G-01,-0.6061
TCGA-AC-A23H-01,-1.0667
TCGA-AC-A2B8-01,0.4754
TCGA-AC-A2BK-01,0.5595
TCGA-AC-A2BM-01,0.6944
TCGA-AC-A2FB-01,0.8172
TCGA-AC-A2FE-01,-0.8587
TCGA-AC-A2FF-01,0.8045
TCGA-AC-A2FG-01,0.6977
TCGA-AC-A2FK-01,1.5226
TCGA-AC-A2FM-01,0.1012
TCGA-AC-A2FO-01,0.0925
TCGA-AC-A2QH-01,-1.2989
TCGA-AC-A2QI-01,-0.5867
TCGA-AC-A2QJ-01,-2.323
TCGA-AC-A3BB-01,-1.1741
TCGA-AC-A3EH-01,-1.0195
TCGA-AC-A3HN-01,-0.6117
TCGA-AC-A3OD-01,0.6367
TCGA-AC-A3QP-01,-1.5384
TCGA-AC-A3QQ-01,-2.0834
TCGA-AC-A3TM-01,-1.9179
TCGA-AC-A3TN-01,-1.5501
TCGA-AC-A3W5-01,-1.1913
TCGA-AC-A3W6-01,-1.3332
TCGA-AC-A3W7-01,-0.879
TCGA-AC-A3YI-01,-1.2272
TCGA-AC-A3YJ-01,-0.5433
TCGA-AC-A4ZE-01,0.309
TCGA-AC-A5EH-01,-1.279
TCGA-AC-A5EI-01,
TCGA-AC-A5XS-01,-1.5406
TCGA-AC-A5XU-01,0.5203
TCGA-AC-A62V-01,-1.8469
TCGA-AC-A62X-01,0.0753
TCGA-AC-A62Y-01,-0.2259
TCGA-AC-A6IV-01,0.2674
TCGA-AC-A6IW-01,-1.5159
TCGA-AC-A6IX-01,-0.7703
TCGA-AC-A6NO-01,-0.9734
TCGA-AC-A7VB-01,-0.38
TCGA-AC-A7VC-01,-1.5409
TCGA-AC-A8OP-01,-0.5186
TCGA-AC-A8OQ-01,-1.6215
TCGA-AC-A8OR-01,-0.5019
TCGA-AC-A8OS-01,-0.5949
TCGA-AN-A03X-01,-0.6619
TCGA-AN-A03Y-01,-0.2782
TCGA-AN-A041-01,0.3767
TCGA-AN-A046-01,-0.6043
TCGA-AN-A049-01,-0.4935
TCGA-AN-A04A-01,1.1756
TCGA-AN-A04C-01,-1.1051
TCGA-AN-A04D-01,-1.0458
TCGA-AN-A0AJ-01,0.5333
TCGA-AN-A0AK-01,-0.6966
TCGA-AN-A0AL-01,-0.8206
TCGA-AN-A0AM-01,-1.4958
TCGA-AN-A0AR-01,-0.8189
TCGA-AN-A0AS-01,-0.1094
TCGA-AN-A0AT-01,0.7977
TCGA-AN-A0FD-01,-0.1285
TCGA-AN-A0FF-01,-0.2989
TCGA-AN-A0FJ-01,0.4156
TCGA-AN-A0FK-01,0.1785
TCGA-AN-A0FL-01,-1.1437
TCGA-AN-A0FN-01,-0.2419
TCGA-AN-A0FS-01,0.8173
TCGA-AN-A0FT-01,-0.615
TCGA-AN-A0FV-01,-0.2078
TCGA-AN-A0FW-01,0.5389
TCGA-AN-A0FX-01,-0.8839
TCGA-AN-A0FY-01,1.2583
TCGA-AN-A0FZ-01,1.1014
TCGA-AN-A0G0-01,-0.9717
TCGA-AN-A0XL-01,-0.2395
TCGA-AN-A0XN-01,1.1133
TCGA-AN-A0XO-01,0.679
TCGA-AN-A0XP-01,0.1712
TCGA-AN-A0XR-01,-0.2907
TCGA-AN-A0XS-01,-0.0873
TCGA-AN-A0XT-01,1.3159
TCGA-AN-A0XU-01,0.4479
TCGA-AN-A0XV-01,0.548
TCGA-AN-A0XW-01,-0.2686
TCGA-AO-A03L-01,0.2231
TCGA-AO-A03M-01,-0.1375
TCGA-AO-A03N-01,-0.6624
TCGA-AO-A03O-01,0.8289
TCGA-AO-A03P-01,1.0851
TCGA-AO-A03R-01,-0.6451
TCGA-AO-A03T-01,-0.9692
TCGA-AO-A03U-01,0.1549
TCGA-AO-A03V-01,0.5319
TCGA-AO-A0J2-01,1.1183
TCGA-AO-A0J3-01,0.5932
TCGA-AO-A0J4-01,0.7219
TCGA-AO-A0J5-01,0.2585
TCGA-AO-A0J6-01,0.2039
TCGA-AO-A0J7-01,0.3938
TCGA-AO-A0J8-01,-0.1355
TCGA-AO-A0J9-01,-0.4211
TCGA-AO-A0JA-01,0.8076
TCGA-AO-A0JB-01,-0.8723
TCGA-AO-A0JC-01,1.25
TCGA-AO-A0JD-01,1.4302
TCGA-AO-A0JE-01,-1.1253
TCGA-AO-A0JF-01,0.8214
TCGA-AO-A0JG-01,1.2093
TCGA-AO-A0JI-01,1.3773
TCGA-AO-A0JJ-01,0.8503
TCGA-AO-A0JL-01,-0.9194
TCGA-AO-A0JM-01,-1.4776
TCGA-AO-A124-01,0.9224
TCGA-AO-A125-01,-0.5654
TCGA-AO-A126-01,-0.9112
TCGA-AO-A128-01,0.2297
TCGA-AO-A129-01,-0.8211
TCGA-AO-A12A-01,0.3579
TCGA-AO-A12B-01,-0.552
TCGA-AO-A12D-01,-0.2553
TCGA-AO-A12E-01,0.0418
TCGA-AO-A12F-01,-0.0839
TCGA-AO-A12G-01,-0.3046
TCGA-AO-A12H-01,0.4192
TCGA-AO-A1KO-01,2.9414
TCGA-AO-A1KP-01,1.5274
TCGA-AO-A1KQ-01,0.5672
TCGA-AO-A1KR-01,-1.0841
TCGA-AO-A1KS-01,3.1468
TCGA-AO-A1KT-01,-0.7064
TCGA-AQ-A04H-01,1.2149
TCGA-AQ-A04J-01,0.3943
TCGA-AQ-A04L-01,0.0014
TCGA-AQ-A0Y5-01,1.3782
TCGA-AQ-A1H2-01,0.16
TCGA-AQ-A1H3-01,0.7381
TCGA-AQ-A54N-01,-0.7713
TCGA-AQ-A54O-01,-0.4319
TCGA-AQ-A7U7-01,-0.452
TCGA-AR-A0TP-01,1.352
TCGA-AR-A0TQ-01,0.258
TCGA-AR-A0TR-01,1.4623
TCGA-AR-A0TS-01,1.8321
TCGA-AR-A0TT-01,-0.8545
TCGA-AR-A0TU-01,-0.3916
TCGA-AR-A0TV-01,0.3027
TCGA-AR-A0TW-01,-0.1849
TCGA-AR-A0TX-01,-0.6361
TCGA-AR-A0TY-01,0.3503
TCGA-AR-A0TZ-01,1.5574
TCGA-AR-A0U0-01,-0.9046
TCGA-AR-A0U1-01,-0.551
TCGA-AR-A0U2-01,1.0135
TCGA-AR-A0U3-01,0.853
TCGA-AR-A0U4-01,0.4864
TCGA-AR-A1AH-01,0.1373
TCGA-AR-A1AI-01,1.7073
TCGA-AR-A1AJ-01,0.465
TCGA-AR-A1AK-01,-0.1721
TCGA-AR-A1AL-01,0.866
TCGA-AR-A1AM-01,-0.1537
TCGA-AR-A1AN-01,0.3238
TCGA-AR-A1AO-01,-0.1374
TCGA-AR-A1AP-01,-0.045
TCGA-AR-A1AQ-01,0.1193
TCGA-AR-A1AR-01,1.9235
TCGA-AR-A1AS-01,-0.8079
TCGA-AR-A1AT-01,-0.711
TCGA-AR-A1AU-01,0.5704
TCGA-AR-A1AV-01,0.9196
TCGA-AR-A1AW-01,0.401
TCGA-AR-A1AX-01,-0.1287
TCGA-AR-A1AY-01,0.3579
TCGA-AR-A24H-01,-0.6884
TCGA-AR-A24K-01,2.4452
TCGA-AR-A24L-01,0.336
TCGA-AR-A24M-01,2.1553
TCGA-AR-A24N-01,0.5848
TCGA-AR-A24O-01,1.1245
TCGA-AR-A24P-01,1.3356
TCGA-AR-A24Q-01,0.1029
TCGA-AR-A24R-01,2.141
TCGA-AR-A24S-01,1.473
TCGA-AR-A24T-01,0.9053
TCGA-AR-A24U-01,0.162
TCGA-AR-A24V-01,0.1456
TCGA-AR-A24W-01,2.4859
TCGA-AR-A24X-01,0.9496
TCGA-AR-A24Z-01,0.2412
TCGA-AR-A250-01,0.051
TCGA-AR-A251-01,-0.4021
TCGA-AR-A252-01,2.2193
TCGA-AR-A254-01,-0.2823
TCGA-AR-A255-01,-0.0598
TCGA-AR-A256-01,-0.3969
TCGA-AR-A2LE-01,1.1998
TCGA-AR-A2LH-01,-0.5377
TCGA-AR-A2LJ-01,-1.7327
TCGA-AR-A2LK-01,2.0483
TCGA-AR-A2LM-01,1.0917
TCGA-AR-A2LN-01,0.4413
TCGA-AR-A2LO-01,1.6045
TCGA-AR-A2LQ-01,-0.0977
TCGA-AR-A5QM-01,-1.1662
TCGA-AR-A5QN-01,-0.8075
TCGA-AR-A5QP-01,-0.7657
TCGA-AR-A5QQ-01,-1.3303
TCGA-B6-A0I1-01,0.4426
TCGA-B6-A0I2-01,-0.8682
TCGA-B6-A0I5-01,-1.1852
TCGA-B6-A0I6-01,0.9515
TCGA-B6-A0I8-01,0.0448
TCGA-B6-A0I9-01,0.9332
TCGA-B6-A0IA-01,-0.3918
TCGA-B6-A0IB-01,-0.0709
TCGA-B6-A0IC-01,0.0835
TCGA-B6-A0IE-01,-0.8442
TCGA-B6-A0IG-01,-0.6923
TCGA-B6-A0IH-01,0.1293
TCGA-B6-A0IJ-01,0.0783
TCGA-B6-A0IK-01,1.185
TCGA-B6-A0IM-01,2.9016
TCGA-B6-A0IN-01,-0.6018
TCGA-B6-A0IO-01,0.5213
TCGA-B6-A0IP-01,-0.0022
TCGA-B6-A0IQ-01,0.8182
TCGA-B6-A0RE-01,-0.1479
TCGA-B6-A0RG-01,1.2242
TCGA-B6-A0RH-01,-1.1469
TCGA-B6-A0RI-01,-0.3746
TCGA-B6-A0RL-01,0.228
TCGA-B6-A0RM-01,0.0238
TCGA-B6-A0RN-01,0.679
TCGA-B6-A0RO-01,1.7091
TCGA-B6-A0RP-01,0.4554
TCGA-B6-A0RQ-01,0.1956
TCGA-B6-A0RS-01,-1.1015
TCGA-B6-A0RT-01,3.331
TCGA-B6-A0RU-01,1.6477
TCGA-B6-A0RV-01,0.2774
TCGA-B6-A0WS-01,-0.0853
TCGA-B6-A0WT-01,0.731
TCGA-B6-A0WV-01,1.7383
TCGA-B6-A0WW-01,0.2773
TCGA-B6-A0WX-01,-0.2271
TCGA-B6-A0WY-01,0.1835
TCGA-B6-A0WZ-01,-1.3562
TCGA-B6-A0X0-01,-0.3731
TCGA-B6-A0X1-01,0.7509
TCGA-B6-A0X4-01,0.6133
TCGA-B6-A0X5-01,-0.006
TCGA-B6-A0X7-01,0.6066
TCGA-B6-A1KC-01,4.713
TCGA-B6-A1KF-01,-0.2377
TCGA-B6-A1KI-01,0.159
TCGA-B6-A1KN-01,0.7666
TCGA-B6-A2IU-01,-0.1189
TCGA-B6-A3ZX-01,-0.6701
TCGA-B6-A400-01,-0.5584
TCGA-B6-A401-01,-1.3498
TCGA-B6-A402-01,-1.3755
TCGA-B6-A408-01,-0.5757
TCGA-B6-A409-01,-1.624
TCGA-B6-A40B-01,-1.5894
TCGA-B6-A40C-01,-1.4411
TCGA-BH-A0AU-01,0.3736
TCGA-BH-A0AV-01,1.333
TCGA-BH-A0AW-01,-0.4325
TCGA-BH-A0AY-01,-1.0192
TCGA-BH-A0AZ-01,-0.5062
TCGA-BH-A0B0-01,-0.365
TCGA-BH-A0B1-01,1.0452
TCGA-BH-A0B2-01,-0.3546
TCGA-BH-A0B3-01,-0.7572
TCGA-BH-A0B4-01,-1.1149
TCGA-BH-A0B5-01,0.516
TCGA-BH-A0B7-01,0.1302
TCGA-BH-A0B8-01,1.7324
TCGA-BH-A0B9-01,0.5566
TCGA-BH-A0BA-01,0.9581
TCGA-BH-A0BC-01,-0.2934
TCGA-BH-A0BD-01,0.3816
TCGA-BH-A0BF-01,-0.388
TCGA-BH-A0BG-01,0.8341
TCGA-BH-A0BJ-01,0.48
TCGA-BH-A0BL-01,0.9968
TCGA-BH-A0BM-01,0.217
TCGA-BH-A0BO-01,-0.0447
TCGA-BH-A0BP-01,0.3051
TCGA-BH-A0BQ-01,-0.7413
TCGA-BH-A0BR-01,-0.6806
TCGA-BH-A0BS-01,0.5774
TCGA-BH-A0BT-01,-0.8688
TCGA-BH-A0BV-01,1.7437
TCGA-BH-A0BW-01,1.0792
TCGA-BH-A0BZ-01,-0.7947
TCGA-BH-A0C0-01,-0.5058
TCGA-BH-A0C1-01,0.5733
TCGA-BH-A0C3-01,-0.0629
TCGA-BH-A0C7-01,0.8813
TCGA-BH-A0DD-01,1.5649
TCGA-BH-A0DE-01,-0.1827
TCGA-BH-A0DG-01,-0.858
TCGA-BH-A0DH-01,0.3859
TCGA-BH-A0DI-01,-0.3227
TCGA-BH-A0DK-01,-0.6836
TCGA-BH-A0DL-01,1.151
TCGA-BH-A0DO-01,0.9486
TCGA-BH-A0DP-01,0.8124
TCGA-BH-A0DQ-01,1.1759
TCGA-BH-A0DS-01,-0.8537
TCGA-BH-A0DT-01,0.2252
TCGA-BH-A0DV-01,-0.2478
TCGA-BH-A0DX-01,-0.506
TCGA-BH-A0DZ-01,-0.275
TCGA-BH-A0E0-01,-0.1509
TCGA-BH-A0E1-01,-0.1051
TCGA-BH-A0E2-01,0.5663
TCGA-BH-A0E6-01,0.1009
TCGA-BH-A0E7-01,0.1164
TCGA-BH-A0E9-01,1.0485
TCGA-BH-A0EA-01,1.1512
TCGA-BH-A0EB-01,0.1722
TCGA-BH-A0EE-01,0.1239
TCGA-BH-A0EI-01,3.6992
TCGA-BH-A0GY-01,-0.1213
TCGA-BH-A0GZ-01,-0.2844
TCGA-BH-A0H0-01,-0.1536
TCGA-BH-A0H3-01,0.9869
TCGA-BH-A0H5-01,0.158
TCGA-BH-A0H6-01,-0.5627
TCGA-BH-A0H7-01,0.1475
TCGA-BH-A0H9-01,-0.1942
TCGA-BH-A0HA-01,-0.5585
TCGA-BH-A0HB-01,-0.4424
TCGA-BH-A0HF-01,-0.3418
TCGA-BH-A0HI-01,0.2133
TCGA-BH-A0HK-01,0.3566
TCGA-BH-A0HL-01,0.3727
TCGA-BH-A0HN-01,-0.3936
TCGA-BH-A0HO-01,-0.0876
TCGA-BH-A0HP-01,0.5882
TCGA-BH-A0HQ-01,-0.4636
TCGA-BH-A0HU-01,-1.4855
TCGA-BH-A0HW-01,0.4752
TCGA-BH-A0HX-01,0.1266
TCGA-BH-A0HY-01,-1.5596
TCGA-BH-A0RX-01,-0.605
TCGA-BH-A0W3-01,1.1093
TCGA-BH-A0W4-01,0.3609
TCGA-BH-A0W5-01,0.5163
TCGA-BH-A0W7-01,-0.7897
TCGA-BH-A0WA-01,0.3174
TCGA-BH-A18F-01,0.2246
TCGA-BH-A18G-01,-0.8044
TCGA-BH-A18H-01,-0.6844
TCGA-BH-A18I-01,0.5603
TCGA-BH-A18J-01,-0.483
TCGA-BH-A18K-01,0.0044
TCGA-BH-A18L-01,0.881
TCGA-BH-A18M-01,0.3154
TCGA-BH-A18N-01,0.8455
TCGA-BH-A18P-01,1.4498
TCGA-BH-A18Q-01,3.2148
TCGA-BH-A18R-01,1.0025
TCGA-BH-A18S-01,0.4159
TCGA-BH-A18T-01,0.9731
TCGA-BH-A18U-01,-0.6859
TCGA-BH-A18V-01,0.91
TCGA-BH-A1EN-01,-0.6382
TCGA-BH-A1EO-01,0.9658
TCGA-BH-A1ES-01,1.463
TCGA-BH-A1ET-01,1.1844
TCGA-BH-A1EU-01,2.3983
TCGA-BH-A1EV-01,-0.0377
TCGA-BH-A1EW-01,0.0678
TCGA-BH-A1EX-01,1.0876
TCGA-BH-A1EY-01,0.5361
TCGA-BH-A1F0-01,0.5124
TCGA-BH-A1F2-01,1.0168
TCGA-BH-A1F5-01,1.9179
TCGA-BH-A1F6-01,0.0693
TCGA-BH-A1F8-01,1.6516
TCGA-BH-A1FB-01,0.9545
TCGA-BH-A1FC-01,1.3028
TCGA-BH-A1FD-01,0.1481
TCGA-BH-A1FE-01,1.3355
TCGA-BH-A1FG-01,-0.2447
TCGA-BH-A1FH-01,0.9524
TCGA-BH-A1FJ-01,1.112
TCGA-BH-A1FL-01,0.9274
TCGA-BH-A1FM-01,3.9585
TCGA-BH-A1FN-01,0.5536
TCGA-BH-A1FR-01,1.2056
TCGA-BH-A1FU-01,-0.329
TCGA-BH-A201-01,0.7417
TCGA-BH-A202-01,0.212
TCGA-BH-A203-01,-0.4103
TCGA-BH-A204-01,2.4681
TCGA-BH-A208-01,-0.4288
TCGA-BH-A209-01,-0.0204
TCGA-BH-A28O-01,-0.2864
TCGA-BH-A28Q-01,0.5759
TCGA-BH-A2L8-01,-0.9539
TCGA-BH-A42T-01,-1.4414
TCGA-BH-A42U-01,-1.5967
TCGA-BH-A42V-01,-1.0286
TCGA-BH-A5IZ-01,-0.1626
TCGA-BH-A5J0-01,-1.3872
TCGA-BH-A6R8-01,-0.9656
TCGA-BH-A6R9-01,-0.9977
TCGA-BH-A8FY-01,-0.9648
TCGA-BH-A8FZ-01,-0.4878
TCGA-BH-A8G0-01,-0.4603
TCGA-BH-AB28-01,0.1838
TCGA-C8-A12K-01,-0.2417
TCGA-C8-A12L-01,1.6475
TCGA-C8-A12M-01,1.1157
TCGA-C8-A12N-01,-0.8777
TCGA-C8-A12O-01,-0.0316
TCGA-C8-A12P-01,-0.6424
TCGA-C8-A12Q-01,1.4817
TCGA-C8-A12T-01,-0.6898
TCGA-C8-A12U-01,-0.2917
TCGA-C8-A12V-01,-0.3937
TCGA-C8-A12W-01,0.2199
TCGA-C8-A12X-01,-1.2246
TCGA-C8-A12Y-01,-1.4605
TCGA-C8-A12Z-01,-0.2621
TCGA-C8-A130-01,-0.8683
TCGA-C8-A131-01,-1.2727
TCGA-C8-A132-01,0.6127
TCGA-C8-A133-01,-0.4845
TCGA-C8-A134-01,-0.6057
TCGA-C8-A135-01,-0.6591
TCGA-C8-A137-01,-0.3398
TCGA-C8-A138-01,-0.6045
TCGA-C8-A1HE-01,0.8911
TCGA-C8-A1HF-01,-0.6286
TCGA-C8-A1HG-01,-0.3494
TCGA-C8-A1HI-01,0.3686
TCGA-C8-A1HJ-01,1.6631
TCGA-C8-A1HK-01,0.894
TCGA-C8-A1HL-01,-0.5808
TCGA-C8-A1HM-01,2.6305
TCGA-C8-A1HN-01,1.2131
TCGA-C8-A1HO-01,0.8354
TCGA-C8-A26V-01,0.532
TCGA-C8-A26W-01,0.3492
TCGA-C8-A26X-01,-0.6752
TCGA-C8-A26Y-01,0.8338
TCGA-C8-A26Z-01,0.7845
TCGA-C8-A273-01,-0.7976
TCGA-C8-A274-01,0.4125
TCGA-C8-A275-01,-0.2702
TCGA-C8-A278-01,-0.8934
TCGA-C8-A27A-01,1.9374
TCGA-C8-A27B-01,4.0181
TCGA-C8-A3M7-01,-0.0757
TCGA-C8-A3M8-01,-0.5228
TCGA-C8-A8HP-01,-2.0219
TCGA-C8-A8HQ-01,-0.5379
TCGA-C8-A8HR-01,0.2971
TCGA-C8-A9FZ-01,
TCGA-D8-A13Y-01,2.5883
TCGA-D8-A13Z-01,0.8515
TCGA-D8-A140-01,1.3029
TCGA-D8-A141-01,-0.6095
TCGA-D8-A142-01,-0.7205
TCGA-D8-A143-01,0.2972
TCGA-D8-A145-01,0.7622
TCGA-D8-A147-01,3.2588
TCGA-D8-A1J8-01,2.1067
TCGA-D8-A1J9-01,-0.2788
TCGA-D8-A1JA-01,0.9393
TCGA-D8-A1JB-01,2.4857
TCGA-D8-A1JC-01,0.9196
TCGA-D8-A1JD-01,-1.0083
TCGA-D8-A1JE-01,1.6084
TCGA-D8-A1JF-01,2.077
TCGA-D8-A1JG-01,1.3997
TCGA-D8-A1JH-01,0.8594
TCGA-D8-A1JI-01,0.7829
TCGA-D8-A1JJ-01,-0.8822
TCGA-D8-A1JK-01,-0.4929
TCGA-D8-A1JL-01,-0.214
TCGA-D8-A1JM-01,0.4326
TCGA-D8-A1JN-01,0.4951
TCGA-D8-A1JP-01,2.9056
TCGA-D8-A1JS-01,-1.3446
TCGA-D8-A1JT-01,-0.7465
TCGA-D8-A1JU-01,0.4614
TCGA-D8-A1X5-01,-0.2371
TCGA-D8-A1X6-01,-0.3643
TCGA-D8-A1X7-01,0.7491
TCGA-D8-A1X8-01,1.4316
TCGA-D8-A1X9-01,0.5067
TCGA-D8-A1XA-01,0.5356
TCGA-D8-A1XB-01,0.0253
TCGA-D8-A1XC-01,1.1659
TCGA-D8-A1XD-01,1.2364
TCGA-D8-A1XF-01,0.1921
TCGA-D8-A1XG-01,1.3506
TCGA-D8-A1XJ-01,0.2877
TCGA-D8-A1XK-01,2.2621
TCGA-D8-A1XL-01,-0.9962
TCGA-D8-A1XM-01,0.804
TCGA-D8-A1XO-01,0.7968
TCGA-D8-A1XQ-01,-0.2199
TCGA-D8-A1XR-01,0.34
TCGA-D8-A1XS-01,0.1841
TCGA-D8-A1XT-01,0.076
TCGA-D8-A1XU-01,0.6976
TCGA-D8-A1XV-01,1.2883
TCGA-D8-A1XW-01,1.8644
TCGA-D8-A1XY-01,-0.5751
TCGA-D8-A1XZ-01,2.394
TCGA-D8-A1Y0-01,0.6932
TCGA-D8-A1Y1-01,0.0183
TCGA-D8-A1Y2-01,-1.1338
TCGA-D8-A1Y3-01,-1.8386
TCGA-D8-A27E-01,0.9335
TCGA-D8-A27F-01,1.0998
TCGA-D8-A27G-01,-0.2995
TCGA-D8-A27H-01,0.1581
TCGA-D8-A27I-01,0.0965
TCGA-D8-A27K-01,0.6567
TCGA-D8-A27L-01,0.0992
TCGA-D8-A27M-01,0.545
TCGA-D8-A27N-01,-1.3384
TCGA-D8-A27P-01,0.8807
TCGA-D8-A27R-01,-0.5282
TCGA-D8-A27T-01,0.3696
TCGA-D8-A27V-01,0.439
TCGA-D8-A27W-01,0.2311
TCGA-D8-A3Z5-01,-1.0873
TCGA-D8-A3Z6-01,-1.4416
TCGA-D8-A4Z1-01,-0.3285
TCGA-D8-A73U-01,-0.751
TCGA-D8-A73W-01,-0.3005
TCGA-D8-A73X-01,-0.53
TCGA-E2-A105-01,0.6553
TCGA-E2-A107-01,-0.9059
TCGA-E2-A108-01,-0.1826
TCGA-E2-A109-01,0.6577
TCGA-E2-A10A-01,0.2342
TCGA-E2-A10B-01,-0.0105
TCGA-E2-A10C-01,-1.0629
TCGA-E2-A10E-01,0.6481
TCGA-E2-A10F-01,0.2194
TCGA-E2-A14N-01,-0.1367
TCGA-E2-A14O-01,-1.0994
TCGA-E2-A14P-01,-0.9339
TCGA-E2-A14Q-01,-0.1745
TCGA-E2-A14R-01,-0.1171
TCGA-E2-A14S-01,0.307
TCGA-E2-A14T-01,1.0073
TCGA-E2-A14U-01,-0.7675
TCGA-E2-A14V-01,1.0161
TCGA-E2-A14W-01,0.5437
TCGA-E2-A14X-01,0.8035
TCGA-E2-A14Y-01,-0.011
TCGA-E2-A14Z-01,-0.5153
TCGA-E2-A150-01,0.927
TCGA-E2-A152-01,0.5087
TCGA-E2-A153-01,-0.4434
TCGA-E2-A154-01,0.3484
TCGA-E2-A155-01,1.4004
TCGA-E2-A156-01,0.872
TCGA-E2-A158-01,1.1414
TCGA-E2-A159-01,0.2846
TCGA-E2-A15A-01,0.3685
TCGA-E2-A15C-01,0.3313
TCGA-E2-A15D-01,-0.004
TCGA-E2-A15E-01,0.4754
TCGA-E2-A15F-01,0.399
TCGA-E2-A15G-01,1.6097
TCGA-E2-A15H-01,-0.265
TCGA-E2-A15I-01,1.5679
TCGA-E2-A15J-01,-0.0709
TCGA-E2-A15K-01,-0.2257
TCGA-E2-A15L-01,0.3603
TCGA-E2-A15M-01,1.5289
TCGA-E2-A15O-01,-0.1038
TCGA-E2-A15P-01,1.0038
TCGA-E2-A15R-01,1.9363
TCGA-E2-A15S-01,1.5314
TCGA-E2-A15T-01,1.9433
TCGA-E2-A1AZ-01,2.958
TCGA-E2-A1B0-01,1.1723
TCGA-E2-A1B1-01,1.1218
TCGA-E2-A1B4-01,-0.7309
TCGA-E2-A1B5-01,-0.3182
TCGA-E2-A1B6-01,-0.6926
TCGA-E2-A1BC-01,0.5128
TCGA-E2-A1BD-01,-0.3421
TCGA-E2-A1IE-01,0.8136
TCGA-E2-A1IF-01,-1.3068
TCGA-E2-A1IG-01,-0.4226
TCGA-E2-A1IH-01,0.9338
TCGA-E2-A1II-01,0.2929
TCGA-E2-A1IJ-01,-0.6222
TCGA-E2-A1IK-01,-0.3042
TCGA-E2-A1IL-01,-0.0695
TCGA-E2-A1IN-01,-0.3182
TCGA-E2-A1IO-01,0.589
TCGA-E2-A1IU-01,0.5881
TCGA-E2-A1L6-01,0.4506
TCGA-E2-A1L7-01,0.9609
TCGA-E2-A1L8-01,1.1562
TCGA-E2-A1L9-01,-0.3995
TCGA-E2-A1LA-01,-0.246
TCGA-E2-A1LB-01,-0.5152
TCGA-E2-A1LE-01,-1.1266
TCGA-E2-A1LG-01,0.1278
TCGA-E2-A1LH-01,-1.3675
TCGA-E2-A1LI-01,0.574
TCGA-E2-A1LK-01,-0.8612
TCGA-E2-A1LL-01,1.0612
TCGA-E2-A1LS-01,1.6205
TCGA-E2-A2P5-01,-0.6774
TCGA-E2-A2P6-01,-0.4185
TCGA-E2-A3DX-01,0.1902
TCGA-E2-A56Z-01,3.0878
TCGA-E2-A570-01,0.02
TCGA-E2-A573-01,-0.8795
TCGA-E2-A574-01,-1.6433
TCGA-E2-A576-01,-1.4429
TCGA-E2-A9RU-01,-1.9832
TCGA-E9-A1N3-01,1.0762
TCGA-E9-A1N4-01,1.0035
TCGA-E9-A1N5-01,-0.304
TCGA-E9-A1N6-01,-0.474
TCGA-E9-A1N8-01,1.1546
TCGA-E9-A1N9-01,0.8961
TCGA-E9-A1NA-01,0.3711
TCGA-E9-A1NC-01,-1.2725
TCGA-E9-A1ND-01,-0.5943
TCGA-E9-A1NE-01,1.4797
TCGA-E9-A1NF-01,-0.5324
TCGA-E9-A1NG-01,-0.1715
TCGA-E9-A1NH-01,-0.4118
TCGA-E9-A1NI-01,-0.5258
TCGA-E9-A1QZ-01,0.2683
TCGA-E9-A1R0-01,0.4912
TCGA-E9-A1R2-01,-0.3736
TCGA-E9-A1R3-01,0.5299
TCGA-E9-A1R4-01,0.0648
TCGA-E9-A1R5-01,0.0546
TCGA-E9-A1R6-01,-0.3125
TCGA-E9-A1R7-01,2.1342
TCGA-E9-A1RA-01,0.339
TCGA-E9-A1RB-01,0.256
TCGA-E9-A1RC-01,0.9309
TCGA-E9-A1RD-01,0.5757
TCGA-E9-A1RE-01,0.8729
TCGA-E9-A1RF-01,-0.3194
TCGA-E9-A1RG-01,-1.0499
TCGA-E9-A1RH-01,2.1919
TCGA-E9-A1RI-01,0.2377
TCGA-E9-A226-01,0.3924
TCGA-E9-A227-01,-0.1744
TCGA-E9-A228-01,0.915
TCGA-E9-A229-01,0.1643
TCGA-E9-A22A-01,-0.5904
TCGA-E9-A22B-01,-0.177
TCGA-E9-A22D-01,-0.9159
TCGA-E9-A22E-01,-0.9417
TCGA-E9-A22G-01,-0.5226
TCGA-E9-A22H-01,0.86
TCGA-E9-A243-01,0.8255
TCGA-E9-A244-01,-1.0935
TCGA-E9-A245-01,-0.3194
TCGA-E9-A247-01,-0.2873
TCGA-E9-A248-01,0.7072
TCGA-E9-A249-01,-0.0617
TCGA-E9-A24A-01,0.7792
TCGA-E9-A295-01,-0.2211
TCGA-E9-A2JS-01,-0.4067
TCGA-E9-A2JT-01,1.0737
TCGA-E9-A3HO-01,-2.4921
TCGA-E9-A3Q9-01,0.0526
TCGA-E9-A3QA-01,-0.9946
TCGA-E9-A3X8-01,-2.1385
TCGA-E9-A54X-01,-0.785
TCGA-E9-A54Y-01,-1.4798
TCGA-E9-A5FK-01,-1.6645
TCGA-E9-A5FL-01,-1.9604
TCGA-E9-A5UO-01,-0.403
TCGA-E9-A5UP-01,-1.3977
TCGA-E9-A6HE-01,-1.8677
TCGA-EW-A1IW-01,1.1481
TCGA-EW-A1IX-01,-0.0361
TCGA-EW-A1IY-01,1.1737
TCGA-EW-A1IZ-01,-0.2772
TCGA-EW-A1J1-01,1.2521
TCGA-EW-A1J2-01,0.8973
TCGA-EW-A1J3-01,0.4653
TCGA-EW-A1J5-01,0.3593
TCGA-EW-A1J6-01,0.9931
TCGA-EW-A1OV-01,-0.2926
TCGA-EW-A1OW-01,-0.0511
TCGA-EW-A1OX-01,0.4027
TCGA-EW-A1OY-01,0.5979
TCGA-EW-A1OZ-01,-1.1322
TCGA-EW-A1P0-01,0.6231
TCGA-EW-A1P1-01,0.1911
TCGA-EW-A1P3-01,-0.7147
TCGA-EW-A1P4-01,-0.6675
TCGA-EW-A1P5-01,0.0793
TCGA-EW-A1P6-01,0.3724
TCGA-EW-A1P7-01,-0.2812
TCGA-EW-A1P8-01,-0.4889
TCGA-EW-A1PA-01,0.6989
TCGA-EW-A1PB-01,-1.0562
TCGA-EW-A1PC-01,0.2741
TCGA-EW-A1PD-01,1.7308
TCGA-EW-A1PE-01,0.0476
TCGA-EW-A1PF-01,-0.5074
TCGA-EW-A1PG-01,0.8072
TCGA-EW-A1PH-01,-0.8355
TCGA-EW-A2FR-01,-0.7335
TCGA-EW-A2FS-01,0.0407
TCGA-EW-A2FV-01,0.261
TCGA-EW-A2FW-01,-0.0581
TCGA-EW-A3E8-01,-0.9426
TCGA-EW-A3U0-01,-0.5865
TCGA-EW-A423-01,-1.424
TCGA-EW-A424-01,-1.1286
TCGA-EW-A6S9-01,-0.6015
TCGA-EW-A6SA-01,0.2303
TCGA-EW-A6SB-01,-1.1349
TCGA-EW-A6SC-01,-0.0378
TCGA-EW-A6SD-01,-0.3913
TCGA-GI-A2C8-01,0.1124
TCGA-GI-A2C9-01,-0.3331
TCGA-GM-A2D9-01,-0.8171
TCGA-GM-A2DA-01,-0.9069
TCGA-GM-A2DB-01,-0.0566
TCGA-GM-A2DC-01,-0.8863
TCGA-GM-A2DD-01,-0.8433
TCGA-GM-A2DF-01,-0.538
TCGA-GM-A2DH-01,1.4874
TCGA-GM-A2DI-01,0.2791
TCGA-GM-A2DK-01,-0.8449
TCGA-GM-A2DL-01,0.3787
TCGA-GM-A2DM-01,0.3995
TCGA-GM-A2DN-01,0.0144
TCGA-GM-A2DO-01,-0.2798
TCGA-GM-A3NW-01,-0.3226
TCGA-GM-A3NY-01,-0.3208
TCGA-GM-A3XG-01,-0.9261
TCGA-GM-A3XL-01,-1.5681
TCGA-GM-A3XN-01,-1.1657
TCGA-GM-A4E0-01,-0.9464
TCGA-GM-A5PV-01,-0.2081
TCGA-GM-A5PX-01,-1.0356
TCGA-HN-A2NL-01,0.5147
TCGA-HN-A2OB-01,-0.4231
TCGA-JL-A3YW-01,-1.2541
TCGA-JL-A3YX-01,-1.423
TCGA-LD-A66U-01,-1.6967
TCGA-LD-A74U-01,-0.8963
TCGA-LD-A7W5-01,-0.8311
TCGA-LD-A7W6-01,0.1153
TCGA-LD-A9QF-01,-1.3731
TCGA-LL-A440-01,-0.8217
TCGA-LL-A441-01,-0.442
TCGA-LL-A442-01,0.2803
TCGA-LL-A50Y-01,-1.6443
TCGA-LL-A5YL-01,-1.735
TCGA-LL-A5YM-01,-2.3997
TCGA-LL-A5YN-01,-1.6497
TCGA-LL-A5YO-01,-1.3528
TCGA-LL-A5YP-01,-0.8425
TCGA-LL-A6FP-01,-0.9507
TCGA-LL-A6FQ-01,-1.5469
TCGA-LL-A6FR-01,-1.6979
TCGA-LL-A73Y-01,-0.4912
TCGA-LL-A73Z-01,-0.9047
TCGA-LL-A740-01,-1.0562
TCGA-LL-A7SZ-01,-2.177
TCGA-LL-A7T0-01,-1.1966
TCGA-LL-A8F5-01,-1.5433
TCGA-LL-A9Q3-01,-1.9096
TCGA-LQ-A4E4-01,-0.5744
TCGA-MS-A51U-01,-0.343
TCGA-OK-A5Q2-01,-0.9501
TCGA-OL-A5D6-01,-1.4573
TCGA-OL-A5D7-01,-1.3777
TCGA-OL-A5D8-01,-0.7225
TCGA-OL-A5DA-01,-0.5663
TCGA-OL-A5RU-01,-0.9738
TCGA-OL-A5RV-01,-0.4715
TCGA-OL-A5RW-01,-1.2877
TCGA-OL-A5RX-01,-0.438
TCGA-OL-A5RY-01,-1.2461
TCGA-OL-A5RZ-01,-1.0745
TCGA-OL-A5S0-01,-1.5071
TCGA-OL-A66H-01,-1.0532
TCGA-OL-A66I-01,-0.7809
TCGA-OL-A66J-01,-0.9143
TCGA-OL-A66K-01,-0.8137
TCGA-OL-A66L-01,-1.9672
TCGA-OL-A66N-01,-1.7576
TCGA-OL-A66O-01,-1.6501
TCGA-OL-A66P-01,-1.9492
TCGA-OL-A6VO-01,-1.012
TCGA-OL-A6VQ-01,-0.1953
TCGA-OL-A6VR-01,-0.8452
TCGA-OL-A97C-01,-0.5191
TCGA-PE-A5DC-01,-0.6771
TCGA-PE-A5DD-01,-1.2173
TCGA-PE-A5DE-01,-0.3492
TCGA-PL-A8LV-01,-0.9147
TCGA-PL-A8LX-01,-0.6173
TCGA-PL-A8LY-01,-1.0778
TCGA-PL-A8LZ-01,-0.8229
TCGA-S3-A6ZF-01,1.6049
TCGA-S3-A6ZG-01,0.5313
TCGA-S3-A6ZH-01,0.9608
TCGA-S3-AA0Z-01,-0.2072
TCGA-S3-AA10-01,-0.1282
TCGA-S3-AA11-01,-0.6971
TCGA-S3-AA12-01,-0.7098
TCGA-S3-AA14-01,-0.6464
TCGA-S3-AA15-01,-1.2119
TCGA-S3-AA17-01,-0.8654
TCGA-UL-AAZ6-01,-1.2714
TCGA-UU-A93S-01,-1.7276
TCGA-V7-A7HQ-01,-1.9608
TCGA-W8-A86G-01,-0.9133
TCGA-WT-AB41-01,-1.3744
TCGA-WT-AB44-01,-1.9087
TCGA-XX-A899-01,-0.396
TCGA-XX-A89A-01,-0.9298
TCGA-Z7-A8R5-01,-1.398
TCGA-Z7-A8R6-01,-1.2108
TCGA-2W-A8YY-01,-0.6416
TCGA-4J-AA1J-01,0.0235
TCGA-BI-A0VR-01,1.9206
TCGA-BI-A0VS-01,0.6169
TCGA-BI-A20A-01,1.7817
TCGA-C5-A0TN-01,-0.6036
TCGA-C5-A1BE-01,-0.4141
TCGA-C5-A1BF-01,-0.4266
TCGA-C5-A1BI-01,-0.2472
TCGA-C5-A1BJ-01,-0.0686
TCGA-C5-A1BK-01,0.3495
TCGA-C5-A1BL-01,1.9539
TCGA-C5-A1BM-01,0.0925
TCGA-C5-A1BN-01,-0.2967
TCGA-C5-A1BQ-01,-0.4488
TCGA-C5-A1M5-01,1.4034
TCGA-C5-A1M6-01,0.8534
TCGA-C5-A1M7-01,-2.1706
TCGA-C5-A1M8-01,-0.3312
TCGA-C5-A1M9-01,-0.0245
TCGA-C5-A1ME-01,-0.9457
TCGA-C5-A1MF-01,-1.7104
TCGA-C5-A1MH-01,0.962
TCGA-C5-A1MI-01,0.5381
TCGA-C5-A1MJ-01,1.4267
TCGA-C5-A1MK-01,-0.5002
TCGA-C5-A1ML-01,-0.0215
TCGA-C5-A1MN-01,-0.3988
TCGA-C5-A1MP-01,-0.6116
TCGA-C5-A1MQ-01,-1.8772
TCGA-C5-A2LS-01,1.4883
TCGA-C5-A2LT-01,0.4571
TCGA-C5-A2LV-01,-0.4055
TCGA-C5-A2LX-01,-1.45
TCGA-C5-A2LY-01,-0.3791
TCGA-C5-A2LZ-01,-0.6628
TCGA-C5-A2M1-01,0.1067
TCGA-C5-A2M2-01,-0.4386
TCGA-C5-A3HD-01,0.2104
TCGA-C5-A3HE-01,-0.6576
TCGA-C5-A3HF-01,-0.5599
TCGA-C5-A3HL-01,0.3357
TCGA-C5-A7CG-01,0.6263
TCGA-C5-A7CH-01,0.0498
TCGA-C5-A7CJ-01,0.3519
TCGA-C5-A7CK-01,0.3398
TCGA-C5-A7CL-01,-0.6618
TCGA-C5-A7CM-01,-0.9271
TCGA-C5-A7CO-01,-0.2601
TCGA-C5-A7UC-01,-0.4224
TCGA-C5-A7UE-01,-0.8765
TCGA-C5-A7UH-01,-0.2088
TCGA-C5-A7UI-01,-1.5687
TCGA-C5-A7X3-01,-0.8812
TCGA-C5-A7X5-01,0.059
TCGA-C5-A7X8-01,-0.9984
TCGA-C5-A7XC-01,-0.2477
TCGA-C5-A8XH-01,-1.4526
TCGA-C5-A8XI-01,0.8961
TCGA-C5-A8XJ-01,0.2407
TCGA-C5-A8XK-01,-0.8567
TCGA-C5-A8YQ-01,0.082
TCGA-C5-A8YR-01,-0.7508
TCGA-C5-A8YT-01,-0.2729
TCGA-C5-A8ZZ-01,0.293
TCGA-C5-A907-01,-1.5858
TCGA-DG-A2KH-01,0.164
TCGA-DG-A2KJ-01,-1.2973
TCGA-DG-A2KK-01,-0.2363
TCGA-DG-A2KL-01,2.2497
TCGA-DG-A2KM-01,-0.3405
TCGA-DR-A0ZL-01,0.1301
TCGA-DR-A0ZM-01,-0.8474
TCGA-DS-A0VK-01,-0.2644
TCGA-DS-A0VL-01,-0.2922
TCGA-DS-A0VM-01,0.6458
TCGA-DS-A0VN-01,0.5728
TCGA-DS-A1OA-01,-0.6237
TCGA-DS-A3LQ-01,1.4268
TCGA-DS-A5RQ-01,1.3191
TCGA-DS-A7WF-01,5.6183
TCGA-DS-A7WH-01,0.7645
TCGA-DS-A7WI-01,-1.4011
TCGA-EA-A1QS-01,1.2131
TCGA-EA-A1QT-01,-0.3905
TCGA-EA-A3HQ-01,0.1748
TCGA-EA-A3HR-01,0.6424
TCGA-EA-A3HS-01,-0.1549
TCGA-EA-A3HT-01,1.4013
TCGA-EA-A3HU-01,2.6624
TCGA-EA-A3QD-01,0.8556
TCGA-EA-A3QE-01,0.0468
TCGA-EA-A3Y4-01,-1.0979
TCGA-EA-A410-01,-0.6554
TCGA-EA-A411-01,-0.4702
TCGA-EA-A439-01,2.137
TCGA-EA-A43B-01,-1.1751
TCGA-EA-A44S-01,-0.2307
TCGA-EA-A4BA-01,0.2217
TCGA-EA-A50E-01,-0.478
TCGA-EA-A556-01,-0.2244
TCGA-EA-A5FO-01,4.0219
TCGA-EA-A5O9-01,0.0809
TCGA-EA-A5ZD-01,-0.1636
TCGA-EA-A5ZE-01,-0.2447
TCGA-EA-A5ZF-01,2.4404
TCGA-EA-A6QX-01,-1.0822
TCGA-EA-A78R-01,-1.5579
TCGA-EA-A97N-01,3.5554
TCGA-EK-A2GZ-01,-0.5847
TCGA-EK-A2H0-01,-0.429
TCGA-EK-A2H1-01,-1.1806
TCGA-EK-A2IP-01,-0.4097
TCGA-EK-A2PG-01,0.227
TCGA-EK-A2PI-01,0.3618
TCGA-EK-A2PK-01,-1.2605
TCGA-EK-A2PL-01,-0.1835
TCGA-EK-A2PM-01,-1.2105
TCGA-EK-A2R7-01,-0.2831
TCGA-EK-A2R8-01,0.4844
TCGA-EK-A2R9-01,-0.9841
TCGA-EK-A2RA-01,0.3493
TCGA-EK-A2RB-01,0.8857
TCGA-EK-A2RC-01,-0.6395
TCGA-EK-A2RD-01,
TCGA-EK-A2RE-01,0.5578
TCGA-EK-A2RJ-01,-1.2097
TCGA-EK-A2RK-01,0.1106
TCGA-EK-A2RL-01,0.0048
TCGA-EK-A2RM-01,-1.4081
TCGA-EK-A2RN-01,0.022
TCGA-EK-A2RO-01,-1.0379
TCGA-EK-A3GJ-01,-0.293
TCGA-EK-A3GK-01,-0.8463
TCGA-EK-A3GM-01,0.808
TCGA-EK-A3GN-01,-0.8245
TCGA-EX-A1H5-01,-0.0172
TCGA-EX-A1H6-01,-0.4569
TCGA-EX-A3L1-01,0.2083
TCGA-EX-A69L-01,-0.2181
TCGA-EX-A69M-01,-0.5673
TCGA-EX-A8YF-01,1.2805
TCGA-FU-A23K-01,-1.1564
TCGA-FU-A23L-01,0.6128
TCGA-FU-A2QG-01,0.2946
TCGA-FU-A3EO-01,-0.7548
TCGA-FU-A3HY-01,0.2442
TCGA-FU-A3HZ-01,-0.4884
TCGA-FU-A3NI-01,6.4233
TCGA-FU-A3TQ-01,0.2347
TCGA-FU-A3TX-01,1.0594
TCGA-FU-A3WB-01,0.5272
TCGA-FU-A3YQ-01,-0.219
TCGA-FU-A40J-01,0.2446
TCGA-FU-A57G-01,0.3577
TCGA-FU-A5XV-01,0.0484
TCGA-FU-A770-01,-0.4
TCGA-GH-A9DA-01,-0.6994
TCGA-HG-A2PA-01,-0.4726
TCGA-HG-A9SC-01,
TCGA-HM-A3JJ-01,0.084
TCGA-HM-A3JK-01,-0.7215
TCGA-HM-A4S6-01,-0.7116
TCGA-HM-A6W2-01,-0.8207
TCGA-IR-A3L7-01,3.1157
TCGA-IR-A3LA-01,4.8571
TCGA-IR-A3LB-01,-0.0989
TCGA-IR-A3LC-01,-0.4328
TCGA-IR-A3LF-01,0.8138
TCGA-IR-A3LH-01,-0.5473
TCGA-IR-A3LI-01,-0.453
TCGA-IR-A3LK-01,-0.4951
TCGA-IR-A3LL-01,0.373
TCGA-JW-A5VG-01,-0.7075
TCGA-JW-A5VH-01,-0.09
TCGA-JW-A5VI-01,2.0122
TCGA-JW-A5VJ-01,-0.9219
TCGA-JW-A5VK-01,-0.901
TCGA-JW-A5VL-01,-1.0272
TCGA-JW-A69B-01,-0.9172
TCGA-JW-A852-01,-1.8195
TCGA-JW-AAVH-01,1.423
TCGA-JX-A3PZ-01,-1.1557
TCGA-JX-A3Q0-01,0.77
TCGA-JX-A3Q8-01,-0.0488
TCGA-JX-A5QV-01,0.2885
TCGA-LP-A4AU-01,-0.7563
TCGA-LP-A4AV-01,-0.8363
TCGA-LP-A4AW-01,0.8191
TCGA-LP-A4AX-01,-0.0811
TCGA-LP-A5U2-01,0.3233
TCGA-LP-A5U3-01,0.3646
TCGA-LP-A7HU-01,-0.5231
TCGA-MA-AA3W-01,1.8024
TCGA-MA-AA3X-01,-0.0797
TCGA-MA-AA3Y-01,-0.017
TCGA-MA-AA3Z-01,-0.5301
TCGA-MA-AA41-01,-0.1308
TCGA-MA-AA42-01,0.0887
TCGA-MA-AA43-01,-0.6995
TCGA-MU-A51Y-01,-0.5926
TCGA-MU-A5YI-01,2.8451
TCGA-MU-A8JM-01,0.0327
TCGA-MY-A5BD-01,0.294
TCGA-MY-A5BE-01,0.0143
TCGA-MY-A5BF-01,11.1402
TCGA-MY-A913-01,0.2006
TCGA-PN-A8MA-01,-0.1953
TCGA-Q1-A5R1-01,-0.2521
TCGA-Q1-A5R2-01,-1.3867
TCGA-Q1-A5R3-01,-2.0565
TCGA-Q1-A6DT-01,-0.0758
TCGA-Q1-A6DV-01,0.5269
TCGA-Q1-A6DW-01,1.0794
TCGA-Q1-A73O-01,0.5
TCGA-Q1-A73P-01,-0.0161
TCGA-Q1-A73Q-01,1.09
TCGA-Q1-A73R-01,0.8792
TCGA-Q1-A73S-01,-1.1241
TCGA-R2-A69V-01,-0.8493
TCGA-RA-A741-01,-1.2522
TCGA-UC-A7PD-01,-0.6539
TCGA-UC-A7PF-01,2.2142
TCGA-UC-A7PG-01,0.2183
TCGA-UC-A7PI-01,-0.3642
TCGA-VS-A8EB-01,-0.016
TCGA-VS-A8EC-01,1.2016
TCGA-VS-A8EG-01,0.6376
TCGA-VS-A8EH-01,-0.4931
TCGA-VS-A8EI-01,-0.3611
TCGA-VS-A8EJ-01,-1.5221
TCGA-VS-A8EL-01,-1.0564
TCGA-VS-A8Q8-01,-0.8255
TCGA-VS-A8Q9-01,-0.4295
TCGA-VS-A8QA-01,0.5619
TCGA-VS-A8QC-01,-0.4647
TCGA-VS-A8QF-01,1.0982
TCGA-VS-A8QH-01,-0.2309
TCGA-VS-A8QM-01,1.0095
TCGA-VS-A94W-01,1.6556
TCGA-VS-A94X-01,4.0931
TCGA-VS-A94Y-01,-1.0546
TCGA-VS-A94Z-01,0.0869
TCGA-VS-A950-01,-0.11
TCGA-VS-A952-01,-0.1615
TCGA-VS-A953-01,-0.2451
TCGA-VS-A954-01,0.5467
TCGA-VS-A957-01,0.0064
TCGA-VS-A958-01,-0.677
TCGA-VS-A959-01,-0.4245
TCGA-VS-A9U5-01,0.9519
TCGA-VS-A9U6-01,0.3086
TCGA-VS-A9U7-01,-1.1567
TCGA-VS-A9UA-01,
TCGA-VS-A9UB-01,-1.0979
TCGA-VS-A9UC-01,-1.4463
TCGA-VS-A9UD-01,-0.4332
TCGA-VS-A9UH-01,-1.259
TCGA-VS-A9UI-01,0.4773
TCGA-VS-A9UJ-01,-0.2153
TCGA-VS-A9UL-01,1.7291
TCGA-VS-A9UM-01,1.5118
TCGA-VS-A9UO-01,-1.2391
TCGA-VS-A9UP-01,1.7473
TCGA-VS-A9UQ-01,-0.3765
TCGA-VS-A9UR-01,-0.4434
TCGA-VS-A9UT-01,-0.3637
TCGA-VS-A9UU-01,-0.064
TCGA-VS-A9UV-01,-0.258
TCGA-VS-A9UY-01,-0.541
TCGA-VS-A9UZ-01,1.3843
TCGA-VS-A9V0-01,-0.2793
TCGA-VS-A9V1-01,-1.1178
TCGA-VS-A9V2-01,-0.4874
TCGA-VS-A9V3-01,-0.2674
TCGA-VS-A9V4-01,0.5269
TCGA-VS-A9V5-01,-0.21
TCGA-VS-AA62-01,-0.0691
TCGA-WL-A834-01,-0.8634
TCGA-XS-A8TJ-01,0.8022
TCGA-ZJ-A8QO-01,2.4267
TCGA-ZJ-A8QQ-01,-0.6845
TCGA-ZJ-A8QR-01,0.6768
TCGA-ZJ-AAX4-01,2.0528
TCGA-ZJ-AAX8-01,-0.1938
TCGA-ZJ-AAXA-01,0.8282
TCGA-ZJ-AAXB-01,-0.0104
TCGA-ZJ-AAXD-01,1.1638
TCGA-ZJ-AAXF-01,-0.7794
TCGA-ZJ-AAXI-01,0.1079
TCGA-ZJ-AAXJ-01,1.3736
TCGA-ZJ-AAXN-01,0.1182
TCGA-ZJ-AAXT-01,0.2679
TCGA-ZJ-AAXU-01,-0.759
TCGA-ZJ-AB0H-01,-0.8485
TCGA-ZJ-AB0I-01,0.5735
TCGA-ZX-AA5X-01,-1.0763
TCGA-3X-AAV9-01,-0.353
TCGA-3X-AAVA-01,-0.1237
TCGA-3X-AAVB-01,0.1799
TCGA-3X-AAVC-01,1.4075
TCGA-3X-AAVE-01,-0.1454
TCGA-4G-AAZO-01,-0.36
TCGA-4G-AAZT-01,-1.3735
TCGA-W5-AA2G-01,-1.0236
TCGA-W5-AA2H-01,-0.631
TCGA-W5-AA2I-01,-1.5763
TCGA-W5-AA2O-01,-0.6914
TCGA-W5-AA2Q-01,0.1631
TCGA-W5-AA2R-01,0.5901
TCGA-W5-AA2T-01,-0.0026
TCGA-W5-AA2U-01,-0.1208
TCGA-W5-AA2W-01,-0.1581
TCGA-W5-AA2X-01,-0.1228
TCGA-W5-AA2Z-01,0.8894
TCGA-W5-AA30-01,0.0262
TCGA-W5-AA31-01,0.2394
TCGA-W5-AA33-01,0.607
TCGA-W5-AA34-01,-0.0955
TCGA-W5-AA36-01,-1.5167
TCGA-W5-AA38-01,-1.5766
TCGA-W5-AA39-01,-1.6682
TCGA-W6-AA0S-01,-0.3458
TCGA-WD-A7RX-01,-0.9715
TCGA-YR-A95A-01,-0.4604
TCGA-ZD-A8I3-01,-0.3498
TCGA-ZH-A8Y1-01,0.2562
TCGA-ZH-A8Y2-01,0.1664
TCGA-ZH-A8Y4-01,-0.7026
TCGA-ZH-A8Y5-01,-0.0624
TCGA-ZH-A8Y6-01,2.7955
TCGA-ZH-A8Y8-01,-0.6442
TCGA-ZU-A8S4-01,-1.0329
TCGA-3L-AA1B-01,0.68
TCGA-4N-A93T-01,-0.9625
TCGA-4T-AA8H-01,-0.586
TCGA-5M-AAT4-01,0.7609
TCGA-5M-AAT5-01,-0.6355
TCGA-5M-AAT6-01,-0.8006
TCGA-5M-AATA-01,-0.6586
TCGA-5M-AATE-01,0.0859
TCGA-A6-2671-01,-0.4156
TCGA-A6-2672-01,-0.3605
TCGA-A6-2674-01,-0.4166
TCGA-A6-2675-01,0.1908
TCGA-A6-2676-01,-0.0163
TCGA-A6-2677-01,1.1914
TCGA-A6-2678-01,0.617
TCGA-A6-2679-01,-1.9946
TCGA-A6-2680-01,-0.479
TCGA-A6-2681-01,0.562
TCGA-A6-2682-01,0.3342
TCGA-A6-2683-01,-1.3166
TCGA-A6-2684-01,1.0091
TCGA-A6-2685-01,-0.0855
TCGA-A6-2686-01,1.3196
TCGA-A6-3807-01,0.5095
TCGA-A6-3808-01,-0.4204
TCGA-A6-3809-01,0.16
TCGA-A6-3810-01,1.3413
TCGA-A6-4105-01,0.2922
TCGA-A6-4107-01,-0.2193
TCGA-A6-5656-01,0.5017
TCGA-A6-5657-01,0.6998
TCGA-A6-5659-01,4.1704
TCGA-A6-5660-01,1.0788
TCGA-A6-5661-01,0.0281
TCGA-A6-5662-01,-2.0429
TCGA-A6-5664-01,-0.373
TCGA-A6-5665-01,0.0736
TCGA-A6-5666-01,3.1483
TCGA-A6-5667-01,2.8397
TCGA-A6-6137-01,0.868
TCGA-A6-6138-01,-0.2323
TCGA-A6-6140-01,0.6786
TCGA-A6-6141-01,-0.7417
TCGA-A6-6142-01,-0.2751
TCGA-A6-6648-01,2.0028
TCGA-A6-6649-01,-0.2189
TCGA-A6-6650-01,1.1057
TCGA-A6-6651-01,0.2391
TCGA-A6-6652-01,-0.5451
TCGA-A6-6653-01,-0.4691
TCGA-A6-6654-01,0.1613
TCGA-A6-6780-01,-1.0556
TCGA-A6-6781-01,-0.8867
TCGA-A6-6782-01,0.1016
TCGA-A6-A565-01,-0.4433
TCGA-A6-A566-01,-0.776
TCGA-A6-A567-01,0.4118
TCGA-A6-A56B-01,0.2199
TCGA-A6-A5ZU-01,-0.009
TCGA-AA-3488-01,-0.7993
TCGA-AA-3489-01,-0.5233
TCGA-AA-3492-01,-0.2295
TCGA-AA-3494-01,0.2086
TCGA-AA-3495-01,-0.51
TCGA-AA-3496-01,-0.2433
TCGA-AA-3502-01,-0.3063
TCGA-AA-3506-01,-0.7289
TCGA-AA-3510-01,-0.7069
TCGA-AA-3511-01,-0.6305
TCGA-AA-3514-01,-1.7091
TCGA-AA-3517-01,-0.289
TCGA-AA-3518-01,-0.3914
TCGA-AA-3519-01,0.5371
TCGA-AA-3520-01,-0.6003
TCGA-AA-3521-01,0.1728
TCGA-AA-3522-01,0.7231
TCGA-AA-3524-01,0.588
TCGA-AA-3525-01,-0.468
TCGA-AA-3526-01,-0.733
TCGA-AA-3527-01,-1.7734
TCGA-AA-3529-01,-0.3595
TCGA-AA-3530-01,2.0585
TCGA-AA-3531-01,0.0161
TCGA-AA-3532-01,-0.184
TCGA-AA-3534-01,0.491
TCGA-AA-3538-01,1.7419
TCGA-AA-3542-01,-1.6147
TCGA-AA-3543-01,-0.7286
TCGA-AA-3544-01,-1.3598
TCGA-AA-3548-01,-1.4054
TCGA-AA-3549-01,1.2722
TCGA-AA-3552-01,-0.6744
TCGA-AA-3553-01,0.4551
TCGA-AA-3555-01,0.4064
TCGA-AA-3558-01,
TCGA-AA-3560-01,-0.5081
TCGA-AA-3561-01,-0.6499
TCGA-AA-3655-01,0.4962
TCGA-AA-3660-01,1.1445
TCGA-AA-3663-01,-0.9655
TCGA-AA-3664-01,2.3445
TCGA-AA-3666-01,0.8266
TCGA-AA-3667-01,-1.7556
TCGA-AA-3673-01,0.5086
TCGA-AA-3675-01,-0.825
TCGA-AA-3678-01,-0.481
TCGA-AA-3679-01,0.6484
TCGA-AA-3680-01,0.288
TCGA-AA-3681-01,0.6458
TCGA-AA-3684-01,-1.5574
TCGA-AA-3685-01,0.0003
TCGA-AA-3688-01,1.4654
TCGA-AA-3692-01,0.2013
TCGA-AA-3693-01,0.1711
TCGA-AA-3695-01,-0.7755
TCGA-AA-3696-01,1.0108
TCGA-AA-3710-01,-0.7079
TCGA-AA-3712-01,1.6963
TCGA-AA-3713-01,0.1706
TCGA-AA-3715-01,-1.5209
TCGA-AA-3811-01,1.3126
TCGA-AA-3812-01,-1.3628
TCGA-AA-3814-01,1.502
TCGA-AA-3818-01,0.9972
TCGA-AA-3819-01,-0.6733
TCGA-AA-3821-01,-1.4562
TCGA-AA-3831-01,-0.6754
TCGA-AA-3833-01,-0.8995
TCGA-AA-3837-01,0.0397
TCGA-AA-3841-01,-0.5202
TCGA-AA-3842-01,1.4678
TCGA-AA-3844-01,1.3464
TCGA-AA-3845-01,0.6388
TCGA-AA-3846-01,1.0823
TCGA-AA-3848-01,-0.8461
TCGA-AA-3850-01,-0.8743
TCGA-AA-3851-01,0.408
TCGA-AA-3852-01,-1.0484
TCGA-AA-3854-01,-0.8542
TCGA-AA-3855-01,-0.5901
TCGA-AA-3856-01,0.4633
TCGA-AA-3858-01,-0.7731
TCGA-AA-3864-01,0.0873
TCGA-AA-3866-01,0.3708
TCGA-AA-3867-01,0.6048
TCGA-AA-3869-01,0.4691
TCGA-AA-3870-01,-0.1146
TCGA-AA-3872-01,0.2326
TCGA-AA-3875-01,-0.0805
TCGA-AA-3877-01,-0.4305
TCGA-AA-3930-01,0.4735
TCGA-AA-3939-01,0.6339
TCGA-AA-3941-01,1.2591
TCGA-AA-3947-01,1.296
TCGA-AA-3949-01,-0.4179
TCGA-AA-3950-01,0.1599
TCGA-AA-3952-01,-0.763
TCGA-AA-3955-01,1.4859
TCGA-AA-3956-01,1.1373
TCGA-AA-3966-01,-0.4413
TCGA-AA-3968-01,1.7312
TCGA-AA-3971-01,0.9731
TCGA-AA-3973-01,2.8816
TCGA-AA-3975-01,0.3603
TCGA-AA-3976-01,0.7926
TCGA-AA-3977-01,0.1947
TCGA-AA-3979-01,0.1282
TCGA-AA-3980-01,0.7078
TCGA-AA-3982-01,1.2134
TCGA-AA-3984-01,2.0388
TCGA-AA-3986-01,-0.2284
TCGA-AA-3989-01,-0.8976
TCGA-AA-3994-01,-1.1973
TCGA-AA-A004-01,-1.829
TCGA-AA-A00A-01,-0.1776
TCGA-AA-A00D-01,1.5453
TCGA-AA-A00E-01,-2.0992
TCGA-AA-A00F-01,-0.1308
TCGA-AA-A00J-01,0.5793
TCGA-AA-A00K-01,0.6993
TCGA-AA-A00L-01,0.9599
TCGA-AA-A00N-01,-0.6612
TCGA-AA-A00O-01,0.0006
TCGA-AA-A00Q-01,-0.0153
TCGA-AA-A00R-01,0.8838
TCGA-AA-A00U-01,-0.2577
TCGA-AA-A00W-01,-0.3193
TCGA-AA-A00Z-01,1.305
TCGA-AA-A010-01,0.2236
TCGA-AA-A017-01,1.5123
TCGA-AA-A01C-01,-0.4592
TCGA-AA-A01D-01,0.2862
TCGA-AA-A01F-01,-0.0846
TCGA-AA-A01G-01,-0.0606
TCGA-AA-A01I-01,3.7538
TCGA-AA-A01K-01,-0.3628
TCGA-AA-A01P-01,-0.7613
TCGA-AA-A01Q-01,-0.6441
TCGA-AA-A01R-01,-1.4235
TCGA-AA-A01S-01,-1.4923
TCGA-AA-A01T-01,-1.2609
TCGA-AA-A01V-01,-1.3108
TCGA-AA-A01X-01,0.1712
TCGA-AA-A01Z-01,0.9871
TCGA-AA-A022-01,-0.5771
TCGA-AA-A024-01,-1.013
TCGA-AA-A029-01,-0.8741
TCGA-AA-A02E-01,-0.633
TCGA-AA-A02F-01,0.4668
TCGA-AA-A02H-01,0.6234
TCGA-AA-A02J-01,1.6575
TCGA-AA-A02O-01,-0.9914
TCGA-AA-A02R-01,-0.1768
TCGA-AA-A02W-01,3.0006
TCGA-AA-A02Y-01,-0.2253
TCGA-AA-A03F-01,-1.9912
TCGA-AA-A03J-01,-1.2025
TCGA-AD-5900-01,-0.5618
TCGA-AD-6548-01,0.6819
TCGA-AD-6888-01,-0.5403
TCGA-AD-6889-01,-1.2238
TCGA-AD-6890-01,-0.7007
TCGA-AD-6895-01,-1.0497
TCGA-AD-6899-01,0.4022
TCGA-AD-6901-01,-0.353
TCGA-AD-6963-01,0.3809
TCGA-AD-6964-01,-0.666
TCGA-AD-6965-01,4.2868
TCGA-AD-A5EJ-01,-0.8287
TCGA-AD-A5EK-01,1.1982
TCGA-AF-2687-01,-0.0947
TCGA-AF-2689-01,
TCGA-AF-2690-01,0.2642
TCGA-AF-2691-01,0.085
TCGA-AF-2692-01,1.1138
TCGA-AF-2693-01,1.4225
TCGA-AF-3400-01,-0.6851
TCGA-AF-3911-01,0.2364
TCGA-AF-4110-01,-0.6271
TCGA-AF-5654-01,0.1755
TCGA-AF-6136-01,0.5875
TCGA-AF-6655-01,0.6441
TCGA-AF-6672-01,0.8048
TCGA-AF-A56K-01,0.8747
TCGA-AF-A56L-01,-0.692
TCGA-AF-A56N-01,0.2932
TCGA-AG-3574-01,0.7216
TCGA-AG-3575-01,-0.6854
TCGA-AG-3578-01,-0.0063
TCGA-AG-3580-01,-1.0024
TCGA-AG-3581-01,-0.867
TCGA-AG-3582-01,0.9996
TCGA-AG-3583-01,-0.621
TCGA-AG-3584-01,0.0969
TCGA-AG-3586-01,-1.0814
TCGA-AG-3587-01,-0.2761
TCGA-AG-3591-01,-0.2719
TCGA-AG-3592-01,0.0758
TCGA-AG-3593-01,-0.0983
TCGA-AG-3594-01,0.2408
TCGA-AG-3598-01,-1.098
TCGA-AG-3599-01,-0.8241
TCGA-AG-3600-01,-0.6009
TCGA-AG-3601-01,-0.361
TCGA-AG-3602-01,0.321
TCGA-AG-3605-01,1.0729
TCGA-AG-3608-01,0.3933
TCGA-AG-3609-01,-0.1975
TCGA-AG-3725-01,-0.2264
TCGA-AG-3726-01,-1.5369
TCGA-AG-3727-01,-2.122
TCGA-AG-3728-01,-1.4707
TCGA-AG-3731-01,0.5131
TCGA-AG-3732-01,0.6752
TCGA-AG-3742-01,0.9747
TCGA-AG-3878-01,-1.6991
TCGA-AG-3881-01,-1.2413
TCGA-AG-3882-01,-1.6742
TCGA-AG-3883-01,-2.1737
TCGA-AG-3885-01,-1.6654
TCGA-AG-3887-01,-0.5533
TCGA-AG-3890-01,-0.5821
TCGA-AG-3892-01,-1.1656
TCGA-AG-3893-01,2.5355
TCGA-AG-3894-01,-1.3287
TCGA-AG-3896-01,-0.1659
TCGA-AG-3898-01,2.0857
TCGA-AG-3901-01,-0.9842
TCGA-AG-3902-01,0.681
TCGA-AG-3909-01,-0.8043
TCGA-AG-3999-01,-1.5188
TCGA-AG-4001-01,0.2469
TCGA-AG-4005-01,-0.5898
TCGA-AG-4007-01,0.3841
TCGA-AG-4008-01,1.2559
TCGA-AG-4015-01,-0.6223
TCGA-AG-4021-01,-0.1726
TCGA-AG-4022-01,1.2558
TCGA-AG-A002-01,-0.3662
TCGA-AG-A008-01,-0.4572
TCGA-AG-A00C-01,0.0542
TCGA-AG-A00Y-01,-0.7262
TCGA-AG-A011-01,-0.4683
TCGA-AG-A015-01,-0.53
TCGA-AG-A016-01,-1.1185
TCGA-AG-A01J-01,-0.0209
TCGA-AG-A01L-01,-0.4806
TCGA-AG-A01N-01,-0.2933
TCGA-AG-A01W-01,0.5994
TCGA-AG-A01Y-01,0.6602
TCGA-AG-A020-01,-0.0313
TCGA-AG-A025-01,-0.4909
TCGA-AG-A026-01,-0.1433
TCGA-AG-A02G-01,0.8952
TCGA-AG-A02N-01,-0.0052
TCGA-AG-A02X-01,0.1695
TCGA-AG-A032-01,-0.5236
TCGA-AH-6544-01,-0.2149
TCGA-AH-6547-01,-0.417
TCGA-AH-6643-01,0.1439
TCGA-AH-6644-01,0.4254
TCGA-AH-6897-01,1.4558
TCGA-AH-6903-01,2.1953
TCGA-AM-5820-01,0.1047
TCGA-AM-5821-01,-0.4189
TCGA-AU-3779-01,0.3153
TCGA-AU-6004-01,-0.6965
TCGA-AY-4070-01,-0.2593
TCGA-AY-4071-01,0.381
TCGA-AY-5543-01,-0.607
TCGA-AY-6196-01,-0.3036
TCGA-AY-6197-01,-0.6356
TCGA-AY-6386-01,-0.9472
TCGA-AY-A54L-01,1.2727
TCGA-AY-A69D-01,0.1209
TCGA-AY-A71X-01,-0.6849
TCGA-AY-A8YK-01,0.8414
TCGA-AZ-4308-01,-1.7798
TCGA-AZ-4313-01,-1.0505
TCGA-AZ-4315-01,-0.7615
TCGA-AZ-4323-01,1.1114
TCGA-AZ-4614-01,-0.2417
TCGA-AZ-4615-01,-0.5296
TCGA-AZ-4616-01,-0.4536
TCGA-AZ-4681-01,-1.5511
TCGA-AZ-4682-01,0.5849
TCGA-AZ-4684-01,-0.0814
TCGA-AZ-5403-01,0.6917
TCGA-AZ-5407-01,-0.5081
TCGA-AZ-6598-01,0.0152
TCGA-AZ-6599-01,0.0434
TCGA-AZ-6600-01,0.6238
TCGA-AZ-6603-01,1.4363
TCGA-AZ-6605-01,0.0885
TCGA-AZ-6606-01,0.0944
TCGA-AZ-6607-01,1.2724
TCGA-CA-5254-01,-0.7041
TCGA-CA-5255-01,-1.0742
TCGA-CA-5256-01,0.0081
TCGA-CA-5796-01,-0.223
TCGA-CA-5797-01,1.1416
TCGA-CA-6715-01,1.5801
TCGA-CA-6716-01,0.9313
TCGA-CA-6717-01,0.034
TCGA-CA-6718-01,-0.3292
TCGA-CA-6719-01,1.8211
TCGA-CI-6619-01,-0.8622
TCGA-CI-6620-01,-0.2694
TCGA-CI-6621-01,-0.3225
TCGA-CI-6622-01,-0.8881
TCGA-CI-6623-01,0.4683
TCGA-CI-6624-01,0.6035
TCGA-CK-4947-01,0.3426
TCGA-CK-4948-01,0.711
TCGA-CK-4950-01,0.1362
TCGA-CK-4951-01,0.3237
TCGA-CK-4952-01,0.2428
TCGA-CK-5912-01,0.7116
TCGA-CK-5913-01,-0.4383
TCGA-CK-5914-01,0.3266
TCGA-CK-5915-01,0.5321
TCGA-CK-5916-01,0.6309
TCGA-CK-6746-01,-0.7035
TCGA-CK-6747-01,-0.4599
TCGA-CK-6748-01,0.8205
TCGA-CK-6751-01,-0.5607
TCGA-CL-4957-01,0.0686
TCGA-CL-5917-01,3.332
TCGA-CL-5918-01,0.5919
TCGA-CM-4743-01,-1.1312
TCGA-CM-4744-01,0.4097
TCGA-CM-4746-01,-0.9881
TCGA-CM-4747-01,0.1257
TCGA-CM-4748-01,0.2716
TCGA-CM-4750-01,-0.0886
TCGA-CM-4751-01,-0.5717
TCGA-CM-4752-01,0.8025
TCGA-CM-5341-01,0.4776
TCGA-CM-5344-01,0.2838
TCGA-CM-5348-01,1.1812
TCGA-CM-5349-01,-0.0021
TCGA-CM-5860-01,1.3652
TCGA-CM-5861-01,-0.329
TCGA-CM-5862-01,1.2753
TCGA-CM-5863-01,-0.1992
TCGA-CM-5864-01,1.8288
TCGA-CM-5868-01,0.1179
TCGA-CM-6161-01,-0.359
TCGA-CM-6162-01,0.1493
TCGA-CM-6163-01,1.3362
TCGA-CM-6164-01,1.2091
TCGA-CM-6165-01,0.3825
TCGA-CM-6166-01,2.0143
TCGA-CM-6167-01,0.2292
TCGA-CM-6168-01,-0.3977
TCGA-CM-6169-01,3.3312
TCGA-CM-6170-01,0.9806
TCGA-CM-6171-01,0.6653
TCGA-CM-6172-01,0.2595
TCGA-CM-6674-01,-1.0332
TCGA-CM-6675-01,0.8193
TCGA-CM-6676-01,0.679
TCGA-CM-6677-01,0.5353
TCGA-CM-6678-01,0.6067
TCGA-CM-6679-01,0.743
TCGA-CM-6680-01,-0.226
TCGA-D5-5537-01,-0.2301
TCGA-D5-5538-01,1.5073
TCGA-D5-5539-01,0.4433
TCGA-D5-5540-01,0.7077
TCGA-D5-5541-01,1.6328
TCGA-D5-6529-01,0.2166
TCGA-D5-6530-01,-0.5565
TCGA-D5-6531-01,0.8097
TCGA-D5-6532-01,1.1926
TCGA-D5-6533-01,-0.569
TCGA-D5-6534-01,-0.49
TCGA-D5-6535-01,0.6538
TCGA-D5-6536-01,-0.5975
TCGA-D5-6537-01,0.2498
TCGA-D5-6538-01,0.5537
TCGA-D5-6539-01,-0.0596
TCGA-D5-6540-01,-0.9122
TCGA-D5-6541-01,-0.488
TCGA-D5-6898-01,0.3275
TCGA-D5-6920-01,-0.7505
TCGA-D5-6922-01,0.7472
TCGA-D5-6923-01,2.1006
TCGA-D5-6924-01,2.0431
TCGA-D5-6926-01,0.448
TCGA-D5-6927-01,-0.8196
TCGA-D5-6928-01,-0.4934
TCGA-D5-6929-01,0.4265
TCGA-D5-6930-01,-0.9783
TCGA-D5-6931-01,2.0325
TCGA-D5-6932-01,-0.4576
TCGA-D5-7000-01,1.397
TCGA-DC-4745-01,0.442
TCGA-DC-4749-01,-0.1803
TCGA-DC-5337-01,0.28
TCGA-DC-5869-01,2.1838
TCGA-DC-6154-01,1.5845
TCGA-DC-6155-01,-1.7671
TCGA-DC-6156-01,2.1973
TCGA-DC-6157-01,1.0877
TCGA-DC-6158-01,2.7808
TCGA-DC-6160-01,0.7503
TCGA-DC-6681-01,-0.2722
TCGA-DC-6682-01,2.5255
TCGA-DC-6683-01,3.1982
TCGA-DM-A0X9-01,0.7563
TCGA-DM-A0XD-01,0.8364
TCGA-DM-A0XF-01,0.3793
TCGA-DM-A1D0-01,-0.7874
TCGA-DM-A1D4-01,-0.723
TCGA-DM-A1D6-01,-0.2424
TCGA-DM-A1D7-01,-0.8767
TCGA-DM-A1D8-01,-0.5379
TCGA-DM-A1D9-01,-0.5711
TCGA-DM-A1DA-01,0.2306
TCGA-DM-A1DB-01,4.6396
TCGA-DM-A1HA-01,-0.1608
TCGA-DM-A1HB-01,-0.6267
TCGA-DM-A280-01,-0.8305
TCGA-DM-A282-01,0.7214
TCGA-DM-A285-01,1.1731
TCGA-DM-A288-01,0.2136
TCGA-DM-A28A-01,-0.2828
TCGA-DM-A28C-01,-0.357
TCGA-DM-A28E-01,-0.421
TCGA-DM-A28F-01,0.9321
TCGA-DM-A28G-01,-0.5397
TCGA-DM-A28H-01,2.4391
TCGA-DM-A28K-01,-0.8372
TCGA-DM-A28M-01,-0.3529
TCGA-DT-5265-01,0.1728
TCGA-DY-A0XA-01,1.3825
TCGA-DY-A1DC-01,-0.9124
TCGA-DY-A1DD-01,0.4948
TCGA-DY-A1DE-01,-1.5152
TCGA-DY-A1DF-01,-0.6319
TCGA-DY-A1DG-01,0.1409
TCGA-DY-A1H8-01,-0.769
TCGA-EF-5830-01,-0.5586
TCGA-EF-5831-01,0.7276
TCGA-EI-6506-01,-0.8641
TCGA-EI-6507-01,-0.3293
TCGA-EI-6508-01,0.404
TCGA-EI-6509-01,-0.0952
TCGA-EI-6510-01,-0.3934
TCGA-EI-6511-01,0.8483
TCGA-EI-6512-01,2.122
TCGA-EI-6513-01,1.33
TCGA-EI-6514-01,1.6388
TCGA-EI-6881-01,-0.5184
TCGA-EI-6882-01,-0.2027
TCGA-EI-6883-01,-1.0682
TCGA-EI-6884-01,-0.7537
TCGA-EI-6885-01,0.3562
TCGA-EI-6917-01,0.1741
TCGA-EI-7002-01,0.6611
TCGA-EI-7004-01,-0.4998
TCGA-F4-6459-01,1.3003
TCGA-F4-6460-01,0.3193
TCGA-F4-6461-01,0.0116
TCGA-F4-6463-01,-0.478
TCGA-F4-6569-01,-0.566
TCGA-F4-6570-01,-0.0514
TCGA-F4-6703-01,-0.7233
TCGA-F4-6704-01,-0.073
TCGA-F4-6805-01,-0.0013
TCGA-F4-6806-01,0.5532
TCGA-F4-6807-01,-0.2015
TCGA-F4-6808-01,1.2507
TCGA-F4-6809-01,-0.3965
TCGA-F4-6854-01,0.9895
TCGA-F4-6855-01,0.0268
TCGA-F4-6856-01,-0.544
TCGA-F5-6464-01,0.2722
TCGA-F5-6465-01,1.4941
TCGA-F5-6571-01,0.3075
TCGA-F5-6702-01,0.4441
TCGA-F5-6810-01,-0.4961
TCGA-F5-6811-01,0.0088
TCGA-F5-6812-01,-0.1936
TCGA-F5-6813-01,-0.6947
TCGA-F5-6814-01,-0.3117
TCGA-F5-6861-01,-1.1513
TCGA-F5-6863-01,-0.8263
TCGA-F5-6864-01,-0.264
TCGA-G4-6293-01,-0.9486
TCGA-G4-6294-01,1.9336
TCGA-G4-6295-01,-0.6137
TCGA-G4-6297-01,0.3217
TCGA-G4-6298-01,-0.8539
TCGA-G4-6299-01,-0.7996
TCGA-G4-6302-01,-0.5839
TCGA-G4-6303-01,2.9841
TCGA-G4-6304-01,-1.1014
TCGA-G4-6306-01,0.0574
TCGA-G4-6307-01,-0.2334
TCGA-G4-6309-01,-0.7544
TCGA-G4-6311-01,0.2653
TCGA-G4-6315-01,-0.0963
TCGA-G4-6317-01,1.1514
TCGA-G4-6320-01,-0.4934
TCGA-G4-6321-01,-0.6832
TCGA-G4-6322-01,-0.7631
TCGA-G4-6323-01,-0.4909
TCGA-G4-6586-01,-1.1794
TCGA-G4-6588-01,-0.7674
TCGA-G4-6626-01,0.1233
TCGA-G4-6627-01,0.0947
TCGA-G4-6628-01,-0.5207
TCGA-G5-6641-01,-0.8985
TCGA-NH-A50T-01,-0.7013
TCGA-NH-A50U-01,0.4579
TCGA-NH-A50V-01,-0.4774
TCGA-NH-A5IV-01,-0.6125
TCGA-NH-A6GA-01,0.3242
TCGA-NH-A6GB-01,0.1467
TCGA-NH-A6GC-01,-0.557
TCGA-NH-A8F7-01,0.8251
TCGA-NH-A8F8-01,-0.7128
TCGA-QG-A5YV-01,-0.3865
TCGA-QG-A5YW-01,-0.939
TCGA-QG-A5YX-01,-0.0911
TCGA-QG-A5Z1-01,0.2737
TCGA-QG-A5Z2-01,-0.1958
TCGA-QL-A97D-01,-0.5732
TCGA-RU-A8FL-01,-0.5007
TCGA-SS-A7HO-01,-0.4978
TCGA-T9-A92H-01,0.3136
TCGA-WS-AB45-01,-0.5749
TCGA-FA-8693-01,-0.6497
TCGA-FA-A4BB-01,0.2293
TCGA-FA-A4XK-01,0.5554
TCGA-FA-A6HN-01,-0.0686
TCGA-FA-A6HO-01,0.2753
TCGA-FA-A7DS-01,0.3242
TCGA-FA-A7Q1-01,2.4892
TCGA-FA-A82F-01,-0.1733
TCGA-FA-A86F-01,0.6054
TCGA-FF-8041-01,-0.4401
TCGA-FF-8042-01,-0.6625
TCGA-FF-8043-01,0.0667
TCGA-FF-8046-01,-1.3343
TCGA-FF-8047-01,-0.8286
TCGA-FF-8061-01,-0.78
TCGA-FF-8062-01,-0.8719
TCGA-FF-A7CQ-01,0.4352
TCGA-FF-A7CR-01,1.4127
TCGA-FF-A7CW-01,-0.9407
TCGA-FF-A7CX-01,0.4442
TCGA-FM-8000-01,-0.8434
TCGA-G8-6324-01,-0.4766
TCGA-G8-6325-01,-1.5872
TCGA-G8-6326-01,-1.5027
TCGA-G8-6906-01,-1.2001
TCGA-G8-6907-01,-0.242
TCGA-G8-6909-01,-0.2361
TCGA-G8-6914-01,-1.2626
TCGA-GR-7351-01,-1.1416
TCGA-GR-7353-01,-1.1134
TCGA-GR-A4D4-01,0.3818
TCGA-GR-A4D5-01,0.4261
TCGA-GR-A4D6-01,-0.973
TCGA-GR-A4D9-01,0.7116
TCGA-GS-A9TQ-01,0.503
TCGA-GS-A9TT-01,1.2619
TCGA-GS-A9TU-01,1.0309
TCGA-GS-A9TV-01,1.4155
TCGA-GS-A9TW-01,0.9353
TCGA-GS-A9TX-01,1.8844
TCGA-GS-A9TY-01,-1.3227
TCGA-GS-A9TZ-01,2.4241
TCGA-GS-A9U3-01,0.2904
TCGA-GS-A9U4-01,0.3913
TCGA-RQ-A68N-01,-0.9993
TCGA-RQ-A6JB-01,0.1518
TCGA-RQ-AAAT-01,-0.809
TCGA-VB-A8QN-01,-0.0885
TCGA-2H-A9GF-01,1.0306
TCGA-2H-A9GH-01,0.0454
TCGA-2H-A9GI-01,0.2169
TCGA-2H-A9GJ-01,1.0369
TCGA-2H-A9GK-01,-0.8517
TCGA-2H-A9GL-01,1.2907
TCGA-2H-A9GM-01,-0.4093
TCGA-2H-A9GN-01,0.1713
TCGA-2H-A9GO-01,1.2178
TCGA-2H-A9GQ-01,0.7018
TCGA-2H-A9GR-01,-0.5706
TCGA-IC-A6RE-01,0.3174
TCGA-IG-A3I8-01,2.911
TCGA-IG-A3QL-01,0.5525
TCGA-IG-A3Y9-01,0.276
TCGA-IG-A3YA-01,2.7744
TCGA-IG-A3YB-01,-0.0422
TCGA-IG-A3YC-01,-0.4043
TCGA-IG-A4P3-01,0.3711
TCGA-IG-A4QS-01,0.2937
TCGA-IG-A4QT-01,0.0311
TCGA-IG-A50L-01,0.408
TCGA-IG-A51D-01,0.1928
TCGA-IG-A5B8-01,-0.4065
TCGA-IG-A5S3-01,0.211
TCGA-IG-A625-01,2.0952
TCGA-IG-A6QS-01,0.1453
TCGA-IG-A7DP-01,-0.882
TCGA-IG-A8O2-01,0.0283
TCGA-IG-A97H-01,-0.1589
TCGA-IG-A97I-01,0.0675
TCGA-JY-A6F8-01,-1.4701
TCGA-JY-A6FA-01,1.5366
TCGA-JY-A6FB-01,-1.5544
TCGA-JY-A6FD-01,-0.3792
TCGA-JY-A6FE-01,-1.1461
TCGA-JY-A6FG-01,-1.5007
TCGA-JY-A6FH-01,-0.4687
TCGA-JY-A938-01,0.1679
TCGA-JY-A939-01,-0.2807
TCGA-JY-A93C-01,0.0779
TCGA-JY-A93D-01,0.1093
TCGA-JY-A93E-01,0.3815
TCGA-JY-A93F-01,-1.1758
TCGA-KH-A6WC-01,-0.6476
TCGA-L5-A43C-01,-0.6995
TCGA-L5-A43E-01,-0.6528
TCGA-L5-A43H-01,0.4743
TCGA-L5-A43I-01,0.6102
TCGA-L5-A43J-01,0.6877
TCGA-L5-A43M-01,-0.8729
TCGA-L5-A4OE-01,0.9812
TCGA-L5-A4OF-01,-0.0948
TCGA-L5-A4OG-01,-1.0444
TCGA-L5-A4OH-01,1.0741
TCGA-L5-A4OI-01,-0.9139
TCGA-L5-A4OJ-01,-0.3575
TCGA-L5-A4OM-01,1.7864
TCGA-L5-A4ON-01,0.9002
TCGA-L5-A4OO-01,-0.8789
TCGA-L5-A4OP-01,-0.3187
TCGA-L5-A4OQ-01,1.0473
TCGA-L5-A4OR-01,-0.1521
TCGA-L5-A4OS-01,-0.8144
TCGA-L5-A4OT-01,0.0155
TCGA-L5-A4OU-01,-0.599
TCGA-L5-A4OW-01,0.2847
TCGA-L5-A4OX-01,1.4403
TCGA-L5-A88S-01,-1.0762
TCGA-L5-A88V-01,-1.3711
TCGA-L5-A88W-01,-1.1846
TCGA-L5-A88Y-01,-1.4205
TCGA-L5-A88Z-01,-0.7543
TCGA-L5-A891-01,-0.8111
TCGA-L5-A893-01,-0.714
TCGA-L5-A8NE-01,-0.9566
TCGA-L5-A8NF-01,0.8857
TCGA-L5-A8NG-01,1.0606
TCGA-L5-A8NH-01,-0.2033
TCGA-L5-A8NI-01,-0.2556
TCGA-L5-A8NJ-01,0.0551
TCGA-L5-A8NK-01,1.1612
TCGA-L5-A8NL-01,-0.1246
TCGA-L5-A8NM-01,-0.0793
TCGA-L5-A8NN-01,2.9905
TCGA-L5-A8NQ-01,-1.7725
TCGA-L5-A8NR-01,1.4659
TCGA-L5-A8NS-01,1.1406
TCGA-L5-A8NT-01,-0.1891
TCGA-L5-A8NU-01,-1.0366
TCGA-L5-A8NV-01,-0.488
TCGA-L5-A8NW-01,0.288
TCGA-L7-A56G-01,0.8253
TCGA-L7-A6VZ-01,0.2559
TCGA-LN-A49K-01,2.2352
TCGA-LN-A49L-01,4.1724
TCGA-LN-A49M-01,1.8577
TCGA-LN-A49N-01,1.0054
TCGA-LN-A49O-01,0.9647
TCGA-LN-A49P-01,1.8375
TCGA-LN-A49R-01,-0.4321
TCGA-LN-A49S-01,-0.2672
TCGA-LN-A49U-01,0.0583
TCGA-LN-A49V-01,0.7795
TCGA-LN-A49W-01,0.6524
TCGA-LN-A49X-01,1.8688
TCGA-LN-A49Y-01,0.0037
TCGA-LN-A4A1-01,0.0556
TCGA-LN-A4A2-01,1.6112
TCGA-LN-A4A3-01,-0.2436
TCGA-LN-A4A4-01,-0.0352
TCGA-LN-A4A5-01,0.9107
TCGA-LN-A4A6-01,0.8541
TCGA-LN-A4A8-01,2.5916
TCGA-LN-A4A9-01,-0.7513
TCGA-LN-A4MQ-01,1.895
TCGA-LN-A4MR-01,-0.0081
TCGA-LN-A5U5-01,-0.5466
TCGA-LN-A5U6-01,-0.8728
TCGA-LN-A5U7-01,1.216
TCGA-LN-A7HV-01,-0.4647
TCGA-LN-A7HW-01,-0.6133
TCGA-LN-A7HX-01,0.3181
TCGA-LN-A7HY-01,-0.5058
TCGA-LN-A7HZ-01,0.3083
TCGA-LN-A8HZ-01,-0.2555
TCGA-LN-A8I0-01,-1.5087
TCGA-LN-A8I1-01,-0.5257
TCGA-LN-A9FO-01,6.6121
TCGA-LN-A9FP-01,0.3263
TCGA-LN-A9FQ-01,-0.6246
TCGA-LN-A9FR-01,0.1628
TCGA-M9-A5M8-01,-0.1705
TCGA-Q9-A6FU-01,1.4923
TCGA-Q9-A6FW-01,-0.7
TCGA-R6-A6DN-01,0.3026
TCGA-R6-A6DQ-01,0.9077
TCGA-R6-A6KZ-01,-1.0724
TCGA-R6-A6L4-01,0.417
TCGA-R6-A6L6-01,-1.4435
TCGA-R6-A6XG-01,-1.047
TCGA-R6-A6XQ-01,2.7191
TCGA-R6-A6Y0-01,-1.3116
TCGA-R6-A6Y2-01,-0.3469
TCGA-R6-A8W5-01,0.7063
TCGA-R6-A8W8-01,0.0106
TCGA-R6-A8WC-01,1.9947
TCGA-R6-A8WG-01,4.0381
TCGA-RE-A7BO-01,-0.1273
TCGA-S8-A6BV-01,0.5391
TCGA-S8-A6BW-01,0.1455
TCGA-V5-A7RB-01,-0.9767
TCGA-V5-A7RC-01,1.137
TCGA-V5-A7RE-01,-0.0012
TCGA-V5-AASV-01,1.1713
TCGA-V5-AASW-01,-0.2719
TCGA-V5-AASX-01,0.9331
TCGA-VR-A8EO-01,0.2415
TCGA-VR-A8EP-01,2.085
TCGA-VR-A8EQ-01,-1.1415
TCGA-VR-A8ER-01,-0.4548
TCGA-VR-A8ET-01,1.7575
TCGA-VR-A8EU-01,1.0674
TCGA-VR-A8EW-01,0.8656
TCGA-VR-A8EX-01,-0.2818
TCGA-VR-A8EY-01,-1.3606
TCGA-VR-A8EZ-01,-0.2019
TCGA-VR-A8Q7-01,-0.068
TCGA-VR-AA4D-01,-0.0525
TCGA-VR-AA4G-01,-0.5087
TCGA-VR-AA7B-01,-0.9741
TCGA-VR-AA7D-01,-0.1562
TCGA-VR-AA7I-01,0.9751
TCGA-X8-AAAR-01,0.3651
TCGA-XP-A8T6-01,-0.9647
TCGA-XP-A8T7-01,
TCGA-XP-A8T8-01,0.588
TCGA-Z6-A8JD-01,0.8698
TCGA-Z6-A8JE-01,3.4898
TCGA-Z6-A9VB-01,0.2065
TCGA-Z6-AAPN-01,-0.4196
TCGA-ZR-A9CJ-01,-1.1013
TCGA-02-0001-01,
TCGA-02-0003-01,
TCGA-02-0006-01,
TCGA-02-0007-01,
TCGA-02-0009-01,
TCGA-02-0010-01,
TCGA-02-0011-01,
TCGA-02-0014-01,
TCGA-02-0015-01,
TCGA-02-0016-01,
TCGA-02-0021-01,
TCGA-02-0023-01,
TCGA-02-0024-01,
TCGA-02-0025-01,
TCGA-02-0026-01,
TCGA-02-0027-01,
TCGA-02-0028-01,
TCGA-02-0033-01,
TCGA-02-0034-01,
TCGA-02-0037-01,
TCGA-02-0038-01,
TCGA-02-0039-01,
TCGA-02-0043-01,
TCGA-02-0046-01,
TCGA-02-0047-01,-0.0793
TCGA-02-0048-01,
TCGA-02-0051-01,
TCGA-02-0052-01,
TCGA-02-0054-01,
TCGA-02-0055-01,-0.6923
TCGA-02-0057-01,
TCGA-02-0058-01,
TCGA-02-0059-01,
TCGA-02-0060-01,
TCGA-02-0064-01,
TCGA-02-0068-01,
TCGA-02-0069-01,
TCGA-02-0070-01,
TCGA-02-0071-01,
TCGA-02-0074-01,
TCGA-02-0075-01,
TCGA-02-0079-01,
TCGA-02-0080-01,
TCGA-02-0083-01,
TCGA-02-0084-01,
TCGA-02-0085-01,
TCGA-02-0086-01,
TCGA-02-0087-01,
TCGA-02-0089-01,
TCGA-02-0099-01,
TCGA-02-0102-01,
TCGA-02-0104-01,
TCGA-02-0106-01,
TCGA-02-0107-01,
TCGA-02-0111-01,
TCGA-02-0113-01,
TCGA-02-0114-01,
TCGA-02-0115-01,
TCGA-02-0116-01,
TCGA-02-0258-01,
TCGA-02-0260-01,
TCGA-02-0266-01,
TCGA-02-0269-01,
TCGA-02-0271-01,
TCGA-02-0281-01,
TCGA-02-0285-01,
TCGA-02-0289-01,
TCGA-02-0290-01,
TCGA-02-0317-01,
TCGA-02-0321-01,
TCGA-02-0324-01,
TCGA-02-0325-01,
TCGA-02-0326-01,
TCGA-02-0330-01,
TCGA-02-0332-01,
TCGA-02-0333-01,
TCGA-02-0337-01,
TCGA-02-0338-01,
TCGA-02-0339-01,
TCGA-02-0422-01,
TCGA-02-0430-01,
TCGA-02-0432-01,
TCGA-02-0440-01,
TCGA-02-0446-01,
TCGA-02-0451-01,
TCGA-02-0456-01,
TCGA-02-2466-01,
TCGA-02-2470-01,
TCGA-02-2483-01,-0.3531
TCGA-02-2485-01,0.8043
TCGA-02-2486-01,-0.7393
TCGA-06-0119-01,
TCGA-06-0121-01,
TCGA-06-0122-01,
TCGA-06-0124-01,
TCGA-06-0125-01,-0.0522
TCGA-06-0125-02,0.9157
TCGA-06-0126-01,
TCGA-06-0127-01,
TCGA-06-0128-01,
TCGA-06-0129-01,0.9997
TCGA-06-0130-01,-0.6459
TCGA-06-0132-01,-0.6102
TCGA-06-0133-01,
TCGA-06-0137-01,
TCGA-06-0138-01,-0.4325
TCGA-06-0139-01,
TCGA-06-0140-01,
TCGA-06-0141-01,-1.1428
TCGA-06-0142-01,
TCGA-06-0143-01,
TCGA-06-0145-01,
TCGA-06-0146-01,
TCGA-06-0147-01,
TCGA-06-0148-01,
TCGA-06-0149-01,
TCGA-06-0150-01,
TCGA-06-0151-01,
TCGA-06-0152-01,
TCGA-06-0154-01,
TCGA-06-0155-01,
TCGA-06-0157-01,0.3595
TCGA-06-0158-01,0.7573
TCGA-06-0159-01,
TCGA-06-0160-01,
TCGA-06-0162-01,
TCGA-06-0164-01,
TCGA-06-0165-01,
TCGA-06-0166-01,
TCGA-06-0167-01,
TCGA-06-0168-01,-0.4591
TCGA-06-0169-01,
TCGA-06-0171-01,
TCGA-06-0171-02,-0.0764
TCGA-06-0173-01,
TCGA-06-0174-01,0.6481
TCGA-06-0175-01,
TCGA-06-0176-01,
TCGA-06-0177-01,
TCGA-06-0178-01,-1.0906
TCGA-06-0179-01,
TCGA-06-0182-01,
TCGA-06-0184-01,-0.5757
TCGA-06-0185-01,
TCGA-06-0187-01,-0.0101
TCGA-06-0188-01,
TCGA-06-0189-01,
TCGA-06-0190-01,-0.64
TCGA-06-0190-02,0.1179
TCGA-06-0192-01,
TCGA-06-0194-01,
TCGA-06-0195-01,
TCGA-06-0197-01,
TCGA-06-0201-01,
TCGA-06-0206-01,
TCGA-06-0208-01,
TCGA-06-0210-01,-0.2098
TCGA-06-0210-02,0.1964
TCGA-06-0211-01,-0.1941
TCGA-06-0211-02,-0.5568
TCGA-06-0213-01,
TCGA-06-0214-01,
TCGA-06-0216-01,
TCGA-06-0219-01,-0.809
TCGA-06-0221-01,
TCGA-06-0221-02,0.9145
TCGA-06-0237-01,
TCGA-06-0238-01,-0.2902
TCGA-06-0240-01,
TCGA-06-0241-01,
TCGA-06-0394-01,
TCGA-06-0397-01,
TCGA-06-0402-01,
TCGA-06-0409-01,
TCGA-06-0410-01,
TCGA-06-0412-01,
TCGA-06-0413-01,
TCGA-06-0414-01,
TCGA-06-0644-01,-1.0384
TCGA-06-0645-01,-0.911
TCGA-06-0646-01,-0.4383
TCGA-06-0648-01,
TCGA-06-0649-01,-0.05
TCGA-06-0650-01,
TCGA-06-0686-01,-1.1485
TCGA-06-0743-01,-0.714
TCGA-06-0744-01,-0.5663
TCGA-06-0745-01,-0.9521
TCGA-06-0747-01,-0.2423
TCGA-06-0749-01,-2.0572
TCGA-06-0750-01,-1.1708
TCGA-06-0875-01,
TCGA-06-0876-01,
TCGA-06-0877-01,
TCGA-06-0878-01,0.4513
TCGA-06-0879-01,
TCGA-06-0881-01,
TCGA-06-0882-01,-2.1179
TCGA-06-0939-01,
TCGA-06-1084-01,
TCGA-06-1086-01,
TCGA-06-1087-01,
TCGA-06-1800-01,
TCGA-06-1801-01,
TCGA-06-1802-01,
TCGA-06-1804-01,-0.0446
TCGA-06-1805-01,
TCGA-06-1806-01,
TCGA-06-2557-01,0.257
TCGA-06-2558-01,0.0832
TCGA-06-2559-01,1.7008
TCGA-06-2561-01,0.0012
TCGA-06-2562-01,-0.7144
TCGA-06-2563-01,0.2447
TCGA-06-2564-01,0.6933
TCGA-06-2565-01,1.6193
TCGA-06-2566-01,
TCGA-06-2567-01,0.6139
TCGA-06-2569-01,-0.7129
TCGA-06-2570-01,-0.0537
TCGA-06-5408-01,0.477
TCGA-06-5410-01,-1.0519
TCGA-06-5411-01,-1.3415
TCGA-06-5412-01,-0.461
TCGA-06-5413-01,0.111
TCGA-06-5414-01,0.4044
TCGA-06-5415-01,0.2481
TCGA-06-5416-01,0.0459
TCGA-06-5417-01,3.0892
TCGA-06-5418-01,0.1392
TCGA-06-5856-01,0.4612
TCGA-06-5858-01,2.5337
TCGA-06-5859-01,0.5476
TCGA-06-6388-01,
TCGA-06-6389-01,
TCGA-06-6390-01,
TCGA-06-6693-01,
TCGA-06-6694-01,
TCGA-06-6695-01,
TCGA-06-6697-01,
TCGA-06-6698-01,
TCGA-06-6699-01,
TCGA-06-6700-01,
TCGA-06-6701-01,
TCGA-06-A5U0-01,
TCGA-06-A5U1-01,
TCGA-06-A6S0-01,
TCGA-06-A6S1-01,
TCGA-06-A7TK-01,
TCGA-06-A7TL-01,
TCGA-08-0244-01,
TCGA-08-0245-01,
TCGA-08-0246-01,
TCGA-08-0344-01,
TCGA-08-0345-01,
TCGA-08-0346-01,
TCGA-08-0347-01,
TCGA-08-0348-01,
TCGA-08-0349-01,
TCGA-08-0350-01,
TCGA-08-0351-01,
TCGA-08-0352-01,
TCGA-08-0353-01,
TCGA-08-0354-01,
TCGA-08-0355-01,
TCGA-08-0356-01,
TCGA-08-0357-01,
TCGA-08-0358-01,
TCGA-08-0359-01,
TCGA-08-0375-01,
TCGA-08-0380-01,
TCGA-08-0386-01,1.046
TCGA-08-0389-01,
TCGA-08-0390-01,
TCGA-08-0392-01,
TCGA-08-0509-01,
TCGA-08-0510-01,
TCGA-08-0512-01,
TCGA-08-0514-01,
TCGA-08-0516-01,
TCGA-08-0517-01,
TCGA-08-0518-01,
TCGA-08-0520-01,
TCGA-08-0521-01,
TCGA-08-0524-01,
TCGA-08-0525-01,
TCGA-08-0529-01,
TCGA-08-0531-01,
TCGA-12-0615-01,
TCGA-12-0616-01,-0.7647
TCGA-12-0618-01,0.022
TCGA-12-0619-01,0.677
TCGA-12-0620-01,
TCGA-12-0654-01,
TCGA-12-0656-01,
TCGA-12-0657-01,
TCGA-12-0662-01,
TCGA-12-0670-01,
TCGA-12-0688-01,
TCGA-12-0691-01,
TCGA-12-0692-01,
TCGA-12-0703-01,
TCGA-12-0707-01,
TCGA-12-0769-01,
TCGA-12-0772-01,
TCGA-12-0773-01,
TCGA-12-0775-01,
TCGA-12-0776-01,
TCGA-12-0778-01,
TCGA-12-0780-01,
TCGA-12-0818-01,
TCGA-12-0819-01,
TCGA-12-0820-01,
TCGA-12-0821-01,-0.6688
TCGA-12-0822-01,
TCGA-12-0826-01,
TCGA-12-0827-01,
TCGA-12-0828-01,
TCGA-12-0829-01,
TCGA-12-1088-01,
TCGA-12-1089-01,
TCGA-12-1090-01,
TCGA-12-1091-01,
TCGA-12-1092-01,
TCGA-12-1093-01,
TCGA-12-1094-01,
TCGA-12-1095-01,
TCGA-12-1096-01,
TCGA-12-1097-01,
TCGA-12-1098-01,
TCGA-12-1099-01,
TCGA-12-1597-01,-0.373
TCGA-12-1598-01,
TCGA-12-1599-01,
TCGA-12-1600-01,
TCGA-12-1602-01,
TCGA-12-3644-01,
TCGA-12-3646-01,
TCGA-12-3648-01,
TCGA-12-3649-01,
TCGA-12-3650-01,0.1251
TCGA-12-3651-01,
TCGA-12-3652-01,1.4625
TCGA-12-3653-01,0.9072
TCGA-12-5295-01,0.3757
TCGA-12-5299-01,0.1144
TCGA-12-5301-01,
TCGA-14-0736-01,
TCGA-14-0740-01,
TCGA-14-0781-01,-0.8865
TCGA-14-0783-01,
TCGA-14-0786-01,
TCGA-14-0787-01,-0.7358
TCGA-14-0789-01,-1.8293
TCGA-14-0790-01,0.7609
TCGA-14-0812-01,
TCGA-14-0813-01,
TCGA-14-0817-01,0.0156
TCGA-14-0862-01,
TCGA-14-0865-01,
TCGA-14-0866-01,
TCGA-14-0867-01,
TCGA-14-0871-01,-0.1315
TCGA-14-1034-01,0.6191
TCGA-14-1034-02,2.6298
TCGA-14-1037-01,
TCGA-14-1043-01,
TCGA-14-1395-01,
TCGA-14-1396-01,
TCGA-14-1401-01,
TCGA-14-1402-01,
TCGA-14-1450-01,
TCGA-14-1451-01,
TCGA-14-1452-01,
TCGA-14-1453-01,
TCGA-14-1454-01,
TCGA-14-1455-01,
TCGA-14-1456-01,
TCGA-14-1458-01,
TCGA-14-1459-01,
TCGA-14-1794-01,
TCGA-14-1795-01,
TCGA-14-1821-01,
TCGA-14-1823-01,2.7293
TCGA-14-1825-01,-0.2472
TCGA-14-1827-01,
TCGA-14-1829-01,0.5992
TCGA-14-2554-01,4.7998
TCGA-14-2555-01,
TCGA-14-3476-01,
TCGA-14-3477-01,
TCGA-14-4157-01,
TCGA-15-0742-01,-0.5675
TCGA-15-1444-01,1.3391
TCGA-15-1446-01,
TCGA-15-1447-01,
TCGA-15-1449-01,
TCGA-16-0846-01,-0.9503
TCGA-16-0848-01,
TCGA-16-0849-01,
TCGA-16-0850-01,
TCGA-16-0861-01,
TCGA-16-1045-01,-0.1983
TCGA-16-1047-01,
TCGA-16-1048-01,
TCGA-16-1055-01,
TCGA-16-1056-01,
TCGA-16-1060-01,
TCGA-16-1062-01,
TCGA-16-1063-01,
TCGA-16-1460-01,
TCGA-19-0955-01,
TCGA-19-0957-01,
TCGA-19-0960-01,
TCGA-19-0962-01,
TCGA-19-0963-01,
TCGA-19-0964-01,
TCGA-19-1385-01,
TCGA-19-1386-01,
TCGA-19-1387-01,
TCGA-19-1388-01,
TCGA-19-1389-01,
TCGA-19-1390-01,0.6239
TCGA-19-1392-01,
TCGA-19-1786-01,
TCGA-19-1787-01,2.1846
TCGA-19-1789-01,
TCGA-19-1790-01,
TCGA-19-1791-01,
TCGA-19-2619-01,0.1154
TCGA-19-2620-01,0.2102
TCGA-19-2621-01,
TCGA-19-2623-01,
TCGA-19-2624-01,0.1391
TCGA-19-2625-01,-0.4555
TCGA-19-2629-01,0.326
TCGA-19-2631-01,
TCGA-19-4065-01,-0.4449
TCGA-19-4068-01,
TCGA-19-5947-01,
TCGA-19-5950-01,
TCGA-19-5951-01,
TCGA-19-5952-01,
TCGA-19-5953-01,
TCGA-19-5954-01,
TCGA-19-5955-01,
TCGA-19-5956-01,
TCGA-19-5958-01,
TCGA-19-5959-01,
TCGA-19-5960-01,2.3751
TCGA-19-A60I-01,
TCGA-19-A6J4-01,
TCGA-19-A6J5-01,
TCGA-26-1438-01,
TCGA-26-1439-01,
TCGA-26-1440-01,
TCGA-26-1442-01,0.1712
TCGA-26-1443-01,
TCGA-26-1799-01,
TCGA-26-5132-01,0.4214
TCGA-26-5133-01,0.4354
TCGA-26-5134-01,-0.3112
TCGA-26-5135-01,-0.7508
TCGA-26-5136-01,0.6301
TCGA-26-5139-01,-1.2385
TCGA-26-6173-01,
TCGA-26-6174-01,
TCGA-26-A7UX-01,
TCGA-27-1830-01,0.2909
TCGA-27-1831-01,3.1432
TCGA-27-1832-01,0.0044
TCGA-27-1833-01,
TCGA-27-1834-01,0.9639
TCGA-27-1835-01,-0.24
TCGA-27-1836-01,
TCGA-27-1837-01,-0.3806
TCGA-27-1838-01,
TCGA-27-2518-01,
TCGA-27-2519-01,-0.3033
TCGA-27-2521-01,-0.1009
TCGA-27-2523-01,0.8786
TCGA-27-2524-01,-0.8344
TCGA-27-2526-01,0.4745
TCGA-27-2527-01,
TCGA-27-2528-01,0.7588
TCGA-28-1746-01,
TCGA-28-1747-01,0.1234
TCGA-28-1749-01,
TCGA-28-1750-01,
TCGA-28-1751-01,
TCGA-28-1752-01,
TCGA-28-1753-01,-0.4411
TCGA-28-1755-01,
TCGA-28-1756-01,
TCGA-28-1757-01,
TCGA-28-2499-01,0.2192
TCGA-28-2501-01,
TCGA-28-2502-01,
TCGA-28-2506-01,
TCGA-28-2509-01,1.147
TCGA-28-2510-01,-1.0952
TCGA-28-2513-01,-0.5205
TCGA-28-2514-01,1.3064
TCGA-28-5204-01,0.4471
TCGA-28-5207-01,0.796
TCGA-28-5208-01,1.1491
TCGA-28-5209-01,0.5696
TCGA-28-5211-01,
TCGA-28-5213-01,-0.3898
TCGA-28-5214-01,
TCGA-28-5215-01,0.164
TCGA-28-5216-01,0.1193
TCGA-28-5218-01,0.3414
TCGA-28-5219-01,
TCGA-28-5220-01,1.0079
TCGA-28-6450-01,
TCGA-32-1970-01,0.4075
TCGA-32-1973-01,
TCGA-32-1976-01,
TCGA-32-1977-01,
TCGA-32-1978-01,
TCGA-32-1979-01,
TCGA-32-1980-01,-1.6164
TCGA-32-1982-01,-0.7496
TCGA-32-1986-01,
TCGA-32-1987-01,
TCGA-32-1991-01,
TCGA-32-2491-01,
TCGA-32-2494-01,
TCGA-32-2495-01,
TCGA-32-2615-01,-0.7368
TCGA-32-2616-01,-0.3778
TCGA-32-2632-01,0.0902
TCGA-32-2634-01,0.4038
TCGA-32-2638-01,-0.0592
TCGA-32-4208-01,
TCGA-32-4209-01,
TCGA-32-4210-01,
TCGA-32-4211-01,
TCGA-32-4213-01,0.1728
TCGA-32-4719-01,
TCGA-32-5222-01,1.3077
TCGA-41-2571-01,-1.8257
TCGA-41-2572-01,-0.185
TCGA-41-2573-01,
TCGA-41-2575-01,
TCGA-41-3392-01,
TCGA-41-3393-01,
TCGA-41-3915-01,0.1848
TCGA-41-4097-01,-0.6247
TCGA-41-5651-01,-0.1074
TCGA-41-6646-01,
TCGA-4W-AA9R-01,
TCGA-4W-AA9S-01,
TCGA-4W-AA9T-01,
TCGA-74-6573-01,
TCGA-74-6575-01,
TCGA-74-6577-01,
TCGA-74-6578-01,
TCGA-74-6581-01,
TCGA-74-6584-01,
TCGA-76-4925-01,0.8606
TCGA-76-4926-01,-2.0996
TCGA-76-4927-01,-0.6643
TCGA-76-4928-01,-0.5506
TCGA-76-4929-01,-0.1274
TCGA-76-4931-01,0.0029
TCGA-76-4932-01,0.231
TCGA-76-4934-01,
TCGA-76-4935-01,
TCGA-76-6191-01,
TCGA-76-6192-01,
TCGA-76-6193-01,
TCGA-76-6280-01,
TCGA-76-6282-01,
TCGA-76-6283-01,
TCGA-76-6285-01,
TCGA-76-6286-01,
TCGA-76-6656-01,
TCGA-76-6657-01,
TCGA-76-6660-01,
TCGA-76-6661-01,
TCGA-76-6662-01,
TCGA-76-6663-01,
TCGA-76-6664-01,
TCGA-81-5910-01,
TCGA-81-5911-01,
TCGA-87-5896-01,
TCGA-OX-A56R-01,
TCGA-RR-A6KA-01,
TCGA-RR-A6KB-01,
TCGA-RR-A6KC-01,
TCGA-4P-AA8J-01,-1.5956
TCGA-BA-4074-01,-0.308
TCGA-BA-4076-01,0.2043
TCGA-BA-4078-01,1.0192
TCGA-BA-5149-01,1.1263
TCGA-BA-5151-01,0.3334
TCGA-BA-5152-01,-0.1578
TCGA-BA-5153-01,1.033
TCGA-BA-5555-01,0.5599
TCGA-BA-5556-01,-0.4324
TCGA-BA-5557-01,1.0975
TCGA-BA-5558-01,-0.0329
TCGA-BA-5559-01,2.3023
TCGA-BA-6868-01,-0.5052
TCGA-BA-6869-01,-1.2374
TCGA-BA-6870-01,-0.2941
TCGA-BA-6871-01,1.1357
TCGA-BA-6872-01,-1.0506
TCGA-BA-6873-01,0.5795
TCGA-BA-7269-01,-1.3281
TCGA-BA-A4IF-01,-0.5616
TCGA-BA-A4IG-01,0.6599
TCGA-BA-A4IH-01,1.2859
TCGA-BA-A4II-01,0.6668
TCGA-BA-A6D8-01,-1.72
TCGA-BA-A6DA-01,-1.5428
TCGA-BA-A6DB-01,-0.9932
TCGA-BA-A6DD-01,-1.2261
TCGA-BA-A6DE-01,0.8503
TCGA-BA-A6DF-01,
TCGA-BA-A6DG-01,-0.7701
TCGA-BA-A6DI-01,0.1436
TCGA-BA-A6DJ-01,-0.8277
TCGA-BA-A6DL-01,-1.1947
TCGA-BA-A8YP-01,0.9488
TCGA-BB-4217-01,0.4046
TCGA-BB-4223-01,1.0299
TCGA-BB-4224-01,2.2368
TCGA-BB-4225-01,-0.582
TCGA-BB-4227-01,0.9182
TCGA-BB-4228-01,1.5335
TCGA-BB-7861-01,2.4433
TCGA-BB-7862-01,0.4865
TCGA-BB-7863-01,-0.5107
TCGA-BB-7864-01,0.4809
TCGA-BB-7866-01,0.7098
TCGA-BB-7870-01,-0.1895
TCGA-BB-7871-01,-0.1701
TCGA-BB-7872-01,1.5098
TCGA-BB-8596-01,-0.1299
TCGA-BB-8601-01,-0.9586
TCGA-BB-A5HU-01,2.1651
TCGA-BB-A5HY-01,2.4751
TCGA-BB-A5HZ-01,-0.5037
TCGA-BB-A6UM-01,0.7173
TCGA-BB-A6UO-01,-1.1961
TCGA-C9-A47Z-01,1.6608
TCGA-C9-A480-01,-0.4453
TCGA-CN-4722-01,-0.1158
TCGA-CN-4723-01,-0.0533
TCGA-CN-4725-01,1.555
TCGA-CN-4726-01,0.597
TCGA-CN-4727-01,-0.8604
TCGA-CN-4728-01,0.1328
TCGA-CN-4729-01,0.3043
TCGA-CN-4730-01,0.3279
TCGA-CN-4731-01,0.6877
TCGA-CN-4733-01,-0.1218
TCGA-CN-4734-01,-0.1942
TCGA-CN-4735-01,1.85
TCGA-CN-4736-01,-0.0408
TCGA-CN-4737-01,1.5533
TCGA-CN-4738-01,0.7915
TCGA-CN-4739-01,0.589
TCGA-CN-4740-01,1.2284
TCGA-CN-4741-01,-0.0613
TCGA-CN-4742-01,0.4231
TCGA-CN-5355-01,0.8723
TCGA-CN-5356-01,0.315
TCGA-CN-5358-01,-0.0638
TCGA-CN-5359-01,1.3519
TCGA-CN-5360-01,1.1072
TCGA-CN-5361-01,0.2886
TCGA-CN-5363-01,1.922
TCGA-CN-5364-01,0.8513
TCGA-CN-5365-01,-0.8289
TCGA-CN-5366-01,0.304
TCGA-CN-5367-01,1.7308
TCGA-CN-5369-01,-0.1527
TCGA-CN-5370-01,0.0573
TCGA-CN-5373-01,0.1098
TCGA-CN-5374-01,0.3843
TCGA-CN-6010-01,1.6336
TCGA-CN-6011-01,1.0324
TCGA-CN-6012-01,0.8816
TCGA-CN-6013-01,1.1579
TCGA-CN-6016-01,-0.7313
TCGA-CN-6017-01,-0.731
TCGA-CN-6018-01,3.1274
TCGA-CN-6019-01,0.3034
TCGA-CN-6020-01,0.0665
TCGA-CN-6021-01,0.5852
TCGA-CN-6022-01,-0.6757
TCGA-CN-6023-01,0.6261
TCGA-CN-6024-01,0.6273
TCGA-CN-6988-01,0.577
TCGA-CN-6989-01,0.455
TCGA-CN-6992-01,0.9266
TCGA-CN-6994-01,0.5932
TCGA-CN-6995-01,0.2304
TCGA-CN-6996-01,1.2452
TCGA-CN-6997-01,0.9033
TCGA-CN-6998-01,-0.3835
TCGA-CN-A497-01,-0.4973
TCGA-CN-A498-01,-0.0076
TCGA-CN-A499-01,2.2018
TCGA-CN-A49A-01,5.834
TCGA-CN-A49B-01,0.0909
TCGA-CN-A49C-01,-0.6289
TCGA-CN-A63T-01,-0.7085
TCGA-CN-A63U-01,-0.8738
TCGA-CN-A63V-01,-0.7372
TCGA-CN-A63W-01,-0.82
TCGA-CN-A63Y-01,
TCGA-CN-A640-01,
TCGA-CN-A641-01,0.1484
TCGA-CN-A642-01,-0.9069
TCGA-CN-A6UY-01,-1.1934
TCGA-CN-A6V1-01,-1.2765
TCGA-CN-A6V3-01,0.1681
TCGA-CN-A6V6-01,0.5458
TCGA-CN-A6V7-01,-0.5023
TCGA-CQ-5323-01,0.4381
TCGA-CQ-5324-01,-0.1378
TCGA-CQ-5325-01,-0.1941
TCGA-CQ-5326-01,0.5775
TCGA-CQ-5327-01,-0.4905
TCGA-CQ-5329-01,-0.4618
TCGA-CQ-5330-01,-0.446
TCGA-CQ-5331-01,-0.1666
TCGA-CQ-5332-01,0.7517
TCGA-CQ-5333-01,-1.3486
TCGA-CQ-5334-01,-0.2619
TCGA-CQ-6218-01,-0.5826
TCGA-CQ-6219-01,1.1442
TCGA-CQ-6220-01,0.3918
TCGA-CQ-6222-01,-1.0448
TCGA-CQ-6223-01,0.7221
TCGA-CQ-6224-01,-0.1278
TCGA-CQ-6225-01,0.7377
TCGA-CQ-6227-01,0.1346
TCGA-CQ-6228-01,1.4216
TCGA-CQ-6229-01,0.4798
TCGA-CQ-7063-01,-0.5811
TCGA-CQ-7064-01,
TCGA-CQ-7065-01,2.359
TCGA-CQ-7067-01,-1.073
TCGA-CQ-7068-01,-0.5259
TCGA-CQ-7069-01,0.0036
TCGA-CQ-7071-01,0.0138
TCGA-CQ-7072-01,0.4059
TCGA-CQ-A4C6-01,-0.3131
TCGA-CQ-A4C9-01,-0.7074
TCGA-CQ-A4CA-01,-1.0052
TCGA-CQ-A4CB-01,-0.1995
TCGA-CQ-A4CD-01,-0.7591
TCGA-CQ-A4CE-01,0.416
TCGA-CQ-A4CG-01,-0.1327
TCGA-CQ-A4CH-01,0.6126
TCGA-CQ-A4CI-01,0.3617
TCGA-CR-5243-01,0.3655
TCGA-CR-5247-01,-0.1459
TCGA-CR-5248-01,0.4207
TCGA-CR-5249-01,0.1356
TCGA-CR-5250-01,1.1721
TCGA-CR-6467-01,0.4429
TCGA-CR-6470-01,0.9487
TCGA-CR-6471-01,1.1475
TCGA-CR-6472-01,0.5507
TCGA-CR-6473-01,2.6888
TCGA-CR-6474-01,1.6054
TCGA-CR-6477-01,2.2836
TCGA-CR-6478-01,0.9035
TCGA-CR-6480-01,0.1002
TCGA-CR-6481-01,0.5563
TCGA-CR-6482-01,1.7719
TCGA-CR-6484-01,-0.8645
TCGA-CR-6487-01,1.8568
TCGA-CR-6488-01,0.3555
TCGA-CR-6491-01,0.2536
TCGA-CR-6492-01,-0.3162
TCGA-CR-6493-01,0.0527
TCGA-CR-7364-01,1.1758
TCGA-CR-7365-01,0.5791
TCGA-CR-7367-01,-0.2749
TCGA-CR-7368-01,2.0492
TCGA-CR-7369-01,2.0995
TCGA-CR-7370-01,1.509
TCGA-CR-7371-01,1.1615
TCGA-CR-7372-01,1.2941
TCGA-CR-7373-01,0.6428
TCGA-CR-7374-01,1.8909
TCGA-CR-7376-01,0.34
TCGA-CR-7377-01,0.4876
TCGA-CR-7379-01,0.8441
TCGA-CR-7380-01,0.4536
TCGA-CR-7382-01,-0.0765
TCGA-CR-7383-01,0.0052
TCGA-CR-7385-01,0.1128
TCGA-CR-7386-01,0.253
TCGA-CR-7388-01,0.6957
TCGA-CR-7389-01,-0.1007
TCGA-CR-7390-01,1.9263
TCGA-CR-7391-01,0.1647
TCGA-CR-7392-01,0.6763
TCGA-CR-7393-01,0.8534
TCGA-CR-7394-01,0.1229
TCGA-CR-7395-01,-0.4067
TCGA-CR-7397-01,1.033
TCGA-CR-7398-01,0.4361
TCGA-CR-7399-01,1.5037
TCGA-CR-7401-01,-0.3602
TCGA-CR-7402-01,1.2098
TCGA-CR-7404-01,0.0102
TCGA-CV-5430-01,5.6744
TCGA-CV-5431-01,0.7426
TCGA-CV-5432-01,-0.6869
TCGA-CV-5434-01,1.0354
TCGA-CV-5435-01,0.5963
TCGA-CV-5436-01,0.2346
TCGA-CV-5439-01,1.2247
TCGA-CV-5440-01,0.6205
TCGA-CV-5441-01,1.2622
TCGA-CV-5442-01,2.1282
TCGA-CV-5443-01,-0.2749
TCGA-CV-5444-01,-0.3669
TCGA-CV-5966-01,-1.0279
TCGA-CV-5970-01,2.3593
TCGA-CV-5971-01,0.1542
TCGA-CV-5973-01,-0.471
TCGA-CV-5976-01,0.255
TCGA-CV-5977-01,-0.1106
TCGA-CV-5978-01,0.9053
TCGA-CV-5979-01,-0.3103
TCGA-CV-6003-01,-0.2425
TCGA-CV-6433-01,0.1028
TCGA-CV-6436-01,-1.2176
TCGA-CV-6441-01,0.1662
TCGA-CV-6933-01,1.5067
TCGA-CV-6934-01,0.3123
TCGA-CV-6935-01,0.2388
TCGA-CV-6936-01,1.9126
TCGA-CV-6937-01,-1.4211
TCGA-CV-6938-01,-0.5623
TCGA-CV-6939-01,0.9392
TCGA-CV-6940-01,2.3648
TCGA-CV-6941-01,0.5929
TCGA-CV-6942-01,-0.5605
TCGA-CV-6943-01,0.2807
TCGA-CV-6945-01,-0.5181
TCGA-CV-6948-01,0.4764
TCGA-CV-6950-01,0.2285
TCGA-CV-6951-01,0.7257
TCGA-CV-6952-01,-0.7001
TCGA-CV-6953-01,0.2948
TCGA-CV-6954-01,-0.1697
TCGA-CV-6955-01,-0.6664
TCGA-CV-6956-01,0.1611
TCGA-CV-6959-01,1.5137
TCGA-CV-6960-01,0.034
TCGA-CV-6961-01,0.2139
TCGA-CV-6962-01,1.5683
TCGA-CV-7089-01,-0.698
TCGA-CV-7090-01,0.566
TCGA-CV-7091-01,0.4233
TCGA-CV-7095-01,-0.3797
TCGA-CV-7097-01,0.5827
TCGA-CV-7099-01,-0.72
TCGA-CV-7100-01,0.7524
TCGA-CV-7101-01,1.3656
TCGA-CV-7102-01,0.9454
TCGA-CV-7103-01,-0.1551
TCGA-CV-7104-01,-0.115
TCGA-CV-7177-01,0.1769
TCGA-CV-7178-01,1.3229
TCGA-CV-7180-01,-0.4649
TCGA-CV-7183-01,-0.4029
TCGA-CV-7235-01,2.5829
TCGA-CV-7236-01,1.6672
TCGA-CV-7238-01,-0.6559
TCGA-CV-7242-01,0.5951
TCGA-CV-7243-01,3.2071
TCGA-CV-7245-01,3.4893
TCGA-CV-7247-01,1.4865
TCGA-CV-7248-01,0.3913
TCGA-CV-7250-01,-0.6819
TCGA-CV-7252-01,-0.0077
TCGA-CV-7253-01,1.0637
TCGA-CV-7254-01,3.6487
TCGA-CV-7255-01,1.3293
TCGA-CV-7261-01,2.2654
TCGA-CV-7263-01,0.995
TCGA-CV-7406-01,0.3402
TCGA-CV-7407-01,-0.1148
TCGA-CV-7409-01,-0.0634
TCGA-CV-7410-01,-0.0671
TCGA-CV-7411-01,-0.2914
TCGA-CV-7413-01,-0.518
TCGA-CV-7414-01,0.0019
TCGA-CV-7415-01,0.079
TCGA-CV-7416-01,1.7261
TCGA-CV-7418-01,0.7461
TCGA-CV-7421-01,-0.8792
TCGA-CV-7422-01,1.8517
TCGA-CV-7423-01,0.0732
TCGA-CV-7424-01,0.9115
TCGA-CV-7425-01,2.6018
TCGA-CV-7427-01,-0.0051
TCGA-CV-7428-01,-0.1614
TCGA-CV-7429-01,0.0369
TCGA-CV-7430-01,0.7259
TCGA-CV-7432-01,1.4381
TCGA-CV-7433-01,-0.7694
TCGA-CV-7434-01,-0.3733
TCGA-CV-7435-01,0.89
TCGA-CV-7437-01,1.9474
TCGA-CV-7438-01,0.4091
TCGA-CV-7440-01,0.8315
TCGA-CV-7446-01,5.9035
TCGA-CV-7568-01,2.725
TCGA-CV-A45O-01,-0.6841
TCGA-CV-A45P-01,-0.6971
TCGA-CV-A45Q-01,-2.1041
TCGA-CV-A45R-01,-0.1157
TCGA-CV-A45T-01,-0.6926
TCGA-CV-A45U-01,0.9711
TCGA-CV-A45V-01,-0.4907
TCGA-CV-A45W-01,-0.13
TCGA-CV-A45X-01,0.1914
TCGA-CV-A45Y-01,-0.9937
TCGA-CV-A45Z-01,-0.263
TCGA-CV-A460-01,-0.6653
TCGA-CV-A461-01,-1.1207
TCGA-CV-A463-01,-0.4624
TCGA-CV-A464-01,-0.9609
TCGA-CV-A465-01,1.1337
TCGA-CV-A468-01,-0.9295
TCGA-CV-A6JD-01,-1.4374
TCGA-CV-A6JE-01,-1.0416
TCGA-CV-A6JM-01,-2.2411
TCGA-CV-A6JN-01,-1.8167
TCGA-CV-A6JO-01,-1.2145
TCGA-CV-A6JT-01,-1.7546
TCGA-CV-A6JU-01,-1.6476
TCGA-CV-A6JY-01,0.5458
TCGA-CV-A6JZ-01,-0.6873
TCGA-CV-A6K0-01,-0.1989
TCGA-CV-A6K1-01,-1.7384
TCGA-CV-A6K2-01,-0.3805
TCGA-CX-7085-01,-0.064
TCGA-CX-7086-01,2.1155
TCGA-CX-7219-01,-0.7065
TCGA-CX-A4AQ-01,-1.3379
TCGA-D6-6515-01,-0.2802
TCGA-D6-6516-01,2.9499
TCGA-D6-6517-01,-0.2644
TCGA-D6-6823-01,0.4869
TCGA-D6-6824-01,0.1446
TCGA-D6-6825-01,1.0486
TCGA-D6-6826-01,1.7826
TCGA-D6-6827-01,0.5296
TCGA-D6-8568-01,0.879
TCGA-D6-8569-01,0.3015
TCGA-D6-A4Z9-01,-0.1914
TCGA-D6-A4ZB-01,-2.398
TCGA-D6-A6EK-01,-1.7223
TCGA-D6-A6EM-01,-1.1623
TCGA-D6-A6EN-01,-1.7412
TCGA-D6-A6EO-01,-0.1004
TCGA-D6-A6EP-01,-1.3916
TCGA-D6-A6EQ-01,-1.6149
TCGA-D6-A6ES-01,-2.1195
TCGA-D6-A74Q-01,-0.9218
TCGA-DQ-5624-01,-0.0803
TCGA-DQ-5625-01,1.7317
TCGA-DQ-5629-01,1.434
TCGA-DQ-5630-01,-0.361
TCGA-DQ-5631-01,2.3697
TCGA-DQ-7588-01,-0.0818
TCGA-DQ-7589-01,1.131
TCGA-DQ-7590-01,0.1435
TCGA-DQ-7591-01,6.8731
TCGA-DQ-7592-01,1.9144
TCGA-DQ-7593-01,1.1395
TCGA-DQ-7594-01,0.8762
TCGA-DQ-7595-01,0.7158
TCGA-DQ-7596-01,1.4692
TCGA-F7-7848-01,1.118
TCGA-F7-8298-01,-0.3233
TCGA-F7-8489-01,0.4352
TCGA-F7-A50G-01,-0.6055
TCGA-F7-A50I-01,-0.5879
TCGA-F7-A50J-01,-0.3582
TCGA-F7-A61S-01,-0.9721
TCGA-F7-A61V-01,-0.3952
TCGA-F7-A61W-01,-0.6016
TCGA-F7-A620-01,-0.4378
TCGA-F7-A622-01,-1.4678
TCGA-F7-A623-01,0.0201
TCGA-F7-A624-01,-1.1096
TCGA-H7-7774-01,-0.5664
TCGA-H7-8501-01,-0.2026
TCGA-H7-8502-01,-0.3862
TCGA-H7-A6C4-01,-0.6584
TCGA-H7-A6C5-01,
TCGA-H7-A76A-01,-1.5572
TCGA-HD-7229-01,0.0347
TCGA-HD-7753-01,0.784
TCGA-HD-7754-01,0.451
TCGA-HD-7831-01,-0.1228
TCGA-HD-7832-01,-0.6988
TCGA-HD-7917-01,1.4453
TCGA-HD-8224-01,-0.3985
TCGA-HD-8314-01,-0.434
TCGA-HD-8634-01,-0.4882
TCGA-HD-8635-01,1.5668
TCGA-HD-A4C1-01,-2.2257
TCGA-HD-A633-01,-0.5948
TCGA-HD-A634-01,1.9198
TCGA-HD-A6HZ-01,1.067
TCGA-HD-A6I0-01,-2.0784
TCGA-HL-7533-01,0.2619
TCGA-IQ-7630-01,-0.3343
TCGA-IQ-7631-01,-0.6304
TCGA-IQ-7632-01,-0.3865
TCGA-IQ-A61E-01,-0.2365
TCGA-IQ-A61G-01,-1.4122
TCGA-IQ-A61H-01,0.6665
TCGA-IQ-A61I-01,0.2763
TCGA-IQ-A61J-01,-0.2731
TCGA-IQ-A61K-01,
TCGA-IQ-A61L-01,
TCGA-IQ-A61O-01,-0.706
TCGA-IQ-A6SG-01,1.0366
TCGA-IQ-A6SH-01,-1.2776
TCGA-KU-A66S-01,-0.2418
TCGA-KU-A66T-01,-0.1212
TCGA-KU-A6H7-01,-0.886
TCGA-KU-A6H8-01,-0.7341
TCGA-MT-A51W-01,-0.7796
TCGA-MT-A51X-01,0.1526
TCGA-MT-A67A-01,-1.3988
TCGA-MT-A67D-01,-0.6544
TCGA-MT-A67F-01,-0.7225
TCGA-MT-A67G-01,
TCGA-MT-A7BN-01,-1.5396
TCGA-MZ-A5BI-01,-0.9322
TCGA-MZ-A6I9-01,-0.7323
TCGA-MZ-A7D7-01,-0.2639
TCGA-P3-A5Q5-01,-1.0323
TCGA-P3-A5Q6-01,-0.7671
TCGA-P3-A5QA-01,-0.9972
TCGA-P3-A5QE-01,3.9488
TCGA-P3-A5QF-01,-0.887
TCGA-P3-A6SW-01,-0.3874
TCGA-P3-A6SX-01,-0.1606
TCGA-P3-A6T0-01,-0.1151
TCGA-P3-A6T2-01,-0.5676
TCGA-P3-A6T3-01,0.2934
TCGA-P3-A6T4-01,1.1432
TCGA-P3-A6T5-01,-1.0919
TCGA-P3-A6T6-01,-1.23
TCGA-P3-A6T7-01,-0.6148
TCGA-P3-A6T8-01,-0.7502
TCGA-QK-A64Z-01,-0.6901
TCGA-QK-A652-01,-0.6783
TCGA-QK-A6IF-01,0.0383
TCGA-QK-A6IG-01,-1.0045
TCGA-QK-A6IH-01,-1.4472
TCGA-QK-A6II-01,-0.9467
TCGA-QK-A6IJ-01,-1.4775
TCGA-QK-A6V9-01,3.964
TCGA-QK-A6VB-01,1.3263
TCGA-QK-A6VC-01,-0.0664
TCGA-QK-A8Z7-01,0.2741
TCGA-QK-A8Z8-01,0.3618
TCGA-QK-A8Z9-01,-0.7653
TCGA-QK-A8ZA-01,0.3659
TCGA-QK-A8ZB-01,0.5017
TCGA-QK-AA3J-01,0.2854
TCGA-QK-AA3K-01,-1.0153
TCGA-RS-A6TO-01,-1.0492
TCGA-RS-A6TP-01,0.2059
TCGA-T2-A6WX-01,-1.3218
TCGA-T2-A6WZ-01,-1.557
TCGA-T2-A6X0-01,-0.0849
TCGA-T2-A6X2-01,-0.8837
TCGA-T3-A92M-01,-0.3538
TCGA-T3-A92N-01,-0.096
TCGA-TN-A7HI-01,-0.1657
TCGA-TN-A7HJ-01,0.7102
TCGA-TN-A7HL-01,-1.3403
TCGA-UF-A718-01,-0.2137
TCGA-UF-A719-01,1.4592
TCGA-UF-A71A-01,-0.3461
TCGA-UF-A71B-01,1.0032
TCGA-UF-A71D-01,0.3381
TCGA-UF-A71E-01,-0.0594
TCGA-UF-A7J9-01,0.2845
TCGA-UF-A7JA-01,-1.5367
TCGA-UF-A7JC-01,-0.2318
TCGA-UF-A7JD-01,-0.145
TCGA-UF-A7JF-01,-1.6927
TCGA-UF-A7JH-01,-0.7616
TCGA-UF-A7JJ-01,-0.4506
TCGA-UF-A7JK-01,0.2501
TCGA-UF-A7JO-01,-1.0024
TCGA-UF-A7JS-01,-1.4578
TCGA-UF-A7JT-01,-0.4586
TCGA-UF-A7JV-01,-0.6895
TCGA-UP-A6WW-01,-1.1353
TCGA-WA-A7GZ-01,0.3831
TCGA-WA-A7H4-01,1.5447
TCGA-KL-8323-01,0.6346
TCGA-KL-8324-01,-1.1149
TCGA-KL-8325-01,1.5618
TCGA-KL-8326-01,-1.0714
TCGA-KL-8327-01,-0.3548
TCGA-KL-8328-01,-0.5318
TCGA-KL-8329-01,0.5225
TCGA-KL-8330-01,0.6707
TCGA-KL-8331-01,-0.2622
TCGA-KL-8332-01,-0.1094
TCGA-KL-8333-01,1.3268
TCGA-KL-8334-01,0.7303
TCGA-KL-8335-01,0.4351
TCGA-KL-8336-01,0.6878
TCGA-KL-8337-01,0.6839
TCGA-KL-8338-01,-0.7321
TCGA-KL-8339-01,0.6211
TCGA-KL-8340-01,0.0533
TCGA-KL-8341-01,2.0673
TCGA-KL-8342-01,-0.0683
TCGA-KL-8343-01,0.5154
TCGA-KL-8344-01,0.3043
TCGA-KL-8345-01,0.6676
TCGA-KL-8346-01,-0.8885
TCGA-KM-8438-01,-0.3599
TCGA-KM-8439-01,-0.6569
TCGA-KM-8440-01,0.8117
TCGA-KM-8441-01,-0.4198
TCGA-KM-8442-01,1.0376
TCGA-KM-8443-01,0.0716
TCGA-KM-8476-01,-0.2839
TCGA-KM-8477-01,0.303
TCGA-KM-8639-01,-0.4541
TCGA-KN-8418-01,0.6868
TCGA-KN-8419-01,1.8373
TCGA-KN-8421-01,-0.7743
TCGA-KN-8422-01,-1.1548
TCGA-KN-8423-01,1.1476
TCGA-KN-8424-01,1.0113
TCGA-KN-8425-01,-0.0157
TCGA-KN-8426-01,-0.4594
TCGA-KN-8427-01,-0.5146
TCGA-KN-8428-01,2.2607
TCGA-KN-8429-01,1.4758
TCGA-KN-8431-01,-0.942
TCGA-KN-8432-01,0.9794
TCGA-KN-8433-01,-1.2125
TCGA-KN-8434-01,0.0305
TCGA-KN-8435-01,1.5381
TCGA-KN-8436-01,1.5293
TCGA-KN-8437-01,0.0185
TCGA-KO-8403-01,0.2702
TCGA-KO-8404-01,-1.1696
TCGA-KO-8405-01,-0.7256
TCGA-KO-8406-01,1.0579
TCGA-KO-8407-01,-0.0197
TCGA-KO-8408-01,-0.8468
TCGA-KO-8409-01,-0.9133
TCGA-KO-8410-01,1.3931
TCGA-KO-8411-01,1.9031
TCGA-KO-8413-01,0.06
TCGA-KO-8414-01,-0.4779
TCGA-KO-8415-01,-0.8994
TCGA-KO-8416-01,0.5937
TCGA-KO-8417-01,0.9207
TCGA-3Z-A93Z-01,-1.0429
TCGA-6D-AA2E-01,-1.2149
TCGA-A3-3306-01,-0.1146
TCGA-A3-3307-01,-0.2105
TCGA-A3-3308-01,-0.3306
TCGA-A3-3311-01,0.2383
TCGA-A3-3313-01,-0.0852
TCGA-A3-3316-01,-0.2277
TCGA-A3-3317-01,-1.4743
TCGA-A3-3319-01,-0.4653
TCGA-A3-3320-01,0.9197
TCGA-A3-3322-01,0.1039
TCGA-A3-3323-01,0.5956
TCGA-A3-3324-01,0.1696
TCGA-A3-3325-01,-0.1377
TCGA-A3-3326-01,0.082
TCGA-A3-3331-01,0.5995
TCGA-A3-3335-01,-0.5471
TCGA-A3-3343-01,0.2429
TCGA-A3-3346-01,-1.1462
TCGA-A3-3347-01,-0.442
TCGA-A3-3349-01,0.1032
TCGA-A3-3351-01,0.8225
TCGA-A3-3352-01,0.6778
TCGA-A3-3357-01,-0.4267
TCGA-A3-3358-01,-0.5338
TCGA-A3-3359-01,-0.1555
TCGA-A3-3362-01,-0.2616
TCGA-A3-3363-01,-0.8701
TCGA-A3-3365-01,0.4141
TCGA-A3-3367-01,1.4506
TCGA-A3-3370-01,0.2059
TCGA-A3-3372-01,1.2805
TCGA-A3-3373-01,0.1352
TCGA-A3-3374-01,-1.6526
TCGA-A3-3376-01,0.9265
TCGA-A3-3378-01,-0.3736
TCGA-A3-3380-01,0.1655
TCGA-A3-3382-01,-0.078
TCGA-A3-3383-01,-0.2869
TCGA-A3-3385-01,0.7856
TCGA-A3-3387-01,0.0667
TCGA-A3-A6NI-01,-0.9813
TCGA-A3-A6NJ-01,-0.4921
TCGA-A3-A6NL-01,-0.2196
TCGA-A3-A6NN-01,0.0819
TCGA-A3-A8CQ-01,-0.2897
TCGA-A3-A8OU-01,-1.0863
TCGA-A3-A8OV-01,-0.8622
TCGA-A3-A8OW-01,-0.246
TCGA-A3-A8OX-01,-1.0332
TCGA-AK-3426-01,-0.8616
TCGA-AK-3427-01,0.0717
TCGA-AK-3428-01,5.576
TCGA-AK-3429-01,-0.2976
TCGA-AK-3430-01,
TCGA-AK-3431-01,1.0594
TCGA-AK-3433-01,1.115
TCGA-AK-3434-01,-0.1267
TCGA-AK-3436-01,-1.1936
TCGA-AK-3440-01,-2.4305
TCGA-AK-3443-01,1.6506
TCGA-AK-3444-01,0.1045
TCGA-AK-3445-01,-0.9842
TCGA-AK-3447-01,-0.0754
TCGA-AK-3450-01,-0.5378
TCGA-AK-3451-01,-0.4771
TCGA-AK-3453-01,-1.3792
TCGA-AK-3454-01,0.1743
TCGA-AK-3455-01,0.0331
TCGA-AK-3456-01,0.4064
TCGA-AK-3458-01,1.1026
TCGA-AK-3460-01,0.0169
TCGA-AK-3461-01,0.1855
TCGA-AK-3465-01,-0.0238
TCGA-AS-3777-01,-1.0052
TCGA-AS-3778-01,-0.3874
TCGA-B0-4688-01,3.2399
TCGA-B0-4690-01,-0.1242
TCGA-B0-4691-01,-1.0823
TCGA-B0-4693-01,-0.0436
TCGA-B0-4694-01,-0.7593
TCGA-B0-4696-01,0.2363
TCGA-B0-4697-01,-1.2663
TCGA-B0-4698-01,0.3854
TCGA-B0-4699-01,0.8965
TCGA-B0-4700-01,-1.085
TCGA-B0-4701-01,-0.6603
TCGA-B0-4703-01,-0.3579
TCGA-B0-4706-01,-0.1902
TCGA-B0-4707-01,-1.3917
TCGA-B0-4710-01,0.963
TCGA-B0-4712-01,-0.222
TCGA-B0-4713-01,-0.939
TCGA-B0-4714-01,-0.9586
TCGA-B0-4718-01,-0.4331
TCGA-B0-4810-01,-0.7647
TCGA-B0-4811-01,-0.6654
TCGA-B0-4813-01,-1.1817
TCGA-B0-4814-01,0.2784
TCGA-B0-4815-01,-1.0434
TCGA-B0-4816-01,-0.3515
TCGA-B0-4817-01,-1.232
TCGA-B0-4818-01,-0.3898
TCGA-B0-4819-01,-0.7398
TCGA-B0-4821-01,-1.7237
TCGA-B0-4822-01,-1.2811
TCGA-B0-4823-01,0.2978
TCGA-B0-4824-01,-0.3845
TCGA-B0-4827-01,-0.7672
TCGA-B0-4828-01,-0.3813
TCGA-B0-4833-01,-1.1144
TCGA-B0-4834-01,0.4062
TCGA-B0-4836-01,0.0953
TCGA-B0-4837-01,-0.6655
TCGA-B0-4838-01,-0.2504
TCGA-B0-4839-01,-0.7097
TCGA-B0-4841-01,-0.7744
TCGA-B0-4842-01,-1.6764
TCGA-B0-4843-01,-1.2135
TCGA-B0-4844-01,-1.1858
TCGA-B0-4845-01,-0.2101
TCGA-B0-4846-01,0.6254
TCGA-B0-4847-01,-1.2986
TCGA-B0-4848-01,-0.5249
TCGA-B0-4849-01,-0.5339
TCGA-B0-4852-01,1.1412
TCGA-B0-4945-01,-0.1687
TCGA-B0-5075-01,-0.5561
TCGA-B0-5077-01,-0.4384
TCGA-B0-5080-01,0.5299
TCGA-B0-5081-01,-0.9388
TCGA-B0-5083-01,0.1844
TCGA-B0-5084-01,-0.7201
TCGA-B0-5085-01,-1.2542
TCGA-B0-5088-01,-0.9815
TCGA-B0-5092-01,-1.2444
TCGA-B0-5094-01,-0.8853
TCGA-B0-5095-01,-0.5574
TCGA-B0-5096-01,0.1893
TCGA-B0-5097-01,0.4371
TCGA-B0-5098-01,-0.246
TCGA-B0-5099-01,-0.0765
TCGA-B0-5100-01,-0.7298
TCGA-B0-5102-01,-0.0939
TCGA-B0-5104-01,0.2085
TCGA-B0-5106-01,-0.593
TCGA-B0-5107-01,-1.1665
TCGA-B0-5108-01,-0.2251
TCGA-B0-5109-01,-1.2775
TCGA-B0-5110-01,0.6191
TCGA-B0-5113-01,1.4573
TCGA-B0-5115-01,0.2118
TCGA-B0-5116-01,1.5069
TCGA-B0-5117-01,-0.8626
TCGA-B0-5119-01,0.5464
TCGA-B0-5120-01,1.0721
TCGA-B0-5121-01,-0.3436
TCGA-B0-5399-01,0.3263
TCGA-B0-5400-01,-1.7012
TCGA-B0-5402-01,1.8232
TCGA-B0-5690-01,0.3064
TCGA-B0-5691-01,0.8637
TCGA-B0-5692-01,-0.6134
TCGA-B0-5693-01,0.4795
TCGA-B0-5694-01,-0.1022
TCGA-B0-5695-01,0.0713
TCGA-B0-5696-01,-0.5206
TCGA-B0-5697-01,-0.6528
TCGA-B0-5698-01,-0.6471
TCGA-B0-5699-01,1.3124
TCGA-B0-5701-01,-0.4038
TCGA-B0-5702-01,-1.7272
TCGA-B0-5703-01,-0.1109
TCGA-B0-5705-01,2.5266
TCGA-B0-5706-01,0.3006
TCGA-B0-5707-01,-1.2997
TCGA-B0-5709-01,0.3364
TCGA-B0-5710-01,0.7979
TCGA-B0-5711-01,1.3484
TCGA-B0-5712-01,-2.2713
TCGA-B0-5713-01,0.0421
TCGA-B0-5812-01,1.5426
TCGA-B2-3923-01,1.4235
TCGA-B2-3924-01,0.1651
TCGA-B2-4098-01,-0.9484
TCGA-B2-4099-01,-1.0383
TCGA-B2-4101-01,0.4262
TCGA-B2-4102-01,0.1784
TCGA-B2-5633-01,0.2362
TCGA-B2-5635-01,-0.3603
TCGA-B2-5639-01,0.0105
TCGA-B2-5641-01,-0.1876
TCGA-B2-A4SR-01,0.4365
TCGA-B4-5377-01,0.7372
TCGA-B4-5378-01,1.4427
TCGA-B4-5832-01,5.8781
TCGA-B4-5834-01,1.2341
TCGA-B4-5835-01,1.4519
TCGA-B4-5836-01,0.1723
TCGA-B4-5838-01,0.506
TCGA-B4-5843-01,1.0299
TCGA-B4-5844-01,0.5216
TCGA-B8-4143-01,-0.5721
TCGA-B8-4146-01,6.4529
TCGA-B8-4148-01,0.0622
TCGA-B8-4151-01,-0.3134
TCGA-B8-4153-01,-0.3286
TCGA-B8-4154-01,0.2909
TCGA-B8-4619-01,0.084
TCGA-B8-4620-01,1.9619
TCGA-B8-4621-01,-0.8811
TCGA-B8-4622-01,0.7143
TCGA-B8-5158-01,-0.0676
TCGA-B8-5159-01,1.2357
TCGA-B8-5162-01,-0.1291
TCGA-B8-5163-01,0.1401
TCGA-B8-5164-01,0.321
TCGA-B8-5165-01,1.4937
TCGA-B8-5545-01,0.5959
TCGA-B8-5546-01,0.5861
TCGA-B8-5549-01,0.7257
TCGA-B8-5550-01,-0.6509
TCGA-B8-5551-01,-0.5851
TCGA-B8-5552-01,0.3453
TCGA-B8-5553-01,-0.1667
TCGA-B8-A54D-01,0.3276
TCGA-B8-A54E-01,-1.3176
TCGA-B8-A54F-01,-0.0896
TCGA-B8-A54G-01,-0.6759
TCGA-B8-A54H-01,-0.4766
TCGA-B8-A54I-01,-1.692
TCGA-B8-A54J-01,-0.7638
TCGA-B8-A7U6-01,-1.0073
TCGA-B8-A8YJ-01,-0.5739
TCGA-BP-4158-01,-0.011
TCGA-BP-4159-01,0.3843
TCGA-BP-4160-01,0.1671
TCGA-BP-4161-01,0.6146
TCGA-BP-4162-01,0.1848
TCGA-BP-4163-01,0.0538
TCGA-BP-4164-01,1.3034
TCGA-BP-4165-01,-0.9076
TCGA-BP-4166-01,0.4227
TCGA-BP-4167-01,-1.2276
TCGA-BP-4169-01,0.8065
TCGA-BP-4170-01,0.249
TCGA-BP-4173-01,-0.175
TCGA-BP-4174-01,-0.4949
TCGA-BP-4176-01,0.5211
TCGA-BP-4177-01,0.3416
TCGA-BP-4325-01,0.4801
TCGA-BP-4326-01,-0.411
TCGA-BP-4327-01,-0.8428
TCGA-BP-4329-01,1.4474
TCGA-BP-4330-01,0.5776
TCGA-BP-4332-01,0.2967
TCGA-BP-4334-01,-1.1736
TCGA-BP-4335-01,-0.4896
TCGA-BP-4337-01,-1.5224
TCGA-BP-4338-01,-0.7908
TCGA-BP-4340-01,0.1985
TCGA-BP-4341-01,-0.5146
TCGA-BP-4343-01,2.7396
TCGA-BP-4345-01,-0.7159
TCGA-BP-4346-01,-0.497
TCGA-BP-4347-01,-0.5262
TCGA-BP-4349-01,-0.7175
TCGA-BP-4351-01,-0.7778
TCGA-BP-4352-01,-1.4686
TCGA-BP-4354-01,-0.4514
TCGA-BP-4355-01,-0.52
TCGA-BP-4756-01,-0.5294
TCGA-BP-4758-01,-0.5836
TCGA-BP-4759-01,0.353
TCGA-BP-4760-01,0.665
TCGA-BP-4761-01,-1.8448
TCGA-BP-4762-01,1.5747
TCGA-BP-4763-01,1.261
TCGA-BP-4765-01,0.2047
TCGA-BP-4766-01,0.1589
TCGA-BP-4768-01,0.4324
TCGA-BP-4769-01,-0.057
TCGA-BP-4770-01,-2.5445
TCGA-BP-4771-01,-0.8807
TCGA-BP-4774-01,-0.3541
TCGA-BP-4775-01,1.7724
TCGA-BP-4776-01,-0.8841
TCGA-BP-4777-01,-0.5568
TCGA-BP-4781-01,0.5623
TCGA-BP-4782-01,-0.5413
TCGA-BP-4784-01,0.767
TCGA-BP-4787-01,-0.7946
TCGA-BP-4789-01,1.4652
TCGA-BP-4790-01,1.2153
TCGA-BP-4795-01,0.2
TCGA-BP-4797-01,-0.0368
TCGA-BP-4798-01,-0.727
TCGA-BP-4799-01,0.8731
TCGA-BP-4801-01,-0.0227
TCGA-BP-4803-01,0.8936
TCGA-BP-4804-01,-0.3048
TCGA-BP-4807-01,0.8106
TCGA-BP-4959-01,-0.3827
TCGA-BP-4960-01,-0.7446
TCGA-BP-4961-01,1.0126
TCGA-BP-4962-01,-0.8293
TCGA-BP-4963-01,-0.1803
TCGA-BP-4964-01,1.2242
TCGA-BP-4965-01,1.1422
TCGA-BP-4967-01,2.3983
TCGA-BP-4968-01,-0.8247
TCGA-BP-4969-01,-1.356
TCGA-BP-4970-01,0.6179
TCGA-BP-4971-01,-1.1935
TCGA-BP-4972-01,0.8228
TCGA-BP-4973-01,0.6048
TCGA-BP-4974-01,-0.1916
TCGA-BP-4975-01,1.7472
TCGA-BP-4977-01,1.1512
TCGA-BP-4981-01,-1.1768
TCGA-BP-4982-01,1.1698
TCGA-BP-4983-01,0.7115
TCGA-BP-4985-01,-1.7741
TCGA-BP-4987-01,0.7975
TCGA-BP-4989-01,-0.7677
TCGA-BP-4991-01,1.4177
TCGA-BP-4992-01,-1.5396
TCGA-BP-4993-01,-0.2007
TCGA-BP-4994-01,1.2339
TCGA-BP-4998-01,0.1313
TCGA-BP-4999-01,1.1016
TCGA-BP-5000-01,-0.8527
TCGA-BP-5001-01,-0.9992
TCGA-BP-5004-01,0.4515
TCGA-BP-5007-01,0.4328
TCGA-BP-5008-01,0.2646
TCGA-BP-5010-01,-0.9243
TCGA-BP-5168-01,0.3722
TCGA-BP-5169-01,-1.6681
TCGA-BP-5170-01,-0.0135
TCGA-BP-5173-01,-0.7352
TCGA-BP-5174-01,-1.2725
TCGA-BP-5175-01,-1.6324
TCGA-BP-5176-01,-0.7572
TCGA-BP-5177-01,-0.4593
TCGA-BP-5178-01,-1.0226
TCGA-BP-5180-01,-0.1532
TCGA-BP-5182-01,-0.1619
TCGA-BP-5183-01,-0.4159
TCGA-BP-5184-01,0.6876
TCGA-BP-5185-01,-1.0123
TCGA-BP-5186-01,0.5515
TCGA-BP-5187-01,1.2515
TCGA-BP-5189-01,0.4202
TCGA-BP-5190-01,-0.8319
TCGA-BP-5191-01,-2.0017
TCGA-BP-5192-01,0.9313
TCGA-BP-5194-01,2.1834
TCGA-BP-5195-01,-0.0866
TCGA-BP-5196-01,-0.404
TCGA-BP-5198-01,-0.7952
TCGA-BP-5200-01,0.522
TCGA-BP-5201-01,-0.2312
TCGA-BP-5202-01,0.2091
TCGA-CJ-4634-01,0.4835
TCGA-CJ-4635-01,0.7577
TCGA-CJ-4636-01,-0.5457
TCGA-CJ-4637-01,-0.2058
TCGA-CJ-4638-01,-1.5863
TCGA-CJ-4639-01,1.4054
TCGA-CJ-4640-01,-0.2944
TCGA-CJ-4641-01,-0.4829
TCGA-CJ-4643-01,0.4895
TCGA-CJ-4644-01,-0.0089
TCGA-CJ-4868-01,-0.3821
TCGA-CJ-4869-01,-0.8764
TCGA-CJ-4870-01,0.0782
TCGA-CJ-4871-01,0.4211
TCGA-CJ-4872-01,0.8193
TCGA-CJ-4873-01,-1.3941
TCGA-CJ-4874-01,0.5384
TCGA-CJ-4875-01,-0.5615
TCGA-CJ-4876-01,-0.8392
TCGA-CJ-4878-01,-0.9991
TCGA-CJ-4881-01,-1.0533
TCGA-CJ-4882-01,-0.5691
TCGA-CJ-4884-01,-0.5308
TCGA-CJ-4885-01,1.0445
TCGA-CJ-4886-01,0.4617
TCGA-CJ-4887-01,-1.1401
TCGA-CJ-4888-01,-0.6289
TCGA-CJ-4889-01,-0.1483
TCGA-CJ-4890-01,-0.2199
TCGA-CJ-4891-01,-1.3937
TCGA-CJ-4892-01,-0.6245
TCGA-CJ-4893-01,0.157
TCGA-CJ-4894-01,0.6965
TCGA-CJ-4895-01,-0.337
TCGA-CJ-4897-01,1.29
TCGA-CJ-4899-01,0.3401
TCGA-CJ-4900-01,-0.8184
TCGA-CJ-4901-01,0.235
TCGA-CJ-4902-01,-0.1753
TCGA-CJ-4903-01,0.7551
TCGA-CJ-4904-01,0.5672
TCGA-CJ-4905-01,1.4985
TCGA-CJ-4907-01,0.8803
TCGA-CJ-4908-01,0.1305
TCGA-CJ-4912-01,-1.3639
TCGA-CJ-4913-01,
TCGA-CJ-4916-01,-0.5827
TCGA-CJ-4918-01,0.2162
TCGA-CJ-4920-01,0.2852
TCGA-CJ-4923-01,-0.9096
TCGA-CJ-5671-01,-0.5306
TCGA-CJ-5672-01,-0.8868
TCGA-CJ-5675-01,-0.3967
TCGA-CJ-5676-01,-0.5031
TCGA-CJ-5677-01,-0.9895
TCGA-CJ-5678-01,-0.5278
TCGA-CJ-5679-01,-0.9993
TCGA-CJ-5680-01,-0.3317
TCGA-CJ-5681-01,1.6169
TCGA-CJ-5682-01,0.3491
TCGA-CJ-5683-01,-0.0842
TCGA-CJ-5684-01,0.1599
TCGA-CJ-5686-01,0.0794
TCGA-CJ-5689-01,-0.3341
TCGA-CJ-6027-01,-0.3664
TCGA-CJ-6028-01,2.0399
TCGA-CJ-6030-01,0.1106
TCGA-CJ-6031-01,-0.3741
TCGA-CJ-6032-01,0.2051
TCGA-CJ-6033-01,-0.7616
TCGA-CW-5580-01,1.583
TCGA-CW-5581-01,0.3195
TCGA-CW-5583-01,1.5717
TCGA-CW-5584-01,-0.086
TCGA-CW-5585-01,0.9564
TCGA-CW-5587-01,0.5304
TCGA-CW-5588-01,0.7718
TCGA-CW-5589-01,0.6043
TCGA-CW-5591-01,0.0857
TCGA-CW-6087-01,-0.0874
TCGA-CW-6088-01,1.4379
TCGA-CW-6090-01,0.8111
TCGA-CW-6093-01,0.6252
TCGA-CW-6097-01,0.2808
TCGA-CZ-4853-01,0.9243
TCGA-CZ-4854-01,-0.3315
TCGA-CZ-4856-01,0.1234
TCGA-CZ-4857-01,0.344
TCGA-CZ-4858-01,0.5785
TCGA-CZ-4859-01,0.5567
TCGA-CZ-4860-01,2.3618
TCGA-CZ-4861-01,1.8254
TCGA-CZ-4862-01,0.4512
TCGA-CZ-4863-01,-0.3122
TCGA-CZ-4864-01,0.133
TCGA-CZ-4866-01,0.2778
TCGA-CZ-5451-01,0.2098
TCGA-CZ-5452-01,-0.9435
TCGA-CZ-5453-01,-0.1387
TCGA-CZ-5454-01,1.7757
TCGA-CZ-5455-01,0.8826
TCGA-CZ-5456-01,0.0668
TCGA-CZ-5457-01,-0.5045
TCGA-CZ-5458-01,2.9851
TCGA-CZ-5459-01,-0.6789
TCGA-CZ-5460-01,-0.0697
TCGA-CZ-5461-01,1.0854
TCGA-CZ-5462-01,-0.9357
TCGA-CZ-5463-01,1.3158
TCGA-CZ-5464-01,0.4823
TCGA-CZ-5465-01,2.3318
TCGA-CZ-5466-01,-1.8406
TCGA-CZ-5467-01,0.5954
TCGA-CZ-5468-01,-1.266
TCGA-CZ-5469-01,-0.8014
TCGA-CZ-5470-01,-0.2359
TCGA-CZ-5982-01,0.4135
TCGA-CZ-5984-01,0.1223
TCGA-CZ-5985-01,0.4329
TCGA-CZ-5986-01,2.0372
TCGA-CZ-5987-01,-0.8663
TCGA-CZ-5988-01,0.9135
TCGA-CZ-5989-01,6.3926
TCGA-DV-5565-01,-0.9131
TCGA-DV-5566-01,-0.5116
TCGA-DV-5567-01,1.3562
TCGA-DV-5569-01,-0.0262
TCGA-DV-5574-01,-0.2351
TCGA-DV-5575-01,0.3203
TCGA-DV-5576-01,0.2758
TCGA-DV-A4VX-01,-1.3004
TCGA-DV-A4VZ-01,-1.3927
TCGA-DV-A4W0-01,0.2053
TCGA-EU-5904-01,0.7293
TCGA-EU-5905-01,0.3189
TCGA-EU-5906-01,1.0576
TCGA-EU-5907-01,-0.2071
TCGA-G6-A5PC-01,-1.6173
TCGA-G6-A8L6-01,-0.5839
TCGA-G6-A8L7-01,-1.8502
TCGA-G6-A8L8-01,-1.164
TCGA-GK-A6C7-01,-0.4309
TCGA-MM-A563-01,-0.9013
TCGA-MM-A564-01,-1.7105
TCGA-MM-A84U-01,-1.4735
TCGA-MW-A4EC-01,-0.9927
TCGA-T7-A92I-01,-0.5736
TCGA-2K-A9WE-01,-0.5663
TCGA-2Z-A9J1-01,-0.9819
TCGA-2Z-A9J2-01,-0.6168
TCGA-2Z-A9J3-01,-0.6647
TCGA-2Z-A9J5-01,-1.3086
TCGA-2Z-A9J6-01,-0.9101
TCGA-2Z-A9J7-01,-1.0657
TCGA-2Z-A9J8-01,0.3569
TCGA-2Z-A9J9-01,1.601
TCGA-2Z-A9JD-01,0.0926
TCGA-2Z-A9JE-01,-0.4024
TCGA-2Z-A9JG-01,-0.1736
TCGA-2Z-A9JI-01,0.522
TCGA-2Z-A9JJ-01,0.4366
TCGA-2Z-A9JK-01,-0.0424
TCGA-2Z-A9JL-01,0.0232
TCGA-2Z-A9JM-01,-0.5569
TCGA-2Z-A9JN-01,0.1477
TCGA-2Z-A9JO-01,-0.473
TCGA-2Z-A9JP-01,-1.1458
TCGA-2Z-A9JQ-01,-0.9686
TCGA-2Z-A9JR-01,-0.7611
TCGA-2Z-A9JS-01,-0.2866
TCGA-2Z-A9JT-01,-1.3621
TCGA-4A-A93W-01,0.1037
TCGA-4A-A93X-01,-2.2819
TCGA-4A-A93Y-01,-0.4648
TCGA-5P-A9JU-01,0.7242
TCGA-5P-A9JV-01,0.1431
TCGA-5P-A9JW-01,-1.0878
TCGA-5P-A9JY-01,-0.6927
TCGA-5P-A9JZ-01,-0.9052
TCGA-5P-A9K0-01,-0.8881
TCGA-5P-A9K2-01,-1.0748
TCGA-5P-A9K3-01,0.0759
TCGA-5P-A9K4-01,1.6621
TCGA-5P-A9K6-01,-0.6556
TCGA-5P-A9K8-01,0.5945
TCGA-5P-A9K9-01,-0.1624
TCGA-5P-A9KA-01,1.0604
TCGA-5P-A9KC-01,-0.1386
TCGA-5P-A9KE-01,-0.7863
TCGA-5P-A9KH-01,2.9164
TCGA-A4-7286-01,-0.6814
TCGA-A4-7287-01,-1.5726
TCGA-A4-7288-01,1.1324
TCGA-A4-7583-01,0.2309
TCGA-A4-7584-01,0.1243
TCGA-A4-7585-01,1.1223
TCGA-A4-7732-01,-0.0452
TCGA-A4-7734-01,1.3785
TCGA-A4-7828-01,0.4805
TCGA-A4-7915-01,2.4712
TCGA-A4-7996-01,0.408
TCGA-A4-7997-01,1.0794
TCGA-A4-8098-01,-1.9116
TCGA-A4-8310-01,-0.6483
TCGA-A4-8311-01,-0.4816
TCGA-A4-8312-01,0.2908
TCGA-A4-8515-01,0.5953
TCGA-A4-8516-01,-0.5077
TCGA-A4-8517-01,-0.2927
TCGA-A4-8518-01,-0.7535
TCGA-A4-8630-01,0.0903
TCGA-A4-A48D-01,-1.0768
TCGA-A4-A4ZT-01,-0.0809
TCGA-A4-A57E-01,-0.4647
TCGA-A4-A5DU-01,-0.6846
TCGA-A4-A5XZ-01,-0.2431
TCGA-A4-A5Y0-01,-1.6047
TCGA-A4-A5Y1-01,3.0306
TCGA-A4-A6HP-01,-1.1796
TCGA-A4-A772-01,-0.9099
TCGA-A4-A7UZ-01,-0.4901
TCGA-AL-3466-01,-0.6116
TCGA-AL-3467-01,4.5074
TCGA-AL-3471-01,-0.4425
TCGA-AL-3472-01,0.589
TCGA-AL-3473-01,0.2239
TCGA-AL-7173-01,-0.5344
TCGA-AT-A5NU-01,-0.5574
TCGA-B1-5398-01,-1.4248
TCGA-B1-7332-01,0.383
TCGA-B1-A47M-01,-1.3413
TCGA-B1-A47N-01,-0.7706
TCGA-B1-A654-01,-0.9823
TCGA-B1-A655-01,0.216
TCGA-B1-A656-01,-1.1596
TCGA-B1-A657-01,-0.0846
TCGA-B3-3925-01,1.4739
TCGA-B3-3926-01,2.0484
TCGA-B3-4103-01,0.6683
TCGA-B3-4104-01,-0.9605
TCGA-B3-8121-01,0.1646
TCGA-B3-A6W5-01,-0.5394
TCGA-B9-4113-01,0.2724
TCGA-B9-4114-01,0.1754
TCGA-B9-4115-01,0.2839
TCGA-B9-4116-01,2.3327
TCGA-B9-4117-01,2.4169
TCGA-B9-4617-01,-0.6435
TCGA-B9-5155-01,0.7618
TCGA-B9-5156-01,0.3132
TCGA-B9-7268-01,0.0223
TCGA-B9-A44B-01,-0.1538
TCGA-B9-A5W7-01,0.1058
TCGA-B9-A5W8-01,-0.7099
TCGA-B9-A5W9-01,-0.5265
TCGA-B9-A69E-01,-0.215
TCGA-B9-A8YH-01,0.1508
TCGA-B9-A8YI-01,-0.2786
TCGA-BQ-5875-01,-2.0544
TCGA-BQ-5876-01,1.6309
TCGA-BQ-5877-01,1.4047
TCGA-BQ-5878-01,1.3628
TCGA-BQ-5879-01,2.5228
TCGA-BQ-5880-01,-0.0106
TCGA-BQ-5881-01,-1.3839
TCGA-BQ-5882-01,1.71
TCGA-BQ-5883-01,1.0316
TCGA-BQ-5884-01,1.0607
TCGA-BQ-5885-01,0.7419
TCGA-BQ-5886-01,-0.4703
TCGA-BQ-5887-01,0.1834
TCGA-BQ-5888-01,-1.1038
TCGA-BQ-5889-01,-0.261
TCGA-BQ-5890-01,0.0111
TCGA-BQ-5891-01,1.9744
TCGA-BQ-5892-01,0.5714
TCGA-BQ-5893-01,0.672
TCGA-BQ-5894-01,-0.2574
TCGA-BQ-7044-01,0.2208
TCGA-BQ-7045-01,-0.5807
TCGA-BQ-7046-01,-0.6293
TCGA-BQ-7048-01,0.5527
TCGA-BQ-7050-01,0.6226
TCGA-BQ-7051-01,0.5318
TCGA-BQ-7053-01,-0.0679
TCGA-BQ-7055-01,1.4367
TCGA-BQ-7058-01,0.4013
TCGA-BQ-7059-01,-0.1418
TCGA-BQ-7060-01,-0.3679
TCGA-BQ-7061-01,1.7972
TCGA-BQ-7062-01,0.001
TCGA-DW-5560-01,-0.7406
TCGA-DW-5561-01,-0.4125
TCGA-DW-7834-01,0.1744
TCGA-DW-7836-01,-0.095
TCGA-DW-7837-01,-0.022
TCGA-DW-7838-01,-0.554
TCGA-DW-7839-01,1.6305
TCGA-DW-7840-01,-0.621
TCGA-DW-7841-01,-0.2591
TCGA-DW-7842-01,1.5369
TCGA-DW-7963-01,-0.8651
TCGA-DZ-6131-01,2.886
TCGA-DZ-6132-01,0.1237
TCGA-DZ-6133-01,0.4906
TCGA-DZ-6134-01,0.1825
TCGA-DZ-6135-01,1.4811
TCGA-EV-5901-01,1.3247
TCGA-EV-5902-01,0.6524
TCGA-EV-5903-01,0.5931
TCGA-F9-A4JJ-01,0.8243
TCGA-F9-A7Q0-01,-0.5647
TCGA-F9-A7VF-01,-1.2784
TCGA-F9-A8NY-01,-0.4125
TCGA-F9-A97G-01,0.193
TCGA-G7-6789-01,1.6295
TCGA-G7-6790-01,-0.1827
TCGA-G7-6792-01,1.5584
TCGA-G7-6793-01,0.4722
TCGA-G7-6795-01,-1.6135
TCGA-G7-6796-01,-0.9738
TCGA-G7-6797-01,1.2336
TCGA-G7-7501-01,3.1898
TCGA-G7-7502-01,1.7639
TCGA-G7-A4TM-01,-0.2622
TCGA-G7-A8LB-01,-0.6175
TCGA-G7-A8LC-01,-0.5121
TCGA-G7-A8LD-01,0.864
TCGA-G7-A8LE-01,0.9682
TCGA-GL-6846-01,0.4753
TCGA-GL-7773-01,0.7897
TCGA-GL-7966-01,3.2589
TCGA-GL-8500-01,-0.2687
TCGA-GL-A4EM-01,-2.1557
TCGA-GL-A59R-01,-0.5721
TCGA-GL-A59T-01,-1.299
TCGA-GL-A9DC-01,0.2435
TCGA-GL-A9DD-01,-0.6063
TCGA-GL-A9DE-01,0.6761
TCGA-HE-7128-01,0.7412
TCGA-HE-7129-01,0.6273
TCGA-HE-7130-01,-1.7016
TCGA-HE-A5NF-01,-0.8184
TCGA-HE-A5NH-01,0.0087
TCGA-HE-A5NI-01,-0.9758
TCGA-HE-A5NJ-01,-0.2715
TCGA-HE-A5NK-01,-0.7528
TCGA-HE-A5NL-01,-0.6126
TCGA-IA-A40U-01,-0.8846
TCGA-IA-A40X-01,-0.7235
TCGA-IA-A40Y-01,0.0361
TCGA-IA-A83S-01,-0.4916
TCGA-IA-A83T-01,-1.603
TCGA-IA-A83V-01,-0.9324
TCGA-IA-A83W-01,0.0661
TCGA-IZ-8195-01,0.26
TCGA-IZ-8196-01,1.0191
TCGA-IZ-A6M8-01,-1.6915
TCGA-IZ-A6M9-01,-1.0113
TCGA-J7-6720-01,0.0447
TCGA-J7-8537-01,0.6062
TCGA-J7-A8I2-01,-2.1739
TCGA-KV-A6GD-01,-1.0515
TCGA-KV-A6GE-01,-0.9545
TCGA-KV-A74V-01,-0.8004
TCGA-MH-A55W-01,-0.3497
TCGA-MH-A55Z-01,-0.9482
TCGA-MH-A560-01,-1.4592
TCGA-MH-A561-01,-0.5063
TCGA-MH-A562-01,-1.1431
TCGA-MH-A854-01,-0.9006
TCGA-MH-A855-01,-0.2824
TCGA-MH-A856-01,0.0298
TCGA-MH-A857-01,0.4936
TCGA-O9-A75Z-01,0.348
TCGA-P4-A5E6-01,-0.9006
TCGA-P4-A5E7-01,-0.267
TCGA-P4-A5E8-01,-0.2173
TCGA-P4-A5EA-01,-0.0497
TCGA-P4-A5EB-01,0.7324
TCGA-P4-A5ED-01,-0.6452
TCGA-P4-AAVK-01,-0.5528
TCGA-P4-AAVL-01,-0.7661
TCGA-P4-AAVM-01,-0.6362
TCGA-P4-AAVO-01,-0.9535
TCGA-PJ-A5Z8-01,0.2955
TCGA-PJ-A5Z9-01,-1.156
TCGA-Q2-A5QZ-01,-1.844
TCGA-SX-A71R-01,-0.9547
TCGA-SX-A71S-01,1.0828
TCGA-SX-A71U-01,-0.2253
TCGA-SX-A71V-01,-0.3737
TCGA-SX-A7SL-01,-0.8328
TCGA-SX-A7SM-01,-0.0674
TCGA-SX-A7SN-01,-0.3142
TCGA-SX-A7SO-01,1.0152
TCGA-SX-A7SP-01,0.2843
TCGA-SX-A7SQ-01,-0.1384
TCGA-SX-A7SR-01,-0.2306
TCGA-SX-A7SS-01,-0.7045
TCGA-SX-A7SU-01,-0.5775
TCGA-UN-AAZ9-01,0.8331
TCGA-UZ-A9PJ-01,0.583
TCGA-UZ-A9PK-01,-0.5493
TCGA-UZ-A9PL-01,-1.2079
TCGA-UZ-A9PM-01,-1.4087
TCGA-UZ-A9PN-01,-0.2225
TCGA-UZ-A9PO-01,-0.493
TCGA-UZ-A9PP-01,0.0603
TCGA-UZ-A9PQ-01,1.8103
TCGA-UZ-A9PR-01,0.8466
TCGA-UZ-A9PS-01,0.336
TCGA-UZ-A9PU-01,0.3341
TCGA-UZ-A9PV-01,-0.5471
TCGA-UZ-A9PX-01,0.0173
TCGA-UZ-A9PZ-01,-0.7876
TCGA-UZ-A9Q0-01,-0.7694
TCGA-UZ-A9Q1-01,0.3783
TCGA-V9-A7HT-01,-0.4193
TCGA-WN-A9G9-01,-0.2937
TCGA-WN-AB4C-01,1.4444
TCGA-Y8-A894-01,0.9547
TCGA-Y8-A895-01,-0.2677
TCGA-Y8-A896-01,0.4807
TCGA-Y8-A897-01,-0.4136
TCGA-Y8-A898-01,-1.0891
TCGA-Y8-A8RY-01,-0.3723
TCGA-Y8-A8RZ-01,-0.1429
TCGA-Y8-A8S0-01,0.4888
TCGA-Y8-A8S1-01,-2.1541
TCGA-AB-2802-03,
TCGA-AB-2803-03,-0.3581
TCGA-AB-2804-03,
TCGA-AB-2805-03,1.5955
TCGA-AB-2806-03,1.7537
TCGA-AB-2807-03,0.9944
TCGA-AB-2808-03,1.1329
TCGA-AB-2809-03,
TCGA-AB-2810-03,-1.7517
TCGA-AB-2811-03,-1.134
TCGA-AB-2812-03,1.1347
TCGA-AB-2813-03,1.0133
TCGA-AB-2814-03,1.8841
TCGA-AB-2815-03,0.3919
TCGA-AB-2816-03,-0.782
TCGA-AB-2817-03,-0.1954
TCGA-AB-2818-03,0.887
TCGA-AB-2819-03,0.275
TCGA-AB-2820-03,-0.1321
TCGA-AB-2821-03,0.4523
TCGA-AB-2822-03,2.1051
TCGA-AB-2823-03,0.5166
TCGA-AB-2824-03,0.0651
TCGA-AB-2825-03,-0.2531
TCGA-AB-2826-03,-0.2214
TCGA-AB-2827-03,
TCGA-AB-2828-03,0.5704
TCGA-AB-2829-03,
TCGA-AB-2830-03,0.2465
TCGA-AB-2831-03,
TCGA-AB-2832-03,-1.5417
TCGA-AB-2833-03,-0.197
TCGA-AB-2834-03,0.4274
TCGA-AB-2835-03,-0.7836
TCGA-AB-2836-03,-0.2974
TCGA-AB-2837-03,0.0583
TCGA-AB-2838-03,0.9808
TCGA-AB-2839-03,1.397
TCGA-AB-2840-03,-1.1127
TCGA-AB-2841-03,-1.0026
TCGA-AB-2842-03,2.1906
TCGA-AB-2843-03,-0.1853
TCGA-AB-2844-03,0.0754
TCGA-AB-2845-03,-0.1723
TCGA-AB-2846-03,0.2847
TCGA-AB-2847-03,-0.3834
TCGA-AB-2848-03,-0.4524
TCGA-AB-2849-03,2.5254
TCGA-AB-2850-03,
TCGA-AB-2851-03,-0.4541
TCGA-AB-2853-03,1.6905
TCGA-AB-2854-03,-0.634
TCGA-AB-2855-03,-0.0347
TCGA-AB-2856-03,-1.9306
TCGA-AB-2857-03,0.9929
TCGA-AB-2858-03,0.2599
TCGA-AB-2859-03,0.458
TCGA-AB-2860-03,0.2139
TCGA-AB-2861-03,-1.134
TCGA-AB-2862-03,-1.1322
TCGA-AB-2863-03,1.7121
TCGA-AB-2864-03,
TCGA-AB-2865-03,0.1001
TCGA-AB-2866-03,-1.0235
TCGA-AB-2867-03,1.6023
TCGA-AB-2868-03,-0.0056
TCGA-AB-2869-03,-0.2112
TCGA-AB-2870-03,-0.5043
TCGA-AB-2871-03,-1.7803
TCGA-AB-2872-03,-1.0378
TCGA-AB-2873-03,-0.3166
TCGA-AB-2874-03,1.3881
TCGA-AB-2875-03,0.4566
TCGA-AB-2876-03,
TCGA-AB-2877-03,-0.9241
TCGA-AB-2878-03,
TCGA-AB-2879-03,-0.4694
TCGA-AB-2880-03,-0.1409
TCGA-AB-2881-03,0.3944
TCGA-AB-2882-03,0.5436
TCGA-AB-2883-03,
TCGA-AB-2884-03,-0.662
TCGA-AB-2885-03,1.6704
TCGA-AB-2886-03,0.3648
TCGA-AB-2887-03,0.4461
TCGA-AB-2888-03,-0.0121
TCGA-AB-2889-03,0.1432
TCGA-AB-2890-03,0.2005
TCGA-AB-2891-03,0.3899
TCGA-AB-2892-03,
TCGA-AB-2893-03,
TCGA-AB-2894-03,
TCGA-AB-2895-03,-0.1296
TCGA-AB-2896-03,-0.305
TCGA-AB-2897-03,-0.6342
TCGA-AB-2898-03,0.0499
TCGA-AB-2899-03,-0.1511
TCGA-AB-2900-03,-0.8125
TCGA-AB-2901-03,0.1336
TCGA-AB-2903-03,-0.0384
TCGA-AB-2904-03,0.2047
TCGA-AB-2905-03,
TCGA-AB-2906-03,
TCGA-AB-2907-03,
TCGA-AB-2908-03,-0.5486
TCGA-AB-2909-03,0.1221
TCGA-AB-2910-03,-1.9003
TCGA-AB-2911-03,-1.161
TCGA-AB-2912-03,2.0649
TCGA-AB-2913-03,1.1332
TCGA-AB-2914-03,1.3884
TCGA-AB-2915-03,-0.3423
TCGA-AB-2916-03,0.8476
TCGA-AB-2917-03,2.0381
TCGA-AB-2918-03,-0.8741
TCGA-AB-2919-03,-0.4775
TCGA-AB-2920-03,-3.2041
TCGA-AB-2921-03,-0.6681
TCGA-AB-2922-03,
TCGA-AB-2923-03,
TCGA-AB-2924-03,0.2166
TCGA-AB-2925-03,-1.3823
TCGA-AB-2926-03,
TCGA-AB-2927-03,-0.7485
TCGA-AB-2928-03,0.6929
TCGA-AB-2929-03,0.6125
TCGA-AB-2930-03,-0.4285
TCGA-AB-2931-03,-0.5593
TCGA-AB-2932-03,-0.7561
TCGA-AB-2933-03,0.1157
TCGA-AB-2934-03,-0.949
TCGA-AB-2935-03,-0.7338
TCGA-AB-2936-03,1.4328
TCGA-AB-2937-03,-2.0119
TCGA-AB-2938-03,1.1998
TCGA-AB-2939-03,0.6351
TCGA-AB-2940-03,0.3256
TCGA-AB-2941-03,1.1273
TCGA-AB-2942-03,-0.2069
TCGA-AB-2943-03,0.4769
TCGA-AB-2944-03,0.7768
TCGA-AB-2945-03,
TCGA-AB-2946-03,0.411
TCGA-AB-2947-03,
TCGA-AB-2948-03,0.3846
TCGA-AB-2949-03,0.3617
TCGA-AB-2950-03,0.6242
TCGA-AB-2952-03,-1.4459
TCGA-AB-2954-03,-0.4817
TCGA-AB-2955-03,0.8988
TCGA-AB-2956-03,-0.792
TCGA-AB-2957-03,
TCGA-AB-2959-03,2.3567
TCGA-AB-2963-03,1.4155
TCGA-AB-2964-03,-2.428
TCGA-AB-2965-03,0.3661
TCGA-AB-2966-03,0.9657
TCGA-AB-2967-03,-0.0292
TCGA-AB-2968-03,
TCGA-AB-2969-03,-1.7218
TCGA-AB-2970-03,0.616
TCGA-AB-2971-03,-0.2933
TCGA-AB-2972-03,-1.8499
TCGA-AB-2973-03,-0.2754
TCGA-AB-2974-03,
TCGA-AB-2975-03,-2.6409
TCGA-AB-2976-03,-0.6541
TCGA-AB-2977-03,-1.6236
TCGA-AB-2978-03,-2.2332
TCGA-AB-2979-03,-1.0366
TCGA-AB-2980-03,0.5819
TCGA-AB-2981-03,-0.4288
TCGA-AB-2982-03,-0.3858
TCGA-AB-2983-03,0.5048
TCGA-AB-2984-03,-0.7804
TCGA-AB-2985-03,-0.8385
TCGA-AB-2986-03,-0.9116
TCGA-AB-2987-03,-0.5422
TCGA-AB-2988-03,-0.0106
TCGA-AB-2989-03,
TCGA-AB-2990-03,-0.8273
TCGA-AB-2991-03,0.262
TCGA-AB-2992-03,0.217
TCGA-AB-2993-03,0.157
TCGA-AB-2994-03,-0.6162
TCGA-AB-2995-03,0.323
TCGA-AB-2996-03,0.6346
TCGA-AB-2997-03,
TCGA-AB-2998-03,-0.1388
TCGA-AB-2999-03,0.2099
TCGA-AB-3000-03,0.2796
TCGA-AB-3001-03,1.5097
TCGA-AB-3002-03,0.4857
TCGA-AB-3005-03,-1.2301
TCGA-AB-3006-03,0.3487
TCGA-AB-3007-03,-0.2553
TCGA-AB-3008-03,0.4639
TCGA-AB-3009-03,0.7963
TCGA-AB-3011-03,-0.5284
TCGA-AB-3012-03,0.9804
TCGA-CS-4938-01,1.0771
TCGA-CS-4941-01,-0.2888
TCGA-CS-4942-01,0.5128
TCGA-CS-4943-01,2.5374
TCGA-CS-4944-01,-0.0169
TCGA-CS-5390-01,1.3449
TCGA-CS-5393-01,1.176
TCGA-CS-5394-01,1.4462
TCGA-CS-5395-01,2.1517
TCGA-CS-5396-01,0.8184
TCGA-CS-5397-01,-0.1581
TCGA-CS-6186-01,0.3923
TCGA-CS-6188-01,0.5059
TCGA-CS-6290-01,0.0935
TCGA-CS-6665-01,-0.0426
TCGA-CS-6666-01,0.459
TCGA-CS-6667-01,0.7151
TCGA-CS-6668-01,2.0904
TCGA-CS-6669-01,-2.1266
TCGA-CS-6670-01,-0.025
TCGA-DB-5270-01,-0.991
TCGA-DB-5273-01,0.2592
TCGA-DB-5274-01,-0.917
TCGA-DB-5275-01,-0.0884
TCGA-DB-5276-01,-0.0484
TCGA-DB-5277-01,-0.676
TCGA-DB-5278-01,-0.4171
TCGA-DB-5279-01,2.1416
TCGA-DB-5280-01,1.4407
TCGA-DB-5281-01,-0.2368
TCGA-DB-A4X9-01,0.1224
TCGA-DB-A4XA-01,-0.6176
TCGA-DB-A4XB-01,0.5406
TCGA-DB-A4XC-01,0.3492
TCGA-DB-A4XD-01,1.1579
TCGA-DB-A4XE-01,-0.3236
TCGA-DB-A4XF-01,0.6755
TCGA-DB-A4XG-01,1.1922
TCGA-DB-A4XH-01,0.5495
TCGA-DB-A64L-01,-0.312
TCGA-DB-A64O-01,-0.665
TCGA-DB-A64P-01,0.0891
TCGA-DB-A64Q-01,0.3681
TCGA-DB-A64R-01,0.454
TCGA-DB-A64S-01,-0.021
TCGA-DB-A64U-01,0.3051
TCGA-DB-A64V-01,-0.777
TCGA-DB-A64W-01,0.2924
TCGA-DB-A64X-01,-0.4462
TCGA-DB-A75K-01,-0.9964
TCGA-DB-A75L-01,-0.122
TCGA-DB-A75M-01,-0.4612
TCGA-DB-A75O-01,-0.8223
TCGA-DB-A75P-01,-1.3983
TCGA-DH-5140-01,0.5687
TCGA-DH-5141-01,-0.1033
TCGA-DH-5142-01,-0.6159
TCGA-DH-5143-01,0.4148
TCGA-DH-5144-01,1.732
TCGA-DH-A669-01,1.5598
TCGA-DH-A66B-01,-0.9543
TCGA-DH-A66D-01,-0.3147
TCGA-DH-A66F-01,0.1631
TCGA-DH-A66G-01,-0.6315
TCGA-DH-A7UR-01,-0.3811
TCGA-DH-A7US-01,-0.7339
TCGA-DH-A7UT-01,-0.8449
TCGA-DH-A7UU-01,1.0071
TCGA-DH-A7UV-01,-0.4008
TCGA-DU-5847-01,0.4867
TCGA-DU-5849-01,-0.4056
TCGA-DU-5851-01,-0.3972
TCGA-DU-5852-01,0.2332
TCGA-DU-5853-01,2.0133
TCGA-DU-5854-01,0.1989
TCGA-DU-5855-01,0.5432
TCGA-DU-5870-01,0.0301
TCGA-DU-5871-01,0.9793
TCGA-DU-5872-01,0.4302
TCGA-DU-5874-01,1.5
TCGA-DU-6392-01,-1.0289
TCGA-DU-6393-01,2.4423
TCGA-DU-6394-01,1.0509
TCGA-DU-6395-01,0.08
TCGA-DU-6396-01,-0.0593
TCGA-DU-6397-01,-0.1528
TCGA-DU-6399-01,1.7365
TCGA-DU-6400-01,0.69
TCGA-DU-6401-01,1.3234
TCGA-DU-6402-01,-1.6523
TCGA-DU-6403-01,-0.031
TCGA-DU-6404-01,-0.4605
TCGA-DU-6405-01,0.4399
TCGA-DU-6406-01,0.9744
TCGA-DU-6407-01,1.5634
TCGA-DU-6408-01,0.0319
TCGA-DU-6410-01,1.1766
TCGA-DU-6542-01,-0.637
TCGA-DU-7006-01,0.0349
TCGA-DU-7007-01,1.3745
TCGA-DU-7008-01,-0.0499
TCGA-DU-7009-01,1.5983
TCGA-DU-7010-01,1.03
TCGA-DU-7011-01,0.6061
TCGA-DU-7012-01,1.0061
TCGA-DU-7013-01,2.5335
TCGA-DU-7014-01,-0.9446
TCGA-DU-7015-01,2.0298
TCGA-DU-7018-01,0.8465
TCGA-DU-7019-01,0.5055
TCGA-DU-7290-01,0.7221
TCGA-DU-7292-01,-0.734
TCGA-DU-7294-01,1.2595
TCGA-DU-7298-01,0.4525
TCGA-DU-7299-01,1.4704
TCGA-DU-7300-01,0.3314
TCGA-DU-7301-01,2.4011
TCGA-DU-7302-01,0.6308
TCGA-DU-7304-01,0.8845
TCGA-DU-7306-01,0.7125
TCGA-DU-7309-01,-0.0532
TCGA-DU-8158-01,0.6133
TCGA-DU-8161-01,-0.4015
TCGA-DU-8162-01,-0.9403
TCGA-DU-8163-01,0.7189
TCGA-DU-8164-01,0.6717
TCGA-DU-8165-01,5.2086
TCGA-DU-8166-01,0.8342
TCGA-DU-8167-01,-0.6871
TCGA-DU-8168-01,1.2388
TCGA-DU-A5TP-01,-1.101
TCGA-DU-A5TR-01,-1.5309
TCGA-DU-A5TS-01,-0.7409
TCGA-DU-A5TT-01,-1.037
TCGA-DU-A5TU-01,-1.2764
TCGA-DU-A5TW-01,-0.4425
TCGA-DU-A5TY-01,0.2332
TCGA-DU-A6S2-01,-0.7955
TCGA-DU-A6S3-01,-0.8395
TCGA-DU-A6S6-01,-1.6056
TCGA-DU-A6S7-01,-0.27
TCGA-DU-A6S8-01,-0.1419
TCGA-DU-A76K-01,-1.5322
TCGA-DU-A76L-01,-0.7858
TCGA-DU-A76O-01,-1.4453
TCGA-DU-A76R-01,0.3304
TCGA-DU-A7T6-01,-0.562
TCGA-DU-A7T8-01,-0.3304
TCGA-DU-A7TA-01,0.5457
TCGA-DU-A7TB-01,-0.5471
TCGA-DU-A7TC-01,-1.6391
TCGA-DU-A7TD-01,1.243
TCGA-DU-A7TG-01,-1.6402
TCGA-DU-A7TI-01,0.0345
TCGA-DU-A7TJ-01,1.0238
TCGA-E1-5302-01,0.0039
TCGA-E1-5303-01,0.9285
TCGA-E1-5304-01,1.8098
TCGA-E1-5305-01,1.4647
TCGA-E1-5307-01,1.1615
TCGA-E1-5311-01,1.2903
TCGA-E1-5318-01,2.165
TCGA-E1-5319-01,1.1541
TCGA-E1-5322-01,1.5301
TCGA-E1-A7YD-01,1.2891
TCGA-E1-A7YE-01,1.3886
TCGA-E1-A7YH-01,-0.0921
TCGA-E1-A7YI-01,0.4322
TCGA-E1-A7YJ-01,0.0064
TCGA-E1-A7YK-01,-1.142
TCGA-E1-A7YL-01,-0.7505
TCGA-E1-A7YM-01,-0.5963
TCGA-E1-A7YN-01,-0.9388
TCGA-E1-A7YO-01,0.7787
TCGA-E1-A7YQ-01,-1.0869
TCGA-E1-A7YS-01,2.2594
TCGA-E1-A7YU-01,-0.8613
TCGA-E1-A7YV-01,0.8336
TCGA-E1-A7YW-01,0.4925
TCGA-E1-A7YY-01,-2.1788
TCGA-E1-A7Z2-01,-1.297
TCGA-E1-A7Z3-01,-1.1759
TCGA-E1-A7Z4-01,-0.8814
TCGA-E1-A7Z6-01,0.6468
TCGA-EZ-7264-01,1.8841
TCGA-F6-A8O3-01,0.4872
TCGA-F6-A8O4-01,0.2672
TCGA-FG-5962-01,0.1427
TCGA-FG-5963-01,-1.0982
TCGA-FG-5964-01,-0.8307
TCGA-FG-5965-01,0.8532
TCGA-FG-6688-01,-0.1494
TCGA-FG-6689-01,-0.0471
TCGA-FG-6690-01,1.0495
TCGA-FG-6691-01,1.4255
TCGA-FG-6692-01,-0.9693
TCGA-FG-7634-01,1.2173
TCGA-FG-7636-01,-0.2995
TCGA-FG-7637-01,1.6076
TCGA-FG-7638-01,-0.2596
TCGA-FG-7641-01,0.1344
TCGA-FG-7643-01,-0.9644
TCGA-FG-8181-01,-2.197
TCGA-FG-8182-01,0.7661
TCGA-FG-8185-01,-0.9615
TCGA-FG-8186-01,-0.4285
TCGA-FG-8187-01,0.1072
TCGA-FG-8188-01,1.0837
TCGA-FG-8189-01,-2.2408
TCGA-FG-8191-01,0.6897
TCGA-FG-A4MT-01,-1.1154
TCGA-FG-A4MU-01,-0.111
TCGA-FG-A4MW-01,-0.8712
TCGA-FG-A4MX-01,-0.9429
TCGA-FG-A4MY-01,-0.4711
TCGA-FG-A60J-01,0.3391
TCGA-FG-A60K-01,0.7395
TCGA-FG-A60L-01,-1.8175
TCGA-FG-A6IZ-01,-1.2718
TCGA-FG-A6J1-01,-1.7129
TCGA-FG-A6J3-01,-1.8472
TCGA-FG-A70Y-01,-0.356
TCGA-FG-A70Z-01,-0.4636
TCGA-FG-A710-01,-0.6151
TCGA-FG-A711-01,-0.6284
TCGA-FG-A713-01,-1.846
TCGA-FG-A87N-01,-0.3672
TCGA-FG-A87Q-01,-0.4528
TCGA-FN-7833-01,0.7325
TCGA-HT-7467-01,0.0854
TCGA-HT-7468-01,1.3781
TCGA-HT-7469-01,2.589
TCGA-HT-7470-01,-0.009
TCGA-HT-7471-01,0.9671
TCGA-HT-7472-01,1.334
TCGA-HT-7473-01,2.3414
TCGA-HT-7474-01,-0.7839
TCGA-HT-7475-01,-0.8821
TCGA-HT-7476-01,-0.6254
TCGA-HT-7477-01,-0.491
TCGA-HT-7478-01,0.1579
TCGA-HT-7479-01,0.6478
TCGA-HT-7480-01,0.7738
TCGA-HT-7481-01,0.4473
TCGA-HT-7482-01,1.4524
TCGA-HT-7483-01,0.5414
TCGA-HT-7485-01,1.7347
TCGA-HT-7601-01,0.2307
TCGA-HT-7602-01,0.2403
TCGA-HT-7603-01,-1.2961
TCGA-HT-7604-01,1.6692
TCGA-HT-7605-01,-0.5236
TCGA-HT-7606-01,0.3653
TCGA-HT-7607-01,-0.9727
TCGA-HT-7608-01,0.2978
TCGA-HT-7609-01,1.2251
TCGA-HT-7610-01,0.2026
TCGA-HT-7611-01,1.8737
TCGA-HT-7616-01,1.6162
TCGA-HT-7620-01,0.3837
TCGA-HT-7676-01,0.6608
TCGA-HT-7677-01,0.7622
TCGA-HT-7680-01,1.3878
TCGA-HT-7681-01,-0.9652
TCGA-HT-7684-01,-0.5311
TCGA-HT-7686-01,0.4992
TCGA-HT-7687-01,1.3073
TCGA-HT-7688-01,-1.4542
TCGA-HT-7689-01,0.8303
TCGA-HT-7690-01,0.0853
TCGA-HT-7691-01,-0.4477
TCGA-HT-7692-01,0.4678
TCGA-HT-7693-01,1.0025
TCGA-HT-7694-01,-1.0518
TCGA-HT-7695-01,0.0555
TCGA-HT-7854-01,0.9232
TCGA-HT-7855-01,1.0426
TCGA-HT-7856-01,-1.1306
TCGA-HT-7857-01,-0.4654
TCGA-HT-7858-01,0.8604
TCGA-HT-7860-01,1.2653
TCGA-HT-7873-01,0.6304
TCGA-HT-7874-01,-0.8975
TCGA-HT-7875-01,0.5535
TCGA-HT-7877-01,0.2753
TCGA-HT-7879-01,-0.4713
TCGA-HT-7880-01,-1.4961
TCGA-HT-7881-01,-1.2737
TCGA-HT-7882-01,-1.1712
TCGA-HT-7884-01,-0.2003
TCGA-HT-7902-01,-0.211
TCGA-HT-8010-01,-0.79
TCGA-HT-8011-01,-2.1859
TCGA-HT-8012-01,0.4027
TCGA-HT-8013-01,0.1292
TCGA-HT-8015-01,-1.5462
TCGA-HT-8018-01,-1.4481
TCGA-HT-8019-01,-2.2545
TCGA-HT-8104-01,0.535
TCGA-HT-8105-01,0.8077
TCGA-HT-8106-01,-0.7151
TCGA-HT-8107-01,-1.7387
TCGA-HT-8108-01,0.5079
TCGA-HT-8109-01,0.2583
TCGA-HT-8110-01,-0.1389
TCGA-HT-8111-01,0.2859
TCGA-HT-8113-01,-1.8308
TCGA-HT-8114-01,0.7659
TCGA-HT-8558-01,-1.8523
TCGA-HT-8563-01,-0.5518
TCGA-HT-8564-01,1.7818
TCGA-HT-A4DS-01,-2.2537
TCGA-HT-A4DV-01,-1.3741
TCGA-HT-A5R5-01,-0.609
TCGA-HT-A5R7-01,-1.346
TCGA-HT-A5R9-01,1.0514
TCGA-HT-A5RA-01,0.3694
TCGA-HT-A5RB-01,0.4392
TCGA-HT-A5RC-01,0.2208
TCGA-HT-A614-01,-0.3388
TCGA-HT-A615-01,0.6265
TCGA-HT-A616-01,-0.3313
TCGA-HT-A617-01,-1.0202
TCGA-HT-A618-01,0.0612
TCGA-HT-A61A-01,-1.7804
TCGA-HT-A61B-01,-0.1314
TCGA-HT-A61C-01,-1.7976
TCGA-HT-A74H-01,-1.0951
TCGA-HT-A74J-01,-0.853
TCGA-HT-A74K-01,-2.1827
TCGA-HT-A74L-01,1.3924
TCGA-HT-A74O-01,-1.8398
TCGA-HW-7486-01,0.5241
TCGA-HW-7487-01,-0.2044
TCGA-HW-7489-01,-1.133
TCGA-HW-7490-01,1.3834
TCGA-HW-7491-01,1.688
TCGA-HW-7493-01,0.2909
TCGA-HW-7495-01,-0.3968
TCGA-HW-8319-01,0.7456
TCGA-HW-8320-01,0.8485
TCGA-HW-8321-01,0.4223
TCGA-HW-8322-01,0.7066
TCGA-HW-A5KJ-01,-0.4138
TCGA-HW-A5KK-01,-0.5504
TCGA-HW-A5KL-01,0.7117
TCGA-HW-A5KM-01,1.242
TCGA-IK-7675-01,1.9697
TCGA-IK-8125-01,0.2591
TCGA-KT-A74X-01,-0.4586
TCGA-KT-A7W1-01,0.6845
TCGA-P5-A5ET-01,-0.7495
TCGA-P5-A5EU-01,0.0808
TCGA-P5-A5EV-01,-0.25
TCGA-P5-A5EW-01,1.789
TCGA-P5-A5EX-01,-0.8438
TCGA-P5-A5EY-01,-0.26
TCGA-P5-A5EZ-01,0.2534
TCGA-P5-A5F0-01,-0.7777
TCGA-P5-A5F1-01,-0.576
TCGA-P5-A5F2-01,-0.3381
TCGA-P5-A5F4-01,-1.0565
TCGA-P5-A5F6-01,0.6632
TCGA-P5-A72U-01,-1.1946
TCGA-P5-A72W-01,-2.1675
TCGA-P5-A72X-01,-0.644
TCGA-P5-A72Z-01,0.1209
TCGA-P5-A730-01,1.0335
TCGA-P5-A731-01,-1.0102
TCGA-P5-A733-01,-1.2256
TCGA-P5-A735-01,-0.5435
TCGA-P5-A736-01,-0.6513
TCGA-P5-A737-01,0.5365
TCGA-P5-A77W-01,0.2882
TCGA-P5-A77X-01,0.0214
TCGA-P5-A780-01,0.1285
TCGA-P5-A781-01,0.0297
TCGA-QH-A65R-01,-0.0542
TCGA-QH-A65S-01,0.2873
TCGA-QH-A65V-01,-0.3795
TCGA-QH-A65X-01,-2.0527
TCGA-QH-A65Z-01,0.0116
TCGA-QH-A6CS-01,-1.1651
TCGA-QH-A6CU-01,-0.8356
TCGA-QH-A6CV-01,-0.9322
TCGA-QH-A6CW-01,-0.0579
TCGA-QH-A6CX-01,-0.926
TCGA-QH-A6CY-01,-0.4136
TCGA-QH-A6CZ-01,0.4364
TCGA-QH-A6X3-01,1.3361
TCGA-QH-A6X4-01,-0.4533
TCGA-QH-A6X5-01,-0.6763
TCGA-QH-A6X8-01,0.008
TCGA-QH-A6X9-01,1.1079
TCGA-QH-A6XA-01,0.2462
TCGA-QH-A6XC-01,-1.7178
TCGA-QH-A86X-01,-0.1527
TCGA-QH-A870-01,0.2942
TCGA-R8-A6MK-01,0.3264
TCGA-R8-A6ML-01,0.2369
TCGA-R8-A6MO-01,0.0073
TCGA-R8-A6YH-01,-0.7468
TCGA-RY-A83X-01,-0.1784
TCGA-RY-A83Y-01,-1.1999
TCGA-RY-A83Z-01,-1.1498
TCGA-RY-A840-01,-0.7322
TCGA-RY-A843-01,0.213
TCGA-RY-A845-01,-0.0137
TCGA-RY-A847-01,-0.1235
TCGA-S9-A6TS-01,-0.553
TCGA-S9-A6TU-01,-0.6883
TCGA-S9-A6TV-01,-0.9347
TCGA-S9-A6TW-01,-0.8867
TCGA-S9-A6TX-01,-0.5947
TCGA-S9-A6TY-01,0.5793
TCGA-S9-A6TZ-01,1.3181
TCGA-S9-A6U0-01,-1.0552
TCGA-S9-A6U1-01,0.8178
TCGA-S9-A6U2-01,0.7591
TCGA-S9-A6U5-01,-0.3161
TCGA-S9-A6U6-01,-0.2396
TCGA-S9-A6U8-01,0.5019
TCGA-S9-A6U9-01,0.1869
TCGA-S9-A6UA-01,-1.0445
TCGA-S9-A6UB-01,1.1994
TCGA-S9-A6WD-01,0.6572
TCGA-S9-A6WE-01,0.1811
TCGA-S9-A6WG-01,-0.7023
TCGA-S9-A6WH-01,0.3897
TCGA-S9-A6WI-01,-2.0091
TCGA-S9-A6WL-01,-0.2264
TCGA-S9-A6WM-01,-0.3845
TCGA-S9-A6WN-01,-0.3474
TCGA-S9-A6WO-01,0.8617
TCGA-S9-A6WP-01,-0.2235
TCGA-S9-A6WQ-01,-0.6341
TCGA-S9-A7IQ-01,-2.0313
TCGA-S9-A7IS-01,0.7684
TCGA-S9-A7IX-01,-0.7492
TCGA-S9-A7IY-01,0.0166
TCGA-S9-A7IZ-01,-0.4745
TCGA-S9-A7J0-01,0.4062
TCGA-S9-A7J1-01,0.45
TCGA-S9-A7J2-01,0.1532
TCGA-S9-A7J3-01,0.3395
TCGA-S9-A7QW-01,-1.109
TCGA-S9-A7QX-01,0.0479
TCGA-S9-A7QY-01,-0.5077
TCGA-S9-A7QZ-01,0.2276
TCGA-S9-A7R1-01,-0.0027
TCGA-S9-A7R2-01,-0.5493
TCGA-S9-A7R3-01,0.4954
TCGA-S9-A7R4-01,1.0802
TCGA-S9-A7R7-01,0.2753
TCGA-S9-A7R8-01,0.8049
TCGA-S9-A89V-01,-0.6989
TCGA-S9-A89Z-01,-0.0574
TCGA-TM-A7C3-01,0.1975
TCGA-TM-A7C4-01,-0.5548
TCGA-TM-A7C5-01,0.1541
TCGA-TM-A7CA-01,0.3365
TCGA-TM-A7CF-01,-0.4113
TCGA-TM-A84B-01,-0.0052
TCGA-TM-A84C-01,-0.46
TCGA-TM-A84F-01,-0.9103
TCGA-TM-A84G-01,0.9224
TCGA-TM-A84H-01,0.0291
TCGA-TM-A84I-01,1.7256
TCGA-TM-A84J-01,-0.5755
TCGA-TM-A84L-01,-0.0465
TCGA-TM-A84M-01,0.9755
TCGA-TM-A84O-01,0.0697
TCGA-TM-A84Q-01,-0.313
TCGA-TM-A84R-01,-1.4042
TCGA-TM-A84S-01,0.4624
TCGA-TM-A84T-01,0.3932
TCGA-TQ-A7RF-01,0.1003
TCGA-TQ-A7RG-01,0.2678
TCGA-TQ-A7RH-01,-0.1403
TCGA-TQ-A7RI-01,-0.3734
TCGA-TQ-A7RJ-01,0.3545
TCGA-TQ-A7RK-01,-0.1905
TCGA-TQ-A7RM-01,2.4721
TCGA-TQ-A7RN-01,0.4788
TCGA-TQ-A7RO-01,0.0925
TCGA-TQ-A7RP-01,-0.8335
TCGA-TQ-A7RQ-01,0.8264
TCGA-TQ-A7RR-01,-0.2292
TCGA-TQ-A7RS-01,-0.0154
TCGA-TQ-A7RU-01,-0.1662
TCGA-TQ-A7RV-01,-0.1941
TCGA-TQ-A7RW-01,1.1058
TCGA-TQ-A8XE-01,-0.3407
TCGA-VM-A8C8-01,-1.7894
TCGA-VM-A8C9-01,-1.9604
TCGA-VM-A8CA-01,-1.2923
TCGA-VM-A8CB-01,-0.9502
TCGA-VM-A8CD-01,-1.2487
TCGA-VM-A8CE-01,-0.3163
TCGA-VM-A8CF-01,-1.9447
TCGA-VM-A8CH-01,0.3528
TCGA-VV-A829-01,1.8465
TCGA-VV-A86M-01,0.9698
TCGA-VW-A7QS-01,-0.558
TCGA-VW-A8FI-01,0.0593
TCGA-W9-A837-01,-0.077
TCGA-WH-A86K-01,-0.3509
TCGA-WY-A858-01,-0.9487
TCGA-WY-A859-01,-1.6687
TCGA-WY-A85A-01,0.405
TCGA-WY-A85B-01,0.2238
TCGA-WY-A85C-01,0.1756
TCGA-WY-A85D-01,-0.3942
TCGA-WY-A85E-01,-0.1018
TCGA-2V-A95S-01,1.6584
TCGA-2Y-A9GS-01,1.2146
TCGA-2Y-A9GT-01,1.4831
TCGA-2Y-A9GU-01,-0.6521
TCGA-2Y-A9GV-01,-0.3775
TCGA-2Y-A9GW-01,0.7626
TCGA-2Y-A9GX-01,0.3412
TCGA-2Y-A9GY-01,-0.2434
TCGA-2Y-A9GZ-01,0.833
TCGA-2Y-A9H0-01,1.9649
TCGA-2Y-A9H1-01,-1.5859
TCGA-2Y-A9H2-01,0.6239
TCGA-2Y-A9H3-01,-1.5712
TCGA-2Y-A9H4-01,1.1871
TCGA-2Y-A9H5-01,-0.0711
TCGA-2Y-A9H6-01,-0.5716
TCGA-2Y-A9H7-01,-0.4836
TCGA-2Y-A9H8-01,-0.4295
TCGA-2Y-A9H9-01,-0.479
TCGA-2Y-A9HA-01,0.1058
TCGA-2Y-A9HB-01,0.8084
TCGA-3K-AAZ8-01,-1.0603
TCGA-4R-AA8I-01,0.7664
TCGA-5C-A9VG-01,-0.5578
TCGA-5C-A9VH-01,-0.6918
TCGA-5C-AAPD-01,-0.0815
TCGA-5R-AA1C-01,2.2414
TCGA-5R-AA1D-01,0.7003
TCGA-5R-AAAM-01,-0.2851
TCGA-BC-4072-01,0.5904
TCGA-BC-4073-01,1.9347
TCGA-BC-A10Q-01,0.0716
TCGA-BC-A10R-01,1.0476
TCGA-BC-A10S-01,-0.5857
TCGA-BC-A10T-01,0.3436
TCGA-BC-A10U-01,4.8874
TCGA-BC-A10W-01,0.6856
TCGA-BC-A10X-01,0.7339
TCGA-BC-A10Y-01,1.2151
TCGA-BC-A10Z-01,1.7693
TCGA-BC-A110-01,-0.8181
TCGA-BC-A112-01,1.01
TCGA-BC-A216-01,1.9093
TCGA-BC-A217-01,1.0338
TCGA-BC-A3KF-01,0.0282
TCGA-BC-A3KG-01,3.2472
TCGA-BC-A5W4-01,-1.0883
TCGA-BC-A69H-01,-1.9565
TCGA-BC-A69I-01,-0.0381
TCGA-BC-A8YO-01,3.0685
TCGA-BD-A2L6-01,-0.3882
TCGA-BD-A3EP-01,0.857
TCGA-BW-A5NO-01,1.5149
TCGA-BW-A5NP-01,0.7233
TCGA-BW-A5NQ-01,0.0579
TCGA-CC-5258-01,12.815
TCGA-CC-5259-01,-0.8765
TCGA-CC-5260-01,1.2855
TCGA-CC-5261-01,2.9402
TCGA-CC-5262-01,-0.9571
TCGA-CC-5263-01,2.4786
TCGA-CC-5264-01,7.3177
TCGA-CC-A123-01,-1.7226
TCGA-CC-A1HT-01,0.9562
TCGA-CC-A3M9-01,0.5595
TCGA-CC-A3MA-01,0.9259
TCGA-CC-A3MB-01,1.2362
TCGA-CC-A3MC-01,-0.9713
TCGA-CC-A5UC-01,-1.3867
TCGA-CC-A5UD-01,-1.093
TCGA-CC-A5UE-01,2.8736
TCGA-CC-A7IE-01,0.8413
TCGA-CC-A7IF-01,-0.0074
TCGA-CC-A7IG-01,-0.5901
TCGA-CC-A7IH-01,3.331
TCGA-CC-A7II-01,-1.0227
TCGA-CC-A7IJ-01,0.3242
TCGA-CC-A7IK-01,0.6562
TCGA-CC-A7IL-01,-1.1354
TCGA-CC-A8HT-01,-1.0431
TCGA-CC-A8HU-01,1.0145
TCGA-CC-A8HV-01,-0.2942
TCGA-CC-A9FS-01,2.5921
TCGA-CC-A9FU-01,-0.6452
TCGA-CC-A9FV-01,-0.208
TCGA-CC-A9FW-01,0.1143
TCGA-DD-A113-01,0.6745
TCGA-DD-A114-01,4.5519
TCGA-DD-A115-01,0.1018
TCGA-DD-A116-01,-0.6826
TCGA-DD-A118-01,0.3433
TCGA-DD-A119-01,-0.7967
TCGA-DD-A11A-01,1.9301
TCGA-DD-A11B-01,0.9379
TCGA-DD-A11C-01,1.0577
TCGA-DD-A11D-01,-0.4536
TCGA-DD-A1E9-01,
TCGA-DD-A1EA-01,3.5046
TCGA-DD-A1EB-01,1.1329
TCGA-DD-A1EC-01,-0.0989
TCGA-DD-A1ED-01,0.5946
TCGA-DD-A1EE-01,1.8603
TCGA-DD-A1EF-01,-0.104
TCGA-DD-A1EG-01,-0.7838
TCGA-DD-A1EH-01,1.4465
TCGA-DD-A1EI-01,0.1728
TCGA-DD-A1EJ-01,0.1058
TCGA-DD-A1EK-01,-0.1409
TCGA-DD-A1EL-01,0.8799
TCGA-DD-A39V-01,-0.3651
TCGA-DD-A39W-01,0.9762
TCGA-DD-A39X-01,-1.347
TCGA-DD-A39Y-01,-1.4316
TCGA-DD-A39Z-01,-1.2035
TCGA-DD-A3A0-01,
TCGA-DD-A3A1-01,-1.8225
TCGA-DD-A3A2-01,-0.4386
TCGA-DD-A3A3-01,-1.383
TCGA-DD-A3A4-01,1.138
TCGA-DD-A3A5-01,-0.9237
TCGA-DD-A3A6-01,-1.1715
TCGA-DD-A3A7-01,-1.4419
TCGA-DD-A3A8-01,-0.6814
TCGA-DD-A3A9-01,-1.4961
TCGA-DD-A4NA-01,1.2415
TCGA-DD-A4NB-01,0.2492
TCGA-DD-A4ND-01,0.3066
TCGA-DD-A4NE-01,2.1199
TCGA-DD-A4NF-01,4.2844
TCGA-DD-A4NG-01,1.1182
TCGA-DD-A4NH-01,-0.6306
TCGA-DD-A4NI-01,0.1779
TCGA-DD-A4NJ-01,1.1406
TCGA-DD-A4NK-01,-0.5696
TCGA-DD-A4NL-01,-0.4513
TCGA-DD-A4NN-01,-0.9432
TCGA-DD-A4NO-01,0.6536
TCGA-DD-A4NP-01,-0.431
TCGA-DD-A4NQ-01,-1.1038
TCGA-DD-A4NR-01,-1.0438
TCGA-DD-A4NS-01,0.446
TCGA-DD-A4NV-01,1.1287
TCGA-DD-A73A-01,-0.3786
TCGA-DD-A73B-01,1.0575
TCGA-DD-A73C-01,1.5322
TCGA-DD-A73D-01,-0.1601
TCGA-DD-A73E-01,0.2656
TCGA-DD-A73F-01,-0.2393
TCGA-DD-A73G-01,-2.041
TCGA-DD-AA3A-01,0.5694
TCGA-DD-AAC8-01,1.2458
TCGA-DD-AAC9-01,-1.4418
TCGA-DD-AACA-01,1.2975
TCGA-DD-AACB-01,-0.1308
TCGA-DD-AACC-01,-0.9304
TCGA-DD-AACD-01,-0.3564
TCGA-DD-AACE-01,-0.7311
TCGA-DD-AACF-01,1.2055
TCGA-DD-AACG-01,-0.7876
TCGA-DD-AACH-01,0.3839
TCGA-DD-AACI-01,0.6799
TCGA-DD-AACJ-01,-1.4635
TCGA-DD-AACK-01,-0.1168
TCGA-DD-AACL-01,-1.2251
TCGA-DD-AACM-01,
TCGA-DD-AACN-01,0.3088
TCGA-DD-AACO-01,-1.1013
TCGA-DD-AACP-01,-0.1567
TCGA-DD-AACQ-01,-0.856
TCGA-DD-AACS-01,2.6197
TCGA-DD-AACT-01,-1.2187
TCGA-DD-AACU-01,0.4164
TCGA-DD-AACV-01,1.2486
TCGA-DD-AACW-01,-0.49
TCGA-DD-AACX-01,0.3767
TCGA-DD-AACY-01,-0.7086
TCGA-DD-AACZ-01,1.0278
TCGA-DD-AAD0-01,-0.8177
TCGA-DD-AAD1-01,0.5139
TCGA-DD-AAD2-01,-0.8441
TCGA-DD-AAD3-01,0.1673
TCGA-DD-AAD5-01,-1.723
TCGA-DD-AAD6-01,-0.2062
TCGA-DD-AAD8-01,0.9121
TCGA-DD-AADA-01,0.4017
TCGA-DD-AADB-01,-0.3659
TCGA-DD-AADC-01,0.4731
TCGA-DD-AADD-01,0.3167
TCGA-DD-AADE-01,
TCGA-DD-AADF-01,-0.7068
TCGA-DD-AADG-01,-0.2948
TCGA-DD-AADI-01,-0.3287
TCGA-DD-AADJ-01,-1.3502
TCGA-DD-AADK-01,-1.3089
TCGA-DD-AADL-01,-0.0601
TCGA-DD-AADM-01,-1.5566
TCGA-DD-AADN-01,-1.8802
TCGA-DD-AADO-01,-1.5682
TCGA-DD-AADP-01,1.4476
TCGA-DD-AADQ-01,-0.7708
TCGA-DD-AADR-01,-0.4042
TCGA-DD-AADS-01,-1.7178
TCGA-DD-AADU-01,-1.2418
TCGA-DD-AADV-01,1.8049
TCGA-DD-AADW-01,1.2594
TCGA-DD-AADY-01,3.9379
TCGA-DD-AAE0-01,-1.482
TCGA-DD-AAE1-01,-0.6584
TCGA-DD-AAE2-01,0.2361
TCGA-DD-AAE3-01,-1.0931
TCGA-DD-AAE4-01,-0.7556
TCGA-DD-AAE6-01,-1.1486
TCGA-DD-AAE7-01,-1.0227
TCGA-DD-AAE8-01,
TCGA-DD-AAE9-01,0.3533
TCGA-DD-AAEA-01,-1.3735
TCGA-DD-AAEB-01,-0.5782
TCGA-DD-AAED-01,1.4436
TCGA-DD-AAEE-01,0.2162
TCGA-DD-AAEG-01,-0.7239
TCGA-DD-AAEH-01,1.2211
TCGA-DD-AAEI-01,-0.7018
TCGA-DD-AAEK-01,-0.373
TCGA-DD-AAVP-01,0.9465
TCGA-DD-AAVQ-01,-0.3691
TCGA-DD-AAVR-01,-0.2157
TCGA-DD-AAVS-01,0.4585
TCGA-DD-AAVU-01,-0.9791
TCGA-DD-AAVV-01,0.8799
TCGA-DD-AAVW-01,1.1863
TCGA-DD-AAVX-01,-0.4927
TCGA-DD-AAVY-01,2.1905
TCGA-DD-AAVZ-01,0.7843
TCGA-DD-AAW0-01,0.0322
TCGA-DD-AAW1-01,5.5519
TCGA-DD-AAW2-01,2.4532
TCGA-DD-AAW3-01,-0.6448
TCGA-ED-A459-01,2.6935
TCGA-ED-A4XI-01,0.1182
TCGA-ED-A5KG-01,2.5113
TCGA-ED-A627-01,0.2365
TCGA-ED-A66X-01,0.0037
TCGA-ED-A66Y-01,0.9828
TCGA-ED-A7PX-01,0.3732
TCGA-ED-A7PY-01,0.0131
TCGA-ED-A7PZ-01,-0.9499
TCGA-ED-A7XO-01,-0.5733
TCGA-ED-A7XP-01,2.4441
TCGA-ED-A82E-01,0.852
TCGA-ED-A8O5-01,1.359
TCGA-ED-A8O6-01,-0.2255
TCGA-ED-A97K-01,-0.4135
TCGA-EP-A12J-01,2.7526
TCGA-EP-A26S-01,0.6353
TCGA-EP-A2KA-01,-1.1543
TCGA-EP-A2KB-01,-0.6946
TCGA-EP-A2KC-01,0.3206
TCGA-EP-A3JL-01,-0.6379
TCGA-EP-A3RK-01,-0.0344
TCGA-ES-A2HS-01,-0.9458
TCGA-ES-A2HT-01,-1.4289
TCGA-FV-A23B-01,0.3839
TCGA-FV-A2QQ-01,-0.9439
TCGA-FV-A2QR-01,0.6729
TCGA-FV-A3I0-01,1.8784
TCGA-FV-A3I1-01,-0.2409
TCGA-FV-A3R2-01,-0.1022
TCGA-FV-A3R3-01,0.501
TCGA-FV-A495-01,-1.4875
TCGA-FV-A496-01,0.0066
TCGA-FV-A4ZP-01,-2.4865
TCGA-FV-A4ZQ-01,0.2699
TCGA-G3-A25S-01,-0.858
TCGA-G3-A25T-01,-0.196
TCGA-G3-A25U-01,1.4089
TCGA-G3-A25V-01,-0.8511
TCGA-G3-A25W-01,
TCGA-G3-A25X-01,-1.1269
TCGA-G3-A25Y-01,0.0913
TCGA-G3-A25Z-01,-1.0997
TCGA-G3-A3CH-01,0.8271
TCGA-G3-A3CI-01,-0.1345
TCGA-G3-A3CJ-01,-1.3175
TCGA-G3-A3CK-01,0.1436
TCGA-G3-A5SI-01,2.9066
TCGA-G3-A5SJ-01,-0.1205
TCGA-G3-A5SK-01,1.7323
TCGA-G3-A5SL-01,-0.061
TCGA-G3-A5SM-01,0.2898
TCGA-G3-A6UC-01,2.7441
TCGA-G3-A7M5-01,-1.1151
TCGA-G3-A7M6-01,0.7226
TCGA-G3-A7M7-01,-1.5251
TCGA-G3-A7M8-01,-1.0713
TCGA-G3-A7M9-01,0.5809
TCGA-G3-AAUZ-01,-1.1831
TCGA-G3-AAV0-01,-0.6029
TCGA-G3-AAV1-01,1.5982
TCGA-G3-AAV2-01,0.7473
TCGA-G3-AAV3-01,1.8848
TCGA-G3-AAV4-01,0.7676
TCGA-G3-AAV5-01,-1.1512
TCGA-G3-AAV6-01,0.6223
TCGA-G3-AAV7-01,1.5723
TCGA-GJ-A3OU-01,-0.3229
TCGA-GJ-A6C0-01,1.6075
TCGA-GJ-A9DB-01,0.3683
TCGA-HP-A5MZ-01,0.3861
TCGA-HP-A5N0-01,1.3657
TCGA-K7-A5RF-01,-0.4554
TCGA-K7-A5RG-01,1.2304
TCGA-K7-A6G5-01,0.2486
TCGA-K7-AAU7-01,0.4735
TCGA-KR-A7K0-01,-0.3122
TCGA-KR-A7K2-01,-0.3958
TCGA-KR-A7K7-01,-0.5894
TCGA-KR-A7K8-01,-1.4274
TCGA-LG-A6GG-01,-0.2854
TCGA-LG-A9QC-01,0.5083
TCGA-LG-A9QD-01,-1.0291
TCGA-MI-A75C-01,-1.3413
TCGA-MI-A75E-01,-0.088
TCGA-MI-A75G-01,0.8053
TCGA-MI-A75H-01,-0.7784
TCGA-MI-A75I-01,-0.5173
TCGA-MR-A520-01,-0.0116
TCGA-MR-A8JO-01,-0.044
TCGA-NI-A4U2-01,0.0915
TCGA-NI-A8LF-01,0.7472
TCGA-O8-A75V-01,-1.4186
TCGA-PD-A5DF-01,-0.4883
TCGA-QA-A7B7-01,0.6251
TCGA-RC-A6M3-01,-0.8786
TCGA-RC-A6M4-01,-0.3367
TCGA-RC-A6M5-01,-0.4273
TCGA-RC-A6M6-01,-0.532
TCGA-RC-A7S9-01,-0.5551
TCGA-RC-A7SB-01,-0.5774
TCGA-RC-A7SF-01,-0.1766
TCGA-RC-A7SH-01,-1.2563
TCGA-RC-A7SK-01,-1.2412
TCGA-RG-A7D4-01,0.962
TCGA-UB-A7MA-01,0.2681
TCGA-UB-A7MB-01,1.5443
TCGA-UB-A7MC-01,3.3811
TCGA-UB-A7MD-01,-0.5728
TCGA-UB-A7ME-01,0.1246
TCGA-UB-A7MF-01,-0.7804
TCGA-UB-AA0U-01,-0.2207
TCGA-UB-AA0V-01,0.5224
TCGA-WJ-A86L-01,1.6718
TCGA-WQ-A9G7-01,-1.5364
TCGA-WQ-AB4B-01,-1.004
TCGA-WX-AA44-01,0.0404
TCGA-WX-AA46-01,0.5547
TCGA-WX-AA47-01,-0.8821
TCGA-XR-A8TD-01,0.5822
TCGA-XR-A8TE-01,0.4212
TCGA-XR-A8TF-01,1.2219
TCGA-XR-A8TG-01,1.6898
TCGA-YA-A8S7-01,0.4038
TCGA-ZP-A9CV-01,0.9982
TCGA-ZP-A9CY-01,-0.2491
TCGA-ZP-A9CZ-01,0.1628
TCGA-ZP-A9D0-01,0.7431
TCGA-ZP-A9D1-01,0.5539
TCGA-ZP-A9D2-01,0.1563
TCGA-ZP-A9D4-01,-0.2193
TCGA-ZS-A9CD-01,0.4499
TCGA-ZS-A9CE-01,-0.5886
TCGA-ZS-A9CF-01,1.5133
TCGA-ZS-A9CG-01,2.7514
TCGA-05-4244-01,1.2204
TCGA-05-4249-01,0.3375
TCGA-05-4250-01,1.1364
TCGA-05-4382-01,-1.7935
TCGA-05-4384-01,-0.3885
TCGA-05-4389-01,-0.1212
TCGA-05-4390-01,-0.959
TCGA-05-4395-01,-1.4242
TCGA-05-4396-01,1.9604
TCGA-05-4397-01,3.7221
TCGA-05-4398-01,-1.5156
TCGA-05-4402-01,0.2728
TCGA-05-4403-01,-0.5101
TCGA-05-4405-01,0.0128
TCGA-05-4410-01,-0.5316
TCGA-05-4415-01,0.6344
TCGA-05-4417-01,0.1734
TCGA-05-4418-01,-0.7589
TCGA-05-4420-01,-0.1291
TCGA-05-4422-01,-0.2381
TCGA-05-4424-01,0.9582
TCGA-05-4425-01,-0.7044
TCGA-05-4426-01,2.5082
TCGA-05-4427-01,0.0761
TCGA-05-4430-01,-0.8227
TCGA-05-4432-01,0.3059
TCGA-05-4433-01,0.4488
TCGA-05-4434-01,1.714
TCGA-05-5423-01,0.9478
TCGA-05-5425-01,-0.5433
TCGA-05-5428-01,0.5007
TCGA-05-5429-01,-0.3422
TCGA-05-5715-01,-0.6913
TCGA-17-Z000-01,
TCGA-17-Z001-01,
TCGA-17-Z002-01,
TCGA-17-Z003-01,
TCGA-17-Z004-01,
TCGA-17-Z005-01,
TCGA-17-Z007-01,
TCGA-17-Z009-01,
TCGA-17-Z010-01,
TCGA-17-Z011-01,
TCGA-17-Z013-01,
TCGA-17-Z014-01,
TCGA-17-Z015-01,
TCGA-17-Z016-01,
TCGA-17-Z017-01,
TCGA-17-Z018-01,
TCGA-17-Z019-01,
TCGA-17-Z020-01,
TCGA-17-Z021-01,
TCGA-17-Z022-01,
TCGA-17-Z023-01,
TCGA-17-Z025-01,
TCGA-17-Z026-01,
TCGA-17-Z027-01,
TCGA-17-Z028-01,
TCGA-17-Z030-01,
TCGA-17-Z031-01,
TCGA-17-Z032-01,
TCGA-17-Z033-01,
TCGA-17-Z036-01,
TCGA-17-Z037-01,
TCGA-17-Z041-01,
TCGA-17-Z042-01,
TCGA-17-Z043-01,
TCGA-17-Z044-01,
TCGA-17-Z045-01,
TCGA-17-Z047-01,
TCGA-17-Z048-01,
TCGA-17-Z049-01,
TCGA-17-Z050-01,
TCGA-17-Z051-01,
TCGA-17-Z052-01,
TCGA-17-Z053-01,
TCGA-17-Z054-01,
TCGA-17-Z055-01,
TCGA-17-Z056-01,
TCGA-17-Z057-01,
TCGA-17-Z058-01,
TCGA-17-Z059-01,
TCGA-17-Z060-01,
TCGA-17-Z061-01,
TCGA-17-Z062-01,
TCGA-35-3615-01,-0.7748
TCGA-35-4122-01,-0.7919
TCGA-35-4123-01,-0.8832
TCGA-35-5375-01,5.5766
TCGA-38-4625-01,0.9699
TCGA-38-4626-01,-0.5574
TCGA-38-4627-01,0.9902
TCGA-38-4628-01,-1.065
TCGA-38-4631-01,0.0447
TCGA-38-4632-01,-1.3658
TCGA-38-6178-01,0.1294
TCGA-38-7271-01,0.692
TCGA-38-A44F-01,-1.0528
TCGA-44-2655-01,0.3448
TCGA-44-2656-01,0.4167
TCGA-44-2657-01,-0.2743
TCGA-44-2659-01,1.473
TCGA-44-2662-01,-0.7625
TCGA-44-2665-01,-0.5631
TCGA-44-2666-01,0.2826
TCGA-44-2668-01,0.025
TCGA-44-3396-01,-1.0611
TCGA-44-3398-01,-0.2716
TCGA-44-3917-01,
TCGA-44-3918-01,0.1773
TCGA-44-3919-01,-0.2019
TCGA-44-4112-01,-0.0644
TCGA-44-5643-01,1.4523
TCGA-44-5644-01,0.5567
TCGA-44-5645-01,2.4407
TCGA-44-6144-01,
TCGA-44-6145-01,-0.009
TCGA-44-6146-01,0.7672
TCGA-44-6148-01,0.7156
TCGA-44-6774-01,-0.7692
TCGA-44-6775-01,0.0434
TCGA-44-6776-01,-1.1574
TCGA-44-6777-01,1.7468
TCGA-44-6778-01,1.6167
TCGA-44-6779-01,1.069
TCGA-44-7659-01,-0.1342
TCGA-44-7660-01,0.3619
TCGA-44-7661-01,-0.4581
TCGA-44-7662-01,-0.8867
TCGA-44-7667-01,0.6348
TCGA-44-7669-01,2.0942
TCGA-44-7670-01,0.7325
TCGA-44-7671-01,-1.3804
TCGA-44-7672-01,-0.2161
TCGA-44-8117-01,0.9926
TCGA-44-8119-01,1.175
TCGA-44-8120-01,0.0074
TCGA-44-A479-01,0.4169
TCGA-44-A47A-01,-0.7892
TCGA-44-A47B-01,0.4055
TCGA-44-A47F-01,
TCGA-44-A47G-01,-1.2357
TCGA-44-A4SS-01,-0.5005
TCGA-44-A4SU-01,1.3858
TCGA-49-4486-01,0.3745
TCGA-49-4487-01,0.2007
TCGA-49-4488-01,-1.0821
TCGA-49-4490-01,-1.04
TCGA-49-4494-01,-0.8358
TCGA-49-4501-01,0.4011
TCGA-49-4505-01,-0.2743
TCGA-49-4506-01,-1.3616
TCGA-49-4507-01,-1.0909
TCGA-49-4510-01,0.4618
TCGA-49-4512-01,-0.4662
TCGA-49-4514-01,-0.9594
TCGA-49-6742-01,0.6369
TCGA-49-6743-01,2.1169
TCGA-49-6744-01,0.6923
TCGA-49-6745-01,0.2156
TCGA-49-6761-01,-0.4352
TCGA-49-6767-01,3.6476
TCGA-49-AAQV-01,1.4617
TCGA-49-AAR0-01,-1.2981
TCGA-49-AAR2-01,-1.3635
TCGA-49-AAR3-01,0.421
TCGA-49-AAR4-01,-1.674
TCGA-49-AAR9-01,-0.6159
TCGA-49-AARE-01,-1.1069
TCGA-49-AARN-01,-0.6221
TCGA-49-AARO-01,-1.229
TCGA-49-AARQ-01,-1.1928
TCGA-49-AARR-01,-1.1508
TCGA-4B-A93V-01,-1.2929
TCGA-50-5044-01,-1.242
TCGA-50-5045-01,0.2954
TCGA-50-5049-01,-0.1033
TCGA-50-5051-01,-0.7082
TCGA-50-5055-01,0.1794
TCGA-50-5066-01,0.1896
TCGA-50-5068-01,1.3459
TCGA-50-5072-01,0.0416
TCGA-50-5930-01,-0.4254
TCGA-50-5931-01,0.8209
TCGA-50-5932-01,0.9634
TCGA-50-5933-01,1.4066
TCGA-50-5935-01,1.712
TCGA-50-5936-01,0.3566
TCGA-50-5939-01,0.4055
TCGA-50-5941-01,1.9889
TCGA-50-5942-01,2.45
TCGA-50-5944-01,0.9863
TCGA-50-5946-01,0.1848
TCGA-50-6590-01,-1.1485
TCGA-50-6591-01,0.6898
TCGA-50-6592-01,0.6448
TCGA-50-6593-01,-0.6163
TCGA-50-6594-01,-0.4071
TCGA-50-6595-01,-0.4419
TCGA-50-6597-01,-0.8058
TCGA-50-6673-01,0.4947
TCGA-50-7109-01,1.0794
TCGA-50-8457-01,1.3303
TCGA-50-8459-01,-0.5965
TCGA-50-8460-01,-0.5234
TCGA-53-7624-01,1.1387
TCGA-53-7626-01,1.5257
TCGA-53-7813-01,0.3637
TCGA-53-A4EZ-01,-0.6263
TCGA-55-1592-01,1.5022
TCGA-55-1594-01,1.1919
TCGA-55-1595-01,-1.0316
TCGA-55-1596-01,-0.5272
TCGA-55-5899-01,0.3026
TCGA-55-6543-01,0.7257
TCGA-55-6642-01,1.71
TCGA-55-6712-01,0.7784
TCGA-55-6968-01,0.6147
TCGA-55-6969-01,0.7306
TCGA-55-6970-01,-0.2927
TCGA-55-6971-01,0.6203
TCGA-55-6972-01,0.1767
TCGA-55-6975-01,0.4739
TCGA-55-6978-01,1.469
TCGA-55-6979-01,-0.7173
TCGA-55-6980-01,0.2784
TCGA-55-6981-01,-1.3145
TCGA-55-6982-01,0.6634
TCGA-55-6983-01,0.6458
TCGA-55-6984-01,-0.7385
TCGA-55-6985-01,0.8736
TCGA-55-6986-01,0.5573
TCGA-55-6987-01,0.5979
TCGA-55-7227-01,-0.281
TCGA-55-7281-01,1.0216
TCGA-55-7283-01,0.2906
TCGA-55-7284-01,1.5429
TCGA-55-7570-01,0.8977
TCGA-55-7573-01,1.3762
TCGA-55-7574-01,-0.4125
TCGA-55-7576-01,-0.6204
TCGA-55-7724-01,1.4625
TCGA-55-7725-01,2.1697
TCGA-55-7726-01,1.8594
TCGA-55-7727-01,1.903
TCGA-55-7728-01,-1.5847
TCGA-55-7815-01,3.3467
TCGA-55-7816-01,0.316
TCGA-55-7903-01,0.3939
TCGA-55-7907-01,-1.1867
TCGA-55-7910-01,0.1647
TCGA-55-7911-01,-0.4139
TCGA-55-7913-01,0.6567
TCGA-55-7914-01,0.3107
TCGA-55-7994-01,2.5992
TCGA-55-7995-01,0.838
TCGA-55-8085-01,-0.6145
TCGA-55-8087-01,0.4112
TCGA-55-8089-01,-0.0751
TCGA-55-8090-01,2.8067
TCGA-55-8091-01,0.4171
TCGA-55-8092-01,-0.2785
TCGA-55-8094-01,0.0936
TCGA-55-8096-01,0.1719
TCGA-55-8097-01,-0.3986
TCGA-55-8203-01,2.374
TCGA-55-8204-01,0.4291
TCGA-55-8205-01,0.1918
TCGA-55-8206-01,1.1642
TCGA-55-8207-01,1.2353
TCGA-55-8208-01,-0.68
TCGA-55-8299-01,-1.162
TCGA-55-8301-01,-0.096
TCGA-55-8302-01,-1.4095
TCGA-55-8505-01,-0.9767
TCGA-55-8506-01,-1.4663
TCGA-55-8507-01,-0.4591
TCGA-55-8508-01,-1.0139
TCGA-55-8510-01,-1.2342
TCGA-55-8511-01,-0.1653
TCGA-55-8512-01,-0.5692
TCGA-55-8513-01,-0.9626
TCGA-55-8514-01,-1.1276
TCGA-55-8614-01,-0.6022
TCGA-55-8615-01,-1.2821
TCGA-55-8616-01,-0.983
TCGA-55-8619-01,0.4076
TCGA-55-8620-01,0.9836
TCGA-55-8621-01,-0.578
TCGA-55-A48X-01,-0.8682
TCGA-55-A48Y-01,0.2622
TCGA-55-A48Z-01,1.3548
TCGA-55-A490-01,0.1233
TCGA-55-A491-01,-2.0447
TCGA-55-A492-01,-1.843
TCGA-55-A493-01,0.036
TCGA-55-A494-01,0.3829
TCGA-55-A4DF-01,0.8993
TCGA-55-A4DG-01,1.8649
TCGA-55-A57B-01,1.3228
TCGA-62-8394-01,0.169
TCGA-62-8395-01,-0.7377
TCGA-62-8397-01,-0.7113
TCGA-62-8398-01,-0.4761
TCGA-62-8399-01,-0.3448
TCGA-62-8402-01,0.8187
TCGA-62-A46O-01,0.8728
TCGA-62-A46P-01,-1.7684
TCGA-62-A46R-01,0.5662
TCGA-62-A46S-01,-0.4073
TCGA-62-A46U-01,-0.2064
TCGA-62-A46V-01,-0.5478
TCGA-62-A46Y-01,-0.5065
TCGA-62-A470-01,0.2743
TCGA-62-A471-01,-0.5631
TCGA-62-A472-01,0.9604
TCGA-64-1676-01,6.8174
TCGA-64-1677-01,0.3134
TCGA-64-1678-01,1.9721
TCGA-64-1679-01,0.5908
TCGA-64-1680-01,0.7889
TCGA-64-1681-01,1.9568
TCGA-64-5774-01,1.5976
TCGA-64-5775-01,2.1796
TCGA-64-5778-01,-0.2677
TCGA-64-5779-01,1.657
TCGA-64-5781-01,-1.7455
TCGA-64-5815-01,1.6099
TCGA-67-3770-01,-0.0925
TCGA-67-3771-01,-0.8571
TCGA-67-3772-01,4.5263
TCGA-67-3773-01,-0.5658
TCGA-67-3774-01,-0.5376
TCGA-67-4679-01,2.6015
TCGA-67-6215-01,-0.7734
TCGA-67-6216-01,-0.1946
TCGA-67-6217-01,0.7151
TCGA-69-7760-01,2.6313
TCGA-69-7761-01,1.5628
TCGA-69-7763-01,-0.7056
TCGA-69-7764-01,1.1133
TCGA-69-7765-01,1.0976
TCGA-69-7973-01,0.6922
TCGA-69-7974-01,-0.3122
TCGA-69-7978-01,0.2886
TCGA-69-7979-01,-1.6206
TCGA-69-7980-01,-0.0761
TCGA-69-8253-01,-1.7673
TCGA-69-8254-01,0.031
TCGA-69-8255-01,-1.0318
TCGA-69-8453-01,-0.8373
TCGA-69-A59K-01,0.9119
TCGA-71-6725-01,-0.2525
TCGA-71-8520-01,-0.2354
TCGA-73-4658-01,-0.7247
TCGA-73-4659-01,-1.0792
TCGA-73-4662-01,1.1994
TCGA-73-4666-01,0.9435
TCGA-73-4668-01,0.838
TCGA-73-4670-01,0.3419
TCGA-73-4675-01,-1.0569
TCGA-73-4676-01,0.259
TCGA-73-4677-01,-0.8875
TCGA-73-7498-01,0.0708
TCGA-73-7499-01,0.3353
TCGA-73-A9RS-01,-1.3193
TCGA-75-5122-01,-0.5352
TCGA-75-5125-01,1.7559
TCGA-75-5126-01,0.3897
TCGA-75-5146-01,0.2485
TCGA-75-5147-01,1.0341
TCGA-75-6203-01,0.1546
TCGA-75-6205-01,0.4194
TCGA-75-6206-01,-1.2429
TCGA-75-6207-01,2.5861
TCGA-75-6211-01,1.2047
TCGA-75-6212-01,1.4157
TCGA-75-6214-01,-0.9235
TCGA-75-7025-01,1.6162
TCGA-75-7027-01,0.2668
TCGA-75-7030-01,-0.365
TCGA-75-7031-01,-0.3234
TCGA-78-7143-01,0.6245
TCGA-78-7145-01,1.267
TCGA-78-7146-01,3.2399
TCGA-78-7147-01,-0.175
TCGA-78-7148-01,0.9769
TCGA-78-7149-01,-1.4261
TCGA-78-7150-01,0.4767
TCGA-78-7152-01,-0.3634
TCGA-78-7153-01,0.3617
TCGA-78-7154-01,3.6395
TCGA-78-7155-01,2.5366
TCGA-78-7156-01,-2.504
TCGA-78-7158-01,1.2959
TCGA-78-7159-01,0.2464
TCGA-78-7160-01,0.2907
TCGA-78-7161-01,1.5324
TCGA-78-7162-01,0.3758
TCGA-78-7163-01,1.3337
TCGA-78-7166-01,-1.1902
TCGA-78-7167-01,-0.711
TCGA-78-7220-01,0.2001
TCGA-78-7535-01,-0.9842
TCGA-78-7536-01,0.7384
TCGA-78-7537-01,-0.3143
TCGA-78-7539-01,-0.296
TCGA-78-7540-01,-0.6543
TCGA-78-7542-01,1.0737
TCGA-78-7633-01,0.4775
TCGA-78-8640-01,0.4789
TCGA-78-8648-01,-0.6149
TCGA-78-8655-01,1.1713
TCGA-78-8660-01,-0.7059
TCGA-78-8662-01,-1.7721
TCGA-80-5607-01,0.4405
TCGA-80-5608-01,-0.1119
TCGA-80-5611-01,1.3405
TCGA-83-5908-01,0.4121
TCGA-86-6562-01,-0.1021
TCGA-86-6851-01,0.2898
TCGA-86-7701-01,2.1845
TCGA-86-7711-01,-0.2625
TCGA-86-7713-01,0.6105
TCGA-86-7714-01,1.9994
TCGA-86-7953-01,2.0893
TCGA-86-7954-01,0.8991
TCGA-86-7955-01,1.6619
TCGA-86-8054-01,2.4283
TCGA-86-8055-01,2.0661
TCGA-86-8056-01,0.7036
TCGA-86-8073-01,-0.45
TCGA-86-8074-01,0.7637
TCGA-86-8075-01,0.4267
TCGA-86-8076-01,0.1761
TCGA-86-8278-01,0.4845
TCGA-86-8279-01,1.0479
TCGA-86-8280-01,0.3764
TCGA-86-8281-01,1.5202
TCGA-86-8358-01,2.4638
TCGA-86-8359-01,0.1591
TCGA-86-8585-01,-0.7874
TCGA-86-8668-01,0.0431
TCGA-86-8669-01,0.4326
TCGA-86-8671-01,-0.3008
TCGA-86-8672-01,-1.9712
TCGA-86-8673-01,-2.0479
TCGA-86-8674-01,-1.3746
TCGA-86-A456-01,-0.515
TCGA-86-A4D0-01,0.0385
TCGA-86-A4JF-01,0.2137
TCGA-86-A4P7-01,-0.3605
TCGA-86-A4P8-01,0.0253
TCGA-91-6828-01,0.8765
TCGA-91-6829-01,0.1247
TCGA-91-6830-01,-1.1526
TCGA-91-6831-01,1.3058
TCGA-91-6835-01,1.7608
TCGA-91-6836-01,1.2617
TCGA-91-6840-01,1.7698
TCGA-91-6847-01,0.5627
TCGA-91-6848-01,-0.2694
TCGA-91-6849-01,-1.0638
TCGA-91-7771-01,2.2052
TCGA-91-8496-01,5.5599
TCGA-91-8497-01,-0.6102
TCGA-91-8499-01,2.9389
TCGA-91-A4BC-01,-0.9453
TCGA-91-A4BD-01,-1.613
TCGA-93-7347-01,-0.6321
TCGA-93-7348-01,-0.5652
TCGA-93-8067-01,0.2441
TCGA-93-A4JN-01,-0.8211
TCGA-93-A4JO-01,-1.0647
TCGA-93-A4JP-01,0.1872
TCGA-93-A4JQ-01,-0.7475
TCGA-95-7039-01,-1.2215
TCGA-95-7043-01,-0.1537
TCGA-95-7562-01,0.9008
TCGA-95-7567-01,-1.1175
TCGA-95-7944-01,-1.9457
TCGA-95-7947-01,-0.1927
TCGA-95-7948-01,0.0678
TCGA-95-8039-01,1.0386
TCGA-95-8494-01,0.4624
TCGA-95-A4VK-01,-0.8762
TCGA-95-A4VN-01,-0.5807
TCGA-95-A4VP-01,-1.3349
TCGA-97-7546-01,2.5902
TCGA-97-7547-01,-0.5733
TCGA-97-7552-01,1.2637
TCGA-97-7553-01,0.3482
TCGA-97-7554-01,0.0489
TCGA-97-7937-01,1.1959
TCGA-97-7938-01,0.6466
TCGA-97-7941-01,-0.0994
TCGA-97-8171-01,0.1665
TCGA-97-8172-01,1.845
TCGA-97-8174-01,-0.6073
TCGA-97-8175-01,-0.887
TCGA-97-8176-01,-0.9577
TCGA-97-8177-01,-0.1416
TCGA-97-8179-01,0.0992
TCGA-97-8547-01,-1.277
TCGA-97-8552-01,-0.5216
TCGA-97-A4LX-01,1.371
TCGA-97-A4M0-01,0.4895
TCGA-97-A4M1-01,-0.5403
TCGA-97-A4M2-01,-0.9874
TCGA-97-A4M3-01,-0.6473
TCGA-97-A4M5-01,-0.8833
TCGA-97-A4M6-01,1.0822
TCGA-97-A4M7-01,0.3162
TCGA-99-7458-01,2.1793
TCGA-99-8025-01,-0.7602
TCGA-99-8028-01,-1.2508
TCGA-99-8032-01,-0.7305
TCGA-99-8033-01,-1.7742
TCGA-99-AA5R-01,-0.4568
TCGA-J2-8192-01,2.9354
TCGA-J2-8194-01,0.0319
TCGA-J2-A4AD-01,-1.0576
TCGA-J2-A4AE-01,-1.0373
TCGA-J2-A4AG-01,-0.6776
TCGA-L4-A4E5-01,-0.4187
TCGA-L4-A4E6-01,-0.9577
TCGA-L9-A443-01,-0.6997
TCGA-L9-A444-01,-1.0661
TCGA-L9-A50W-01,-0.5253
TCGA-L9-A5IP-01,-1.5257
TCGA-L9-A743-01,-1.1183
TCGA-L9-A7SV-01,-0.0092
TCGA-L9-A8F4-01,1.5594
TCGA-MN-A4N1-01,-2.1211
TCGA-MN-A4N4-01,-1.5551
TCGA-MN-A4N5-01,1.222
TCGA-MP-A4SV-01,0.4967
TCGA-MP-A4SW-01,-0.4744
TCGA-MP-A4SY-01,0.291
TCGA-MP-A4T2-01,
TCGA-MP-A4T4-01,-0.4356
TCGA-MP-A4T6-01,-0.8673
TCGA-MP-A4T7-01,-1.7182
TCGA-MP-A4T8-01,-0.1434
TCGA-MP-A4T9-01,-0.3329
TCGA-MP-A4TA-01,-1.5807
TCGA-MP-A4TC-01,-1.0058
TCGA-MP-A4TD-01,-1.7816
TCGA-MP-A4TE-01,-0.8177
TCGA-MP-A4TF-01,-0.6434
TCGA-MP-A4TH-01,-0.4835
TCGA-MP-A4TI-01,-0.5126
TCGA-MP-A4TJ-01,-0.2444
TCGA-MP-A4TK-01,-0.658
TCGA-MP-A5C7-01,0.9523
TCGA-NJ-A4YF-01,-1.2506
TCGA-NJ-A4YG-01,-1.2218
TCGA-NJ-A4YI-01,-0.761
TCGA-NJ-A4YP-01,-0.8523
TCGA-NJ-A4YQ-01,-0.4807
TCGA-NJ-A55A-01,1.8869
TCGA-NJ-A55O-01,-0.7129
TCGA-NJ-A55R-01,-0.9865
TCGA-NJ-A7XG-01,0.3125
TCGA-O1-A52J-01,1.7381
TCGA-S2-AA1A-01,-0.6663
TCGA-18-3406-01,1.3231
TCGA-18-3407-01,0.3318
TCGA-18-3408-01,4.5025
TCGA-18-3410-01,2.2213
TCGA-18-3411-01,-0.0099
TCGA-18-3412-01,0.0234
TCGA-18-3414-01,-0.5536
TCGA-18-3415-01,0.3868
TCGA-18-3416-01,-0.4764
TCGA-18-3417-01,-0.8472
TCGA-18-3419-01,1.0495
TCGA-18-3421-01,1.1942
TCGA-18-4083-01,1.0893
TCGA-18-4086-01,0.1016
TCGA-18-4721-01,-0.4098
TCGA-18-5592-01,0.3501
TCGA-21-1071-01,0.1877
TCGA-21-1072-01,2.0828
TCGA-21-1075-01,1.8655
TCGA-21-1076-01,-0.0521
TCGA-21-1079-01,0.5422
TCGA-21-1080-01,0.1873
TCGA-21-1081-01,-2.1875
TCGA-21-1082-01,0.025
TCGA-21-5782-01,-0.5532
TCGA-21-5783-01,1.78
TCGA-21-5784-01,-1.6177
TCGA-21-5786-01,1.0351
TCGA-21-5787-01,-1.2528
TCGA-22-0940-01,-0.4065
TCGA-22-0944-01,0.0214
TCGA-22-1000-01,-1.02
TCGA-22-1002-01,-0.0834
TCGA-22-1005-01,-0.9141
TCGA-22-1011-01,0.6666
TCGA-22-1012-01,-0.9651
TCGA-22-1016-01,-0.8158
TCGA-22-1017-01,0.2874
TCGA-22-4591-01,1.9912
TCGA-22-4593-01,2.9457
TCGA-22-4594-01,-0.4046
TCGA-22-4595-01,0.944
TCGA-22-4596-01,-0.9041
TCGA-22-4599-01,1.8388
TCGA-22-4601-01,-0.3862
TCGA-22-4604-01,-0.1253
TCGA-22-4605-01,-0.0744
TCGA-22-4607-01,-0.3077
TCGA-22-4609-01,0.1273
TCGA-22-4613-01,0.2323
TCGA-22-5471-01,0.0962
TCGA-22-5472-01,0.2746
TCGA-22-5473-01,1.1092
TCGA-22-5474-01,-0.2403
TCGA-22-5477-01,7.3532
TCGA-22-5478-01,-0.7291
TCGA-22-5479-01,0.3788
TCGA-22-5480-01,4.6353
TCGA-22-5481-01,-1.6688
TCGA-22-5482-01,-0.6446
TCGA-22-5483-01,2.1134
TCGA-22-5485-01,-0.4433
TCGA-22-5489-01,0.0142
TCGA-22-5491-01,-0.3108
TCGA-22-5492-01,0.4012
TCGA-22-A5C4-01,3.2803
TCGA-33-4532-01,1.6061
TCGA-33-4533-01,1.4641
TCGA-33-4538-01,2.2261
TCGA-33-4547-01,0.452
TCGA-33-4566-01,1.5919
TCGA-33-4582-01,0.6154
TCGA-33-4583-01,0.7854
TCGA-33-4586-01,0.6492
TCGA-33-4587-01,1.3532
TCGA-33-4589-01,0.6451
TCGA-33-6738-01,-0.7952
TCGA-33-A4WN-01,-0.5663
TCGA-33-A5GW-01,-0.5317
TCGA-33-AAS8-01,-1.1593
TCGA-33-AASB-01,-0.8811
TCGA-33-AASD-01,0.2835
TCGA-33-AASI-01,-0.4492
TCGA-33-AASJ-01,0.3046
TCGA-33-AASL-01,-0.8757
TCGA-34-2596-01,0.9684
TCGA-34-2600-01,-0.8585
TCGA-34-2604-01,
TCGA-34-2605-01,
TCGA-34-2608-01,-0.0953
TCGA-34-2609-01,
TCGA-34-5231-01,2.1413
TCGA-34-5232-01,-0.1717
TCGA-34-5234-01,-0.1893
TCGA-34-5236-01,-1.1823
TCGA-34-5239-01,-0.0321
TCGA-34-5240-01,1.7013
TCGA-34-5241-01,0.5624
TCGA-34-5927-01,2.8201
TCGA-34-5928-01,-0.0447
TCGA-34-5929-01,0.4324
TCGA-34-7107-01,4.5906
TCGA-34-8454-01,-0.6889
TCGA-34-8455-01,0.351
TCGA-34-8456-01,2.0424
TCGA-34-A5IX-01,0.4419
TCGA-37-3783-01,-0.2155
TCGA-37-3789-01,-0.2207
TCGA-37-3792-01,-2.6897
TCGA-37-4129-01,0.086
TCGA-37-4130-01,3.1587
TCGA-37-4132-01,1.1618
TCGA-37-4133-01,0.4003
TCGA-37-4135-01,0.5988
TCGA-37-4141-01,1.9311
TCGA-37-5819-01,0.8512
TCGA-37-A5EL-01,-1.0435
TCGA-37-A5EN-01,-0.2763
TCGA-39-5011-01,0.5632
TCGA-39-5016-01,0.8179
TCGA-39-5019-01,-0.5215
TCGA-39-5021-01,0.5119
TCGA-39-5022-01,-0.0785
TCGA-39-5024-01,-0.8574
TCGA-39-5027-01,0.6566
TCGA-39-5028-01,1.5332
TCGA-39-5029-01,0.1111
TCGA-39-5030-01,-0.1269
TCGA-39-5031-01,-0.7985
TCGA-39-5034-01,0.4838
TCGA-39-5035-01,0.2074
TCGA-39-5036-01,0.827
TCGA-39-5037-01,2.1407
TCGA-39-5039-01,-0.4635
TCGA-39-5040-01,-0.8222
TCGA-43-2576-01,-1.5615
TCGA-43-2578-01,0.1069
TCGA-43-2581-01,-0.8167
TCGA-43-3394-01,0.3555
TCGA-43-3920-01,0.7763
TCGA-43-5668-01,0.3285
TCGA-43-5670-01,0.766
TCGA-43-6143-01,1.8816
TCGA-43-6647-01,-1.4158
TCGA-43-6770-01,3.0348
TCGA-43-6771-01,-0.0503
TCGA-43-6773-01,-1.5235
TCGA-43-7656-01,0.8611
TCGA-43-7657-01,-1.6709
TCGA-43-7658-01,-2.0902
TCGA-43-8115-01,0.0543
TCGA-43-8116-01,0.6956
TCGA-43-8118-01,-0.185
TCGA-43-A474-01,0.8223
TCGA-43-A475-01,0.6954
TCGA-43-A56U-01,-1.2696
TCGA-43-A56V-01,-0.4624
TCGA-46-3765-01,0.428
TCGA-46-3766-01,0.8144
TCGA-46-3767-01,0.223
TCGA-46-3768-01,0.1021
TCGA-46-3769-01,1.5646
TCGA-46-6025-01,-0.2085
TCGA-46-6026-01,1.1026
TCGA-51-4079-01,0.4946
TCGA-51-4080-01,2.2931
TCGA-51-4081-01,2.0309
TCGA-52-7622-01,0.5305
TCGA-52-7809-01,1.7013
TCGA-52-7810-01,-0.5593
TCGA-52-7811-01,-0.9631
TCGA-52-7812-01,-0.537
TCGA-56-1622-01,1.9274
TCGA-56-5897-01,0.5774
TCGA-56-5898-01,0.1191
TCGA-56-6545-01,1.2142
TCGA-56-6546-01,0.8688
TCGA-56-7221-01,1.0929
TCGA-56-7222-01,1.9936
TCGA-56-7223-01,5.1186
TCGA-56-7579-01,-0.559
TCGA-56-7580-01,1.3669
TCGA-56-7582-01,2.3407
TCGA-56-7730-01,3.591
TCGA-56-7731-01,-0.7473
TCGA-56-7822-01,0.3637
TCGA-56-7823-01,0.5984
TCGA-56-8082-01,2.2874
TCGA-56-8083-01,1.1337
TCGA-56-8201-01,0.2532
TCGA-56-8304-01,-0.5823
TCGA-56-8305-01,-0.1999
TCGA-56-8307-01,1.2233
TCGA-56-8308-01,-0.189
TCGA-56-8309-01,-0.5878
TCGA-56-8503-01,-0.7395
TCGA-56-8504-01,0.5609
TCGA-56-8622-01,-1.1658
TCGA-56-8623-01,-0.9488
TCGA-56-8624-01,-0.0277
TCGA-56-8625-01,0.0818
TCGA-56-8626-01,-0.7632
TCGA-56-8628-01,-0.0536
TCGA-56-8629-01,-0.699
TCGA-56-A49D-01,0.4088
TCGA-56-A4BW-01,-0.6582
TCGA-56-A4BX-01,-0.9747
TCGA-56-A4BY-01,-0.0598
TCGA-56-A4ZJ-01,-1.2676
TCGA-56-A4ZK-01,0.1801
TCGA-56-A5DR-01,-0.5349
TCGA-56-A5DS-01,-0.7389
TCGA-56-A62T-01,0.5478
TCGA-58-8386-01,0.3215
TCGA-58-8387-01,0.5548
TCGA-58-8388-01,0.0501
TCGA-58-8390-01,0.8909
TCGA-58-8391-01,0.6366
TCGA-58-8392-01,-0.1786
TCGA-58-8393-01,0.2832
TCGA-58-A46J-01,-0.6017
TCGA-58-A46K-01,-0.3685
TCGA-58-A46L-01,0.3614
TCGA-58-A46M-01,0.287
TCGA-58-A46N-01,0.1052
TCGA-60-2695-01,-0.0779
TCGA-60-2697-01,0.1917
TCGA-60-2698-01,0.5034
TCGA-60-2703-01,2.4737
TCGA-60-2704-01,0.6589
TCGA-60-2706-01,0.8157
TCGA-60-2707-01,-0.0837
TCGA-60-2708-01,0.551
TCGA-60-2709-01,-0.21
TCGA-60-2710-01,0.1315
TCGA-60-2711-01,2.8093
TCGA-60-2713-01,-0.3355
TCGA-60-2714-01,-1.3049
TCGA-60-2716-01,0.7342
TCGA-60-2719-01,-1.4396
TCGA-60-2720-01,-1.3268
TCGA-60-2721-01,0.2921
TCGA-60-2722-01,0.3486
TCGA-60-2723-01,1.0559
TCGA-60-2724-01,-1.0439
TCGA-60-2725-01,0.3686
TCGA-60-2726-01,-0.4403
TCGA-63-5128-01,3.0805
TCGA-63-5131-01,0.7851
TCGA-63-6202-01,-1.3996
TCGA-63-7020-01,0.3729
TCGA-63-7021-01,-1.089
TCGA-63-7022-01,-0.5686
TCGA-63-7023-01,2.0276
TCGA-63-A5M9-01,0.157
TCGA-63-A5MB-01,0.1251
TCGA-63-A5MG-01,-0.0011
TCGA-63-A5MH-01,-0.6054
TCGA-63-A5MI-01,1.266
TCGA-63-A5MJ-01,0.1076
TCGA-63-A5ML-01,-0.2372
TCGA-63-A5MM-01,-2.8172
TCGA-63-A5MN-01,-0.7046
TCGA-63-A5MP-01,2.7965
TCGA-63-A5MR-01,-1.5487
TCGA-63-A5MS-01,-0.4523
TCGA-63-A5MT-01,1.7773
TCGA-63-A5MU-01,3.0217
TCGA-63-A5MV-01,-1.4667
TCGA-63-A5MW-01,-1.0794
TCGA-63-A5MY-01,-0.2318
TCGA-66-2727-01,0.456
TCGA-66-2734-01,0.2023
TCGA-66-2737-01,-0.0856
TCGA-66-2742-01,0.5169
TCGA-66-2744-01,-0.2948
TCGA-66-2753-01,3.3731
TCGA-66-2754-01,1.1032
TCGA-66-2755-01,-0.1582
TCGA-66-2756-01,-0.1162
TCGA-66-2757-01,0.2641
TCGA-66-2758-01,0.4251
TCGA-66-2759-01,0.3388
TCGA-66-2763-01,1.7702
TCGA-66-2765-01,-1.0362
TCGA-66-2766-01,0.0536
TCGA-66-2767-01,-0.4061
TCGA-66-2768-01,0.1356
TCGA-66-2769-01,-0.6158
TCGA-66-2770-01,-0.3087
TCGA-66-2771-01,-0.2668
TCGA-66-2773-01,0.3498
TCGA-66-2777-01,-0.6492
TCGA-66-2778-01,-0.6996
TCGA-66-2780-01,-0.0336
TCGA-66-2781-01,0.1566
TCGA-66-2782-01,0.2265
TCGA-66-2783-01,0.1059
TCGA-66-2785-01,-0.7948
TCGA-66-2786-01,-1.2448
TCGA-66-2787-01,1.1239
TCGA-66-2788-01,0.3911
TCGA-66-2789-01,0.2126
TCGA-66-2790-01,0.7566
TCGA-66-2791-01,-0.2253
TCGA-66-2792-01,1.3269
TCGA-66-2793-01,1.463
TCGA-66-2794-01,-0.305
TCGA-66-2795-01,0.6026
TCGA-66-2800-01,-0.0311
TCGA-68-7755-01,-0.2697
TCGA-68-7756-01,-2.5877
TCGA-68-7757-01,-0.8378
TCGA-68-8250-01,0.4871
TCGA-68-8251-01,1.2651
TCGA-68-A59I-01,0.0671
TCGA-68-A59J-01,-0.5898
TCGA-6A-AB49-01,-0.3767
TCGA-70-6722-01,-0.3881
TCGA-70-6723-01,3.1877
TCGA-77-6842-01,1.4806
TCGA-77-6843-01,-0.3149
TCGA-77-6844-01,0.0016
TCGA-77-6845-01,0.1997
TCGA-77-7138-01,2.5302
TCGA-77-7139-01,1.1397
TCGA-77-7140-01,1.4905
TCGA-77-7141-01,2.3998
TCGA-77-7142-01,2.9842
TCGA-77-7335-01,-0.2762
TCGA-77-7337-01,1.4129
TCGA-77-7338-01,0.1255
TCGA-77-7463-01,1.3554
TCGA-77-7465-01,1.3475
TCGA-77-8007-01,-1.1199
TCGA-77-8008-01,-0.7794
TCGA-77-8009-01,0.4484
TCGA-77-8128-01,-0.1349
TCGA-77-8130-01,-1.6686
TCGA-77-8131-01,-1.2469
TCGA-77-8133-01,0.2012
TCGA-77-8136-01,-0.3529
TCGA-77-8138-01,-0.2327
TCGA-77-8139-01,1.5254
TCGA-77-8140-01,-0.6234
TCGA-77-8143-01,-0.1586
TCGA-77-8144-01,-0.9694
TCGA-77-8145-01,-0.666
TCGA-77-8148-01,0.2217
TCGA-77-8150-01,-0.3245
TCGA-77-8153-01,-0.8773
TCGA-77-8154-01,-0.1291
TCGA-77-8156-01,-0.4769
TCGA-77-A5FZ-01,-0.6114
TCGA-77-A5G1-01,-0.492
TCGA-77-A5G3-01,2.6877
TCGA-77-A5G6-01,3.4249
TCGA-77-A5G7-01,-0.131
TCGA-77-A5G8-01,-0.4632
TCGA-77-A5GB-01,-1.0839
TCGA-77-A5GF-01,-0.1222
TCGA-77-A5GH-01,0.3154
TCGA-79-5596-01,-0.2757
TCGA-85-6175-01,1.0705
TCGA-85-6560-01,4.1451
TCGA-85-6561-01,0.6848
TCGA-85-6798-01,-1.9556
TCGA-85-7696-01,0.199
TCGA-85-7697-01,0.1668
TCGA-85-7698-01,0.8007
TCGA-85-7699-01,1.0021
TCGA-85-7710-01,0.8141
TCGA-85-7843-01,1.8246
TCGA-85-7844-01,0.4831
TCGA-85-7950-01,2.0728
TCGA-85-8048-01,-0.6073
TCGA-85-8049-01,-0.7997
TCGA-85-8052-01,0.0688
TCGA-85-8070-01,0.2503
TCGA-85-8071-01,1.0768
TCGA-85-8072-01,-0.7917
TCGA-85-8276-01,-0.6803
TCGA-85-8277-01,-0.2896
TCGA-85-8287-01,0.7517
TCGA-85-8288-01,0.5097
TCGA-85-8350-01,-0.8704
TCGA-85-8351-01,1.2814
TCGA-85-8352-01,1.9994
TCGA-85-8353-01,-0.0706
TCGA-85-8354-01,0.708
TCGA-85-8355-01,0.6711
TCGA-85-8479-01,-1.0167
TCGA-85-8481-01,-1.1686
TCGA-85-8580-01,1.0441
TCGA-85-8582-01,-0.2692
TCGA-85-8584-01,-0.8008
TCGA-85-8664-01,-0.056
TCGA-85-8666-01,0.5954
TCGA-85-A4CL-01,-1.2128
TCGA-85-A4CN-01,-0.8877
TCGA-85-A4JB-01,0.9555
TCGA-85-A4JC-01,-1.5505
TCGA-85-A4PA-01,0.0169
TCGA-85-A4QQ-01,-0.5787
TCGA-85-A4QR-01,1.5628
TCGA-85-A50M-01,-0.2563
TCGA-85-A50Z-01,-0.7993
TCGA-85-A510-01,1.03
TCGA-85-A511-01,-0.5089
TCGA-85-A512-01,-0.4674
TCGA-85-A513-01,-2.267
TCGA-85-A53L-01,-0.0963
TCGA-85-A5B5-01,-0.0938
TCGA-90-6837-01,1.202
TCGA-90-7766-01,0.5923
TCGA-90-7767-01,3.3496
TCGA-90-7769-01,-0.0234
TCGA-90-7964-01,-0.2371
TCGA-90-A4ED-01,-0.4408
TCGA-90-A4EE-01,-0.2435
TCGA-90-A59Q-01,-0.8073
TCGA-92-7340-01,-0.1372
TCGA-92-7341-01,-0.1324
TCGA-92-8063-01,-0.7086
TCGA-92-8064-01,0.4365
TCGA-92-8065-01,-0.34
TCGA-94-7033-01,-1.7206
TCGA-94-7557-01,-0.3668
TCGA-94-7943-01,-0.1382
TCGA-94-8035-01,0.5674
TCGA-94-8490-01,-0.2559
TCGA-94-8491-01,-0.1598
TCGA-94-A4VJ-01,-2.0612
TCGA-94-A5I4-01,-0.9306
TCGA-94-A5I6-01,1.0043
TCGA-96-7544-01,1.754
TCGA-96-7545-01,1.3816
TCGA-96-8169-01,-0.8088
TCGA-96-8170-01,-0.9577
TCGA-96-A4JL-01,-0.2046
TCGA-98-7454-01,0.6544
TCGA-98-8020-01,-1.2337
TCGA-98-8021-01,0.0475
TCGA-98-8022-01,-1.534
TCGA-98-8023-01,-0.2728
TCGA-98-A538-01,-1.1978
TCGA-98-A539-01,-0.2105
TCGA-98-A53A-01,1.8672
TCGA-98-A53B-01,-0.4891
TCGA-98-A53C-01,-0.5021
TCGA-98-A53D-01,-1.3624
TCGA-98-A53H-01,-0.5164
TCGA-98-A53I-01,-0.5134
TCGA-98-A53J-01,-1.1176
TCGA-J1-A4AH-01,0.8598
TCGA-L3-A4E7-01,0.2992
TCGA-L3-A524-01,-0.4475
TCGA-LA-A446-01,3.0225
TCGA-LA-A7SW-01,-1.0163
TCGA-MF-A522-01,-0.9251
TCGA-NC-A5HD-01,0.3608
TCGA-NC-A5HE-01,-1.338
TCGA-NC-A5HF-01,-0.8054
TCGA-NC-A5HG-01,-0.1485
TCGA-NC-A5HH-01,-0.0686
TCGA-NC-A5HI-01,0.3925
TCGA-NC-A5HJ-01,0.4183
TCGA-NC-A5HK-01,-0.7121
TCGA-NC-A5HL-01,-0.0842
TCGA-NC-A5HM-01,-0.598
TCGA-NC-A5HN-01,0.239
TCGA-NC-A5HO-01,-1.1746
TCGA-NC-A5HP-01,-0.6575
TCGA-NC-A5HQ-01,-0.0805
TCGA-NC-A5HR-01,0.1138
TCGA-NC-A5HT-01,-0.5033
TCGA-NK-A5CR-01,-0.6699
TCGA-NK-A5CT-01,-1.2498
TCGA-NK-A5CX-01,-0.6683
TCGA-NK-A7XE-01,-1.0184
TCGA-O2-A52N-01,-1.8845
TCGA-O2-A52Q-01,-1.4188
TCGA-O2-A52S-01,1.0395
TCGA-O2-A52V-01,0.0879
TCGA-O2-A52W-01,0.4821
TCGA-O2-A5IB-01,2.1992
TCGA-XC-AA0X-01,-0.1998
TCGA-3H-AB3K-01,-0.2057
TCGA-3H-AB3L-01,-0.8371
TCGA-3H-AB3M-01,0.5385
TCGA-3H-AB3O-01,-0.7323
TCGA-3H-AB3S-01,-0.4959
TCGA-3H-AB3T-01,0.1957
TCGA-3H-AB3U-01,0.7913
TCGA-3H-AB3X-01,4.9569
TCGA-3U-A98D-01,0.3208
TCGA-3U-A98E-01,0.7515
TCGA-3U-A98F-01,5.6121
TCGA-3U-A98G-01,-0.8134
TCGA-3U-A98H-01,0.3407
TCGA-3U-A98I-01,0.4535
TCGA-3U-A98J-01,-0.4208
TCGA-LK-A4NW-01,-0.0395
TCGA-LK-A4NY-01,0.9856
TCGA-LK-A4NZ-01,0.186
TCGA-LK-A4O0-01,1.3868
TCGA-LK-A4O2-01,-0.7897
TCGA-LK-A4O4-01,-0.2715
TCGA-LK-A4O5-01,1.0282
TCGA-LK-A4O6-01,-0.8953
TCGA-LK-A4O7-01,1.248
TCGA-MQ-A4KX-01,-0.3411
TCGA-MQ-A4LC-01,-0.2624
TCGA-MQ-A4LI-01,0.0663
TCGA-MQ-A4LJ-01,0.0699
TCGA-MQ-A4LM-01,-0.5523
TCGA-MQ-A4LP-01,-0.1676
TCGA-MQ-A4LV-01,-0.9801
TCGA-MQ-A6BL-01,-1.1279
TCGA-MQ-A6BN-01,-1.9324
TCGA-MQ-A6BQ-01,-0.3933
TCGA-MQ-A6BR-01,-0.3846
TCGA-MQ-A6BS-01,1.0356
TCGA-NQ-A57I-01,-0.9534
TCGA-NQ-A638-01,-1.6716
TCGA-SC-A6LM-01,3.0582
TCGA-SC-A6LN-01,-1.6856
TCGA-SC-A6LP-01,-1.4927
TCGA-SC-A6LQ-01,-0.2173
TCGA-SC-A6LR-01,-1.0128
TCGA-SC-AA5Z-01,0.5278
TCGA-SH-A7BC-01,0.7332
TCGA-SH-A7BD-01,-1.8212
TCGA-SH-A7BH-01,-0.6467
TCGA-SH-A9CT-01,0.9311
TCGA-SH-A9CU-01,-0.2952
TCGA-TS-A7OU-01,-0.7297
TCGA-TS-A7OY-01,-0.7883
TCGA-TS-A7OZ-01,-0.313
TCGA-TS-A7P0-01,-0.2427
TCGA-TS-A7P1-01,0.7427
TCGA-TS-A7P3-01,1.1804
TCGA-TS-A7P6-01,-1.5142
TCGA-TS-A7P7-01,1.3809
TCGA-TS-A7P8-01,0.3512
TCGA-TS-A7PB-01,-0.9579
TCGA-TS-A8AF-01,-0.1491
TCGA-TS-A8AI-01,0.4645
TCGA-TS-A8AS-01,-0.1113
TCGA-TS-A8AV-01,-0.5047
TCGA-TS-A8AY-01,0.192
TCGA-UD-AABY-01,0.7552
TCGA-UD-AABZ-01,0.309
TCGA-UD-AAC1-01,0.0567
TCGA-UD-AAC4-01,-0.0999
TCGA-UD-AAC5-01,0.8039
TCGA-UD-AAC6-01,-0.0916
TCGA-UD-AAC7-01,0.1214
TCGA-UT-A88C-01,1.2435
TCGA-UT-A88D-01,1.9593
TCGA-UT-A88E-01,0.5708
TCGA-UT-A88G-01,4.4354
TCGA-UT-A97Y-01,-0.2097
TCGA-XT-AASU-01,1.6003
TCGA-YS-A95B-01,0.0032
TCGA-YS-A95C-01,0.4593
TCGA-YS-AA4M-01,0.6571
TCGA-ZN-A9VO-01,-0.6899
TCGA-ZN-A9VP-01,4.7082
TCGA-ZN-A9VQ-01,1.3794
TCGA-ZN-A9VS-01,1.1792
TCGA-ZN-A9VU-01,2.1438
TCGA-ZN-A9VV-01,0.9782
TCGA-ZN-A9VW-01,0.3252
TCGA-04-1331-01,
TCGA-04-1332-01,
TCGA-04-1335-01,
TCGA-04-1336-01,
TCGA-04-1337-01,
TCGA-04-1338-01,
TCGA-04-1341-01,
TCGA-04-1342-01,
TCGA-04-1343-01,
TCGA-04-1346-01,
TCGA-04-1347-01,
TCGA-04-1348-01,-0.0151
TCGA-04-1349-01,
TCGA-04-1350-01,
TCGA-04-1351-01,
TCGA-04-1353-01,
TCGA-04-1356-01,
TCGA-04-1357-01,1.2502
TCGA-04-1360-01,
TCGA-04-1361-01,
TCGA-04-1362-01,1.0714
TCGA-04-1364-01,0.9061
TCGA-04-1365-01,0.4872
TCGA-04-1367-01,
TCGA-04-1369-01,
TCGA-04-1371-01,
TCGA-04-1514-01,2.8612
TCGA-04-1516-01,
TCGA-04-1517-01,
TCGA-04-1519-01,1.5651
TCGA-04-1525-01,
TCGA-04-1530-01,
TCGA-04-1536-01,
TCGA-04-1542-01,
TCGA-04-1638-01,
TCGA-04-1644-01,
TCGA-04-1646-01,
TCGA-04-1648-01,
TCGA-04-1649-01,
TCGA-04-1651-01,
TCGA-04-1652-01,
TCGA-04-1654-01,
TCGA-04-1655-01,
TCGA-09-0364-01,-0.988
TCGA-09-0365-01,
TCGA-09-0366-01,-0.4983
TCGA-09-0367-01,0.5559
TCGA-09-0369-01,-1.7002
TCGA-09-1659-01,0.859
TCGA-09-1661-01,
TCGA-09-1662-01,-0.1075
TCGA-09-1664-01,
TCGA-09-1665-01,
TCGA-09-1666-01,0.3669
TCGA-09-1667-01,0.3936
TCGA-09-1668-01,0.5147
TCGA-09-1669-01,0.7586
TCGA-09-1670-01,0.7434
TCGA-09-1672-01,
TCGA-09-1673-01,1.8107
TCGA-09-1674-01,1.5718
TCGA-09-1675-01,
TCGA-09-2043-01,
TCGA-09-2044-01,0.0861
TCGA-09-2045-01,-0.8845
TCGA-09-2049-01,
TCGA-09-2050-01,
TCGA-09-2051-01,3.3586
TCGA-09-2053-01,
TCGA-09-2054-01,0.0659
TCGA-09-2055-01,
TCGA-10-0925-01,
TCGA-10-0926-01,
TCGA-10-0927-01,
TCGA-10-0928-01,0.7718
TCGA-10-0930-01,
TCGA-10-0931-01,
TCGA-10-0933-01,
TCGA-10-0934-01,
TCGA-10-0935-01,
TCGA-10-0936-01,0.3661
TCGA-10-0937-01,
TCGA-10-0938-01,
TCGA-13-0714-01,
TCGA-13-0717-01,
TCGA-13-0720-01,
TCGA-13-0723-01,
TCGA-13-0724-01,
TCGA-13-0725-01,
TCGA-13-0726-01,
TCGA-13-0727-01,
TCGA-13-0730-01,-0.482
TCGA-13-0751-01,
TCGA-13-0755-01,
TCGA-13-0757-01,
TCGA-13-0758-01,
TCGA-13-0760-01,
TCGA-13-0761-01,
TCGA-13-0762-01,
TCGA-13-0764-01,
TCGA-13-0765-01,
TCGA-13-0766-01,
TCGA-13-0768-01,
TCGA-13-0791-01,
TCGA-13-0792-01,
TCGA-13-0793-01,
TCGA-13-0794-01,
TCGA-13-0795-01,
TCGA-13-0797-01,
TCGA-13-0799-01,-0.301
TCGA-13-0800-01,-0.1543
TCGA-13-0801-01,-1.0491
TCGA-13-0802-01,
TCGA-13-0803-01,
TCGA-13-0804-01,
TCGA-13-0805-01,
TCGA-13-0807-01,
TCGA-13-0883-01,
TCGA-13-0884-01,
TCGA-13-0885-01,
TCGA-13-0886-01,
TCGA-13-0887-01,
TCGA-13-0888-01,
TCGA-13-0889-01,
TCGA-13-0890-01,-1.5811
TCGA-13-0891-01,
TCGA-13-0893-01,1.0294
TCGA-13-0894-01,
TCGA-13-0897-01,-0.8144
TCGA-13-0899-01,-0.6147
TCGA-13-0900-01,
TCGA-13-0901-01,
TCGA-13-0903-01,
TCGA-13-0904-01,
TCGA-13-0905-01,
TCGA-13-0906-01,
TCGA-13-0908-01,
TCGA-13-0910-01,
TCGA-13-0911-01,
TCGA-13-0912-01,
TCGA-13-0913-01,-0.5896
TCGA-13-0916-01,-0.37
TCGA-13-0919-01,
TCGA-13-0920-01,0.8782
TCGA-13-0921-01,
TCGA-13-0923-01,
TCGA-13-0924-01,-0.4188
TCGA-13-1403-01,-0.1923
TCGA-13-1404-01,
TCGA-13-1405-01,-0.3038
TCGA-13-1407-01,
TCGA-13-1408-01,
TCGA-13-1409-01,
TCGA-13-1410-01,-0.474
TCGA-13-1411-01,-1.092
TCGA-13-1412-01,
TCGA-13-1477-01,
TCGA-13-1481-01,-0.8579
TCGA-13-1482-01,
TCGA-13-1483-01,
TCGA-13-1484-01,
TCGA-13-1485-01,
TCGA-13-1487-01,
TCGA-13-1488-01,
TCGA-13-1489-01,
TCGA-13-1491-01,
TCGA-13-1492-01,
TCGA-13-1494-01,
TCGA-13-1495-01,
TCGA-13-1496-01,
TCGA-13-1497-01,-1.0551
TCGA-13-1498-01,1.5594
TCGA-13-1499-01,
TCGA-13-1500-01,
TCGA-13-1501-01,
TCGA-13-1504-01,
TCGA-13-1505-01,-0.8194
TCGA-13-1506-01,0.8758
TCGA-13-1507-01,-0.8706
TCGA-13-1509-01,
TCGA-13-1510-01,
TCGA-13-1511-01,-0.138
TCGA-13-1512-01,0.0747
TCGA-13-1817-01,
TCGA-13-1819-01,
TCGA-13-2057-01,
TCGA-13-2059-01,
TCGA-13-2060-01,1.0023
TCGA-13-2061-01,
TCGA-13-2065-01,
TCGA-13-2066-01,
TCGA-13-2071-01,
TCGA-13-A5FT-01,0.7202
TCGA-13-A5FU-01,
TCGA-20-0987-01,
TCGA-20-0990-01,
TCGA-20-0991-01,
TCGA-20-0996-01,
TCGA-20-1682-01,2.001
TCGA-20-1683-01,3.8506
TCGA-20-1684-01,-0.0961
TCGA-20-1685-01,1.8921
TCGA-20-1686-01,
TCGA-20-1687-01,0.2112
TCGA-23-1021-01,
TCGA-23-1022-01,
TCGA-23-1023-01,-0.512
TCGA-23-1024-01,
TCGA-23-1026-01,-1.1591
TCGA-23-1027-01,-1.0415
TCGA-23-1028-01,
TCGA-23-1029-01,0.7997
TCGA-23-1030-01,
TCGA-23-1031-01,
TCGA-23-1032-01,
TCGA-23-1109-01,0.3088
TCGA-23-1110-01,
TCGA-23-1111-01,-0.2309
TCGA-23-1113-01,
TCGA-23-1114-01,-0.8006
TCGA-23-1116-01,
TCGA-23-1117-01,
TCGA-23-1118-01,
TCGA-23-1119-01,
TCGA-23-1120-01,0.1202
TCGA-23-1121-01,
TCGA-23-1122-01,-0.017
TCGA-23-1123-01,-0.7519
TCGA-23-1124-01,
TCGA-23-1809-01,-2.4055
TCGA-23-2072-01,
TCGA-23-2077-01,0.1962
TCGA-23-2078-01,-0.1671
TCGA-23-2079-01,
TCGA-23-2081-01,3.2841
TCGA-23-2084-01,0.2997
TCGA-23-2641-01,
TCGA-23-2643-01,
TCGA-23-2645-01,
TCGA-23-2647-01,
TCGA-23-2649-01,
TCGA-24-0966-01,
TCGA-24-0968-01,
TCGA-24-0970-01,
TCGA-24-0975-01,-0.6996
TCGA-24-0979-01,
TCGA-24-0980-01,
TCGA-24-0982-01,
TCGA-24-1103-01,-0.5247
TCGA-24-1104-01,
TCGA-24-1105-01,
TCGA-24-1413-01,0.7223
TCGA-24-1416-01,-0.702
TCGA-24-1417-01,0.0717
TCGA-24-1418-01,-0.8152
TCGA-24-1419-01,0.1058
TCGA-24-1422-01,
TCGA-24-1423-01,0.3975
TCGA-24-1424-01,-0.0716
TCGA-24-1425-01,-0.3655
TCGA-24-1426-01,
TCGA-24-1427-01,1.1269
TCGA-24-1428-01,-0.3975
TCGA-24-1430-01,1.1331
TCGA-24-1431-01,
TCGA-24-1434-01,0.5028
TCGA-24-1435-01,-0.5496
TCGA-24-1436-01,-0.5383
TCGA-24-1463-01,0.805
TCGA-24-1464-01,
TCGA-24-1466-01,
TCGA-24-1467-01,0.3308
TCGA-24-1469-01,1.0317
TCGA-24-1470-01,
TCGA-24-1471-01,
TCGA-24-1474-01,-0.0082
TCGA-24-1544-01,-2.9065
TCGA-24-1545-01,0.9949
TCGA-24-1546-01,-0.9275
TCGA-24-1548-01,1.6459
TCGA-24-1549-01,0.5855
TCGA-24-1550-01,0.1654
TCGA-24-1551-01,-0.4798
TCGA-24-1552-01,-0.5947
TCGA-24-1553-01,0.1553
TCGA-24-1555-01,0.9115
TCGA-24-1556-01,0.132
TCGA-24-1557-01,0.0447
TCGA-24-1558-01,0.8935
TCGA-24-1560-01,-0.6988
TCGA-24-1562-01,-0.2235
TCGA-24-1563-01,0.7651
TCGA-24-1564-01,0.6776
TCGA-24-1565-01,
TCGA-24-1567-01,2.4097
TCGA-24-1603-01,0.8299
TCGA-24-1604-01,1.6921
TCGA-24-1614-01,
TCGA-24-1616-01,-0.3618
TCGA-24-1842-01,0.2264
TCGA-24-1843-01,-0.715
TCGA-24-1844-01,-0.0451
TCGA-24-1845-01,
TCGA-24-1846-01,0.6352
TCGA-24-1847-01,1.9025
TCGA-24-1849-01,-0.7832
TCGA-24-1850-01,-1.4029
TCGA-24-1852-01,
TCGA-24-1920-01,
TCGA-24-1923-01,
TCGA-24-1924-01,0.4709
TCGA-24-1927-01,
TCGA-24-1928-01,0.0809
TCGA-24-1930-01,-0.6385
TCGA-24-2019-01,0.6859
TCGA-24-2020-01,0.215
TCGA-24-2023-01,0.9366
TCGA-24-2024-01,-0.0518
TCGA-24-2026-01,-0.087
TCGA-24-2027-01,0.1128
TCGA-24-2029-01,
TCGA-24-2030-01,
TCGA-24-2033-01,0.0028
TCGA-24-2035-01,0.6597
TCGA-24-2038-01,0.0533
TCGA-24-2254-01,0.6758
TCGA-24-2260-01,
TCGA-24-2261-01,1.9101
TCGA-24-2262-01,0.8939
TCGA-24-2267-01,-0.5467
TCGA-24-2271-01,-0.9732
TCGA-24-2280-01,
TCGA-24-2281-01,-0.3792
TCGA-24-2288-01,0.7066
TCGA-24-2289-01,0.8414
TCGA-24-2290-01,0.9314
TCGA-24-2293-01,-0.0037
TCGA-24-2295-01,
TCGA-24-2297-01,-0.2909
TCGA-24-2298-01,-0.6106
TCGA-25-1312-01,-0.9709
TCGA-25-1313-01,0.6026
TCGA-25-1314-01,-1.061
TCGA-25-1315-01,0.0187
TCGA-25-1316-01,3.4992
TCGA-25-1317-01,-0.695
TCGA-25-1318-01,-0.164
TCGA-25-1319-01,0.9648
TCGA-25-1320-01,1.1872
TCGA-25-1321-01,0.4427
TCGA-25-1322-01,-0.1146
TCGA-25-1323-01,-0.5498
TCGA-25-1324-01,-1.1407
TCGA-25-1326-01,1.2583
TCGA-25-1328-01,0.0303
TCGA-25-1329-01,1.2081
TCGA-25-1623-01,-0.6723
TCGA-25-1625-01,1.2414
TCGA-25-1626-01,-0.3829
TCGA-25-1627-01,0.1873
TCGA-25-1628-01,-0.2148
TCGA-25-1630-01,-0.3189
TCGA-25-1631-01,-0.078
TCGA-25-1632-01,1.1116
TCGA-25-1633-01,-0.7175
TCGA-25-1634-01,-1.2549
TCGA-25-1635-01,0.4534
TCGA-25-1870-01,2.7278
TCGA-25-1871-01,0.0852
TCGA-25-1877-01,
TCGA-25-1878-01,
TCGA-25-2042-01,0.7252
TCGA-25-2391-01,0.2463
TCGA-25-2392-01,0.5615
TCGA-25-2393-01,1.5603
TCGA-25-2396-01,0.9253
TCGA-25-2397-01,-0.9272
TCGA-25-2398-01,-0.3625
TCGA-25-2399-01,-0.1488
TCGA-25-2400-01,0.5508
TCGA-25-2401-01,-1.0982
TCGA-25-2404-01,0.1066
TCGA-25-2408-01,
TCGA-25-2409-01,-0.4968
TCGA-29-1688-01,-0.8495
TCGA-29-1690-01,0.1073
TCGA-29-1691-01,2.0912
TCGA-29-1692-01,
TCGA-29-1693-01,-0.5285
TCGA-29-1694-01,0.0034
TCGA-29-1695-01,-0.9724
TCGA-29-1696-01,0.7043
TCGA-29-1697-01,0.3137
TCGA-29-1698-01,-1.9148
TCGA-29-1699-01,0.6996
TCGA-29-1701-01,-0.0239
TCGA-29-1702-01,0.1354
TCGA-29-1703-01,0.1044
TCGA-29-1704-01,
TCGA-29-1705-01,2.8057
TCGA-29-1707-01,
TCGA-29-1710-01,0.76
TCGA-29-1711-01,-0.648
TCGA-29-1761-01,-0.2521
TCGA-29-1762-01,-0.0057
TCGA-29-1763-01,-0.4197
TCGA-29-1764-01,
TCGA-29-1766-01,
TCGA-29-1768-01,
TCGA-29-1769-01,
TCGA-29-1770-01,-0.4557
TCGA-29-1771-01,
TCGA-29-1774-01,
TCGA-29-1775-01,
TCGA-29-1776-01,0.4022
TCGA-29-1777-01,
TCGA-29-1778-01,-0.0243
TCGA-29-1781-01,-0.6151
TCGA-29-1783-01,-0.9971
TCGA-29-1784-01,-0.391
TCGA-29-1785-01,0.1146
TCGA-29-2425-01,-0.7431
TCGA-29-2427-01,0.0256
TCGA-29-2428-01,-0.9257
TCGA-29-2429-01,
TCGA-29-2431-01,
TCGA-29-2432-01,
TCGA-29-2434-01,
TCGA-29-2436-01,
TCGA-29-A5NZ-01,4.1109
TCGA-30-1714-01,
TCGA-30-1718-01,1.0508
TCGA-30-1853-01,
TCGA-30-1855-01,-0.7795
TCGA-30-1856-01,
TCGA-30-1857-01,-0.4624
TCGA-30-1859-01,
TCGA-30-1860-01,-0.87
TCGA-30-1861-01,1.6076
TCGA-30-1862-01,-0.7641
TCGA-30-1866-01,
TCGA-30-1867-01,
TCGA-30-1880-01,
TCGA-30-1887-01,
TCGA-30-1891-01,-0.1734
TCGA-30-1892-01,
TCGA-31-1944-01,0.1469
TCGA-31-1946-01,-0.705
TCGA-31-1950-01,0.5393
TCGA-31-1951-01,-0.1644
TCGA-31-1953-01,-0.005
TCGA-31-1955-01,
TCGA-31-1956-01,-0.2995
TCGA-31-1959-01,-0.0632
TCGA-36-1568-01,2.2627
TCGA-36-1569-01,2.1761
TCGA-36-1570-01,0.519
TCGA-36-1571-01,0.0834
TCGA-36-1574-01,0.3496
TCGA-36-1575-01,1.6891
TCGA-36-1576-01,-0.4228
TCGA-36-1577-01,-0.4971
TCGA-36-1578-01,6.9326
TCGA-36-1580-01,-0.3613
TCGA-36-1581-01,0.8543
TCGA-36-2529-01,
TCGA-36-2530-01,
TCGA-36-2532-01,
TCGA-36-2533-01,
TCGA-36-2534-01,
TCGA-36-2537-01,
TCGA-36-2538-01,
TCGA-36-2540-01,
TCGA-36-2542-01,
TCGA-36-2543-01,
TCGA-36-2544-01,
TCGA-36-2545-01,
TCGA-36-2547-01,
TCGA-36-2548-01,
TCGA-36-2549-01,
TCGA-36-2551-01,
TCGA-36-2552-01,
TCGA-3P-A9WA-01,1.2289
TCGA-42-2582-01,
TCGA-42-2587-01,
TCGA-42-2588-01,
TCGA-42-2589-01,
TCGA-42-2590-01,
TCGA-42-2591-01,
TCGA-42-2593-01,
TCGA-57-1582-01,1.6072
TCGA-57-1583-01,0.8099
TCGA-57-1584-01,0.0771
TCGA-57-1585-01,-0.1592
TCGA-57-1586-01,
TCGA-57-1992-01,
TCGA-57-1993-01,-1.1346
TCGA-57-1994-01,0.5056
TCGA-59-2348-01,-0.4242
TCGA-59-2349-01,
TCGA-59-2350-01,-0.5881
TCGA-59-2351-01,0.2993
TCGA-59-2352-01,1.3703
TCGA-59-2354-01,-0.1763
TCGA-59-2355-01,0.1523
TCGA-59-2363-01,0.4595
TCGA-59-2372-01,
TCGA-59-A5PD-01,2.5857
TCGA-5X-AA5U-01,0.2172
TCGA-61-1721-01,0.4062
TCGA-61-1722-01,
TCGA-61-1724-01,2.9638
TCGA-61-1725-01,-0.325
TCGA-61-1727-01,
TCGA-61-1728-01,0.3678
TCGA-61-1730-01,
TCGA-61-1733-01,0.1463
TCGA-61-1734-01,
TCGA-61-1736-01,0.5374
TCGA-61-1737-01,-0.5458
TCGA-61-1738-01,-0.1865
TCGA-61-1740-01,-0.8126
TCGA-61-1741-01,-0.681
TCGA-61-1743-01,-0.1076
TCGA-61-1895-01,
TCGA-61-1899-01,
TCGA-61-1900-01,-0.1046
TCGA-61-1901-01,
TCGA-61-1903-01,
TCGA-61-1904-01,
TCGA-61-1906-01,
TCGA-61-1907-01,0.4667
TCGA-61-1910-01,0.2029
TCGA-61-1911-01,
TCGA-61-1913-01,
TCGA-61-1914-01,-0.7521
TCGA-61-1915-01,
TCGA-61-1917-01,2.5234
TCGA-61-1918-01,-0.3895
TCGA-61-1919-01,-0.8396
TCGA-61-1995-01,-0.8445
TCGA-61-1998-01,-0.1799
TCGA-61-2000-01,3.5742
TCGA-61-2002-01,-0.0451
TCGA-61-2003-01,-0.6665
TCGA-61-2008-01,0.0323
TCGA-61-2009-01,-1.552
TCGA-61-2012-01,0.8972
TCGA-61-2016-01,0.7088
TCGA-61-2017-01,
TCGA-61-2018-01,
TCGA-61-2087-01,
TCGA-61-2088-01,-1.1311
TCGA-61-2092-01,-1.4034
TCGA-61-2094-01,-0.1362
TCGA-61-2095-01,-0.319
TCGA-61-2096-01,
TCGA-61-2097-01,0.2145
TCGA-61-2098-01,-1.4827
TCGA-61-2101-01,-1.2644
TCGA-61-2102-01,-1.3955
TCGA-61-2104-01,-1.3164
TCGA-61-2109-01,0.4249
TCGA-61-2110-01,-0.2752
TCGA-61-2111-01,0.2049
TCGA-61-2113-01,-0.5025
TCGA-61-2610-02,
TCGA-61-2611-02,
TCGA-61-2612-01,
TCGA-61-2613-01,
TCGA-61-2614-01,
TCGA-72-4231-01,
TCGA-72-4232-01,
TCGA-72-4233-01,
TCGA-72-4234-01,
TCGA-72-4235-01,
TCGA-72-4236-01,
TCGA-72-4237-01,
TCGA-72-4238-01,
TCGA-72-4240-01,
TCGA-72-4241-01,
TCGA-OY-A56P-01,2.1146
TCGA-OY-A56Q-01,-0.1237
TCGA-VG-A8LO-01,1.2313
TCGA-WR-A838-01,2.9797
TCGA-2J-AAB1-01,-0.7441
TCGA-2J-AAB4-01,0.1799
TCGA-2J-AAB6-01,-0.9688
TCGA-2J-AAB8-01,-1.3119
TCGA-2J-AAB9-01,-0.46
TCGA-2J-AABA-01,-0.0604
TCGA-2J-AABE-01,-0.6128
TCGA-2J-AABF-01,0.3855
TCGA-2J-AABH-01,-1.1775
TCGA-2J-AABI-01,0.0595
TCGA-2J-AABK-01,0.0525
TCGA-2J-AABO-01,-1.0822
TCGA-2J-AABP-01,-0.9938
TCGA-2J-AABR-01,-0.1164
TCGA-2J-AABT-01,-0.4629
TCGA-2J-AABU-01,-0.3607
TCGA-2J-AABV-01,-2.1072
TCGA-2L-AAQA-01,-0.515
TCGA-2L-AAQE-01,-0.4499
TCGA-2L-AAQI-01,0.3568
TCGA-2L-AAQJ-01,-0.1491
TCGA-2L-AAQL-01,-1.3888
TCGA-2L-AAQM-01,0.1527
TCGA-3A-A9I5-01,-1.7139
TCGA-3A-A9I7-01,-0.0228
TCGA-3A-A9I9-01,-0.9865
TCGA-3A-A9IB-01,-0.2826
TCGA-3A-A9IC-01,-1.2283
TCGA-3A-A9IH-01,-0.6279
TCGA-3A-A9IJ-01,-0.9346
TCGA-3A-A9IL-01,0.5425
TCGA-3A-A9IN-01,-0.1491
TCGA-3A-A9IO-01,0.103
TCGA-3A-A9IR-01,1.4284
TCGA-3A-A9IS-01,1.3082
TCGA-3A-A9IU-01,0.3003
TCGA-3A-A9IV-01,2.5264
TCGA-3A-A9IX-01,0.9236
TCGA-3A-A9IZ-01,-0.446
TCGA-3A-A9J0-01,-1.6674
TCGA-3E-AAAY-01,-0.6218
TCGA-3E-AAAZ-01,-0.7856
TCGA-F2-6879-01,0.9114
TCGA-F2-6880-01,0.9666
TCGA-F2-7273-01,1.3387
TCGA-F2-7276-01,0.5686
TCGA-F2-A44G-01,-0.0028
TCGA-F2-A44H-01,-0.0115
TCGA-F2-A7TX-01,1.6018
TCGA-F2-A8YN-01,-0.0254
TCGA-FB-A4P5-01,-0.7255
TCGA-FB-A4P6-01,0.2434
TCGA-FB-A545-01,-0.7475
TCGA-FB-A5VM-01,-2.0495
TCGA-FB-A78T-01,-0.6139
TCGA-FB-A7DR-01,-0.1802
TCGA-FB-AAPP-01,-0.548
TCGA-FB-AAPQ-01,-0.2489
TCGA-FB-AAPS-01,-0.734
TCGA-FB-AAPU-01,-0.7865
TCGA-FB-AAPY-01,-1.432
TCGA-FB-AAPZ-01,0.8978
TCGA-FB-AAQ0-01,0.484
TCGA-FB-AAQ1-01,0.0468
TCGA-FB-AAQ2-01,0.0352
TCGA-FB-AAQ3-01,-0.2664
TCGA-FB-AAQ6-01,-0.1947
TCGA-FZ-5919-01,
TCGA-FZ-5920-01,
TCGA-FZ-5921-01,
TCGA-FZ-5922-01,
TCGA-FZ-5923-01,
TCGA-FZ-5924-01,
TCGA-FZ-5926-01,
TCGA-H6-8124-01,1.0545
TCGA-H6-A45N-01,-0.0836
TCGA-H8-A6C1-01,-0.4026
TCGA-HV-A5A3-01,-0.2167
TCGA-HV-A5A4-01,-0.3652
TCGA-HV-A5A5-01,-0.6479
TCGA-HV-A5A6-01,-0.5347
TCGA-HV-A7OL-01,-1.9386
TCGA-HV-A7OP-01,-1.7143
TCGA-HV-AA8V-01,-1.1348
TCGA-HV-AA8X-01,-0.5309
TCGA-HZ-7289-01,-0.0445
TCGA-HZ-7918-01,1.9764
TCGA-HZ-7919-01,1.6335
TCGA-HZ-7920-01,1.108
TCGA-HZ-7922-01,3.211
TCGA-HZ-7923-01,0.7326
TCGA-HZ-7924-01,1.1147
TCGA-HZ-7925-01,-0.2904
TCGA-HZ-7926-01,1.0555
TCGA-HZ-8001-01,-0.9055
TCGA-HZ-8002-01,1.007
TCGA-HZ-8003-01,1.2657
TCGA-HZ-8005-01,0.7461
TCGA-HZ-8315-01,0.9771
TCGA-HZ-8317-01,0.4108
TCGA-HZ-8519-01,1.0143
TCGA-HZ-8636-01,1.4158
TCGA-HZ-8637-01,2.2456
TCGA-HZ-8638-01,0.2951
TCGA-HZ-A49G-01,-0.0124
TCGA-HZ-A49H-01,-0.5731
TCGA-HZ-A49I-01,-0.9573
TCGA-HZ-A4BH-01,0.1427
TCGA-HZ-A4BK-01,-0.3432
TCGA-HZ-A77O-01,-0.9095
TCGA-HZ-A77P-01,-0.4067
TCGA-HZ-A77Q-01,-0.4846
TCGA-HZ-A8P0-01,-0.7566
TCGA-HZ-A8P1-01,0.6293
TCGA-HZ-A9TJ-01,0.3468
TCGA-IB-7644-01,1.4458
TCGA-IB-7645-01,1.1146
TCGA-IB-7646-01,2.0356
TCGA-IB-7647-01,1.8112
TCGA-IB-7649-01,1.8444
TCGA-IB-7651-01,0.793
TCGA-IB-7652-01,4.3731
TCGA-IB-7885-01,-0.214
TCGA-IB-7886-01,2.8899
TCGA-IB-7887-01,-0.0717
TCGA-IB-7888-01,1.0576
TCGA-IB-7889-01,-0.3176
TCGA-IB-7890-01,0.9915
TCGA-IB-7891-01,1.0189
TCGA-IB-7893-01,0.9218
TCGA-IB-7897-01,3.0094
TCGA-IB-8126-01,2.4144
TCGA-IB-8127-01,1.2686
TCGA-IB-A5SO-01,-0.1022
TCGA-IB-A5SP-01,-0.4091
TCGA-IB-A5SQ-01,-0.3513
TCGA-IB-A5SS-01,0.079
TCGA-IB-A5ST-01,-0.3387
TCGA-IB-A6UF-01,0.0856
TCGA-IB-A6UG-01,1.3522
TCGA-IB-A7LX-01,2.8932
TCGA-IB-A7M4-01,-0.1694
TCGA-IB-AAUM-01,0.3543
TCGA-IB-AAUN-01,0.2894
TCGA-IB-AAUO-01,-0.945
TCGA-IB-AAUP-01,0.6961
TCGA-IB-AAUQ-01,-1.1035
TCGA-IB-AAUR-01,-0.1357
TCGA-IB-AAUS-01,-0.8189
TCGA-IB-AAUT-01,-0.0779
TCGA-IB-AAUU-01,-0.0016
TCGA-IB-AAUV-01,-0.7288
TCGA-IB-AAUW-01,0.3073
TCGA-L1-A7W4-01,1.511
TCGA-LB-A7SX-01,0.0679
TCGA-LB-A8F3-01,-1.0993
TCGA-LB-A9Q5-01,-0.5221
TCGA-M8-A5N4-01,-0.6208
TCGA-OE-A75W-01,-2.0984
TCGA-PZ-A5RE-01,-1.3226
TCGA-Q3-A5QY-01,0.3105
TCGA-Q3-AA2A-01,-0.9077
TCGA-RB-A7B8-01,-0.9548
TCGA-RB-AA9M-01,0.3571
TCGA-RL-AAAS-01,-0.8699
TCGA-S4-A8RM-01,0.6265
TCGA-S4-A8RO-01,-0.7108
TCGA-S4-A8RP-01,-0.465
TCGA-US-A774-01,-0.4338
TCGA-US-A776-01,-0.4116
TCGA-US-A779-01,-1.0578
TCGA-US-A77E-01,-0.4047
TCGA-US-A77G-01,0.0067
TCGA-US-A77J-01,-1.2227
TCGA-XD-AAUG-01,-0.2801
TCGA-XD-AAUH-01,-0.2807
TCGA-XD-AAUI-01,-0.4767
TCGA-XD-AAUL-01,-0.5201
TCGA-XN-A8T3-01,-0.4343
TCGA-XN-A8T5-01,-0.3992
TCGA-YB-A89D-01,0.1867
TCGA-YH-A8SY-01,-0.3347
TCGA-YY-A8LH-01,0.0897
TCGA-Z5-AAPL-01,1.5445
TCGA-P7-A5NX-01,-2.4452
TCGA-P7-A5NY-01,0.907
TCGA-P8-A5KC-01,0.9549
TCGA-P8-A5KD-01,0.0976
TCGA-P8-A6RX-01,-0.6264
TCGA-P8-A6RY-01,1.4221
TCGA-PR-A5PF-01,0.5457
TCGA-PR-A5PG-01,0.5468
TCGA-PR-A5PH-01,-0.0253
TCGA-QR-A6GO-01,-1.012
TCGA-QR-A6GR-01,-0.4145
TCGA-QR-A6GS-01,-0.4712
TCGA-QR-A6GT-01,0.71
TCGA-QR-A6GU-01,1.9754
TCGA-QR-A6GW-01,-1.222
TCGA-QR-A6GX-01,1.9668
TCGA-QR-A6GY-01,0.944
TCGA-QR-A6GZ-01,-1.0368
TCGA-QR-A6H0-01,-1.1463
TCGA-QR-A6H1-01,-1.1193
TCGA-QR-A6H2-01,-2.5101
TCGA-QR-A6H3-01,-2.1944
TCGA-QR-A6H4-01,-0.6203
TCGA-QR-A6H5-01,0.5951
TCGA-QR-A6H6-01,2.2416
TCGA-QR-A6ZZ-01,-0.803
TCGA-QR-A700-01,0.5153
TCGA-QR-A702-01,-0.4951
TCGA-QR-A703-01,0.1832
TCGA-QR-A705-01,-0.2075
TCGA-QR-A706-01,0.122
TCGA-QR-A707-01,-0.4091
TCGA-QR-A708-01,-0.1926
TCGA-QR-A70A-01,0.626
TCGA-QR-A70C-01,0.1708
TCGA-QR-A70D-01,1.3487
TCGA-QR-A70E-01,1.1228
TCGA-QR-A70G-01,1.7749
TCGA-QR-A70H-01,-0.7553
TCGA-QR-A70I-01,0.7416
TCGA-QR-A70J-01,-0.7479
TCGA-QR-A70K-01,0.0482
TCGA-QR-A70M-01,-1.2339
TCGA-QR-A70N-01,0.8084
TCGA-QR-A70O-01,1.0701
TCGA-QR-A70P-01,2.5169
TCGA-QR-A70Q-01,0.634
TCGA-QR-A70R-01,-0.0677
TCGA-QR-A70T-01,0.7753
TCGA-QR-A70U-01,-0.7279
TCGA-QR-A70V-01,1.1473
TCGA-QR-A70W-01,0.339
TCGA-QR-A70X-01,-0.1203
TCGA-QR-A7IN-01,0.5213
TCGA-QR-A7IP-01,1.5055
TCGA-QT-A5XJ-01,5.469
TCGA-QT-A5XK-01,-0.0528
TCGA-QT-A5XL-01,-0.1992
TCGA-QT-A5XM-01,-0.3662
TCGA-QT-A5XN-01,0.3659
TCGA-QT-A5XO-01,2.0879
TCGA-QT-A5XP-01,-1.1145
TCGA-QT-A69Q-01,1.2898
TCGA-QT-A7U0-01,1.2427
TCGA-RM-A68T-01,0.4367
TCGA-RM-A68W-01,-0.7818
TCGA-RT-A6Y9-01,0.4183
TCGA-RT-A6YA-01,-0.9332
TCGA-RT-A6YC-01,0.8959
TCGA-RW-A67V-01,0.5807
TCGA-RW-A67W-01,-0.1316
TCGA-RW-A67X-01,-1.9777
TCGA-RW-A67Y-01,1.4718
TCGA-RW-A680-01,0.2095
TCGA-RW-A681-01,0.8205
TCGA-RW-A684-01,-0.7724
TCGA-RW-A685-01,-0.5178
TCGA-RW-A686-01,0.8453
TCGA-RW-A688-01,-0.1142
TCGA-RW-A689-01,-0.4139
TCGA-RW-A68A-01,0.5983
TCGA-RW-A68B-01,0.1331
TCGA-RW-A68C-01,-0.5818
TCGA-RW-A68D-01,0.7794
TCGA-RW-A68F-01,0.6747
TCGA-RW-A68G-01,0.9513
TCGA-RW-A7CZ-01,0.0854
TCGA-RW-A7D0-01,-1.8193
TCGA-RW-A8AZ-01,-0.4243
TCGA-RX-A8JQ-01,0.676
TCGA-S7-A7WL-01,0.0238
TCGA-S7-A7WM-01,-0.629
TCGA-S7-A7WN-01,-1.4775
TCGA-S7-A7WO-01,-0.871
TCGA-S7-A7WP-01,-0.7134
TCGA-S7-A7WQ-01,-0.2341
TCGA-S7-A7WR-01,0.2809
TCGA-S7-A7WT-01,0.4991
TCGA-S7-A7WU-01,1.3628
TCGA-S7-A7WV-01,-1.2165
TCGA-S7-A7WW-01,-0.5041
TCGA-S7-A7WX-01,-0.6819
TCGA-S7-A7X0-01,-0.0377
TCGA-S7-A7X1-01,-0.6299
TCGA-S7-A7X2-01,-1.5502
TCGA-SA-A6C2-01,2.3138
TCGA-SP-A6QC-01,-1.8472
TCGA-SP-A6QD-01,0.4375
TCGA-SP-A6QF-01,-1.3834
TCGA-SP-A6QG-01,2.0689
TCGA-SP-A6QH-01,-0.1171
TCGA-SP-A6QI-01,-0.0862
TCGA-SP-A6QJ-01,-0.483
TCGA-SP-A6QK-01,-0.1224
TCGA-SQ-A6I4-01,-1.4088
TCGA-SQ-A6I6-01,1.0494
TCGA-SR-A6MP-01,-0.2122
TCGA-SR-A6MQ-01,0.638
TCGA-SR-A6MR-01,-0.8069
TCGA-SR-A6MS-01,-1.324
TCGA-SR-A6MT-01,-0.0072
TCGA-SR-A6MU-01,-0.726
TCGA-SR-A6MV-01,-0.6404
TCGA-SR-A6MX-01,1.9563
TCGA-SR-A6MY-01,-0.6564
TCGA-SR-A6MZ-01,-0.8552
TCGA-SR-A6N0-01,0.0591
TCGA-TT-A6YJ-01,1.2966
TCGA-TT-A6YK-01,0.4421
TCGA-TT-A6YN-01,1.356
TCGA-TT-A6YO-01,-1.7629
TCGA-TT-A6YP-01,-0.1964
TCGA-W2-A7H5-01,2.1999
TCGA-W2-A7H7-01,-0.3696
TCGA-W2-A7HA-01,0.0707
TCGA-W2-A7HB-01,1.783
TCGA-W2-A7HC-01,-0.3487
TCGA-W2-A7HD-01,0.1053
TCGA-W2-A7HE-01,-0.0754
TCGA-W2-A7HF-01,0.8196
TCGA-W2-A7HH-01,1.9775
TCGA-W2-A7UY-01,-1.956
TCGA-WB-A80K-01,-0.194
TCGA-WB-A80L-01,0.3391
TCGA-WB-A80M-01,-0.7057
TCGA-WB-A80N-01,1.1197
TCGA-WB-A80O-01,0.3175
TCGA-WB-A80P-01,0.738
TCGA-WB-A80Q-01,1.2012
TCGA-WB-A80V-01,1.7616
TCGA-WB-A80Y-01,0.2228
TCGA-WB-A814-01,-1.1122
TCGA-WB-A815-01,-0.2431
TCGA-WB-A816-01,-0.8579
TCGA-WB-A817-01,-0.4608
TCGA-WB-A818-01,-0.2076
TCGA-WB-A819-01,-0.7679
TCGA-WB-A81A-01,0.8199
TCGA-WB-A81D-01,-0.1695
TCGA-WB-A81E-01,0.861
TCGA-WB-A81F-01,-0.2735
TCGA-WB-A81G-01,0.665
TCGA-WB-A81H-01,0.0423
TCGA-WB-A81I-01,0.8511
TCGA-WB-A81J-01,-0.6337
TCGA-WB-A81K-01,-0.7565
TCGA-WB-A81M-01,0.7383
TCGA-WB-A81N-01,-0.6523
TCGA-WB-A81P-01,1.3058
TCGA-WB-A81Q-01,0.0936
TCGA-WB-A81R-01,-0.6556
TCGA-WB-A81S-01,0.913
TCGA-WB-A81T-01,-0.2086
TCGA-WB-A81V-01,-0.9346
TCGA-WB-A81W-01,-0.0056
TCGA-WB-A821-01,0.409
TCGA-WB-A822-01,0.0798
TCGA-XG-A823-01,-2.1366
TCGA-2A-A8VL-01,-0.7528
TCGA-2A-A8VO-01,-0.8776
TCGA-2A-A8VT-01,1.6164
TCGA-2A-A8VV-01,0.0755
TCGA-2A-A8VX-01,-0.3979
TCGA-2A-A8W1-01,0.7926
TCGA-2A-A8W3-01,0.359
TCGA-2A-AAYF-01,-0.4471
TCGA-2A-AAYO-01,-0.956
TCGA-2A-AAYU-01,0.0954
TCGA-4L-AA1F-01,-0.5562
TCGA-CH-5737-01,-0.2094
TCGA-CH-5738-01,0.7067
TCGA-CH-5739-01,1.3963
TCGA-CH-5740-01,1.0911
TCGA-CH-5741-01,0.5513
TCGA-CH-5743-01,0.8882
TCGA-CH-5744-01,0.0503
TCGA-CH-5745-01,0.0493
TCGA-CH-5746-01,1.0806
TCGA-CH-5748-01,0.7889
TCGA-CH-5750-01,1.3257
TCGA-CH-5751-01,3.8958
TCGA-CH-5752-01,1.9832
TCGA-CH-5753-01,3.9498
TCGA-CH-5754-01,-0.2999
TCGA-CH-5761-01,2.2854
TCGA-CH-5762-01,1.1203
TCGA-CH-5763-01,0.9816
TCGA-CH-5764-01,1.9194
TCGA-CH-5765-01,1.7219
TCGA-CH-5766-01,0.7981
TCGA-CH-5767-01,-0.2577
TCGA-CH-5768-01,0.6341
TCGA-CH-5769-01,0.6459
TCGA-CH-5771-01,-0.1701
TCGA-CH-5772-01,1.7952
TCGA-CH-5788-01,-0.4289
TCGA-CH-5789-01,0.2115
TCGA-CH-5790-01,2.3172
TCGA-CH-5791-01,1.1223
TCGA-CH-5792-01,-0.3431
TCGA-CH-5794-01,-0.3078
TCGA-EJ-5494-01,1.1058
TCGA-EJ-5495-01,1.8636
TCGA-EJ-5496-01,1.5399
TCGA-EJ-5497-01,1.8418
TCGA-EJ-5498-01,2.0704
TCGA-EJ-5499-01,1.1959
TCGA-EJ-5501-01,-0.0254
TCGA-EJ-5502-01,0.2936
TCGA-EJ-5503-01,0.0118
TCGA-EJ-5504-01,0.8718
TCGA-EJ-5505-01,0.9169
TCGA-EJ-5506-01,2.144
TCGA-EJ-5507-01,3.566
TCGA-EJ-5508-01,2.7438
TCGA-EJ-5509-01,0.0736
TCGA-EJ-5510-01,2.0354
TCGA-EJ-5511-01,1.0666
TCGA-EJ-5512-01,0.7848
TCGA-EJ-5514-01,0.805
TCGA-EJ-5515-01,1.3026
TCGA-EJ-5516-01,3.4498
TCGA-EJ-5517-01,0.773
TCGA-EJ-5518-01,0.9839
TCGA-EJ-5519-01,-0.0626
TCGA-EJ-5521-01,-0.5415
TCGA-EJ-5522-01,1.9483
TCGA-EJ-5524-01,3.6796
TCGA-EJ-5525-01,2.3678
TCGA-EJ-5526-01,3.2014
TCGA-EJ-5527-01,3.0951
TCGA-EJ-5530-01,1.0873
TCGA-EJ-5531-01,0.476
TCGA-EJ-5532-01,0.28
TCGA-EJ-5542-01,2.3177
TCGA-EJ-7115-01,0.1052
TCGA-EJ-7123-01,-0.1035
TCGA-EJ-7125-01,-0.0232
TCGA-EJ-7218-01,-0.9104
TCGA-EJ-7314-01,0.4591
TCGA-EJ-7315-01,0.4506
TCGA-EJ-7317-01,-0.6457
TCGA-EJ-7318-01,-1.8859
TCGA-EJ-7321-01,0.791
TCGA-EJ-7325-01,-1.6579
TCGA-EJ-7327-01,1.9591
TCGA-EJ-7328-01,0.7386
TCGA-EJ-7330-01,0.7249
TCGA-EJ-7331-01,1.1497
TCGA-EJ-7781-01,1.6332
TCGA-EJ-7782-01,0.5941
TCGA-EJ-7783-01,2.0664
TCGA-EJ-7784-01,1.0917
TCGA-EJ-7785-01,1.7118
TCGA-EJ-7786-01,-0.0364
TCGA-EJ-7788-01,1.0003
TCGA-EJ-7789-01,1.5214
TCGA-EJ-7791-01,-0.0844
TCGA-EJ-7792-01,0.127
TCGA-EJ-7793-01,0.2738
TCGA-EJ-7794-01,0.5278
TCGA-EJ-7797-01,0.2536
TCGA-EJ-8468-01,0.7603
TCGA-EJ-8469-01,1.9644
TCGA-EJ-8470-01,0.5159
TCGA-EJ-8472-01,1.5423
TCGA-EJ-8474-01,0.2254
TCGA-EJ-A46B-01,-0.7074
TCGA-EJ-A46D-01,-0.2909
TCGA-EJ-A46E-01,-0.3699
TCGA-EJ-A46F-01,-1.412
TCGA-EJ-A46G-01,-0.2832
TCGA-EJ-A46H-01,0.0017
TCGA-EJ-A46I-01,-0.6501
TCGA-EJ-A65B-01,-0.2332
TCGA-EJ-A65D-01,-0.0774
TCGA-EJ-A65E-01,0.0609
TCGA-EJ-A65F-01,1.4778
TCGA-EJ-A65G-01,-0.656
TCGA-EJ-A65J-01,-0.088
TCGA-EJ-A65M-01,-1.3357
TCGA-EJ-A6RA-01,-1.145
TCGA-EJ-A6RC-01,-1.0094
TCGA-EJ-A7NF-01,-0.4886
TCGA-EJ-A7NG-01,-0.4882
TCGA-EJ-A7NH-01,-0.3331
TCGA-EJ-A7NJ-01,-0.3226
TCGA-EJ-A7NK-01,-0.7214
TCGA-EJ-A7NM-01,0.0074
TCGA-EJ-A7NN-01,-0.1744
TCGA-EJ-A8FN-01,-1.0138
TCGA-EJ-A8FO-01,-0.1228
TCGA-EJ-A8FP-01,-0.2862
TCGA-EJ-A8FS-01,-0.6467
TCGA-EJ-A8FU-01,-0.1908
TCGA-EJ-AB20-01,-1.473
TCGA-EJ-AB27-01,-0.6772
TCGA-FC-7708-01,0.5126
TCGA-FC-7961-01,0.0075
TCGA-FC-A4JI-01,-1.1143
TCGA-FC-A5OB-01,0.6971
TCGA-FC-A66V-01,0.1392
TCGA-FC-A6HD-01,0.3208
TCGA-FC-A8O0-01,-0.2344
TCGA-G9-6329-01,-0.2547
TCGA-G9-6332-01,-0.2056
TCGA-G9-6333-01,-0.5957
TCGA-G9-6336-01,-0.7457
TCGA-G9-6338-01,-1.223
TCGA-G9-6339-01,-0.6026
TCGA-G9-6342-01,-0.2103
TCGA-G9-6343-01,-1.3379
TCGA-G9-6347-01,-1.19
TCGA-G9-6348-01,-0.4405
TCGA-G9-6351-01,-0.2531
TCGA-G9-6353-01,-0.8385
TCGA-G9-6354-01,-0.5405
TCGA-G9-6356-01,-0.0823
TCGA-G9-6361-01,-0.3743
TCGA-G9-6362-01,3.1982
TCGA-G9-6363-01,2.3115
TCGA-G9-6364-01,0.27
TCGA-G9-6365-01,-0.2644
TCGA-G9-6366-01,-0.636
TCGA-G9-6367-01,-0.6389
TCGA-G9-6369-01,-0.8479
TCGA-G9-6370-01,0.198
TCGA-G9-6371-01,-0.3761
TCGA-G9-6373-01,-0.2201
TCGA-G9-6377-01,-0.2297
TCGA-G9-6378-01,-0.4712
TCGA-G9-6379-01,-0.9106
TCGA-G9-6384-01,0.7023
TCGA-G9-6385-01,-0.1807
TCGA-G9-6494-01,1.7345
TCGA-G9-6496-01,-0.9228
TCGA-G9-6498-01,-1.046
TCGA-G9-6499-01,-0.8387
TCGA-G9-7509-01,-0.1301
TCGA-G9-7510-01,-0.5347
TCGA-G9-7519-01,-1.2954
TCGA-G9-7521-01,0.3425
TCGA-G9-7522-01,-0.2634
TCGA-G9-7523-01,-0.5004
TCGA-G9-7525-01,-0.5023
TCGA-G9-A9S0-01,-1.42
TCGA-G9-A9S7-01,0.0692
TCGA-H9-7775-01,0.1636
TCGA-H9-A6BX-01,-0.9267
TCGA-H9-A6BY-01,0.1814
TCGA-HC-7075-01,-0.2967
TCGA-HC-7077-01,0.1696
TCGA-HC-7078-01,0.4677
TCGA-HC-7079-01,0.285
TCGA-HC-7080-01,-0.3703
TCGA-HC-7081-01,0.3253
TCGA-HC-7209-01,0.1743
TCGA-HC-7210-01,0.6099
TCGA-HC-7211-01,2.0134
TCGA-HC-7212-01,2.4939
TCGA-HC-7213-01,0.2859
TCGA-HC-7230-01,0.6993
TCGA-HC-7231-01,0.5864
TCGA-HC-7232-01,1.3659
TCGA-HC-7233-01,0.4319
TCGA-HC-7736-01,0.7351
TCGA-HC-7737-01,-0.2858
TCGA-HC-7738-01,-0.0281
TCGA-HC-7740-01,-0.1738
TCGA-HC-7742-01,-0.492
TCGA-HC-7744-01,0.4452
TCGA-HC-7745-01,0.3461
TCGA-HC-7747-01,0.0063
TCGA-HC-7748-01,1.0226
TCGA-HC-7749-01,0.6872
TCGA-HC-7750-01,-0.7418
TCGA-HC-7752-01,-1.2573
TCGA-HC-7817-01,-0.1863
TCGA-HC-7818-01,0.1363
TCGA-HC-7819-01,0.8317
TCGA-HC-7820-01,-0.3998
TCGA-HC-7821-01,0.6975
TCGA-HC-8213-01,0.8958
TCGA-HC-8216-01,0.7567
TCGA-HC-8256-01,-0.449
TCGA-HC-8257-01,0.9966
TCGA-HC-8258-01,-0.7758
TCGA-HC-8259-01,-0.1649
TCGA-HC-8260-01,-0.2486
TCGA-HC-8261-01,-0.4862
TCGA-HC-8262-01,-0.0802
TCGA-HC-8264-01,0.0981
TCGA-HC-8265-01,-0.3059
TCGA-HC-8266-01,0.1368
TCGA-HC-A48F-01,0.892
TCGA-HC-A4ZV-01,-0.2408
TCGA-HC-A631-01,1.4141
TCGA-HC-A632-01,0.9967
TCGA-HC-A6AL-01,0.7294
TCGA-HC-A6AN-01,0.281
TCGA-HC-A6AO-01,-0.0847
TCGA-HC-A6AP-01,-0.6473
TCGA-HC-A6AQ-01,-0.3198
TCGA-HC-A6AS-01,-0.8875
TCGA-HC-A6HX-01,-0.8776
TCGA-HC-A6HY-01,0.9558
TCGA-HC-A76W-01,0.3332
TCGA-HC-A76X-01,0.1587
TCGA-HC-A8CY-01,-0.2121
TCGA-HC-A8D0-01,0.0362
TCGA-HC-A8D1-01,0.2062
TCGA-HC-A9TE-01,-1.4809
TCGA-HC-A9TH-01,0.0205
TCGA-HI-7168-01,0.5999
TCGA-HI-7169-01,-1.0391
TCGA-HI-7170-01,-0.1499
TCGA-HI-7171-01,1.0431
TCGA-J4-8198-01,0.6726
TCGA-J4-8200-01,0.4683
TCGA-J4-A67K-01,0.0291
TCGA-J4-A67L-01,-0.0933
TCGA-J4-A67M-01,-0.2038
TCGA-J4-A67N-01,0.2678
TCGA-J4-A67O-01,-0.6981
TCGA-J4-A67Q-01,-0.5805
TCGA-J4-A67R-01,-0.2771
TCGA-J4-A67S-01,-0.4062
TCGA-J4-A67T-01,-0.8107
TCGA-J4-A6G1-01,-0.246
TCGA-J4-A6G3-01,-0.1711
TCGA-J4-A6M7-01,5.1514
TCGA-J4-A83I-01,0.6135
TCGA-J4-A83J-01,-0.8021
TCGA-J4-A83K-01,-0.555
TCGA-J4-A83L-01,-0.4912
TCGA-J4-A83M-01,-0.876
TCGA-J4-A83N-01,-0.8989
TCGA-J4-AATV-01,-1.0938
TCGA-J4-AATZ-01,0.6288
TCGA-J4-AAU2-01,-1.275
TCGA-J9-A52B-01,-0.1344
TCGA-J9-A52C-01,-0.8985
TCGA-J9-A52D-01,-0.1159
TCGA-J9-A52E-01,-1.0268
TCGA-J9-A8CK-01,-0.766
TCGA-J9-A8CL-01,0.8295
TCGA-J9-A8CM-01,-0.6544
TCGA-J9-A8CN-01,-0.8705
TCGA-J9-A8CP-01,-0.6752
TCGA-KC-A4BL-01,-0.1963
TCGA-KC-A4BN-01,-0.5055
TCGA-KC-A4BO-01,
TCGA-KC-A4BR-01,-0.6001
TCGA-KC-A4BV-01,0.3843
TCGA-KC-A7F3-01,-0.8405
TCGA-KC-A7F5-01,-1.6643
TCGA-KC-A7F6-01,-0.6729
TCGA-KC-A7FA-01,-0.5791
TCGA-KC-A7FD-01,-0.4125
TCGA-KC-A7FE-01,-0.9021
TCGA-KK-A59V-01,0.7828
TCGA-KK-A59X-01,-0.8616
TCGA-KK-A59Y-01,-0.4935
TCGA-KK-A59Z-01,-0.4144
TCGA-KK-A5A1-01,1.8179
TCGA-KK-A6DY-01,0.364
TCGA-KK-A6E0-01,-0.8313
TCGA-KK-A6E1-01,-0.6013
TCGA-KK-A6E2-01,1.6353
TCGA-KK-A6E3-01,-0.3592
TCGA-KK-A6E4-01,0.6395
TCGA-KK-A6E5-01,-1.064
TCGA-KK-A6E6-01,0.4379
TCGA-KK-A6E7-01,1.6734
TCGA-KK-A6E8-01,1.0266
TCGA-KK-A7AP-01,1.6334
TCGA-KK-A7AQ-01,-2.0146
TCGA-KK-A7AU-01,-0.3331
TCGA-KK-A7AV-01,-0.8895
TCGA-KK-A7AW-01,-2.1111
TCGA-KK-A7AY-01,-1.7556
TCGA-KK-A7AZ-01,-0.9636
TCGA-KK-A7B0-01,-2.3697
TCGA-KK-A7B1-01,-0.6582
TCGA-KK-A7B2-01,-1.5206
TCGA-KK-A7B3-01,0.4849
TCGA-KK-A7B4-01,-0.5265
TCGA-KK-A8I4-01,-0.9581
TCGA-KK-A8I5-01,-0.7074
TCGA-KK-A8I6-01,-0.5584
TCGA-KK-A8I7-01,-0.4016
TCGA-KK-A8I8-01,0.2884
TCGA-KK-A8I9-01,-1.0992
TCGA-KK-A8IA-01,0.3861
TCGA-KK-A8IB-01,-1.4509
TCGA-KK-A8IC-01,0.2558
TCGA-KK-A8ID-01,-0.3811
TCGA-KK-A8IF-01,-0.9541
TCGA-KK-A8IG-01,-0.3656
TCGA-KK-A8IH-01,-1.194
TCGA-KK-A8II-01,0.5148
TCGA-KK-A8IJ-01,-0.2838
TCGA-KK-A8IK-01,-0.2765
TCGA-KK-A8IL-01,-0.4985
TCGA-KK-A8IM-01,0.2041
TCGA-M7-A71Y-01,-0.6405
TCGA-M7-A71Z-01,-1.6352
TCGA-M7-A720-01,-0.5984
TCGA-M7-A721-01,-0.4646
TCGA-M7-A722-01,-1.3823
TCGA-M7-A723-01,-0.9721
TCGA-M7-A724-01,-1.4876
TCGA-M7-A725-01,0.1855
TCGA-MG-AAMC-01,-0.2754
TCGA-QU-A6IL-01,-0.7409
TCGA-QU-A6IM-01,-1.4212
TCGA-QU-A6IN-01,-0.3315
TCGA-QU-A6IO-01,-1.599
TCGA-QU-A6IP-01,1.0777
TCGA-SU-A7E7-01,0.245
TCGA-TK-A8OK-01,0.2641
TCGA-TP-A8TT-01,0.0065
TCGA-TP-A8TV-01,-1.0866
TCGA-V1-A8MF-01,-1.0618
TCGA-V1-A8MG-01,-0.4545
TCGA-V1-A8MJ-01,-0.4319
TCGA-V1-A8MK-01,-0.8768
TCGA-V1-A8ML-01,-0.7579
TCGA-V1-A8MM-01,-1.0314
TCGA-V1-A8MU-01,-0.8118
TCGA-V1-A8WL-01,-0.7407
TCGA-V1-A8WN-01,0.3811
TCGA-V1-A8WS-01,0.1257
TCGA-V1-A8WV-01,-0.3822
TCGA-V1-A8WW-01,-1.0769
TCGA-V1-A8X3-01,-0.2864
TCGA-V1-A9O5-01,0.3373
TCGA-V1-A9O7-01,-0.6077
TCGA-V1-A9O9-01,1.6119
TCGA-V1-A9OA-01,0.0126
TCGA-V1-A9OF-01,0.1285
TCGA-V1-A9OH-01,-0.0432
TCGA-V1-A9OL-01,-0.5908
TCGA-V1-A9OQ-01,-1.1187
TCGA-V1-A9OT-01,-0.7077
TCGA-V1-A9OX-01,-1.3296
TCGA-V1-A9OY-01,-0.5658
TCGA-V1-A9Z7-01,0.5582
TCGA-V1-A9Z8-01,-0.7472
TCGA-V1-A9Z9-01,-1.0269
TCGA-V1-A9ZG-01,0.392
TCGA-V1-A9ZI-01,-0.9835
TCGA-V1-A9ZK-01,-0.1257
TCGA-V1-A9ZR-01,-0.3078
TCGA-VN-A88I-01,-1.07
TCGA-VN-A88K-01,0.3933
TCGA-VN-A88L-01,0.1264
TCGA-VN-A88M-01,-0.6709
TCGA-VN-A88N-01,-0.9087
TCGA-VN-A88O-01,-0.5684
TCGA-VN-A88P-01,-0.9126
TCGA-VN-A88Q-01,0.4325
TCGA-VN-A88R-01,-1.1945
TCGA-VN-A943-01,-0.8842
TCGA-VP-A872-01,-1.7765
TCGA-VP-A875-01,0.1409
TCGA-VP-A876-01,0.9685
TCGA-VP-A878-01,-0.9739
TCGA-VP-A879-01,-0.3959
TCGA-VP-A87B-01,-1.1975
TCGA-VP-A87C-01,-0.1355
TCGA-VP-A87D-01,1.3524
TCGA-VP-A87E-01,-1.1622
TCGA-VP-A87H-01,-1.1506
TCGA-VP-A87J-01,1.5835
TCGA-VP-A87K-01,0.5271
TCGA-VP-AA1N-01,-1.0934
TCGA-WW-A8ZI-01,0.5344
TCGA-X4-A8KQ-01,-0.9973
TCGA-X4-A8KS-01,-0.9425
TCGA-XA-A8JR-01,-0.9299
TCGA-XJ-A83F-01,-0.6668
TCGA-XJ-A83G-01,-1.5071
TCGA-XJ-A83H-01,-1.1307
TCGA-XJ-A9DI-01,0.1114
TCGA-XJ-A9DK-01,-0.2301
TCGA-XJ-A9DQ-01,-0.5826
TCGA-XJ-A9DX-01,0.9085
TCGA-XK-AAIR-01,0.3652
TCGA-XK-AAIV-01,-0.6362
TCGA-XK-AAIW-01,0.7183
TCGA-XK-AAJA-01,-0.9427
TCGA-XK-AAJP-01,-0.4501
TCGA-XK-AAJR-01,-0.3504
TCGA-XK-AAJT-01,-0.9871
TCGA-XK-AAJU-01,-1.0083
TCGA-XQ-A8TA-01,-0.0906
TCGA-XQ-A8TB-01,0.4305
TCGA-Y6-A8TL-01,-0.7209
TCGA-Y6-A9XI-01,-0.0195
TCGA-YJ-A8SW-01,1.145
TCGA-YL-A8HJ-01,-0.318
TCGA-YL-A8HK-01,0.4723
TCGA-YL-A8HL-01,0.7219
TCGA-YL-A8HM-01,-0.5048
TCGA-YL-A8HO-01,-0.8863
TCGA-YL-A8S8-01,-0.6584
TCGA-YL-A8S9-01,0.5456
TCGA-YL-A8SA-01,-0.0652
TCGA-YL-A8SB-01,0.2969
TCGA-YL-A8SC-01,0.6756
TCGA-YL-A8SF-01,0.0744
TCGA-YL-A8SH-01,-0.8215
TCGA-YL-A8SI-01,-0.7519
TCGA-YL-A8SJ-01,0.498
TCGA-YL-A8SK-01,-0.488
TCGA-YL-A8SL-01,0.152
TCGA-YL-A8SO-01,-1.6808
TCGA-YL-A8SP-01,1.4766
TCGA-YL-A8SQ-01,0.096
TCGA-YL-A8SR-01,0.1933
TCGA-YL-A9WH-01,0.034
TCGA-YL-A9WI-01,-1.0501
TCGA-YL-A9WJ-01,-0.6276
TCGA-YL-A9WK-01,0.0857
TCGA-YL-A9WL-01,1.0223
TCGA-YL-A9WX-01,-0.1427
TCGA-YL-A9WY-01,0.4073
TCGA-ZG-A8QW-01,-1.2283
TCGA-ZG-A8QX-01,-0.7499
TCGA-ZG-A8QY-01,-0.025
TCGA-ZG-A8QZ-01,0.2665
TCGA-ZG-A9KY-01,1.3536
TCGA-ZG-A9L0-01,0.0732
TCGA-ZG-A9L1-01,0.3474
TCGA-ZG-A9L2-01,-0.4721
TCGA-ZG-A9L4-01,0.1833
TCGA-ZG-A9L5-01,4.7868
TCGA-ZG-A9L6-01,-0.6427
TCGA-ZG-A9L9-01,-1.485
TCGA-ZG-A9LB-01,-0.4261
TCGA-ZG-A9LM-01,0.0874
TCGA-ZG-A9LN-01,-0.8556
TCGA-ZG-A9LS-01,-1.0578
TCGA-ZG-A9LU-01,-1.4314
TCGA-ZG-A9LY-01,0.1226
TCGA-ZG-A9LZ-01,0.3536
TCGA-ZG-A9M4-01,0.7428
TCGA-ZG-A9MC-01,0.0171
TCGA-ZG-A9N3-01,-0.3571
TCGA-ZG-A9ND-01,-0.8582
TCGA-ZG-A9NI-01,-1.2541
TCGA-3B-A9HI-01,-1.0746
TCGA-3B-A9HJ-01,-0.1933
TCGA-3B-A9HL-01,-0.7405
TCGA-3B-A9HO-01,-0.8956
TCGA-3B-A9HP-01,-0.499
TCGA-3B-A9HQ-01,0.0169
TCGA-3B-A9HR-01,2.7387
TCGA-3B-A9HS-01,-0.6969
TCGA-3B-A9HT-01,0.3895
TCGA-3B-A9HU-01,0.225
TCGA-3B-A9HV-01,3.5646
TCGA-3B-A9HX-01,0.4778
TCGA-3B-A9HY-01,1.5804
TCGA-3B-A9HZ-01,-0.4183
TCGA-3B-A9I0-01,-0.1593
TCGA-3B-A9I1-01,2.7577
TCGA-3B-A9I3-01,-0.4769
TCGA-3R-A8YX-01,0.2817
TCGA-DX-A1KU-01,0.3048
TCGA-DX-A1KW-01,-0.2545
TCGA-DX-A1KX-01,-0.3675
TCGA-DX-A1KY-01,0.6514
TCGA-DX-A1KZ-01,-1.1387
TCGA-DX-A1L0-01,0.1431
TCGA-DX-A1L1-01,-0.1607
TCGA-DX-A1L2-01,-0.2118
TCGA-DX-A1L3-01,-0.4403
TCGA-DX-A1L4-01,-0.9072
TCGA-DX-A23R-01,3.1805
TCGA-DX-A23T-01,-0.7906
TCGA-DX-A23U-01,-0.3987
TCGA-DX-A23V-01,-0.2211
TCGA-DX-A23Y-01,1.0918
TCGA-DX-A23Z-01,-0.3285
TCGA-DX-A240-01,-0.5285
TCGA-DX-A2IZ-01,2.6595
TCGA-DX-A2J0-01,0.5723
TCGA-DX-A2J1-01,-1.1904
TCGA-DX-A2J4-01,-0.4823
TCGA-DX-A3LS-01,0.1834
TCGA-DX-A3LT-01,-0.3898
TCGA-DX-A3LU-01,-1.3015
TCGA-DX-A3LW-01,-0.959
TCGA-DX-A3LY-01,-1.3039
TCGA-DX-A3M1-01,-0.7282
TCGA-DX-A3M2-01,-1.8169
TCGA-DX-A3U5-01,-0.5229
TCGA-DX-A3U6-01,-0.8185
TCGA-DX-A3U7-01,1.585
TCGA-DX-A3U8-01,0.3257
TCGA-DX-A3U9-01,0.47
TCGA-DX-A3UA-01,-0.0973
TCGA-DX-A3UB-01,-1.104
TCGA-DX-A3UC-01,-0.2761
TCGA-DX-A3UD-01,0.051
TCGA-DX-A3UE-01,-0.0438
TCGA-DX-A3UF-01,0.4226
TCGA-DX-A48J-01,1.8567
TCGA-DX-A48K-01,-0.3139
TCGA-DX-A48L-01,0.7067
TCGA-DX-A48N-01,1.2479
TCGA-DX-A48O-01,0.134
TCGA-DX-A48P-01,-0.3414
TCGA-DX-A48R-01,0.727
TCGA-DX-A48U-01,1.3563
TCGA-DX-A48V-01,
TCGA-DX-A6B7-01,0.3476
TCGA-DX-A6B8-01,-0.2105
TCGA-DX-A6B9-01,1.2172
TCGA-DX-A6BA-01,-0.2789
TCGA-DX-A6BB-01,-0.4714
TCGA-DX-A6BE-01,-1.1334
TCGA-DX-A6BF-01,-1.533
TCGA-DX-A6BG-01,-0.2614
TCGA-DX-A6BH-01,0.5734
TCGA-DX-A6BK-01,
TCGA-DX-A6YQ-01,0.7133
TCGA-DX-A6YR-01,0.2067
TCGA-DX-A6YS-01,0.3462
TCGA-DX-A6YT-01,1.3416
TCGA-DX-A6YU-01,-0.5388
TCGA-DX-A6YV-01,0.2778
TCGA-DX-A6YX-01,0.6226
TCGA-DX-A6YZ-01,-0.7827
TCGA-DX-A6Z0-01,-0.0123
TCGA-DX-A6Z2-01,0.6289
TCGA-DX-A7EF-01,0.1333
TCGA-DX-A7EI-01,0.281
TCGA-DX-A7EL-01,-0.2632
TCGA-DX-A7EM-01,0.1702
TCGA-DX-A7EN-01,0.3598
TCGA-DX-A7EO-01,-0.3008
TCGA-DX-A7EQ-01,-0.9735
TCGA-DX-A7ER-01,-0.6886
TCGA-DX-A7ES-01,-0.8516
TCGA-DX-A7ET-01,-0.8714
TCGA-DX-A7EU-01,-1.1557
TCGA-DX-A8BG-01,0.3298
TCGA-DX-A8BH-01,-0.2714
TCGA-DX-A8BJ-01,-0.8109
TCGA-DX-A8BK-01,-0.9451
TCGA-DX-A8BL-01,-1.0336
TCGA-DX-A8BM-01,0.8302
TCGA-DX-A8BN-01,-0.6552
TCGA-DX-A8BO-01,-1.1701
TCGA-DX-A8BP-01,-1.0154
TCGA-DX-A8BR-01,-0.4666
TCGA-DX-A8BS-01,1.6563
TCGA-DX-A8BT-01,-0.2507
TCGA-DX-A8BU-01,0.9514
TCGA-DX-A8BV-01,-0.3514
TCGA-DX-A8BX-01,-0.0955
TCGA-DX-A8BZ-01,-1.341
TCGA-DX-AATS-01,-0.2999
TCGA-DX-AB2E-01,-0.135
TCGA-DX-AB2F-01,-0.3529
TCGA-DX-AB2G-01,-0.8667
TCGA-DX-AB2H-01,0.4666
TCGA-DX-AB2J-01,-0.1338
TCGA-DX-AB2L-01,-1.043
TCGA-DX-AB2O-01,-0.7239
TCGA-DX-AB2P-01,0.2337
TCGA-DX-AB2Q-01,-0.4011
TCGA-DX-AB2S-01,-0.6562
TCGA-DX-AB2T-01,0.6806
TCGA-DX-AB2V-01,1.0422
TCGA-DX-AB2W-01,-1.4808
TCGA-DX-AB2X-01,-1.4213
TCGA-DX-AB2Z-01,-0.2831
TCGA-DX-AB30-01,0.7444
TCGA-DX-AB32-01,-0.7
TCGA-DX-AB35-01,-0.939
TCGA-DX-AB36-01,-0.4334
TCGA-DX-AB37-01,-1.0293
TCGA-DX-AB3A-01,-0.2624
TCGA-DX-AB3B-01,2.2776
TCGA-DX-AB3C-01,-0.3971
TCGA-FX-A2QS-01,7.2164
TCGA-FX-A3NJ-01,1.3158
TCGA-FX-A3NK-01,0.7516
TCGA-FX-A3RE-01,-0.024
TCGA-FX-A3TO-01,-0.5656
TCGA-FX-A48G-01,-1.5126
TCGA-FX-A76Y-01,1.2431
TCGA-FX-A8OO-01,1.0427
TCGA-HB-A2OT-01,-0.2243
TCGA-HB-A3L4-01,0.8684
TCGA-HB-A3YV-01,1.4917
TCGA-HB-A43Z-01,3.9943
TCGA-HB-A5W3-01,1.4474
TCGA-HS-A5N7-01,-0.3472
TCGA-HS-A5N8-01,-0.0298
TCGA-HS-A5NA-01,2.4484
TCGA-IE-A3OV-01,-0.1394
TCGA-IE-A4EH-01,-0.2279
TCGA-IE-A4EI-01,1.7007
TCGA-IE-A4EJ-01,1.3294
TCGA-IE-A4EK-01,1.4732
TCGA-IE-A6BZ-01,0.9031
TCGA-IF-A3RQ-01,-1.1874
TCGA-IF-A4AJ-01,1.2782
TCGA-IS-A3K6-01,1.334
TCGA-IS-A3K7-01,-0.3734
TCGA-IS-A3K8-01,-0.4373
TCGA-IS-A3KA-01,-0.8856
TCGA-IW-A3M4-01,1.0011
TCGA-IW-A3M5-01,-0.5206
TCGA-IW-A3M6-01,-0.4835
TCGA-JV-A5VE-01,0.6336
TCGA-JV-A5VF-01,-0.7067
TCGA-JV-A75J-01,1.5349
TCGA-K1-A3PN-01,0.6221
TCGA-K1-A3PO-01,-0.754
TCGA-K1-A42W-01,-0.6795
TCGA-K1-A42X-01,2.4438
TCGA-K1-A6RT-01,-0.0312
TCGA-K1-A6RU-01,-0.2219
TCGA-K1-A6RV-01,-1.2619
TCGA-KD-A5QS-01,0.8247
TCGA-KD-A5QT-01,2.2424
TCGA-KD-A5QU-01,-0.7549
TCGA-KF-A41W-01,-0.1981
TCGA-LI-A67I-01,-0.5989
TCGA-LI-A9QH-01,0.1612
TCGA-MB-A5Y8-01,-0.5235
TCGA-MB-A5Y9-01,-1.4497
TCGA-MB-A5YA-01,-0.1566
TCGA-MB-A8JK-01,0.6247
TCGA-MB-A8JL-01,0.7715
TCGA-MJ-A68H-01,-0.361
TCGA-MJ-A68J-01,-0.9163
TCGA-MJ-A850-01,-0.5666
TCGA-MO-A47P-01,-0.3855
TCGA-MO-A47R-01,-0.7003
TCGA-N1-A6IA-01,0.4479
TCGA-PC-A5DK-01,1.3166
TCGA-PC-A5DL-01,1.5681
TCGA-PC-A5DN-01,-0.0724
TCGA-PC-A5DO-01,0.7966
TCGA-QC-A6FX-01,-0.475
TCGA-QC-A7B5-01,-1.3013
TCGA-QC-AA9N-01,0.4753
TCGA-QQ-A5V2-01,-1.0759
TCGA-QQ-A5V9-01,-0.78
TCGA-QQ-A5VA-01,0.6714
TCGA-QQ-A5VB-01,-0.1831
TCGA-QQ-A5VC-01,-0.8043
TCGA-QQ-A5VD-01,-1.0511
TCGA-QQ-A8VB-01,0.1862
TCGA-QQ-A8VD-01,-0.4347
TCGA-QQ-A8VF-01,0.0674
TCGA-QQ-A8VG-01,0.0264
TCGA-QQ-A8VH-01,0.0232
TCGA-RN-A68Q-01,-0.4003
TCGA-RN-AAAQ-01,-0.9442
TCGA-SG-A6Z4-01,0.7314
TCGA-SG-A6Z7-01,0.0013
TCGA-SG-A849-01,-1.1977
TCGA-SI-A71O-01,1.8994
TCGA-SI-A71P-01,0.6444
TCGA-SI-A71Q-01,1.0977
TCGA-SI-AA8B-01,1.4639
TCGA-SI-AA8C-01,0.5344
TCGA-UE-A6QT-01,-0.314
TCGA-UE-A6QU-01,-0.6709
TCGA-VT-A80G-01,-0.8828
TCGA-VT-A80J-01,-0.6999
TCGA-VT-AB3D-01,-0.9592
TCGA-WK-A8XO-01,-1.0221
TCGA-WK-A8XQ-01,0.8766
TCGA-WK-A8XS-01,0.1582
TCGA-WK-A8XT-01,3.182
TCGA-WK-A8XX-01,-0.6207
TCGA-WK-A8XY-01,0.3935
TCGA-WK-A8XZ-01,1.2377
TCGA-WK-A8Y0-01,-0.332
TCGA-WP-A9GB-01,-0.8846
TCGA-X2-A95T-01,2.573
TCGA-X6-A7W8-01,-1.6291
TCGA-X6-A7WA-01,0.3194
TCGA-X6-A7WB-01,1.6916
TCGA-X6-A7WC-01,-1.2656
TCGA-X6-A7WD-01,0.1549
TCGA-X6-A8C2-01,-0.4236
TCGA-X6-A8C3-01,-0.1211
TCGA-X6-A8C4-01,-0.4808
TCGA-X6-A8C5-01,-0.3207
TCGA-X6-A8C6-01,-0.5926
TCGA-X6-A8C7-01,2.795
TCGA-X9-A971-01,1.0537
TCGA-X9-A973-01,-0.3716
TCGA-Z4-A8JB-01,-0.6247
TCGA-Z4-A9VC-01,0.6278
TCGA-Z4-AAPF-01,-0.0322
TCGA-Z4-AAPG-01,-0.7037
TCGA-3N-A9WB-06,-0.5752
TCGA-3N-A9WC-06,-0.5645
TCGA-3N-A9WD-06,-0.3841
TCGA-BF-A1PU-01,-1.4848
TCGA-BF-A1PV-01,-0.3811
TCGA-BF-A1PX-01,-1.3216
TCGA-BF-A1PZ-01,-1.1092
TCGA-BF-A1Q0-01,0.2051
TCGA-BF-A3DJ-01,0.0992
TCGA-BF-A3DL-01,-1.9498
TCGA-BF-A3DM-01,-0.2468
TCGA-BF-A3DN-01,0.3233
TCGA-BF-A5EO-01,-1.9716
TCGA-BF-A5EP-01,-1.4997
TCGA-BF-A5EQ-01,-0.9126
TCGA-BF-A5ER-01,-2.0747
TCGA-BF-A5ES-01,-1.6358
TCGA-BF-AAP0-06,-0.7322
TCGA-D3-A1Q1-06,-0.3138
TCGA-D3-A1Q3-06,0.1653
TCGA-D3-A1Q4-06,1.4176
TCGA-D3-A1Q5-06,1.4443
TCGA-D3-A1Q6-06,1.9456
TCGA-D3-A1Q7-06,0.2332
TCGA-D3-A1Q8-06,0.3507
TCGA-D3-A1Q9-06,1.4088
TCGA-D3-A1QA-06,0.331
TCGA-D3-A1QB-06,-1.2318
TCGA-D3-A2J6-06,-1.4864
TCGA-D3-A2J7-06,-0.4659
TCGA-D3-A2J8-06,-0.5255
TCGA-D3-A2J9-06,0.1187
TCGA-D3-A2JA-06,0.423
TCGA-D3-A2JB-06,0.1382
TCGA-D3-A2JC-06,0.2907
TCGA-D3-A2JD-06,-1.7876
TCGA-D3-A2JE-06,1.0293
TCGA-D3-A2JF-06,0.4237
TCGA-D3-A2JG-06,-0.3413
TCGA-D3-A2JH-06,0.6906
TCGA-D3-A2JK-06,-2.0089
TCGA-D3-A2JL-06,0.0349
TCGA-D3-A2JN-06,-0.3217
TCGA-D3-A2JO-06,2.4602
TCGA-D3-A2JP-06,-0.3687
TCGA-D3-A3BZ-06,-1.4113
TCGA-D3-A3C1-06,-1.419
TCGA-D3-A3C3-06,-0.165
TCGA-D3-A3C6-06,0.6085
TCGA-D3-A3C7-06,-0.1902
TCGA-D3-A3C8-06,-0.1848
TCGA-D3-A3CB-06,-0.1229
TCGA-D3-A3CC-06,-0.687
TCGA-D3-A3CE-06,3.0694
TCGA-D3-A3CF-06,-0.2999
TCGA-D3-A3ML-06,0.1045
TCGA-D3-A3MO-06,-0.1594
TCGA-D3-A3MR-06,-0.6552
TCGA-D3-A3MU-06,-1.5191
TCGA-D3-A3MV-06,-0.216
TCGA-D3-A51E-06,-0.5712
TCGA-D3-A51F-06,-0.3942
TCGA-D3-A51G-06,1.9828
TCGA-D3-A51H-06,0.2951
TCGA-D3-A51J-06,-0.4823
TCGA-D3-A51K-06,-1.6371
TCGA-D3-A51N-06,-1.0001
TCGA-D3-A51R-06,0.0082
TCGA-D3-A51T-06,0.0826
TCGA-D3-A5GL-06,-0.9121
TCGA-D3-A5GN-06,0.2856
TCGA-D3-A5GO-06,-0.9019
TCGA-D3-A5GR-06,3.0425
TCGA-D3-A5GS-06,-0.9051
TCGA-D3-A5GT-01,-0.7609
TCGA-D3-A5GU-06,2.0054
TCGA-D3-A8GB-06,-0.9804
TCGA-D3-A8GC-06,0.4531
TCGA-D3-A8GD-06,-0.0642
TCGA-D3-A8GE-06,-0.1728
TCGA-D3-A8GI-06,-1.6656
TCGA-D3-A8GJ-06,-0.5848
TCGA-D3-A8GK-06,-1.1226
TCGA-D3-A8GL-06,0.6487
TCGA-D3-A8GM-06,-0.1964
TCGA-D3-A8GN-06,-0.8906
TCGA-D3-A8GO-06,-0.776
TCGA-D3-A8GP-06,0.6211
TCGA-D3-A8GQ-06,-0.7121
TCGA-D3-A8GR-06,-1.0751
TCGA-D3-A8GS-06,0.4989
TCGA-D3-A8GV-06,-0.7483
TCGA-D9-A148-06,-0.9657
TCGA-D9-A149-06,-0.648
TCGA-D9-A1JW-06,-1.6922
TCGA-D9-A1JX-06,0.5368
TCGA-D9-A1X3-01,
TCGA-D9-A1X3-06,0.8808
TCGA-D9-A3Z1-06,-0.737
TCGA-D9-A3Z3-06,-0.9971
TCGA-D9-A3Z4-01,-0.0633
TCGA-D9-A4Z2-01,0.3327
TCGA-D9-A4Z3-01,0.6777
TCGA-D9-A4Z5-01,-1.4606
TCGA-D9-A4Z6-01,
TCGA-D9-A4Z6-06,-0.0822
TCGA-D9-A6E9-06,-1.8284
TCGA-D9-A6EA-06,-1.0202
TCGA-D9-A6EC-06,-0.5236
TCGA-D9-A6EG-06,0.4586
TCGA-DA-A1HV-06,0.3749
TCGA-DA-A1HW-06,1.8688
TCGA-DA-A1HY-06,0.2155
TCGA-DA-A1I0-06,-2.149
TCGA-DA-A1I1-06,0.1484
TCGA-DA-A1I2-06,2.8948
TCGA-DA-A1I4-06,-0.5538
TCGA-DA-A1I5-06,-0.3084
TCGA-DA-A1I7-06,0.6051
TCGA-DA-A1I8-06,0.2685
TCGA-DA-A1IA-06,-2.065
TCGA-DA-A1IB-06,0.145
TCGA-DA-A1IC-06,1.7933
TCGA-DA-A3F2-06,-1.9279
TCGA-DA-A3F3-06,1.0996
TCGA-DA-A3F5-06,0.088
TCGA-DA-A3F8-06,0.1242
TCGA-DA-A95V-06,-1.6944
TCGA-DA-A95W-06,-0.0888
TCGA-DA-A95X-06,0.4439
TCGA-DA-A95Y-06,-1.6906
TCGA-DA-A95Z-06,-0.3686
TCGA-EB-A1NK-01,-1.6279
TCGA-EB-A24C-01,0.4147
TCGA-EB-A24D-01,0.4068
TCGA-EB-A299-01,-0.8236
TCGA-EB-A3HV-01,-1.5682
TCGA-EB-A3XB-01,-0.5645
TCGA-EB-A3XC-01,-0.2214
TCGA-EB-A3XD-01,-1.8266
TCGA-EB-A3XE-01,-1.5916
TCGA-EB-A3XF-01,0.0003
TCGA-EB-A3Y6-01,-0.9323
TCGA-EB-A3Y7-01,-2.1334
TCGA-EB-A41A-01,-0.4755
TCGA-EB-A41B-01,-0.6496
TCGA-EB-A42Y-01,-0.7225
TCGA-EB-A42Z-01,-0.8304
TCGA-EB-A430-01,-0.8913
TCGA-EB-A431-01,-0.6645
TCGA-EB-A44N-01,-0.2617
TCGA-EB-A44O-01,0.1181
TCGA-EB-A44P-01,0.0164
TCGA-EB-A44Q-06,0.4507
TCGA-EB-A44R-06,-0.3262
TCGA-EB-A4IQ-01,-1.3434
TCGA-EB-A4IS-01,-0.1837
TCGA-EB-A4OY-01,-1.9855
TCGA-EB-A4OZ-01,-1.7509
TCGA-EB-A4P0-01,-0.542
TCGA-EB-A4XL-01,0.602
TCGA-EB-A551-01,-0.1155
TCGA-EB-A553-01,-0.8853
TCGA-EB-A57M-01,-1.8606
TCGA-EB-A5FP-01,0.9144
TCGA-EB-A5KH-06,-1.6912
TCGA-EB-A5SE-01,-0.2933
TCGA-EB-A5SF-01,-2.0977
TCGA-EB-A5SG-06,-0.4917
TCGA-EB-A5SH-06,-1.6943
TCGA-EB-A5UL-06,0.2812
TCGA-EB-A5UM-01,-1.1314
TCGA-EB-A5UN-06,-0.1602
TCGA-EB-A5VU-01,2.5971
TCGA-EB-A5VV-06,0.9988
TCGA-EB-A6L9-06,-1.7729
TCGA-EB-A6QY-01,-0.05
TCGA-EB-A6QZ-01,-1.0417
TCGA-EB-A6R0-01,0.4391
TCGA-EE-A17X-06,-1.2932
TCGA-EE-A17Y-06,-0.6604
TCGA-EE-A17Z-06,-0.9443
TCGA-EE-A180-06,-0.404
TCGA-EE-A181-06,0.0082
TCGA-EE-A182-06,-2.0481
TCGA-EE-A183-06,-1.8588
TCGA-EE-A184-06,-0.8783
TCGA-EE-A185-06,-1.2569
TCGA-EE-A20B-06,0.9748
TCGA-EE-A20C-06,1.1903
TCGA-EE-A20F-06,0.3239
TCGA-EE-A20H-06,2.3121
TCGA-EE-A20I-06,-0.9416
TCGA-EE-A29A-06,0.5362
TCGA-EE-A29B-06,-1.1265
TCGA-EE-A29C-06,-1.3705
TCGA-EE-A29D-06,0.1139
TCGA-EE-A29E-06,-0.8088
TCGA-EE-A29G-06,0.2034
TCGA-EE-A29H-06,0.121
TCGA-EE-A29L-06,0.495
TCGA-EE-A29M-06,0.7498
TCGA-EE-A29N-06,0.3584
TCGA-EE-A29P-06,0.5608
TCGA-EE-A29Q-06,0.5521
TCGA-EE-A29R-06,-0.3597
TCGA-EE-A29S-06,-0.43
TCGA-EE-A29T-06,1.5122
TCGA-EE-A29V-06,-1.6611
TCGA-EE-A29W-06,0.6066
TCGA-EE-A29X-06,-1.4773
TCGA-EE-A2A0-06,2.0179
TCGA-EE-A2A1-06,-0.8344
TCGA-EE-A2A2-06,-1.7273
TCGA-EE-A2A5-06,-0.2044
TCGA-EE-A2A6-06,0.0466
TCGA-EE-A2GB-06,0.7818
TCGA-EE-A2GC-06,1.1866
TCGA-EE-A2GD-06,0.2299
TCGA-EE-A2GE-06,0.0867
TCGA-EE-A2GH-06,0.1502
TCGA-EE-A2GI-06,-0.2709
TCGA-EE-A2GJ-06,0.8277
TCGA-EE-A2GK-06,1.0747
TCGA-EE-A2GL-06,0.4013
TCGA-EE-A2GM-06,-1.8963
TCGA-EE-A2GN-06,-0.5719
TCGA-EE-A2GO-06,0.1839
TCGA-EE-A2GP-06,1.0123
TCGA-EE-A2GR-06,1.0533
TCGA-EE-A2GS-06,2.7934
TCGA-EE-A2GT-06,-1.4016
TCGA-EE-A2GU-06,1.1612
TCGA-EE-A2M5-06,-0.3241
TCGA-EE-A2M6-06,1.316
TCGA-EE-A2M7-06,0.8475
TCGA-EE-A2M8-06,0.5187
TCGA-EE-A2MC-06,0.1004
TCGA-EE-A2MD-06,1.2388
TCGA-EE-A2ME-06,0.7516
TCGA-EE-A2MF-06,0.7806
TCGA-EE-A2MG-06,0.6736
TCGA-EE-A2MH-06,0.5757
TCGA-EE-A2MI-06,0.8365
TCGA-EE-A2MJ-06,0.3317
TCGA-EE-A2MK-06,1.04
TCGA-EE-A2ML-06,0.268
TCGA-EE-A2MM-06,3.4987
TCGA-EE-A2MN-06,-0.4702
TCGA-EE-A2MP-06,-0.8958
TCGA-EE-A2MQ-06,0.6215
TCGA-EE-A2MR-06,0.5342
TCGA-EE-A2MS-06,2.2528
TCGA-EE-A2MT-06,-0.1417
TCGA-EE-A2MU-06,-1.4274
TCGA-EE-A3AA-06,0.6348
TCGA-EE-A3AB-06,0.9479
TCGA-EE-A3AC-06,0.9194
TCGA-EE-A3AD-06,0.945
TCGA-EE-A3AE-06,0.9886
TCGA-EE-A3AF-06,-1.4251
TCGA-EE-A3AG-06,-0.4243
TCGA-EE-A3AH-06,0.8051
TCGA-EE-A3J3-06,0.5948
TCGA-EE-A3J4-06,0.273
TCGA-EE-A3J5-06,-0.297
TCGA-EE-A3J7-06,0.0782
TCGA-EE-A3J8-06,1.5494
TCGA-EE-A3JA-06,1.3891
TCGA-EE-A3JB-06,0.9146
TCGA-EE-A3JD-06,0.6487
TCGA-EE-A3JE-06,0.3508
TCGA-EE-A3JH-06,0.022
TCGA-EE-A3JI-06,2.6657
TCGA-ER-A193-06,-0.0368
TCGA-ER-A194-01,-1.915
TCGA-ER-A195-06,0.5204
TCGA-ER-A196-01,-0.5479
TCGA-ER-A197-06,-0.6076
TCGA-ER-A198-06,0.4539
TCGA-ER-A199-06,-0.4089
TCGA-ER-A19A-06,0.4421
TCGA-ER-A19B-06,0.8971
TCGA-ER-A19C-06,-0.2384
TCGA-ER-A19D-06,-1.3059
TCGA-ER-A19E-06,-0.1838
TCGA-ER-A19F-06,0.4095
TCGA-ER-A19G-06,0.9072
TCGA-ER-A19H-06,1.6376
TCGA-ER-A19J-06,-0.1187
TCGA-ER-A19K-01,-0.3536
TCGA-ER-A19L-06,1.5137
TCGA-ER-A19M-06,0.5793
TCGA-ER-A19N-06,-0.8989
TCGA-ER-A19O-06,-1.2468
TCGA-ER-A19P-06,1.1747
TCGA-ER-A19Q-06,-0.564
TCGA-ER-A19S-06,0.7734
TCGA-ER-A19T-01,0.1998
TCGA-ER-A19T-06,-0.9117
TCGA-ER-A19W-06,0.2428
TCGA-ER-A1A1-06,1.0712
TCGA-ER-A2NB-01,-2.0033
TCGA-ER-A2NC-06,-0.3346
TCGA-ER-A2ND-06,-1.1072
TCGA-ER-A2NE-06,1.1835
TCGA-ER-A2NF-01,1.4958
TCGA-ER-A2NF-06,1.9645
TCGA-ER-A2NG-06,-0.1825
TCGA-ER-A2NH-06,0.0784
TCGA-ER-A3ES-06,0.9946
TCGA-ER-A3ET-06,-0.3705
TCGA-ER-A3EV-06,-1.1781
TCGA-ER-A3PL-06,1.3794
TCGA-ER-A42H-01,0.1855
TCGA-ER-A42K-06,0.1131
TCGA-ER-A42L-06,-0.6523
TCGA-FR-A2OS-01,0.8785
TCGA-FR-A3R1-01,0.1337
TCGA-FR-A3YN-06,0.4999
TCGA-FR-A3YO-06,-1.9863
TCGA-FR-A44A-06,-0.1594
TCGA-FR-A69P-06,0.415
TCGA-FR-A726-01,-0.2757
TCGA-FR-A728-01,-1.1914
TCGA-FR-A729-06,0.325
TCGA-FR-A7U8-06,-0.1645
TCGA-FR-A7U9-06,-0.8592
TCGA-FR-A7UA-06,0.1321
TCGA-FR-A8YC-06,0.5885
TCGA-FR-A8YD-06,-1.7843
TCGA-FR-A8YE-06,0.6593
TCGA-FS-A1YW-06,1.2778
TCGA-FS-A1YX-06,0.7034
TCGA-FS-A1YY-06,-0.7878
TCGA-FS-A1Z0-06,2.3661
TCGA-FS-A1Z3-06,1.5191
TCGA-FS-A1Z4-06,0.8767
TCGA-FS-A1Z7-06,-0.1139
TCGA-FS-A1ZA-06,0.202
TCGA-FS-A1ZB-06,-1.0319
TCGA-FS-A1ZC-06,-0.3613
TCGA-FS-A1ZD-06,1.4267
TCGA-FS-A1ZE-06,0.4216
TCGA-FS-A1ZF-06,-0.6966
TCGA-FS-A1ZG-06,-0.1342
TCGA-FS-A1ZH-06,0.1889
TCGA-FS-A1ZJ-06,0.7731
TCGA-FS-A1ZK-06,-0.4376
TCGA-FS-A1ZM-06,0.6145
TCGA-FS-A1ZN-01,0.6053
TCGA-FS-A1ZP-06,0.154
TCGA-FS-A1ZQ-06,-1.3556
TCGA-FS-A1ZR-06,0.773
TCGA-FS-A1ZS-06,1.0351
TCGA-FS-A1ZT-06,1.4356
TCGA-FS-A1ZU-06,-0.1951
TCGA-FS-A1ZW-06,1.8737
TCGA-FS-A1ZY-06,-1.0974
TCGA-FS-A1ZZ-06,3.4659
TCGA-FS-A4F0-06,0.8789
TCGA-FS-A4F2-06,0.456
TCGA-FS-A4F4-06,-1.7882
TCGA-FS-A4F5-06,-0.278
TCGA-FS-A4F8-06,0.9167
TCGA-FS-A4F9-06,0.4039
TCGA-FS-A4FB-06,0.1045
TCGA-FS-A4FC-06,-0.3533
TCGA-FS-A4FD-06,0.0822
TCGA-FW-A3I3-06,1.3741
TCGA-FW-A3R5-06,0.1832
TCGA-FW-A3TU-06,-1.8511
TCGA-FW-A3TV-06,-0.5132
TCGA-FW-A5DX-01,3.139
TCGA-FW-A5DY-06,0.3781
TCGA-GF-A2C7-01,-0.2271
TCGA-GF-A3OT-06,-0.7068
TCGA-GF-A4EO-06,0.6719
TCGA-GF-A6C8-06,-0.1173
TCGA-GF-A6C9-06,0.9866
TCGA-GF-A769-01,-0.1113
TCGA-GN-A262-06,-0.2568
TCGA-GN-A263-01,-0.0579
TCGA-GN-A264-06,-0.3349
TCGA-GN-A265-06,-0.6617
TCGA-GN-A266-06,1.2904
TCGA-GN-A267-06,-0.5846
TCGA-GN-A268-06,-0.0628
TCGA-GN-A269-01,
TCGA-GN-A26A-06,0.0716
TCGA-GN-A26C-01,-0.6437
TCGA-GN-A26D-06,-0.5986
TCGA-GN-A4U3-06,-0.5819
TCGA-GN-A4U4-06,0.6483
TCGA-GN-A4U5-01,-0.8656
TCGA-GN-A4U7-06,-1.3342
TCGA-GN-A4U8-06,0.2878
TCGA-GN-A4U9-06,0.3594
TCGA-GN-A8LK-06,-1.4592
TCGA-GN-A8LL-06,-1.8969
TCGA-GN-A9SD-06,0.0549
TCGA-HR-A2OG-01,
TCGA-HR-A2OG-06,0.15
TCGA-HR-A2OH-01,
TCGA-HR-A2OH-06,0.1687
TCGA-IH-A3EA-01,-1.7846
TCGA-LH-A9QB-06,-0.0901
TCGA-OD-A75X-06,1.3569
TCGA-QB-A6FS-06,-2.1444
TCGA-QB-AA9O-06,-0.9331
TCGA-RP-A690-06,0.0609
TCGA-RP-A693-06,-0.4019
TCGA-RP-A694-06,-0.4589
TCGA-RP-A695-06,-0.9403
TCGA-RP-A6K9-06,-0.7117
TCGA-W3-A824-06,-0.7739
TCGA-W3-A825-06,0.3577
TCGA-W3-A828-06,-0.2529
TCGA-W3-AA1O-06,0.2468
TCGA-W3-AA1Q-06,-0.192
TCGA-W3-AA1R-06,0.3737
TCGA-W3-AA1V-06,0.1494
TCGA-W3-AA1W-06,-0.3784
TCGA-W3-AA21-06,-0.9724
TCGA-WE-A8JZ-06,0.947
TCGA-WE-A8K1-06,-0.5016
TCGA-WE-A8K5-06,-0.4955
TCGA-WE-A8K6-06,-0.4694
TCGA-WE-A8ZM-06,0.4812
TCGA-WE-A8ZN-06,-1.6323
TCGA-WE-A8ZO-06,0.8738
TCGA-WE-A8ZQ-06,0.5657
TCGA-WE-A8ZT-06,0.4098
TCGA-WE-A8ZX-06,0.5502
TCGA-WE-A8ZY-06,1.1527
TCGA-WE-AA9Y-06,-0.8986
TCGA-WE-AAA0-06,-0.6623
TCGA-WE-AAA3-06,-0.6645
TCGA-WE-AAA4-06,-1.8844
TCGA-XV-AB01-06,-1.9545
TCGA-YD-A89C-06,-0.7915
TCGA-YD-A9TA-06,0.3538
TCGA-YD-A9TB-06,1.5087
TCGA-YG-AA3O-06,-0.3697
TCGA-YG-AA3P-06,1.6124
TCGA-Z2-A8RT-06,0.1675
TCGA-Z2-AA3S-06,2.2133
TCGA-Z2-AA3V-06,-2.1183
TCGA-3M-AB46-01,0.5163
TCGA-3M-AB47-01,1.9987
TCGA-B7-5816-01,-1.3743
TCGA-B7-5818-01,-1.8044
TCGA-B7-A5TI-01,-0.6118
TCGA-B7-A5TJ-01,-0.9508
TCGA-B7-A5TK-01,1.6769
TCGA-B7-A5TN-01,0.1203
TCGA-BR-4183-01,
TCGA-BR-4184-01,
TCGA-BR-4187-01,-0.0675
TCGA-BR-4188-01,
TCGA-BR-4191-01,2.6651
TCGA-BR-4201-01,-0.662
TCGA-BR-4253-01,2.1088
TCGA-BR-4255-01,-0.1016
TCGA-BR-4256-01,-0.3158
TCGA-BR-4257-01,-0.5483
TCGA-BR-4267-01,0.5732
TCGA-BR-4279-01,1.0559
TCGA-BR-4280-01,0.0516
TCGA-BR-4292-01,-0.5886
TCGA-BR-4294-01,0.1062
TCGA-BR-4357-01,-0.5083
TCGA-BR-4361-01,0.0155
TCGA-BR-4362-01,-1.103
TCGA-BR-4363-01,2.7022
TCGA-BR-4366-01,-0.4051
TCGA-BR-4367-01,0.3538
TCGA-BR-4368-01,0.7367
TCGA-BR-4369-01,0.0013
TCGA-BR-4370-01,0.258
TCGA-BR-4371-01,2.1993
TCGA-BR-6452-01,-0.9708
TCGA-BR-6453-01,-1.0053
TCGA-BR-6454-01,-0.3419
TCGA-BR-6455-01,-0.3454
TCGA-BR-6456-01,0.5737
TCGA-BR-6457-01,-1.537
TCGA-BR-6458-01,0.0358
TCGA-BR-6563-01,-0.1937
TCGA-BR-6564-01,-1.8957
TCGA-BR-6565-01,-0.1805
TCGA-BR-6566-01,-1.0788
TCGA-BR-6705-01,-1.3068
TCGA-BR-6706-01,-0.3119
TCGA-BR-6707-01,-0.8772
TCGA-BR-6709-01,-1.4105
TCGA-BR-6710-01,
TCGA-BR-6801-01,1.2385
TCGA-BR-6802-01,0.4111
TCGA-BR-6803-01,-1.376
TCGA-BR-6852-01,-1.1038
TCGA-BR-7196-01,-0.2975
TCGA-BR-7197-01,-0.8265
TCGA-BR-7703-01,-1.0691
TCGA-BR-7704-01,0.1797
TCGA-BR-7707-01,-1.4309
TCGA-BR-7715-01,-0.7304
TCGA-BR-7716-01,0.3385
TCGA-BR-7717-01,-1.5174
TCGA-BR-7722-01,-1.007
TCGA-BR-7723-01,0.0407
TCGA-BR-7851-01,-0.4231
TCGA-BR-7901-01,0.4312
TCGA-BR-7957-01,-0.1216
TCGA-BR-7958-01,-0.3352
TCGA-BR-7959-01,0.3728
TCGA-BR-8058-01,-0.4944
TCGA-BR-8059-01,-0.8323
TCGA-BR-8060-01,-0.0409
TCGA-BR-8077-01,1.297
TCGA-BR-8078-01,0.1456
TCGA-BR-8080-01,-0.5366
TCGA-BR-8081-01,-0.5403
TCGA-BR-8284-01,-0.1535
TCGA-BR-8285-01,
TCGA-BR-8286-01,-0.195
TCGA-BR-8289-01,-0.9779
TCGA-BR-8291-01,-0.1653
TCGA-BR-8295-01,-1.5106
TCGA-BR-8296-01,-0.4502
TCGA-BR-8297-01,0.0203
TCGA-BR-8360-01,
TCGA-BR-8361-01,-0.3961
TCGA-BR-8362-01,1.9739
TCGA-BR-8363-01,0.2998
TCGA-BR-8364-01,-0.1734
TCGA-BR-8365-01,-0.0064
TCGA-BR-8366-01,-0.5905
TCGA-BR-8367-01,0.0644
TCGA-BR-8368-01,0.2238
TCGA-BR-8369-01,1.4124
TCGA-BR-8370-01,
TCGA-BR-8371-01,-0.2458
TCGA-BR-8372-01,1.7543
TCGA-BR-8373-01,1.8682
TCGA-BR-8380-01,-0.4471
TCGA-BR-8381-01,-0.1216
TCGA-BR-8382-01,-0.6476
TCGA-BR-8384-01,-0.1113
TCGA-BR-8483-01,-0.1416
TCGA-BR-8484-01,1.8243
TCGA-BR-8485-01,0.4308
TCGA-BR-8486-01,1.3327
TCGA-BR-8487-01,-1.1283
TCGA-BR-8588-01,-1.2953
TCGA-BR-8589-01,0.7125
TCGA-BR-8590-01,-0.4961
TCGA-BR-8591-01,-0.6655
TCGA-BR-8592-01,-0.4208
TCGA-BR-8676-01,0.1436
TCGA-BR-8677-01,-0.4621
TCGA-BR-8678-01,0.4182
TCGA-BR-8679-01,0.6672
TCGA-BR-8680-01,3.1182
TCGA-BR-8682-01,0.1845
TCGA-BR-8683-01,3.1541
TCGA-BR-8686-01,0.7924
TCGA-BR-8687-01,-0.3608
TCGA-BR-8690-01,-0.0338
TCGA-BR-A44T-01,0.1456
TCGA-BR-A44U-01,3.7629
TCGA-BR-A452-01,-0.327
TCGA-BR-A453-01,-0.229
TCGA-BR-A4CQ-01,
TCGA-BR-A4CR-01,4.341
TCGA-BR-A4CS-01,0.6269
TCGA-BR-A4IU-01,-0.0111
TCGA-BR-A4IV-01,-0.0951
TCGA-BR-A4IY-01,-0.4428
TCGA-BR-A4IZ-01,-0.5268
TCGA-BR-A4J1-01,-0.6008
TCGA-BR-A4J2-01,0.3063
TCGA-BR-A4J4-01,0.0619
TCGA-BR-A4J5-01,-0.7506
TCGA-BR-A4J6-01,-0.8763
TCGA-BR-A4J7-01,0.0381
TCGA-BR-A4J8-01,-0.5019
TCGA-BR-A4J9-01,0.1971
TCGA-BR-A4PD-01,-0.6603
TCGA-BR-A4PE-01,-0.1704
TCGA-BR-A4PF-01,2.3147
TCGA-BR-A4QI-01,6.5045
TCGA-BR-A4QL-01,0.5322
TCGA-BR-A4QM-01,1.41
TCGA-CD-5798-01,-1.4787
TCGA-CD-5799-01,-1.1174
TCGA-CD-5800-01,-1.0007
TCGA-CD-5801-01,-1.0144
TCGA-CD-5802-01,
TCGA-CD-5803-01,-0.8875
TCGA-CD-5804-01,-1.4694
TCGA-CD-5813-01,-1.5393
TCGA-CD-8524-01,0.5901
TCGA-CD-8525-01,-0.8581
TCGA-CD-8526-01,-0.6381
TCGA-CD-8527-01,-1.2201
TCGA-CD-8528-01,0.8634
TCGA-CD-8529-01,-1.0103
TCGA-CD-8530-01,-0.7065
TCGA-CD-8531-01,0.2195
TCGA-CD-8532-01,-0.3911
TCGA-CD-8533-01,2.304
TCGA-CD-8534-01,0.3819
TCGA-CD-8535-01,-0.1234
TCGA-CD-8536-01,-0.3891
TCGA-CD-A486-01,-1.2189
TCGA-CD-A487-01,0.0571
TCGA-CD-A489-01,0.5106
TCGA-CD-A48A-01,-0.3788
TCGA-CD-A48C-01,-0.602
TCGA-CD-A4MG-01,-0.2653
TCGA-CD-A4MH-01,0.7024
TCGA-CD-A4MI-01,-0.5442
TCGA-CD-A4MJ-01,-0.2581
TCGA-CG-4300-01,
TCGA-CG-4301-01,-0.3547
TCGA-CG-4304-01,-0.2292
TCGA-CG-4305-01,-1.0078
TCGA-CG-4306-01,-0.1436
TCGA-CG-4436-01,0.4565
TCGA-CG-4437-01,-1.8974
TCGA-CG-4438-01,0.9583
TCGA-CG-4440-01,-0.4972
TCGA-CG-4441-01,-0.7983
TCGA-CG-4442-01,-2.0252
TCGA-CG-4443-01,0.0666
TCGA-CG-4444-01,1.2266
TCGA-CG-4449-01,-0.3707
TCGA-CG-4455-01,
TCGA-CG-4462-01,-0.4821
TCGA-CG-4465-01,-0.1497
TCGA-CG-4466-01,-0.0313
TCGA-CG-4469-01,0.3247
TCGA-CG-4472-01,-0.1125
TCGA-CG-4474-01,-0.5708
TCGA-CG-4475-01,-0.4888
TCGA-CG-4476-01,0.173
TCGA-CG-4477-01,0.0496
TCGA-CG-5717-01,-0.7172
TCGA-CG-5718-01,-2.0021
TCGA-CG-5719-01,-1.5158
TCGA-CG-5720-01,-1.5027
TCGA-CG-5721-01,-0.4831
TCGA-CG-5722-01,-1.1545
TCGA-CG-5723-01,-0.7885
TCGA-CG-5724-01,-1.4006
TCGA-CG-5725-01,-1.1894
TCGA-CG-5726-01,-1.4629
TCGA-CG-5727-01,
TCGA-CG-5728-01,
TCGA-CG-5730-01,
TCGA-CG-5732-01,-1.4438
TCGA-CG-5733-01,
TCGA-CG-5734-01,-1.2082
TCGA-D7-5577-01,-1.3682
TCGA-D7-5578-01,-1.1608
TCGA-D7-5579-01,
TCGA-D7-6518-01,-0.2292
TCGA-D7-6519-01,-0.6799
TCGA-D7-6520-01,-1.5648
TCGA-D7-6521-01,-0.7073
TCGA-D7-6522-01,-1.5245
TCGA-D7-6524-01,-1.1183
TCGA-D7-6525-01,-0.9542
TCGA-D7-6526-01,-0.8232
TCGA-D7-6527-01,-1.4696
TCGA-D7-6528-01,2.3735
TCGA-D7-6815-01,0.6846
TCGA-D7-6817-01,1.3213
TCGA-D7-6818-01,-0.4489
TCGA-D7-6820-01,-1.8324
TCGA-D7-6822-01,-0.8397
TCGA-D7-8570-01,-1.2322
TCGA-D7-8572-01,-0.2151
TCGA-D7-8573-01,1.7644
TCGA-D7-8574-01,0.6847
TCGA-D7-8575-01,1.0374
TCGA-D7-8576-01,-0.2531
TCGA-D7-8578-01,-0.3851
TCGA-D7-8579-01,-0.9991
TCGA-D7-A4YT-01,0.0721
TCGA-D7-A4YU-01,2.8712
TCGA-D7-A4YV-01,1.3334
TCGA-D7-A4YX-01,0.573
TCGA-D7-A4YY-01,-0.06
TCGA-D7-A4Z0-01,-0.671
TCGA-D7-A6ET-01,
TCGA-D7-A6EV-01,-0.3966
TCGA-D7-A6EX-01,-0.605
TCGA-D7-A6EY-01,-0.7355
TCGA-D7-A6EZ-01,0.8016
TCGA-D7-A6F0-01,-0.4878
TCGA-D7-A6F2-01,0.1771
TCGA-D7-A747-01,1.1374
TCGA-D7-A748-01,-1.1188
TCGA-D7-A74A-01,3.5321
TCGA-D7-A74B-01,
TCGA-EQ-5647-01,
TCGA-EQ-8122-01,0.3908
TCGA-EQ-A4SO-01,-0.1363
TCGA-F1-6177-01,-1.4641
TCGA-F1-6874-01,0.0978
TCGA-F1-6875-01,0.4565
TCGA-F1-A448-01,-0.4464
TCGA-F1-A72C-01,-0.0452
TCGA-FP-7735-01,-0.8962
TCGA-FP-7829-01,0.5982
TCGA-FP-7916-01,0.2025
TCGA-FP-7998-01,0.8873
TCGA-FP-8099-01,0.333
TCGA-FP-8209-01,0.6515
TCGA-FP-8210-01,-0.3261
TCGA-FP-8211-01,-0.9191
TCGA-FP-8631-01,-0.2208
TCGA-FP-A4BE-01,1.3097
TCGA-FP-A4BF-01,0.644
TCGA-FP-A8CX-01,-0.6645
TCGA-FP-A9TM-01,1.4164
TCGA-HF-7132-01,-0.3383
TCGA-HF-7133-01,-0.6405
TCGA-HF-7134-01,-0.4165
TCGA-HF-7136-01,-0.7852
TCGA-HF-A5NB-01,-2.914
TCGA-HJ-7597-01,1.0346
TCGA-HU-8238-01,-1.0754
TCGA-HU-8243-01,-0.4152
TCGA-HU-8244-01,-0.6695
TCGA-HU-8245-01,
TCGA-HU-8249-01,0.4558
TCGA-HU-8602-01,1.5313
TCGA-HU-8604-01,4.0141
TCGA-HU-8608-01,0.2134
TCGA-HU-8610-01,-0.9585
TCGA-HU-A4G2-01,-0.0018
TCGA-HU-A4G3-01,-1.0232
TCGA-HU-A4G6-01,2.7712
TCGA-HU-A4G8-01,1.0033
TCGA-HU-A4G9-01,-0.1775
TCGA-HU-A4GC-01,-0.8445
TCGA-HU-A4GD-01,1.4481
TCGA-HU-A4GF-01,1.6428
TCGA-HU-A4GH-01,0.1617
TCGA-HU-A4GJ-01,1.2742
TCGA-HU-A4GN-01,-0.8623
TCGA-HU-A4GP-01,-0.065
TCGA-HU-A4GQ-01,0.1783
TCGA-HU-A4GT-01,-0.0347
TCGA-HU-A4GU-01,1.3046
TCGA-HU-A4GX-01,0.6482
TCGA-HU-A4GY-01,1.1307
TCGA-HU-A4H0-01,0.8952
TCGA-HU-A4H2-01,0.1594
TCGA-HU-A4H3-01,0.4331
TCGA-HU-A4H4-01,0.8798
TCGA-HU-A4H5-01,2.1439
TCGA-HU-A4H6-01,0.0158
TCGA-HU-A4H8-01,0.6803
TCGA-HU-A4HB-01,0.2206
TCGA-HU-A4HD-01,-0.7783
TCGA-IN-7806-01,-0.0458
TCGA-IN-7808-01,0.6597
TCGA-IN-8462-01,-0.5838
TCGA-IN-8663-01,6.8463
TCGA-IN-A6RI-01,-0.0266
TCGA-IN-A6RJ-01,-0.9981
TCGA-IN-A6RL-01,-0.134
TCGA-IN-A6RN-01,-0.9724
TCGA-IN-A6RO-01,0.5352
TCGA-IN-A6RP-01,
TCGA-IN-A6RR-01,0.4981
TCGA-IN-A6RS-01,-0.5939
TCGA-IN-A7NR-01,-0.5969
TCGA-IN-A7NT-01,0.5678
TCGA-IN-A7NU-01,0.2666
TCGA-IN-AB1V-01,0.5286
TCGA-IN-AB1X-01,2.9642
TCGA-IP-7968-01,0.4758
TCGA-KB-A6F5-01,
TCGA-KB-A6F7-01,0.4576
TCGA-KB-A93G-01,0.8858
TCGA-KB-A93H-01,-0.4206
TCGA-KB-A93J-01,0.1679
TCGA-MX-A5UG-01,0.5287
TCGA-MX-A5UJ-01,-0.8644
TCGA-MX-A663-01,-0.5877
TCGA-MX-A666-01,0.5453
TCGA-R5-A7O7-01,0.7839
TCGA-R5-A7ZE-01,0.2782
TCGA-R5-A7ZF-01,-0.1743
TCGA-R5-A7ZI-01,0.4136
TCGA-R5-A7ZR-01,-0.0641
TCGA-R5-A804-01,
TCGA-R5-A805-01,-0.4477
TCGA-RD-A7BS-01,0.175
TCGA-RD-A7BT-01,0.9191
TCGA-RD-A7BW-01,0.5188
TCGA-RD-A7C1-01,1.0311
TCGA-RD-A8MV-01,-0.9068
TCGA-RD-A8MW-01,0.7602
TCGA-RD-A8N0-01,0.7503
TCGA-RD-A8N1-01,-0.859
TCGA-RD-A8N2-01,0.3694
TCGA-RD-A8N4-01,0.3802
TCGA-RD-A8N5-01,-0.6556
TCGA-RD-A8N6-01,1.9129
TCGA-RD-A8N9-01,1.3044
TCGA-RD-A8NB-01,0.6867
TCGA-SW-A7EA-01,-0.9923
TCGA-SW-A7EB-01,-0.5643
TCGA-VQ-A8DL-01,
TCGA-VQ-A8DT-01,-0.8499
TCGA-VQ-A8DU-01,1.3317
TCGA-VQ-A8DV-01,-0.599
TCGA-VQ-A8DZ-01,-1.4742
TCGA-VQ-A8E0-01,0.9428
TCGA-VQ-A8E2-01,-1.3757
TCGA-VQ-A8E3-01,1.338
TCGA-VQ-A8E7-01,0.7705
TCGA-VQ-A8P2-01,-0.0027
TCGA-VQ-A8P3-01,-0.8532
TCGA-VQ-A8P5-01,0.8079
TCGA-VQ-A8P8-01,0.8719
TCGA-VQ-A8PB-01,1.8057
TCGA-VQ-A8PC-01,2.3398
TCGA-VQ-A8PD-01,0.1847
TCGA-VQ-A8PE-01,0.08
TCGA-VQ-A8PF-01,0.4916
TCGA-VQ-A8PH-01,2.1546
TCGA-VQ-A8PJ-01,1.1263
TCGA-VQ-A8PK-01,2.1995
TCGA-VQ-A8PM-01,1.1375
TCGA-VQ-A8PO-01,-0.1284
TCGA-VQ-A8PP-01,1.1893
TCGA-VQ-A8PQ-01,2.685
TCGA-VQ-A8PS-01,
TCGA-VQ-A8PT-01,
TCGA-VQ-A8PU-01,2.0991
TCGA-VQ-A8PX-01,1.1109
TCGA-VQ-A8PY-01,
TCGA-VQ-A8PZ-01,
TCGA-VQ-A91A-01,0.9872
TCGA-VQ-A91D-01,-0.0039
TCGA-VQ-A91E-01,0.2914
TCGA-VQ-A91K-01,0.0011
TCGA-VQ-A91N-01,2.8283
TCGA-VQ-A91Q-01,-0.9154
TCGA-VQ-A91S-01,4.7717
TCGA-VQ-A91U-01,2.164
TCGA-VQ-A91V-01,1.1067
TCGA-VQ-A91W-01,0.5608
TCGA-VQ-A91X-01,2.875
TCGA-VQ-A91Y-01,0.6296
TCGA-VQ-A91Z-01,2.6376
TCGA-VQ-A922-01,0.4834
TCGA-VQ-A923-01,1.7472
TCGA-VQ-A924-01,0.4976
TCGA-VQ-A925-01,0.8732
TCGA-VQ-A927-01,0.3806
TCGA-VQ-A928-01,-0.1937
TCGA-VQ-A92D-01,5.6966
TCGA-VQ-A94O-01,1.2363
TCGA-VQ-A94P-01,1.1675
TCGA-VQ-A94R-01,0.9743
TCGA-VQ-A94T-01,1.1174
TCGA-VQ-A94U-01,1.3604
TCGA-VQ-AA64-01,0.1702
TCGA-VQ-AA68-01,2.0083
TCGA-VQ-AA69-01,2.527
TCGA-VQ-AA6A-01,2.42
TCGA-VQ-AA6B-01,2.1349
TCGA-VQ-AA6D-01,1.0333
TCGA-VQ-AA6F-01,0.8547
TCGA-VQ-AA6G-01,-0.156
TCGA-VQ-AA6I-01,-0.2724
TCGA-VQ-AA6J-01,1.3936
TCGA-VQ-AA6K-01,-0.0938
TCGA-ZA-A8F6-01,0.7994
TCGA-ZQ-A9CR-01,-0.1692
TCGA-2G-AAEW-01,-0.8801
TCGA-2G-AAEX-01,0.3781
TCGA-2G-AAF1-01,-0.3947
TCGA-2G-AAF4-01,-0.1055
TCGA-2G-AAF6-01,1.1433
TCGA-2G-AAF8-01,0.3199
TCGA-2G-AAFG-01,-0.5163
TCGA-2G-AAFH-01,0.3423
TCGA-2G-AAFI-01,0.8825
TCGA-2G-AAFJ-01,-0.3414
TCGA-2G-AAFL-01,-1.1208
TCGA-2G-AAFM-01,-0.5842
TCGA-2G-AAFN-01,-0.5811
TCGA-2G-AAFO-01,-0.823
TCGA-2G-AAFV-01,1.1314
TCGA-2G-AAFY-01,0.4292
TCGA-2G-AAFZ-01,0.5879
TCGA-2G-AAG0-01,0.5618
TCGA-2G-AAG3-01,0.1698
TCGA-2G-AAG5-01,-0.3929
TCGA-2G-AAG6-01,0.0392
TCGA-2G-AAG7-01,3.7867
TCGA-2G-AAG8-01,-0.5714
TCGA-2G-AAG9-01,0.3133
TCGA-2G-AAGA-01,0.5588
TCGA-2G-AAGC-01,1.1811
TCGA-2G-AAGE-01,1.453
TCGA-2G-AAGF-01,-1.1333
TCGA-2G-AAGG-01,0.7789
TCGA-2G-AAGI-01,1.8314
TCGA-2G-AAGJ-01,0.2774
TCGA-2G-AAGK-01,0.6722
TCGA-2G-AAGM-01,1.9287
TCGA-2G-AAGN-01,0.0104
TCGA-2G-AAGO-01,1.667
TCGA-2G-AAGP-01,2.3896
TCGA-2G-AAGS-01,2.8364
TCGA-2G-AAGT-01,0.4873
TCGA-2G-AAGV-01,0.1372
TCGA-2G-AAGW-01,1.0154
TCGA-2G-AAGX-01,-0.0233
TCGA-2G-AAGY-01,0.9284
TCGA-2G-AAGZ-01,-0.6709
TCGA-2G-AAH0-01,0.1294
TCGA-2G-AAH2-01,0.6853
TCGA-2G-AAH3-01,-0.0983
TCGA-2G-AAH4-01,0.0402
TCGA-2G-AAH8-01,-0.0409
TCGA-2G-AAHA-01,-1.1992
TCGA-2G-AAHC-01,-0.5315
TCGA-2G-AAHG-01,-0.4804
TCGA-2G-AAHL-01,-1.3389
TCGA-2G-AAHN-01,-1.7119
TCGA-2G-AAHP-01,-0.3158
TCGA-2G-AAHT-01,-1.5532
TCGA-2G-AAKD-01,0.2806
TCGA-2G-AAKG-01,0.3572
TCGA-2G-AAKH-01,1.7718
TCGA-2G-AAKL-01,1.095
TCGA-2G-AAKM-01,-0.0423
TCGA-2G-AAKO-01,-0.4653
TCGA-2G-AAL5-01,0.319
TCGA-2G-AAL7-01,0.4163
TCGA-2G-AALF-01,-1.452
TCGA-2G-AALG-01,-1.3457
TCGA-2G-AALN-01,0.0311
TCGA-2G-AALO-01,0.6174
TCGA-2G-AALP-01,1.0474
TCGA-2G-AALQ-01,-0.7757
TCGA-2G-AALR-01,0.5814
TCGA-2G-AALS-01,0.2964
TCGA-2G-AALT-01,-1.4574
TCGA-2G-AALW-01,0.3701
TCGA-2G-AALX-01,0.6362
TCGA-2G-AALY-01,0.0389
TCGA-2G-AALZ-01,-1.5314
TCGA-2G-AAM2-01,3.4192
TCGA-2G-AAM3-01,-0.6487
TCGA-2G-AAM4-01,1.1541
TCGA-2X-A9D5-01,-0.658
TCGA-2X-A9D6-01,-0.7147
TCGA-4K-AA1G-01,-0.8226
TCGA-4K-AA1H-01,0.0248
TCGA-4K-AA1I-01,-0.3546
TCGA-4K-AAAL-01,-0.6491
TCGA-S6-A8JW-01,0.4911
TCGA-S6-A8JX-01,0.5155
TCGA-S6-A8JY-01,0.0518
TCGA-SB-A6J6-01,0.4344
TCGA-SB-A76C-01,-0.1401
TCGA-SN-A6IS-01,-0.1248
TCGA-SN-A84W-01,0.0451
TCGA-SN-A84X-01,-0.8497
TCGA-SN-A84Y-01,2.3531
TCGA-SO-A8JP-01,0.0923
TCGA-VF-A8A8-01,1.4743
TCGA-VF-A8A9-01,-0.3451
TCGA-VF-A8AA-01,-0.7088
TCGA-VF-A8AB-01,-0.8713
TCGA-VF-A8AC-01,-0.7475
TCGA-VF-A8AD-01,0.0545
TCGA-VF-A8AE-01,-1.0761
TCGA-W4-A7U2-01,0.7301
TCGA-W4-A7U3-01,0.8443
TCGA-W4-A7U4-01,2.0391
TCGA-WZ-A7V3-01,0.4157
TCGA-WZ-A7V4-01,-0.4292
TCGA-WZ-A7V5-01,0.2112
TCGA-WZ-A8D5-01,-0.2676
TCGA-X3-A8G4-01,0.1756
TCGA-XE-A8H1-01,0.7611
TCGA-XE-A8H4-01,-0.1425
TCGA-XE-A8H5-01,0.7823
TCGA-XE-A9SE-01,0.276
TCGA-XE-AANI-01,0.2737
TCGA-XE-AANJ-01,0.333
TCGA-XE-AANR-01,-1.1381
TCGA-XE-AANV-01,-0.8374
TCGA-XE-AAO3-01,3.0487
TCGA-XE-AAO4-01,-0.7259
TCGA-XE-AAO6-01,-0.2238
TCGA-XE-AAOB-01,-0.4728
TCGA-XE-AAOC-01,0.2277
TCGA-XE-AAOD-01,-0.7026
TCGA-XE-AAOF-01,-0.4593
TCGA-XE-AAOJ-01,1.1764
TCGA-XE-AAOL-01,1.0076
TCGA-XY-A89B-01,0.0149
TCGA-XY-A8S2-01,2.1816
TCGA-XY-A8S3-01,1.4823
TCGA-XY-A9T9-01,0.8068
TCGA-YU-A90P-01,2.7113
TCGA-YU-A90Q-01,-0.4567
TCGA-YU-A90S-01,-1.0919
TCGA-YU-A90W-01,0.2217
TCGA-YU-A90Y-01,-0.0187
TCGA-YU-A912-01,0.4602
TCGA-YU-A94D-01,-0.4326
TCGA-YU-A94I-01,1.5082
TCGA-YU-AA4L-01,-0.1643
TCGA-YU-AA61-01,-0.2416
TCGA-ZM-AA05-01,-1.351
TCGA-ZM-AA06-01,-1.4249
TCGA-ZM-AA0B-01,-0.1099
TCGA-ZM-AA0D-01,-0.9656
TCGA-ZM-AA0E-01,-0.7716
TCGA-ZM-AA0F-01,-0.3034
TCGA-ZM-AA0H-01,-1.1884
TCGA-ZM-AA0N-01,-0.5804
TCGA-4C-A93U-01,-0.1975
TCGA-BJ-A0YZ-01,-1.1611
TCGA-BJ-A0Z0-01,1.7185
TCGA-BJ-A0Z2-01,0.5585
TCGA-BJ-A0Z3-01,0.9441
TCGA-BJ-A0Z5-01,0.0734
TCGA-BJ-A0Z9-01,-0.6035
TCGA-BJ-A0ZA-01,0.518
TCGA-BJ-A0ZB-01,0.696
TCGA-BJ-A0ZC-01,0.6598
TCGA-BJ-A0ZE-01,-0.6143
TCGA-BJ-A0ZG-01,-0.144
TCGA-BJ-A0ZH-01,-0.2661
TCGA-BJ-A0ZJ-01,-0.0603
TCGA-BJ-A18Y-01,0.2347
TCGA-BJ-A18Z-01,-0.3197
TCGA-BJ-A190-01,2.223
TCGA-BJ-A191-01,0.5709
TCGA-BJ-A192-01,-1.0017
TCGA-BJ-A28R-01,0.5729
TCGA-BJ-A28S-01,0.7247
TCGA-BJ-A28T-01,0.6437
TCGA-BJ-A28V-01,0.1438
TCGA-BJ-A28W-01,-1.768
TCGA-BJ-A28X-01,0.1022
TCGA-BJ-A28Z-01,-0.7022
TCGA-BJ-A290-01,0.6612
TCGA-BJ-A291-01,-1.2318
TCGA-BJ-A2N7-01,0.4074
TCGA-BJ-A2N8-01,0.1749
TCGA-BJ-A2N9-01,-1.8193
TCGA-BJ-A2NA-01,0.4345
TCGA-BJ-A2P4-01,-1.3438
TCGA-BJ-A3EZ-01,0.6546
TCGA-BJ-A3F0-01,-1.3158
TCGA-BJ-A3PR-01,-0.816
TCGA-BJ-A3PT-01,-0.9536
TCGA-BJ-A3PU-01,-1.4314
TCGA-BJ-A45C-01,-0.2704
TCGA-BJ-A45D-01,-2.2395
TCGA-BJ-A45E-01,-1.5844
TCGA-BJ-A45F-01,-0.5926
TCGA-BJ-A45G-01,-0.3728
TCGA-BJ-A45H-01,-0.3939
TCGA-BJ-A45I-01,-0.6532
TCGA-BJ-A45J-01,-1.0919
TCGA-BJ-A45K-01,-1.3467
TCGA-BJ-A4O8-01,-0.7179
TCGA-BJ-A4O9-01,0.4131
TCGA-CE-A13K-01,-0.0154
TCGA-CE-A27D-01,0.1649
TCGA-CE-A3MD-01,-0.5151
TCGA-CE-A3ME-01,0.0717
TCGA-CE-A481-01,-0.19
TCGA-CE-A482-01,-0.0654
TCGA-CE-A483-01,0.9722
TCGA-CE-A484-01,0.6081
TCGA-CE-A485-01,-0.4777
TCGA-DE-A0XZ-01,0.6648
TCGA-DE-A0Y2-01,0.6906
TCGA-DE-A0Y3-01,1.2728
TCGA-DE-A2OL-01,0.3518
TCGA-DE-A3KN-01,0.4329
TCGA-DE-A4M8-01,-0.0436
TCGA-DE-A4M9-01,-0.047
TCGA-DE-A4MA-01,-2.4771
TCGA-DE-A4MB-01,-0.6284
TCGA-DE-A4MC-01,0.4402
TCGA-DE-A4MD-01,1.9899
TCGA-DE-A69J-01,1.0849
TCGA-DE-A69K-01,0.619
TCGA-DE-A7U5-01,-0.5493
TCGA-DJ-A13L-01,-0.1243
TCGA-DJ-A13M-01,-1.3572
TCGA-DJ-A13O-01,-0.7532
TCGA-DJ-A13P-01,1.4602
TCGA-DJ-A13R-01,-0.2479
TCGA-DJ-A13S-01,0.1788
TCGA-DJ-A13T-01,2.2928
TCGA-DJ-A13U-01,1.2649
TCGA-DJ-A13V-01,0.631
TCGA-DJ-A13W-01,-0.329
TCGA-DJ-A13X-01,1.737
TCGA-DJ-A1QD-01,1.1033
TCGA-DJ-A1QE-01,0.6877
TCGA-DJ-A1QF-01,1.6805
TCGA-DJ-A1QG-01,1.2107
TCGA-DJ-A1QH-01,0.8292
TCGA-DJ-A1QI-01,1.8797
TCGA-DJ-A1QL-01,-1.1357
TCGA-DJ-A1QM-01,-0.0471
TCGA-DJ-A1QN-01,0.9494
TCGA-DJ-A1QO-01,-0.9072
TCGA-DJ-A1QQ-01,1.109
TCGA-DJ-A2PN-01,0.5252
TCGA-DJ-A2PO-01,1.0635
TCGA-DJ-A2PP-01,1.2945
TCGA-DJ-A2PQ-01,1.8608
TCGA-DJ-A2PR-01,1.3987
TCGA-DJ-A2PS-01,2.3262
TCGA-DJ-A2PT-01,-1.7179
TCGA-DJ-A2PU-01,0.8383
TCGA-DJ-A2PV-01,1.234
TCGA-DJ-A2PW-01,0.1073
TCGA-DJ-A2PX-01,1.0674
TCGA-DJ-A2PY-01,1.4424
TCGA-DJ-A2PZ-01,0.9017
TCGA-DJ-A2Q0-01,0.6311
TCGA-DJ-A2Q1-01,-1.4101
TCGA-DJ-A2Q2-01,1.339
TCGA-DJ-A2Q3-01,1.1006
TCGA-DJ-A2Q4-01,0.5769
TCGA-DJ-A2Q5-01,0.6402
TCGA-DJ-A2Q6-01,1.4892
TCGA-DJ-A2Q7-01,0.4754
TCGA-DJ-A2Q8-01,
TCGA-DJ-A2Q9-01,0.1784
TCGA-DJ-A2QA-01,-2.0538
TCGA-DJ-A2QB-01,0.4217
TCGA-DJ-A2QC-01,-1.5326
TCGA-DJ-A3UK-01,0.4538
TCGA-DJ-A3UM-01,0.1217
TCGA-DJ-A3UN-01,0.3662
TCGA-DJ-A3UO-01,-0.0068
TCGA-DJ-A3UP-01,0.8964
TCGA-DJ-A3UQ-01,-0.0235
TCGA-DJ-A3UR-01,0.234
TCGA-DJ-A3US-01,-0.1875
TCGA-DJ-A3UT-01,-0.6356
TCGA-DJ-A3UU-01,0.718
TCGA-DJ-A3UW-01,-0.6711
TCGA-DJ-A3UX-01,0.9296
TCGA-DJ-A3UY-01,0.1842
TCGA-DJ-A3UZ-01,0.2099
TCGA-DJ-A3V0-01,-0.9567
TCGA-DJ-A3V2-01,-0.0475
TCGA-DJ-A3V3-01,-0.8015
TCGA-DJ-A3V4-01,0.7159
TCGA-DJ-A3V5-01,0.2905
TCGA-DJ-A3V7-01,-0.563
TCGA-DJ-A3V8-01,-0.1041
TCGA-DJ-A3V9-01,-0.439
TCGA-DJ-A3VA-01,0.11
TCGA-DJ-A3VB-01,-0.968
TCGA-DJ-A3VD-01,-0.169
TCGA-DJ-A3VE-01,0.3379
TCGA-DJ-A3VF-01,-0.2267
TCGA-DJ-A3VG-01,-0.3452
TCGA-DJ-A3VI-01,-0.5598
TCGA-DJ-A3VJ-01,-1.0038
TCGA-DJ-A3VK-01,0.3857
TCGA-DJ-A3VL-01,-0.6554
TCGA-DJ-A3VM-01,-0.0464
TCGA-DJ-A4UL-01,-1.3296
TCGA-DJ-A4UP-01,-0.3364
TCGA-DJ-A4UQ-01,0.1563
TCGA-DJ-A4UR-01,-0.3408
TCGA-DJ-A4UT-01,-0.8094
TCGA-DJ-A4UW-01,0.0881
TCGA-DJ-A4V0-01,0.3757
TCGA-DJ-A4V2-01,-0.1025
TCGA-DJ-A4V4-01,-0.2605
TCGA-DJ-A4V5-01,-0.943
TCGA-DO-A1JZ-01,1.0011
TCGA-DO-A1K0-01,2.1096
TCGA-DO-A2HM-01,-0.3584
TCGA-E3-A3DY-01,1.7684
TCGA-E3-A3DZ-01,0.3816
TCGA-E3-A3E0-01,0.4273
TCGA-E3-A3E1-01,-0.0015
TCGA-E3-A3E2-01,0.2738
TCGA-E3-A3E3-01,0.2071
TCGA-E3-A3E5-01,0.9153
TCGA-E8-A242-01,-0.7667
TCGA-E8-A2EA-01,-1.5878
TCGA-E8-A3X7-01,-1.3722
TCGA-E8-A413-01,-0.4778
TCGA-E8-A414-01,0.3243
TCGA-E8-A415-01,-0.2675
TCGA-E8-A416-01,0.0221
TCGA-E8-A417-01,0.2257
TCGA-E8-A418-01,-0.548
TCGA-E8-A419-01,-1.162
TCGA-E8-A432-01,-0.1689
TCGA-E8-A433-01,-1.8329
TCGA-E8-A434-01,-0.552
TCGA-E8-A436-01,-0.5294
TCGA-E8-A437-01,-1.5073
TCGA-E8-A438-01,-1.7093
TCGA-E8-A44K-01,-1.2202
TCGA-E8-A44M-01,-0.9282
TCGA-EL-A3CL-01,0.5683
TCGA-EL-A3CM-01,1.1883
TCGA-EL-A3CN-01,0.0446
TCGA-EL-A3CO-01,-0.202
TCGA-EL-A3CP-01,2.257
TCGA-EL-A3CR-01,-1.1654
TCGA-EL-A3CS-01,0.5505
TCGA-EL-A3CT-01,0.9852
TCGA-EL-A3CU-01,1.5155
TCGA-EL-A3CV-01,1.2989
TCGA-EL-A3CW-01,0.7039
TCGA-EL-A3CX-01,-1.3617
TCGA-EL-A3CY-01,-0.0112
TCGA-EL-A3CZ-01,2.7104
TCGA-EL-A3D1-01,-2.3369
TCGA-EL-A3D4-01,-1.29
TCGA-EL-A3D6-01,0.4756
TCGA-EL-A3GO-01,-0.1868
TCGA-EL-A3GP-01,0.4295
TCGA-EL-A3GQ-01,2.9927
TCGA-EL-A3GR-01,1.3269
TCGA-EL-A3GS-01,0.5725
TCGA-EL-A3GU-01,0.1115
TCGA-EL-A3GV-01,1.7876
TCGA-EL-A3GW-01,1.3917
TCGA-EL-A3GX-01,0.3363
TCGA-EL-A3GY-01,0.6422
TCGA-EL-A3GZ-01,0.7147
TCGA-EL-A3H1-01,0.2003
TCGA-EL-A3H2-01,0.2088
TCGA-EL-A3H3-01,-0.3972
TCGA-EL-A3H4-01,2.2162
TCGA-EL-A3H5-01,-0.8263
TCGA-EL-A3H7-01,-0.3862
TCGA-EL-A3H8-01,2.0404
TCGA-EL-A3MW-01,0.4987
TCGA-EL-A3MX-01,-0.2993
TCGA-EL-A3MY-01,-0.2978
TCGA-EL-A3MZ-01,-0.2493
TCGA-EL-A3N2-01,1.0692
TCGA-EL-A3N3-01,-0.197
TCGA-EL-A3T0-01,-0.3229
TCGA-EL-A3T1-01,0.0948
TCGA-EL-A3T2-01,2.0596
TCGA-EL-A3T3-01,-1.2714
TCGA-EL-A3T6-01,-0.4959
TCGA-EL-A3T7-01,-0.0911
TCGA-EL-A3T8-01,-0.0224
TCGA-EL-A3T9-01,-1.4936
TCGA-EL-A3TA-01,-0.7725
TCGA-EL-A3TB-01,-1.0234
TCGA-EL-A3ZG-01,-0.516
TCGA-EL-A3ZH-01,-0.521
TCGA-EL-A3ZK-01,-0.4175
TCGA-EL-A3ZL-01,-0.2172
TCGA-EL-A3ZM-01,-1.983
TCGA-EL-A3ZN-01,-0.6959
TCGA-EL-A3ZO-01,-1.5727
TCGA-EL-A3ZP-01,-1.0274
TCGA-EL-A3ZQ-01,-2.3288
TCGA-EL-A3ZR-01,-0.6423
TCGA-EL-A3ZS-01,-0.7332
TCGA-EL-A3ZT-01,-1.1353
TCGA-EL-A4JV-01,-0.356
TCGA-EL-A4JW-01,-1.104
TCGA-EL-A4JX-01,-0.9429
TCGA-EL-A4JZ-01,-0.7873
TCGA-EL-A4K0-01,0.9045
TCGA-EL-A4K1-01,-0.4629
TCGA-EL-A4K2-01,-0.8439
TCGA-EL-A4K4-01,-0.1069
TCGA-EL-A4K6-01,-1.4501
TCGA-EL-A4K7-01,-1.7656
TCGA-EL-A4K9-01,-0.4903
TCGA-EL-A4KD-01,-0.8081
TCGA-EL-A4KG-01,0.3535
TCGA-EL-A4KH-01,-2.0003
TCGA-EL-A4KI-01,-2.2657
TCGA-EM-A1CS-01,2.2173
TCGA-EM-A1CT-01,1.1615
TCGA-EM-A1CU-01,0.4845
TCGA-EM-A1CV-01,2.4267
TCGA-EM-A1CW-01,-0.4492
TCGA-EM-A1YA-01,-1.1561
TCGA-EM-A1YB-01,-1.5373
TCGA-EM-A1YC-01,1.5287
TCGA-EM-A1YD-01,0.36
TCGA-EM-A1YE-01,-0.6798
TCGA-EM-A22I-01,0.1711
TCGA-EM-A22J-01,1.0115
TCGA-EM-A22K-01,1.0572
TCGA-EM-A22L-01,2.0848
TCGA-EM-A22M-01,-1.0592
TCGA-EM-A22N-01,0.6073
TCGA-EM-A22O-01,-0.6733
TCGA-EM-A22P-01,0.7643
TCGA-EM-A22Q-01,-2.5946
TCGA-EM-A2CJ-01,-0.4043
TCGA-EM-A2CK-01,0.7636
TCGA-EM-A2CL-01,0.743
TCGA-EM-A2CN-01,0.0585
TCGA-EM-A2CO-01,0.0982
TCGA-EM-A2CP-01,0.1757
TCGA-EM-A2CQ-01,0.5843
TCGA-EM-A2CR-01,-2.6366
TCGA-EM-A2CT-01,0.3434
TCGA-EM-A2CU-01,-0.4235
TCGA-EM-A2OV-01,0.2797
TCGA-EM-A2OW-01,-0.2872
TCGA-EM-A2OX-01,0.3948
TCGA-EM-A2OY-01,1.8015
TCGA-EM-A2OZ-01,1.105
TCGA-EM-A2P0-01,1.682
TCGA-EM-A2P1-01,0.8063
TCGA-EM-A2P2-01,1.4611
TCGA-EM-A2P3-01,1.004
TCGA-EM-A3AI-01,-0.9431
TCGA-EM-A3AJ-01,-0.9989
TCGA-EM-A3AK-01,0.6176
TCGA-EM-A3AL-01,-0.4041
TCGA-EM-A3AN-01,1.0138
TCGA-EM-A3AO-01,-1.5795
TCGA-EM-A3AP-01,0.9451
TCGA-EM-A3AQ-01,-0.5581
TCGA-EM-A3AR-01,1.1764
TCGA-EM-A3FJ-01,0.7218
TCGA-EM-A3FK-01,1.6851
TCGA-EM-A3FL-01,-0.3214
TCGA-EM-A3FM-01,-1.7137
TCGA-EM-A3FN-01,-0.4453
TCGA-EM-A3FO-01,0.5592
TCGA-EM-A3FP-01,-0.8041
TCGA-EM-A3FQ-01,-0.0167
TCGA-EM-A3FR-01,0.1515
TCGA-EM-A3O3-01,-1.5541
TCGA-EM-A3O6-01,-1.0098
TCGA-EM-A3O7-01,0.1497
TCGA-EM-A3O8-01,1.6494
TCGA-EM-A3O9-01,-1.1152
TCGA-EM-A3OA-01,-0.6021
TCGA-EM-A3OB-01,-0.2114
TCGA-EM-A3ST-01,-1.3906
TCGA-EM-A3SU-01,-1.4528
TCGA-EM-A3SX-01,0.8892
TCGA-EM-A3SY-01,-0.7012
TCGA-EM-A3SZ-01,-0.1505
TCGA-EM-A4FF-01,0.4312
TCGA-EM-A4FH-01,-0.0544
TCGA-EM-A4FK-01,-0.09
TCGA-EM-A4FM-01,-0.7377
TCGA-EM-A4FN-01,-0.9837
TCGA-EM-A4FO-01,-0.7803
TCGA-EM-A4FQ-01,-0.4836
TCGA-EM-A4FR-01,-0.7416
TCGA-EM-A4FU-01,-0.1157
TCGA-EM-A4FV-01,-0.1588
TCGA-EM-A4G1-01,0.7154
TCGA-ET-A25G-01,-0.2925
TCGA-ET-A25I-01,-0.306
TCGA-ET-A25J-01,0.4948
TCGA-ET-A25K-01,0.02
TCGA-ET-A25L-01,0.0281
TCGA-ET-A25M-01,0.2716
TCGA-ET-A25N-01,1.1124
TCGA-ET-A25O-01,2.526
TCGA-ET-A25P-01,0.1294
TCGA-ET-A25R-01,-0.0408
TCGA-ET-A2MX-01,-1.1928
TCGA-ET-A2MY-01,0.6879
TCGA-ET-A2MZ-01,1.5004
TCGA-ET-A2N0-01,-2.4069
TCGA-ET-A2N1-01,
TCGA-ET-A2N3-01,-1.4894
TCGA-ET-A2N4-01,0.3796
TCGA-ET-A2N5-01,-0.1366
TCGA-ET-A39I-01,1.5721
TCGA-ET-A39J-01,0.6074
TCGA-ET-A39K-01,-1.7001
TCGA-ET-A39L-01,1.4635
TCGA-ET-A39M-01,-1.5949
TCGA-ET-A39N-01,-0.0191
TCGA-ET-A39O-01,0.4514
TCGA-ET-A39P-01,0.1428
TCGA-ET-A39R-01,-0.1094
TCGA-ET-A39S-01,0.1908
TCGA-ET-A39T-01,1.1605
TCGA-ET-A3BN-01,0.8436
TCGA-ET-A3BO-01,1.0477
TCGA-ET-A3BP-01,0.6744
TCGA-ET-A3BQ-01,-0.0264
TCGA-ET-A3BS-01,0.868
TCGA-ET-A3BT-01,0.8244
TCGA-ET-A3BU-01,0.3241
TCGA-ET-A3BV-01,-0.4666
TCGA-ET-A3BW-01,2.3534
TCGA-ET-A3BX-01,0.0495
TCGA-ET-A3DO-01,0.0099
TCGA-ET-A3DP-01,1.4952
TCGA-ET-A3DQ-01,1.3627
TCGA-ET-A3DR-01,0.0928
TCGA-ET-A3DS-01,2.0375
TCGA-ET-A3DT-01,1.0871
TCGA-ET-A3DU-01,-1.2506
TCGA-ET-A3DV-01,-0.5059
TCGA-ET-A3DW-01,0.4593
TCGA-ET-A40P-01,-0.6075
TCGA-ET-A40Q-01,-0.4964
TCGA-ET-A40R-01,-1.1604
TCGA-ET-A40S-01,-1.0912
TCGA-ET-A40T-01,-0.4341
TCGA-ET-A4KN-01,-2.9697
TCGA-ET-A4KQ-01,1.1341
TCGA-FE-A22Z-01,-0.6394
TCGA-FE-A230-01,0.1474
TCGA-FE-A231-01,1.4036
TCGA-FE-A232-01,-0.5897
TCGA-FE-A233-01,0.8474
TCGA-FE-A234-01,1.2633
TCGA-FE-A235-01,-1.699
TCGA-FE-A236-01,0.5196
TCGA-FE-A237-01,0.3851
TCGA-FE-A238-01,-0.4793
TCGA-FE-A239-01,-0.6114
TCGA-FE-A23A-01,-0.9723
TCGA-FE-A3PA-01,-0.7037
TCGA-FE-A3PB-01,-0.6361
TCGA-FE-A3PC-01,-0.6071
TCGA-FE-A3PD-01,-0.0592
TCGA-FK-A3S3-01,-0.7264
TCGA-FK-A3SB-01,0.7645
TCGA-FK-A3SD-01,-1.4985
TCGA-FK-A3SE-01,-0.125
TCGA-FK-A3SG-01,-0.4251
TCGA-FK-A3SH-01,-0.833
TCGA-FK-A4UB-01,-0.1036
TCGA-FY-A2QD-01,1.9517
TCGA-FY-A3BL-01,1.0122
TCGA-FY-A3I4-01,-1.3319
TCGA-FY-A3I5-01,1.5533
TCGA-FY-A3NM-01,0.6543
TCGA-FY-A3NN-01,1.9474
TCGA-FY-A3NP-01,0.823
TCGA-FY-A3ON-01,0.0249
TCGA-FY-A3R6-01,0.0129
TCGA-FY-A3R7-01,0.9146
TCGA-FY-A3R8-01,0.4797
TCGA-FY-A3R9-01,0.279
TCGA-FY-A3RA-01,0.378
TCGA-FY-A3TY-01,-0.1547
TCGA-FY-A3W9-01,0.2236
TCGA-FY-A3WA-01,1.9646
TCGA-FY-A3YR-01,-0.0215
TCGA-FY-A40K-01,0.2425
TCGA-FY-A40L-01,-0.5146
TCGA-FY-A40M-01,0.1929
TCGA-FY-A40N-01,0.262
TCGA-FY-A4B0-01,-1.2925
TCGA-FY-A4B3-01,-0.5884
TCGA-FY-A4B4-01,-0.9984
TCGA-FY-A76V-01,0.2565
TCGA-GE-A2C6-01,0.688
TCGA-H2-A26U-01,-0.5676
TCGA-H2-A2K9-01,0.8641
TCGA-H2-A3RH-01,0.1406
TCGA-H2-A3RI-01,0.5356
TCGA-H2-A421-01,-0.9996
TCGA-H2-A422-01,0.2631
TCGA-IM-A3EB-01,-0.1808
TCGA-IM-A3ED-01,1.2123
TCGA-IM-A3U2-01,-0.969
TCGA-IM-A3U3-01,0.0559
TCGA-IM-A41Y-01,-0.1986
TCGA-IM-A41Z-01,-0.4284
TCGA-IM-A420-01,-0.9994
TCGA-IM-A4EB-01,-0.8177
TCGA-J8-A3NZ-01,1.1161
TCGA-J8-A3O0-01,0.5561
TCGA-J8-A3O1-01,2.5176
TCGA-J8-A3O2-01,0.3638
TCGA-J8-A3YD-01,0.1128
TCGA-J8-A3YE-01,-0.3358
TCGA-J8-A3YF-01,-0.9603
TCGA-J8-A3YG-01,-0.7336
TCGA-J8-A3YH-01,-0.3374
TCGA-J8-A3YH-06,-0.5243
TCGA-J8-A42S-01,-0.3765
TCGA-J8-A4HW-01,-0.3922
TCGA-J8-A4HY-01,-0.6979
TCGA-KS-A41F-01,-2.0514
TCGA-KS-A41I-01,-1.3076
TCGA-KS-A41J-01,-1.4539
TCGA-KS-A41L-01,-0.8283
TCGA-KS-A4I1-01,-0.9598
TCGA-KS-A4I3-01,-0.4135
TCGA-KS-A4I5-01,-1.125
TCGA-KS-A4I7-01,-0.6998
TCGA-KS-A4I9-01,-0.6279
TCGA-KS-A4IB-01,1.2823
TCGA-KS-A4IC-01,-0.5986
TCGA-KS-A4ID-01,-0.9956
TCGA-L6-A4EP-01,-1.1993
TCGA-L6-A4EQ-01,-1.0916
TCGA-L6-A4ET-01,-0.6737
TCGA-L6-A4EU-01,-1.2791
TCGA-MK-A4N6-01,0.7124
TCGA-MK-A4N7-01,1.6633
TCGA-MK-A4N9-01,0.3731
TCGA-MK-A84Z-01,-0.6133
TCGA-QD-A8IV-01,0.1918
TCGA-3G-AB0O-01,0.636
TCGA-3G-AB0Q-01,-1.0182
TCGA-3G-AB0T-01,0.2928
TCGA-3G-AB14-01,-1.1473
TCGA-3G-AB19-01,0.7396
TCGA-3Q-A9WF-01,0.4018
TCGA-3S-A8YW-01,-2.0384
TCGA-3S-AAYX-01,0.5533
TCGA-3T-AA9L-01,0.2428
TCGA-4V-A9QI-01,1.8437
TCGA-4V-A9QJ-01,-0.2922
TCGA-4V-A9QL-01,-0.8202
TCGA-4V-A9QM-01,-0.2108
TCGA-4V-A9QN-01,-1.3593
TCGA-4V-A9QQ-01,
TCGA-4V-A9QR-01,0.9503
TCGA-4V-A9QS-01,0.145
TCGA-4V-A9QT-01,0.7705
TCGA-4V-A9QU-01,1.0848
TCGA-4V-A9QW-01,-1.1684
TCGA-4V-A9QX-01,0.9444
TCGA-4X-A9F9-01,-0.5409
TCGA-4X-A9FA-01,-1.1121
TCGA-4X-A9FB-01,1.2221
TCGA-4X-A9FC-01,1.1173
TCGA-4X-A9FD-01,0.5646
TCGA-5G-A9ZZ-01,0.1924
TCGA-5K-AAAP-01,-1.0557
TCGA-5U-AB0D-01,-2.2294
TCGA-5U-AB0E-01,-1.2152
TCGA-5U-AB0F-01,-1.7754
TCGA-5V-A9RR-01,-0.9156
TCGA-X7-A8D6-01,3.3732
TCGA-X7-A8D7-01,1.1889
TCGA-X7-A8D8-01,-0.1802
TCGA-X7-A8D9-01,-0.1346
TCGA-X7-A8DB-01,0.3556
TCGA-X7-A8DC-01,
TCGA-X7-A8DD-01,-0.9774
TCGA-X7-A8DE-01,-0.1413
TCGA-X7-A8DF-01,-0.7951
TCGA-X7-A8DG-01,-0.221
TCGA-X7-A8DI-01,
TCGA-X7-A8DJ-01,0.3987
TCGA-X7-A8M0-01,-0.683
TCGA-X7-A8M1-01,0.579
TCGA-X7-A8M3-01,1.7542
TCGA-X7-A8M4-01,0.0142
TCGA-X7-A8M5-01,-1.2618
TCGA-X7-A8M6-01,-1.1231
TCGA-X7-A8M7-01,0.1307
TCGA-X7-A8M8-01,-0.3782
TCGA-XH-A853-01,-0.0833
TCGA-XM-A8R8-01,-0.8561
TCGA-XM-A8R9-01,-0.0864
TCGA-XM-A8RB-01,0.1756
TCGA-XM-A8RC-01,0.297
TCGA-XM-A8RD-01,-0.6472
TCGA-XM-A8RE-01,-0.4571
TCGA-XM-A8RF-01,0.327
TCGA-XM-A8RG-01,2.7073
TCGA-XM-A8RH-01,1.4816
TCGA-XM-A8RI-01,0.3944
TCGA-XM-A8RL-01,1.7103
TCGA-XM-AAZ1-01,-1.1578
TCGA-XM-AAZ2-01,-0.8494
TCGA-XM-AAZ3-01,0.1582
TCGA-XU-A92O-01,-0.5369
TCGA-XU-A92Q-01,-0.9488
TCGA-XU-A92R-01,
TCGA-XU-A92T-01,0.5714
TCGA-XU-A92U-01,0.1299
TCGA-XU-A92V-01,0.2284
TCGA-XU-A92W-01,0.7677
TCGA-XU-A92X-01,-1.2081
TCGA-XU-A92Y-01,-0.0252
TCGA-XU-A92Z-01,-0.2199
TCGA-XU-A930-01,-0.1688
TCGA-XU-A931-01,4.3003
TCGA-XU-A932-01,-1.3297
TCGA-XU-A933-01,-1.088
TCGA-XU-A936-01,-0.7378
TCGA-XU-AAXW-01,1.2031
TCGA-XU-AAXX-01,1.0675
TCGA-XU-AAXY-01,-0.6812
TCGA-XU-AAXZ-01,-1.9772
TCGA-XU-AAY0-01,-0.8771
TCGA-XU-AAY1-01,-0.5432
TCGA-YT-A95D-01,-0.0296
TCGA-YT-A95E-01,0.4077
TCGA-YT-A95F-01,1.1923
TCGA-YT-A95G-01,0.6748
TCGA-YT-A95H-01,0.0696
TCGA-ZB-A961-01,-0.6252
TCGA-ZB-A962-01,0.1473
TCGA-ZB-A963-01,-0.0032
TCGA-ZB-A964-01,0.7973
TCGA-ZB-A965-01,1.9203
TCGA-ZB-A966-01,-1.6194
TCGA-ZB-A969-01,0.2078
TCGA-ZB-A96A-01,-0.3138
TCGA-ZB-A96B-01,-0.2983
TCGA-ZB-A96C-01,0.141
TCGA-ZB-A96D-01,1.3959
TCGA-ZB-A96E-01,-0.2454
TCGA-ZB-A96F-01,0.0535
TCGA-ZB-A96G-01,-0.3499
TCGA-ZB-A96H-01,0.3236
TCGA-ZB-A96I-01,-0.9585
TCGA-ZB-A96K-01,-0.0121
TCGA-ZB-A96L-01,2.2901
TCGA-ZB-A96M-01,0.5045
TCGA-ZB-A96O-01,-0.5114
TCGA-ZB-A96P-01,2.0913
TCGA-ZB-A96Q-01,1.876
TCGA-ZB-A96R-01,-0.3345
TCGA-ZB-A96V-01,-1.4768
TCGA-ZC-AAA7-01,-1.4545
TCGA-ZC-AAAA-01,-0.0684
TCGA-ZC-AAAF-01,-0.7353
TCGA-ZC-AAAH-01,-0.7162
TCGA-ZL-A9V6-01,0.5799
TCGA-ZT-A8OM-01,-1.6245
TCGA-2E-A9G8-01,-0.7918
TCGA-4E-A92E-01,0.1434
TCGA-5B-A90C-01,1.8073
TCGA-5S-A9Q8-01,-0.8997
TCGA-A5-A0G1-01,-0.5403
TCGA-A5-A0G2-01,2.6984
TCGA-A5-A0G3-01,-0.4902
TCGA-A5-A0G5-01,-1.085
TCGA-A5-A0G9-01,-0.9256
TCGA-A5-A0GA-01,-0.125
TCGA-A5-A0GB-01,0.0787
TCGA-A5-A0GD-01,-0.3699
TCGA-A5-A0GE-01,-0.0322
TCGA-A5-A0GG-01,-0.1123
TCGA-A5-A0GH-01,0.5371
TCGA-A5-A0GI-01,-1.0222
TCGA-A5-A0GJ-01,-1.3364
TCGA-A5-A0GM-01,0.2243
TCGA-A5-A0GN-01,-0.8678
TCGA-A5-A0GP-01,-0.755
TCGA-A5-A0GQ-01,-0.5108
TCGA-A5-A0GR-01,-0.5563
TCGA-A5-A0GU-01,0.3531
TCGA-A5-A0GV-01,-0.3179
TCGA-A5-A0GW-01,-0.3607
TCGA-A5-A0GX-01,-1.3736
TCGA-A5-A0R6-01,-0.7595
TCGA-A5-A0R7-01,-0.0382
TCGA-A5-A0R8-01,-0.8734
TCGA-A5-A0R9-01,-0.7612
TCGA-A5-A0RA-01,-2.3561
TCGA-A5-A0VO-01,0.5609
TCGA-A5-A0VP-01,0.3142
TCGA-A5-A0VQ-01,-0.7726
TCGA-A5-A1OF-01,-1.0565
TCGA-A5-A1OG-01,-0.0311
TCGA-A5-A1OH-01,-0.1389
TCGA-A5-A1OJ-01,-0.3358
TCGA-A5-A1OK-01,0.4164
TCGA-A5-A2K2-01,0.8018
TCGA-A5-A2K3-01,-0.1331
TCGA-A5-A2K4-01,0.2266
TCGA-A5-A2K5-01,-1.9586
TCGA-A5-A2K7-01,-0.9477
TCGA-A5-A3LO-01,1.1366
TCGA-A5-A3LP-01,0.5778
TCGA-A5-A7WJ-01,-0.0676
TCGA-A5-A7WK-01,-0.7451
TCGA-A5-AB3J-01,0.1756
TCGA-AJ-A23M-01,1.2086
TCGA-AJ-A23N-01,0.1596
TCGA-AJ-A23O-01,-0.2993
TCGA-AJ-A2QK-01,1.0617
TCGA-AJ-A2QL-01,1.2365
TCGA-AJ-A2QM-01,0.3343
TCGA-AJ-A2QN-01,3.6033
TCGA-AJ-A2QO-01,-0.2557
TCGA-AJ-A3BD-01,-1.4054
TCGA-AJ-A3BF-01,-0.9698
TCGA-AJ-A3BG-01,-1.1712
TCGA-AJ-A3BH-01,0.7606
TCGA-AJ-A3BI-01,-1.4214
TCGA-AJ-A3BK-01,-1.1927
TCGA-AJ-A3EJ-01,0.5344
TCGA-AJ-A3EK-01,0.4569
TCGA-AJ-A3EL-01,-0.9452
TCGA-AJ-A3EM-01,-1.0108
TCGA-AJ-A3I9-01,-0.275
TCGA-AJ-A3IA-01,-0.7956
TCGA-AJ-A3NC-01,-0.0139
TCGA-AJ-A3NE-01,0.0618
TCGA-AJ-A3NF-01,0.1897
TCGA-AJ-A3NG-01,0.766
TCGA-AJ-A3NH-01,0.2214
TCGA-AJ-A3OJ-01,0.1512
TCGA-AJ-A3OK-01,-0.0535
TCGA-AJ-A3OL-01,0.2758
TCGA-AJ-A3QS-01,0.529
TCGA-AJ-A3TW-01,-1.3667
TCGA-AJ-A5DV-01,0.2169
TCGA-AJ-A5DW-01,1.2607
TCGA-AJ-A6NU-01,0.1142
TCGA-AJ-A8CT-01,-0.8014
TCGA-AJ-A8CV-01,-0.7752
TCGA-AJ-A8CW-01,-0.3802
TCGA-AP-A051-01,0.754
TCGA-AP-A052-01,-0.4588
TCGA-AP-A054-01,2.0535
TCGA-AP-A056-01,0.0466
TCGA-AP-A059-01,1.0083
TCGA-AP-A05A-01,-0.9754
TCGA-AP-A05D-01,-1.2581
TCGA-AP-A05H-01,-1.0446
TCGA-AP-A05J-01,-1.6469
TCGA-AP-A05N-01,0.8301
TCGA-AP-A05O-01,-0.1564
TCGA-AP-A05P-01,1.7734
TCGA-AP-A0L8-01,-0.6003
TCGA-AP-A0L9-01,0.3941
TCGA-AP-A0LD-01,-0.6965
TCGA-AP-A0LE-01,-0.9092
TCGA-AP-A0LF-01,-0.6077
TCGA-AP-A0LG-01,1.3118
TCGA-AP-A0LH-01,2.4757
TCGA-AP-A0LI-01,-1.1485
TCGA-AP-A0LJ-01,-1.4411
TCGA-AP-A0LL-01,-0.6236
TCGA-AP-A0LM-01,0.2846
TCGA-AP-A0LN-01,-0.856
TCGA-AP-A0LO-01,-0.0076
TCGA-AP-A0LP-01,-0.6829
TCGA-AP-A0LQ-01,
TCGA-AP-A0LS-01,1.25
TCGA-AP-A0LT-01,-0.5935
TCGA-AP-A0LV-01,-0.5687
TCGA-AP-A1DH-01,0.3686
TCGA-AP-A1DK-01,0.9669
TCGA-AP-A1DM-01,0.1055
TCGA-AP-A1DO-01,0.4028
TCGA-AP-A1DP-01,0.5914
TCGA-AP-A1DQ-01,1.4568
TCGA-AP-A1DR-01,0.6398
TCGA-AP-A1DV-01,1.7021
TCGA-AP-A1E0-01,1.1259
TCGA-AP-A1E1-01,0.1813
TCGA-AP-A1E3-01,-0.5514
TCGA-AP-A1E4-01,0.1991
TCGA-AP-A3K1-01,-0.9098
TCGA-AP-A5FX-01,-0.0488
TCGA-AW-A1PO-01,2.7323
TCGA-AX-A05S-01,-0.599
TCGA-AX-A05T-01,0.4197
TCGA-AX-A05U-01,1.5679
TCGA-AX-A05W-01,-0.9611
TCGA-AX-A05Y-01,-0.6113
TCGA-AX-A05Z-01,-1.4663
TCGA-AX-A060-01,-0.7192
TCGA-AX-A062-01,2.5409
TCGA-AX-A063-01,-0.0537
TCGA-AX-A064-01,0.7915
TCGA-AX-A06B-01,1.2478
TCGA-AX-A06F-01,0.2762
TCGA-AX-A06H-01,1.8139
TCGA-AX-A06J-01,-1.4407
TCGA-AX-A06L-01,0.3054
TCGA-AX-A0IS-01,1.0237
TCGA-AX-A0IU-01,-0.2435
TCGA-AX-A0IW-01,-1.6546
TCGA-AX-A0IZ-01,0.3944
TCGA-AX-A0J0-01,1.3588
TCGA-AX-A0J1-01,0.237
TCGA-AX-A1C4-01,1.1407
TCGA-AX-A1C5-01,0.0686
TCGA-AX-A1C7-01,-1.7156
TCGA-AX-A1C8-01,-0.4888
TCGA-AX-A1C9-01,0.4944
TCGA-AX-A1CA-01,-1.2961
TCGA-AX-A1CC-01,0.2557
TCGA-AX-A1CE-01,0.1148
TCGA-AX-A1CF-01,0.2659
TCGA-AX-A1CI-01,1.086
TCGA-AX-A1CJ-01,-0.3775
TCGA-AX-A1CK-01,-0.6996
TCGA-AX-A1CN-01,0.6275
TCGA-AX-A2H2-01,0.5003
TCGA-AX-A2H4-01,0.2296
TCGA-AX-A2H5-01,4.1541
TCGA-AX-A2H7-01,0.5908
TCGA-AX-A2HA-01,0.1104
TCGA-AX-A2HC-01,0.7092
TCGA-AX-A2HD-01,0.4711
TCGA-AX-A2HG-01,0.9529
TCGA-AX-A2HH-01,0.1736
TCGA-AX-A2HJ-01,0.9461
TCGA-AX-A2HK-01,2.2704
TCGA-AX-A2IN-01,-0.7833
TCGA-AX-A2IO-01,0.4174
TCGA-AX-A3FS-01,1.4298
TCGA-AX-A3FT-01,-0.0922
TCGA-AX-A3FV-01,1.0211
TCGA-AX-A3FW-01,0.4929
TCGA-AX-A3FX-01,-0.032
TCGA-AX-A3FZ-01,-0.327
TCGA-AX-A3G1-01,2.6814
TCGA-AX-A3G4-01,-0.7956
TCGA-AX-A3G6-01,-0.7733
TCGA-AX-A3G7-01,-0.2048
TCGA-AX-A3G8-01,-0.5107
TCGA-AX-A3G9-01,0.946
TCGA-AX-A3GB-01,-0.776
TCGA-AX-A3GI-01,2.3622
TCGA-B5-A0JN-01,-0.472
TCGA-B5-A0JR-01,-0.7419
TCGA-B5-A0JS-01,-0.2223
TCGA-B5-A0JT-01,0.1563
TCGA-B5-A0JU-01,0.9497
TCGA-B5-A0JV-01,0.1461
TCGA-B5-A0JX-01,0.5116
TCGA-B5-A0JY-01,0.1197
TCGA-B5-A0JZ-01,-0.3548
TCGA-B5-A0K0-01,0.5831
TCGA-B5-A0K1-01,0.2737
TCGA-B5-A0K2-01,0.1196
TCGA-B5-A0K3-01,-0.5911
TCGA-B5-A0K4-01,-1.5072
TCGA-B5-A0K6-01,-1.515
TCGA-B5-A0K7-01,-0.0109
TCGA-B5-A0K8-01,1.9467
TCGA-B5-A0K9-01,-0.6685
TCGA-B5-A11E-01,0.7852
TCGA-B5-A11F-01,-0.1666
TCGA-B5-A11G-01,-0.5074
TCGA-B5-A11H-01,0.2633
TCGA-B5-A11I-01,1.155
TCGA-B5-A11J-01,1.1614
TCGA-B5-A11L-01,-0.2096
TCGA-B5-A11M-01,0.7223
TCGA-B5-A11N-01,-0.1582
TCGA-B5-A11O-01,0.1642
TCGA-B5-A11P-01,-0.3854
TCGA-B5-A11Q-01,-0.1029
TCGA-B5-A11R-01,-0.0443
TCGA-B5-A11S-01,1.0381
TCGA-B5-A11U-01,0.6548
TCGA-B5-A11V-01,-0.2655
TCGA-B5-A11W-01,-0.4625
TCGA-B5-A11X-01,-0.3594
TCGA-B5-A11Y-01,-0.4561
TCGA-B5-A11Z-01,0.6514
TCGA-B5-A121-01,0.8339
TCGA-B5-A1MR-01,-1.8216
TCGA-B5-A1MS-01,0.4155
TCGA-B5-A1MU-01,-0.171
TCGA-B5-A1MV-01,0.0782
TCGA-B5-A1MW-01,-0.0149
TCGA-B5-A1MX-01,0.3444
TCGA-B5-A1MY-01,0.8279
TCGA-B5-A1MZ-01,0.8634
TCGA-B5-A1N2-01,1.3813
TCGA-B5-A3F9-01,0.0699
TCGA-B5-A3FA-01,-0.8448
TCGA-B5-A3FB-01,-0.3206
TCGA-B5-A3FC-01,-0.1355
TCGA-B5-A3FD-01,-0.3565
TCGA-B5-A3FH-01,0.3532
TCGA-B5-A3S1-01,-0.1569
TCGA-B5-A5OC-01,0.0695
TCGA-B5-A5OD-01,-1.752
TCGA-B5-A5OE-01,-1.2528
TCGA-BG-A0LW-01,0.093
TCGA-BG-A0LX-01,0.6265
TCGA-BG-A0M0-01,0.0571
TCGA-BG-A0M2-01,0.3531
TCGA-BG-A0M3-01,-0.5406
TCGA-BG-A0M4-01,-0.7009
TCGA-BG-A0M6-01,0.8139
TCGA-BG-A0M7-01,-1.0591
TCGA-BG-A0M9-01,-0.7218
TCGA-BG-A0MA-01,-0.0908
TCGA-BG-A0MC-01,-1.6484
TCGA-BG-A0MG-01,-0.038
TCGA-BG-A0MI-01,-0.3833
TCGA-BG-A0MK-01,-0.9244
TCGA-BG-A0MO-01,-0.2185
TCGA-BG-A0MQ-01,0.2645
TCGA-BG-A0MT-01,0.2881
TCGA-BG-A0MU-01,-0.5442
TCGA-BG-A0RY-01,-0.7393
TCGA-BG-A0VT-01,1.8633
TCGA-BG-A0VV-01,0.0948
TCGA-BG-A0VW-01,-0.2123
TCGA-BG-A0VX-01,-0.0282
TCGA-BG-A0VZ-01,0.6953
TCGA-BG-A0W1-01,-0.1211
TCGA-BG-A0W2-01,0.2192
TCGA-BG-A0YU-01,0.4251
TCGA-BG-A0YV-01,1.1033
TCGA-BG-A186-01,0.4604
TCGA-BG-A187-01,-0.7747
TCGA-BG-A18A-01,-0.9901
TCGA-BG-A18B-01,0.8045
TCGA-BG-A18C-01,-0.209
TCGA-BG-A222-01,1.3991
TCGA-BG-A2AD-01,0.0084
TCGA-BG-A2AE-01,0.7643
TCGA-BG-A2L7-01,1.6288
TCGA-BG-A3EW-01,0.1101
TCGA-BG-A3PP-01,0.4336
TCGA-BK-A0C9-01,-1.6149
TCGA-BK-A0CA-01,0.7114
TCGA-BK-A0CB-01,-1.2549
TCGA-BK-A0CC-01,1.7916
TCGA-BK-A139-01,0.7338
TCGA-BK-A13B-01,-0.8352
TCGA-BK-A13C-01,0.9913
TCGA-BK-A26L-01,0.3975
TCGA-BK-A4ZD-01,1.5753
TCGA-BK-A56F-01,0.5523
TCGA-BK-A6W3-01,0.4439
TCGA-BK-A6W4-01,0.9182
TCGA-BS-A0T9-01,-1.1879
TCGA-BS-A0TA-01,-0.1467
TCGA-BS-A0TC-01,-2.445
TCGA-BS-A0TD-01,-1.1183
TCGA-BS-A0TE-01,-0.4351
TCGA-BS-A0TG-01,-0.1692
TCGA-BS-A0TI-01,-1.0305
TCGA-BS-A0TJ-01,0.5049
TCGA-BS-A0U5-01,0.3992
TCGA-BS-A0U7-01,-0.0922
TCGA-BS-A0U8-01,0.3899
TCGA-BS-A0U9-01,0.3561
TCGA-BS-A0UA-01,-0.1743
TCGA-BS-A0UF-01,1.1826
TCGA-BS-A0UJ-01,-1.0581
TCGA-BS-A0UL-01,0.6396
TCGA-BS-A0UM-01,-0.4705
TCGA-BS-A0UT-01,-0.5831
TCGA-BS-A0UV-01,0.1057
TCGA-BS-A0V4-01,-0.7821
TCGA-BS-A0V6-01,0.6685
TCGA-BS-A0V7-01,-1.1342
TCGA-BS-A0V8-01,0.8386
TCGA-BS-A0VI-01,-0.1509
TCGA-BS-A0WQ-01,0.8253
TCGA-D1-A0ZN-01,0.7313
TCGA-D1-A0ZO-01,0.5192
TCGA-D1-A0ZP-01,0.1334
TCGA-D1-A0ZQ-01,0.0494
TCGA-D1-A0ZR-01,0.2456
TCGA-D1-A0ZS-01,3.644
TCGA-D1-A0ZU-01,0.3854
TCGA-D1-A0ZV-01,-0.3395
TCGA-D1-A0ZZ-01,1.7361
TCGA-D1-A101-01,0.2379
TCGA-D1-A102-01,2.3428
TCGA-D1-A103-01,0.6623
TCGA-D1-A15V-01,0.4277
TCGA-D1-A15W-01,0.686
TCGA-D1-A15X-01,-0.634
TCGA-D1-A15Z-01,0.7709
TCGA-D1-A160-01,-0.1599
TCGA-D1-A161-01,-0.2609
TCGA-D1-A163-01,0.8127
TCGA-D1-A165-01,0.374
TCGA-D1-A167-01,-2.243
TCGA-D1-A168-01,-1.5612
TCGA-D1-A169-01,-1.1201
TCGA-D1-A16B-01,0.0235
TCGA-D1-A16D-01,-0.1822
TCGA-D1-A16E-01,-0.3047
TCGA-D1-A16F-01,-0.2345
TCGA-D1-A16G-01,-0.8286
TCGA-D1-A16I-01,-0.7563
TCGA-D1-A16J-01,-0.4521
TCGA-D1-A16N-01,0.2015
TCGA-D1-A16O-01,-0.1948
TCGA-D1-A16Q-01,-0.9878
TCGA-D1-A16R-01,-0.845
TCGA-D1-A16S-01,-1.2248
TCGA-D1-A16V-01,1.1736
TCGA-D1-A16X-01,-0.9116
TCGA-D1-A16Y-01,-1.8125
TCGA-D1-A174-01,-1.4728
TCGA-D1-A175-01,1.8577
TCGA-D1-A176-01,-0.2822
TCGA-D1-A177-01,-0.248
TCGA-D1-A179-01,0.5029
TCGA-D1-A17A-01,-0.5435
TCGA-D1-A17B-01,-0.3958
TCGA-D1-A17C-01,-1.338
TCGA-D1-A17D-01,-1.046
TCGA-D1-A17F-01,-0.5122
TCGA-D1-A17H-01,-2.0126
TCGA-D1-A17K-01,-0.603
TCGA-D1-A17L-01,-1.3375
TCGA-D1-A17M-01,-0.1456
TCGA-D1-A17N-01,-1.9212
TCGA-D1-A17Q-01,0.2987
TCGA-D1-A17R-01,-0.9162
TCGA-D1-A17S-01,-0.4108
TCGA-D1-A17T-01,-0.9164
TCGA-D1-A17U-01,-0.1582
TCGA-D1-A1NS-01,-0.3831
TCGA-D1-A1NU-01,-0.2038
TCGA-D1-A1NW-01,0.6283
TCGA-D1-A1NX-01,0.3206
TCGA-D1-A1NY-01,-0.0767
TCGA-D1-A1NZ-01,-0.0278
TCGA-D1-A1O0-01,0.3753
TCGA-D1-A1O5-01,0.1497
TCGA-D1-A1O7-01,0.2524
TCGA-D1-A1O8-01,-0.7846
TCGA-D1-A2G0-01,-1.0022
TCGA-D1-A2G5-01,0.4774
TCGA-D1-A2G6-01,-0.0315
TCGA-D1-A2G7-01,0.3329
TCGA-D1-A3DA-01,-0.1433
TCGA-D1-A3DG-01,-0.9644
TCGA-D1-A3DH-01,-0.3628
TCGA-D1-A3JQ-01,0.2655
TCGA-DF-A2KN-01,-0.5752
TCGA-DF-A2KR-01,0.1088
TCGA-DF-A2KS-01,2.6214
TCGA-DF-A2KU-01,-1.5572
TCGA-DF-A2KV-01,-1.1695
TCGA-DF-A2KY-01,-1.5327
TCGA-DF-A2KZ-01,-1.0333
TCGA-DF-A2L0-01,-1.8774
TCGA-DI-A0WH-01,0.0778
TCGA-DI-A1BU-01,-0.2376
TCGA-DI-A1BY-01,-0.2161
TCGA-DI-A1C3-01,-0.3759
TCGA-DI-A1NN-01,0.4272
TCGA-DI-A1NO-01,-0.4542
TCGA-DI-A2QT-01,-1.2932
TCGA-DI-A2QU-01,-0.1971
TCGA-DI-A2QY-01,-0.6518
TCGA-E6-A1LX-01,-0.5609
TCGA-E6-A1LZ-01,-0.7158
TCGA-E6-A1M0-01,0.3436
TCGA-E6-A2P8-01,2.394
TCGA-E6-A2P9-01,-0.0165
TCGA-E6-A8L9-01,-0.2934
TCGA-EC-A1NJ-01,1.0927
TCGA-EC-A1QX-01,0.0019
TCGA-EC-A24G-01,0.0082
TCGA-EO-A1Y5-01,-0.0973
TCGA-EO-A1Y7-01,-0.5879
TCGA-EO-A1Y8-01,-0.4923
TCGA-EO-A22R-01,1.3915
TCGA-EO-A22S-01,0.6009
TCGA-EO-A22T-01,1.8709
TCGA-EO-A22U-01,-0.1438
TCGA-EO-A22X-01,-0.6551
TCGA-EO-A22Y-01,0.9723
TCGA-EO-A2CG-01,0.25
TCGA-EO-A2CH-01,1.6464
TCGA-EO-A3AS-01,-0.4898
TCGA-EO-A3AU-01,0.5392
TCGA-EO-A3AV-01,-1.2599
TCGA-EO-A3AY-01,-2.0195
TCGA-EO-A3AZ-01,-1.7988
TCGA-EO-A3B0-01,-0.3923
TCGA-EO-A3B1-01,-0.1771
TCGA-EO-A3KU-01,1.7592
TCGA-EO-A3KW-01,0.7434
TCGA-EO-A3KX-01,0.5571
TCGA-EO-A3L0-01,-0.5573
TCGA-EY-A1GC-01,-0.4321
TCGA-EY-A1GD-01,0.7534
TCGA-EY-A1GE-01,0.8608
TCGA-EY-A1GF-01,1.7178
TCGA-EY-A1GH-01,1.2233
TCGA-EY-A1GI-01,3.4699
TCGA-EY-A1GJ-01,
TCGA-EY-A1GK-01,0.4677
TCGA-EY-A1GL-01,-0.9516
TCGA-EY-A1GM-01,0.0257
TCGA-EY-A1GO-01,-0.5986
TCGA-EY-A1GP-01,-0.4074
TCGA-EY-A1GQ-01,-0.7743
TCGA-EY-A1GR-01,0.2856
TCGA-EY-A1GS-01,-0.147
TCGA-EY-A1GT-01,-0.1364
TCGA-EY-A1GU-01,1.058
TCGA-EY-A1GV-01,-0.7496
TCGA-EY-A1GW-01,-0.1007
TCGA-EY-A1GX-01,-0.7593
TCGA-EY-A1H0-01,-0.1537
TCGA-EY-A210-01,-0.9396
TCGA-EY-A212-01,0.3384
TCGA-EY-A214-01,0.3019
TCGA-EY-A215-01,0.7401
TCGA-EY-A2OM-01,2.1703
TCGA-EY-A2ON-01,-0.2124
TCGA-EY-A2OO-01,-0.3836
TCGA-EY-A2OP-01,-0.3452
TCGA-EY-A2OQ-01,-0.7884
TCGA-EY-A3L3-01,2.2631
TCGA-EY-A3QX-01,-0.1304
TCGA-EY-A4KR-01,-0.5686
TCGA-EY-A547-01,-1.741
TCGA-EY-A548-01,-0.4798
TCGA-EY-A549-01,-0.7067
TCGA-EY-A54A-01,0.3862
TCGA-EY-A5W2-01,-0.8412
TCGA-EY-A72D-01,2.3884
TCGA-FI-A2CX-01,0.0877
TCGA-FI-A2CY-01,2.2636
TCGA-FI-A2D0-01,0.8961
TCGA-FI-A2D2-01,1.6864
TCGA-FI-A2D4-01,-0.3531
TCGA-FI-A2D5-01,0.2618
TCGA-FI-A2D6-01,5.5961
TCGA-FI-A2EU-01,0.2511
TCGA-FI-A2EW-01,-0.7275
TCGA-FI-A2EX-01,-0.0953
TCGA-FI-A2EY-01,-1.5871
TCGA-FI-A2F4-01,-0.1713
TCGA-FI-A2F8-01,-0.4102
TCGA-FI-A2F9-01,0.3161
TCGA-FI-A3PV-01,-1.1523
TCGA-FI-A3PX-01,0.4187
TCGA-H5-A2HR-01,-1.6128
TCGA-JU-AAVI-01,-1.309
TCGA-K6-A3WQ-01,-0.4727
TCGA-KP-A3VZ-01,-0.5334
TCGA-KP-A3W0-01,0.099
TCGA-KP-A3W1-01,-0.3379
TCGA-KP-A3W3-01,0.3246
TCGA-KP-A3W4-01,-0.0419
TCGA-PG-A5BC-01,0.0718
TCGA-PG-A6IB-01,-1.2392
TCGA-PG-A7D5-01,-1.3651
TCGA-PG-A914-01,0.5616
TCGA-PG-A915-01,0.9132
TCGA-PG-A916-01,-0.16
TCGA-PG-A917-01,0.435
TCGA-QF-A5YS-01,-1.3003
TCGA-QF-A5YT-01,-1.2575
TCGA-QS-A5YQ-01,-1.1996
TCGA-QS-A5YR-01,-1.3285
TCGA-QS-A744-01,-0.3415
TCGA-QS-A8F1-01,-0.9131
TCGA-SJ-A6ZI-01,0.5812
TCGA-SJ-A6ZJ-01,-1.1114
TCGA-SL-A6J9-01,-1.4594
TCGA-SL-A6JA-01,0.702
TCGA-N5-A4R8-01,0.0166
TCGA-N5-A4RA-01,-0.5003
TCGA-N5-A4RD-01,-0.1119
TCGA-N5-A4RF-01,0.3307
TCGA-N5-A4RJ-01,-0.4426
TCGA-N5-A4RM-01,-0.2051
TCGA-N5-A4RN-01,2.6663
TCGA-N5-A4RO-01,-0.0257
TCGA-N5-A4RS-01,-0.4504
TCGA-N5-A4RT-01,0.8342
TCGA-N5-A4RU-01,0.6244
TCGA-N5-A4RV-01,-1.089
TCGA-N5-A59E-01,-1.149
TCGA-N5-A59F-01,-0.8271
TCGA-N6-A4V9-01,2.1388
TCGA-N6-A4VC-01,-0.5551
TCGA-N6-A4VD-01,1.2918
TCGA-N6-A4VE-01,1.1008
TCGA-N6-A4VF-01,0.7871
TCGA-N6-A4VG-01,-1.1429
TCGA-N7-A4Y0-01,1.9298
TCGA-N7-A4Y5-01,-0.914
TCGA-N7-A4Y8-01,-0.7438
TCGA-N7-A59B-01,-1.2462
TCGA-N8-A4PI-01,0.7118
TCGA-N8-A4PL-01,-1.1853
TCGA-N8-A4PM-01,-1.0346
TCGA-N8-A4PN-01,1.6282
TCGA-N8-A4PO-01,-0.2194
TCGA-N8-A4PP-01,1.5001
TCGA-N8-A4PQ-01,0.1558
TCGA-N8-A56S-01,0.9185
TCGA-N9-A4PZ-01,0.8988
TCGA-N9-A4Q1-01,-1.2836
TCGA-N9-A4Q3-01,-1.2485
TCGA-N9-A4Q4-01,-1.1301
TCGA-N9-A4Q7-01,-0.9069
TCGA-N9-A4Q8-01,1.6198
TCGA-NA-A4QV-01,-0.5942
TCGA-NA-A4QW-01,0.608
TCGA-NA-A4QX-01,1.4613
TCGA-NA-A4QY-01,1.4159
TCGA-NA-A4R0-01,-0.0609
TCGA-NA-A4R1-01,4.7794
TCGA-NA-A5I1-01,0.1806
TCGA-ND-A4W6-01,-1.4705
TCGA-ND-A4WA-01,0.4757
TCGA-ND-A4WC-01,0.1031
TCGA-ND-A4WF-01,-0.5919
TCGA-NF-A4WU-01,0.1624
TCGA-NF-A4WX-01,-0.6047
TCGA-NF-A4X2-01,2.2158
TCGA-NF-A5CP-01,0.5864
TCGA-NG-A4VU-01,-0.1017
TCGA-NG-A4VW-01,0.8192
TCGA-QM-A5NM-01,-0.8902
TCGA-QN-A5NN-01,-0.9023
TCGA-RZ-AB0B-01,1.0351
TCGA-V3-A9ZX-01,0.5198
TCGA-V3-A9ZY-01,-1.1755
TCGA-V4-A9E5-01,-0.9167
TCGA-V4-A9E7-01,-0.4675
TCGA-V4-A9E8-01,-1.3678
TCGA-V4-A9E9-01,-1.3786
TCGA-V4-A9EA-01,-1.5337
TCGA-V4-A9EC-01,-0.4094
TCGA-V4-A9ED-01,-0.6005
TCGA-V4-A9EE-01,1.2358
TCGA-V4-A9EF-01,-0.3625
TCGA-V4-A9EH-01,-0.75
TCGA-V4-A9EI-01,-0.1263
TCGA-V4-A9EJ-01,-0.1356
TCGA-V4-A9EK-01,1.0706
TCGA-V4-A9EL-01,0.1541
TCGA-V4-A9EM-01,-1.0902
TCGA-V4-A9EO-01,0.2836
TCGA-V4-A9EQ-01,-1.4767
TCGA-V4-A9ES-01,0.4307
TCGA-V4-A9ET-01,-1.2958
TCGA-V4-A9EU-01,1.3558
TCGA-V4-A9EV-01,0.8017
TCGA-V4-A9EW-01,0.3445
TCGA-V4-A9EX-01,0.6238
TCGA-V4-A9EY-01,-1.6273
TCGA-V4-A9EZ-01,-1.554
TCGA-V4-A9F0-01,0.2511
TCGA-V4-A9F1-01,0.4056
TCGA-V4-A9F2-01,-0.8007
TCGA-V4-A9F3-01,1.5407
TCGA-V4-A9F4-01,1.108
TCGA-V4-A9F5-01,-0.6034
TCGA-V4-A9F7-01,0.8434
TCGA-V4-A9F8-01,-1.4056
TCGA-VD-A8K7-01,1.9219
TCGA-VD-A8K8-01,0.589
TCGA-VD-A8K9-01,0.8806
TCGA-VD-A8KA-01,0.0684
TCGA-VD-A8KB-01,-0.6448
TCGA-VD-A8KD-01,1.0383
TCGA-VD-A8KE-01,-0.9076
TCGA-VD-A8KF-01,2.3382
TCGA-VD-A8KG-01,-1.2496
TCGA-VD-A8KH-01,1.1173
TCGA-VD-A8KI-01,-1.159
TCGA-VD-A8KJ-01,0.581
TCGA-VD-A8KK-01,-0.553
TCGA-VD-A8KL-01,-1.2767
TCGA-VD-A8KM-01,-0.0274
TCGA-VD-A8KN-01,0.4813
TCGA-VD-A8KO-01,2.4323
TCGA-VD-AA8M-01,-1.0948
TCGA-VD-AA8N-01,-0.6932
TCGA-VD-AA8O-01,-0.9884
TCGA-VD-AA8P-01,-0.0473
TCGA-VD-AA8Q-01,-0.2845
TCGA-VD-AA8R-01,0.0545
TCGA-VD-AA8S-01,-1.5845
TCGA-VD-AA8T-01,1.4662
TCGA-WC-A87T-01,1.0403
TCGA-WC-A87U-01,0.5522
TCGA-WC-A87W-01,2.1502
TCGA-WC-A87Y-01,0.5208
TCGA-WC-A880-01,-0.143
TCGA-WC-A881-01,0.1614
TCGA-WC-A882-01,-1.6218
TCGA-WC-A883-01,0.118
TCGA-WC-A884-01,-0.8768
TCGA-WC-A885-01,-1.0569
TCGA-WC-A888-01,-0.2523
TCGA-WC-A88A-01,-0.2231
TCGA-WC-AA9A-01,1.3294
TCGA-WC-AA9E-01,1.0855
TCGA-YZ-A980-01,0.3541
TCGA-YZ-A982-01,-1.0269
TCGA-YZ-A983-01,0.1462
TCGA-YZ-A984-01,-1.4425
TCGA-YZ-A985-01,-1.0516
